[2026-06-03T05:57:59.190+0000] {processor.py:161} INFO - Started process (PID=172) to work on /opt/airflow/dags/dag_retrain_pipeline.py
[2026-06-03T05:57:59.198+0000] {processor.py:830} INFO - Processing file /opt/airflow/dags/dag_retrain_pipeline.py for tasks to queue
[2026-06-03T05:57:59.226+0000] {logging_mixin.py:188} INFO - [2026-06-03T05:57:59.226+0000] {dagbag.py:540} INFO - Filling up the DagBag from /opt/airflow/dags/dag_retrain_pipeline.py
[2026-06-03T05:58:00.229+0000] {processor.py:840} INFO - DAG(s) 'neuralretail_retrain_pipeline' retrieved from /opt/airflow/dags/dag_retrain_pipeline.py
[2026-06-03T05:58:00.404+0000] {logging_mixin.py:188} INFO - [2026-06-03T05:58:00.403+0000] {dag.py:3096} INFO - Sync 1 DAGs
[2026-06-03T05:58:00.418+0000] {logging_mixin.py:188} INFO - [2026-06-03T05:58:00.418+0000] {dag.py:3954} INFO - Setting next_dagrun for neuralretail_retrain_pipeline to None, run_after=None
[2026-06-03T05:58:00.451+0000] {processor.py:183} INFO - Processing /opt/airflow/dags/dag_retrain_pipeline.py took 1.269 seconds
[2026-06-03T05:58:31.330+0000] {processor.py:161} INFO - Started process (PID=192) to work on /opt/airflow/dags/dag_retrain_pipeline.py
[2026-06-03T05:58:31.337+0000] {processor.py:830} INFO - Processing file /opt/airflow/dags/dag_retrain_pipeline.py for tasks to queue
[2026-06-03T05:58:31.342+0000] {logging_mixin.py:188} INFO - [2026-06-03T05:58:31.341+0000] {dagbag.py:540} INFO - Filling up the DagBag from /opt/airflow/dags/dag_retrain_pipeline.py
[2026-06-03T05:58:31.452+0000] {processor.py:840} INFO - DAG(s) 'neuralretail_retrain_pipeline' retrieved from /opt/airflow/dags/dag_retrain_pipeline.py
[2026-06-03T05:58:31.488+0000] {logging_mixin.py:188} INFO - [2026-06-03T05:58:31.488+0000] {dag.py:3096} INFO - Sync 1 DAGs
[2026-06-03T05:58:31.518+0000] {logging_mixin.py:188} INFO - [2026-06-03T05:58:31.517+0000] {dag.py:3954} INFO - Setting next_dagrun for neuralretail_retrain_pipeline to None, run_after=None
[2026-06-03T05:58:31.560+0000] {processor.py:183} INFO - Processing /opt/airflow/dags/dag_retrain_pipeline.py took 0.236 seconds
[2026-06-03T05:59:02.174+0000] {processor.py:161} INFO - Started process (PID=212) to work on /opt/airflow/dags/dag_retrain_pipeline.py
[2026-06-03T05:59:02.191+0000] {processor.py:830} INFO - Processing file /opt/airflow/dags/dag_retrain_pipeline.py for tasks to queue
[2026-06-03T05:59:02.203+0000] {logging_mixin.py:188} INFO - [2026-06-03T05:59:02.202+0000] {dagbag.py:540} INFO - Filling up the DagBag from /opt/airflow/dags/dag_retrain_pipeline.py
[2026-06-03T05:59:02.419+0000] {processor.py:840} INFO - DAG(s) 'neuralretail_retrain_pipeline' retrieved from /opt/airflow/dags/dag_retrain_pipeline.py
[2026-06-03T05:59:02.448+0000] {logging_mixin.py:188} INFO - [2026-06-03T05:59:02.447+0000] {dag.py:3096} INFO - Sync 1 DAGs
[2026-06-03T05:59:02.463+0000] {logging_mixin.py:188} INFO - [2026-06-03T05:59:02.463+0000] {dag.py:3954} INFO - Setting next_dagrun for neuralretail_retrain_pipeline to None, run_after=None
[2026-06-03T05:59:02.507+0000] {processor.py:183} INFO - Processing /opt/airflow/dags/dag_retrain_pipeline.py took 0.351 seconds
[2026-06-03T05:59:33.697+0000] {processor.py:161} INFO - Started process (PID=232) to work on /opt/airflow/dags/dag_retrain_pipeline.py
[2026-06-03T05:59:33.699+0000] {processor.py:830} INFO - Processing file /opt/airflow/dags/dag_retrain_pipeline.py for tasks to queue
[2026-06-03T05:59:33.701+0000] {logging_mixin.py:188} INFO - [2026-06-03T05:59:33.701+0000] {dagbag.py:540} INFO - Filling up the DagBag from /opt/airflow/dags/dag_retrain_pipeline.py
[2026-06-03T05:59:33.785+0000] {processor.py:840} INFO - DAG(s) 'neuralretail_retrain_pipeline' retrieved from /opt/airflow/dags/dag_retrain_pipeline.py
[2026-06-03T05:59:33.843+0000] {logging_mixin.py:188} INFO - [2026-06-03T05:59:33.842+0000] {dag.py:3096} INFO - Sync 1 DAGs
[2026-06-03T05:59:33.867+0000] {logging_mixin.py:188} INFO - [2026-06-03T05:59:33.866+0000] {dag.py:3954} INFO - Setting next_dagrun for neuralretail_retrain_pipeline to None, run_after=None
[2026-06-03T05:59:33.899+0000] {processor.py:183} INFO - Processing /opt/airflow/dags/dag_retrain_pipeline.py took 0.208 seconds
[2026-06-03T06:00:06.039+0000] {processor.py:161} INFO - Started process (PID=252) to work on /opt/airflow/dags/dag_retrain_pipeline.py
[2026-06-03T06:00:06.042+0000] {processor.py:830} INFO - Processing file /opt/airflow/dags/dag_retrain_pipeline.py for tasks to queue
[2026-06-03T06:00:06.051+0000] {logging_mixin.py:188} INFO - [2026-06-03T06:00:06.051+0000] {dagbag.py:540} INFO - Filling up the DagBag from /opt/airflow/dags/dag_retrain_pipeline.py
[2026-06-03T06:00:06.393+0000] {processor.py:840} INFO - DAG(s) 'neuralretail_retrain_pipeline' retrieved from /opt/airflow/dags/dag_retrain_pipeline.py
[2026-06-03T06:00:06.426+0000] {logging_mixin.py:188} INFO - [2026-06-03T06:00:06.425+0000] {dag.py:3096} INFO - Sync 1 DAGs
[2026-06-03T06:00:06.447+0000] {logging_mixin.py:188} INFO - [2026-06-03T06:00:06.447+0000] {dag.py:3954} INFO - Setting next_dagrun for neuralretail_retrain_pipeline to None, run_after=None
[2026-06-03T06:00:06.495+0000] {processor.py:183} INFO - Processing /opt/airflow/dags/dag_retrain_pipeline.py took 0.467 seconds
[2026-06-03T06:00:37.512+0000] {processor.py:161} INFO - Started process (PID=272) to work on /opt/airflow/dags/dag_retrain_pipeline.py
[2026-06-03T06:00:37.523+0000] {processor.py:830} INFO - Processing file /opt/airflow/dags/dag_retrain_pipeline.py for tasks to queue
[2026-06-03T06:00:37.538+0000] {logging_mixin.py:188} INFO - [2026-06-03T06:00:37.536+0000] {dagbag.py:540} INFO - Filling up the DagBag from /opt/airflow/dags/dag_retrain_pipeline.py
[2026-06-03T06:00:37.966+0000] {processor.py:840} INFO - DAG(s) 'neuralretail_retrain_pipeline' retrieved from /opt/airflow/dags/dag_retrain_pipeline.py
[2026-06-03T06:00:37.994+0000] {logging_mixin.py:188} INFO - [2026-06-03T06:00:37.993+0000] {dag.py:3096} INFO - Sync 1 DAGs
[2026-06-03T06:00:38.007+0000] {logging_mixin.py:188} INFO - [2026-06-03T06:00:38.007+0000] {dag.py:3954} INFO - Setting next_dagrun for neuralretail_retrain_pipeline to None, run_after=None
[2026-06-03T06:00:38.027+0000] {processor.py:183} INFO - Processing /opt/airflow/dags/dag_retrain_pipeline.py took 0.532 seconds
[2026-06-03T06:01:08.368+0000] {processor.py:161} INFO - Started process (PID=292) to work on /opt/airflow/dags/dag_retrain_pipeline.py
[2026-06-03T06:01:08.370+0000] {processor.py:830} INFO - Processing file /opt/airflow/dags/dag_retrain_pipeline.py for tasks to queue
[2026-06-03T06:01:08.374+0000] {logging_mixin.py:188} INFO - [2026-06-03T06:01:08.373+0000] {dagbag.py:540} INFO - Filling up the DagBag from /opt/airflow/dags/dag_retrain_pipeline.py
[2026-06-03T06:01:08.425+0000] {processor.py:840} INFO - DAG(s) 'neuralretail_retrain_pipeline' retrieved from /opt/airflow/dags/dag_retrain_pipeline.py
[2026-06-03T06:01:08.462+0000] {logging_mixin.py:188} INFO - [2026-06-03T06:01:08.462+0000] {dag.py:3096} INFO - Sync 1 DAGs
[2026-06-03T06:01:08.482+0000] {logging_mixin.py:188} INFO - [2026-06-03T06:01:08.481+0000] {dag.py:3954} INFO - Setting next_dagrun for neuralretail_retrain_pipeline to None, run_after=None
[2026-06-03T06:01:08.522+0000] {processor.py:183} INFO - Processing /opt/airflow/dags/dag_retrain_pipeline.py took 0.159 seconds
[2026-06-03T06:01:38.744+0000] {processor.py:161} INFO - Started process (PID=312) to work on /opt/airflow/dags/dag_retrain_pipeline.py
[2026-06-03T06:01:38.746+0000] {processor.py:830} INFO - Processing file /opt/airflow/dags/dag_retrain_pipeline.py for tasks to queue
[2026-06-03T06:01:38.750+0000] {logging_mixin.py:188} INFO - [2026-06-03T06:01:38.750+0000] {dagbag.py:540} INFO - Filling up the DagBag from /opt/airflow/dags/dag_retrain_pipeline.py
[2026-06-03T06:01:38.823+0000] {processor.py:840} INFO - DAG(s) 'neuralretail_retrain_pipeline' retrieved from /opt/airflow/dags/dag_retrain_pipeline.py
[2026-06-03T06:01:38.851+0000] {logging_mixin.py:188} INFO - [2026-06-03T06:01:38.851+0000] {dag.py:3096} INFO - Sync 1 DAGs
[2026-06-03T06:01:38.869+0000] {logging_mixin.py:188} INFO - [2026-06-03T06:01:38.869+0000] {dag.py:3954} INFO - Setting next_dagrun for neuralretail_retrain_pipeline to None, run_after=None
[2026-06-03T06:01:38.893+0000] {processor.py:183} INFO - Processing /opt/airflow/dags/dag_retrain_pipeline.py took 0.156 seconds
[2026-06-03T06:02:09.170+0000] {processor.py:161} INFO - Started process (PID=332) to work on /opt/airflow/dags/dag_retrain_pipeline.py
[2026-06-03T06:02:09.172+0000] {processor.py:830} INFO - Processing file /opt/airflow/dags/dag_retrain_pipeline.py for tasks to queue
[2026-06-03T06:02:09.175+0000] {logging_mixin.py:188} INFO - [2026-06-03T06:02:09.175+0000] {dagbag.py:540} INFO - Filling up the DagBag from /opt/airflow/dags/dag_retrain_pipeline.py
[2026-06-03T06:02:09.228+0000] {processor.py:840} INFO - DAG(s) 'neuralretail_retrain_pipeline' retrieved from /opt/airflow/dags/dag_retrain_pipeline.py
[2026-06-03T06:02:09.249+0000] {logging_mixin.py:188} INFO - [2026-06-03T06:02:09.249+0000] {dag.py:3096} INFO - Sync 1 DAGs
[2026-06-03T06:02:09.269+0000] {logging_mixin.py:188} INFO - [2026-06-03T06:02:09.268+0000] {dag.py:3954} INFO - Setting next_dagrun for neuralretail_retrain_pipeline to None, run_after=None
[2026-06-03T06:02:09.289+0000] {processor.py:183} INFO - Processing /opt/airflow/dags/dag_retrain_pipeline.py took 0.125 seconds
[2026-06-03T06:02:39.630+0000] {processor.py:161} INFO - Started process (PID=352) to work on /opt/airflow/dags/dag_retrain_pipeline.py
[2026-06-03T06:02:39.632+0000] {processor.py:830} INFO - Processing file /opt/airflow/dags/dag_retrain_pipeline.py for tasks to queue
[2026-06-03T06:02:39.635+0000] {logging_mixin.py:188} INFO - [2026-06-03T06:02:39.634+0000] {dagbag.py:540} INFO - Filling up the DagBag from /opt/airflow/dags/dag_retrain_pipeline.py
[2026-06-03T06:02:39.693+0000] {processor.py:840} INFO - DAG(s) 'neuralretail_retrain_pipeline' retrieved from /opt/airflow/dags/dag_retrain_pipeline.py
[2026-06-03T06:02:39.765+0000] {logging_mixin.py:188} INFO - [2026-06-03T06:02:39.765+0000] {dag.py:3096} INFO - Sync 1 DAGs
[2026-06-03T06:02:39.800+0000] {logging_mixin.py:188} INFO - [2026-06-03T06:02:39.800+0000] {dag.py:3954} INFO - Setting next_dagrun for neuralretail_retrain_pipeline to None, run_after=None
[2026-06-03T06:02:39.838+0000] {processor.py:183} INFO - Processing /opt/airflow/dags/dag_retrain_pipeline.py took 0.216 seconds
[2026-06-03T06:03:10.332+0000] {processor.py:161} INFO - Started process (PID=372) to work on /opt/airflow/dags/dag_retrain_pipeline.py
[2026-06-03T06:03:10.339+0000] {processor.py:830} INFO - Processing file /opt/airflow/dags/dag_retrain_pipeline.py for tasks to queue
[2026-06-03T06:03:10.348+0000] {logging_mixin.py:188} INFO - [2026-06-03T06:03:10.346+0000] {dagbag.py:540} INFO - Filling up the DagBag from /opt/airflow/dags/dag_retrain_pipeline.py
[2026-06-03T06:03:10.568+0000] {processor.py:840} INFO - DAG(s) 'neuralretail_retrain_pipeline' retrieved from /opt/airflow/dags/dag_retrain_pipeline.py
[2026-06-03T06:03:10.618+0000] {logging_mixin.py:188} INFO - [2026-06-03T06:03:10.618+0000] {dag.py:3096} INFO - Sync 1 DAGs
[2026-06-03T06:03:10.652+0000] {logging_mixin.py:188} INFO - [2026-06-03T06:03:10.652+0000] {dag.py:3954} INFO - Setting next_dagrun for neuralretail_retrain_pipeline to None, run_after=None
[2026-06-03T06:03:10.754+0000] {processor.py:183} INFO - Processing /opt/airflow/dags/dag_retrain_pipeline.py took 0.440 seconds
[2026-06-03T06:03:41.125+0000] {processor.py:161} INFO - Started process (PID=392) to work on /opt/airflow/dags/dag_retrain_pipeline.py
[2026-06-03T06:03:41.127+0000] {processor.py:830} INFO - Processing file /opt/airflow/dags/dag_retrain_pipeline.py for tasks to queue
[2026-06-03T06:03:41.130+0000] {logging_mixin.py:188} INFO - [2026-06-03T06:03:41.130+0000] {dagbag.py:540} INFO - Filling up the DagBag from /opt/airflow/dags/dag_retrain_pipeline.py
[2026-06-03T06:03:41.222+0000] {processor.py:840} INFO - DAG(s) 'neuralretail_retrain_pipeline' retrieved from /opt/airflow/dags/dag_retrain_pipeline.py
[2026-06-03T06:03:41.244+0000] {logging_mixin.py:188} INFO - [2026-06-03T06:03:41.244+0000] {dag.py:3096} INFO - Sync 1 DAGs
[2026-06-03T06:03:41.258+0000] {logging_mixin.py:188} INFO - [2026-06-03T06:03:41.258+0000] {dag.py:3954} INFO - Setting next_dagrun for neuralretail_retrain_pipeline to None, run_after=None
[2026-06-03T06:03:41.288+0000] {processor.py:183} INFO - Processing /opt/airflow/dags/dag_retrain_pipeline.py took 0.170 seconds
[2026-06-03T06:04:11.895+0000] {processor.py:161} INFO - Started process (PID=412) to work on /opt/airflow/dags/dag_retrain_pipeline.py
[2026-06-03T06:04:11.898+0000] {processor.py:830} INFO - Processing file /opt/airflow/dags/dag_retrain_pipeline.py for tasks to queue
[2026-06-03T06:04:11.903+0000] {logging_mixin.py:188} INFO - [2026-06-03T06:04:11.903+0000] {dagbag.py:540} INFO - Filling up the DagBag from /opt/airflow/dags/dag_retrain_pipeline.py
[2026-06-03T06:04:12.030+0000] {processor.py:840} INFO - DAG(s) 'neuralretail_retrain_pipeline' retrieved from /opt/airflow/dags/dag_retrain_pipeline.py
[2026-06-03T06:04:12.069+0000] {logging_mixin.py:188} INFO - [2026-06-03T06:04:12.069+0000] {dag.py:3096} INFO - Sync 1 DAGs
[2026-06-03T06:04:12.096+0000] {logging_mixin.py:188} INFO - [2026-06-03T06:04:12.096+0000] {dag.py:3954} INFO - Setting next_dagrun for neuralretail_retrain_pipeline to None, run_after=None
[2026-06-03T06:04:12.144+0000] {processor.py:183} INFO - Processing /opt/airflow/dags/dag_retrain_pipeline.py took 0.258 seconds
[2026-06-03T06:04:42.975+0000] {processor.py:161} INFO - Started process (PID=432) to work on /opt/airflow/dags/dag_retrain_pipeline.py
[2026-06-03T06:04:42.986+0000] {processor.py:830} INFO - Processing file /opt/airflow/dags/dag_retrain_pipeline.py for tasks to queue
[2026-06-03T06:04:43.000+0000] {logging_mixin.py:188} INFO - [2026-06-03T06:04:42.998+0000] {dagbag.py:540} INFO - Filling up the DagBag from /opt/airflow/dags/dag_retrain_pipeline.py
[2026-06-03T06:04:43.159+0000] {processor.py:840} INFO - DAG(s) 'neuralretail_retrain_pipeline' retrieved from /opt/airflow/dags/dag_retrain_pipeline.py
[2026-06-03T06:04:43.194+0000] {logging_mixin.py:188} INFO - [2026-06-03T06:04:43.193+0000] {dag.py:3096} INFO - Sync 1 DAGs
[2026-06-03T06:04:43.217+0000] {logging_mixin.py:188} INFO - [2026-06-03T06:04:43.216+0000] {dag.py:3954} INFO - Setting next_dagrun for neuralretail_retrain_pipeline to None, run_after=None
[2026-06-03T06:04:43.248+0000] {processor.py:183} INFO - Processing /opt/airflow/dags/dag_retrain_pipeline.py took 0.283 seconds
[2026-06-03T06:05:14.295+0000] {processor.py:161} INFO - Started process (PID=452) to work on /opt/airflow/dags/dag_retrain_pipeline.py
[2026-06-03T06:05:14.297+0000] {processor.py:830} INFO - Processing file /opt/airflow/dags/dag_retrain_pipeline.py for tasks to queue
[2026-06-03T06:05:14.299+0000] {logging_mixin.py:188} INFO - [2026-06-03T06:05:14.299+0000] {dagbag.py:540} INFO - Filling up the DagBag from /opt/airflow/dags/dag_retrain_pipeline.py
[2026-06-03T06:05:14.460+0000] {processor.py:840} INFO - DAG(s) 'neuralretail_retrain_pipeline' retrieved from /opt/airflow/dags/dag_retrain_pipeline.py
[2026-06-03T06:05:14.512+0000] {logging_mixin.py:188} INFO - [2026-06-03T06:05:14.511+0000] {dag.py:3096} INFO - Sync 1 DAGs
[2026-06-03T06:05:14.539+0000] {logging_mixin.py:188} INFO - [2026-06-03T06:05:14.539+0000] {dag.py:3954} INFO - Setting next_dagrun for neuralretail_retrain_pipeline to None, run_after=None
[2026-06-03T06:05:14.643+0000] {processor.py:183} INFO - Processing /opt/airflow/dags/dag_retrain_pipeline.py took 0.353 seconds
[2026-06-03T06:05:44.768+0000] {processor.py:161} INFO - Started process (PID=472) to work on /opt/airflow/dags/dag_retrain_pipeline.py
[2026-06-03T06:05:44.772+0000] {processor.py:830} INFO - Processing file /opt/airflow/dags/dag_retrain_pipeline.py for tasks to queue
[2026-06-03T06:05:44.776+0000] {logging_mixin.py:188} INFO - [2026-06-03T06:05:44.775+0000] {dagbag.py:540} INFO - Filling up the DagBag from /opt/airflow/dags/dag_retrain_pipeline.py
[2026-06-03T06:05:44.942+0000] {processor.py:840} INFO - DAG(s) 'neuralretail_retrain_pipeline' retrieved from /opt/airflow/dags/dag_retrain_pipeline.py
[2026-06-03T06:05:45.016+0000] {logging_mixin.py:188} INFO - [2026-06-03T06:05:45.016+0000] {dag.py:3096} INFO - Sync 1 DAGs
[2026-06-03T06:05:45.038+0000] {logging_mixin.py:188} INFO - [2026-06-03T06:05:45.038+0000] {dag.py:3954} INFO - Setting next_dagrun for neuralretail_retrain_pipeline to None, run_after=None
[2026-06-03T06:05:45.104+0000] {processor.py:183} INFO - Processing /opt/airflow/dags/dag_retrain_pipeline.py took 0.345 seconds
[2026-06-03T06:06:15.421+0000] {processor.py:161} INFO - Started process (PID=492) to work on /opt/airflow/dags/dag_retrain_pipeline.py
[2026-06-03T06:06:15.432+0000] {processor.py:830} INFO - Processing file /opt/airflow/dags/dag_retrain_pipeline.py for tasks to queue
[2026-06-03T06:06:15.446+0000] {logging_mixin.py:188} INFO - [2026-06-03T06:06:15.445+0000] {dagbag.py:540} INFO - Filling up the DagBag from /opt/airflow/dags/dag_retrain_pipeline.py
[2026-06-03T06:06:15.688+0000] {processor.py:840} INFO - DAG(s) 'neuralretail_retrain_pipeline' retrieved from /opt/airflow/dags/dag_retrain_pipeline.py
[2026-06-03T06:06:15.717+0000] {logging_mixin.py:188} INFO - [2026-06-03T06:06:15.717+0000] {dag.py:3096} INFO - Sync 1 DAGs
[2026-06-03T06:06:15.734+0000] {logging_mixin.py:188} INFO - [2026-06-03T06:06:15.734+0000] {dag.py:3954} INFO - Setting next_dagrun for neuralretail_retrain_pipeline to None, run_after=None
[2026-06-03T06:06:15.764+0000] {processor.py:183} INFO - Processing /opt/airflow/dags/dag_retrain_pipeline.py took 0.357 seconds
[2026-06-03T06:06:46.265+0000] {processor.py:161} INFO - Started process (PID=512) to work on /opt/airflow/dags/dag_retrain_pipeline.py
[2026-06-03T06:06:46.270+0000] {processor.py:830} INFO - Processing file /opt/airflow/dags/dag_retrain_pipeline.py for tasks to queue
[2026-06-03T06:06:46.276+0000] {logging_mixin.py:188} INFO - [2026-06-03T06:06:46.275+0000] {dagbag.py:540} INFO - Filling up the DagBag from /opt/airflow/dags/dag_retrain_pipeline.py
[2026-06-03T06:06:46.524+0000] {processor.py:840} INFO - DAG(s) 'neuralretail_retrain_pipeline' retrieved from /opt/airflow/dags/dag_retrain_pipeline.py
[2026-06-03T06:06:46.580+0000] {logging_mixin.py:188} INFO - [2026-06-03T06:06:46.580+0000] {dag.py:3096} INFO - Sync 1 DAGs
[2026-06-03T06:06:46.614+0000] {logging_mixin.py:188} INFO - [2026-06-03T06:06:46.614+0000] {dag.py:3954} INFO - Setting next_dagrun for neuralretail_retrain_pipeline to None, run_after=None
[2026-06-03T06:06:46.792+0000] {processor.py:183} INFO - Processing /opt/airflow/dags/dag_retrain_pipeline.py took 0.545 seconds
[2026-06-03T06:07:17.304+0000] {processor.py:161} INFO - Started process (PID=532) to work on /opt/airflow/dags/dag_retrain_pipeline.py
[2026-06-03T06:07:17.308+0000] {processor.py:830} INFO - Processing file /opt/airflow/dags/dag_retrain_pipeline.py for tasks to queue
[2026-06-03T06:07:17.323+0000] {logging_mixin.py:188} INFO - [2026-06-03T06:07:17.322+0000] {dagbag.py:540} INFO - Filling up the DagBag from /opt/airflow/dags/dag_retrain_pipeline.py
[2026-06-03T06:07:17.594+0000] {processor.py:840} INFO - DAG(s) 'neuralretail_retrain_pipeline' retrieved from /opt/airflow/dags/dag_retrain_pipeline.py
[2026-06-03T06:07:17.622+0000] {logging_mixin.py:188} INFO - [2026-06-03T06:07:17.622+0000] {dag.py:3096} INFO - Sync 1 DAGs
[2026-06-03T06:07:17.642+0000] {logging_mixin.py:188} INFO - [2026-06-03T06:07:17.641+0000] {dag.py:3954} INFO - Setting next_dagrun for neuralretail_retrain_pipeline to None, run_after=None
[2026-06-03T06:07:17.720+0000] {processor.py:183} INFO - Processing /opt/airflow/dags/dag_retrain_pipeline.py took 0.430 seconds
[2026-06-03T06:07:48.380+0000] {processor.py:161} INFO - Started process (PID=552) to work on /opt/airflow/dags/dag_retrain_pipeline.py
[2026-06-03T06:07:48.398+0000] {processor.py:830} INFO - Processing file /opt/airflow/dags/dag_retrain_pipeline.py for tasks to queue
[2026-06-03T06:07:48.412+0000] {logging_mixin.py:188} INFO - [2026-06-03T06:07:48.412+0000] {dagbag.py:540} INFO - Filling up the DagBag from /opt/airflow/dags/dag_retrain_pipeline.py
[2026-06-03T06:07:48.597+0000] {processor.py:840} INFO - DAG(s) 'neuralretail_retrain_pipeline' retrieved from /opt/airflow/dags/dag_retrain_pipeline.py
[2026-06-03T06:07:48.634+0000] {logging_mixin.py:188} INFO - [2026-06-03T06:07:48.634+0000] {dag.py:3096} INFO - Sync 1 DAGs
[2026-06-03T06:07:48.658+0000] {logging_mixin.py:188} INFO - [2026-06-03T06:07:48.658+0000] {dag.py:3954} INFO - Setting next_dagrun for neuralretail_retrain_pipeline to None, run_after=None
[2026-06-03T06:07:48.790+0000] {processor.py:183} INFO - Processing /opt/airflow/dags/dag_retrain_pipeline.py took 0.427 seconds
[2026-06-03T06:08:19.161+0000] {processor.py:161} INFO - Started process (PID=572) to work on /opt/airflow/dags/dag_retrain_pipeline.py
[2026-06-03T06:08:19.168+0000] {processor.py:830} INFO - Processing file /opt/airflow/dags/dag_retrain_pipeline.py for tasks to queue
[2026-06-03T06:08:19.174+0000] {logging_mixin.py:188} INFO - [2026-06-03T06:08:19.173+0000] {dagbag.py:540} INFO - Filling up the DagBag from /opt/airflow/dags/dag_retrain_pipeline.py
[2026-06-03T06:08:19.253+0000] {processor.py:840} INFO - DAG(s) 'neuralretail_retrain_pipeline' retrieved from /opt/airflow/dags/dag_retrain_pipeline.py
[2026-06-03T06:08:19.287+0000] {logging_mixin.py:188} INFO - [2026-06-03T06:08:19.287+0000] {dag.py:3096} INFO - Sync 1 DAGs
[2026-06-03T06:08:19.301+0000] {logging_mixin.py:188} INFO - [2026-06-03T06:08:19.301+0000] {dag.py:3954} INFO - Setting next_dagrun for neuralretail_retrain_pipeline to None, run_after=None
[2026-06-03T06:08:19.342+0000] {processor.py:183} INFO - Processing /opt/airflow/dags/dag_retrain_pipeline.py took 0.191 seconds
[2026-06-03T06:08:49.675+0000] {processor.py:161} INFO - Started process (PID=592) to work on /opt/airflow/dags/dag_retrain_pipeline.py
[2026-06-03T06:08:49.677+0000] {processor.py:830} INFO - Processing file /opt/airflow/dags/dag_retrain_pipeline.py for tasks to queue
[2026-06-03T06:08:49.679+0000] {logging_mixin.py:188} INFO - [2026-06-03T06:08:49.679+0000] {dagbag.py:540} INFO - Filling up the DagBag from /opt/airflow/dags/dag_retrain_pipeline.py
[2026-06-03T06:08:49.791+0000] {processor.py:840} INFO - DAG(s) 'neuralretail_retrain_pipeline' retrieved from /opt/airflow/dags/dag_retrain_pipeline.py
[2026-06-03T06:08:49.860+0000] {logging_mixin.py:188} INFO - [2026-06-03T06:08:49.859+0000] {dag.py:3096} INFO - Sync 1 DAGs
[2026-06-03T06:08:49.887+0000] {logging_mixin.py:188} INFO - [2026-06-03T06:08:49.886+0000] {dag.py:3954} INFO - Setting next_dagrun for neuralretail_retrain_pipeline to None, run_after=None
[2026-06-03T06:08:49.928+0000] {processor.py:183} INFO - Processing /opt/airflow/dags/dag_retrain_pipeline.py took 0.265 seconds
[2026-06-03T06:09:20.496+0000] {processor.py:161} INFO - Started process (PID=612) to work on /opt/airflow/dags/dag_retrain_pipeline.py
[2026-06-03T06:09:20.500+0000] {processor.py:830} INFO - Processing file /opt/airflow/dags/dag_retrain_pipeline.py for tasks to queue
[2026-06-03T06:09:20.512+0000] {logging_mixin.py:188} INFO - [2026-06-03T06:09:20.511+0000] {dagbag.py:540} INFO - Filling up the DagBag from /opt/airflow/dags/dag_retrain_pipeline.py
[2026-06-03T06:09:20.754+0000] {processor.py:840} INFO - DAG(s) 'neuralretail_retrain_pipeline' retrieved from /opt/airflow/dags/dag_retrain_pipeline.py
[2026-06-03T06:09:20.837+0000] {logging_mixin.py:188} INFO - [2026-06-03T06:09:20.837+0000] {dag.py:3096} INFO - Sync 1 DAGs
[2026-06-03T06:09:20.865+0000] {logging_mixin.py:188} INFO - [2026-06-03T06:09:20.865+0000] {dag.py:3954} INFO - Setting next_dagrun for neuralretail_retrain_pipeline to None, run_after=None
[2026-06-03T06:09:20.943+0000] {processor.py:183} INFO - Processing /opt/airflow/dags/dag_retrain_pipeline.py took 0.465 seconds
[2026-06-03T06:09:51.262+0000] {processor.py:161} INFO - Started process (PID=632) to work on /opt/airflow/dags/dag_retrain_pipeline.py
[2026-06-03T06:09:51.271+0000] {processor.py:830} INFO - Processing file /opt/airflow/dags/dag_retrain_pipeline.py for tasks to queue
[2026-06-03T06:09:51.277+0000] {logging_mixin.py:188} INFO - [2026-06-03T06:09:51.277+0000] {dagbag.py:540} INFO - Filling up the DagBag from /opt/airflow/dags/dag_retrain_pipeline.py
[2026-06-03T06:09:51.396+0000] {processor.py:840} INFO - DAG(s) 'neuralretail_retrain_pipeline' retrieved from /opt/airflow/dags/dag_retrain_pipeline.py
[2026-06-03T06:09:51.452+0000] {logging_mixin.py:188} INFO - [2026-06-03T06:09:51.452+0000] {dag.py:3096} INFO - Sync 1 DAGs
[2026-06-03T06:09:51.469+0000] {logging_mixin.py:188} INFO - [2026-06-03T06:09:51.469+0000] {dag.py:3954} INFO - Setting next_dagrun for neuralretail_retrain_pipeline to None, run_after=None
[2026-06-03T06:09:51.516+0000] {processor.py:183} INFO - Processing /opt/airflow/dags/dag_retrain_pipeline.py took 0.265 seconds
[2026-06-03T06:10:21.757+0000] {processor.py:161} INFO - Started process (PID=652) to work on /opt/airflow/dags/dag_retrain_pipeline.py
[2026-06-03T06:10:21.764+0000] {processor.py:830} INFO - Processing file /opt/airflow/dags/dag_retrain_pipeline.py for tasks to queue
[2026-06-03T06:10:21.774+0000] {logging_mixin.py:188} INFO - [2026-06-03T06:10:21.773+0000] {dagbag.py:540} INFO - Filling up the DagBag from /opt/airflow/dags/dag_retrain_pipeline.py
[2026-06-03T06:10:21.912+0000] {processor.py:840} INFO - DAG(s) 'neuralretail_retrain_pipeline' retrieved from /opt/airflow/dags/dag_retrain_pipeline.py
[2026-06-03T06:10:21.982+0000] {logging_mixin.py:188} INFO - [2026-06-03T06:10:21.981+0000] {dag.py:3096} INFO - Sync 1 DAGs
[2026-06-03T06:10:22.009+0000] {logging_mixin.py:188} INFO - [2026-06-03T06:10:22.008+0000] {dag.py:3954} INFO - Setting next_dagrun for neuralretail_retrain_pipeline to None, run_after=None
[2026-06-03T06:10:22.039+0000] {processor.py:183} INFO - Processing /opt/airflow/dags/dag_retrain_pipeline.py took 0.300 seconds
[2026-06-03T06:10:52.343+0000] {processor.py:161} INFO - Started process (PID=672) to work on /opt/airflow/dags/dag_retrain_pipeline.py
[2026-06-03T06:10:52.346+0000] {processor.py:830} INFO - Processing file /opt/airflow/dags/dag_retrain_pipeline.py for tasks to queue
[2026-06-03T06:10:52.351+0000] {logging_mixin.py:188} INFO - [2026-06-03T06:10:52.350+0000] {dagbag.py:540} INFO - Filling up the DagBag from /opt/airflow/dags/dag_retrain_pipeline.py
[2026-06-03T06:10:52.545+0000] {processor.py:840} INFO - DAG(s) 'neuralretail_retrain_pipeline' retrieved from /opt/airflow/dags/dag_retrain_pipeline.py
[2026-06-03T06:10:52.611+0000] {logging_mixin.py:188} INFO - [2026-06-03T06:10:52.610+0000] {dag.py:3096} INFO - Sync 1 DAGs
[2026-06-03T06:10:52.673+0000] {logging_mixin.py:188} INFO - [2026-06-03T06:10:52.673+0000] {dag.py:3954} INFO - Setting next_dagrun for neuralretail_retrain_pipeline to None, run_after=None
[2026-06-03T06:10:52.743+0000] {processor.py:183} INFO - Processing /opt/airflow/dags/dag_retrain_pipeline.py took 0.419 seconds
[2026-06-03T06:11:23.011+0000] {processor.py:161} INFO - Started process (PID=692) to work on /opt/airflow/dags/dag_retrain_pipeline.py
[2026-06-03T06:11:23.018+0000] {processor.py:830} INFO - Processing file /opt/airflow/dags/dag_retrain_pipeline.py for tasks to queue
[2026-06-03T06:11:23.021+0000] {logging_mixin.py:188} INFO - [2026-06-03T06:11:23.021+0000] {dagbag.py:540} INFO - Filling up the DagBag from /opt/airflow/dags/dag_retrain_pipeline.py
[2026-06-03T06:11:23.055+0000] {processor.py:840} INFO - DAG(s) 'neuralretail_retrain_pipeline' retrieved from /opt/airflow/dags/dag_retrain_pipeline.py
[2026-06-03T06:11:23.085+0000] {logging_mixin.py:188} INFO - [2026-06-03T06:11:23.085+0000] {dag.py:3096} INFO - Sync 1 DAGs
[2026-06-03T06:11:23.105+0000] {logging_mixin.py:188} INFO - [2026-06-03T06:11:23.105+0000] {dag.py:3954} INFO - Setting next_dagrun for neuralretail_retrain_pipeline to None, run_after=None
[2026-06-03T06:11:23.142+0000] {processor.py:183} INFO - Processing /opt/airflow/dags/dag_retrain_pipeline.py took 0.136 seconds
[2026-06-03T06:11:54.133+0000] {processor.py:161} INFO - Started process (PID=712) to work on /opt/airflow/dags/dag_retrain_pipeline.py
[2026-06-03T06:11:54.142+0000] {processor.py:830} INFO - Processing file /opt/airflow/dags/dag_retrain_pipeline.py for tasks to queue
[2026-06-03T06:11:54.151+0000] {logging_mixin.py:188} INFO - [2026-06-03T06:11:54.150+0000] {dagbag.py:540} INFO - Filling up the DagBag from /opt/airflow/dags/dag_retrain_pipeline.py
[2026-06-03T06:11:54.270+0000] {processor.py:840} INFO - DAG(s) 'neuralretail_retrain_pipeline' retrieved from /opt/airflow/dags/dag_retrain_pipeline.py
[2026-06-03T06:11:54.320+0000] {logging_mixin.py:188} INFO - [2026-06-03T06:11:54.319+0000] {dag.py:3096} INFO - Sync 1 DAGs
[2026-06-03T06:11:54.346+0000] {logging_mixin.py:188} INFO - [2026-06-03T06:11:54.346+0000] {dag.py:3954} INFO - Setting next_dagrun for neuralretail_retrain_pipeline to None, run_after=None
[2026-06-03T06:11:54.404+0000] {processor.py:183} INFO - Processing /opt/airflow/dags/dag_retrain_pipeline.py took 0.278 seconds
[2026-06-03T06:12:24.928+0000] {processor.py:161} INFO - Started process (PID=732) to work on /opt/airflow/dags/dag_retrain_pipeline.py
[2026-06-03T06:12:24.929+0000] {processor.py:830} INFO - Processing file /opt/airflow/dags/dag_retrain_pipeline.py for tasks to queue
[2026-06-03T06:12:24.935+0000] {logging_mixin.py:188} INFO - [2026-06-03T06:12:24.934+0000] {dagbag.py:540} INFO - Filling up the DagBag from /opt/airflow/dags/dag_retrain_pipeline.py
[2026-06-03T06:12:24.997+0000] {processor.py:840} INFO - DAG(s) 'neuralretail_retrain_pipeline' retrieved from /opt/airflow/dags/dag_retrain_pipeline.py
[2026-06-03T06:12:25.018+0000] {logging_mixin.py:188} INFO - [2026-06-03T06:12:25.018+0000] {dag.py:3096} INFO - Sync 1 DAGs
[2026-06-03T06:12:25.030+0000] {logging_mixin.py:188} INFO - [2026-06-03T06:12:25.030+0000] {dag.py:3954} INFO - Setting next_dagrun for neuralretail_retrain_pipeline to None, run_after=None
[2026-06-03T06:12:25.055+0000] {processor.py:183} INFO - Processing /opt/airflow/dags/dag_retrain_pipeline.py took 0.133 seconds
[2026-06-03T06:12:55.747+0000] {processor.py:161} INFO - Started process (PID=752) to work on /opt/airflow/dags/dag_retrain_pipeline.py
[2026-06-03T06:12:55.751+0000] {processor.py:830} INFO - Processing file /opt/airflow/dags/dag_retrain_pipeline.py for tasks to queue
[2026-06-03T06:12:55.760+0000] {logging_mixin.py:188} INFO - [2026-06-03T06:12:55.759+0000] {dagbag.py:540} INFO - Filling up the DagBag from /opt/airflow/dags/dag_retrain_pipeline.py
[2026-06-03T06:12:55.887+0000] {processor.py:840} INFO - DAG(s) 'neuralretail_retrain_pipeline' retrieved from /opt/airflow/dags/dag_retrain_pipeline.py
[2026-06-03T06:12:55.943+0000] {logging_mixin.py:188} INFO - [2026-06-03T06:12:55.943+0000] {dag.py:3096} INFO - Sync 1 DAGs
[2026-06-03T06:12:55.963+0000] {logging_mixin.py:188} INFO - [2026-06-03T06:12:55.963+0000] {dag.py:3954} INFO - Setting next_dagrun for neuralretail_retrain_pipeline to None, run_after=None
[2026-06-03T06:12:56.032+0000] {processor.py:183} INFO - Processing /opt/airflow/dags/dag_retrain_pipeline.py took 0.304 seconds
[2026-06-03T06:13:26.368+0000] {processor.py:161} INFO - Started process (PID=772) to work on /opt/airflow/dags/dag_retrain_pipeline.py
[2026-06-03T06:13:26.371+0000] {processor.py:830} INFO - Processing file /opt/airflow/dags/dag_retrain_pipeline.py for tasks to queue
[2026-06-03T06:13:26.375+0000] {logging_mixin.py:188} INFO - [2026-06-03T06:13:26.375+0000] {dagbag.py:540} INFO - Filling up the DagBag from /opt/airflow/dags/dag_retrain_pipeline.py
[2026-06-03T06:13:26.503+0000] {processor.py:840} INFO - DAG(s) 'neuralretail_retrain_pipeline' retrieved from /opt/airflow/dags/dag_retrain_pipeline.py
[2026-06-03T06:13:26.556+0000] {logging_mixin.py:188} INFO - [2026-06-03T06:13:26.556+0000] {dag.py:3096} INFO - Sync 1 DAGs
[2026-06-03T06:13:26.584+0000] {logging_mixin.py:188} INFO - [2026-06-03T06:13:26.583+0000] {dag.py:3954} INFO - Setting next_dagrun for neuralretail_retrain_pipeline to None, run_after=None
[2026-06-03T06:13:26.638+0000] {processor.py:183} INFO - Processing /opt/airflow/dags/dag_retrain_pipeline.py took 0.279 seconds
[2026-06-03T06:13:56.905+0000] {processor.py:161} INFO - Started process (PID=792) to work on /opt/airflow/dags/dag_retrain_pipeline.py
[2026-06-03T06:13:56.915+0000] {processor.py:830} INFO - Processing file /opt/airflow/dags/dag_retrain_pipeline.py for tasks to queue
[2026-06-03T06:13:56.918+0000] {logging_mixin.py:188} INFO - [2026-06-03T06:13:56.918+0000] {dagbag.py:540} INFO - Filling up the DagBag from /opt/airflow/dags/dag_retrain_pipeline.py
[2026-06-03T06:13:57.041+0000] {processor.py:840} INFO - DAG(s) 'neuralretail_retrain_pipeline' retrieved from /opt/airflow/dags/dag_retrain_pipeline.py
[2026-06-03T06:13:57.107+0000] {logging_mixin.py:188} INFO - [2026-06-03T06:13:57.106+0000] {dag.py:3096} INFO - Sync 1 DAGs
[2026-06-03T06:13:57.132+0000] {logging_mixin.py:188} INFO - [2026-06-03T06:13:57.132+0000] {dag.py:3954} INFO - Setting next_dagrun for neuralretail_retrain_pipeline to None, run_after=None
[2026-06-03T06:13:57.174+0000] {processor.py:183} INFO - Processing /opt/airflow/dags/dag_retrain_pipeline.py took 0.278 seconds
[2026-06-03T06:14:28.935+0000] {processor.py:161} INFO - Started process (PID=812) to work on /opt/airflow/dags/dag_retrain_pipeline.py
[2026-06-03T06:14:28.991+0000] {processor.py:830} INFO - Processing file /opt/airflow/dags/dag_retrain_pipeline.py for tasks to queue
[2026-06-03T06:14:29.024+0000] {logging_mixin.py:188} INFO - [2026-06-03T06:14:29.023+0000] {dagbag.py:540} INFO - Filling up the DagBag from /opt/airflow/dags/dag_retrain_pipeline.py
[2026-06-03T06:14:30.198+0000] {processor.py:840} INFO - DAG(s) 'neuralretail_retrain_pipeline' retrieved from /opt/airflow/dags/dag_retrain_pipeline.py
[2026-06-03T06:14:30.275+0000] {logging_mixin.py:188} INFO - [2026-06-03T06:14:30.274+0000] {dag.py:3096} INFO - Sync 1 DAGs
[2026-06-03T06:14:30.349+0000] {logging_mixin.py:188} INFO - [2026-06-03T06:14:30.349+0000] {dag.py:3954} INFO - Setting next_dagrun for neuralretail_retrain_pipeline to None, run_after=None
[2026-06-03T06:14:30.458+0000] {processor.py:183} INFO - Processing /opt/airflow/dags/dag_retrain_pipeline.py took 1.537 seconds
[2026-06-03T06:15:01.305+0000] {processor.py:161} INFO - Started process (PID=832) to work on /opt/airflow/dags/dag_retrain_pipeline.py
[2026-06-03T06:15:01.318+0000] {processor.py:830} INFO - Processing file /opt/airflow/dags/dag_retrain_pipeline.py for tasks to queue
[2026-06-03T06:15:01.327+0000] {logging_mixin.py:188} INFO - [2026-06-03T06:15:01.326+0000] {dagbag.py:540} INFO - Filling up the DagBag from /opt/airflow/dags/dag_retrain_pipeline.py
[2026-06-03T06:15:01.436+0000] {processor.py:840} INFO - DAG(s) 'neuralretail_retrain_pipeline' retrieved from /opt/airflow/dags/dag_retrain_pipeline.py
[2026-06-03T06:15:01.475+0000] {logging_mixin.py:188} INFO - [2026-06-03T06:15:01.474+0000] {dag.py:3096} INFO - Sync 1 DAGs
[2026-06-03T06:15:01.497+0000] {logging_mixin.py:188} INFO - [2026-06-03T06:15:01.497+0000] {dag.py:3954} INFO - Setting next_dagrun for neuralretail_retrain_pipeline to None, run_after=None
[2026-06-03T06:15:01.525+0000] {processor.py:183} INFO - Processing /opt/airflow/dags/dag_retrain_pipeline.py took 0.230 seconds
[2026-06-03T06:15:32.449+0000] {processor.py:161} INFO - Started process (PID=852) to work on /opt/airflow/dags/dag_retrain_pipeline.py
[2026-06-03T06:15:32.452+0000] {processor.py:830} INFO - Processing file /opt/airflow/dags/dag_retrain_pipeline.py for tasks to queue
[2026-06-03T06:15:32.460+0000] {logging_mixin.py:188} INFO - [2026-06-03T06:15:32.458+0000] {dagbag.py:540} INFO - Filling up the DagBag from /opt/airflow/dags/dag_retrain_pipeline.py
[2026-06-03T06:15:32.584+0000] {processor.py:840} INFO - DAG(s) 'neuralretail_retrain_pipeline' retrieved from /opt/airflow/dags/dag_retrain_pipeline.py
[2026-06-03T06:15:32.655+0000] {logging_mixin.py:188} INFO - [2026-06-03T06:15:32.655+0000] {dag.py:3096} INFO - Sync 1 DAGs
[2026-06-03T06:15:32.687+0000] {logging_mixin.py:188} INFO - [2026-06-03T06:15:32.687+0000] {dag.py:3954} INFO - Setting next_dagrun for neuralretail_retrain_pipeline to None, run_after=None
[2026-06-03T06:15:32.745+0000] {processor.py:183} INFO - Processing /opt/airflow/dags/dag_retrain_pipeline.py took 0.309 seconds
[2026-06-03T06:16:03.781+0000] {processor.py:161} INFO - Started process (PID=872) to work on /opt/airflow/dags/dag_retrain_pipeline.py
[2026-06-03T06:16:03.786+0000] {processor.py:830} INFO - Processing file /opt/airflow/dags/dag_retrain_pipeline.py for tasks to queue
[2026-06-03T06:16:03.791+0000] {logging_mixin.py:188} INFO - [2026-06-03T06:16:03.791+0000] {dagbag.py:540} INFO - Filling up the DagBag from /opt/airflow/dags/dag_retrain_pipeline.py
[2026-06-03T06:16:03.891+0000] {processor.py:840} INFO - DAG(s) 'neuralretail_retrain_pipeline' retrieved from /opt/airflow/dags/dag_retrain_pipeline.py
[2026-06-03T06:16:03.947+0000] {logging_mixin.py:188} INFO - [2026-06-03T06:16:03.947+0000] {dag.py:3096} INFO - Sync 1 DAGs
[2026-06-03T06:16:03.983+0000] {logging_mixin.py:188} INFO - [2026-06-03T06:16:03.983+0000] {dag.py:3954} INFO - Setting next_dagrun for neuralretail_retrain_pipeline to None, run_after=None
[2026-06-03T06:16:04.108+0000] {processor.py:183} INFO - Processing /opt/airflow/dags/dag_retrain_pipeline.py took 0.334 seconds
[2026-06-03T06:16:35.527+0000] {processor.py:161} INFO - Started process (PID=892) to work on /opt/airflow/dags/dag_retrain_pipeline.py
[2026-06-03T06:16:35.529+0000] {processor.py:830} INFO - Processing file /opt/airflow/dags/dag_retrain_pipeline.py for tasks to queue
[2026-06-03T06:16:35.531+0000] {logging_mixin.py:188} INFO - [2026-06-03T06:16:35.530+0000] {dagbag.py:540} INFO - Filling up the DagBag from /opt/airflow/dags/dag_retrain_pipeline.py
[2026-06-03T06:16:35.679+0000] {processor.py:840} INFO - DAG(s) 'neuralretail_retrain_pipeline' retrieved from /opt/airflow/dags/dag_retrain_pipeline.py
[2026-06-03T06:16:35.720+0000] {logging_mixin.py:188} INFO - [2026-06-03T06:16:35.720+0000] {dag.py:3096} INFO - Sync 1 DAGs
[2026-06-03T06:16:35.737+0000] {logging_mixin.py:188} INFO - [2026-06-03T06:16:35.736+0000] {dag.py:3954} INFO - Setting next_dagrun for neuralretail_retrain_pipeline to None, run_after=None
[2026-06-03T06:16:35.788+0000] {processor.py:183} INFO - Processing /opt/airflow/dags/dag_retrain_pipeline.py took 0.267 seconds
[2026-06-03T06:17:06.665+0000] {processor.py:161} INFO - Started process (PID=912) to work on /opt/airflow/dags/dag_retrain_pipeline.py
[2026-06-03T06:17:06.667+0000] {processor.py:830} INFO - Processing file /opt/airflow/dags/dag_retrain_pipeline.py for tasks to queue
[2026-06-03T06:17:06.682+0000] {logging_mixin.py:188} INFO - [2026-06-03T06:17:06.681+0000] {dagbag.py:540} INFO - Filling up the DagBag from /opt/airflow/dags/dag_retrain_pipeline.py
[2026-06-03T06:17:06.786+0000] {processor.py:840} INFO - DAG(s) 'neuralretail_retrain_pipeline' retrieved from /opt/airflow/dags/dag_retrain_pipeline.py
[2026-06-03T06:17:06.849+0000] {logging_mixin.py:188} INFO - [2026-06-03T06:17:06.848+0000] {dag.py:3096} INFO - Sync 1 DAGs
[2026-06-03T06:17:06.894+0000] {logging_mixin.py:188} INFO - [2026-06-03T06:17:06.893+0000] {dag.py:3954} INFO - Setting next_dagrun for neuralretail_retrain_pipeline to None, run_after=None
[2026-06-03T06:17:06.963+0000] {processor.py:183} INFO - Processing /opt/airflow/dags/dag_retrain_pipeline.py took 0.303 seconds
[2026-06-03T06:17:37.574+0000] {processor.py:161} INFO - Started process (PID=932) to work on /opt/airflow/dags/dag_retrain_pipeline.py
[2026-06-03T06:17:37.591+0000] {processor.py:830} INFO - Processing file /opt/airflow/dags/dag_retrain_pipeline.py for tasks to queue
[2026-06-03T06:17:37.599+0000] {logging_mixin.py:188} INFO - [2026-06-03T06:17:37.598+0000] {dagbag.py:540} INFO - Filling up the DagBag from /opt/airflow/dags/dag_retrain_pipeline.py
[2026-06-03T06:17:37.727+0000] {processor.py:840} INFO - DAG(s) 'neuralretail_retrain_pipeline' retrieved from /opt/airflow/dags/dag_retrain_pipeline.py
[2026-06-03T06:17:37.801+0000] {logging_mixin.py:188} INFO - [2026-06-03T06:17:37.800+0000] {dag.py:3096} INFO - Sync 1 DAGs
[2026-06-03T06:17:37.986+0000] {logging_mixin.py:188} INFO - [2026-06-03T06:17:37.986+0000] {dag.py:3954} INFO - Setting next_dagrun for neuralretail_retrain_pipeline to None, run_after=None
[2026-06-03T06:17:38.040+0000] {processor.py:183} INFO - Processing /opt/airflow/dags/dag_retrain_pipeline.py took 0.479 seconds
[2026-06-03T06:18:08.665+0000] {processor.py:161} INFO - Started process (PID=952) to work on /opt/airflow/dags/dag_retrain_pipeline.py
[2026-06-03T06:18:08.669+0000] {processor.py:830} INFO - Processing file /opt/airflow/dags/dag_retrain_pipeline.py for tasks to queue
[2026-06-03T06:18:08.672+0000] {logging_mixin.py:188} INFO - [2026-06-03T06:18:08.672+0000] {dagbag.py:540} INFO - Filling up the DagBag from /opt/airflow/dags/dag_retrain_pipeline.py
[2026-06-03T06:18:08.856+0000] {processor.py:840} INFO - DAG(s) 'neuralretail_retrain_pipeline' retrieved from /opt/airflow/dags/dag_retrain_pipeline.py
[2026-06-03T06:18:08.916+0000] {logging_mixin.py:188} INFO - [2026-06-03T06:18:08.915+0000] {dag.py:3096} INFO - Sync 1 DAGs
[2026-06-03T06:18:08.973+0000] {logging_mixin.py:188} INFO - [2026-06-03T06:18:08.972+0000] {dag.py:3954} INFO - Setting next_dagrun for neuralretail_retrain_pipeline to None, run_after=None
[2026-06-03T06:18:09.077+0000] {processor.py:183} INFO - Processing /opt/airflow/dags/dag_retrain_pipeline.py took 0.421 seconds
[2026-06-03T06:18:40.155+0000] {processor.py:161} INFO - Started process (PID=972) to work on /opt/airflow/dags/dag_retrain_pipeline.py
[2026-06-03T06:18:40.156+0000] {processor.py:830} INFO - Processing file /opt/airflow/dags/dag_retrain_pipeline.py for tasks to queue
[2026-06-03T06:18:40.162+0000] {logging_mixin.py:188} INFO - [2026-06-03T06:18:40.161+0000] {dagbag.py:540} INFO - Filling up the DagBag from /opt/airflow/dags/dag_retrain_pipeline.py
[2026-06-03T06:18:40.235+0000] {processor.py:840} INFO - DAG(s) 'neuralretail_retrain_pipeline' retrieved from /opt/airflow/dags/dag_retrain_pipeline.py
[2026-06-03T06:18:40.288+0000] {logging_mixin.py:188} INFO - [2026-06-03T06:18:40.288+0000] {dag.py:3096} INFO - Sync 1 DAGs
[2026-06-03T06:18:40.327+0000] {logging_mixin.py:188} INFO - [2026-06-03T06:18:40.327+0000] {dag.py:3954} INFO - Setting next_dagrun for neuralretail_retrain_pipeline to None, run_after=None
[2026-06-03T06:18:40.518+0000] {processor.py:183} INFO - Processing /opt/airflow/dags/dag_retrain_pipeline.py took 0.368 seconds
[2026-06-03T06:19:11.687+0000] {processor.py:161} INFO - Started process (PID=992) to work on /opt/airflow/dags/dag_retrain_pipeline.py
[2026-06-03T06:19:11.690+0000] {processor.py:830} INFO - Processing file /opt/airflow/dags/dag_retrain_pipeline.py for tasks to queue
[2026-06-03T06:19:11.693+0000] {logging_mixin.py:188} INFO - [2026-06-03T06:19:11.692+0000] {dagbag.py:540} INFO - Filling up the DagBag from /opt/airflow/dags/dag_retrain_pipeline.py
[2026-06-03T06:19:11.936+0000] {processor.py:840} INFO - DAG(s) 'neuralretail_retrain_pipeline' retrieved from /opt/airflow/dags/dag_retrain_pipeline.py
[2026-06-03T06:19:11.960+0000] {logging_mixin.py:188} INFO - [2026-06-03T06:19:11.960+0000] {dag.py:3096} INFO - Sync 1 DAGs
[2026-06-03T06:19:11.969+0000] {logging_mixin.py:188} INFO - [2026-06-03T06:19:11.968+0000] {dag.py:3954} INFO - Setting next_dagrun for neuralretail_retrain_pipeline to None, run_after=None
[2026-06-03T06:19:11.988+0000] {processor.py:183} INFO - Processing /opt/airflow/dags/dag_retrain_pipeline.py took 0.307 seconds
[2026-06-03T06:19:42.316+0000] {processor.py:161} INFO - Started process (PID=1012) to work on /opt/airflow/dags/dag_retrain_pipeline.py
[2026-06-03T06:19:42.329+0000] {processor.py:830} INFO - Processing file /opt/airflow/dags/dag_retrain_pipeline.py for tasks to queue
[2026-06-03T06:19:42.335+0000] {logging_mixin.py:188} INFO - [2026-06-03T06:19:42.334+0000] {dagbag.py:540} INFO - Filling up the DagBag from /opt/airflow/dags/dag_retrain_pipeline.py
[2026-06-03T06:19:42.600+0000] {processor.py:840} INFO - DAG(s) 'neuralretail_retrain_pipeline' retrieved from /opt/airflow/dags/dag_retrain_pipeline.py
[2026-06-03T06:19:42.630+0000] {logging_mixin.py:188} INFO - [2026-06-03T06:19:42.630+0000] {dag.py:3096} INFO - Sync 1 DAGs
[2026-06-03T06:19:42.643+0000] {logging_mixin.py:188} INFO - [2026-06-03T06:19:42.643+0000] {dag.py:3954} INFO - Setting next_dagrun for neuralretail_retrain_pipeline to None, run_after=None
[2026-06-03T06:19:42.701+0000] {processor.py:183} INFO - Processing /opt/airflow/dags/dag_retrain_pipeline.py took 0.405 seconds
[2026-06-03T06:20:13.546+0000] {processor.py:161} INFO - Started process (PID=1032) to work on /opt/airflow/dags/dag_retrain_pipeline.py
[2026-06-03T06:20:13.550+0000] {processor.py:830} INFO - Processing file /opt/airflow/dags/dag_retrain_pipeline.py for tasks to queue
[2026-06-03T06:20:13.560+0000] {logging_mixin.py:188} INFO - [2026-06-03T06:20:13.559+0000] {dagbag.py:540} INFO - Filling up the DagBag from /opt/airflow/dags/dag_retrain_pipeline.py
[2026-06-03T06:20:13.675+0000] {processor.py:840} INFO - DAG(s) 'neuralretail_retrain_pipeline' retrieved from /opt/airflow/dags/dag_retrain_pipeline.py
[2026-06-03T06:20:13.701+0000] {logging_mixin.py:188} INFO - [2026-06-03T06:20:13.701+0000] {dag.py:3096} INFO - Sync 1 DAGs
[2026-06-03T06:20:13.718+0000] {logging_mixin.py:188} INFO - [2026-06-03T06:20:13.717+0000] {dag.py:3954} INFO - Setting next_dagrun for neuralretail_retrain_pipeline to None, run_after=None
[2026-06-03T06:20:13.781+0000] {processor.py:183} INFO - Processing /opt/airflow/dags/dag_retrain_pipeline.py took 0.243 seconds
[2026-06-03T06:20:44.087+0000] {processor.py:161} INFO - Started process (PID=1052) to work on /opt/airflow/dags/dag_retrain_pipeline.py
[2026-06-03T06:20:44.089+0000] {processor.py:830} INFO - Processing file /opt/airflow/dags/dag_retrain_pipeline.py for tasks to queue
[2026-06-03T06:20:44.095+0000] {logging_mixin.py:188} INFO - [2026-06-03T06:20:44.094+0000] {dagbag.py:540} INFO - Filling up the DagBag from /opt/airflow/dags/dag_retrain_pipeline.py
[2026-06-03T06:20:44.238+0000] {processor.py:840} INFO - DAG(s) 'neuralretail_retrain_pipeline' retrieved from /opt/airflow/dags/dag_retrain_pipeline.py
[2026-06-03T06:20:44.304+0000] {logging_mixin.py:188} INFO - [2026-06-03T06:20:44.303+0000] {dag.py:3096} INFO - Sync 1 DAGs
[2026-06-03T06:20:44.339+0000] {logging_mixin.py:188} INFO - [2026-06-03T06:20:44.339+0000] {dag.py:3954} INFO - Setting next_dagrun for neuralretail_retrain_pipeline to None, run_after=None
[2026-06-03T06:20:44.419+0000] {processor.py:183} INFO - Processing /opt/airflow/dags/dag_retrain_pipeline.py took 0.348 seconds
[2026-06-03T06:21:15.625+0000] {processor.py:161} INFO - Started process (PID=1072) to work on /opt/airflow/dags/dag_retrain_pipeline.py
[2026-06-03T06:21:15.627+0000] {processor.py:830} INFO - Processing file /opt/airflow/dags/dag_retrain_pipeline.py for tasks to queue
[2026-06-03T06:21:15.636+0000] {logging_mixin.py:188} INFO - [2026-06-03T06:21:15.636+0000] {dagbag.py:540} INFO - Filling up the DagBag from /opt/airflow/dags/dag_retrain_pipeline.py
[2026-06-03T06:21:15.733+0000] {processor.py:840} INFO - DAG(s) 'neuralretail_retrain_pipeline' retrieved from /opt/airflow/dags/dag_retrain_pipeline.py
[2026-06-03T06:21:15.756+0000] {logging_mixin.py:188} INFO - [2026-06-03T06:21:15.756+0000] {dag.py:3096} INFO - Sync 1 DAGs
[2026-06-03T06:21:15.771+0000] {logging_mixin.py:188} INFO - [2026-06-03T06:21:15.771+0000] {dag.py:3954} INFO - Setting next_dagrun for neuralretail_retrain_pipeline to None, run_after=None
[2026-06-03T06:21:15.798+0000] {processor.py:183} INFO - Processing /opt/airflow/dags/dag_retrain_pipeline.py took 0.178 seconds
[2026-06-03T06:21:46.500+0000] {processor.py:161} INFO - Started process (PID=1092) to work on /opt/airflow/dags/dag_retrain_pipeline.py
[2026-06-03T06:21:46.503+0000] {processor.py:830} INFO - Processing file /opt/airflow/dags/dag_retrain_pipeline.py for tasks to queue
[2026-06-03T06:21:46.515+0000] {logging_mixin.py:188} INFO - [2026-06-03T06:21:46.514+0000] {dagbag.py:540} INFO - Filling up the DagBag from /opt/airflow/dags/dag_retrain_pipeline.py
[2026-06-03T06:21:46.779+0000] {processor.py:840} INFO - DAG(s) 'neuralretail_retrain_pipeline' retrieved from /opt/airflow/dags/dag_retrain_pipeline.py
[2026-06-03T06:21:46.830+0000] {logging_mixin.py:188} INFO - [2026-06-03T06:21:46.830+0000] {dag.py:3096} INFO - Sync 1 DAGs
[2026-06-03T06:21:46.850+0000] {logging_mixin.py:188} INFO - [2026-06-03T06:21:46.850+0000] {dag.py:3954} INFO - Setting next_dagrun for neuralretail_retrain_pipeline to None, run_after=None
[2026-06-03T06:21:46.910+0000] {processor.py:183} INFO - Processing /opt/airflow/dags/dag_retrain_pipeline.py took 0.425 seconds
[2026-06-03T06:22:17.684+0000] {processor.py:161} INFO - Started process (PID=1112) to work on /opt/airflow/dags/dag_retrain_pipeline.py
[2026-06-03T06:22:17.687+0000] {processor.py:830} INFO - Processing file /opt/airflow/dags/dag_retrain_pipeline.py for tasks to queue
[2026-06-03T06:22:17.694+0000] {logging_mixin.py:188} INFO - [2026-06-03T06:22:17.693+0000] {dagbag.py:540} INFO - Filling up the DagBag from /opt/airflow/dags/dag_retrain_pipeline.py
[2026-06-03T06:22:17.876+0000] {processor.py:840} INFO - DAG(s) 'neuralretail_retrain_pipeline' retrieved from /opt/airflow/dags/dag_retrain_pipeline.py
[2026-06-03T06:22:17.915+0000] {logging_mixin.py:188} INFO - [2026-06-03T06:22:17.914+0000] {dag.py:3096} INFO - Sync 1 DAGs
[2026-06-03T06:22:17.942+0000] {logging_mixin.py:188} INFO - [2026-06-03T06:22:17.941+0000] {dag.py:3954} INFO - Setting next_dagrun for neuralretail_retrain_pipeline to None, run_after=None
[2026-06-03T06:22:17.982+0000] {processor.py:183} INFO - Processing /opt/airflow/dags/dag_retrain_pipeline.py took 0.304 seconds
[2026-06-03T06:22:48.888+0000] {processor.py:161} INFO - Started process (PID=1132) to work on /opt/airflow/dags/dag_retrain_pipeline.py
[2026-06-03T06:22:48.894+0000] {processor.py:830} INFO - Processing file /opt/airflow/dags/dag_retrain_pipeline.py for tasks to queue
[2026-06-03T06:22:48.907+0000] {logging_mixin.py:188} INFO - [2026-06-03T06:22:48.907+0000] {dagbag.py:540} INFO - Filling up the DagBag from /opt/airflow/dags/dag_retrain_pipeline.py
[2026-06-03T06:22:49.433+0000] {processor.py:840} INFO - DAG(s) 'neuralretail_retrain_pipeline' retrieved from /opt/airflow/dags/dag_retrain_pipeline.py
[2026-06-03T06:22:49.486+0000] {logging_mixin.py:188} INFO - [2026-06-03T06:22:49.486+0000] {dag.py:3096} INFO - Sync 1 DAGs
[2026-06-03T06:22:49.514+0000] {logging_mixin.py:188} INFO - [2026-06-03T06:22:49.514+0000] {dag.py:3954} INFO - Setting next_dagrun for neuralretail_retrain_pipeline to None, run_after=None
[2026-06-03T06:22:49.558+0000] {processor.py:183} INFO - Processing /opt/airflow/dags/dag_retrain_pipeline.py took 0.691 seconds
[2026-06-03T06:23:20.120+0000] {processor.py:161} INFO - Started process (PID=1152) to work on /opt/airflow/dags/dag_retrain_pipeline.py
[2026-06-03T06:23:20.123+0000] {processor.py:830} INFO - Processing file /opt/airflow/dags/dag_retrain_pipeline.py for tasks to queue
[2026-06-03T06:23:20.132+0000] {logging_mixin.py:188} INFO - [2026-06-03T06:23:20.131+0000] {dagbag.py:540} INFO - Filling up the DagBag from /opt/airflow/dags/dag_retrain_pipeline.py
[2026-06-03T06:23:20.249+0000] {processor.py:840} INFO - DAG(s) 'neuralretail_retrain_pipeline' retrieved from /opt/airflow/dags/dag_retrain_pipeline.py
[2026-06-03T06:23:20.282+0000] {logging_mixin.py:188} INFO - [2026-06-03T06:23:20.282+0000] {dag.py:3096} INFO - Sync 1 DAGs
[2026-06-03T06:23:20.308+0000] {logging_mixin.py:188} INFO - [2026-06-03T06:23:20.307+0000] {dag.py:3954} INFO - Setting next_dagrun for neuralretail_retrain_pipeline to None, run_after=None
[2026-06-03T06:23:20.340+0000] {processor.py:183} INFO - Processing /opt/airflow/dags/dag_retrain_pipeline.py took 0.230 seconds
[2026-06-03T06:23:50.853+0000] {processor.py:161} INFO - Started process (PID=1172) to work on /opt/airflow/dags/dag_retrain_pipeline.py
[2026-06-03T06:23:50.868+0000] {processor.py:830} INFO - Processing file /opt/airflow/dags/dag_retrain_pipeline.py for tasks to queue
[2026-06-03T06:23:50.883+0000] {logging_mixin.py:188} INFO - [2026-06-03T06:23:50.881+0000] {dagbag.py:540} INFO - Filling up the DagBag from /opt/airflow/dags/dag_retrain_pipeline.py
[2026-06-03T06:23:51.086+0000] {processor.py:840} INFO - DAG(s) 'neuralretail_retrain_pipeline' retrieved from /opt/airflow/dags/dag_retrain_pipeline.py
[2026-06-03T06:23:51.131+0000] {logging_mixin.py:188} INFO - [2026-06-03T06:23:51.131+0000] {dag.py:3096} INFO - Sync 1 DAGs
[2026-06-03T06:23:51.161+0000] {logging_mixin.py:188} INFO - [2026-06-03T06:23:51.160+0000] {dag.py:3954} INFO - Setting next_dagrun for neuralretail_retrain_pipeline to None, run_after=None
[2026-06-03T06:23:51.216+0000] {processor.py:183} INFO - Processing /opt/airflow/dags/dag_retrain_pipeline.py took 0.372 seconds
[2026-06-03T06:24:21.610+0000] {processor.py:161} INFO - Started process (PID=1192) to work on /opt/airflow/dags/dag_retrain_pipeline.py
[2026-06-03T06:24:21.628+0000] {processor.py:830} INFO - Processing file /opt/airflow/dags/dag_retrain_pipeline.py for tasks to queue
[2026-06-03T06:24:21.637+0000] {logging_mixin.py:188} INFO - [2026-06-03T06:24:21.635+0000] {dagbag.py:540} INFO - Filling up the DagBag from /opt/airflow/dags/dag_retrain_pipeline.py
[2026-06-03T06:24:21.772+0000] {processor.py:840} INFO - DAG(s) 'neuralretail_retrain_pipeline' retrieved from /opt/airflow/dags/dag_retrain_pipeline.py
[2026-06-03T06:24:21.813+0000] {logging_mixin.py:188} INFO - [2026-06-03T06:24:21.813+0000] {dag.py:3096} INFO - Sync 1 DAGs
[2026-06-03T06:24:21.856+0000] {logging_mixin.py:188} INFO - [2026-06-03T06:24:21.855+0000] {dag.py:3954} INFO - Setting next_dagrun for neuralretail_retrain_pipeline to None, run_after=None
[2026-06-03T06:24:21.894+0000] {processor.py:183} INFO - Processing /opt/airflow/dags/dag_retrain_pipeline.py took 0.292 seconds
[2026-06-03T06:24:52.711+0000] {processor.py:161} INFO - Started process (PID=1212) to work on /opt/airflow/dags/dag_retrain_pipeline.py
[2026-06-03T06:24:52.723+0000] {processor.py:830} INFO - Processing file /opt/airflow/dags/dag_retrain_pipeline.py for tasks to queue
[2026-06-03T06:24:52.732+0000] {logging_mixin.py:188} INFO - [2026-06-03T06:24:52.731+0000] {dagbag.py:540} INFO - Filling up the DagBag from /opt/airflow/dags/dag_retrain_pipeline.py
[2026-06-03T06:24:52.820+0000] {processor.py:840} INFO - DAG(s) 'neuralretail_retrain_pipeline' retrieved from /opt/airflow/dags/dag_retrain_pipeline.py
[2026-06-03T06:24:52.880+0000] {logging_mixin.py:188} INFO - [2026-06-03T06:24:52.880+0000] {dag.py:3096} INFO - Sync 1 DAGs
[2026-06-03T06:24:52.908+0000] {logging_mixin.py:188} INFO - [2026-06-03T06:24:52.908+0000] {dag.py:3954} INFO - Setting next_dagrun for neuralretail_retrain_pipeline to None, run_after=None
[2026-06-03T06:24:52.953+0000] {processor.py:183} INFO - Processing /opt/airflow/dags/dag_retrain_pipeline.py took 0.249 seconds
[2026-06-03T06:25:24.026+0000] {processor.py:161} INFO - Started process (PID=1232) to work on /opt/airflow/dags/dag_retrain_pipeline.py
[2026-06-03T06:25:24.031+0000] {processor.py:830} INFO - Processing file /opt/airflow/dags/dag_retrain_pipeline.py for tasks to queue
[2026-06-03T06:25:24.043+0000] {logging_mixin.py:188} INFO - [2026-06-03T06:25:24.042+0000] {dagbag.py:540} INFO - Filling up the DagBag from /opt/airflow/dags/dag_retrain_pipeline.py
[2026-06-03T06:25:24.218+0000] {processor.py:840} INFO - DAG(s) 'neuralretail_retrain_pipeline' retrieved from /opt/airflow/dags/dag_retrain_pipeline.py
[2026-06-03T06:25:24.270+0000] {logging_mixin.py:188} INFO - [2026-06-03T06:25:24.270+0000] {dag.py:3096} INFO - Sync 1 DAGs
[2026-06-03T06:25:24.300+0000] {logging_mixin.py:188} INFO - [2026-06-03T06:25:24.300+0000] {dag.py:3954} INFO - Setting next_dagrun for neuralretail_retrain_pipeline to None, run_after=None
[2026-06-03T06:25:24.360+0000] {processor.py:183} INFO - Processing /opt/airflow/dags/dag_retrain_pipeline.py took 0.345 seconds
[2026-06-03T06:25:54.790+0000] {processor.py:161} INFO - Started process (PID=1252) to work on /opt/airflow/dags/dag_retrain_pipeline.py
[2026-06-03T06:25:54.794+0000] {processor.py:830} INFO - Processing file /opt/airflow/dags/dag_retrain_pipeline.py for tasks to queue
[2026-06-03T06:25:54.798+0000] {logging_mixin.py:188} INFO - [2026-06-03T06:25:54.797+0000] {dagbag.py:540} INFO - Filling up the DagBag from /opt/airflow/dags/dag_retrain_pipeline.py
[2026-06-03T06:25:54.954+0000] {processor.py:840} INFO - DAG(s) 'neuralretail_retrain_pipeline' retrieved from /opt/airflow/dags/dag_retrain_pipeline.py
[2026-06-03T06:25:54.999+0000] {logging_mixin.py:188} INFO - [2026-06-03T06:25:54.999+0000] {dag.py:3096} INFO - Sync 1 DAGs
[2026-06-03T06:25:55.019+0000] {logging_mixin.py:188} INFO - [2026-06-03T06:25:55.018+0000] {dag.py:3954} INFO - Setting next_dagrun for neuralretail_retrain_pipeline to None, run_after=None
[2026-06-03T06:25:55.075+0000] {processor.py:183} INFO - Processing /opt/airflow/dags/dag_retrain_pipeline.py took 0.294 seconds
[2026-06-03T06:26:26.501+0000] {processor.py:161} INFO - Started process (PID=1272) to work on /opt/airflow/dags/dag_retrain_pipeline.py
[2026-06-03T06:26:26.506+0000] {processor.py:830} INFO - Processing file /opt/airflow/dags/dag_retrain_pipeline.py for tasks to queue
[2026-06-03T06:26:26.516+0000] {logging_mixin.py:188} INFO - [2026-06-03T06:26:26.515+0000] {dagbag.py:540} INFO - Filling up the DagBag from /opt/airflow/dags/dag_retrain_pipeline.py
[2026-06-03T06:26:26.774+0000] {processor.py:840} INFO - DAG(s) 'neuralretail_retrain_pipeline' retrieved from /opt/airflow/dags/dag_retrain_pipeline.py
[2026-06-03T06:26:26.822+0000] {logging_mixin.py:188} INFO - [2026-06-03T06:26:26.822+0000] {dag.py:3096} INFO - Sync 1 DAGs
[2026-06-03T06:26:26.845+0000] {logging_mixin.py:188} INFO - [2026-06-03T06:26:26.844+0000] {dag.py:3954} INFO - Setting next_dagrun for neuralretail_retrain_pipeline to None, run_after=None
[2026-06-03T06:26:26.900+0000] {processor.py:183} INFO - Processing /opt/airflow/dags/dag_retrain_pipeline.py took 0.409 seconds
[2026-06-03T06:26:57.319+0000] {processor.py:161} INFO - Started process (PID=1292) to work on /opt/airflow/dags/dag_retrain_pipeline.py
[2026-06-03T06:26:57.329+0000] {processor.py:830} INFO - Processing file /opt/airflow/dags/dag_retrain_pipeline.py for tasks to queue
[2026-06-03T06:26:57.335+0000] {logging_mixin.py:188} INFO - [2026-06-03T06:26:57.334+0000] {dagbag.py:540} INFO - Filling up the DagBag from /opt/airflow/dags/dag_retrain_pipeline.py
[2026-06-03T06:26:57.510+0000] {processor.py:840} INFO - DAG(s) 'neuralretail_retrain_pipeline' retrieved from /opt/airflow/dags/dag_retrain_pipeline.py
[2026-06-03T06:26:57.541+0000] {logging_mixin.py:188} INFO - [2026-06-03T06:26:57.541+0000] {dag.py:3096} INFO - Sync 1 DAGs
[2026-06-03T06:26:57.564+0000] {logging_mixin.py:188} INFO - [2026-06-03T06:26:57.564+0000] {dag.py:3954} INFO - Setting next_dagrun for neuralretail_retrain_pipeline to None, run_after=None
[2026-06-03T06:26:57.593+0000] {processor.py:183} INFO - Processing /opt/airflow/dags/dag_retrain_pipeline.py took 0.281 seconds
[2026-06-03T06:27:27.799+0000] {processor.py:161} INFO - Started process (PID=1312) to work on /opt/airflow/dags/dag_retrain_pipeline.py
[2026-06-03T06:27:27.801+0000] {processor.py:830} INFO - Processing file /opt/airflow/dags/dag_retrain_pipeline.py for tasks to queue
[2026-06-03T06:27:27.803+0000] {logging_mixin.py:188} INFO - [2026-06-03T06:27:27.803+0000] {dagbag.py:540} INFO - Filling up the DagBag from /opt/airflow/dags/dag_retrain_pipeline.py
[2026-06-03T06:27:27.878+0000] {processor.py:840} INFO - DAG(s) 'neuralretail_retrain_pipeline' retrieved from /opt/airflow/dags/dag_retrain_pipeline.py
[2026-06-03T06:27:27.907+0000] {logging_mixin.py:188} INFO - [2026-06-03T06:27:27.907+0000] {dag.py:3096} INFO - Sync 1 DAGs
[2026-06-03T06:27:27.927+0000] {logging_mixin.py:188} INFO - [2026-06-03T06:27:27.926+0000] {dag.py:3954} INFO - Setting next_dagrun for neuralretail_retrain_pipeline to None, run_after=None
[2026-06-03T06:27:27.964+0000] {processor.py:183} INFO - Processing /opt/airflow/dags/dag_retrain_pipeline.py took 0.175 seconds
[2026-06-03T06:27:58.692+0000] {processor.py:161} INFO - Started process (PID=1332) to work on /opt/airflow/dags/dag_retrain_pipeline.py
[2026-06-03T06:27:58.712+0000] {processor.py:830} INFO - Processing file /opt/airflow/dags/dag_retrain_pipeline.py for tasks to queue
[2026-06-03T06:27:58.718+0000] {logging_mixin.py:188} INFO - [2026-06-03T06:27:58.717+0000] {dagbag.py:540} INFO - Filling up the DagBag from /opt/airflow/dags/dag_retrain_pipeline.py
[2026-06-03T06:27:58.804+0000] {processor.py:840} INFO - DAG(s) 'neuralretail_retrain_pipeline' retrieved from /opt/airflow/dags/dag_retrain_pipeline.py
[2026-06-03T06:27:58.858+0000] {logging_mixin.py:188} INFO - [2026-06-03T06:27:58.858+0000] {dag.py:3096} INFO - Sync 1 DAGs
[2026-06-03T06:27:58.875+0000] {logging_mixin.py:188} INFO - [2026-06-03T06:27:58.875+0000] {dag.py:3954} INFO - Setting next_dagrun for neuralretail_retrain_pipeline to None, run_after=None
[2026-06-03T06:27:58.928+0000] {processor.py:183} INFO - Processing /opt/airflow/dags/dag_retrain_pipeline.py took 0.247 seconds
[2026-06-03T06:28:30.032+0000] {processor.py:161} INFO - Started process (PID=1352) to work on /opt/airflow/dags/dag_retrain_pipeline.py
[2026-06-03T06:28:30.036+0000] {processor.py:830} INFO - Processing file /opt/airflow/dags/dag_retrain_pipeline.py for tasks to queue
[2026-06-03T06:28:30.039+0000] {logging_mixin.py:188} INFO - [2026-06-03T06:28:30.039+0000] {dagbag.py:540} INFO - Filling up the DagBag from /opt/airflow/dags/dag_retrain_pipeline.py
[2026-06-03T06:28:30.102+0000] {processor.py:840} INFO - DAG(s) 'neuralretail_retrain_pipeline' retrieved from /opt/airflow/dags/dag_retrain_pipeline.py
[2026-06-03T06:28:30.140+0000] {logging_mixin.py:188} INFO - [2026-06-03T06:28:30.140+0000] {dag.py:3096} INFO - Sync 1 DAGs
[2026-06-03T06:28:30.156+0000] {logging_mixin.py:188} INFO - [2026-06-03T06:28:30.156+0000] {dag.py:3954} INFO - Setting next_dagrun for neuralretail_retrain_pipeline to None, run_after=None
[2026-06-03T06:28:30.193+0000] {processor.py:183} INFO - Processing /opt/airflow/dags/dag_retrain_pipeline.py took 0.170 seconds
[2026-06-03T06:29:00.596+0000] {processor.py:161} INFO - Started process (PID=1372) to work on /opt/airflow/dags/dag_retrain_pipeline.py
[2026-06-03T06:29:00.603+0000] {processor.py:830} INFO - Processing file /opt/airflow/dags/dag_retrain_pipeline.py for tasks to queue
[2026-06-03T06:29:00.608+0000] {logging_mixin.py:188} INFO - [2026-06-03T06:29:00.608+0000] {dagbag.py:540} INFO - Filling up the DagBag from /opt/airflow/dags/dag_retrain_pipeline.py
[2026-06-03T06:29:00.877+0000] {processor.py:840} INFO - DAG(s) 'neuralretail_retrain_pipeline' retrieved from /opt/airflow/dags/dag_retrain_pipeline.py
[2026-06-03T06:29:00.925+0000] {logging_mixin.py:188} INFO - [2026-06-03T06:29:00.925+0000] {dag.py:3096} INFO - Sync 1 DAGs
[2026-06-03T06:29:00.942+0000] {logging_mixin.py:188} INFO - [2026-06-03T06:29:00.942+0000] {dag.py:3954} INFO - Setting next_dagrun for neuralretail_retrain_pipeline to None, run_after=None
[2026-06-03T06:29:00.996+0000] {processor.py:183} INFO - Processing /opt/airflow/dags/dag_retrain_pipeline.py took 0.406 seconds
[2026-06-03T06:29:32.168+0000] {processor.py:161} INFO - Started process (PID=1392) to work on /opt/airflow/dags/dag_retrain_pipeline.py
[2026-06-03T06:29:32.173+0000] {processor.py:830} INFO - Processing file /opt/airflow/dags/dag_retrain_pipeline.py for tasks to queue
[2026-06-03T06:29:32.178+0000] {logging_mixin.py:188} INFO - [2026-06-03T06:29:32.178+0000] {dagbag.py:540} INFO - Filling up the DagBag from /opt/airflow/dags/dag_retrain_pipeline.py
[2026-06-03T06:29:32.310+0000] {processor.py:840} INFO - DAG(s) 'neuralretail_retrain_pipeline' retrieved from /opt/airflow/dags/dag_retrain_pipeline.py
[2026-06-03T06:29:32.349+0000] {logging_mixin.py:188} INFO - [2026-06-03T06:29:32.349+0000] {dag.py:3096} INFO - Sync 1 DAGs
[2026-06-03T06:29:32.369+0000] {logging_mixin.py:188} INFO - [2026-06-03T06:29:32.369+0000] {dag.py:3954} INFO - Setting next_dagrun for neuralretail_retrain_pipeline to None, run_after=None
[2026-06-03T06:29:32.417+0000] {processor.py:183} INFO - Processing /opt/airflow/dags/dag_retrain_pipeline.py took 0.256 seconds
[2026-06-03T06:30:03.119+0000] {processor.py:161} INFO - Started process (PID=1412) to work on /opt/airflow/dags/dag_retrain_pipeline.py
[2026-06-03T06:30:03.134+0000] {processor.py:830} INFO - Processing file /opt/airflow/dags/dag_retrain_pipeline.py for tasks to queue
[2026-06-03T06:30:03.148+0000] {logging_mixin.py:188} INFO - [2026-06-03T06:30:03.148+0000] {dagbag.py:540} INFO - Filling up the DagBag from /opt/airflow/dags/dag_retrain_pipeline.py
[2026-06-03T06:30:03.379+0000] {processor.py:840} INFO - DAG(s) 'neuralretail_retrain_pipeline' retrieved from /opt/airflow/dags/dag_retrain_pipeline.py
[2026-06-03T06:30:03.439+0000] {logging_mixin.py:188} INFO - [2026-06-03T06:30:03.439+0000] {dag.py:3096} INFO - Sync 1 DAGs
[2026-06-03T06:30:03.489+0000] {logging_mixin.py:188} INFO - [2026-06-03T06:30:03.488+0000] {dag.py:3954} INFO - Setting next_dagrun for neuralretail_retrain_pipeline to None, run_after=None
[2026-06-03T06:30:03.520+0000] {processor.py:183} INFO - Processing /opt/airflow/dags/dag_retrain_pipeline.py took 0.412 seconds
[2026-06-03T06:30:35.250+0000] {processor.py:161} INFO - Started process (PID=1432) to work on /opt/airflow/dags/dag_retrain_pipeline.py
[2026-06-03T06:30:35.408+0000] {processor.py:830} INFO - Processing file /opt/airflow/dags/dag_retrain_pipeline.py for tasks to queue
[2026-06-03T06:30:35.457+0000] {logging_mixin.py:188} INFO - [2026-06-03T06:30:35.457+0000] {dagbag.py:540} INFO - Filling up the DagBag from /opt/airflow/dags/dag_retrain_pipeline.py
[2026-06-03T06:30:36.494+0000] {processor.py:840} INFO - DAG(s) 'neuralretail_retrain_pipeline' retrieved from /opt/airflow/dags/dag_retrain_pipeline.py
[2026-06-03T06:30:36.522+0000] {logging_mixin.py:188} INFO - [2026-06-03T06:30:36.521+0000] {dag.py:3096} INFO - Sync 1 DAGs
[2026-06-03T06:30:36.539+0000] {logging_mixin.py:188} INFO - [2026-06-03T06:30:36.539+0000] {dag.py:3954} INFO - Setting next_dagrun for neuralretail_retrain_pipeline to None, run_after=None
[2026-06-03T06:30:36.649+0000] {processor.py:183} INFO - Processing /opt/airflow/dags/dag_retrain_pipeline.py took 1.407 seconds
[2026-06-03T06:31:07.831+0000] {processor.py:161} INFO - Started process (PID=1452) to work on /opt/airflow/dags/dag_retrain_pipeline.py
[2026-06-03T06:31:07.846+0000] {processor.py:830} INFO - Processing file /opt/airflow/dags/dag_retrain_pipeline.py for tasks to queue
[2026-06-03T06:31:07.857+0000] {logging_mixin.py:188} INFO - [2026-06-03T06:31:07.856+0000] {dagbag.py:540} INFO - Filling up the DagBag from /opt/airflow/dags/dag_retrain_pipeline.py
[2026-06-03T06:31:08.259+0000] {processor.py:840} INFO - DAG(s) 'neuralretail_retrain_pipeline' retrieved from /opt/airflow/dags/dag_retrain_pipeline.py
[2026-06-03T06:31:08.299+0000] {logging_mixin.py:188} INFO - [2026-06-03T06:31:08.298+0000] {dag.py:3096} INFO - Sync 1 DAGs
[2026-06-03T06:31:08.341+0000] {logging_mixin.py:188} INFO - [2026-06-03T06:31:08.341+0000] {dag.py:3954} INFO - Setting next_dagrun for neuralretail_retrain_pipeline to None, run_after=None
[2026-06-03T06:31:08.433+0000] {processor.py:183} INFO - Processing /opt/airflow/dags/dag_retrain_pipeline.py took 0.613 seconds
[2026-06-03T06:31:38.832+0000] {processor.py:161} INFO - Started process (PID=1472) to work on /opt/airflow/dags/dag_retrain_pipeline.py
[2026-06-03T06:31:38.865+0000] {processor.py:830} INFO - Processing file /opt/airflow/dags/dag_retrain_pipeline.py for tasks to queue
[2026-06-03T06:31:38.877+0000] {logging_mixin.py:188} INFO - [2026-06-03T06:31:38.877+0000] {dagbag.py:540} INFO - Filling up the DagBag from /opt/airflow/dags/dag_retrain_pipeline.py
[2026-06-03T06:31:39.358+0000] {processor.py:840} INFO - DAG(s) 'neuralretail_retrain_pipeline' retrieved from /opt/airflow/dags/dag_retrain_pipeline.py
[2026-06-03T06:31:39.394+0000] {logging_mixin.py:188} INFO - [2026-06-03T06:31:39.394+0000] {dag.py:3096} INFO - Sync 1 DAGs
[2026-06-03T06:31:39.423+0000] {logging_mixin.py:188} INFO - [2026-06-03T06:31:39.423+0000] {dag.py:3954} INFO - Setting next_dagrun for neuralretail_retrain_pipeline to None, run_after=None
[2026-06-03T06:31:39.481+0000] {processor.py:183} INFO - Processing /opt/airflow/dags/dag_retrain_pipeline.py took 0.656 seconds
[2026-06-03T06:32:10.111+0000] {processor.py:161} INFO - Started process (PID=1492) to work on /opt/airflow/dags/dag_retrain_pipeline.py
[2026-06-03T06:32:10.118+0000] {processor.py:830} INFO - Processing file /opt/airflow/dags/dag_retrain_pipeline.py for tasks to queue
[2026-06-03T06:32:10.127+0000] {logging_mixin.py:188} INFO - [2026-06-03T06:32:10.126+0000] {dagbag.py:540} INFO - Filling up the DagBag from /opt/airflow/dags/dag_retrain_pipeline.py
[2026-06-03T06:32:10.306+0000] {processor.py:840} INFO - DAG(s) 'neuralretail_retrain_pipeline' retrieved from /opt/airflow/dags/dag_retrain_pipeline.py
[2026-06-03T06:32:10.340+0000] {logging_mixin.py:188} INFO - [2026-06-03T06:32:10.340+0000] {dag.py:3096} INFO - Sync 1 DAGs
[2026-06-03T06:32:10.357+0000] {logging_mixin.py:188} INFO - [2026-06-03T06:32:10.356+0000] {dag.py:3954} INFO - Setting next_dagrun for neuralretail_retrain_pipeline to None, run_after=None
[2026-06-03T06:32:10.398+0000] {processor.py:183} INFO - Processing /opt/airflow/dags/dag_retrain_pipeline.py took 0.296 seconds
[2026-06-03T06:32:41.474+0000] {processor.py:161} INFO - Started process (PID=1512) to work on /opt/airflow/dags/dag_retrain_pipeline.py
[2026-06-03T06:32:41.482+0000] {processor.py:830} INFO - Processing file /opt/airflow/dags/dag_retrain_pipeline.py for tasks to queue
[2026-06-03T06:32:41.495+0000] {logging_mixin.py:188} INFO - [2026-06-03T06:32:41.494+0000] {dagbag.py:540} INFO - Filling up the DagBag from /opt/airflow/dags/dag_retrain_pipeline.py
[2026-06-03T06:32:41.870+0000] {processor.py:840} INFO - DAG(s) 'neuralretail_retrain_pipeline' retrieved from /opt/airflow/dags/dag_retrain_pipeline.py
[2026-06-03T06:32:41.919+0000] {logging_mixin.py:188} INFO - [2026-06-03T06:32:41.918+0000] {dag.py:3096} INFO - Sync 1 DAGs
[2026-06-03T06:32:41.958+0000] {logging_mixin.py:188} INFO - [2026-06-03T06:32:41.958+0000] {dag.py:3954} INFO - Setting next_dagrun for neuralretail_retrain_pipeline to None, run_after=None
[2026-06-03T06:32:42.014+0000] {processor.py:183} INFO - Processing /opt/airflow/dags/dag_retrain_pipeline.py took 0.555 seconds
[2026-06-03T06:33:12.202+0000] {processor.py:161} INFO - Started process (PID=1532) to work on /opt/airflow/dags/dag_retrain_pipeline.py
[2026-06-03T06:33:12.205+0000] {processor.py:830} INFO - Processing file /opt/airflow/dags/dag_retrain_pipeline.py for tasks to queue
[2026-06-03T06:33:12.216+0000] {logging_mixin.py:188} INFO - [2026-06-03T06:33:12.215+0000] {dagbag.py:540} INFO - Filling up the DagBag from /opt/airflow/dags/dag_retrain_pipeline.py
[2026-06-03T06:33:12.316+0000] {processor.py:840} INFO - DAG(s) 'neuralretail_retrain_pipeline' retrieved from /opt/airflow/dags/dag_retrain_pipeline.py
[2026-06-03T06:33:12.352+0000] {logging_mixin.py:188} INFO - [2026-06-03T06:33:12.352+0000] {dag.py:3096} INFO - Sync 1 DAGs
[2026-06-03T06:33:12.390+0000] {logging_mixin.py:188} INFO - [2026-06-03T06:33:12.390+0000] {dag.py:3954} INFO - Setting next_dagrun for neuralretail_retrain_pipeline to None, run_after=None
[2026-06-03T06:33:12.466+0000] {processor.py:183} INFO - Processing /opt/airflow/dags/dag_retrain_pipeline.py took 0.276 seconds
[2026-06-03T06:33:43.158+0000] {processor.py:161} INFO - Started process (PID=1552) to work on /opt/airflow/dags/dag_retrain_pipeline.py
[2026-06-03T06:33:43.165+0000] {processor.py:830} INFO - Processing file /opt/airflow/dags/dag_retrain_pipeline.py for tasks to queue
[2026-06-03T06:33:43.173+0000] {logging_mixin.py:188} INFO - [2026-06-03T06:33:43.171+0000] {dagbag.py:540} INFO - Filling up the DagBag from /opt/airflow/dags/dag_retrain_pipeline.py
[2026-06-03T06:33:43.538+0000] {processor.py:840} INFO - DAG(s) 'neuralretail_retrain_pipeline' retrieved from /opt/airflow/dags/dag_retrain_pipeline.py
[2026-06-03T06:33:43.571+0000] {logging_mixin.py:188} INFO - [2026-06-03T06:33:43.571+0000] {dag.py:3096} INFO - Sync 1 DAGs
[2026-06-03T06:33:43.597+0000] {logging_mixin.py:188} INFO - [2026-06-03T06:33:43.596+0000] {dag.py:3954} INFO - Setting next_dagrun for neuralretail_retrain_pipeline to None, run_after=None
[2026-06-03T06:33:43.634+0000] {processor.py:183} INFO - Processing /opt/airflow/dags/dag_retrain_pipeline.py took 0.488 seconds
[2026-06-03T06:34:14.086+0000] {processor.py:161} INFO - Started process (PID=1572) to work on /opt/airflow/dags/dag_retrain_pipeline.py
[2026-06-03T06:34:14.087+0000] {processor.py:830} INFO - Processing file /opt/airflow/dags/dag_retrain_pipeline.py for tasks to queue
[2026-06-03T06:34:14.091+0000] {logging_mixin.py:188} INFO - [2026-06-03T06:34:14.091+0000] {dagbag.py:540} INFO - Filling up the DagBag from /opt/airflow/dags/dag_retrain_pipeline.py
[2026-06-03T06:34:14.199+0000] {processor.py:840} INFO - DAG(s) 'neuralretail_retrain_pipeline' retrieved from /opt/airflow/dags/dag_retrain_pipeline.py
[2026-06-03T06:34:14.248+0000] {logging_mixin.py:188} INFO - [2026-06-03T06:34:14.247+0000] {dag.py:3096} INFO - Sync 1 DAGs
[2026-06-03T06:34:14.266+0000] {logging_mixin.py:188} INFO - [2026-06-03T06:34:14.266+0000] {dag.py:3954} INFO - Setting next_dagrun for neuralretail_retrain_pipeline to None, run_after=None
[2026-06-03T06:34:14.294+0000] {processor.py:183} INFO - Processing /opt/airflow/dags/dag_retrain_pipeline.py took 0.222 seconds
[2026-06-03T06:34:44.684+0000] {processor.py:161} INFO - Started process (PID=1592) to work on /opt/airflow/dags/dag_retrain_pipeline.py
[2026-06-03T06:34:44.689+0000] {processor.py:830} INFO - Processing file /opt/airflow/dags/dag_retrain_pipeline.py for tasks to queue
[2026-06-03T06:34:44.693+0000] {logging_mixin.py:188} INFO - [2026-06-03T06:34:44.692+0000] {dagbag.py:540} INFO - Filling up the DagBag from /opt/airflow/dags/dag_retrain_pipeline.py
[2026-06-03T06:34:44.859+0000] {processor.py:840} INFO - DAG(s) 'neuralretail_retrain_pipeline' retrieved from /opt/airflow/dags/dag_retrain_pipeline.py
[2026-06-03T06:34:44.911+0000] {logging_mixin.py:188} INFO - [2026-06-03T06:34:44.911+0000] {dag.py:3096} INFO - Sync 1 DAGs
[2026-06-03T06:34:44.942+0000] {logging_mixin.py:188} INFO - [2026-06-03T06:34:44.941+0000] {dag.py:3954} INFO - Setting next_dagrun for neuralretail_retrain_pipeline to None, run_after=None
[2026-06-03T06:34:45.013+0000] {processor.py:183} INFO - Processing /opt/airflow/dags/dag_retrain_pipeline.py took 0.339 seconds
[2026-06-03T06:35:15.636+0000] {processor.py:161} INFO - Started process (PID=1612) to work on /opt/airflow/dags/dag_retrain_pipeline.py
[2026-06-03T06:35:15.637+0000] {processor.py:830} INFO - Processing file /opt/airflow/dags/dag_retrain_pipeline.py for tasks to queue
[2026-06-03T06:35:15.640+0000] {logging_mixin.py:188} INFO - [2026-06-03T06:35:15.640+0000] {dagbag.py:540} INFO - Filling up the DagBag from /opt/airflow/dags/dag_retrain_pipeline.py
[2026-06-03T06:35:15.764+0000] {processor.py:840} INFO - DAG(s) 'neuralretail_retrain_pipeline' retrieved from /opt/airflow/dags/dag_retrain_pipeline.py
[2026-06-03T06:35:15.803+0000] {logging_mixin.py:188} INFO - [2026-06-03T06:35:15.803+0000] {dag.py:3096} INFO - Sync 1 DAGs
[2026-06-03T06:35:15.837+0000] {logging_mixin.py:188} INFO - [2026-06-03T06:35:15.836+0000] {dag.py:3954} INFO - Setting next_dagrun for neuralretail_retrain_pipeline to None, run_after=None
[2026-06-03T06:35:15.867+0000] {processor.py:183} INFO - Processing /opt/airflow/dags/dag_retrain_pipeline.py took 0.239 seconds
[2026-06-03T06:35:46.740+0000] {processor.py:161} INFO - Started process (PID=1632) to work on /opt/airflow/dags/dag_retrain_pipeline.py
[2026-06-03T06:35:46.742+0000] {processor.py:830} INFO - Processing file /opt/airflow/dags/dag_retrain_pipeline.py for tasks to queue
[2026-06-03T06:35:46.750+0000] {logging_mixin.py:188} INFO - [2026-06-03T06:35:46.749+0000] {dagbag.py:540} INFO - Filling up the DagBag from /opt/airflow/dags/dag_retrain_pipeline.py
[2026-06-03T06:35:46.862+0000] {processor.py:840} INFO - DAG(s) 'neuralretail_retrain_pipeline' retrieved from /opt/airflow/dags/dag_retrain_pipeline.py
[2026-06-03T06:35:46.904+0000] {logging_mixin.py:188} INFO - [2026-06-03T06:35:46.904+0000] {dag.py:3096} INFO - Sync 1 DAGs
[2026-06-03T06:35:46.947+0000] {logging_mixin.py:188} INFO - [2026-06-03T06:35:46.946+0000] {dag.py:3954} INFO - Setting next_dagrun for neuralretail_retrain_pipeline to None, run_after=None
[2026-06-03T06:35:47.001+0000] {processor.py:183} INFO - Processing /opt/airflow/dags/dag_retrain_pipeline.py took 0.270 seconds
[2026-06-03T06:36:17.922+0000] {processor.py:161} INFO - Started process (PID=1652) to work on /opt/airflow/dags/dag_retrain_pipeline.py
[2026-06-03T06:36:17.927+0000] {processor.py:830} INFO - Processing file /opt/airflow/dags/dag_retrain_pipeline.py for tasks to queue
[2026-06-03T06:36:17.932+0000] {logging_mixin.py:188} INFO - [2026-06-03T06:36:17.931+0000] {dagbag.py:540} INFO - Filling up the DagBag from /opt/airflow/dags/dag_retrain_pipeline.py
[2026-06-03T06:36:18.048+0000] {processor.py:840} INFO - DAG(s) 'neuralretail_retrain_pipeline' retrieved from /opt/airflow/dags/dag_retrain_pipeline.py
[2026-06-03T06:36:18.085+0000] {logging_mixin.py:188} INFO - [2026-06-03T06:36:18.085+0000] {dag.py:3096} INFO - Sync 1 DAGs
[2026-06-03T06:36:18.101+0000] {logging_mixin.py:188} INFO - [2026-06-03T06:36:18.100+0000] {dag.py:3954} INFO - Setting next_dagrun for neuralretail_retrain_pipeline to None, run_after=None
[2026-06-03T06:36:18.128+0000] {processor.py:183} INFO - Processing /opt/airflow/dags/dag_retrain_pipeline.py took 0.216 seconds
[2026-06-03T06:36:49.068+0000] {processor.py:161} INFO - Started process (PID=1672) to work on /opt/airflow/dags/dag_retrain_pipeline.py
[2026-06-03T06:36:49.070+0000] {processor.py:830} INFO - Processing file /opt/airflow/dags/dag_retrain_pipeline.py for tasks to queue
[2026-06-03T06:36:49.073+0000] {logging_mixin.py:188} INFO - [2026-06-03T06:36:49.073+0000] {dagbag.py:540} INFO - Filling up the DagBag from /opt/airflow/dags/dag_retrain_pipeline.py
[2026-06-03T06:36:49.149+0000] {processor.py:840} INFO - DAG(s) 'neuralretail_retrain_pipeline' retrieved from /opt/airflow/dags/dag_retrain_pipeline.py
[2026-06-03T06:36:49.179+0000] {logging_mixin.py:188} INFO - [2026-06-03T06:36:49.179+0000] {dag.py:3096} INFO - Sync 1 DAGs
[2026-06-03T06:36:49.194+0000] {logging_mixin.py:188} INFO - [2026-06-03T06:36:49.194+0000] {dag.py:3954} INFO - Setting next_dagrun for neuralretail_retrain_pipeline to None, run_after=None
[2026-06-03T06:36:49.222+0000] {processor.py:183} INFO - Processing /opt/airflow/dags/dag_retrain_pipeline.py took 0.161 seconds
[2026-06-03T06:37:19.888+0000] {processor.py:161} INFO - Started process (PID=1692) to work on /opt/airflow/dags/dag_retrain_pipeline.py
[2026-06-03T06:37:19.892+0000] {processor.py:830} INFO - Processing file /opt/airflow/dags/dag_retrain_pipeline.py for tasks to queue
[2026-06-03T06:37:19.896+0000] {logging_mixin.py:188} INFO - [2026-06-03T06:37:19.896+0000] {dagbag.py:540} INFO - Filling up the DagBag from /opt/airflow/dags/dag_retrain_pipeline.py
[2026-06-03T06:37:19.998+0000] {processor.py:840} INFO - DAG(s) 'neuralretail_retrain_pipeline' retrieved from /opt/airflow/dags/dag_retrain_pipeline.py
[2026-06-03T06:37:20.039+0000] {logging_mixin.py:188} INFO - [2026-06-03T06:37:20.038+0000] {dag.py:3096} INFO - Sync 1 DAGs
[2026-06-03T06:37:20.058+0000] {logging_mixin.py:188} INFO - [2026-06-03T06:37:20.058+0000] {dag.py:3954} INFO - Setting next_dagrun for neuralretail_retrain_pipeline to None, run_after=None
[2026-06-03T06:37:20.089+0000] {processor.py:183} INFO - Processing /opt/airflow/dags/dag_retrain_pipeline.py took 0.206 seconds
[2026-06-03T06:37:51.043+0000] {processor.py:161} INFO - Started process (PID=1712) to work on /opt/airflow/dags/dag_retrain_pipeline.py
[2026-06-03T06:37:51.048+0000] {processor.py:830} INFO - Processing file /opt/airflow/dags/dag_retrain_pipeline.py for tasks to queue
[2026-06-03T06:37:51.053+0000] {logging_mixin.py:188} INFO - [2026-06-03T06:37:51.053+0000] {dagbag.py:540} INFO - Filling up the DagBag from /opt/airflow/dags/dag_retrain_pipeline.py
[2026-06-03T06:37:51.193+0000] {processor.py:840} INFO - DAG(s) 'neuralretail_retrain_pipeline' retrieved from /opt/airflow/dags/dag_retrain_pipeline.py
[2026-06-03T06:37:51.235+0000] {logging_mixin.py:188} INFO - [2026-06-03T06:37:51.234+0000] {dag.py:3096} INFO - Sync 1 DAGs
[2026-06-03T06:37:51.260+0000] {logging_mixin.py:188} INFO - [2026-06-03T06:37:51.260+0000] {dag.py:3954} INFO - Setting next_dagrun for neuralretail_retrain_pipeline to None, run_after=None
[2026-06-03T06:37:51.292+0000] {processor.py:183} INFO - Processing /opt/airflow/dags/dag_retrain_pipeline.py took 0.257 seconds
[2026-06-03T06:38:22.157+0000] {processor.py:161} INFO - Started process (PID=1732) to work on /opt/airflow/dags/dag_retrain_pipeline.py
[2026-06-03T06:38:22.160+0000] {processor.py:830} INFO - Processing file /opt/airflow/dags/dag_retrain_pipeline.py for tasks to queue
[2026-06-03T06:38:22.164+0000] {logging_mixin.py:188} INFO - [2026-06-03T06:38:22.163+0000] {dagbag.py:540} INFO - Filling up the DagBag from /opt/airflow/dags/dag_retrain_pipeline.py
[2026-06-03T06:38:22.242+0000] {processor.py:840} INFO - DAG(s) 'neuralretail_retrain_pipeline' retrieved from /opt/airflow/dags/dag_retrain_pipeline.py
[2026-06-03T06:38:22.284+0000] {logging_mixin.py:188} INFO - [2026-06-03T06:38:22.283+0000] {dag.py:3096} INFO - Sync 1 DAGs
[2026-06-03T06:38:22.306+0000] {logging_mixin.py:188} INFO - [2026-06-03T06:38:22.305+0000] {dag.py:3954} INFO - Setting next_dagrun for neuralretail_retrain_pipeline to None, run_after=None
[2026-06-03T06:38:22.333+0000] {processor.py:183} INFO - Processing /opt/airflow/dags/dag_retrain_pipeline.py took 0.184 seconds
[2026-06-03T06:38:52.687+0000] {processor.py:161} INFO - Started process (PID=1752) to work on /opt/airflow/dags/dag_retrain_pipeline.py
[2026-06-03T06:38:52.691+0000] {processor.py:830} INFO - Processing file /opt/airflow/dags/dag_retrain_pipeline.py for tasks to queue
[2026-06-03T06:38:52.699+0000] {logging_mixin.py:188} INFO - [2026-06-03T06:38:52.697+0000] {dagbag.py:540} INFO - Filling up the DagBag from /opt/airflow/dags/dag_retrain_pipeline.py
[2026-06-03T06:38:52.764+0000] {processor.py:840} INFO - DAG(s) 'neuralretail_retrain_pipeline' retrieved from /opt/airflow/dags/dag_retrain_pipeline.py
[2026-06-03T06:38:52.793+0000] {logging_mixin.py:188} INFO - [2026-06-03T06:38:52.792+0000] {dag.py:3096} INFO - Sync 1 DAGs
[2026-06-03T06:38:52.807+0000] {logging_mixin.py:188} INFO - [2026-06-03T06:38:52.807+0000] {dag.py:3954} INFO - Setting next_dagrun for neuralretail_retrain_pipeline to None, run_after=None
[2026-06-03T06:38:52.839+0000] {processor.py:183} INFO - Processing /opt/airflow/dags/dag_retrain_pipeline.py took 0.162 seconds
[2026-06-03T06:39:23.125+0000] {processor.py:161} INFO - Started process (PID=1772) to work on /opt/airflow/dags/dag_retrain_pipeline.py
[2026-06-03T06:39:23.130+0000] {processor.py:830} INFO - Processing file /opt/airflow/dags/dag_retrain_pipeline.py for tasks to queue
[2026-06-03T06:39:23.135+0000] {logging_mixin.py:188} INFO - [2026-06-03T06:39:23.135+0000] {dagbag.py:540} INFO - Filling up the DagBag from /opt/airflow/dags/dag_retrain_pipeline.py
[2026-06-03T06:39:23.201+0000] {processor.py:840} INFO - DAG(s) 'neuralretail_retrain_pipeline' retrieved from /opt/airflow/dags/dag_retrain_pipeline.py
[2026-06-03T06:39:23.240+0000] {logging_mixin.py:188} INFO - [2026-06-03T06:39:23.239+0000] {dag.py:3096} INFO - Sync 1 DAGs
[2026-06-03T06:39:23.258+0000] {logging_mixin.py:188} INFO - [2026-06-03T06:39:23.257+0000] {dag.py:3954} INFO - Setting next_dagrun for neuralretail_retrain_pipeline to None, run_after=None
[2026-06-03T06:39:23.310+0000] {processor.py:183} INFO - Processing /opt/airflow/dags/dag_retrain_pipeline.py took 0.197 seconds
[2026-06-03T06:39:54.054+0000] {processor.py:161} INFO - Started process (PID=1792) to work on /opt/airflow/dags/dag_retrain_pipeline.py
[2026-06-03T06:39:54.059+0000] {processor.py:830} INFO - Processing file /opt/airflow/dags/dag_retrain_pipeline.py for tasks to queue
[2026-06-03T06:39:54.062+0000] {logging_mixin.py:188} INFO - [2026-06-03T06:39:54.062+0000] {dagbag.py:540} INFO - Filling up the DagBag from /opt/airflow/dags/dag_retrain_pipeline.py
[2026-06-03T06:39:54.134+0000] {processor.py:840} INFO - DAG(s) 'neuralretail_retrain_pipeline' retrieved from /opt/airflow/dags/dag_retrain_pipeline.py
[2026-06-03T06:39:54.173+0000] {logging_mixin.py:188} INFO - [2026-06-03T06:39:54.173+0000] {dag.py:3096} INFO - Sync 1 DAGs
[2026-06-03T06:39:54.191+0000] {logging_mixin.py:188} INFO - [2026-06-03T06:39:54.191+0000] {dag.py:3954} INFO - Setting next_dagrun for neuralretail_retrain_pipeline to None, run_after=None
[2026-06-03T06:39:54.222+0000] {processor.py:183} INFO - Processing /opt/airflow/dags/dag_retrain_pipeline.py took 0.173 seconds
[2026-06-03T06:40:25.073+0000] {processor.py:161} INFO - Started process (PID=1812) to work on /opt/airflow/dags/dag_retrain_pipeline.py
[2026-06-03T06:40:25.077+0000] {processor.py:830} INFO - Processing file /opt/airflow/dags/dag_retrain_pipeline.py for tasks to queue
[2026-06-03T06:40:25.082+0000] {logging_mixin.py:188} INFO - [2026-06-03T06:40:25.082+0000] {dagbag.py:540} INFO - Filling up the DagBag from /opt/airflow/dags/dag_retrain_pipeline.py
[2026-06-03T06:40:25.208+0000] {processor.py:840} INFO - DAG(s) 'neuralretail_retrain_pipeline' retrieved from /opt/airflow/dags/dag_retrain_pipeline.py
[2026-06-03T06:40:25.244+0000] {logging_mixin.py:188} INFO - [2026-06-03T06:40:25.244+0000] {dag.py:3096} INFO - Sync 1 DAGs
[2026-06-03T06:40:25.258+0000] {logging_mixin.py:188} INFO - [2026-06-03T06:40:25.258+0000] {dag.py:3954} INFO - Setting next_dagrun for neuralretail_retrain_pipeline to None, run_after=None
[2026-06-03T06:40:25.287+0000] {processor.py:183} INFO - Processing /opt/airflow/dags/dag_retrain_pipeline.py took 0.222 seconds
[2026-06-03T06:40:56.193+0000] {processor.py:161} INFO - Started process (PID=1832) to work on /opt/airflow/dags/dag_retrain_pipeline.py
[2026-06-03T06:40:56.197+0000] {processor.py:830} INFO - Processing file /opt/airflow/dags/dag_retrain_pipeline.py for tasks to queue
[2026-06-03T06:40:56.201+0000] {logging_mixin.py:188} INFO - [2026-06-03T06:40:56.200+0000] {dagbag.py:540} INFO - Filling up the DagBag from /opt/airflow/dags/dag_retrain_pipeline.py
[2026-06-03T06:40:56.291+0000] {processor.py:840} INFO - DAG(s) 'neuralretail_retrain_pipeline' retrieved from /opt/airflow/dags/dag_retrain_pipeline.py
[2026-06-03T06:40:56.327+0000] {logging_mixin.py:188} INFO - [2026-06-03T06:40:56.327+0000] {dag.py:3096} INFO - Sync 1 DAGs
[2026-06-03T06:40:56.348+0000] {logging_mixin.py:188} INFO - [2026-06-03T06:40:56.347+0000] {dag.py:3954} INFO - Setting next_dagrun for neuralretail_retrain_pipeline to None, run_after=None
[2026-06-03T06:40:56.382+0000] {processor.py:183} INFO - Processing /opt/airflow/dags/dag_retrain_pipeline.py took 0.199 seconds
[2026-06-03T06:41:26.870+0000] {processor.py:161} INFO - Started process (PID=1852) to work on /opt/airflow/dags/dag_retrain_pipeline.py
[2026-06-03T06:41:26.875+0000] {processor.py:830} INFO - Processing file /opt/airflow/dags/dag_retrain_pipeline.py for tasks to queue
[2026-06-03T06:41:26.878+0000] {logging_mixin.py:188} INFO - [2026-06-03T06:41:26.877+0000] {dagbag.py:540} INFO - Filling up the DagBag from /opt/airflow/dags/dag_retrain_pipeline.py
[2026-06-03T06:41:26.975+0000] {processor.py:840} INFO - DAG(s) 'neuralretail_retrain_pipeline' retrieved from /opt/airflow/dags/dag_retrain_pipeline.py
[2026-06-03T06:41:27.020+0000] {logging_mixin.py:188} INFO - [2026-06-03T06:41:27.019+0000] {dag.py:3096} INFO - Sync 1 DAGs
[2026-06-03T06:41:27.038+0000] {logging_mixin.py:188} INFO - [2026-06-03T06:41:27.038+0000] {dag.py:3954} INFO - Setting next_dagrun for neuralretail_retrain_pipeline to None, run_after=None
[2026-06-03T06:41:27.080+0000] {processor.py:183} INFO - Processing /opt/airflow/dags/dag_retrain_pipeline.py took 0.217 seconds
[2026-06-03T06:41:57.645+0000] {processor.py:161} INFO - Started process (PID=1872) to work on /opt/airflow/dags/dag_retrain_pipeline.py
[2026-06-03T06:41:57.648+0000] {processor.py:830} INFO - Processing file /opt/airflow/dags/dag_retrain_pipeline.py for tasks to queue
[2026-06-03T06:41:57.652+0000] {logging_mixin.py:188} INFO - [2026-06-03T06:41:57.651+0000] {dagbag.py:540} INFO - Filling up the DagBag from /opt/airflow/dags/dag_retrain_pipeline.py
[2026-06-03T06:41:57.723+0000] {processor.py:840} INFO - DAG(s) 'neuralretail_retrain_pipeline' retrieved from /opt/airflow/dags/dag_retrain_pipeline.py
[2026-06-03T06:41:57.755+0000] {logging_mixin.py:188} INFO - [2026-06-03T06:41:57.755+0000] {dag.py:3096} INFO - Sync 1 DAGs
[2026-06-03T06:41:57.769+0000] {logging_mixin.py:188} INFO - [2026-06-03T06:41:57.769+0000] {dag.py:3954} INFO - Setting next_dagrun for neuralretail_retrain_pipeline to None, run_after=None
[2026-06-03T06:41:57.797+0000] {processor.py:183} INFO - Processing /opt/airflow/dags/dag_retrain_pipeline.py took 0.165 seconds
[2026-06-03T06:42:28.101+0000] {processor.py:161} INFO - Started process (PID=1892) to work on /opt/airflow/dags/dag_retrain_pipeline.py
[2026-06-03T06:42:28.104+0000] {processor.py:830} INFO - Processing file /opt/airflow/dags/dag_retrain_pipeline.py for tasks to queue
[2026-06-03T06:42:28.108+0000] {logging_mixin.py:188} INFO - [2026-06-03T06:42:28.108+0000] {dagbag.py:540} INFO - Filling up the DagBag from /opt/airflow/dags/dag_retrain_pipeline.py
[2026-06-03T06:42:28.177+0000] {processor.py:840} INFO - DAG(s) 'neuralretail_retrain_pipeline' retrieved from /opt/airflow/dags/dag_retrain_pipeline.py
[2026-06-03T06:42:28.225+0000] {logging_mixin.py:188} INFO - [2026-06-03T06:42:28.224+0000] {dag.py:3096} INFO - Sync 1 DAGs
[2026-06-03T06:42:28.244+0000] {logging_mixin.py:188} INFO - [2026-06-03T06:42:28.244+0000] {dag.py:3954} INFO - Setting next_dagrun for neuralretail_retrain_pipeline to None, run_after=None
[2026-06-03T06:42:28.283+0000] {processor.py:183} INFO - Processing /opt/airflow/dags/dag_retrain_pipeline.py took 0.189 seconds
[2026-06-03T06:43:00.851+0000] {processor.py:161} INFO - Started process (PID=1912) to work on /opt/airflow/dags/dag_retrain_pipeline.py
[2026-06-03T06:43:00.884+0000] {processor.py:830} INFO - Processing file /opt/airflow/dags/dag_retrain_pipeline.py for tasks to queue
[2026-06-03T06:43:01.000+0000] {logging_mixin.py:188} INFO - [2026-06-03T06:43:00.999+0000] {dagbag.py:540} INFO - Filling up the DagBag from /opt/airflow/dags/dag_retrain_pipeline.py
[2026-06-03T06:43:02.186+0000] {processor.py:840} INFO - DAG(s) 'neuralretail_retrain_pipeline' retrieved from /opt/airflow/dags/dag_retrain_pipeline.py
[2026-06-03T06:43:02.275+0000] {logging_mixin.py:188} INFO - [2026-06-03T06:43:02.273+0000] {dag.py:3096} INFO - Sync 1 DAGs
[2026-06-03T06:43:02.351+0000] {logging_mixin.py:188} INFO - [2026-06-03T06:43:02.350+0000] {dag.py:3954} INFO - Setting next_dagrun for neuralretail_retrain_pipeline to None, run_after=None
[2026-06-03T06:43:02.532+0000] {processor.py:183} INFO - Processing /opt/airflow/dags/dag_retrain_pipeline.py took 1.692 seconds
[2026-06-03T06:43:36.775+0000] {processor.py:161} INFO - Started process (PID=1932) to work on /opt/airflow/dags/dag_retrain_pipeline.py
[2026-06-03T06:43:36.778+0000] {processor.py:830} INFO - Processing file /opt/airflow/dags/dag_retrain_pipeline.py for tasks to queue
[2026-06-03T06:43:36.780+0000] {logging_mixin.py:188} INFO - [2026-06-03T06:43:36.780+0000] {dagbag.py:540} INFO - Filling up the DagBag from /opt/airflow/dags/dag_retrain_pipeline.py
[2026-06-03T06:43:36.847+0000] {processor.py:840} INFO - DAG(s) 'neuralretail_retrain_pipeline' retrieved from /opt/airflow/dags/dag_retrain_pipeline.py
[2026-06-03T06:43:36.887+0000] {logging_mixin.py:188} INFO - [2026-06-03T06:43:36.887+0000] {dag.py:3096} INFO - Sync 1 DAGs
[2026-06-03T06:43:36.904+0000] {logging_mixin.py:188} INFO - [2026-06-03T06:43:36.904+0000] {dag.py:3954} INFO - Setting next_dagrun for neuralretail_retrain_pipeline to None, run_after=None
[2026-06-03T06:43:36.933+0000] {processor.py:183} INFO - Processing /opt/airflow/dags/dag_retrain_pipeline.py took 0.165 seconds
[2026-06-03T06:44:07.222+0000] {processor.py:161} INFO - Started process (PID=1952) to work on /opt/airflow/dags/dag_retrain_pipeline.py
[2026-06-03T06:44:07.225+0000] {processor.py:830} INFO - Processing file /opt/airflow/dags/dag_retrain_pipeline.py for tasks to queue
[2026-06-03T06:44:07.227+0000] {logging_mixin.py:188} INFO - [2026-06-03T06:44:07.227+0000] {dagbag.py:540} INFO - Filling up the DagBag from /opt/airflow/dags/dag_retrain_pipeline.py
[2026-06-03T06:44:07.298+0000] {processor.py:840} INFO - DAG(s) 'neuralretail_retrain_pipeline' retrieved from /opt/airflow/dags/dag_retrain_pipeline.py
[2026-06-03T06:44:07.340+0000] {logging_mixin.py:188} INFO - [2026-06-03T06:44:07.340+0000] {dag.py:3096} INFO - Sync 1 DAGs
[2026-06-03T06:44:07.358+0000] {logging_mixin.py:188} INFO - [2026-06-03T06:44:07.357+0000] {dag.py:3954} INFO - Setting next_dagrun for neuralretail_retrain_pipeline to None, run_after=None
[2026-06-03T06:44:07.392+0000] {processor.py:183} INFO - Processing /opt/airflow/dags/dag_retrain_pipeline.py took 0.182 seconds
[2026-06-03T06:44:37.876+0000] {processor.py:161} INFO - Started process (PID=1972) to work on /opt/airflow/dags/dag_retrain_pipeline.py
[2026-06-03T06:44:37.878+0000] {processor.py:830} INFO - Processing file /opt/airflow/dags/dag_retrain_pipeline.py for tasks to queue
[2026-06-03T06:44:37.881+0000] {logging_mixin.py:188} INFO - [2026-06-03T06:44:37.880+0000] {dagbag.py:540} INFO - Filling up the DagBag from /opt/airflow/dags/dag_retrain_pipeline.py
[2026-06-03T06:44:37.941+0000] {processor.py:840} INFO - DAG(s) 'neuralretail_retrain_pipeline' retrieved from /opt/airflow/dags/dag_retrain_pipeline.py
[2026-06-03T06:44:37.975+0000] {logging_mixin.py:188} INFO - [2026-06-03T06:44:37.975+0000] {dag.py:3096} INFO - Sync 1 DAGs
[2026-06-03T06:44:38.003+0000] {logging_mixin.py:188} INFO - [2026-06-03T06:44:38.003+0000] {dag.py:3954} INFO - Setting next_dagrun for neuralretail_retrain_pipeline to None, run_after=None
[2026-06-03T06:44:38.032+0000] {processor.py:183} INFO - Processing /opt/airflow/dags/dag_retrain_pipeline.py took 0.163 seconds
[2026-06-03T06:45:08.459+0000] {processor.py:161} INFO - Started process (PID=1992) to work on /opt/airflow/dags/dag_retrain_pipeline.py
[2026-06-03T06:45:08.461+0000] {processor.py:830} INFO - Processing file /opt/airflow/dags/dag_retrain_pipeline.py for tasks to queue
[2026-06-03T06:45:08.463+0000] {logging_mixin.py:188} INFO - [2026-06-03T06:45:08.462+0000] {dagbag.py:540} INFO - Filling up the DagBag from /opt/airflow/dags/dag_retrain_pipeline.py
[2026-06-03T06:45:08.547+0000] {processor.py:840} INFO - DAG(s) 'neuralretail_retrain_pipeline' retrieved from /opt/airflow/dags/dag_retrain_pipeline.py
[2026-06-03T06:45:08.573+0000] {logging_mixin.py:188} INFO - [2026-06-03T06:45:08.573+0000] {dag.py:3096} INFO - Sync 1 DAGs
[2026-06-03T06:45:08.589+0000] {logging_mixin.py:188} INFO - [2026-06-03T06:45:08.589+0000] {dag.py:3954} INFO - Setting next_dagrun for neuralretail_retrain_pipeline to None, run_after=None
[2026-06-03T06:45:08.608+0000] {processor.py:183} INFO - Processing /opt/airflow/dags/dag_retrain_pipeline.py took 0.154 seconds
[2026-06-03T06:45:39.429+0000] {processor.py:161} INFO - Started process (PID=2012) to work on /opt/airflow/dags/dag_retrain_pipeline.py
[2026-06-03T06:45:39.431+0000] {processor.py:830} INFO - Processing file /opt/airflow/dags/dag_retrain_pipeline.py for tasks to queue
[2026-06-03T06:45:39.434+0000] {logging_mixin.py:188} INFO - [2026-06-03T06:45:39.434+0000] {dagbag.py:540} INFO - Filling up the DagBag from /opt/airflow/dags/dag_retrain_pipeline.py
[2026-06-03T06:45:39.520+0000] {processor.py:840} INFO - DAG(s) 'neuralretail_retrain_pipeline' retrieved from /opt/airflow/dags/dag_retrain_pipeline.py
[2026-06-03T06:45:39.568+0000] {logging_mixin.py:188} INFO - [2026-06-03T06:45:39.567+0000] {dag.py:3096} INFO - Sync 1 DAGs
[2026-06-03T06:45:39.584+0000] {logging_mixin.py:188} INFO - [2026-06-03T06:45:39.584+0000] {dag.py:3954} INFO - Setting next_dagrun for neuralretail_retrain_pipeline to None, run_after=None
[2026-06-03T06:45:39.610+0000] {processor.py:183} INFO - Processing /opt/airflow/dags/dag_retrain_pipeline.py took 0.188 seconds
[2026-06-03T06:46:10.190+0000] {processor.py:161} INFO - Started process (PID=2032) to work on /opt/airflow/dags/dag_retrain_pipeline.py
[2026-06-03T06:46:10.201+0000] {processor.py:830} INFO - Processing file /opt/airflow/dags/dag_retrain_pipeline.py for tasks to queue
[2026-06-03T06:46:10.208+0000] {logging_mixin.py:188} INFO - [2026-06-03T06:46:10.207+0000] {dagbag.py:540} INFO - Filling up the DagBag from /opt/airflow/dags/dag_retrain_pipeline.py
[2026-06-03T06:46:10.327+0000] {processor.py:840} INFO - DAG(s) 'neuralretail_retrain_pipeline' retrieved from /opt/airflow/dags/dag_retrain_pipeline.py
[2026-06-03T06:46:10.377+0000] {logging_mixin.py:188} INFO - [2026-06-03T06:46:10.377+0000] {dag.py:3096} INFO - Sync 1 DAGs
[2026-06-03T06:46:10.399+0000] {logging_mixin.py:188} INFO - [2026-06-03T06:46:10.399+0000] {dag.py:3954} INFO - Setting next_dagrun for neuralretail_retrain_pipeline to None, run_after=None
[2026-06-03T06:46:10.435+0000] {processor.py:183} INFO - Processing /opt/airflow/dags/dag_retrain_pipeline.py took 0.254 seconds
[2026-06-03T06:46:40.995+0000] {processor.py:161} INFO - Started process (PID=2052) to work on /opt/airflow/dags/dag_retrain_pipeline.py
[2026-06-03T06:46:40.997+0000] {processor.py:830} INFO - Processing file /opt/airflow/dags/dag_retrain_pipeline.py for tasks to queue
[2026-06-03T06:46:41.000+0000] {logging_mixin.py:188} INFO - [2026-06-03T06:46:40.999+0000] {dagbag.py:540} INFO - Filling up the DagBag from /opt/airflow/dags/dag_retrain_pipeline.py
[2026-06-03T06:46:41.061+0000] {processor.py:840} INFO - DAG(s) 'neuralretail_retrain_pipeline' retrieved from /opt/airflow/dags/dag_retrain_pipeline.py
[2026-06-03T06:46:41.090+0000] {logging_mixin.py:188} INFO - [2026-06-03T06:46:41.090+0000] {dag.py:3096} INFO - Sync 1 DAGs
[2026-06-03T06:46:41.103+0000] {logging_mixin.py:188} INFO - [2026-06-03T06:46:41.103+0000] {dag.py:3954} INFO - Setting next_dagrun for neuralretail_retrain_pipeline to None, run_after=None
[2026-06-03T06:46:41.132+0000] {processor.py:183} INFO - Processing /opt/airflow/dags/dag_retrain_pipeline.py took 0.143 seconds
[2026-06-03T06:47:11.795+0000] {processor.py:161} INFO - Started process (PID=2072) to work on /opt/airflow/dags/dag_retrain_pipeline.py
[2026-06-03T06:47:11.802+0000] {processor.py:830} INFO - Processing file /opt/airflow/dags/dag_retrain_pipeline.py for tasks to queue
[2026-06-03T06:47:11.811+0000] {logging_mixin.py:188} INFO - [2026-06-03T06:47:11.811+0000] {dagbag.py:540} INFO - Filling up the DagBag from /opt/airflow/dags/dag_retrain_pipeline.py
[2026-06-03T06:47:11.971+0000] {processor.py:840} INFO - DAG(s) 'neuralretail_retrain_pipeline' retrieved from /opt/airflow/dags/dag_retrain_pipeline.py
[2026-06-03T06:47:11.993+0000] {logging_mixin.py:188} INFO - [2026-06-03T06:47:11.993+0000] {dag.py:3096} INFO - Sync 1 DAGs
[2026-06-03T06:47:12.013+0000] {logging_mixin.py:188} INFO - [2026-06-03T06:47:12.013+0000] {dag.py:3954} INFO - Setting next_dagrun for neuralretail_retrain_pipeline to None, run_after=None
[2026-06-03T06:47:12.079+0000] {processor.py:183} INFO - Processing /opt/airflow/dags/dag_retrain_pipeline.py took 0.289 seconds
[2026-06-03T06:47:42.324+0000] {processor.py:161} INFO - Started process (PID=2092) to work on /opt/airflow/dags/dag_retrain_pipeline.py
[2026-06-03T06:47:42.338+0000] {processor.py:830} INFO - Processing file /opt/airflow/dags/dag_retrain_pipeline.py for tasks to queue
[2026-06-03T06:47:42.348+0000] {logging_mixin.py:188} INFO - [2026-06-03T06:47:42.347+0000] {dagbag.py:540} INFO - Filling up the DagBag from /opt/airflow/dags/dag_retrain_pipeline.py
[2026-06-03T06:47:42.467+0000] {processor.py:840} INFO - DAG(s) 'neuralretail_retrain_pipeline' retrieved from /opt/airflow/dags/dag_retrain_pipeline.py
[2026-06-03T06:47:42.536+0000] {logging_mixin.py:188} INFO - [2026-06-03T06:47:42.535+0000] {dag.py:3096} INFO - Sync 1 DAGs
[2026-06-03T06:47:42.583+0000] {logging_mixin.py:188} INFO - [2026-06-03T06:47:42.583+0000] {dag.py:3954} INFO - Setting next_dagrun for neuralretail_retrain_pipeline to None, run_after=None
[2026-06-03T06:47:42.693+0000] {processor.py:183} INFO - Processing /opt/airflow/dags/dag_retrain_pipeline.py took 0.391 seconds
[2026-06-03T06:48:12.881+0000] {processor.py:161} INFO - Started process (PID=2112) to work on /opt/airflow/dags/dag_retrain_pipeline.py
[2026-06-03T06:48:12.882+0000] {processor.py:830} INFO - Processing file /opt/airflow/dags/dag_retrain_pipeline.py for tasks to queue
[2026-06-03T06:48:12.885+0000] {logging_mixin.py:188} INFO - [2026-06-03T06:48:12.884+0000] {dagbag.py:540} INFO - Filling up the DagBag from /opt/airflow/dags/dag_retrain_pipeline.py
[2026-06-03T06:48:12.994+0000] {processor.py:840} INFO - DAG(s) 'neuralretail_retrain_pipeline' retrieved from /opt/airflow/dags/dag_retrain_pipeline.py
[2026-06-03T06:48:13.020+0000] {logging_mixin.py:188} INFO - [2026-06-03T06:48:13.020+0000] {dag.py:3096} INFO - Sync 1 DAGs
[2026-06-03T06:48:13.030+0000] {logging_mixin.py:188} INFO - [2026-06-03T06:48:13.030+0000] {dag.py:3954} INFO - Setting next_dagrun for neuralretail_retrain_pipeline to None, run_after=None
[2026-06-03T06:48:13.048+0000] {processor.py:183} INFO - Processing /opt/airflow/dags/dag_retrain_pipeline.py took 0.173 seconds
[2026-06-03T06:48:43.390+0000] {processor.py:161} INFO - Started process (PID=2132) to work on /opt/airflow/dags/dag_retrain_pipeline.py
[2026-06-03T06:48:43.393+0000] {processor.py:830} INFO - Processing file /opt/airflow/dags/dag_retrain_pipeline.py for tasks to queue
[2026-06-03T06:48:43.396+0000] {logging_mixin.py:188} INFO - [2026-06-03T06:48:43.396+0000] {dagbag.py:540} INFO - Filling up the DagBag from /opt/airflow/dags/dag_retrain_pipeline.py
[2026-06-03T06:48:43.493+0000] {processor.py:840} INFO - DAG(s) 'neuralretail_retrain_pipeline' retrieved from /opt/airflow/dags/dag_retrain_pipeline.py
[2026-06-03T06:48:43.530+0000] {logging_mixin.py:188} INFO - [2026-06-03T06:48:43.529+0000] {dag.py:3096} INFO - Sync 1 DAGs
[2026-06-03T06:48:43.559+0000] {logging_mixin.py:188} INFO - [2026-06-03T06:48:43.558+0000] {dag.py:3954} INFO - Setting next_dagrun for neuralretail_retrain_pipeline to None, run_after=None
[2026-06-03T06:48:43.602+0000] {processor.py:183} INFO - Processing /opt/airflow/dags/dag_retrain_pipeline.py took 0.220 seconds
[2026-06-03T06:49:14.428+0000] {processor.py:161} INFO - Started process (PID=2152) to work on /opt/airflow/dags/dag_retrain_pipeline.py
[2026-06-03T06:49:14.431+0000] {processor.py:830} INFO - Processing file /opt/airflow/dags/dag_retrain_pipeline.py for tasks to queue
[2026-06-03T06:49:14.435+0000] {logging_mixin.py:188} INFO - [2026-06-03T06:49:14.435+0000] {dagbag.py:540} INFO - Filling up the DagBag from /opt/airflow/dags/dag_retrain_pipeline.py
[2026-06-03T06:49:14.562+0000] {processor.py:840} INFO - DAG(s) 'neuralretail_retrain_pipeline' retrieved from /opt/airflow/dags/dag_retrain_pipeline.py
[2026-06-03T06:49:14.610+0000] {logging_mixin.py:188} INFO - [2026-06-03T06:49:14.609+0000] {dag.py:3096} INFO - Sync 1 DAGs
[2026-06-03T06:49:14.637+0000] {logging_mixin.py:188} INFO - [2026-06-03T06:49:14.637+0000] {dag.py:3954} INFO - Setting next_dagrun for neuralretail_retrain_pipeline to None, run_after=None
[2026-06-03T06:49:14.680+0000] {processor.py:183} INFO - Processing /opt/airflow/dags/dag_retrain_pipeline.py took 0.263 seconds
[2026-06-03T09:47:11.522+0000] {processor.py:161} INFO - Started process (PID=172) to work on /opt/airflow/dags/dag_retrain_pipeline.py
[2026-06-03T09:47:11.523+0000] {processor.py:830} INFO - Processing file /opt/airflow/dags/dag_retrain_pipeline.py for tasks to queue
[2026-06-03T09:47:11.525+0000] {logging_mixin.py:188} INFO - [2026-06-03T09:47:11.525+0000] {dagbag.py:540} INFO - Filling up the DagBag from /opt/airflow/dags/dag_retrain_pipeline.py
[2026-06-03T09:47:11.579+0000] {processor.py:840} INFO - DAG(s) 'neuralretail_retrain_pipeline' retrieved from /opt/airflow/dags/dag_retrain_pipeline.py
[2026-06-03T09:47:11.735+0000] {logging_mixin.py:188} INFO - [2026-06-03T09:47:11.735+0000] {dag.py:3096} INFO - Sync 1 DAGs
[2026-06-03T09:47:11.747+0000] {logging_mixin.py:188} INFO - [2026-06-03T09:47:11.747+0000] {dag.py:3954} INFO - Setting next_dagrun for neuralretail_retrain_pipeline to None, run_after=None
[2026-06-03T09:47:11.784+0000] {processor.py:183} INFO - Processing /opt/airflow/dags/dag_retrain_pipeline.py took 0.267 seconds
[2026-06-03T09:47:42.141+0000] {processor.py:161} INFO - Started process (PID=192) to work on /opt/airflow/dags/dag_retrain_pipeline.py
[2026-06-03T09:47:42.142+0000] {processor.py:830} INFO - Processing file /opt/airflow/dags/dag_retrain_pipeline.py for tasks to queue
[2026-06-03T09:47:42.145+0000] {logging_mixin.py:188} INFO - [2026-06-03T09:47:42.144+0000] {dagbag.py:540} INFO - Filling up the DagBag from /opt/airflow/dags/dag_retrain_pipeline.py
[2026-06-03T09:47:42.195+0000] {processor.py:840} INFO - DAG(s) 'neuralretail_retrain_pipeline' retrieved from /opt/airflow/dags/dag_retrain_pipeline.py
[2026-06-03T09:47:42.235+0000] {logging_mixin.py:188} INFO - [2026-06-03T09:47:42.234+0000] {dag.py:3096} INFO - Sync 1 DAGs
[2026-06-03T09:47:42.259+0000] {logging_mixin.py:188} INFO - [2026-06-03T09:47:42.259+0000] {dag.py:3954} INFO - Setting next_dagrun for neuralretail_retrain_pipeline to None, run_after=None
[2026-06-03T09:47:42.308+0000] {processor.py:183} INFO - Processing /opt/airflow/dags/dag_retrain_pipeline.py took 0.174 seconds
[2026-06-03T09:48:12.620+0000] {processor.py:161} INFO - Started process (PID=212) to work on /opt/airflow/dags/dag_retrain_pipeline.py
[2026-06-03T09:48:12.622+0000] {processor.py:830} INFO - Processing file /opt/airflow/dags/dag_retrain_pipeline.py for tasks to queue
[2026-06-03T09:48:12.625+0000] {logging_mixin.py:188} INFO - [2026-06-03T09:48:12.625+0000] {dagbag.py:540} INFO - Filling up the DagBag from /opt/airflow/dags/dag_retrain_pipeline.py
[2026-06-03T09:48:12.693+0000] {processor.py:840} INFO - DAG(s) 'neuralretail_retrain_pipeline' retrieved from /opt/airflow/dags/dag_retrain_pipeline.py
[2026-06-03T09:48:12.761+0000] {logging_mixin.py:188} INFO - [2026-06-03T09:48:12.760+0000] {dag.py:3096} INFO - Sync 1 DAGs
[2026-06-03T09:48:12.792+0000] {logging_mixin.py:188} INFO - [2026-06-03T09:48:12.792+0000] {dag.py:3954} INFO - Setting next_dagrun for neuralretail_retrain_pipeline to None, run_after=None
[2026-06-03T09:48:12.832+0000] {processor.py:183} INFO - Processing /opt/airflow/dags/dag_retrain_pipeline.py took 0.222 seconds
[2026-06-03T09:48:43.190+0000] {processor.py:161} INFO - Started process (PID=232) to work on /opt/airflow/dags/dag_retrain_pipeline.py
[2026-06-03T09:48:43.194+0000] {processor.py:830} INFO - Processing file /opt/airflow/dags/dag_retrain_pipeline.py for tasks to queue
[2026-06-03T09:48:43.206+0000] {logging_mixin.py:188} INFO - [2026-06-03T09:48:43.205+0000] {dagbag.py:540} INFO - Filling up the DagBag from /opt/airflow/dags/dag_retrain_pipeline.py
[2026-06-03T09:48:43.683+0000] {processor.py:840} INFO - DAG(s) 'neuralretail_retrain_pipeline' retrieved from /opt/airflow/dags/dag_retrain_pipeline.py
[2026-06-03T09:48:43.731+0000] {logging_mixin.py:188} INFO - [2026-06-03T09:48:43.731+0000] {dag.py:3096} INFO - Sync 1 DAGs
[2026-06-03T09:48:43.770+0000] {logging_mixin.py:188} INFO - [2026-06-03T09:48:43.770+0000] {dag.py:3954} INFO - Setting next_dagrun for neuralretail_retrain_pipeline to None, run_after=None
[2026-06-03T09:48:43.874+0000] {processor.py:183} INFO - Processing /opt/airflow/dags/dag_retrain_pipeline.py took 0.704 seconds
[2026-06-03T09:49:14.835+0000] {processor.py:161} INFO - Started process (PID=252) to work on /opt/airflow/dags/dag_retrain_pipeline.py
[2026-06-03T09:49:14.839+0000] {processor.py:830} INFO - Processing file /opt/airflow/dags/dag_retrain_pipeline.py for tasks to queue
[2026-06-03T09:49:14.846+0000] {logging_mixin.py:188} INFO - [2026-06-03T09:49:14.845+0000] {dagbag.py:540} INFO - Filling up the DagBag from /opt/airflow/dags/dag_retrain_pipeline.py
[2026-06-03T09:49:14.926+0000] {processor.py:840} INFO - DAG(s) 'neuralretail_retrain_pipeline' retrieved from /opt/airflow/dags/dag_retrain_pipeline.py
[2026-06-03T09:49:14.959+0000] {logging_mixin.py:188} INFO - [2026-06-03T09:49:14.959+0000] {dag.py:3096} INFO - Sync 1 DAGs
[2026-06-03T09:49:14.977+0000] {logging_mixin.py:188} INFO - [2026-06-03T09:49:14.976+0000] {dag.py:3954} INFO - Setting next_dagrun for neuralretail_retrain_pipeline to None, run_after=None
[2026-06-03T09:49:15.009+0000] {processor.py:183} INFO - Processing /opt/airflow/dags/dag_retrain_pipeline.py took 0.193 seconds
[2026-06-03T09:49:45.862+0000] {processor.py:161} INFO - Started process (PID=272) to work on /opt/airflow/dags/dag_retrain_pipeline.py
[2026-06-03T09:49:45.866+0000] {processor.py:830} INFO - Processing file /opt/airflow/dags/dag_retrain_pipeline.py for tasks to queue
[2026-06-03T09:49:45.873+0000] {logging_mixin.py:188} INFO - [2026-06-03T09:49:45.873+0000] {dagbag.py:540} INFO - Filling up the DagBag from /opt/airflow/dags/dag_retrain_pipeline.py
[2026-06-03T09:49:45.956+0000] {processor.py:840} INFO - DAG(s) 'neuralretail_retrain_pipeline' retrieved from /opt/airflow/dags/dag_retrain_pipeline.py
[2026-06-03T09:49:46.007+0000] {logging_mixin.py:188} INFO - [2026-06-03T09:49:46.007+0000] {dag.py:3096} INFO - Sync 1 DAGs
[2026-06-03T09:49:46.027+0000] {logging_mixin.py:188} INFO - [2026-06-03T09:49:46.027+0000] {dag.py:3954} INFO - Setting next_dagrun for neuralretail_retrain_pipeline to None, run_after=None
[2026-06-03T09:49:46.066+0000] {processor.py:183} INFO - Processing /opt/airflow/dags/dag_retrain_pipeline.py took 0.209 seconds
[2026-06-03T09:50:16.308+0000] {processor.py:161} INFO - Started process (PID=292) to work on /opt/airflow/dags/dag_retrain_pipeline.py
[2026-06-03T09:50:16.310+0000] {processor.py:830} INFO - Processing file /opt/airflow/dags/dag_retrain_pipeline.py for tasks to queue
[2026-06-03T09:50:16.314+0000] {logging_mixin.py:188} INFO - [2026-06-03T09:50:16.313+0000] {dagbag.py:540} INFO - Filling up the DagBag from /opt/airflow/dags/dag_retrain_pipeline.py
[2026-06-03T09:50:16.390+0000] {processor.py:840} INFO - DAG(s) 'neuralretail_retrain_pipeline' retrieved from /opt/airflow/dags/dag_retrain_pipeline.py
[2026-06-03T09:50:16.417+0000] {logging_mixin.py:188} INFO - [2026-06-03T09:50:16.417+0000] {dag.py:3096} INFO - Sync 1 DAGs
[2026-06-03T09:50:16.439+0000] {logging_mixin.py:188} INFO - [2026-06-03T09:50:16.438+0000] {dag.py:3954} INFO - Setting next_dagrun for neuralretail_retrain_pipeline to None, run_after=None
[2026-06-03T09:50:16.469+0000] {processor.py:183} INFO - Processing /opt/airflow/dags/dag_retrain_pipeline.py took 0.169 seconds
[2026-06-03T09:50:46.817+0000] {processor.py:161} INFO - Started process (PID=312) to work on /opt/airflow/dags/dag_retrain_pipeline.py
[2026-06-03T09:50:46.821+0000] {processor.py:830} INFO - Processing file /opt/airflow/dags/dag_retrain_pipeline.py for tasks to queue
[2026-06-03T09:50:46.824+0000] {logging_mixin.py:188} INFO - [2026-06-03T09:50:46.824+0000] {dagbag.py:540} INFO - Filling up the DagBag from /opt/airflow/dags/dag_retrain_pipeline.py
[2026-06-03T09:50:46.899+0000] {processor.py:840} INFO - DAG(s) 'neuralretail_retrain_pipeline' retrieved from /opt/airflow/dags/dag_retrain_pipeline.py
[2026-06-03T09:50:46.946+0000] {logging_mixin.py:188} INFO - [2026-06-03T09:50:46.946+0000] {dag.py:3096} INFO - Sync 1 DAGs
[2026-06-03T09:50:46.971+0000] {logging_mixin.py:188} INFO - [2026-06-03T09:50:46.970+0000] {dag.py:3954} INFO - Setting next_dagrun for neuralretail_retrain_pipeline to None, run_after=None
[2026-06-03T09:50:47.010+0000] {processor.py:183} INFO - Processing /opt/airflow/dags/dag_retrain_pipeline.py took 0.199 seconds
[2026-06-03T09:51:17.337+0000] {processor.py:161} INFO - Started process (PID=332) to work on /opt/airflow/dags/dag_retrain_pipeline.py
[2026-06-03T09:51:17.340+0000] {processor.py:830} INFO - Processing file /opt/airflow/dags/dag_retrain_pipeline.py for tasks to queue
[2026-06-03T09:51:17.345+0000] {logging_mixin.py:188} INFO - [2026-06-03T09:51:17.345+0000] {dagbag.py:540} INFO - Filling up the DagBag from /opt/airflow/dags/dag_retrain_pipeline.py
[2026-06-03T09:51:17.403+0000] {processor.py:840} INFO - DAG(s) 'neuralretail_retrain_pipeline' retrieved from /opt/airflow/dags/dag_retrain_pipeline.py
[2026-06-03T09:51:17.446+0000] {logging_mixin.py:188} INFO - [2026-06-03T09:51:17.446+0000] {dag.py:3096} INFO - Sync 1 DAGs
[2026-06-03T09:51:17.479+0000] {logging_mixin.py:188} INFO - [2026-06-03T09:51:17.478+0000] {dag.py:3954} INFO - Setting next_dagrun for neuralretail_retrain_pipeline to None, run_after=None
[2026-06-03T09:51:17.536+0000] {processor.py:183} INFO - Processing /opt/airflow/dags/dag_retrain_pipeline.py took 0.207 seconds
[2026-06-03T09:51:48.014+0000] {processor.py:161} INFO - Started process (PID=352) to work on /opt/airflow/dags/dag_retrain_pipeline.py
[2026-06-03T09:51:48.016+0000] {processor.py:830} INFO - Processing file /opt/airflow/dags/dag_retrain_pipeline.py for tasks to queue
[2026-06-03T09:51:48.018+0000] {logging_mixin.py:188} INFO - [2026-06-03T09:51:48.018+0000] {dagbag.py:540} INFO - Filling up the DagBag from /opt/airflow/dags/dag_retrain_pipeline.py
[2026-06-03T09:51:48.185+0000] {processor.py:840} INFO - DAG(s) 'neuralretail_retrain_pipeline' retrieved from /opt/airflow/dags/dag_retrain_pipeline.py
[2026-06-03T09:51:48.225+0000] {logging_mixin.py:188} INFO - [2026-06-03T09:51:48.225+0000] {dag.py:3096} INFO - Sync 1 DAGs
[2026-06-03T09:51:48.245+0000] {logging_mixin.py:188} INFO - [2026-06-03T09:51:48.244+0000] {dag.py:3954} INFO - Setting next_dagrun for neuralretail_retrain_pipeline to None, run_after=None
[2026-06-03T09:51:48.318+0000] {processor.py:183} INFO - Processing /opt/airflow/dags/dag_retrain_pipeline.py took 0.312 seconds
[2026-06-03T09:52:19.059+0000] {processor.py:161} INFO - Started process (PID=372) to work on /opt/airflow/dags/dag_retrain_pipeline.py
[2026-06-03T09:52:19.061+0000] {processor.py:830} INFO - Processing file /opt/airflow/dags/dag_retrain_pipeline.py for tasks to queue
[2026-06-03T09:52:19.064+0000] {logging_mixin.py:188} INFO - [2026-06-03T09:52:19.064+0000] {dagbag.py:540} INFO - Filling up the DagBag from /opt/airflow/dags/dag_retrain_pipeline.py
[2026-06-03T09:52:19.116+0000] {processor.py:840} INFO - DAG(s) 'neuralretail_retrain_pipeline' retrieved from /opt/airflow/dags/dag_retrain_pipeline.py
[2026-06-03T09:52:19.141+0000] {logging_mixin.py:188} INFO - [2026-06-03T09:52:19.140+0000] {dag.py:3096} INFO - Sync 1 DAGs
[2026-06-03T09:52:19.154+0000] {logging_mixin.py:188} INFO - [2026-06-03T09:52:19.154+0000] {dag.py:3954} INFO - Setting next_dagrun for neuralretail_retrain_pipeline to None, run_after=None
[2026-06-03T09:52:19.174+0000] {processor.py:183} INFO - Processing /opt/airflow/dags/dag_retrain_pipeline.py took 0.123 seconds
[2026-06-03T09:52:49.628+0000] {processor.py:161} INFO - Started process (PID=392) to work on /opt/airflow/dags/dag_retrain_pipeline.py
[2026-06-03T09:52:49.629+0000] {processor.py:830} INFO - Processing file /opt/airflow/dags/dag_retrain_pipeline.py for tasks to queue
[2026-06-03T09:52:49.631+0000] {logging_mixin.py:188} INFO - [2026-06-03T09:52:49.631+0000] {dagbag.py:540} INFO - Filling up the DagBag from /opt/airflow/dags/dag_retrain_pipeline.py
[2026-06-03T09:52:49.695+0000] {processor.py:840} INFO - DAG(s) 'neuralretail_retrain_pipeline' retrieved from /opt/airflow/dags/dag_retrain_pipeline.py
[2026-06-03T09:52:49.720+0000] {logging_mixin.py:188} INFO - [2026-06-03T09:52:49.720+0000] {dag.py:3096} INFO - Sync 1 DAGs
[2026-06-03T09:52:49.731+0000] {logging_mixin.py:188} INFO - [2026-06-03T09:52:49.731+0000] {dag.py:3954} INFO - Setting next_dagrun for neuralretail_retrain_pipeline to None, run_after=None
[2026-06-03T09:52:49.750+0000] {processor.py:183} INFO - Processing /opt/airflow/dags/dag_retrain_pipeline.py took 0.128 seconds
[2026-06-03T09:53:20.049+0000] {processor.py:161} INFO - Started process (PID=412) to work on /opt/airflow/dags/dag_retrain_pipeline.py
[2026-06-03T09:53:20.060+0000] {processor.py:830} INFO - Processing file /opt/airflow/dags/dag_retrain_pipeline.py for tasks to queue
[2026-06-03T09:53:20.065+0000] {logging_mixin.py:188} INFO - [2026-06-03T09:53:20.064+0000] {dagbag.py:540} INFO - Filling up the DagBag from /opt/airflow/dags/dag_retrain_pipeline.py
[2026-06-03T09:53:20.184+0000] {processor.py:840} INFO - DAG(s) 'neuralretail_retrain_pipeline' retrieved from /opt/airflow/dags/dag_retrain_pipeline.py
[2026-06-03T09:53:20.235+0000] {logging_mixin.py:188} INFO - [2026-06-03T09:53:20.235+0000] {dag.py:3096} INFO - Sync 1 DAGs
[2026-06-03T09:53:20.269+0000] {logging_mixin.py:188} INFO - [2026-06-03T09:53:20.269+0000] {dag.py:3954} INFO - Setting next_dagrun for neuralretail_retrain_pipeline to None, run_after=None
[2026-06-03T09:53:20.322+0000] {processor.py:183} INFO - Processing /opt/airflow/dags/dag_retrain_pipeline.py took 0.280 seconds
[2026-06-03T09:53:51.402+0000] {processor.py:161} INFO - Started process (PID=432) to work on /opt/airflow/dags/dag_retrain_pipeline.py
[2026-06-03T09:53:51.404+0000] {processor.py:830} INFO - Processing file /opt/airflow/dags/dag_retrain_pipeline.py for tasks to queue
[2026-06-03T09:53:51.408+0000] {logging_mixin.py:188} INFO - [2026-06-03T09:53:51.407+0000] {dagbag.py:540} INFO - Filling up the DagBag from /opt/airflow/dags/dag_retrain_pipeline.py
[2026-06-03T09:53:51.473+0000] {processor.py:840} INFO - DAG(s) 'neuralretail_retrain_pipeline' retrieved from /opt/airflow/dags/dag_retrain_pipeline.py
[2026-06-03T09:53:51.511+0000] {logging_mixin.py:188} INFO - [2026-06-03T09:53:51.511+0000] {dag.py:3096} INFO - Sync 1 DAGs
[2026-06-03T09:53:51.528+0000] {logging_mixin.py:188} INFO - [2026-06-03T09:53:51.528+0000] {dag.py:3954} INFO - Setting next_dagrun for neuralretail_retrain_pipeline to None, run_after=None
[2026-06-03T09:53:51.556+0000] {processor.py:183} INFO - Processing /opt/airflow/dags/dag_retrain_pipeline.py took 0.165 seconds
[2026-06-03T09:54:21.890+0000] {processor.py:161} INFO - Started process (PID=452) to work on /opt/airflow/dags/dag_retrain_pipeline.py
[2026-06-03T09:54:21.893+0000] {processor.py:830} INFO - Processing file /opt/airflow/dags/dag_retrain_pipeline.py for tasks to queue
[2026-06-03T09:54:21.901+0000] {logging_mixin.py:188} INFO - [2026-06-03T09:54:21.900+0000] {dagbag.py:540} INFO - Filling up the DagBag from /opt/airflow/dags/dag_retrain_pipeline.py
[2026-06-03T09:54:22.004+0000] {processor.py:840} INFO - DAG(s) 'neuralretail_retrain_pipeline' retrieved from /opt/airflow/dags/dag_retrain_pipeline.py
[2026-06-03T09:54:22.065+0000] {logging_mixin.py:188} INFO - [2026-06-03T09:54:22.064+0000] {dag.py:3096} INFO - Sync 1 DAGs
[2026-06-03T09:54:22.095+0000] {logging_mixin.py:188} INFO - [2026-06-03T09:54:22.094+0000] {dag.py:3954} INFO - Setting next_dagrun for neuralretail_retrain_pipeline to None, run_after=None
[2026-06-03T09:54:22.149+0000] {processor.py:183} INFO - Processing /opt/airflow/dags/dag_retrain_pipeline.py took 0.276 seconds
[2026-06-03T09:54:52.578+0000] {processor.py:161} INFO - Started process (PID=472) to work on /opt/airflow/dags/dag_retrain_pipeline.py
[2026-06-03T09:54:52.581+0000] {processor.py:830} INFO - Processing file /opt/airflow/dags/dag_retrain_pipeline.py for tasks to queue
[2026-06-03T09:54:52.584+0000] {logging_mixin.py:188} INFO - [2026-06-03T09:54:52.583+0000] {dagbag.py:540} INFO - Filling up the DagBag from /opt/airflow/dags/dag_retrain_pipeline.py
[2026-06-03T09:54:52.683+0000] {processor.py:840} INFO - DAG(s) 'neuralretail_retrain_pipeline' retrieved from /opt/airflow/dags/dag_retrain_pipeline.py
[2026-06-03T09:54:52.747+0000] {logging_mixin.py:188} INFO - [2026-06-03T09:54:52.746+0000] {dag.py:3096} INFO - Sync 1 DAGs
[2026-06-03T09:54:52.779+0000] {logging_mixin.py:188} INFO - [2026-06-03T09:54:52.778+0000] {dag.py:3954} INFO - Setting next_dagrun for neuralretail_retrain_pipeline to None, run_after=None
[2026-06-03T09:54:52.816+0000] {processor.py:183} INFO - Processing /opt/airflow/dags/dag_retrain_pipeline.py took 0.248 seconds
[2026-06-03T09:55:22.975+0000] {processor.py:161} INFO - Started process (PID=492) to work on /opt/airflow/dags/dag_retrain_pipeline.py
[2026-06-03T09:55:22.978+0000] {processor.py:830} INFO - Processing file /opt/airflow/dags/dag_retrain_pipeline.py for tasks to queue
[2026-06-03T09:55:22.981+0000] {logging_mixin.py:188} INFO - [2026-06-03T09:55:22.980+0000] {dagbag.py:540} INFO - Filling up the DagBag from /opt/airflow/dags/dag_retrain_pipeline.py
[2026-06-03T09:55:23.063+0000] {processor.py:840} INFO - DAG(s) 'neuralretail_retrain_pipeline' retrieved from /opt/airflow/dags/dag_retrain_pipeline.py
[2026-06-03T09:55:23.119+0000] {logging_mixin.py:188} INFO - [2026-06-03T09:55:23.118+0000] {dag.py:3096} INFO - Sync 1 DAGs
[2026-06-03T09:55:23.150+0000] {logging_mixin.py:188} INFO - [2026-06-03T09:55:23.150+0000] {dag.py:3954} INFO - Setting next_dagrun for neuralretail_retrain_pipeline to None, run_after=None
[2026-06-03T09:55:23.184+0000] {processor.py:183} INFO - Processing /opt/airflow/dags/dag_retrain_pipeline.py took 0.221 seconds
[2026-06-03T09:55:53.847+0000] {processor.py:161} INFO - Started process (PID=512) to work on /opt/airflow/dags/dag_retrain_pipeline.py
[2026-06-03T09:55:53.861+0000] {processor.py:830} INFO - Processing file /opt/airflow/dags/dag_retrain_pipeline.py for tasks to queue
[2026-06-03T09:55:53.869+0000] {logging_mixin.py:188} INFO - [2026-06-03T09:55:53.868+0000] {dagbag.py:540} INFO - Filling up the DagBag from /opt/airflow/dags/dag_retrain_pipeline.py
[2026-06-03T09:55:54.058+0000] {processor.py:840} INFO - DAG(s) 'neuralretail_retrain_pipeline' retrieved from /opt/airflow/dags/dag_retrain_pipeline.py
[2026-06-03T09:55:54.090+0000] {logging_mixin.py:188} INFO - [2026-06-03T09:55:54.089+0000] {dag.py:3096} INFO - Sync 1 DAGs
[2026-06-03T09:55:54.107+0000] {logging_mixin.py:188} INFO - [2026-06-03T09:55:54.107+0000] {dag.py:3954} INFO - Setting next_dagrun for neuralretail_retrain_pipeline to None, run_after=None
[2026-06-03T09:55:54.135+0000] {processor.py:183} INFO - Processing /opt/airflow/dags/dag_retrain_pipeline.py took 0.297 seconds
[2026-06-03T09:56:24.712+0000] {processor.py:161} INFO - Started process (PID=532) to work on /opt/airflow/dags/dag_retrain_pipeline.py
[2026-06-03T09:56:24.715+0000] {processor.py:830} INFO - Processing file /opt/airflow/dags/dag_retrain_pipeline.py for tasks to queue
[2026-06-03T09:56:24.722+0000] {logging_mixin.py:188} INFO - [2026-06-03T09:56:24.721+0000] {dagbag.py:540} INFO - Filling up the DagBag from /opt/airflow/dags/dag_retrain_pipeline.py
[2026-06-03T09:56:24.828+0000] {processor.py:840} INFO - DAG(s) 'neuralretail_retrain_pipeline' retrieved from /opt/airflow/dags/dag_retrain_pipeline.py
[2026-06-03T09:56:24.878+0000] {logging_mixin.py:188} INFO - [2026-06-03T09:56:24.878+0000] {dag.py:3096} INFO - Sync 1 DAGs
[2026-06-03T09:56:24.908+0000] {logging_mixin.py:188} INFO - [2026-06-03T09:56:24.908+0000] {dag.py:3954} INFO - Setting next_dagrun for neuralretail_retrain_pipeline to None, run_after=None
[2026-06-03T09:56:24.929+0000] {processor.py:183} INFO - Processing /opt/airflow/dags/dag_retrain_pipeline.py took 0.223 seconds
[2026-06-03T09:56:55.346+0000] {processor.py:161} INFO - Started process (PID=552) to work on /opt/airflow/dags/dag_retrain_pipeline.py
[2026-06-03T09:56:55.350+0000] {processor.py:830} INFO - Processing file /opt/airflow/dags/dag_retrain_pipeline.py for tasks to queue
[2026-06-03T09:56:55.356+0000] {logging_mixin.py:188} INFO - [2026-06-03T09:56:55.356+0000] {dagbag.py:540} INFO - Filling up the DagBag from /opt/airflow/dags/dag_retrain_pipeline.py
[2026-06-03T09:56:55.457+0000] {processor.py:840} INFO - DAG(s) 'neuralretail_retrain_pipeline' retrieved from /opt/airflow/dags/dag_retrain_pipeline.py
[2026-06-03T09:56:55.484+0000] {logging_mixin.py:188} INFO - [2026-06-03T09:56:55.484+0000] {dag.py:3096} INFO - Sync 1 DAGs
[2026-06-03T09:56:55.498+0000] {logging_mixin.py:188} INFO - [2026-06-03T09:56:55.497+0000] {dag.py:3954} INFO - Setting next_dagrun for neuralretail_retrain_pipeline to None, run_after=None
[2026-06-03T09:56:55.520+0000] {processor.py:183} INFO - Processing /opt/airflow/dags/dag_retrain_pipeline.py took 0.180 seconds
[2026-06-03T09:57:26.269+0000] {processor.py:161} INFO - Started process (PID=572) to work on /opt/airflow/dags/dag_retrain_pipeline.py
[2026-06-03T09:57:26.285+0000] {processor.py:830} INFO - Processing file /opt/airflow/dags/dag_retrain_pipeline.py for tasks to queue
[2026-06-03T09:57:26.295+0000] {logging_mixin.py:188} INFO - [2026-06-03T09:57:26.293+0000] {dagbag.py:540} INFO - Filling up the DagBag from /opt/airflow/dags/dag_retrain_pipeline.py
[2026-06-03T09:57:26.380+0000] {processor.py:840} INFO - DAG(s) 'neuralretail_retrain_pipeline' retrieved from /opt/airflow/dags/dag_retrain_pipeline.py
[2026-06-03T09:57:26.409+0000] {logging_mixin.py:188} INFO - [2026-06-03T09:57:26.408+0000] {dag.py:3096} INFO - Sync 1 DAGs
[2026-06-03T09:57:26.423+0000] {logging_mixin.py:188} INFO - [2026-06-03T09:57:26.423+0000] {dag.py:3954} INFO - Setting next_dagrun for neuralretail_retrain_pipeline to None, run_after=None
[2026-06-03T09:57:26.456+0000] {processor.py:183} INFO - Processing /opt/airflow/dags/dag_retrain_pipeline.py took 0.205 seconds
[2026-06-03T09:57:57.382+0000] {processor.py:161} INFO - Started process (PID=592) to work on /opt/airflow/dags/dag_retrain_pipeline.py
[2026-06-03T09:57:57.385+0000] {processor.py:830} INFO - Processing file /opt/airflow/dags/dag_retrain_pipeline.py for tasks to queue
[2026-06-03T09:57:57.401+0000] {logging_mixin.py:188} INFO - [2026-06-03T09:57:57.400+0000] {dagbag.py:540} INFO - Filling up the DagBag from /opt/airflow/dags/dag_retrain_pipeline.py
[2026-06-03T09:57:57.483+0000] {processor.py:840} INFO - DAG(s) 'neuralretail_retrain_pipeline' retrieved from /opt/airflow/dags/dag_retrain_pipeline.py
[2026-06-03T09:57:57.513+0000] {logging_mixin.py:188} INFO - [2026-06-03T09:57:57.513+0000] {dag.py:3096} INFO - Sync 1 DAGs
[2026-06-03T09:57:57.529+0000] {logging_mixin.py:188} INFO - [2026-06-03T09:57:57.529+0000] {dag.py:3954} INFO - Setting next_dagrun for neuralretail_retrain_pipeline to None, run_after=None
[2026-06-03T09:57:57.577+0000] {processor.py:183} INFO - Processing /opt/airflow/dags/dag_retrain_pipeline.py took 0.200 seconds
[2026-06-03T09:58:28.557+0000] {processor.py:161} INFO - Started process (PID=612) to work on /opt/airflow/dags/dag_retrain_pipeline.py
[2026-06-03T09:58:28.559+0000] {processor.py:830} INFO - Processing file /opt/airflow/dags/dag_retrain_pipeline.py for tasks to queue
[2026-06-03T09:58:28.563+0000] {logging_mixin.py:188} INFO - [2026-06-03T09:58:28.562+0000] {dagbag.py:540} INFO - Filling up the DagBag from /opt/airflow/dags/dag_retrain_pipeline.py
[2026-06-03T09:58:28.647+0000] {processor.py:840} INFO - DAG(s) 'neuralretail_retrain_pipeline' retrieved from /opt/airflow/dags/dag_retrain_pipeline.py
[2026-06-03T09:58:28.672+0000] {logging_mixin.py:188} INFO - [2026-06-03T09:58:28.671+0000] {dag.py:3096} INFO - Sync 1 DAGs
[2026-06-03T09:58:28.688+0000] {logging_mixin.py:188} INFO - [2026-06-03T09:58:28.688+0000] {dag.py:3954} INFO - Setting next_dagrun for neuralretail_retrain_pipeline to None, run_after=None
[2026-06-03T09:58:28.714+0000] {processor.py:183} INFO - Processing /opt/airflow/dags/dag_retrain_pipeline.py took 0.166 seconds
[2026-06-03T09:58:59.080+0000] {processor.py:161} INFO - Started process (PID=632) to work on /opt/airflow/dags/dag_retrain_pipeline.py
[2026-06-03T09:58:59.082+0000] {processor.py:830} INFO - Processing file /opt/airflow/dags/dag_retrain_pipeline.py for tasks to queue
[2026-06-03T09:58:59.084+0000] {logging_mixin.py:188} INFO - [2026-06-03T09:58:59.084+0000] {dagbag.py:540} INFO - Filling up the DagBag from /opt/airflow/dags/dag_retrain_pipeline.py
[2026-06-03T09:58:59.186+0000] {processor.py:840} INFO - DAG(s) 'neuralretail_retrain_pipeline' retrieved from /opt/airflow/dags/dag_retrain_pipeline.py
[2026-06-03T09:58:59.227+0000] {logging_mixin.py:188} INFO - [2026-06-03T09:58:59.227+0000] {dag.py:3096} INFO - Sync 1 DAGs
[2026-06-03T09:58:59.245+0000] {logging_mixin.py:188} INFO - [2026-06-03T09:58:59.245+0000] {dag.py:3954} INFO - Setting next_dagrun for neuralretail_retrain_pipeline to None, run_after=None
[2026-06-03T09:58:59.276+0000] {processor.py:183} INFO - Processing /opt/airflow/dags/dag_retrain_pipeline.py took 0.205 seconds
[2026-06-03T09:59:29.530+0000] {processor.py:161} INFO - Started process (PID=652) to work on /opt/airflow/dags/dag_retrain_pipeline.py
[2026-06-03T09:59:29.535+0000] {processor.py:830} INFO - Processing file /opt/airflow/dags/dag_retrain_pipeline.py for tasks to queue
[2026-06-03T09:59:29.544+0000] {logging_mixin.py:188} INFO - [2026-06-03T09:59:29.542+0000] {dagbag.py:540} INFO - Filling up the DagBag from /opt/airflow/dags/dag_retrain_pipeline.py
[2026-06-03T09:59:29.697+0000] {processor.py:840} INFO - DAG(s) 'neuralretail_retrain_pipeline' retrieved from /opt/airflow/dags/dag_retrain_pipeline.py
[2026-06-03T09:59:29.752+0000] {logging_mixin.py:188} INFO - [2026-06-03T09:59:29.752+0000] {dag.py:3096} INFO - Sync 1 DAGs
[2026-06-03T09:59:29.779+0000] {logging_mixin.py:188} INFO - [2026-06-03T09:59:29.778+0000] {dag.py:3954} INFO - Setting next_dagrun for neuralretail_retrain_pipeline to None, run_after=None
[2026-06-03T09:59:29.825+0000] {processor.py:183} INFO - Processing /opt/airflow/dags/dag_retrain_pipeline.py took 0.313 seconds
[2026-06-03T10:00:00.142+0000] {processor.py:161} INFO - Started process (PID=672) to work on /opt/airflow/dags/dag_retrain_pipeline.py
[2026-06-03T10:00:00.149+0000] {processor.py:830} INFO - Processing file /opt/airflow/dags/dag_retrain_pipeline.py for tasks to queue
[2026-06-03T10:00:00.156+0000] {logging_mixin.py:188} INFO - [2026-06-03T10:00:00.155+0000] {dagbag.py:540} INFO - Filling up the DagBag from /opt/airflow/dags/dag_retrain_pipeline.py
[2026-06-03T10:00:00.271+0000] {processor.py:840} INFO - DAG(s) 'neuralretail_retrain_pipeline' retrieved from /opt/airflow/dags/dag_retrain_pipeline.py
[2026-06-03T10:00:00.313+0000] {logging_mixin.py:188} INFO - [2026-06-03T10:00:00.312+0000] {dag.py:3096} INFO - Sync 1 DAGs
[2026-06-03T10:00:00.337+0000] {logging_mixin.py:188} INFO - [2026-06-03T10:00:00.336+0000] {dag.py:3954} INFO - Setting next_dagrun for neuralretail_retrain_pipeline to None, run_after=None
[2026-06-03T10:00:00.387+0000] {processor.py:183} INFO - Processing /opt/airflow/dags/dag_retrain_pipeline.py took 0.264 seconds
[2026-06-03T10:00:30.834+0000] {processor.py:161} INFO - Started process (PID=692) to work on /opt/airflow/dags/dag_retrain_pipeline.py
[2026-06-03T10:00:30.836+0000] {processor.py:830} INFO - Processing file /opt/airflow/dags/dag_retrain_pipeline.py for tasks to queue
[2026-06-03T10:00:30.839+0000] {logging_mixin.py:188} INFO - [2026-06-03T10:00:30.838+0000] {dagbag.py:540} INFO - Filling up the DagBag from /opt/airflow/dags/dag_retrain_pipeline.py
[2026-06-03T10:00:30.937+0000] {processor.py:840} INFO - DAG(s) 'neuralretail_retrain_pipeline' retrieved from /opt/airflow/dags/dag_retrain_pipeline.py
[2026-06-03T10:00:31.017+0000] {logging_mixin.py:188} INFO - [2026-06-03T10:00:31.017+0000] {dag.py:3096} INFO - Sync 1 DAGs
[2026-06-03T10:00:31.046+0000] {logging_mixin.py:188} INFO - [2026-06-03T10:00:31.046+0000] {dag.py:3954} INFO - Setting next_dagrun for neuralretail_retrain_pipeline to None, run_after=None
[2026-06-03T10:00:31.088+0000] {processor.py:183} INFO - Processing /opt/airflow/dags/dag_retrain_pipeline.py took 0.260 seconds
[2026-06-03T10:01:01.441+0000] {processor.py:161} INFO - Started process (PID=712) to work on /opt/airflow/dags/dag_retrain_pipeline.py
[2026-06-03T10:01:01.444+0000] {processor.py:830} INFO - Processing file /opt/airflow/dags/dag_retrain_pipeline.py for tasks to queue
[2026-06-03T10:01:01.448+0000] {logging_mixin.py:188} INFO - [2026-06-03T10:01:01.447+0000] {dagbag.py:540} INFO - Filling up the DagBag from /opt/airflow/dags/dag_retrain_pipeline.py
[2026-06-03T10:01:01.520+0000] {processor.py:840} INFO - DAG(s) 'neuralretail_retrain_pipeline' retrieved from /opt/airflow/dags/dag_retrain_pipeline.py
[2026-06-03T10:01:01.569+0000] {logging_mixin.py:188} INFO - [2026-06-03T10:01:01.568+0000] {dag.py:3096} INFO - Sync 1 DAGs
[2026-06-03T10:01:01.599+0000] {logging_mixin.py:188} INFO - [2026-06-03T10:01:01.599+0000] {dag.py:3954} INFO - Setting next_dagrun for neuralretail_retrain_pipeline to None, run_after=None
[2026-06-03T10:01:01.641+0000] {processor.py:183} INFO - Processing /opt/airflow/dags/dag_retrain_pipeline.py took 0.211 seconds
[2026-06-03T10:01:32.167+0000] {processor.py:161} INFO - Started process (PID=732) to work on /opt/airflow/dags/dag_retrain_pipeline.py
[2026-06-03T10:01:32.169+0000] {processor.py:830} INFO - Processing file /opt/airflow/dags/dag_retrain_pipeline.py for tasks to queue
[2026-06-03T10:01:32.170+0000] {logging_mixin.py:188} INFO - [2026-06-03T10:01:32.170+0000] {dagbag.py:540} INFO - Filling up the DagBag from /opt/airflow/dags/dag_retrain_pipeline.py
[2026-06-03T10:01:32.211+0000] {processor.py:840} INFO - DAG(s) 'neuralretail_retrain_pipeline' retrieved from /opt/airflow/dags/dag_retrain_pipeline.py
[2026-06-03T10:01:32.236+0000] {logging_mixin.py:188} INFO - [2026-06-03T10:01:32.236+0000] {dag.py:3096} INFO - Sync 1 DAGs
[2026-06-03T10:01:32.250+0000] {logging_mixin.py:188} INFO - [2026-06-03T10:01:32.250+0000] {dag.py:3954} INFO - Setting next_dagrun for neuralretail_retrain_pipeline to None, run_after=None
[2026-06-03T10:01:32.273+0000] {processor.py:183} INFO - Processing /opt/airflow/dags/dag_retrain_pipeline.py took 0.109 seconds
[2026-06-03T10:02:02.737+0000] {processor.py:161} INFO - Started process (PID=752) to work on /opt/airflow/dags/dag_retrain_pipeline.py
[2026-06-03T10:02:02.739+0000] {processor.py:830} INFO - Processing file /opt/airflow/dags/dag_retrain_pipeline.py for tasks to queue
[2026-06-03T10:02:02.743+0000] {logging_mixin.py:188} INFO - [2026-06-03T10:02:02.742+0000] {dagbag.py:540} INFO - Filling up the DagBag from /opt/airflow/dags/dag_retrain_pipeline.py
[2026-06-03T10:02:02.815+0000] {processor.py:840} INFO - DAG(s) 'neuralretail_retrain_pipeline' retrieved from /opt/airflow/dags/dag_retrain_pipeline.py
[2026-06-03T10:02:02.870+0000] {logging_mixin.py:188} INFO - [2026-06-03T10:02:02.870+0000] {dag.py:3096} INFO - Sync 1 DAGs
[2026-06-03T10:02:02.892+0000] {logging_mixin.py:188} INFO - [2026-06-03T10:02:02.892+0000] {dag.py:3954} INFO - Setting next_dagrun for neuralretail_retrain_pipeline to None, run_after=None
[2026-06-03T10:02:02.928+0000] {processor.py:183} INFO - Processing /opt/airflow/dags/dag_retrain_pipeline.py took 0.196 seconds
[2026-06-03T10:02:33.601+0000] {processor.py:161} INFO - Started process (PID=772) to work on /opt/airflow/dags/dag_retrain_pipeline.py
[2026-06-03T10:02:33.605+0000] {processor.py:830} INFO - Processing file /opt/airflow/dags/dag_retrain_pipeline.py for tasks to queue
[2026-06-03T10:02:33.612+0000] {logging_mixin.py:188} INFO - [2026-06-03T10:02:33.610+0000] {dagbag.py:540} INFO - Filling up the DagBag from /opt/airflow/dags/dag_retrain_pipeline.py
[2026-06-03T10:02:33.700+0000] {processor.py:840} INFO - DAG(s) 'neuralretail_retrain_pipeline' retrieved from /opt/airflow/dags/dag_retrain_pipeline.py
[2026-06-03T10:02:33.753+0000] {logging_mixin.py:188} INFO - [2026-06-03T10:02:33.752+0000] {dag.py:3096} INFO - Sync 1 DAGs
[2026-06-03T10:02:33.770+0000] {logging_mixin.py:188} INFO - [2026-06-03T10:02:33.770+0000] {dag.py:3954} INFO - Setting next_dagrun for neuralretail_retrain_pipeline to None, run_after=None
[2026-06-03T10:02:33.814+0000] {processor.py:183} INFO - Processing /opt/airflow/dags/dag_retrain_pipeline.py took 0.226 seconds
[2026-06-03T10:03:04.015+0000] {processor.py:161} INFO - Started process (PID=792) to work on /opt/airflow/dags/dag_retrain_pipeline.py
[2026-06-03T10:03:04.019+0000] {processor.py:830} INFO - Processing file /opt/airflow/dags/dag_retrain_pipeline.py for tasks to queue
[2026-06-03T10:03:04.022+0000] {logging_mixin.py:188} INFO - [2026-06-03T10:03:04.022+0000] {dagbag.py:540} INFO - Filling up the DagBag from /opt/airflow/dags/dag_retrain_pipeline.py
[2026-06-03T10:03:04.153+0000] {processor.py:840} INFO - DAG(s) 'neuralretail_retrain_pipeline' retrieved from /opt/airflow/dags/dag_retrain_pipeline.py
[2026-06-03T10:03:04.208+0000] {logging_mixin.py:188} INFO - [2026-06-03T10:03:04.207+0000] {dag.py:3096} INFO - Sync 1 DAGs
[2026-06-03T10:03:04.241+0000] {logging_mixin.py:188} INFO - [2026-06-03T10:03:04.240+0000] {dag.py:3954} INFO - Setting next_dagrun for neuralretail_retrain_pipeline to None, run_after=None
[2026-06-03T10:03:04.282+0000] {processor.py:183} INFO - Processing /opt/airflow/dags/dag_retrain_pipeline.py took 0.283 seconds
[2026-06-03T10:03:34.610+0000] {processor.py:161} INFO - Started process (PID=812) to work on /opt/airflow/dags/dag_retrain_pipeline.py
[2026-06-03T10:03:34.612+0000] {processor.py:830} INFO - Processing file /opt/airflow/dags/dag_retrain_pipeline.py for tasks to queue
[2026-06-03T10:03:34.615+0000] {logging_mixin.py:188} INFO - [2026-06-03T10:03:34.615+0000] {dagbag.py:540} INFO - Filling up the DagBag from /opt/airflow/dags/dag_retrain_pipeline.py
[2026-06-03T10:03:34.655+0000] {processor.py:840} INFO - DAG(s) 'neuralretail_retrain_pipeline' retrieved from /opt/airflow/dags/dag_retrain_pipeline.py
[2026-06-03T10:03:34.677+0000] {logging_mixin.py:188} INFO - [2026-06-03T10:03:34.677+0000] {dag.py:3096} INFO - Sync 1 DAGs
[2026-06-03T10:03:34.691+0000] {logging_mixin.py:188} INFO - [2026-06-03T10:03:34.691+0000] {dag.py:3954} INFO - Setting next_dagrun for neuralretail_retrain_pipeline to None, run_after=None
[2026-06-03T10:03:34.716+0000] {processor.py:183} INFO - Processing /opt/airflow/dags/dag_retrain_pipeline.py took 0.111 seconds
[2026-06-03T10:04:04.813+0000] {processor.py:161} INFO - Started process (PID=832) to work on /opt/airflow/dags/dag_retrain_pipeline.py
[2026-06-03T10:04:04.815+0000] {processor.py:830} INFO - Processing file /opt/airflow/dags/dag_retrain_pipeline.py for tasks to queue
[2026-06-03T10:04:04.818+0000] {logging_mixin.py:188} INFO - [2026-06-03T10:04:04.817+0000] {dagbag.py:540} INFO - Filling up the DagBag from /opt/airflow/dags/dag_retrain_pipeline.py
[2026-06-03T10:04:04.904+0000] {processor.py:840} INFO - DAG(s) 'neuralretail_retrain_pipeline' retrieved from /opt/airflow/dags/dag_retrain_pipeline.py
[2026-06-03T10:04:04.970+0000] {logging_mixin.py:188} INFO - [2026-06-03T10:04:04.970+0000] {dag.py:3096} INFO - Sync 1 DAGs
[2026-06-03T10:04:05.002+0000] {logging_mixin.py:188} INFO - [2026-06-03T10:04:05.002+0000] {dag.py:3954} INFO - Setting next_dagrun for neuralretail_retrain_pipeline to None, run_after=None
[2026-06-03T10:04:05.055+0000] {processor.py:183} INFO - Processing /opt/airflow/dags/dag_retrain_pipeline.py took 0.247 seconds
[2026-06-03T10:04:35.354+0000] {processor.py:161} INFO - Started process (PID=852) to work on /opt/airflow/dags/dag_retrain_pipeline.py
[2026-06-03T10:04:35.359+0000] {processor.py:830} INFO - Processing file /opt/airflow/dags/dag_retrain_pipeline.py for tasks to queue
[2026-06-03T10:04:35.362+0000] {logging_mixin.py:188} INFO - [2026-06-03T10:04:35.362+0000] {dagbag.py:540} INFO - Filling up the DagBag from /opt/airflow/dags/dag_retrain_pipeline.py
[2026-06-03T10:04:35.442+0000] {processor.py:840} INFO - DAG(s) 'neuralretail_retrain_pipeline' retrieved from /opt/airflow/dags/dag_retrain_pipeline.py
[2026-06-03T10:04:35.481+0000] {logging_mixin.py:188} INFO - [2026-06-03T10:04:35.480+0000] {dag.py:3096} INFO - Sync 1 DAGs
[2026-06-03T10:04:35.496+0000] {logging_mixin.py:188} INFO - [2026-06-03T10:04:35.496+0000] {dag.py:3954} INFO - Setting next_dagrun for neuralretail_retrain_pipeline to None, run_after=None
[2026-06-03T10:04:35.527+0000] {processor.py:183} INFO - Processing /opt/airflow/dags/dag_retrain_pipeline.py took 0.180 seconds
[2026-06-03T10:05:06.164+0000] {processor.py:161} INFO - Started process (PID=872) to work on /opt/airflow/dags/dag_retrain_pipeline.py
[2026-06-03T10:05:06.166+0000] {processor.py:830} INFO - Processing file /opt/airflow/dags/dag_retrain_pipeline.py for tasks to queue
[2026-06-03T10:05:06.170+0000] {logging_mixin.py:188} INFO - [2026-06-03T10:05:06.169+0000] {dagbag.py:540} INFO - Filling up the DagBag from /opt/airflow/dags/dag_retrain_pipeline.py
[2026-06-03T10:05:06.225+0000] {processor.py:840} INFO - DAG(s) 'neuralretail_retrain_pipeline' retrieved from /opt/airflow/dags/dag_retrain_pipeline.py
[2026-06-03T10:05:06.253+0000] {logging_mixin.py:188} INFO - [2026-06-03T10:05:06.253+0000] {dag.py:3096} INFO - Sync 1 DAGs
[2026-06-03T10:05:06.276+0000] {logging_mixin.py:188} INFO - [2026-06-03T10:05:06.275+0000] {dag.py:3954} INFO - Setting next_dagrun for neuralretail_retrain_pipeline to None, run_after=None
[2026-06-03T10:05:06.313+0000] {processor.py:183} INFO - Processing /opt/airflow/dags/dag_retrain_pipeline.py took 0.156 seconds
[2026-06-03T10:05:37.836+0000] {processor.py:161} INFO - Started process (PID=892) to work on /opt/airflow/dags/dag_retrain_pipeline.py
[2026-06-03T10:05:37.850+0000] {processor.py:830} INFO - Processing file /opt/airflow/dags/dag_retrain_pipeline.py for tasks to queue
[2026-06-03T10:05:37.862+0000] {logging_mixin.py:188} INFO - [2026-06-03T10:05:37.862+0000] {dagbag.py:540} INFO - Filling up the DagBag from /opt/airflow/dags/dag_retrain_pipeline.py
[2026-06-03T10:05:38.332+0000] {processor.py:840} INFO - DAG(s) 'neuralretail_retrain_pipeline' retrieved from /opt/airflow/dags/dag_retrain_pipeline.py
[2026-06-03T10:05:38.364+0000] {logging_mixin.py:188} INFO - [2026-06-03T10:05:38.364+0000] {dag.py:3096} INFO - Sync 1 DAGs
[2026-06-03T10:05:38.391+0000] {logging_mixin.py:188} INFO - [2026-06-03T10:05:38.390+0000] {dag.py:3954} INFO - Setting next_dagrun for neuralretail_retrain_pipeline to None, run_after=None
[2026-06-03T10:05:38.494+0000] {processor.py:183} INFO - Processing /opt/airflow/dags/dag_retrain_pipeline.py took 0.665 seconds
[2026-06-03T10:06:09.720+0000] {processor.py:161} INFO - Started process (PID=912) to work on /opt/airflow/dags/dag_retrain_pipeline.py
[2026-06-03T10:06:09.727+0000] {processor.py:830} INFO - Processing file /opt/airflow/dags/dag_retrain_pipeline.py for tasks to queue
[2026-06-03T10:06:09.735+0000] {logging_mixin.py:188} INFO - [2026-06-03T10:06:09.734+0000] {dagbag.py:540} INFO - Filling up the DagBag from /opt/airflow/dags/dag_retrain_pipeline.py
[2026-06-03T10:06:09.865+0000] {processor.py:840} INFO - DAG(s) 'neuralretail_retrain_pipeline' retrieved from /opt/airflow/dags/dag_retrain_pipeline.py
[2026-06-03T10:06:09.908+0000] {logging_mixin.py:188} INFO - [2026-06-03T10:06:09.907+0000] {dag.py:3096} INFO - Sync 1 DAGs
[2026-06-03T10:06:09.920+0000] {logging_mixin.py:188} INFO - [2026-06-03T10:06:09.920+0000] {dag.py:3954} INFO - Setting next_dagrun for neuralretail_retrain_pipeline to None, run_after=None
[2026-06-03T10:06:09.964+0000] {processor.py:183} INFO - Processing /opt/airflow/dags/dag_retrain_pipeline.py took 0.254 seconds
[2026-06-03T10:06:40.927+0000] {processor.py:161} INFO - Started process (PID=932) to work on /opt/airflow/dags/dag_retrain_pipeline.py
[2026-06-03T10:06:40.932+0000] {processor.py:830} INFO - Processing file /opt/airflow/dags/dag_retrain_pipeline.py for tasks to queue
[2026-06-03T10:06:40.938+0000] {logging_mixin.py:188} INFO - [2026-06-03T10:06:40.936+0000] {dagbag.py:540} INFO - Filling up the DagBag from /opt/airflow/dags/dag_retrain_pipeline.py
[2026-06-03T10:06:41.033+0000] {processor.py:840} INFO - DAG(s) 'neuralretail_retrain_pipeline' retrieved from /opt/airflow/dags/dag_retrain_pipeline.py
[2026-06-03T10:06:41.072+0000] {logging_mixin.py:188} INFO - [2026-06-03T10:06:41.072+0000] {dag.py:3096} INFO - Sync 1 DAGs
[2026-06-03T10:06:41.093+0000] {logging_mixin.py:188} INFO - [2026-06-03T10:06:41.093+0000] {dag.py:3954} INFO - Setting next_dagrun for neuralretail_retrain_pipeline to None, run_after=None
[2026-06-03T10:06:41.123+0000] {processor.py:183} INFO - Processing /opt/airflow/dags/dag_retrain_pipeline.py took 0.203 seconds
[2026-06-03T10:07:11.696+0000] {processor.py:161} INFO - Started process (PID=952) to work on /opt/airflow/dags/dag_retrain_pipeline.py
[2026-06-03T10:07:11.698+0000] {processor.py:830} INFO - Processing file /opt/airflow/dags/dag_retrain_pipeline.py for tasks to queue
[2026-06-03T10:07:11.700+0000] {logging_mixin.py:188} INFO - [2026-06-03T10:07:11.700+0000] {dagbag.py:540} INFO - Filling up the DagBag from /opt/airflow/dags/dag_retrain_pipeline.py
[2026-06-03T10:07:11.787+0000] {processor.py:840} INFO - DAG(s) 'neuralretail_retrain_pipeline' retrieved from /opt/airflow/dags/dag_retrain_pipeline.py
[2026-06-03T10:07:11.833+0000] {logging_mixin.py:188} INFO - [2026-06-03T10:07:11.832+0000] {dag.py:3096} INFO - Sync 1 DAGs
[2026-06-03T10:07:11.858+0000] {logging_mixin.py:188} INFO - [2026-06-03T10:07:11.858+0000] {dag.py:3954} INFO - Setting next_dagrun for neuralretail_retrain_pipeline to None, run_after=None
[2026-06-03T10:07:11.895+0000] {processor.py:183} INFO - Processing /opt/airflow/dags/dag_retrain_pipeline.py took 0.204 seconds
[2026-06-03T10:07:42.515+0000] {processor.py:161} INFO - Started process (PID=972) to work on /opt/airflow/dags/dag_retrain_pipeline.py
[2026-06-03T10:07:42.516+0000] {processor.py:830} INFO - Processing file /opt/airflow/dags/dag_retrain_pipeline.py for tasks to queue
[2026-06-03T10:07:42.521+0000] {logging_mixin.py:188} INFO - [2026-06-03T10:07:42.520+0000] {dagbag.py:540} INFO - Filling up the DagBag from /opt/airflow/dags/dag_retrain_pipeline.py
[2026-06-03T10:07:42.560+0000] {processor.py:840} INFO - DAG(s) 'neuralretail_retrain_pipeline' retrieved from /opt/airflow/dags/dag_retrain_pipeline.py
[2026-06-03T10:07:42.715+0000] {logging_mixin.py:188} INFO - [2026-06-03T10:07:42.715+0000] {dag.py:3096} INFO - Sync 1 DAGs
[2026-06-03T10:07:42.724+0000] {logging_mixin.py:188} INFO - [2026-06-03T10:07:42.724+0000] {dag.py:3954} INFO - Setting next_dagrun for neuralretail_retrain_pipeline to None, run_after=None
[2026-06-03T10:07:42.752+0000] {processor.py:183} INFO - Processing /opt/airflow/dags/dag_retrain_pipeline.py took 0.242 seconds
[2026-06-03T10:08:13.236+0000] {processor.py:161} INFO - Started process (PID=997) to work on /opt/airflow/dags/dag_retrain_pipeline.py
[2026-06-03T10:08:13.238+0000] {processor.py:830} INFO - Processing file /opt/airflow/dags/dag_retrain_pipeline.py for tasks to queue
[2026-06-03T10:08:13.251+0000] {logging_mixin.py:188} INFO - [2026-06-03T10:08:13.250+0000] {dagbag.py:540} INFO - Filling up the DagBag from /opt/airflow/dags/dag_retrain_pipeline.py
[2026-06-03T10:08:13.334+0000] {processor.py:840} INFO - DAG(s) 'neuralretail_retrain_pipeline' retrieved from /opt/airflow/dags/dag_retrain_pipeline.py
[2026-06-03T10:08:13.367+0000] {logging_mixin.py:188} INFO - [2026-06-03T10:08:13.367+0000] {dag.py:3096} INFO - Sync 1 DAGs
[2026-06-03T10:08:13.387+0000] {logging_mixin.py:188} INFO - [2026-06-03T10:08:13.387+0000] {dag.py:3954} INFO - Setting next_dagrun for neuralretail_retrain_pipeline to None, run_after=None
[2026-06-03T10:08:13.427+0000] {processor.py:183} INFO - Processing /opt/airflow/dags/dag_retrain_pipeline.py took 0.200 seconds
[2026-06-03T10:08:43.753+0000] {processor.py:161} INFO - Started process (PID=1012) to work on /opt/airflow/dags/dag_retrain_pipeline.py
[2026-06-03T10:08:43.757+0000] {processor.py:830} INFO - Processing file /opt/airflow/dags/dag_retrain_pipeline.py for tasks to queue
[2026-06-03T10:08:43.761+0000] {logging_mixin.py:188} INFO - [2026-06-03T10:08:43.760+0000] {dagbag.py:540} INFO - Filling up the DagBag from /opt/airflow/dags/dag_retrain_pipeline.py
[2026-06-03T10:08:43.834+0000] {processor.py:840} INFO - DAG(s) 'neuralretail_retrain_pipeline' retrieved from /opt/airflow/dags/dag_retrain_pipeline.py
[2026-06-03T10:08:43.876+0000] {logging_mixin.py:188} INFO - [2026-06-03T10:08:43.876+0000] {dag.py:3096} INFO - Sync 1 DAGs
[2026-06-03T10:08:44.085+0000] {logging_mixin.py:188} INFO - [2026-06-03T10:08:44.085+0000] {dag.py:3954} INFO - Setting next_dagrun for neuralretail_retrain_pipeline to None, run_after=None
[2026-06-03T10:08:44.106+0000] {processor.py:183} INFO - Processing /opt/airflow/dags/dag_retrain_pipeline.py took 0.362 seconds
[2026-06-03T10:09:14.819+0000] {processor.py:161} INFO - Started process (PID=1032) to work on /opt/airflow/dags/dag_retrain_pipeline.py
[2026-06-03T10:09:14.821+0000] {processor.py:830} INFO - Processing file /opt/airflow/dags/dag_retrain_pipeline.py for tasks to queue
[2026-06-03T10:09:14.824+0000] {logging_mixin.py:188} INFO - [2026-06-03T10:09:14.823+0000] {dagbag.py:540} INFO - Filling up the DagBag from /opt/airflow/dags/dag_retrain_pipeline.py
[2026-06-03T10:09:14.921+0000] {processor.py:840} INFO - DAG(s) 'neuralretail_retrain_pipeline' retrieved from /opt/airflow/dags/dag_retrain_pipeline.py
[2026-06-03T10:09:14.962+0000] {logging_mixin.py:188} INFO - [2026-06-03T10:09:14.961+0000] {dag.py:3096} INFO - Sync 1 DAGs
[2026-06-03T10:09:14.981+0000] {logging_mixin.py:188} INFO - [2026-06-03T10:09:14.981+0000] {dag.py:3954} INFO - Setting next_dagrun for neuralretail_retrain_pipeline to None, run_after=None
[2026-06-03T10:09:15.012+0000] {processor.py:183} INFO - Processing /opt/airflow/dags/dag_retrain_pipeline.py took 0.202 seconds
[2026-06-03T10:09:45.237+0000] {processor.py:161} INFO - Started process (PID=1052) to work on /opt/airflow/dags/dag_retrain_pipeline.py
[2026-06-03T10:09:45.242+0000] {processor.py:830} INFO - Processing file /opt/airflow/dags/dag_retrain_pipeline.py for tasks to queue
[2026-06-03T10:09:45.247+0000] {logging_mixin.py:188} INFO - [2026-06-03T10:09:45.246+0000] {dagbag.py:540} INFO - Filling up the DagBag from /opt/airflow/dags/dag_retrain_pipeline.py
[2026-06-03T10:09:45.362+0000] {processor.py:840} INFO - DAG(s) 'neuralretail_retrain_pipeline' retrieved from /opt/airflow/dags/dag_retrain_pipeline.py
[2026-06-03T10:09:45.427+0000] {logging_mixin.py:188} INFO - [2026-06-03T10:09:45.426+0000] {dag.py:3096} INFO - Sync 1 DAGs
[2026-06-03T10:09:45.454+0000] {logging_mixin.py:188} INFO - [2026-06-03T10:09:45.454+0000] {dag.py:3954} INFO - Setting next_dagrun for neuralretail_retrain_pipeline to None, run_after=None
[2026-06-03T10:09:45.500+0000] {processor.py:183} INFO - Processing /opt/airflow/dags/dag_retrain_pipeline.py took 0.277 seconds
[2026-06-03T10:10:15.910+0000] {processor.py:161} INFO - Started process (PID=1072) to work on /opt/airflow/dags/dag_retrain_pipeline.py
[2026-06-03T10:10:15.912+0000] {processor.py:830} INFO - Processing file /opt/airflow/dags/dag_retrain_pipeline.py for tasks to queue
[2026-06-03T10:10:15.915+0000] {logging_mixin.py:188} INFO - [2026-06-03T10:10:15.914+0000] {dagbag.py:540} INFO - Filling up the DagBag from /opt/airflow/dags/dag_retrain_pipeline.py
[2026-06-03T10:10:16.007+0000] {processor.py:840} INFO - DAG(s) 'neuralretail_retrain_pipeline' retrieved from /opt/airflow/dags/dag_retrain_pipeline.py
[2026-06-03T10:10:16.041+0000] {logging_mixin.py:188} INFO - [2026-06-03T10:10:16.040+0000] {dag.py:3096} INFO - Sync 1 DAGs
[2026-06-03T10:10:16.059+0000] {logging_mixin.py:188} INFO - [2026-06-03T10:10:16.059+0000] {dag.py:3954} INFO - Setting next_dagrun for neuralretail_retrain_pipeline to None, run_after=None
[2026-06-03T10:10:16.109+0000] {processor.py:183} INFO - Processing /opt/airflow/dags/dag_retrain_pipeline.py took 0.209 seconds
[2026-06-03T10:10:46.717+0000] {processor.py:161} INFO - Started process (PID=1092) to work on /opt/airflow/dags/dag_retrain_pipeline.py
[2026-06-03T10:10:46.728+0000] {processor.py:830} INFO - Processing file /opt/airflow/dags/dag_retrain_pipeline.py for tasks to queue
[2026-06-03T10:10:46.732+0000] {logging_mixin.py:188} INFO - [2026-06-03T10:10:46.732+0000] {dagbag.py:540} INFO - Filling up the DagBag from /opt/airflow/dags/dag_retrain_pipeline.py
[2026-06-03T10:10:46.824+0000] {processor.py:840} INFO - DAG(s) 'neuralretail_retrain_pipeline' retrieved from /opt/airflow/dags/dag_retrain_pipeline.py
[2026-06-03T10:10:46.889+0000] {logging_mixin.py:188} INFO - [2026-06-03T10:10:46.889+0000] {dag.py:3096} INFO - Sync 1 DAGs
[2026-06-03T10:10:46.918+0000] {logging_mixin.py:188} INFO - [2026-06-03T10:10:46.917+0000] {dag.py:3954} INFO - Setting next_dagrun for neuralretail_retrain_pipeline to None, run_after=None
[2026-06-03T10:10:46.962+0000] {processor.py:183} INFO - Processing /opt/airflow/dags/dag_retrain_pipeline.py took 0.252 seconds
[2026-06-03T10:11:17.219+0000] {processor.py:161} INFO - Started process (PID=1112) to work on /opt/airflow/dags/dag_retrain_pipeline.py
[2026-06-03T10:11:17.221+0000] {processor.py:830} INFO - Processing file /opt/airflow/dags/dag_retrain_pipeline.py for tasks to queue
[2026-06-03T10:11:17.227+0000] {logging_mixin.py:188} INFO - [2026-06-03T10:11:17.226+0000] {dagbag.py:540} INFO - Filling up the DagBag from /opt/airflow/dags/dag_retrain_pipeline.py
[2026-06-03T10:11:17.319+0000] {processor.py:840} INFO - DAG(s) 'neuralretail_retrain_pipeline' retrieved from /opt/airflow/dags/dag_retrain_pipeline.py
[2026-06-03T10:11:17.355+0000] {logging_mixin.py:188} INFO - [2026-06-03T10:11:17.354+0000] {dag.py:3096} INFO - Sync 1 DAGs
[2026-06-03T10:11:17.381+0000] {logging_mixin.py:188} INFO - [2026-06-03T10:11:17.381+0000] {dag.py:3954} INFO - Setting next_dagrun for neuralretail_retrain_pipeline to None, run_after=None
[2026-06-03T10:11:17.423+0000] {processor.py:183} INFO - Processing /opt/airflow/dags/dag_retrain_pipeline.py took 0.216 seconds
[2026-06-03T10:11:47.793+0000] {processor.py:161} INFO - Started process (PID=1132) to work on /opt/airflow/dags/dag_retrain_pipeline.py
[2026-06-03T10:11:47.796+0000] {processor.py:830} INFO - Processing file /opt/airflow/dags/dag_retrain_pipeline.py for tasks to queue
[2026-06-03T10:11:47.799+0000] {logging_mixin.py:188} INFO - [2026-06-03T10:11:47.799+0000] {dagbag.py:540} INFO - Filling up the DagBag from /opt/airflow/dags/dag_retrain_pipeline.py
[2026-06-03T10:11:47.869+0000] {processor.py:840} INFO - DAG(s) 'neuralretail_retrain_pipeline' retrieved from /opt/airflow/dags/dag_retrain_pipeline.py
[2026-06-03T10:11:47.909+0000] {logging_mixin.py:188} INFO - [2026-06-03T10:11:47.909+0000] {dag.py:3096} INFO - Sync 1 DAGs
[2026-06-03T10:11:47.930+0000] {logging_mixin.py:188} INFO - [2026-06-03T10:11:47.930+0000] {dag.py:3954} INFO - Setting next_dagrun for neuralretail_retrain_pipeline to None, run_after=None
[2026-06-03T10:11:47.962+0000] {processor.py:183} INFO - Processing /opt/airflow/dags/dag_retrain_pipeline.py took 0.181 seconds
[2026-06-03T10:12:18.363+0000] {processor.py:161} INFO - Started process (PID=1152) to work on /opt/airflow/dags/dag_retrain_pipeline.py
[2026-06-03T10:12:18.366+0000] {processor.py:830} INFO - Processing file /opt/airflow/dags/dag_retrain_pipeline.py for tasks to queue
[2026-06-03T10:12:18.371+0000] {logging_mixin.py:188} INFO - [2026-06-03T10:12:18.370+0000] {dagbag.py:540} INFO - Filling up the DagBag from /opt/airflow/dags/dag_retrain_pipeline.py
[2026-06-03T10:12:18.478+0000] {processor.py:840} INFO - DAG(s) 'neuralretail_retrain_pipeline' retrieved from /opt/airflow/dags/dag_retrain_pipeline.py
[2026-06-03T10:12:18.519+0000] {logging_mixin.py:188} INFO - [2026-06-03T10:12:18.519+0000] {dag.py:3096} INFO - Sync 1 DAGs
[2026-06-03T10:12:18.534+0000] {logging_mixin.py:188} INFO - [2026-06-03T10:12:18.533+0000] {dag.py:3954} INFO - Setting next_dagrun for neuralretail_retrain_pipeline to None, run_after=None
[2026-06-03T10:12:18.561+0000] {processor.py:183} INFO - Processing /opt/airflow/dags/dag_retrain_pipeline.py took 0.212 seconds
[2026-06-03T10:12:48.879+0000] {processor.py:161} INFO - Started process (PID=1172) to work on /opt/airflow/dags/dag_retrain_pipeline.py
[2026-06-03T10:12:48.881+0000] {processor.py:830} INFO - Processing file /opt/airflow/dags/dag_retrain_pipeline.py for tasks to queue
[2026-06-03T10:12:48.889+0000] {logging_mixin.py:188} INFO - [2026-06-03T10:12:48.888+0000] {dagbag.py:540} INFO - Filling up the DagBag from /opt/airflow/dags/dag_retrain_pipeline.py
[2026-06-03T10:12:48.974+0000] {processor.py:840} INFO - DAG(s) 'neuralretail_retrain_pipeline' retrieved from /opt/airflow/dags/dag_retrain_pipeline.py
[2026-06-03T10:12:49.041+0000] {logging_mixin.py:188} INFO - [2026-06-03T10:12:49.041+0000] {dag.py:3096} INFO - Sync 1 DAGs
[2026-06-03T10:12:49.070+0000] {logging_mixin.py:188} INFO - [2026-06-03T10:12:49.070+0000] {dag.py:3954} INFO - Setting next_dagrun for neuralretail_retrain_pipeline to None, run_after=None
[2026-06-03T10:12:49.120+0000] {processor.py:183} INFO - Processing /opt/airflow/dags/dag_retrain_pipeline.py took 0.265 seconds
[2026-06-03T10:13:20.189+0000] {processor.py:161} INFO - Started process (PID=1192) to work on /opt/airflow/dags/dag_retrain_pipeline.py
[2026-06-03T10:13:20.190+0000] {processor.py:830} INFO - Processing file /opt/airflow/dags/dag_retrain_pipeline.py for tasks to queue
[2026-06-03T10:13:20.192+0000] {logging_mixin.py:188} INFO - [2026-06-03T10:13:20.192+0000] {dagbag.py:540} INFO - Filling up the DagBag from /opt/airflow/dags/dag_retrain_pipeline.py
[2026-06-03T10:13:20.264+0000] {processor.py:840} INFO - DAG(s) 'neuralretail_retrain_pipeline' retrieved from /opt/airflow/dags/dag_retrain_pipeline.py
[2026-06-03T10:13:20.303+0000] {logging_mixin.py:188} INFO - [2026-06-03T10:13:20.303+0000] {dag.py:3096} INFO - Sync 1 DAGs
[2026-06-03T10:13:20.319+0000] {logging_mixin.py:188} INFO - [2026-06-03T10:13:20.319+0000] {dag.py:3954} INFO - Setting next_dagrun for neuralretail_retrain_pipeline to None, run_after=None
[2026-06-03T10:13:20.349+0000] {processor.py:183} INFO - Processing /opt/airflow/dags/dag_retrain_pipeline.py took 0.175 seconds
[2026-06-03T10:13:50.889+0000] {processor.py:161} INFO - Started process (PID=1212) to work on /opt/airflow/dags/dag_retrain_pipeline.py
[2026-06-03T10:13:50.891+0000] {processor.py:830} INFO - Processing file /opt/airflow/dags/dag_retrain_pipeline.py for tasks to queue
[2026-06-03T10:13:50.898+0000] {logging_mixin.py:188} INFO - [2026-06-03T10:13:50.897+0000] {dagbag.py:540} INFO - Filling up the DagBag from /opt/airflow/dags/dag_retrain_pipeline.py
[2026-06-03T10:13:50.967+0000] {processor.py:840} INFO - DAG(s) 'neuralretail_retrain_pipeline' retrieved from /opt/airflow/dags/dag_retrain_pipeline.py
[2026-06-03T10:13:51.018+0000] {logging_mixin.py:188} INFO - [2026-06-03T10:13:51.018+0000] {dag.py:3096} INFO - Sync 1 DAGs
[2026-06-03T10:13:51.036+0000] {logging_mixin.py:188} INFO - [2026-06-03T10:13:51.035+0000] {dag.py:3954} INFO - Setting next_dagrun for neuralretail_retrain_pipeline to None, run_after=None
[2026-06-03T10:13:51.102+0000] {processor.py:183} INFO - Processing /opt/airflow/dags/dag_retrain_pipeline.py took 0.221 seconds
[2026-06-03T10:14:21.349+0000] {processor.py:161} INFO - Started process (PID=1232) to work on /opt/airflow/dags/dag_retrain_pipeline.py
[2026-06-03T10:14:21.350+0000] {processor.py:830} INFO - Processing file /opt/airflow/dags/dag_retrain_pipeline.py for tasks to queue
[2026-06-03T10:14:21.352+0000] {logging_mixin.py:188} INFO - [2026-06-03T10:14:21.352+0000] {dagbag.py:540} INFO - Filling up the DagBag from /opt/airflow/dags/dag_retrain_pipeline.py
[2026-06-03T10:14:21.468+0000] {processor.py:840} INFO - DAG(s) 'neuralretail_retrain_pipeline' retrieved from /opt/airflow/dags/dag_retrain_pipeline.py
[2026-06-03T10:14:21.489+0000] {logging_mixin.py:188} INFO - [2026-06-03T10:14:21.489+0000] {dag.py:3096} INFO - Sync 1 DAGs
[2026-06-03T10:14:21.506+0000] {logging_mixin.py:188} INFO - [2026-06-03T10:14:21.506+0000] {dag.py:3954} INFO - Setting next_dagrun for neuralretail_retrain_pipeline to None, run_after=None
[2026-06-03T10:14:21.533+0000] {processor.py:183} INFO - Processing /opt/airflow/dags/dag_retrain_pipeline.py took 0.189 seconds
[2026-06-03T10:14:51.892+0000] {processor.py:161} INFO - Started process (PID=1252) to work on /opt/airflow/dags/dag_retrain_pipeline.py
[2026-06-03T10:14:51.894+0000] {processor.py:830} INFO - Processing file /opt/airflow/dags/dag_retrain_pipeline.py for tasks to queue
[2026-06-03T10:14:51.898+0000] {logging_mixin.py:188} INFO - [2026-06-03T10:14:51.898+0000] {dagbag.py:540} INFO - Filling up the DagBag from /opt/airflow/dags/dag_retrain_pipeline.py
[2026-06-03T10:14:51.947+0000] {processor.py:840} INFO - DAG(s) 'neuralretail_retrain_pipeline' retrieved from /opt/airflow/dags/dag_retrain_pipeline.py
[2026-06-03T10:14:51.972+0000] {logging_mixin.py:188} INFO - [2026-06-03T10:14:51.972+0000] {dag.py:3096} INFO - Sync 1 DAGs
[2026-06-03T10:14:51.991+0000] {logging_mixin.py:188} INFO - [2026-06-03T10:14:51.991+0000] {dag.py:3954} INFO - Setting next_dagrun for neuralretail_retrain_pipeline to None, run_after=None
[2026-06-03T10:14:52.020+0000] {processor.py:183} INFO - Processing /opt/airflow/dags/dag_retrain_pipeline.py took 0.136 seconds
[2026-06-03T10:15:22.232+0000] {processor.py:161} INFO - Started process (PID=1272) to work on /opt/airflow/dags/dag_retrain_pipeline.py
[2026-06-03T10:15:22.235+0000] {processor.py:830} INFO - Processing file /opt/airflow/dags/dag_retrain_pipeline.py for tasks to queue
[2026-06-03T10:15:22.238+0000] {logging_mixin.py:188} INFO - [2026-06-03T10:15:22.238+0000] {dagbag.py:540} INFO - Filling up the DagBag from /opt/airflow/dags/dag_retrain_pipeline.py
[2026-06-03T10:15:22.406+0000] {processor.py:840} INFO - DAG(s) 'neuralretail_retrain_pipeline' retrieved from /opt/airflow/dags/dag_retrain_pipeline.py
[2026-06-03T10:15:22.459+0000] {logging_mixin.py:188} INFO - [2026-06-03T10:15:22.458+0000] {dag.py:3096} INFO - Sync 1 DAGs
[2026-06-03T10:15:22.494+0000] {logging_mixin.py:188} INFO - [2026-06-03T10:15:22.494+0000] {dag.py:3954} INFO - Setting next_dagrun for neuralretail_retrain_pipeline to None, run_after=None
[2026-06-03T10:15:22.552+0000] {processor.py:183} INFO - Processing /opt/airflow/dags/dag_retrain_pipeline.py took 0.336 seconds
[2026-06-03T10:15:52.789+0000] {processor.py:161} INFO - Started process (PID=1292) to work on /opt/airflow/dags/dag_retrain_pipeline.py
[2026-06-03T10:15:52.792+0000] {processor.py:830} INFO - Processing file /opt/airflow/dags/dag_retrain_pipeline.py for tasks to queue
[2026-06-03T10:15:52.796+0000] {logging_mixin.py:188} INFO - [2026-06-03T10:15:52.795+0000] {dagbag.py:540} INFO - Filling up the DagBag from /opt/airflow/dags/dag_retrain_pipeline.py
[2026-06-03T10:15:52.852+0000] {processor.py:840} INFO - DAG(s) 'neuralretail_retrain_pipeline' retrieved from /opt/airflow/dags/dag_retrain_pipeline.py
[2026-06-03T10:15:52.883+0000] {logging_mixin.py:188} INFO - [2026-06-03T10:15:52.883+0000] {dag.py:3096} INFO - Sync 1 DAGs
[2026-06-03T10:15:52.901+0000] {logging_mixin.py:188} INFO - [2026-06-03T10:15:52.901+0000] {dag.py:3954} INFO - Setting next_dagrun for neuralretail_retrain_pipeline to None, run_after=None
[2026-06-03T10:15:52.946+0000] {processor.py:183} INFO - Processing /opt/airflow/dags/dag_retrain_pipeline.py took 0.167 seconds
[2026-06-03T10:16:23.382+0000] {processor.py:161} INFO - Started process (PID=1312) to work on /opt/airflow/dags/dag_retrain_pipeline.py
[2026-06-03T10:16:23.385+0000] {processor.py:830} INFO - Processing file /opt/airflow/dags/dag_retrain_pipeline.py for tasks to queue
[2026-06-03T10:16:23.387+0000] {logging_mixin.py:188} INFO - [2026-06-03T10:16:23.387+0000] {dagbag.py:540} INFO - Filling up the DagBag from /opt/airflow/dags/dag_retrain_pipeline.py
[2026-06-03T10:16:23.511+0000] {processor.py:840} INFO - DAG(s) 'neuralretail_retrain_pipeline' retrieved from /opt/airflow/dags/dag_retrain_pipeline.py
[2026-06-03T10:16:23.554+0000] {logging_mixin.py:188} INFO - [2026-06-03T10:16:23.554+0000] {dag.py:3096} INFO - Sync 1 DAGs
[2026-06-03T10:16:23.576+0000] {logging_mixin.py:188} INFO - [2026-06-03T10:16:23.575+0000] {dag.py:3954} INFO - Setting next_dagrun for neuralretail_retrain_pipeline to None, run_after=None
[2026-06-03T10:16:23.602+0000] {processor.py:183} INFO - Processing /opt/airflow/dags/dag_retrain_pipeline.py took 0.227 seconds
[2026-06-03T10:16:54.809+0000] {processor.py:161} INFO - Started process (PID=1332) to work on /opt/airflow/dags/dag_retrain_pipeline.py
[2026-06-03T10:16:54.813+0000] {processor.py:830} INFO - Processing file /opt/airflow/dags/dag_retrain_pipeline.py for tasks to queue
[2026-06-03T10:16:54.820+0000] {logging_mixin.py:188} INFO - [2026-06-03T10:16:54.819+0000] {dagbag.py:540} INFO - Filling up the DagBag from /opt/airflow/dags/dag_retrain_pipeline.py
[2026-06-03T10:16:54.903+0000] {processor.py:840} INFO - DAG(s) 'neuralretail_retrain_pipeline' retrieved from /opt/airflow/dags/dag_retrain_pipeline.py
[2026-06-03T10:16:54.937+0000] {logging_mixin.py:188} INFO - [2026-06-03T10:16:54.936+0000] {dag.py:3096} INFO - Sync 1 DAGs
[2026-06-03T10:16:54.957+0000] {logging_mixin.py:188} INFO - [2026-06-03T10:16:54.956+0000] {dag.py:3954} INFO - Setting next_dagrun for neuralretail_retrain_pipeline to None, run_after=None
[2026-06-03T10:16:54.992+0000] {processor.py:183} INFO - Processing /opt/airflow/dags/dag_retrain_pipeline.py took 0.196 seconds
[2026-06-03T10:17:25.424+0000] {processor.py:161} INFO - Started process (PID=1352) to work on /opt/airflow/dags/dag_retrain_pipeline.py
[2026-06-03T10:17:25.428+0000] {processor.py:830} INFO - Processing file /opt/airflow/dags/dag_retrain_pipeline.py for tasks to queue
[2026-06-03T10:17:25.433+0000] {logging_mixin.py:188} INFO - [2026-06-03T10:17:25.431+0000] {dagbag.py:540} INFO - Filling up the DagBag from /opt/airflow/dags/dag_retrain_pipeline.py
[2026-06-03T10:17:25.529+0000] {processor.py:840} INFO - DAG(s) 'neuralretail_retrain_pipeline' retrieved from /opt/airflow/dags/dag_retrain_pipeline.py
[2026-06-03T10:17:25.602+0000] {logging_mixin.py:188} INFO - [2026-06-03T10:17:25.601+0000] {dag.py:3096} INFO - Sync 1 DAGs
[2026-06-03T10:17:25.634+0000] {logging_mixin.py:188} INFO - [2026-06-03T10:17:25.634+0000] {dag.py:3954} INFO - Setting next_dagrun for neuralretail_retrain_pipeline to None, run_after=None
[2026-06-03T10:17:25.663+0000] {processor.py:183} INFO - Processing /opt/airflow/dags/dag_retrain_pipeline.py took 0.249 seconds
[2026-06-03T10:17:56.129+0000] {processor.py:161} INFO - Started process (PID=1372) to work on /opt/airflow/dags/dag_retrain_pipeline.py
[2026-06-03T10:17:56.131+0000] {processor.py:830} INFO - Processing file /opt/airflow/dags/dag_retrain_pipeline.py for tasks to queue
[2026-06-03T10:17:56.133+0000] {logging_mixin.py:188} INFO - [2026-06-03T10:17:56.133+0000] {dagbag.py:540} INFO - Filling up the DagBag from /opt/airflow/dags/dag_retrain_pipeline.py
[2026-06-03T10:17:56.225+0000] {processor.py:840} INFO - DAG(s) 'neuralretail_retrain_pipeline' retrieved from /opt/airflow/dags/dag_retrain_pipeline.py
[2026-06-03T10:17:56.255+0000] {logging_mixin.py:188} INFO - [2026-06-03T10:17:56.255+0000] {dag.py:3096} INFO - Sync 1 DAGs
[2026-06-03T10:17:56.270+0000] {logging_mixin.py:188} INFO - [2026-06-03T10:17:56.270+0000] {dag.py:3954} INFO - Setting next_dagrun for neuralretail_retrain_pipeline to None, run_after=None
[2026-06-03T10:17:56.293+0000] {processor.py:183} INFO - Processing /opt/airflow/dags/dag_retrain_pipeline.py took 0.175 seconds
[2026-06-03T10:18:26.688+0000] {processor.py:161} INFO - Started process (PID=1392) to work on /opt/airflow/dags/dag_retrain_pipeline.py
[2026-06-03T10:18:26.689+0000] {processor.py:830} INFO - Processing file /opt/airflow/dags/dag_retrain_pipeline.py for tasks to queue
[2026-06-03T10:18:26.695+0000] {logging_mixin.py:188} INFO - [2026-06-03T10:18:26.693+0000] {dagbag.py:540} INFO - Filling up the DagBag from /opt/airflow/dags/dag_retrain_pipeline.py
[2026-06-03T10:18:26.746+0000] {processor.py:840} INFO - DAG(s) 'neuralretail_retrain_pipeline' retrieved from /opt/airflow/dags/dag_retrain_pipeline.py
[2026-06-03T10:18:26.771+0000] {logging_mixin.py:188} INFO - [2026-06-03T10:18:26.771+0000] {dag.py:3096} INFO - Sync 1 DAGs
[2026-06-03T10:18:26.784+0000] {logging_mixin.py:188} INFO - [2026-06-03T10:18:26.783+0000] {dag.py:3954} INFO - Setting next_dagrun for neuralretail_retrain_pipeline to None, run_after=None
[2026-06-03T10:18:26.807+0000] {processor.py:183} INFO - Processing /opt/airflow/dags/dag_retrain_pipeline.py took 0.130 seconds
[2026-06-03T10:18:56.942+0000] {processor.py:161} INFO - Started process (PID=1412) to work on /opt/airflow/dags/dag_retrain_pipeline.py
[2026-06-03T10:18:56.945+0000] {processor.py:830} INFO - Processing file /opt/airflow/dags/dag_retrain_pipeline.py for tasks to queue
[2026-06-03T10:18:56.951+0000] {logging_mixin.py:188} INFO - [2026-06-03T10:18:56.950+0000] {dagbag.py:540} INFO - Filling up the DagBag from /opt/airflow/dags/dag_retrain_pipeline.py
[2026-06-03T10:18:57.015+0000] {processor.py:840} INFO - DAG(s) 'neuralretail_retrain_pipeline' retrieved from /opt/airflow/dags/dag_retrain_pipeline.py
[2026-06-03T10:18:57.053+0000] {logging_mixin.py:188} INFO - [2026-06-03T10:18:57.053+0000] {dag.py:3096} INFO - Sync 1 DAGs
[2026-06-03T10:18:57.064+0000] {logging_mixin.py:188} INFO - [2026-06-03T10:18:57.063+0000] {dag.py:3954} INFO - Setting next_dagrun for neuralretail_retrain_pipeline to None, run_after=None
[2026-06-03T10:18:57.083+0000] {processor.py:183} INFO - Processing /opt/airflow/dags/dag_retrain_pipeline.py took 0.148 seconds
[2026-06-03T10:19:27.433+0000] {processor.py:161} INFO - Started process (PID=1432) to work on /opt/airflow/dags/dag_retrain_pipeline.py
[2026-06-03T10:19:27.436+0000] {processor.py:830} INFO - Processing file /opt/airflow/dags/dag_retrain_pipeline.py for tasks to queue
[2026-06-03T10:19:27.440+0000] {logging_mixin.py:188} INFO - [2026-06-03T10:19:27.439+0000] {dagbag.py:540} INFO - Filling up the DagBag from /opt/airflow/dags/dag_retrain_pipeline.py
[2026-06-03T10:19:27.524+0000] {processor.py:840} INFO - DAG(s) 'neuralretail_retrain_pipeline' retrieved from /opt/airflow/dags/dag_retrain_pipeline.py
[2026-06-03T10:19:27.568+0000] {logging_mixin.py:188} INFO - [2026-06-03T10:19:27.568+0000] {dag.py:3096} INFO - Sync 1 DAGs
[2026-06-03T10:19:27.586+0000] {logging_mixin.py:188} INFO - [2026-06-03T10:19:27.586+0000] {dag.py:3954} INFO - Setting next_dagrun for neuralretail_retrain_pipeline to None, run_after=None
[2026-06-03T10:19:27.631+0000] {processor.py:183} INFO - Processing /opt/airflow/dags/dag_retrain_pipeline.py took 0.213 seconds
[2026-06-03T10:19:58.061+0000] {processor.py:161} INFO - Started process (PID=1452) to work on /opt/airflow/dags/dag_retrain_pipeline.py
[2026-06-03T10:19:58.064+0000] {processor.py:830} INFO - Processing file /opt/airflow/dags/dag_retrain_pipeline.py for tasks to queue
[2026-06-03T10:19:58.069+0000] {logging_mixin.py:188} INFO - [2026-06-03T10:19:58.067+0000] {dagbag.py:540} INFO - Filling up the DagBag from /opt/airflow/dags/dag_retrain_pipeline.py
[2026-06-03T10:19:58.136+0000] {processor.py:840} INFO - DAG(s) 'neuralretail_retrain_pipeline' retrieved from /opt/airflow/dags/dag_retrain_pipeline.py
[2026-06-03T10:19:58.188+0000] {logging_mixin.py:188} INFO - [2026-06-03T10:19:58.187+0000] {dag.py:3096} INFO - Sync 1 DAGs
[2026-06-03T10:19:58.205+0000] {logging_mixin.py:188} INFO - [2026-06-03T10:19:58.205+0000] {dag.py:3954} INFO - Setting next_dagrun for neuralretail_retrain_pipeline to None, run_after=None
[2026-06-03T10:19:58.263+0000] {processor.py:183} INFO - Processing /opt/airflow/dags/dag_retrain_pipeline.py took 0.212 seconds
[2026-06-03T10:20:28.923+0000] {processor.py:161} INFO - Started process (PID=1472) to work on /opt/airflow/dags/dag_retrain_pipeline.py
[2026-06-03T10:20:28.926+0000] {processor.py:830} INFO - Processing file /opt/airflow/dags/dag_retrain_pipeline.py for tasks to queue
[2026-06-03T10:20:28.931+0000] {logging_mixin.py:188} INFO - [2026-06-03T10:20:28.930+0000] {dagbag.py:540} INFO - Filling up the DagBag from /opt/airflow/dags/dag_retrain_pipeline.py
[2026-06-03T10:20:28.992+0000] {processor.py:840} INFO - DAG(s) 'neuralretail_retrain_pipeline' retrieved from /opt/airflow/dags/dag_retrain_pipeline.py
[2026-06-03T10:20:29.031+0000] {logging_mixin.py:188} INFO - [2026-06-03T10:20:29.031+0000] {dag.py:3096} INFO - Sync 1 DAGs
[2026-06-03T10:20:29.051+0000] {logging_mixin.py:188} INFO - [2026-06-03T10:20:29.051+0000] {dag.py:3954} INFO - Setting next_dagrun for neuralretail_retrain_pipeline to None, run_after=None
[2026-06-03T10:20:29.079+0000] {processor.py:183} INFO - Processing /opt/airflow/dags/dag_retrain_pipeline.py took 0.163 seconds
[2026-06-03T10:21:00.157+0000] {processor.py:161} INFO - Started process (PID=1492) to work on /opt/airflow/dags/dag_retrain_pipeline.py
[2026-06-03T10:21:00.161+0000] {processor.py:830} INFO - Processing file /opt/airflow/dags/dag_retrain_pipeline.py for tasks to queue
[2026-06-03T10:21:00.165+0000] {logging_mixin.py:188} INFO - [2026-06-03T10:21:00.164+0000] {dagbag.py:540} INFO - Filling up the DagBag from /opt/airflow/dags/dag_retrain_pipeline.py
[2026-06-03T10:21:00.273+0000] {processor.py:840} INFO - DAG(s) 'neuralretail_retrain_pipeline' retrieved from /opt/airflow/dags/dag_retrain_pipeline.py
[2026-06-03T10:21:00.319+0000] {logging_mixin.py:188} INFO - [2026-06-03T10:21:00.319+0000] {dag.py:3096} INFO - Sync 1 DAGs
[2026-06-03T10:21:00.339+0000] {logging_mixin.py:188} INFO - [2026-06-03T10:21:00.338+0000] {dag.py:3954} INFO - Setting next_dagrun for neuralretail_retrain_pipeline to None, run_after=None
[2026-06-03T10:21:00.388+0000] {processor.py:183} INFO - Processing /opt/airflow/dags/dag_retrain_pipeline.py took 0.237 seconds
[2026-06-03T10:21:31.099+0000] {processor.py:161} INFO - Started process (PID=1512) to work on /opt/airflow/dags/dag_retrain_pipeline.py
[2026-06-03T10:21:31.102+0000] {processor.py:830} INFO - Processing file /opt/airflow/dags/dag_retrain_pipeline.py for tasks to queue
[2026-06-03T10:21:31.105+0000] {logging_mixin.py:188} INFO - [2026-06-03T10:21:31.104+0000] {dagbag.py:540} INFO - Filling up the DagBag from /opt/airflow/dags/dag_retrain_pipeline.py
[2026-06-03T10:21:31.204+0000] {processor.py:840} INFO - DAG(s) 'neuralretail_retrain_pipeline' retrieved from /opt/airflow/dags/dag_retrain_pipeline.py
[2026-06-03T10:21:31.234+0000] {logging_mixin.py:188} INFO - [2026-06-03T10:21:31.233+0000] {dag.py:3096} INFO - Sync 1 DAGs
[2026-06-03T10:21:31.251+0000] {logging_mixin.py:188} INFO - [2026-06-03T10:21:31.251+0000] {dag.py:3954} INFO - Setting next_dagrun for neuralretail_retrain_pipeline to None, run_after=None
[2026-06-03T10:21:31.279+0000] {processor.py:183} INFO - Processing /opt/airflow/dags/dag_retrain_pipeline.py took 0.185 seconds
[2026-06-03T10:22:02.067+0000] {processor.py:161} INFO - Started process (PID=1532) to work on /opt/airflow/dags/dag_retrain_pipeline.py
[2026-06-03T10:22:02.068+0000] {processor.py:830} INFO - Processing file /opt/airflow/dags/dag_retrain_pipeline.py for tasks to queue
[2026-06-03T10:22:02.072+0000] {logging_mixin.py:188} INFO - [2026-06-03T10:22:02.072+0000] {dagbag.py:540} INFO - Filling up the DagBag from /opt/airflow/dags/dag_retrain_pipeline.py
[2026-06-03T10:22:02.165+0000] {processor.py:840} INFO - DAG(s) 'neuralretail_retrain_pipeline' retrieved from /opt/airflow/dags/dag_retrain_pipeline.py
[2026-06-03T10:22:02.203+0000] {logging_mixin.py:188} INFO - [2026-06-03T10:22:02.203+0000] {dag.py:3096} INFO - Sync 1 DAGs
[2026-06-03T10:22:02.219+0000] {logging_mixin.py:188} INFO - [2026-06-03T10:22:02.219+0000] {dag.py:3954} INFO - Setting next_dagrun for neuralretail_retrain_pipeline to None, run_after=None
[2026-06-03T10:22:02.241+0000] {processor.py:183} INFO - Processing /opt/airflow/dags/dag_retrain_pipeline.py took 0.186 seconds
[2026-06-03T10:22:32.408+0000] {processor.py:161} INFO - Started process (PID=1552) to work on /opt/airflow/dags/dag_retrain_pipeline.py
[2026-06-03T10:22:32.410+0000] {processor.py:830} INFO - Processing file /opt/airflow/dags/dag_retrain_pipeline.py for tasks to queue
[2026-06-03T10:22:32.414+0000] {logging_mixin.py:188} INFO - [2026-06-03T10:22:32.413+0000] {dagbag.py:540} INFO - Filling up the DagBag from /opt/airflow/dags/dag_retrain_pipeline.py
[2026-06-03T10:22:32.542+0000] {processor.py:840} INFO - DAG(s) 'neuralretail_retrain_pipeline' retrieved from /opt/airflow/dags/dag_retrain_pipeline.py
[2026-06-03T10:22:32.572+0000] {logging_mixin.py:188} INFO - [2026-06-03T10:22:32.572+0000] {dag.py:3096} INFO - Sync 1 DAGs
[2026-06-03T10:22:32.591+0000] {logging_mixin.py:188} INFO - [2026-06-03T10:22:32.591+0000] {dag.py:3954} INFO - Setting next_dagrun for neuralretail_retrain_pipeline to None, run_after=None
[2026-06-03T10:22:32.671+0000] {processor.py:183} INFO - Processing /opt/airflow/dags/dag_retrain_pipeline.py took 0.270 seconds
[2026-06-03T10:23:03.005+0000] {processor.py:161} INFO - Started process (PID=1572) to work on /opt/airflow/dags/dag_retrain_pipeline.py
[2026-06-03T10:23:03.010+0000] {processor.py:830} INFO - Processing file /opt/airflow/dags/dag_retrain_pipeline.py for tasks to queue
[2026-06-03T10:23:03.015+0000] {logging_mixin.py:188} INFO - [2026-06-03T10:23:03.014+0000] {dagbag.py:540} INFO - Filling up the DagBag from /opt/airflow/dags/dag_retrain_pipeline.py
[2026-06-03T10:23:03.097+0000] {processor.py:840} INFO - DAG(s) 'neuralretail_retrain_pipeline' retrieved from /opt/airflow/dags/dag_retrain_pipeline.py
[2026-06-03T10:23:03.133+0000] {logging_mixin.py:188} INFO - [2026-06-03T10:23:03.133+0000] {dag.py:3096} INFO - Sync 1 DAGs
[2026-06-03T10:23:03.148+0000] {logging_mixin.py:188} INFO - [2026-06-03T10:23:03.148+0000] {dag.py:3954} INFO - Setting next_dagrun for neuralretail_retrain_pipeline to None, run_after=None
[2026-06-03T10:23:03.175+0000] {processor.py:183} INFO - Processing /opt/airflow/dags/dag_retrain_pipeline.py took 0.178 seconds
[2026-06-03T10:23:34.065+0000] {processor.py:161} INFO - Started process (PID=1592) to work on /opt/airflow/dags/dag_retrain_pipeline.py
[2026-06-03T10:23:34.068+0000] {processor.py:830} INFO - Processing file /opt/airflow/dags/dag_retrain_pipeline.py for tasks to queue
[2026-06-03T10:23:34.075+0000] {logging_mixin.py:188} INFO - [2026-06-03T10:23:34.074+0000] {dagbag.py:540} INFO - Filling up the DagBag from /opt/airflow/dags/dag_retrain_pipeline.py
[2026-06-03T10:23:34.183+0000] {processor.py:840} INFO - DAG(s) 'neuralretail_retrain_pipeline' retrieved from /opt/airflow/dags/dag_retrain_pipeline.py
[2026-06-03T10:23:34.233+0000] {logging_mixin.py:188} INFO - [2026-06-03T10:23:34.233+0000] {dag.py:3096} INFO - Sync 1 DAGs
[2026-06-03T10:23:34.259+0000] {logging_mixin.py:188} INFO - [2026-06-03T10:23:34.258+0000] {dag.py:3954} INFO - Setting next_dagrun for neuralretail_retrain_pipeline to None, run_after=None
[2026-06-03T10:23:34.296+0000] {processor.py:183} INFO - Processing /opt/airflow/dags/dag_retrain_pipeline.py took 0.241 seconds
[2026-06-03T10:24:04.512+0000] {processor.py:161} INFO - Started process (PID=1612) to work on /opt/airflow/dags/dag_retrain_pipeline.py
[2026-06-03T10:24:04.519+0000] {processor.py:830} INFO - Processing file /opt/airflow/dags/dag_retrain_pipeline.py for tasks to queue
[2026-06-03T10:24:04.526+0000] {logging_mixin.py:188} INFO - [2026-06-03T10:24:04.525+0000] {dagbag.py:540} INFO - Filling up the DagBag from /opt/airflow/dags/dag_retrain_pipeline.py
[2026-06-03T10:24:04.685+0000] {processor.py:840} INFO - DAG(s) 'neuralretail_retrain_pipeline' retrieved from /opt/airflow/dags/dag_retrain_pipeline.py
[2026-06-03T10:24:04.719+0000] {logging_mixin.py:188} INFO - [2026-06-03T10:24:04.718+0000] {dag.py:3096} INFO - Sync 1 DAGs
[2026-06-03T10:24:04.737+0000] {logging_mixin.py:188} INFO - [2026-06-03T10:24:04.736+0000] {dag.py:3954} INFO - Setting next_dagrun for neuralretail_retrain_pipeline to None, run_after=None
[2026-06-03T10:24:04.764+0000] {processor.py:183} INFO - Processing /opt/airflow/dags/dag_retrain_pipeline.py took 0.258 seconds
[2026-06-03T10:24:35.049+0000] {processor.py:161} INFO - Started process (PID=1632) to work on /opt/airflow/dags/dag_retrain_pipeline.py
[2026-06-03T10:24:35.058+0000] {processor.py:830} INFO - Processing file /opt/airflow/dags/dag_retrain_pipeline.py for tasks to queue
[2026-06-03T10:24:35.068+0000] {logging_mixin.py:188} INFO - [2026-06-03T10:24:35.068+0000] {dagbag.py:540} INFO - Filling up the DagBag from /opt/airflow/dags/dag_retrain_pipeline.py
[2026-06-03T10:24:35.281+0000] {processor.py:840} INFO - DAG(s) 'neuralretail_retrain_pipeline' retrieved from /opt/airflow/dags/dag_retrain_pipeline.py
[2026-06-03T10:24:35.356+0000] {logging_mixin.py:188} INFO - [2026-06-03T10:24:35.355+0000] {dag.py:3096} INFO - Sync 1 DAGs
[2026-06-03T10:24:35.383+0000] {logging_mixin.py:188} INFO - [2026-06-03T10:24:35.383+0000] {dag.py:3954} INFO - Setting next_dagrun for neuralretail_retrain_pipeline to None, run_after=None
[2026-06-03T10:24:35.436+0000] {processor.py:183} INFO - Processing /opt/airflow/dags/dag_retrain_pipeline.py took 0.395 seconds
[2026-06-03T10:25:05.563+0000] {processor.py:161} INFO - Started process (PID=1652) to work on /opt/airflow/dags/dag_retrain_pipeline.py
[2026-06-03T10:25:05.568+0000] {processor.py:830} INFO - Processing file /opt/airflow/dags/dag_retrain_pipeline.py for tasks to queue
[2026-06-03T10:25:05.572+0000] {logging_mixin.py:188} INFO - [2026-06-03T10:25:05.572+0000] {dagbag.py:540} INFO - Filling up the DagBag from /opt/airflow/dags/dag_retrain_pipeline.py
[2026-06-03T10:25:05.646+0000] {processor.py:840} INFO - DAG(s) 'neuralretail_retrain_pipeline' retrieved from /opt/airflow/dags/dag_retrain_pipeline.py
[2026-06-03T10:25:05.710+0000] {logging_mixin.py:188} INFO - [2026-06-03T10:25:05.709+0000] {dag.py:3096} INFO - Sync 1 DAGs
[2026-06-03T10:25:05.752+0000] {logging_mixin.py:188} INFO - [2026-06-03T10:25:05.752+0000] {dag.py:3954} INFO - Setting next_dagrun for neuralretail_retrain_pipeline to None, run_after=None
[2026-06-03T10:25:05.802+0000] {processor.py:183} INFO - Processing /opt/airflow/dags/dag_retrain_pipeline.py took 0.244 seconds
[2026-06-03T10:25:36.140+0000] {processor.py:161} INFO - Started process (PID=1672) to work on /opt/airflow/dags/dag_retrain_pipeline.py
[2026-06-03T10:25:36.146+0000] {processor.py:830} INFO - Processing file /opt/airflow/dags/dag_retrain_pipeline.py for tasks to queue
[2026-06-03T10:25:36.152+0000] {logging_mixin.py:188} INFO - [2026-06-03T10:25:36.151+0000] {dagbag.py:540} INFO - Filling up the DagBag from /opt/airflow/dags/dag_retrain_pipeline.py
[2026-06-03T10:25:36.238+0000] {processor.py:840} INFO - DAG(s) 'neuralretail_retrain_pipeline' retrieved from /opt/airflow/dags/dag_retrain_pipeline.py
[2026-06-03T10:25:36.270+0000] {logging_mixin.py:188} INFO - [2026-06-03T10:25:36.270+0000] {dag.py:3096} INFO - Sync 1 DAGs
[2026-06-03T10:25:36.282+0000] {logging_mixin.py:188} INFO - [2026-06-03T10:25:36.281+0000] {dag.py:3954} INFO - Setting next_dagrun for neuralretail_retrain_pipeline to None, run_after=None
[2026-06-03T10:25:36.305+0000] {processor.py:183} INFO - Processing /opt/airflow/dags/dag_retrain_pipeline.py took 0.175 seconds
[2026-06-03T10:26:06.621+0000] {processor.py:161} INFO - Started process (PID=1692) to work on /opt/airflow/dags/dag_retrain_pipeline.py
[2026-06-03T10:26:06.624+0000] {processor.py:830} INFO - Processing file /opt/airflow/dags/dag_retrain_pipeline.py for tasks to queue
[2026-06-03T10:26:06.628+0000] {logging_mixin.py:188} INFO - [2026-06-03T10:26:06.627+0000] {dagbag.py:540} INFO - Filling up the DagBag from /opt/airflow/dags/dag_retrain_pipeline.py
[2026-06-03T10:26:06.719+0000] {processor.py:840} INFO - DAG(s) 'neuralretail_retrain_pipeline' retrieved from /opt/airflow/dags/dag_retrain_pipeline.py
[2026-06-03T10:26:06.774+0000] {logging_mixin.py:188} INFO - [2026-06-03T10:26:06.773+0000] {dag.py:3096} INFO - Sync 1 DAGs
[2026-06-03T10:26:06.806+0000] {logging_mixin.py:188} INFO - [2026-06-03T10:26:06.806+0000] {dag.py:3954} INFO - Setting next_dagrun for neuralretail_retrain_pipeline to None, run_after=None
[2026-06-03T10:26:06.856+0000] {processor.py:183} INFO - Processing /opt/airflow/dags/dag_retrain_pipeline.py took 0.242 seconds
[2026-06-03T10:26:37.101+0000] {processor.py:161} INFO - Started process (PID=1712) to work on /opt/airflow/dags/dag_retrain_pipeline.py
[2026-06-03T10:26:37.103+0000] {processor.py:830} INFO - Processing file /opt/airflow/dags/dag_retrain_pipeline.py for tasks to queue
[2026-06-03T10:26:37.105+0000] {logging_mixin.py:188} INFO - [2026-06-03T10:26:37.104+0000] {dagbag.py:540} INFO - Filling up the DagBag from /opt/airflow/dags/dag_retrain_pipeline.py
[2026-06-03T10:26:37.196+0000] {processor.py:840} INFO - DAG(s) 'neuralretail_retrain_pipeline' retrieved from /opt/airflow/dags/dag_retrain_pipeline.py
[2026-06-03T10:26:37.237+0000] {logging_mixin.py:188} INFO - [2026-06-03T10:26:37.237+0000] {dag.py:3096} INFO - Sync 1 DAGs
[2026-06-03T10:26:37.257+0000] {logging_mixin.py:188} INFO - [2026-06-03T10:26:37.256+0000] {dag.py:3954} INFO - Setting next_dagrun for neuralretail_retrain_pipeline to None, run_after=None
[2026-06-03T10:26:37.291+0000] {processor.py:183} INFO - Processing /opt/airflow/dags/dag_retrain_pipeline.py took 0.195 seconds
[2026-06-03T10:27:07.836+0000] {processor.py:161} INFO - Started process (PID=1732) to work on /opt/airflow/dags/dag_retrain_pipeline.py
[2026-06-03T10:27:07.838+0000] {processor.py:830} INFO - Processing file /opt/airflow/dags/dag_retrain_pipeline.py for tasks to queue
[2026-06-03T10:27:07.843+0000] {logging_mixin.py:188} INFO - [2026-06-03T10:27:07.843+0000] {dagbag.py:540} INFO - Filling up the DagBag from /opt/airflow/dags/dag_retrain_pipeline.py
[2026-06-03T10:27:07.901+0000] {processor.py:840} INFO - DAG(s) 'neuralretail_retrain_pipeline' retrieved from /opt/airflow/dags/dag_retrain_pipeline.py
[2026-06-03T10:27:07.932+0000] {logging_mixin.py:188} INFO - [2026-06-03T10:27:07.932+0000] {dag.py:3096} INFO - Sync 1 DAGs
[2026-06-03T10:27:07.947+0000] {logging_mixin.py:188} INFO - [2026-06-03T10:27:07.946+0000] {dag.py:3954} INFO - Setting next_dagrun for neuralretail_retrain_pipeline to None, run_after=None
[2026-06-03T10:27:07.972+0000] {processor.py:183} INFO - Processing /opt/airflow/dags/dag_retrain_pipeline.py took 0.146 seconds
[2026-06-03T10:27:38.220+0000] {processor.py:161} INFO - Started process (PID=1752) to work on /opt/airflow/dags/dag_retrain_pipeline.py
[2026-06-03T10:27:38.221+0000] {processor.py:830} INFO - Processing file /opt/airflow/dags/dag_retrain_pipeline.py for tasks to queue
[2026-06-03T10:27:38.225+0000] {logging_mixin.py:188} INFO - [2026-06-03T10:27:38.224+0000] {dagbag.py:540} INFO - Filling up the DagBag from /opt/airflow/dags/dag_retrain_pipeline.py
[2026-06-03T10:27:38.269+0000] {processor.py:840} INFO - DAG(s) 'neuralretail_retrain_pipeline' retrieved from /opt/airflow/dags/dag_retrain_pipeline.py
[2026-06-03T10:27:38.297+0000] {logging_mixin.py:188} INFO - [2026-06-03T10:27:38.296+0000] {dag.py:3096} INFO - Sync 1 DAGs
[2026-06-03T10:27:38.312+0000] {logging_mixin.py:188} INFO - [2026-06-03T10:27:38.312+0000] {dag.py:3954} INFO - Setting next_dagrun for neuralretail_retrain_pipeline to None, run_after=None
[2026-06-03T10:27:38.335+0000] {processor.py:183} INFO - Processing /opt/airflow/dags/dag_retrain_pipeline.py took 0.121 seconds
[2026-06-03T10:28:08.481+0000] {processor.py:161} INFO - Started process (PID=1772) to work on /opt/airflow/dags/dag_retrain_pipeline.py
[2026-06-03T10:28:08.482+0000] {processor.py:830} INFO - Processing file /opt/airflow/dags/dag_retrain_pipeline.py for tasks to queue
[2026-06-03T10:28:08.485+0000] {logging_mixin.py:188} INFO - [2026-06-03T10:28:08.484+0000] {dagbag.py:540} INFO - Filling up the DagBag from /opt/airflow/dags/dag_retrain_pipeline.py
[2026-06-03T10:28:08.542+0000] {processor.py:840} INFO - DAG(s) 'neuralretail_retrain_pipeline' retrieved from /opt/airflow/dags/dag_retrain_pipeline.py
[2026-06-03T10:28:08.607+0000] {logging_mixin.py:188} INFO - [2026-06-03T10:28:08.606+0000] {dag.py:3096} INFO - Sync 1 DAGs
[2026-06-03T10:28:08.650+0000] {logging_mixin.py:188} INFO - [2026-06-03T10:28:08.650+0000] {dag.py:3954} INFO - Setting next_dagrun for neuralretail_retrain_pipeline to None, run_after=None
[2026-06-03T10:28:08.714+0000] {processor.py:183} INFO - Processing /opt/airflow/dags/dag_retrain_pipeline.py took 0.242 seconds
[2026-06-03T10:28:39.024+0000] {processor.py:161} INFO - Started process (PID=1792) to work on /opt/airflow/dags/dag_retrain_pipeline.py
[2026-06-03T10:28:39.026+0000] {processor.py:830} INFO - Processing file /opt/airflow/dags/dag_retrain_pipeline.py for tasks to queue
[2026-06-03T10:28:39.034+0000] {logging_mixin.py:188} INFO - [2026-06-03T10:28:39.033+0000] {dagbag.py:540} INFO - Filling up the DagBag from /opt/airflow/dags/dag_retrain_pipeline.py
[2026-06-03T10:28:39.094+0000] {processor.py:840} INFO - DAG(s) 'neuralretail_retrain_pipeline' retrieved from /opt/airflow/dags/dag_retrain_pipeline.py
[2026-06-03T10:28:39.121+0000] {logging_mixin.py:188} INFO - [2026-06-03T10:28:39.121+0000] {dag.py:3096} INFO - Sync 1 DAGs
[2026-06-03T10:28:39.134+0000] {logging_mixin.py:188} INFO - [2026-06-03T10:28:39.133+0000] {dag.py:3954} INFO - Setting next_dagrun for neuralretail_retrain_pipeline to None, run_after=None
[2026-06-03T10:28:39.151+0000] {processor.py:183} INFO - Processing /opt/airflow/dags/dag_retrain_pipeline.py took 0.141 seconds
[2026-06-03T10:29:09.591+0000] {processor.py:161} INFO - Started process (PID=1812) to work on /opt/airflow/dags/dag_retrain_pipeline.py
[2026-06-03T10:29:09.595+0000] {processor.py:830} INFO - Processing file /opt/airflow/dags/dag_retrain_pipeline.py for tasks to queue
[2026-06-03T10:29:09.598+0000] {logging_mixin.py:188} INFO - [2026-06-03T10:29:09.597+0000] {dagbag.py:540} INFO - Filling up the DagBag from /opt/airflow/dags/dag_retrain_pipeline.py
[2026-06-03T10:29:09.675+0000] {processor.py:840} INFO - DAG(s) 'neuralretail_retrain_pipeline' retrieved from /opt/airflow/dags/dag_retrain_pipeline.py
[2026-06-03T10:29:09.718+0000] {logging_mixin.py:188} INFO - [2026-06-03T10:29:09.718+0000] {dag.py:3096} INFO - Sync 1 DAGs
[2026-06-03T10:29:09.735+0000] {logging_mixin.py:188} INFO - [2026-06-03T10:29:09.735+0000] {dag.py:3954} INFO - Setting next_dagrun for neuralretail_retrain_pipeline to None, run_after=None
[2026-06-03T10:29:09.757+0000] {processor.py:183} INFO - Processing /opt/airflow/dags/dag_retrain_pipeline.py took 0.178 seconds
[2026-06-03T10:29:40.036+0000] {processor.py:161} INFO - Started process (PID=1832) to work on /opt/airflow/dags/dag_retrain_pipeline.py
[2026-06-03T10:29:40.045+0000] {processor.py:830} INFO - Processing file /opt/airflow/dags/dag_retrain_pipeline.py for tasks to queue
[2026-06-03T10:29:40.056+0000] {logging_mixin.py:188} INFO - [2026-06-03T10:29:40.055+0000] {dagbag.py:540} INFO - Filling up the DagBag from /opt/airflow/dags/dag_retrain_pipeline.py
[2026-06-03T10:29:40.143+0000] {processor.py:840} INFO - DAG(s) 'neuralretail_retrain_pipeline' retrieved from /opt/airflow/dags/dag_retrain_pipeline.py
[2026-06-03T10:29:40.171+0000] {logging_mixin.py:188} INFO - [2026-06-03T10:29:40.171+0000] {dag.py:3096} INFO - Sync 1 DAGs
[2026-06-03T10:29:40.185+0000] {logging_mixin.py:188} INFO - [2026-06-03T10:29:40.184+0000] {dag.py:3954} INFO - Setting next_dagrun for neuralretail_retrain_pipeline to None, run_after=None
[2026-06-03T10:29:40.238+0000] {processor.py:183} INFO - Processing /opt/airflow/dags/dag_retrain_pipeline.py took 0.217 seconds
[2026-06-03T10:30:10.504+0000] {processor.py:161} INFO - Started process (PID=1852) to work on /opt/airflow/dags/dag_retrain_pipeline.py
[2026-06-03T10:30:10.506+0000] {processor.py:830} INFO - Processing file /opt/airflow/dags/dag_retrain_pipeline.py for tasks to queue
[2026-06-03T10:30:10.508+0000] {logging_mixin.py:188} INFO - [2026-06-03T10:30:10.507+0000] {dagbag.py:540} INFO - Filling up the DagBag from /opt/airflow/dags/dag_retrain_pipeline.py
[2026-06-03T10:30:10.564+0000] {processor.py:840} INFO - DAG(s) 'neuralretail_retrain_pipeline' retrieved from /opt/airflow/dags/dag_retrain_pipeline.py
[2026-06-03T10:30:10.589+0000] {logging_mixin.py:188} INFO - [2026-06-03T10:30:10.589+0000] {dag.py:3096} INFO - Sync 1 DAGs
[2026-06-03T10:30:10.601+0000] {logging_mixin.py:188} INFO - [2026-06-03T10:30:10.600+0000] {dag.py:3954} INFO - Setting next_dagrun for neuralretail_retrain_pipeline to None, run_after=None
[2026-06-03T10:30:10.624+0000] {processor.py:183} INFO - Processing /opt/airflow/dags/dag_retrain_pipeline.py took 0.126 seconds
[2026-06-03T10:30:41.060+0000] {processor.py:161} INFO - Started process (PID=1872) to work on /opt/airflow/dags/dag_retrain_pipeline.py
[2026-06-03T10:30:41.062+0000] {processor.py:830} INFO - Processing file /opt/airflow/dags/dag_retrain_pipeline.py for tasks to queue
[2026-06-03T10:30:41.063+0000] {logging_mixin.py:188} INFO - [2026-06-03T10:30:41.063+0000] {dagbag.py:540} INFO - Filling up the DagBag from /opt/airflow/dags/dag_retrain_pipeline.py
[2026-06-03T10:30:41.122+0000] {processor.py:840} INFO - DAG(s) 'neuralretail_retrain_pipeline' retrieved from /opt/airflow/dags/dag_retrain_pipeline.py
[2026-06-03T10:30:41.164+0000] {logging_mixin.py:188} INFO - [2026-06-03T10:30:41.164+0000] {dag.py:3096} INFO - Sync 1 DAGs
[2026-06-03T10:30:41.178+0000] {logging_mixin.py:188} INFO - [2026-06-03T10:30:41.178+0000] {dag.py:3954} INFO - Setting next_dagrun for neuralretail_retrain_pipeline to None, run_after=None
[2026-06-03T10:30:41.198+0000] {processor.py:183} INFO - Processing /opt/airflow/dags/dag_retrain_pipeline.py took 0.146 seconds
[2026-06-03T10:31:11.594+0000] {processor.py:161} INFO - Started process (PID=1892) to work on /opt/airflow/dags/dag_retrain_pipeline.py
[2026-06-03T10:31:11.596+0000] {processor.py:830} INFO - Processing file /opt/airflow/dags/dag_retrain_pipeline.py for tasks to queue
[2026-06-03T10:31:11.598+0000] {logging_mixin.py:188} INFO - [2026-06-03T10:31:11.598+0000] {dagbag.py:540} INFO - Filling up the DagBag from /opt/airflow/dags/dag_retrain_pipeline.py
[2026-06-03T10:31:11.647+0000] {processor.py:840} INFO - DAG(s) 'neuralretail_retrain_pipeline' retrieved from /opt/airflow/dags/dag_retrain_pipeline.py
[2026-06-03T10:31:11.670+0000] {logging_mixin.py:188} INFO - [2026-06-03T10:31:11.670+0000] {dag.py:3096} INFO - Sync 1 DAGs
[2026-06-03T10:31:11.690+0000] {logging_mixin.py:188} INFO - [2026-06-03T10:31:11.690+0000] {dag.py:3954} INFO - Setting next_dagrun for neuralretail_retrain_pipeline to None, run_after=None
[2026-06-03T10:31:11.717+0000] {processor.py:183} INFO - Processing /opt/airflow/dags/dag_retrain_pipeline.py took 0.128 seconds
[2026-06-03T10:31:42.935+0000] {processor.py:161} INFO - Started process (PID=1912) to work on /opt/airflow/dags/dag_retrain_pipeline.py
[2026-06-03T10:31:42.939+0000] {processor.py:830} INFO - Processing file /opt/airflow/dags/dag_retrain_pipeline.py for tasks to queue
[2026-06-03T10:31:42.944+0000] {logging_mixin.py:188} INFO - [2026-06-03T10:31:42.943+0000] {dagbag.py:540} INFO - Filling up the DagBag from /opt/airflow/dags/dag_retrain_pipeline.py
[2026-06-03T10:31:43.065+0000] {processor.py:840} INFO - DAG(s) 'neuralretail_retrain_pipeline' retrieved from /opt/airflow/dags/dag_retrain_pipeline.py
[2026-06-03T10:31:43.122+0000] {logging_mixin.py:188} INFO - [2026-06-03T10:31:43.121+0000] {dag.py:3096} INFO - Sync 1 DAGs
[2026-06-03T10:31:43.168+0000] {logging_mixin.py:188} INFO - [2026-06-03T10:31:43.168+0000] {dag.py:3954} INFO - Setting next_dagrun for neuralretail_retrain_pipeline to None, run_after=None
[2026-06-03T10:31:43.221+0000] {processor.py:183} INFO - Processing /opt/airflow/dags/dag_retrain_pipeline.py took 0.296 seconds
[2026-06-03T10:32:13.794+0000] {processor.py:161} INFO - Started process (PID=1932) to work on /opt/airflow/dags/dag_retrain_pipeline.py
[2026-06-03T10:32:13.797+0000] {processor.py:830} INFO - Processing file /opt/airflow/dags/dag_retrain_pipeline.py for tasks to queue
[2026-06-03T10:32:13.801+0000] {logging_mixin.py:188} INFO - [2026-06-03T10:32:13.800+0000] {dagbag.py:540} INFO - Filling up the DagBag from /opt/airflow/dags/dag_retrain_pipeline.py
[2026-06-03T10:32:13.947+0000] {processor.py:840} INFO - DAG(s) 'neuralretail_retrain_pipeline' retrieved from /opt/airflow/dags/dag_retrain_pipeline.py
[2026-06-03T10:32:13.981+0000] {logging_mixin.py:188} INFO - [2026-06-03T10:32:13.981+0000] {dag.py:3096} INFO - Sync 1 DAGs
[2026-06-03T10:32:13.996+0000] {logging_mixin.py:188} INFO - [2026-06-03T10:32:13.996+0000] {dag.py:3954} INFO - Setting next_dagrun for neuralretail_retrain_pipeline to None, run_after=None
[2026-06-03T10:32:14.019+0000] {processor.py:183} INFO - Processing /opt/airflow/dags/dag_retrain_pipeline.py took 0.235 seconds
[2026-06-03T10:32:44.539+0000] {processor.py:161} INFO - Started process (PID=1952) to work on /opt/airflow/dags/dag_retrain_pipeline.py
[2026-06-03T10:32:44.544+0000] {processor.py:830} INFO - Processing file /opt/airflow/dags/dag_retrain_pipeline.py for tasks to queue
[2026-06-03T10:32:44.549+0000] {logging_mixin.py:188} INFO - [2026-06-03T10:32:44.549+0000] {dagbag.py:540} INFO - Filling up the DagBag from /opt/airflow/dags/dag_retrain_pipeline.py
[2026-06-03T10:32:44.641+0000] {processor.py:840} INFO - DAG(s) 'neuralretail_retrain_pipeline' retrieved from /opt/airflow/dags/dag_retrain_pipeline.py
[2026-06-03T10:32:44.691+0000] {logging_mixin.py:188} INFO - [2026-06-03T10:32:44.690+0000] {dag.py:3096} INFO - Sync 1 DAGs
[2026-06-03T10:32:44.718+0000] {logging_mixin.py:188} INFO - [2026-06-03T10:32:44.717+0000] {dag.py:3954} INFO - Setting next_dagrun for neuralretail_retrain_pipeline to None, run_after=None
[2026-06-03T10:32:44.770+0000] {processor.py:183} INFO - Processing /opt/airflow/dags/dag_retrain_pipeline.py took 0.245 seconds
[2026-06-03T10:33:15.448+0000] {processor.py:161} INFO - Started process (PID=1972) to work on /opt/airflow/dags/dag_retrain_pipeline.py
[2026-06-03T10:33:15.451+0000] {processor.py:830} INFO - Processing file /opt/airflow/dags/dag_retrain_pipeline.py for tasks to queue
[2026-06-03T10:33:15.455+0000] {logging_mixin.py:188} INFO - [2026-06-03T10:33:15.454+0000] {dagbag.py:540} INFO - Filling up the DagBag from /opt/airflow/dags/dag_retrain_pipeline.py
[2026-06-03T10:33:15.587+0000] {processor.py:840} INFO - DAG(s) 'neuralretail_retrain_pipeline' retrieved from /opt/airflow/dags/dag_retrain_pipeline.py
[2026-06-03T10:33:15.646+0000] {logging_mixin.py:188} INFO - [2026-06-03T10:33:15.646+0000] {dag.py:3096} INFO - Sync 1 DAGs
[2026-06-03T10:33:15.665+0000] {logging_mixin.py:188} INFO - [2026-06-03T10:33:15.665+0000] {dag.py:3954} INFO - Setting next_dagrun for neuralretail_retrain_pipeline to None, run_after=None
[2026-06-03T10:33:15.706+0000] {processor.py:183} INFO - Processing /opt/airflow/dags/dag_retrain_pipeline.py took 0.268 seconds
[2026-06-03T10:33:45.815+0000] {processor.py:161} INFO - Started process (PID=1992) to work on /opt/airflow/dags/dag_retrain_pipeline.py
[2026-06-03T10:33:45.816+0000] {processor.py:830} INFO - Processing file /opt/airflow/dags/dag_retrain_pipeline.py for tasks to queue
[2026-06-03T10:33:45.818+0000] {logging_mixin.py:188} INFO - [2026-06-03T10:33:45.818+0000] {dagbag.py:540} INFO - Filling up the DagBag from /opt/airflow/dags/dag_retrain_pipeline.py
[2026-06-03T10:33:45.857+0000] {processor.py:840} INFO - DAG(s) 'neuralretail_retrain_pipeline' retrieved from /opt/airflow/dags/dag_retrain_pipeline.py
[2026-06-03T10:33:45.882+0000] {logging_mixin.py:188} INFO - [2026-06-03T10:33:45.881+0000] {dag.py:3096} INFO - Sync 1 DAGs
[2026-06-03T10:33:45.893+0000] {logging_mixin.py:188} INFO - [2026-06-03T10:33:45.893+0000] {dag.py:3954} INFO - Setting next_dagrun for neuralretail_retrain_pipeline to None, run_after=None
[2026-06-03T10:33:45.925+0000] {processor.py:183} INFO - Processing /opt/airflow/dags/dag_retrain_pipeline.py took 0.115 seconds
[2026-06-03T10:34:16.391+0000] {processor.py:161} INFO - Started process (PID=2012) to work on /opt/airflow/dags/dag_retrain_pipeline.py
[2026-06-03T10:34:16.396+0000] {processor.py:830} INFO - Processing file /opt/airflow/dags/dag_retrain_pipeline.py for tasks to queue
[2026-06-03T10:34:16.401+0000] {logging_mixin.py:188} INFO - [2026-06-03T10:34:16.400+0000] {dagbag.py:540} INFO - Filling up the DagBag from /opt/airflow/dags/dag_retrain_pipeline.py
[2026-06-03T10:34:16.489+0000] {processor.py:840} INFO - DAG(s) 'neuralretail_retrain_pipeline' retrieved from /opt/airflow/dags/dag_retrain_pipeline.py
[2026-06-03T10:34:16.524+0000] {logging_mixin.py:188} INFO - [2026-06-03T10:34:16.524+0000] {dag.py:3096} INFO - Sync 1 DAGs
[2026-06-03T10:34:16.550+0000] {logging_mixin.py:188} INFO - [2026-06-03T10:34:16.549+0000] {dag.py:3954} INFO - Setting next_dagrun for neuralretail_retrain_pipeline to None, run_after=None
[2026-06-03T10:34:16.584+0000] {processor.py:183} INFO - Processing /opt/airflow/dags/dag_retrain_pipeline.py took 0.203 seconds
[2026-06-03T10:34:46.849+0000] {processor.py:161} INFO - Started process (PID=2032) to work on /opt/airflow/dags/dag_retrain_pipeline.py
[2026-06-03T10:34:46.851+0000] {processor.py:830} INFO - Processing file /opt/airflow/dags/dag_retrain_pipeline.py for tasks to queue
[2026-06-03T10:34:46.854+0000] {logging_mixin.py:188} INFO - [2026-06-03T10:34:46.854+0000] {dagbag.py:540} INFO - Filling up the DagBag from /opt/airflow/dags/dag_retrain_pipeline.py
[2026-06-03T10:34:46.903+0000] {processor.py:840} INFO - DAG(s) 'neuralretail_retrain_pipeline' retrieved from /opt/airflow/dags/dag_retrain_pipeline.py
[2026-06-03T10:34:46.923+0000] {logging_mixin.py:188} INFO - [2026-06-03T10:34:46.923+0000] {dag.py:3096} INFO - Sync 1 DAGs
[2026-06-03T10:34:46.968+0000] {logging_mixin.py:188} INFO - [2026-06-03T10:34:46.967+0000] {dag.py:3954} INFO - Setting next_dagrun for neuralretail_retrain_pipeline to None, run_after=None
[2026-06-03T10:34:46.990+0000] {processor.py:183} INFO - Processing /opt/airflow/dags/dag_retrain_pipeline.py took 0.157 seconds
[2026-06-03T10:35:17.270+0000] {processor.py:161} INFO - Started process (PID=2052) to work on /opt/airflow/dags/dag_retrain_pipeline.py
[2026-06-03T10:35:17.276+0000] {processor.py:830} INFO - Processing file /opt/airflow/dags/dag_retrain_pipeline.py for tasks to queue
[2026-06-03T10:35:17.282+0000] {logging_mixin.py:188} INFO - [2026-06-03T10:35:17.280+0000] {dagbag.py:540} INFO - Filling up the DagBag from /opt/airflow/dags/dag_retrain_pipeline.py
[2026-06-03T10:35:17.352+0000] {processor.py:840} INFO - DAG(s) 'neuralretail_retrain_pipeline' retrieved from /opt/airflow/dags/dag_retrain_pipeline.py
[2026-06-03T10:35:17.398+0000] {logging_mixin.py:188} INFO - [2026-06-03T10:35:17.398+0000] {dag.py:3096} INFO - Sync 1 DAGs
[2026-06-03T10:35:17.447+0000] {logging_mixin.py:188} INFO - [2026-06-03T10:35:17.447+0000] {dag.py:3954} INFO - Setting next_dagrun for neuralretail_retrain_pipeline to None, run_after=None
[2026-06-03T10:35:17.489+0000] {processor.py:183} INFO - Processing /opt/airflow/dags/dag_retrain_pipeline.py took 0.229 seconds
[2026-06-03T10:35:48.072+0000] {processor.py:161} INFO - Started process (PID=2072) to work on /opt/airflow/dags/dag_retrain_pipeline.py
[2026-06-03T10:35:48.076+0000] {processor.py:830} INFO - Processing file /opt/airflow/dags/dag_retrain_pipeline.py for tasks to queue
[2026-06-03T10:35:48.081+0000] {logging_mixin.py:188} INFO - [2026-06-03T10:35:48.080+0000] {dagbag.py:540} INFO - Filling up the DagBag from /opt/airflow/dags/dag_retrain_pipeline.py
[2026-06-03T10:35:48.153+0000] {processor.py:840} INFO - DAG(s) 'neuralretail_retrain_pipeline' retrieved from /opt/airflow/dags/dag_retrain_pipeline.py
[2026-06-03T10:35:48.189+0000] {logging_mixin.py:188} INFO - [2026-06-03T10:35:48.189+0000] {dag.py:3096} INFO - Sync 1 DAGs
[2026-06-03T10:35:48.202+0000] {logging_mixin.py:188} INFO - [2026-06-03T10:35:48.201+0000] {dag.py:3954} INFO - Setting next_dagrun for neuralretail_retrain_pipeline to None, run_after=None
[2026-06-03T10:35:48.224+0000] {processor.py:183} INFO - Processing /opt/airflow/dags/dag_retrain_pipeline.py took 0.157 seconds
[2026-06-03T10:36:19.289+0000] {processor.py:161} INFO - Started process (PID=2092) to work on /opt/airflow/dags/dag_retrain_pipeline.py
[2026-06-03T10:36:19.292+0000] {processor.py:830} INFO - Processing file /opt/airflow/dags/dag_retrain_pipeline.py for tasks to queue
[2026-06-03T10:36:19.295+0000] {logging_mixin.py:188} INFO - [2026-06-03T10:36:19.295+0000] {dagbag.py:540} INFO - Filling up the DagBag from /opt/airflow/dags/dag_retrain_pipeline.py
[2026-06-03T10:36:19.439+0000] {processor.py:840} INFO - DAG(s) 'neuralretail_retrain_pipeline' retrieved from /opt/airflow/dags/dag_retrain_pipeline.py
[2026-06-03T10:36:19.465+0000] {logging_mixin.py:188} INFO - [2026-06-03T10:36:19.465+0000] {dag.py:3096} INFO - Sync 1 DAGs
[2026-06-03T10:36:19.478+0000] {logging_mixin.py:188} INFO - [2026-06-03T10:36:19.477+0000] {dag.py:3954} INFO - Setting next_dagrun for neuralretail_retrain_pipeline to None, run_after=None
[2026-06-03T10:36:19.506+0000] {processor.py:183} INFO - Processing /opt/airflow/dags/dag_retrain_pipeline.py took 0.225 seconds
[2026-06-03T10:36:50.283+0000] {processor.py:161} INFO - Started process (PID=2112) to work on /opt/airflow/dags/dag_retrain_pipeline.py
[2026-06-03T10:36:50.284+0000] {processor.py:830} INFO - Processing file /opt/airflow/dags/dag_retrain_pipeline.py for tasks to queue
[2026-06-03T10:36:50.289+0000] {logging_mixin.py:188} INFO - [2026-06-03T10:36:50.288+0000] {dagbag.py:540} INFO - Filling up the DagBag from /opt/airflow/dags/dag_retrain_pipeline.py
[2026-06-03T10:36:50.345+0000] {processor.py:840} INFO - DAG(s) 'neuralretail_retrain_pipeline' retrieved from /opt/airflow/dags/dag_retrain_pipeline.py
[2026-06-03T10:36:50.369+0000] {logging_mixin.py:188} INFO - [2026-06-03T10:36:50.369+0000] {dag.py:3096} INFO - Sync 1 DAGs
[2026-06-03T10:36:50.380+0000] {logging_mixin.py:188} INFO - [2026-06-03T10:36:50.380+0000] {dag.py:3954} INFO - Setting next_dagrun for neuralretail_retrain_pipeline to None, run_after=None
[2026-06-03T10:36:50.398+0000] {processor.py:183} INFO - Processing /opt/airflow/dags/dag_retrain_pipeline.py took 0.120 seconds
[2026-06-03T10:37:20.593+0000] {processor.py:161} INFO - Started process (PID=2132) to work on /opt/airflow/dags/dag_retrain_pipeline.py
[2026-06-03T10:37:20.596+0000] {processor.py:830} INFO - Processing file /opt/airflow/dags/dag_retrain_pipeline.py for tasks to queue
[2026-06-03T10:37:20.600+0000] {logging_mixin.py:188} INFO - [2026-06-03T10:37:20.599+0000] {dagbag.py:540} INFO - Filling up the DagBag from /opt/airflow/dags/dag_retrain_pipeline.py
[2026-06-03T10:37:20.734+0000] {processor.py:840} INFO - DAG(s) 'neuralretail_retrain_pipeline' retrieved from /opt/airflow/dags/dag_retrain_pipeline.py
[2026-06-03T10:37:20.773+0000] {logging_mixin.py:188} INFO - [2026-06-03T10:37:20.773+0000] {dag.py:3096} INFO - Sync 1 DAGs
[2026-06-03T10:37:20.785+0000] {logging_mixin.py:188} INFO - [2026-06-03T10:37:20.784+0000] {dag.py:3954} INFO - Setting next_dagrun for neuralretail_retrain_pipeline to None, run_after=None
[2026-06-03T10:37:20.813+0000] {processor.py:183} INFO - Processing /opt/airflow/dags/dag_retrain_pipeline.py took 0.238 seconds
[2026-06-03T10:37:51.216+0000] {processor.py:161} INFO - Started process (PID=2152) to work on /opt/airflow/dags/dag_retrain_pipeline.py
[2026-06-03T10:37:51.218+0000] {processor.py:830} INFO - Processing file /opt/airflow/dags/dag_retrain_pipeline.py for tasks to queue
[2026-06-03T10:37:51.222+0000] {logging_mixin.py:188} INFO - [2026-06-03T10:37:51.221+0000] {dagbag.py:540} INFO - Filling up the DagBag from /opt/airflow/dags/dag_retrain_pipeline.py
[2026-06-03T10:37:51.290+0000] {processor.py:840} INFO - DAG(s) 'neuralretail_retrain_pipeline' retrieved from /opt/airflow/dags/dag_retrain_pipeline.py
[2026-06-03T10:37:51.345+0000] {logging_mixin.py:188} INFO - [2026-06-03T10:37:51.345+0000] {dag.py:3096} INFO - Sync 1 DAGs
[2026-06-03T10:37:51.371+0000] {logging_mixin.py:188} INFO - [2026-06-03T10:37:51.370+0000] {dag.py:3954} INFO - Setting next_dagrun for neuralretail_retrain_pipeline to None, run_after=None
[2026-06-03T10:37:51.397+0000] {processor.py:183} INFO - Processing /opt/airflow/dags/dag_retrain_pipeline.py took 0.194 seconds
[2026-06-03T10:38:22.231+0000] {processor.py:161} INFO - Started process (PID=2172) to work on /opt/airflow/dags/dag_retrain_pipeline.py
[2026-06-03T10:38:22.256+0000] {processor.py:830} INFO - Processing file /opt/airflow/dags/dag_retrain_pipeline.py for tasks to queue
[2026-06-03T10:38:22.272+0000] {logging_mixin.py:188} INFO - [2026-06-03T10:38:22.271+0000] {dagbag.py:540} INFO - Filling up the DagBag from /opt/airflow/dags/dag_retrain_pipeline.py
[2026-06-03T10:38:22.389+0000] {processor.py:840} INFO - DAG(s) 'neuralretail_retrain_pipeline' retrieved from /opt/airflow/dags/dag_retrain_pipeline.py
[2026-06-03T10:38:22.449+0000] {logging_mixin.py:188} INFO - [2026-06-03T10:38:22.449+0000] {dag.py:3096} INFO - Sync 1 DAGs
[2026-06-03T10:38:22.488+0000] {logging_mixin.py:188} INFO - [2026-06-03T10:38:22.487+0000] {dag.py:3954} INFO - Setting next_dagrun for neuralretail_retrain_pipeline to None, run_after=None
[2026-06-03T10:38:22.544+0000] {processor.py:183} INFO - Processing /opt/airflow/dags/dag_retrain_pipeline.py took 0.332 seconds
[2026-06-03T10:38:52.814+0000] {processor.py:161} INFO - Started process (PID=2192) to work on /opt/airflow/dags/dag_retrain_pipeline.py
[2026-06-03T10:38:52.820+0000] {processor.py:830} INFO - Processing file /opt/airflow/dags/dag_retrain_pipeline.py for tasks to queue
[2026-06-03T10:38:52.827+0000] {logging_mixin.py:188} INFO - [2026-06-03T10:38:52.827+0000] {dagbag.py:540} INFO - Filling up the DagBag from /opt/airflow/dags/dag_retrain_pipeline.py
[2026-06-03T10:38:53.051+0000] {processor.py:840} INFO - DAG(s) 'neuralretail_retrain_pipeline' retrieved from /opt/airflow/dags/dag_retrain_pipeline.py
[2026-06-03T10:38:53.108+0000] {logging_mixin.py:188} INFO - [2026-06-03T10:38:53.107+0000] {dag.py:3096} INFO - Sync 1 DAGs
[2026-06-03T10:38:53.139+0000] {logging_mixin.py:188} INFO - [2026-06-03T10:38:53.138+0000] {dag.py:3954} INFO - Setting next_dagrun for neuralretail_retrain_pipeline to None, run_after=None
[2026-06-03T10:38:53.169+0000] {processor.py:183} INFO - Processing /opt/airflow/dags/dag_retrain_pipeline.py took 0.360 seconds
[2026-06-03T10:39:23.499+0000] {processor.py:161} INFO - Started process (PID=2212) to work on /opt/airflow/dags/dag_retrain_pipeline.py
[2026-06-03T10:39:23.503+0000] {processor.py:830} INFO - Processing file /opt/airflow/dags/dag_retrain_pipeline.py for tasks to queue
[2026-06-03T10:39:23.508+0000] {logging_mixin.py:188} INFO - [2026-06-03T10:39:23.507+0000] {dagbag.py:540} INFO - Filling up the DagBag from /opt/airflow/dags/dag_retrain_pipeline.py
[2026-06-03T10:39:23.606+0000] {processor.py:840} INFO - DAG(s) 'neuralretail_retrain_pipeline' retrieved from /opt/airflow/dags/dag_retrain_pipeline.py
[2026-06-03T10:39:23.645+0000] {logging_mixin.py:188} INFO - [2026-06-03T10:39:23.645+0000] {dag.py:3096} INFO - Sync 1 DAGs
[2026-06-03T10:39:23.658+0000] {logging_mixin.py:188} INFO - [2026-06-03T10:39:23.657+0000] {dag.py:3954} INFO - Setting next_dagrun for neuralretail_retrain_pipeline to None, run_after=None
[2026-06-03T10:39:23.688+0000] {processor.py:183} INFO - Processing /opt/airflow/dags/dag_retrain_pipeline.py took 0.207 seconds
[2026-06-03T10:39:54.241+0000] {processor.py:161} INFO - Started process (PID=2232) to work on /opt/airflow/dags/dag_retrain_pipeline.py
[2026-06-03T10:39:54.245+0000] {processor.py:830} INFO - Processing file /opt/airflow/dags/dag_retrain_pipeline.py for tasks to queue
[2026-06-03T10:39:54.251+0000] {logging_mixin.py:188} INFO - [2026-06-03T10:39:54.249+0000] {dagbag.py:540} INFO - Filling up the DagBag from /opt/airflow/dags/dag_retrain_pipeline.py
[2026-06-03T10:39:54.329+0000] {processor.py:840} INFO - DAG(s) 'neuralretail_retrain_pipeline' retrieved from /opt/airflow/dags/dag_retrain_pipeline.py
[2026-06-03T10:39:54.367+0000] {logging_mixin.py:188} INFO - [2026-06-03T10:39:54.366+0000] {dag.py:3096} INFO - Sync 1 DAGs
[2026-06-03T10:39:54.386+0000] {logging_mixin.py:188} INFO - [2026-06-03T10:39:54.385+0000] {dag.py:3954} INFO - Setting next_dagrun for neuralretail_retrain_pipeline to None, run_after=None
[2026-06-03T10:39:54.419+0000] {processor.py:183} INFO - Processing /opt/airflow/dags/dag_retrain_pipeline.py took 0.188 seconds
[2026-06-03T10:40:24.629+0000] {processor.py:161} INFO - Started process (PID=2252) to work on /opt/airflow/dags/dag_retrain_pipeline.py
[2026-06-03T10:40:24.638+0000] {processor.py:830} INFO - Processing file /opt/airflow/dags/dag_retrain_pipeline.py for tasks to queue
[2026-06-03T10:40:24.645+0000] {logging_mixin.py:188} INFO - [2026-06-03T10:40:24.643+0000] {dagbag.py:540} INFO - Filling up the DagBag from /opt/airflow/dags/dag_retrain_pipeline.py
[2026-06-03T10:40:24.702+0000] {processor.py:840} INFO - DAG(s) 'neuralretail_retrain_pipeline' retrieved from /opt/airflow/dags/dag_retrain_pipeline.py
[2026-06-03T10:40:24.726+0000] {logging_mixin.py:188} INFO - [2026-06-03T10:40:24.726+0000] {dag.py:3096} INFO - Sync 1 DAGs
[2026-06-03T10:40:24.738+0000] {logging_mixin.py:188} INFO - [2026-06-03T10:40:24.737+0000] {dag.py:3954} INFO - Setting next_dagrun for neuralretail_retrain_pipeline to None, run_after=None
[2026-06-03T10:40:24.769+0000] {processor.py:183} INFO - Processing /opt/airflow/dags/dag_retrain_pipeline.py took 0.158 seconds
[2026-06-03T10:40:55.196+0000] {processor.py:161} INFO - Started process (PID=2272) to work on /opt/airflow/dags/dag_retrain_pipeline.py
[2026-06-03T10:40:55.198+0000] {processor.py:830} INFO - Processing file /opt/airflow/dags/dag_retrain_pipeline.py for tasks to queue
[2026-06-03T10:40:55.200+0000] {logging_mixin.py:188} INFO - [2026-06-03T10:40:55.200+0000] {dagbag.py:540} INFO - Filling up the DagBag from /opt/airflow/dags/dag_retrain_pipeline.py
[2026-06-03T10:40:55.253+0000] {processor.py:840} INFO - DAG(s) 'neuralretail_retrain_pipeline' retrieved from /opt/airflow/dags/dag_retrain_pipeline.py
[2026-06-03T10:40:55.277+0000] {logging_mixin.py:188} INFO - [2026-06-03T10:40:55.277+0000] {dag.py:3096} INFO - Sync 1 DAGs
[2026-06-03T10:40:55.288+0000] {logging_mixin.py:188} INFO - [2026-06-03T10:40:55.288+0000] {dag.py:3954} INFO - Setting next_dagrun for neuralretail_retrain_pipeline to None, run_after=None
[2026-06-03T10:40:55.317+0000] {processor.py:183} INFO - Processing /opt/airflow/dags/dag_retrain_pipeline.py took 0.126 seconds
[2026-06-03T10:41:25.678+0000] {processor.py:161} INFO - Started process (PID=2292) to work on /opt/airflow/dags/dag_retrain_pipeline.py
[2026-06-03T10:41:25.681+0000] {processor.py:830} INFO - Processing file /opt/airflow/dags/dag_retrain_pipeline.py for tasks to queue
[2026-06-03T10:41:25.685+0000] {logging_mixin.py:188} INFO - [2026-06-03T10:41:25.685+0000] {dagbag.py:540} INFO - Filling up the DagBag from /opt/airflow/dags/dag_retrain_pipeline.py
[2026-06-03T10:41:25.751+0000] {processor.py:840} INFO - DAG(s) 'neuralretail_retrain_pipeline' retrieved from /opt/airflow/dags/dag_retrain_pipeline.py
[2026-06-03T10:41:25.786+0000] {logging_mixin.py:188} INFO - [2026-06-03T10:41:25.786+0000] {dag.py:3096} INFO - Sync 1 DAGs
[2026-06-03T10:41:25.800+0000] {logging_mixin.py:188} INFO - [2026-06-03T10:41:25.800+0000] {dag.py:3954} INFO - Setting next_dagrun for neuralretail_retrain_pipeline to None, run_after=None
[2026-06-03T10:41:25.824+0000] {processor.py:183} INFO - Processing /opt/airflow/dags/dag_retrain_pipeline.py took 0.163 seconds
[2026-06-03T10:41:56.102+0000] {processor.py:161} INFO - Started process (PID=2312) to work on /opt/airflow/dags/dag_retrain_pipeline.py
[2026-06-03T10:41:56.103+0000] {processor.py:830} INFO - Processing file /opt/airflow/dags/dag_retrain_pipeline.py for tasks to queue
[2026-06-03T10:41:56.107+0000] {logging_mixin.py:188} INFO - [2026-06-03T10:41:56.106+0000] {dagbag.py:540} INFO - Filling up the DagBag from /opt/airflow/dags/dag_retrain_pipeline.py
[2026-06-03T10:41:56.152+0000] {processor.py:840} INFO - DAG(s) 'neuralretail_retrain_pipeline' retrieved from /opt/airflow/dags/dag_retrain_pipeline.py
[2026-06-03T10:41:56.187+0000] {logging_mixin.py:188} INFO - [2026-06-03T10:41:56.187+0000] {dag.py:3096} INFO - Sync 1 DAGs
[2026-06-03T10:41:56.212+0000] {logging_mixin.py:188} INFO - [2026-06-03T10:41:56.212+0000] {dag.py:3954} INFO - Setting next_dagrun for neuralretail_retrain_pipeline to None, run_after=None
[2026-06-03T10:41:56.258+0000] {processor.py:183} INFO - Processing /opt/airflow/dags/dag_retrain_pipeline.py took 0.163 seconds
[2026-06-03T10:42:26.427+0000] {processor.py:161} INFO - Started process (PID=2332) to work on /opt/airflow/dags/dag_retrain_pipeline.py
[2026-06-03T10:42:26.430+0000] {processor.py:830} INFO - Processing file /opt/airflow/dags/dag_retrain_pipeline.py for tasks to queue
[2026-06-03T10:42:26.433+0000] {logging_mixin.py:188} INFO - [2026-06-03T10:42:26.432+0000] {dagbag.py:540} INFO - Filling up the DagBag from /opt/airflow/dags/dag_retrain_pipeline.py
[2026-06-03T10:42:26.537+0000] {processor.py:840} INFO - DAG(s) 'neuralretail_retrain_pipeline' retrieved from /opt/airflow/dags/dag_retrain_pipeline.py
[2026-06-03T10:42:26.616+0000] {logging_mixin.py:188} INFO - [2026-06-03T10:42:26.616+0000] {dag.py:3096} INFO - Sync 1 DAGs
[2026-06-03T10:42:26.645+0000] {logging_mixin.py:188} INFO - [2026-06-03T10:42:26.644+0000] {dag.py:3954} INFO - Setting next_dagrun for neuralretail_retrain_pipeline to None, run_after=None
[2026-06-03T10:42:26.707+0000] {processor.py:183} INFO - Processing /opt/airflow/dags/dag_retrain_pipeline.py took 0.294 seconds
[2026-06-03T10:42:57.428+0000] {processor.py:161} INFO - Started process (PID=2352) to work on /opt/airflow/dags/dag_retrain_pipeline.py
[2026-06-03T10:42:57.432+0000] {processor.py:830} INFO - Processing file /opt/airflow/dags/dag_retrain_pipeline.py for tasks to queue
[2026-06-03T10:42:57.439+0000] {logging_mixin.py:188} INFO - [2026-06-03T10:42:57.439+0000] {dagbag.py:540} INFO - Filling up the DagBag from /opt/airflow/dags/dag_retrain_pipeline.py
[2026-06-03T10:42:57.482+0000] {processor.py:840} INFO - DAG(s) 'neuralretail_retrain_pipeline' retrieved from /opt/airflow/dags/dag_retrain_pipeline.py
[2026-06-03T10:42:57.507+0000] {logging_mixin.py:188} INFO - [2026-06-03T10:42:57.506+0000] {dag.py:3096} INFO - Sync 1 DAGs
[2026-06-03T10:42:57.519+0000] {logging_mixin.py:188} INFO - [2026-06-03T10:42:57.519+0000] {dag.py:3954} INFO - Setting next_dagrun for neuralretail_retrain_pipeline to None, run_after=None
[2026-06-03T10:42:57.541+0000] {processor.py:183} INFO - Processing /opt/airflow/dags/dag_retrain_pipeline.py took 0.119 seconds
[2026-06-03T10:43:28.020+0000] {processor.py:161} INFO - Started process (PID=2372) to work on /opt/airflow/dags/dag_retrain_pipeline.py
[2026-06-03T10:43:28.023+0000] {processor.py:830} INFO - Processing file /opt/airflow/dags/dag_retrain_pipeline.py for tasks to queue
[2026-06-03T10:43:28.026+0000] {logging_mixin.py:188} INFO - [2026-06-03T10:43:28.025+0000] {dagbag.py:540} INFO - Filling up the DagBag from /opt/airflow/dags/dag_retrain_pipeline.py
[2026-06-03T10:43:28.092+0000] {processor.py:840} INFO - DAG(s) 'neuralretail_retrain_pipeline' retrieved from /opt/airflow/dags/dag_retrain_pipeline.py
[2026-06-03T10:43:28.143+0000] {logging_mixin.py:188} INFO - [2026-06-03T10:43:28.143+0000] {dag.py:3096} INFO - Sync 1 DAGs
[2026-06-03T10:43:28.160+0000] {logging_mixin.py:188} INFO - [2026-06-03T10:43:28.159+0000] {dag.py:3954} INFO - Setting next_dagrun for neuralretail_retrain_pipeline to None, run_after=None
[2026-06-03T10:43:28.189+0000] {processor.py:183} INFO - Processing /opt/airflow/dags/dag_retrain_pipeline.py took 0.174 seconds
[2026-06-03T10:43:58.726+0000] {processor.py:161} INFO - Started process (PID=2392) to work on /opt/airflow/dags/dag_retrain_pipeline.py
[2026-06-03T10:43:58.728+0000] {processor.py:830} INFO - Processing file /opt/airflow/dags/dag_retrain_pipeline.py for tasks to queue
[2026-06-03T10:43:58.730+0000] {logging_mixin.py:188} INFO - [2026-06-03T10:43:58.730+0000] {dagbag.py:540} INFO - Filling up the DagBag from /opt/airflow/dags/dag_retrain_pipeline.py
[2026-06-03T10:43:58.770+0000] {processor.py:840} INFO - DAG(s) 'neuralretail_retrain_pipeline' retrieved from /opt/airflow/dags/dag_retrain_pipeline.py
[2026-06-03T10:43:58.796+0000] {logging_mixin.py:188} INFO - [2026-06-03T10:43:58.796+0000] {dag.py:3096} INFO - Sync 1 DAGs
[2026-06-03T10:43:58.809+0000] {logging_mixin.py:188} INFO - [2026-06-03T10:43:58.809+0000] {dag.py:3954} INFO - Setting next_dagrun for neuralretail_retrain_pipeline to None, run_after=None
[2026-06-03T10:43:58.831+0000] {processor.py:183} INFO - Processing /opt/airflow/dags/dag_retrain_pipeline.py took 0.111 seconds
[2026-06-03T10:44:28.955+0000] {processor.py:161} INFO - Started process (PID=2412) to work on /opt/airflow/dags/dag_retrain_pipeline.py
[2026-06-03T10:44:28.958+0000] {processor.py:830} INFO - Processing file /opt/airflow/dags/dag_retrain_pipeline.py for tasks to queue
[2026-06-03T10:44:28.961+0000] {logging_mixin.py:188} INFO - [2026-06-03T10:44:28.961+0000] {dagbag.py:540} INFO - Filling up the DagBag from /opt/airflow/dags/dag_retrain_pipeline.py
[2026-06-03T10:44:29.309+0000] {processor.py:840} INFO - DAG(s) 'neuralretail_retrain_pipeline' retrieved from /opt/airflow/dags/dag_retrain_pipeline.py
[2026-06-03T10:44:29.339+0000] {logging_mixin.py:188} INFO - [2026-06-03T10:44:29.339+0000] {dag.py:3096} INFO - Sync 1 DAGs
[2026-06-03T10:44:29.356+0000] {logging_mixin.py:188} INFO - [2026-06-03T10:44:29.355+0000] {dag.py:3954} INFO - Setting next_dagrun for neuralretail_retrain_pipeline to None, run_after=None
[2026-06-03T10:44:29.377+0000] {processor.py:183} INFO - Processing /opt/airflow/dags/dag_retrain_pipeline.py took 0.428 seconds
[2026-06-03T10:45:00.077+0000] {processor.py:161} INFO - Started process (PID=2432) to work on /opt/airflow/dags/dag_retrain_pipeline.py
[2026-06-03T10:45:00.084+0000] {processor.py:830} INFO - Processing file /opt/airflow/dags/dag_retrain_pipeline.py for tasks to queue
[2026-06-03T10:45:00.094+0000] {logging_mixin.py:188} INFO - [2026-06-03T10:45:00.093+0000] {dagbag.py:540} INFO - Filling up the DagBag from /opt/airflow/dags/dag_retrain_pipeline.py
[2026-06-03T10:45:00.245+0000] {processor.py:840} INFO - DAG(s) 'neuralretail_retrain_pipeline' retrieved from /opt/airflow/dags/dag_retrain_pipeline.py
[2026-06-03T10:45:00.302+0000] {logging_mixin.py:188} INFO - [2026-06-03T10:45:00.302+0000] {dag.py:3096} INFO - Sync 1 DAGs
[2026-06-03T10:45:00.316+0000] {logging_mixin.py:188} INFO - [2026-06-03T10:45:00.316+0000] {dag.py:3954} INFO - Setting next_dagrun for neuralretail_retrain_pipeline to None, run_after=None
[2026-06-03T10:45:00.343+0000] {processor.py:183} INFO - Processing /opt/airflow/dags/dag_retrain_pipeline.py took 0.273 seconds
[2026-06-03T10:45:30.963+0000] {processor.py:161} INFO - Started process (PID=2452) to work on /opt/airflow/dags/dag_retrain_pipeline.py
[2026-06-03T10:45:30.965+0000] {processor.py:830} INFO - Processing file /opt/airflow/dags/dag_retrain_pipeline.py for tasks to queue
[2026-06-03T10:45:30.970+0000] {logging_mixin.py:188} INFO - [2026-06-03T10:45:30.968+0000] {dagbag.py:540} INFO - Filling up the DagBag from /opt/airflow/dags/dag_retrain_pipeline.py
[2026-06-03T10:45:31.057+0000] {processor.py:840} INFO - DAG(s) 'neuralretail_retrain_pipeline' retrieved from /opt/airflow/dags/dag_retrain_pipeline.py
[2026-06-03T10:45:31.104+0000] {logging_mixin.py:188} INFO - [2026-06-03T10:45:31.103+0000] {dag.py:3096} INFO - Sync 1 DAGs
[2026-06-03T10:45:31.128+0000] {logging_mixin.py:188} INFO - [2026-06-03T10:45:31.128+0000] {dag.py:3954} INFO - Setting next_dagrun for neuralretail_retrain_pipeline to None, run_after=None
[2026-06-03T10:45:31.171+0000] {processor.py:183} INFO - Processing /opt/airflow/dags/dag_retrain_pipeline.py took 0.214 seconds
[2026-06-03T10:46:01.477+0000] {processor.py:161} INFO - Started process (PID=2472) to work on /opt/airflow/dags/dag_retrain_pipeline.py
[2026-06-03T10:46:01.480+0000] {processor.py:830} INFO - Processing file /opt/airflow/dags/dag_retrain_pipeline.py for tasks to queue
[2026-06-03T10:46:01.486+0000] {logging_mixin.py:188} INFO - [2026-06-03T10:46:01.485+0000] {dagbag.py:540} INFO - Filling up the DagBag from /opt/airflow/dags/dag_retrain_pipeline.py
[2026-06-03T10:46:01.580+0000] {processor.py:840} INFO - DAG(s) 'neuralretail_retrain_pipeline' retrieved from /opt/airflow/dags/dag_retrain_pipeline.py
[2026-06-03T10:46:01.623+0000] {logging_mixin.py:188} INFO - [2026-06-03T10:46:01.622+0000] {dag.py:3096} INFO - Sync 1 DAGs
[2026-06-03T10:46:01.657+0000] {logging_mixin.py:188} INFO - [2026-06-03T10:46:01.657+0000] {dag.py:3954} INFO - Setting next_dagrun for neuralretail_retrain_pipeline to None, run_after=None
[2026-06-03T10:46:01.727+0000] {processor.py:183} INFO - Processing /opt/airflow/dags/dag_retrain_pipeline.py took 0.267 seconds
[2026-06-03T10:46:31.987+0000] {processor.py:161} INFO - Started process (PID=2492) to work on /opt/airflow/dags/dag_retrain_pipeline.py
[2026-06-03T10:46:31.989+0000] {processor.py:830} INFO - Processing file /opt/airflow/dags/dag_retrain_pipeline.py for tasks to queue
[2026-06-03T10:46:31.991+0000] {logging_mixin.py:188} INFO - [2026-06-03T10:46:31.991+0000] {dagbag.py:540} INFO - Filling up the DagBag from /opt/airflow/dags/dag_retrain_pipeline.py
[2026-06-03T10:46:32.039+0000] {processor.py:840} INFO - DAG(s) 'neuralretail_retrain_pipeline' retrieved from /opt/airflow/dags/dag_retrain_pipeline.py
[2026-06-03T10:46:32.067+0000] {logging_mixin.py:188} INFO - [2026-06-03T10:46:32.067+0000] {dag.py:3096} INFO - Sync 1 DAGs
[2026-06-03T10:46:32.081+0000] {logging_mixin.py:188} INFO - [2026-06-03T10:46:32.081+0000] {dag.py:3954} INFO - Setting next_dagrun for neuralretail_retrain_pipeline to None, run_after=None
[2026-06-03T10:46:32.101+0000] {processor.py:183} INFO - Processing /opt/airflow/dags/dag_retrain_pipeline.py took 0.118 seconds
[2026-06-03T10:47:02.192+0000] {processor.py:161} INFO - Started process (PID=2512) to work on /opt/airflow/dags/dag_retrain_pipeline.py
[2026-06-03T10:47:02.196+0000] {processor.py:830} INFO - Processing file /opt/airflow/dags/dag_retrain_pipeline.py for tasks to queue
[2026-06-03T10:47:02.199+0000] {logging_mixin.py:188} INFO - [2026-06-03T10:47:02.199+0000] {dagbag.py:540} INFO - Filling up the DagBag from /opt/airflow/dags/dag_retrain_pipeline.py
[2026-06-03T10:47:02.243+0000] {processor.py:840} INFO - DAG(s) 'neuralretail_retrain_pipeline' retrieved from /opt/airflow/dags/dag_retrain_pipeline.py
[2026-06-03T10:47:02.270+0000] {logging_mixin.py:188} INFO - [2026-06-03T10:47:02.270+0000] {dag.py:3096} INFO - Sync 1 DAGs
[2026-06-03T10:47:02.283+0000] {logging_mixin.py:188} INFO - [2026-06-03T10:47:02.283+0000] {dag.py:3954} INFO - Setting next_dagrun for neuralretail_retrain_pipeline to None, run_after=None
[2026-06-03T10:47:02.309+0000] {processor.py:183} INFO - Processing /opt/airflow/dags/dag_retrain_pipeline.py took 0.123 seconds
[2026-06-03T10:47:32.597+0000] {processor.py:161} INFO - Started process (PID=2532) to work on /opt/airflow/dags/dag_retrain_pipeline.py
[2026-06-03T10:47:32.598+0000] {processor.py:830} INFO - Processing file /opt/airflow/dags/dag_retrain_pipeline.py for tasks to queue
[2026-06-03T10:47:32.600+0000] {logging_mixin.py:188} INFO - [2026-06-03T10:47:32.600+0000] {dagbag.py:540} INFO - Filling up the DagBag from /opt/airflow/dags/dag_retrain_pipeline.py
[2026-06-03T10:47:32.662+0000] {processor.py:840} INFO - DAG(s) 'neuralretail_retrain_pipeline' retrieved from /opt/airflow/dags/dag_retrain_pipeline.py
[2026-06-03T10:47:32.725+0000] {logging_mixin.py:188} INFO - [2026-06-03T10:47:32.724+0000] {dag.py:3096} INFO - Sync 1 DAGs
[2026-06-03T10:47:32.740+0000] {logging_mixin.py:188} INFO - [2026-06-03T10:47:32.740+0000] {dag.py:3954} INFO - Setting next_dagrun for neuralretail_retrain_pipeline to None, run_after=None
[2026-06-03T10:47:32.762+0000] {processor.py:183} INFO - Processing /opt/airflow/dags/dag_retrain_pipeline.py took 0.171 seconds
[2026-06-03T10:48:02.937+0000] {processor.py:161} INFO - Started process (PID=2552) to work on /opt/airflow/dags/dag_retrain_pipeline.py
[2026-06-03T10:48:02.940+0000] {processor.py:830} INFO - Processing file /opt/airflow/dags/dag_retrain_pipeline.py for tasks to queue
[2026-06-03T10:48:02.943+0000] {logging_mixin.py:188} INFO - [2026-06-03T10:48:02.943+0000] {dagbag.py:540} INFO - Filling up the DagBag from /opt/airflow/dags/dag_retrain_pipeline.py
[2026-06-03T10:48:03.063+0000] {processor.py:840} INFO - DAG(s) 'neuralretail_retrain_pipeline' retrieved from /opt/airflow/dags/dag_retrain_pipeline.py
[2026-06-03T10:48:03.115+0000] {logging_mixin.py:188} INFO - [2026-06-03T10:48:03.115+0000] {dag.py:3096} INFO - Sync 1 DAGs
[2026-06-03T10:48:03.130+0000] {logging_mixin.py:188} INFO - [2026-06-03T10:48:03.129+0000] {dag.py:3954} INFO - Setting next_dagrun for neuralretail_retrain_pipeline to None, run_after=None
[2026-06-03T10:48:03.154+0000] {processor.py:183} INFO - Processing /opt/airflow/dags/dag_retrain_pipeline.py took 0.228 seconds
[2026-06-03T10:48:33.294+0000] {processor.py:161} INFO - Started process (PID=2572) to work on /opt/airflow/dags/dag_retrain_pipeline.py
[2026-06-03T10:48:33.297+0000] {processor.py:830} INFO - Processing file /opt/airflow/dags/dag_retrain_pipeline.py for tasks to queue
[2026-06-03T10:48:33.301+0000] {logging_mixin.py:188} INFO - [2026-06-03T10:48:33.301+0000] {dagbag.py:540} INFO - Filling up the DagBag from /opt/airflow/dags/dag_retrain_pipeline.py
[2026-06-03T10:48:33.396+0000] {processor.py:840} INFO - DAG(s) 'neuralretail_retrain_pipeline' retrieved from /opt/airflow/dags/dag_retrain_pipeline.py
[2026-06-03T10:48:33.444+0000] {logging_mixin.py:188} INFO - [2026-06-03T10:48:33.444+0000] {dag.py:3096} INFO - Sync 1 DAGs
[2026-06-03T10:48:33.467+0000] {logging_mixin.py:188} INFO - [2026-06-03T10:48:33.466+0000] {dag.py:3954} INFO - Setting next_dagrun for neuralretail_retrain_pipeline to None, run_after=None
[2026-06-03T10:48:33.503+0000] {processor.py:183} INFO - Processing /opt/airflow/dags/dag_retrain_pipeline.py took 0.217 seconds
[2026-06-03T10:49:04.839+0000] {processor.py:161} INFO - Started process (PID=2592) to work on /opt/airflow/dags/dag_retrain_pipeline.py
[2026-06-03T10:49:04.841+0000] {processor.py:830} INFO - Processing file /opt/airflow/dags/dag_retrain_pipeline.py for tasks to queue
[2026-06-03T10:49:04.847+0000] {logging_mixin.py:188} INFO - [2026-06-03T10:49:04.846+0000] {dagbag.py:540} INFO - Filling up the DagBag from /opt/airflow/dags/dag_retrain_pipeline.py
[2026-06-03T10:49:04.908+0000] {processor.py:840} INFO - DAG(s) 'neuralretail_retrain_pipeline' retrieved from /opt/airflow/dags/dag_retrain_pipeline.py
[2026-06-03T10:49:04.938+0000] {logging_mixin.py:188} INFO - [2026-06-03T10:49:04.938+0000] {dag.py:3096} INFO - Sync 1 DAGs
[2026-06-03T10:49:04.953+0000] {logging_mixin.py:188} INFO - [2026-06-03T10:49:04.953+0000] {dag.py:3954} INFO - Setting next_dagrun for neuralretail_retrain_pipeline to None, run_after=None
[2026-06-03T10:49:04.977+0000] {processor.py:183} INFO - Processing /opt/airflow/dags/dag_retrain_pipeline.py took 0.150 seconds
[2026-06-03T10:49:35.511+0000] {processor.py:161} INFO - Started process (PID=2612) to work on /opt/airflow/dags/dag_retrain_pipeline.py
[2026-06-03T10:49:35.516+0000] {processor.py:830} INFO - Processing file /opt/airflow/dags/dag_retrain_pipeline.py for tasks to queue
[2026-06-03T10:49:35.520+0000] {logging_mixin.py:188} INFO - [2026-06-03T10:49:35.519+0000] {dagbag.py:540} INFO - Filling up the DagBag from /opt/airflow/dags/dag_retrain_pipeline.py
[2026-06-03T10:49:35.607+0000] {processor.py:840} INFO - DAG(s) 'neuralretail_retrain_pipeline' retrieved from /opt/airflow/dags/dag_retrain_pipeline.py
[2026-06-03T10:49:35.674+0000] {logging_mixin.py:188} INFO - [2026-06-03T10:49:35.674+0000] {dag.py:3096} INFO - Sync 1 DAGs
[2026-06-03T10:49:35.697+0000] {logging_mixin.py:188} INFO - [2026-06-03T10:49:35.697+0000] {dag.py:3954} INFO - Setting next_dagrun for neuralretail_retrain_pipeline to None, run_after=None
[2026-06-03T10:49:35.720+0000] {processor.py:183} INFO - Processing /opt/airflow/dags/dag_retrain_pipeline.py took 0.228 seconds
[2026-06-03T10:50:06.481+0000] {processor.py:161} INFO - Started process (PID=2632) to work on /opt/airflow/dags/dag_retrain_pipeline.py
[2026-06-03T10:50:06.490+0000] {processor.py:830} INFO - Processing file /opt/airflow/dags/dag_retrain_pipeline.py for tasks to queue
[2026-06-03T10:50:06.498+0000] {logging_mixin.py:188} INFO - [2026-06-03T10:50:06.498+0000] {dagbag.py:540} INFO - Filling up the DagBag from /opt/airflow/dags/dag_retrain_pipeline.py
[2026-06-03T10:50:06.575+0000] {processor.py:840} INFO - DAG(s) 'neuralretail_retrain_pipeline' retrieved from /opt/airflow/dags/dag_retrain_pipeline.py
[2026-06-03T10:50:06.602+0000] {logging_mixin.py:188} INFO - [2026-06-03T10:50:06.602+0000] {dag.py:3096} INFO - Sync 1 DAGs
[2026-06-03T10:50:06.615+0000] {logging_mixin.py:188} INFO - [2026-06-03T10:50:06.615+0000] {dag.py:3954} INFO - Setting next_dagrun for neuralretail_retrain_pipeline to None, run_after=None
[2026-06-03T10:50:06.636+0000] {processor.py:183} INFO - Processing /opt/airflow/dags/dag_retrain_pipeline.py took 0.160 seconds
[2026-06-03T10:50:36.836+0000] {processor.py:161} INFO - Started process (PID=2652) to work on /opt/airflow/dags/dag_retrain_pipeline.py
[2026-06-03T10:50:36.838+0000] {processor.py:830} INFO - Processing file /opt/airflow/dags/dag_retrain_pipeline.py for tasks to queue
[2026-06-03T10:50:36.840+0000] {logging_mixin.py:188} INFO - [2026-06-03T10:50:36.840+0000] {dagbag.py:540} INFO - Filling up the DagBag from /opt/airflow/dags/dag_retrain_pipeline.py
[2026-06-03T10:50:36.886+0000] {processor.py:840} INFO - DAG(s) 'neuralretail_retrain_pipeline' retrieved from /opt/airflow/dags/dag_retrain_pipeline.py
[2026-06-03T10:50:36.911+0000] {logging_mixin.py:188} INFO - [2026-06-03T10:50:36.910+0000] {dag.py:3096} INFO - Sync 1 DAGs
[2026-06-03T10:50:36.922+0000] {logging_mixin.py:188} INFO - [2026-06-03T10:50:36.921+0000] {dag.py:3954} INFO - Setting next_dagrun for neuralretail_retrain_pipeline to None, run_after=None
[2026-06-03T10:50:36.942+0000] {processor.py:183} INFO - Processing /opt/airflow/dags/dag_retrain_pipeline.py took 0.111 seconds
[2026-06-03T10:51:07.914+0000] {processor.py:161} INFO - Started process (PID=2672) to work on /opt/airflow/dags/dag_retrain_pipeline.py
[2026-06-03T10:51:07.915+0000] {processor.py:830} INFO - Processing file /opt/airflow/dags/dag_retrain_pipeline.py for tasks to queue
[2026-06-03T10:51:07.917+0000] {logging_mixin.py:188} INFO - [2026-06-03T10:51:07.917+0000] {dagbag.py:540} INFO - Filling up the DagBag from /opt/airflow/dags/dag_retrain_pipeline.py
[2026-06-03T10:51:07.969+0000] {processor.py:840} INFO - DAG(s) 'neuralretail_retrain_pipeline' retrieved from /opt/airflow/dags/dag_retrain_pipeline.py
[2026-06-03T10:51:07.990+0000] {logging_mixin.py:188} INFO - [2026-06-03T10:51:07.990+0000] {dag.py:3096} INFO - Sync 1 DAGs
[2026-06-03T10:51:08.003+0000] {logging_mixin.py:188} INFO - [2026-06-03T10:51:08.002+0000] {dag.py:3954} INFO - Setting next_dagrun for neuralretail_retrain_pipeline to None, run_after=None
[2026-06-03T10:51:08.023+0000] {processor.py:183} INFO - Processing /opt/airflow/dags/dag_retrain_pipeline.py took 0.115 seconds
[2026-06-03T10:51:38.784+0000] {processor.py:161} INFO - Started process (PID=2692) to work on /opt/airflow/dags/dag_retrain_pipeline.py
[2026-06-03T10:51:38.788+0000] {processor.py:830} INFO - Processing file /opt/airflow/dags/dag_retrain_pipeline.py for tasks to queue
[2026-06-03T10:51:38.792+0000] {logging_mixin.py:188} INFO - [2026-06-03T10:51:38.791+0000] {dagbag.py:540} INFO - Filling up the DagBag from /opt/airflow/dags/dag_retrain_pipeline.py
[2026-06-03T10:51:38.889+0000] {processor.py:840} INFO - DAG(s) 'neuralretail_retrain_pipeline' retrieved from /opt/airflow/dags/dag_retrain_pipeline.py
[2026-06-03T10:51:38.939+0000] {logging_mixin.py:188} INFO - [2026-06-03T10:51:38.939+0000] {dag.py:3096} INFO - Sync 1 DAGs
[2026-06-03T10:51:38.950+0000] {logging_mixin.py:188} INFO - [2026-06-03T10:51:38.950+0000] {dag.py:3954} INFO - Setting next_dagrun for neuralretail_retrain_pipeline to None, run_after=None
[2026-06-03T10:51:38.978+0000] {processor.py:183} INFO - Processing /opt/airflow/dags/dag_retrain_pipeline.py took 0.203 seconds
[2026-06-03T10:52:09.274+0000] {processor.py:161} INFO - Started process (PID=2712) to work on /opt/airflow/dags/dag_retrain_pipeline.py
[2026-06-03T10:52:09.276+0000] {processor.py:830} INFO - Processing file /opt/airflow/dags/dag_retrain_pipeline.py for tasks to queue
[2026-06-03T10:52:09.280+0000] {logging_mixin.py:188} INFO - [2026-06-03T10:52:09.280+0000] {dagbag.py:540} INFO - Filling up the DagBag from /opt/airflow/dags/dag_retrain_pipeline.py
[2026-06-03T10:52:09.388+0000] {processor.py:840} INFO - DAG(s) 'neuralretail_retrain_pipeline' retrieved from /opt/airflow/dags/dag_retrain_pipeline.py
[2026-06-03T10:52:09.428+0000] {logging_mixin.py:188} INFO - [2026-06-03T10:52:09.427+0000] {dag.py:3096} INFO - Sync 1 DAGs
[2026-06-03T10:52:09.448+0000] {logging_mixin.py:188} INFO - [2026-06-03T10:52:09.447+0000] {dag.py:3954} INFO - Setting next_dagrun for neuralretail_retrain_pipeline to None, run_after=None
[2026-06-03T10:52:09.483+0000] {processor.py:183} INFO - Processing /opt/airflow/dags/dag_retrain_pipeline.py took 0.217 seconds
[2026-06-03T10:52:40.083+0000] {processor.py:161} INFO - Started process (PID=2732) to work on /opt/airflow/dags/dag_retrain_pipeline.py
[2026-06-03T10:52:40.087+0000] {processor.py:830} INFO - Processing file /opt/airflow/dags/dag_retrain_pipeline.py for tasks to queue
[2026-06-03T10:52:40.093+0000] {logging_mixin.py:188} INFO - [2026-06-03T10:52:40.092+0000] {dagbag.py:540} INFO - Filling up the DagBag from /opt/airflow/dags/dag_retrain_pipeline.py
[2026-06-03T10:52:40.182+0000] {processor.py:840} INFO - DAG(s) 'neuralretail_retrain_pipeline' retrieved from /opt/airflow/dags/dag_retrain_pipeline.py
[2026-06-03T10:52:40.240+0000] {logging_mixin.py:188} INFO - [2026-06-03T10:52:40.240+0000] {dag.py:3096} INFO - Sync 1 DAGs
[2026-06-03T10:52:40.256+0000] {logging_mixin.py:188} INFO - [2026-06-03T10:52:40.256+0000] {dag.py:3954} INFO - Setting next_dagrun for neuralretail_retrain_pipeline to None, run_after=None
[2026-06-03T10:52:40.282+0000] {processor.py:183} INFO - Processing /opt/airflow/dags/dag_retrain_pipeline.py took 0.221 seconds
[2026-06-03T10:53:10.494+0000] {processor.py:161} INFO - Started process (PID=2752) to work on /opt/airflow/dags/dag_retrain_pipeline.py
[2026-06-03T10:53:10.497+0000] {processor.py:830} INFO - Processing file /opt/airflow/dags/dag_retrain_pipeline.py for tasks to queue
[2026-06-03T10:53:10.502+0000] {logging_mixin.py:188} INFO - [2026-06-03T10:53:10.501+0000] {dagbag.py:540} INFO - Filling up the DagBag from /opt/airflow/dags/dag_retrain_pipeline.py
[2026-06-03T10:53:10.554+0000] {processor.py:840} INFO - DAG(s) 'neuralretail_retrain_pipeline' retrieved from /opt/airflow/dags/dag_retrain_pipeline.py
[2026-06-03T10:53:10.586+0000] {logging_mixin.py:188} INFO - [2026-06-03T10:53:10.585+0000] {dag.py:3096} INFO - Sync 1 DAGs
[2026-06-03T10:53:10.601+0000] {logging_mixin.py:188} INFO - [2026-06-03T10:53:10.600+0000] {dag.py:3954} INFO - Setting next_dagrun for neuralretail_retrain_pipeline to None, run_after=None
[2026-06-03T10:53:10.620+0000] {processor.py:183} INFO - Processing /opt/airflow/dags/dag_retrain_pipeline.py took 0.133 seconds
[2026-06-03T10:53:40.983+0000] {processor.py:161} INFO - Started process (PID=2772) to work on /opt/airflow/dags/dag_retrain_pipeline.py
[2026-06-03T10:53:40.986+0000] {processor.py:830} INFO - Processing file /opt/airflow/dags/dag_retrain_pipeline.py for tasks to queue
[2026-06-03T10:53:40.994+0000] {logging_mixin.py:188} INFO - [2026-06-03T10:53:40.994+0000] {dagbag.py:540} INFO - Filling up the DagBag from /opt/airflow/dags/dag_retrain_pipeline.py
[2026-06-03T10:53:41.095+0000] {processor.py:840} INFO - DAG(s) 'neuralretail_retrain_pipeline' retrieved from /opt/airflow/dags/dag_retrain_pipeline.py
[2026-06-03T10:53:41.148+0000] {logging_mixin.py:188} INFO - [2026-06-03T10:53:41.148+0000] {dag.py:3096} INFO - Sync 1 DAGs
[2026-06-03T10:53:41.165+0000] {logging_mixin.py:188} INFO - [2026-06-03T10:53:41.164+0000] {dag.py:3954} INFO - Setting next_dagrun for neuralretail_retrain_pipeline to None, run_after=None
[2026-06-03T10:53:41.188+0000] {processor.py:183} INFO - Processing /opt/airflow/dags/dag_retrain_pipeline.py took 0.213 seconds
[2026-06-03T10:54:11.637+0000] {processor.py:161} INFO - Started process (PID=2792) to work on /opt/airflow/dags/dag_retrain_pipeline.py
[2026-06-03T10:54:11.641+0000] {processor.py:830} INFO - Processing file /opt/airflow/dags/dag_retrain_pipeline.py for tasks to queue
[2026-06-03T10:54:11.645+0000] {logging_mixin.py:188} INFO - [2026-06-03T10:54:11.645+0000] {dagbag.py:540} INFO - Filling up the DagBag from /opt/airflow/dags/dag_retrain_pipeline.py
[2026-06-03T10:54:11.682+0000] {processor.py:840} INFO - DAG(s) 'neuralretail_retrain_pipeline' retrieved from /opt/airflow/dags/dag_retrain_pipeline.py
[2026-06-03T10:54:11.719+0000] {logging_mixin.py:188} INFO - [2026-06-03T10:54:11.718+0000] {dag.py:3096} INFO - Sync 1 DAGs
[2026-06-03T10:54:11.730+0000] {logging_mixin.py:188} INFO - [2026-06-03T10:54:11.730+0000] {dag.py:3954} INFO - Setting next_dagrun for neuralretail_retrain_pipeline to None, run_after=None
[2026-06-03T10:54:11.762+0000] {processor.py:183} INFO - Processing /opt/airflow/dags/dag_retrain_pipeline.py took 0.129 seconds
[2026-06-03T10:54:41.930+0000] {processor.py:161} INFO - Started process (PID=2812) to work on /opt/airflow/dags/dag_retrain_pipeline.py
[2026-06-03T10:54:41.931+0000] {processor.py:830} INFO - Processing file /opt/airflow/dags/dag_retrain_pipeline.py for tasks to queue
[2026-06-03T10:54:41.935+0000] {logging_mixin.py:188} INFO - [2026-06-03T10:54:41.934+0000] {dagbag.py:540} INFO - Filling up the DagBag from /opt/airflow/dags/dag_retrain_pipeline.py
[2026-06-03T10:54:41.990+0000] {processor.py:840} INFO - DAG(s) 'neuralretail_retrain_pipeline' retrieved from /opt/airflow/dags/dag_retrain_pipeline.py
[2026-06-03T10:54:42.023+0000] {logging_mixin.py:188} INFO - [2026-06-03T10:54:42.023+0000] {dag.py:3096} INFO - Sync 1 DAGs
[2026-06-03T10:54:42.042+0000] {logging_mixin.py:188} INFO - [2026-06-03T10:54:42.041+0000] {dag.py:3954} INFO - Setting next_dagrun for neuralretail_retrain_pipeline to None, run_after=None
[2026-06-03T10:54:42.076+0000] {processor.py:183} INFO - Processing /opt/airflow/dags/dag_retrain_pipeline.py took 0.156 seconds
[2026-06-03T10:55:12.501+0000] {processor.py:161} INFO - Started process (PID=2832) to work on /opt/airflow/dags/dag_retrain_pipeline.py
[2026-06-03T10:55:12.503+0000] {processor.py:830} INFO - Processing file /opt/airflow/dags/dag_retrain_pipeline.py for tasks to queue
[2026-06-03T10:55:12.506+0000] {logging_mixin.py:188} INFO - [2026-06-03T10:55:12.505+0000] {dagbag.py:540} INFO - Filling up the DagBag from /opt/airflow/dags/dag_retrain_pipeline.py
[2026-06-03T10:55:12.543+0000] {processor.py:840} INFO - DAG(s) 'neuralretail_retrain_pipeline' retrieved from /opt/airflow/dags/dag_retrain_pipeline.py
[2026-06-03T10:55:12.585+0000] {logging_mixin.py:188} INFO - [2026-06-03T10:55:12.584+0000] {dag.py:3096} INFO - Sync 1 DAGs
[2026-06-03T10:55:12.611+0000] {logging_mixin.py:188} INFO - [2026-06-03T10:55:12.611+0000] {dag.py:3954} INFO - Setting next_dagrun for neuralretail_retrain_pipeline to None, run_after=None
[2026-06-03T10:55:12.645+0000] {processor.py:183} INFO - Processing /opt/airflow/dags/dag_retrain_pipeline.py took 0.148 seconds
[2026-06-03T10:55:42.732+0000] {processor.py:161} INFO - Started process (PID=2852) to work on /opt/airflow/dags/dag_retrain_pipeline.py
[2026-06-03T10:55:42.733+0000] {processor.py:830} INFO - Processing file /opt/airflow/dags/dag_retrain_pipeline.py for tasks to queue
[2026-06-03T10:55:42.737+0000] {logging_mixin.py:188} INFO - [2026-06-03T10:55:42.736+0000] {dagbag.py:540} INFO - Filling up the DagBag from /opt/airflow/dags/dag_retrain_pipeline.py
[2026-06-03T10:55:42.791+0000] {processor.py:840} INFO - DAG(s) 'neuralretail_retrain_pipeline' retrieved from /opt/airflow/dags/dag_retrain_pipeline.py
[2026-06-03T10:55:42.811+0000] {logging_mixin.py:188} INFO - [2026-06-03T10:55:42.811+0000] {dag.py:3096} INFO - Sync 1 DAGs
[2026-06-03T10:55:42.822+0000] {logging_mixin.py:188} INFO - [2026-06-03T10:55:42.822+0000] {dag.py:3954} INFO - Setting next_dagrun for neuralretail_retrain_pipeline to None, run_after=None
[2026-06-03T10:55:42.841+0000] {processor.py:183} INFO - Processing /opt/airflow/dags/dag_retrain_pipeline.py took 0.117 seconds
[2026-06-03T10:56:13.299+0000] {processor.py:161} INFO - Started process (PID=2872) to work on /opt/airflow/dags/dag_retrain_pipeline.py
[2026-06-03T10:56:13.301+0000] {processor.py:830} INFO - Processing file /opt/airflow/dags/dag_retrain_pipeline.py for tasks to queue
[2026-06-03T10:56:13.304+0000] {logging_mixin.py:188} INFO - [2026-06-03T10:56:13.303+0000] {dagbag.py:540} INFO - Filling up the DagBag from /opt/airflow/dags/dag_retrain_pipeline.py
[2026-06-03T10:56:13.343+0000] {processor.py:840} INFO - DAG(s) 'neuralretail_retrain_pipeline' retrieved from /opt/airflow/dags/dag_retrain_pipeline.py
[2026-06-03T10:56:13.365+0000] {logging_mixin.py:188} INFO - [2026-06-03T10:56:13.364+0000] {dag.py:3096} INFO - Sync 1 DAGs
[2026-06-03T10:56:13.376+0000] {logging_mixin.py:188} INFO - [2026-06-03T10:56:13.376+0000] {dag.py:3954} INFO - Setting next_dagrun for neuralretail_retrain_pipeline to None, run_after=None
[2026-06-03T10:56:13.418+0000] {processor.py:183} INFO - Processing /opt/airflow/dags/dag_retrain_pipeline.py took 0.126 seconds
[2026-06-03T10:56:44.390+0000] {processor.py:161} INFO - Started process (PID=2892) to work on /opt/airflow/dags/dag_retrain_pipeline.py
[2026-06-03T10:56:44.395+0000] {processor.py:830} INFO - Processing file /opt/airflow/dags/dag_retrain_pipeline.py for tasks to queue
[2026-06-03T10:56:44.400+0000] {logging_mixin.py:188} INFO - [2026-06-03T10:56:44.399+0000] {dagbag.py:540} INFO - Filling up the DagBag from /opt/airflow/dags/dag_retrain_pipeline.py
[2026-06-03T10:56:44.490+0000] {processor.py:840} INFO - DAG(s) 'neuralretail_retrain_pipeline' retrieved from /opt/airflow/dags/dag_retrain_pipeline.py
[2026-06-03T10:56:44.535+0000] {logging_mixin.py:188} INFO - [2026-06-03T10:56:44.535+0000] {dag.py:3096} INFO - Sync 1 DAGs
[2026-06-03T10:56:44.552+0000] {logging_mixin.py:188} INFO - [2026-06-03T10:56:44.551+0000] {dag.py:3954} INFO - Setting next_dagrun for neuralretail_retrain_pipeline to None, run_after=None
[2026-06-03T10:56:44.573+0000] {processor.py:183} INFO - Processing /opt/airflow/dags/dag_retrain_pipeline.py took 0.191 seconds
[2026-06-03T10:57:14.938+0000] {processor.py:161} INFO - Started process (PID=2912) to work on /opt/airflow/dags/dag_retrain_pipeline.py
[2026-06-03T10:57:14.940+0000] {processor.py:830} INFO - Processing file /opt/airflow/dags/dag_retrain_pipeline.py for tasks to queue
[2026-06-03T10:57:14.943+0000] {logging_mixin.py:188} INFO - [2026-06-03T10:57:14.943+0000] {dagbag.py:540} INFO - Filling up the DagBag from /opt/airflow/dags/dag_retrain_pipeline.py
[2026-06-03T10:57:15.044+0000] {processor.py:840} INFO - DAG(s) 'neuralretail_retrain_pipeline' retrieved from /opt/airflow/dags/dag_retrain_pipeline.py
[2026-06-03T10:57:15.065+0000] {logging_mixin.py:188} INFO - [2026-06-03T10:57:15.065+0000] {dag.py:3096} INFO - Sync 1 DAGs
[2026-06-03T10:57:15.078+0000] {logging_mixin.py:188} INFO - [2026-06-03T10:57:15.077+0000] {dag.py:3954} INFO - Setting next_dagrun for neuralretail_retrain_pipeline to None, run_after=None
[2026-06-03T10:57:15.115+0000] {processor.py:183} INFO - Processing /opt/airflow/dags/dag_retrain_pipeline.py took 0.185 seconds
[2026-06-03T10:57:45.668+0000] {processor.py:161} INFO - Started process (PID=2932) to work on /opt/airflow/dags/dag_retrain_pipeline.py
[2026-06-03T10:57:45.670+0000] {processor.py:830} INFO - Processing file /opt/airflow/dags/dag_retrain_pipeline.py for tasks to queue
[2026-06-03T10:57:45.672+0000] {logging_mixin.py:188} INFO - [2026-06-03T10:57:45.672+0000] {dagbag.py:540} INFO - Filling up the DagBag from /opt/airflow/dags/dag_retrain_pipeline.py
[2026-06-03T10:57:45.720+0000] {processor.py:840} INFO - DAG(s) 'neuralretail_retrain_pipeline' retrieved from /opt/airflow/dags/dag_retrain_pipeline.py
[2026-06-03T10:57:45.740+0000] {logging_mixin.py:188} INFO - [2026-06-03T10:57:45.739+0000] {dag.py:3096} INFO - Sync 1 DAGs
[2026-06-03T10:57:45.750+0000] {logging_mixin.py:188} INFO - [2026-06-03T10:57:45.750+0000] {dag.py:3954} INFO - Setting next_dagrun for neuralretail_retrain_pipeline to None, run_after=None
[2026-06-03T10:57:45.772+0000] {processor.py:183} INFO - Processing /opt/airflow/dags/dag_retrain_pipeline.py took 0.109 seconds
[2026-06-03T10:58:16.617+0000] {processor.py:161} INFO - Started process (PID=2952) to work on /opt/airflow/dags/dag_retrain_pipeline.py
[2026-06-03T10:58:16.619+0000] {processor.py:830} INFO - Processing file /opt/airflow/dags/dag_retrain_pipeline.py for tasks to queue
[2026-06-03T10:58:16.621+0000] {logging_mixin.py:188} INFO - [2026-06-03T10:58:16.621+0000] {dagbag.py:540} INFO - Filling up the DagBag from /opt/airflow/dags/dag_retrain_pipeline.py
[2026-06-03T10:58:16.655+0000] {processor.py:840} INFO - DAG(s) 'neuralretail_retrain_pipeline' retrieved from /opt/airflow/dags/dag_retrain_pipeline.py
[2026-06-03T10:58:16.678+0000] {logging_mixin.py:188} INFO - [2026-06-03T10:58:16.678+0000] {dag.py:3096} INFO - Sync 1 DAGs
[2026-06-03T10:58:16.803+0000] {logging_mixin.py:188} INFO - [2026-06-03T10:58:16.803+0000] {dag.py:3954} INFO - Setting next_dagrun for neuralretail_retrain_pipeline to None, run_after=None
[2026-06-03T10:58:16.823+0000] {processor.py:183} INFO - Processing /opt/airflow/dags/dag_retrain_pipeline.py took 0.210 seconds
[2026-06-03T10:58:47.886+0000] {processor.py:161} INFO - Started process (PID=2972) to work on /opt/airflow/dags/dag_retrain_pipeline.py
[2026-06-03T10:58:47.890+0000] {processor.py:830} INFO - Processing file /opt/airflow/dags/dag_retrain_pipeline.py for tasks to queue
[2026-06-03T10:58:47.892+0000] {logging_mixin.py:188} INFO - [2026-06-03T10:58:47.892+0000] {dagbag.py:540} INFO - Filling up the DagBag from /opt/airflow/dags/dag_retrain_pipeline.py
[2026-06-03T10:58:47.959+0000] {processor.py:840} INFO - DAG(s) 'neuralretail_retrain_pipeline' retrieved from /opt/airflow/dags/dag_retrain_pipeline.py
[2026-06-03T10:58:48.014+0000] {logging_mixin.py:188} INFO - [2026-06-03T10:58:48.014+0000] {dag.py:3096} INFO - Sync 1 DAGs
[2026-06-03T10:58:48.042+0000] {logging_mixin.py:188} INFO - [2026-06-03T10:58:48.042+0000] {dag.py:3954} INFO - Setting next_dagrun for neuralretail_retrain_pipeline to None, run_after=None
[2026-06-03T10:58:48.082+0000] {processor.py:183} INFO - Processing /opt/airflow/dags/dag_retrain_pipeline.py took 0.203 seconds
[2026-06-03T10:59:18.750+0000] {processor.py:161} INFO - Started process (PID=2992) to work on /opt/airflow/dags/dag_retrain_pipeline.py
[2026-06-03T10:59:18.751+0000] {processor.py:830} INFO - Processing file /opt/airflow/dags/dag_retrain_pipeline.py for tasks to queue
[2026-06-03T10:59:18.754+0000] {logging_mixin.py:188} INFO - [2026-06-03T10:59:18.754+0000] {dagbag.py:540} INFO - Filling up the DagBag from /opt/airflow/dags/dag_retrain_pipeline.py
[2026-06-03T10:59:18.804+0000] {processor.py:840} INFO - DAG(s) 'neuralretail_retrain_pipeline' retrieved from /opt/airflow/dags/dag_retrain_pipeline.py
[2026-06-03T10:59:18.829+0000] {logging_mixin.py:188} INFO - [2026-06-03T10:59:18.829+0000] {dag.py:3096} INFO - Sync 1 DAGs
[2026-06-03T10:59:18.842+0000] {logging_mixin.py:188} INFO - [2026-06-03T10:59:18.842+0000] {dag.py:3954} INFO - Setting next_dagrun for neuralretail_retrain_pipeline to None, run_after=None
[2026-06-03T10:59:18.865+0000] {processor.py:183} INFO - Processing /opt/airflow/dags/dag_retrain_pipeline.py took 0.121 seconds
[2026-06-03T10:59:49.168+0000] {processor.py:161} INFO - Started process (PID=3012) to work on /opt/airflow/dags/dag_retrain_pipeline.py
[2026-06-03T10:59:49.171+0000] {processor.py:830} INFO - Processing file /opt/airflow/dags/dag_retrain_pipeline.py for tasks to queue
[2026-06-03T10:59:49.176+0000] {logging_mixin.py:188} INFO - [2026-06-03T10:59:49.175+0000] {dagbag.py:540} INFO - Filling up the DagBag from /opt/airflow/dags/dag_retrain_pipeline.py
[2026-06-03T10:59:49.244+0000] {processor.py:840} INFO - DAG(s) 'neuralretail_retrain_pipeline' retrieved from /opt/airflow/dags/dag_retrain_pipeline.py
[2026-06-03T10:59:49.294+0000] {logging_mixin.py:188} INFO - [2026-06-03T10:59:49.294+0000] {dag.py:3096} INFO - Sync 1 DAGs
[2026-06-03T10:59:49.314+0000] {logging_mixin.py:188} INFO - [2026-06-03T10:59:49.314+0000] {dag.py:3954} INFO - Setting next_dagrun for neuralretail_retrain_pipeline to None, run_after=None
[2026-06-03T10:59:49.341+0000] {processor.py:183} INFO - Processing /opt/airflow/dags/dag_retrain_pipeline.py took 0.188 seconds
[2026-06-03T11:00:19.569+0000] {processor.py:161} INFO - Started process (PID=3032) to work on /opt/airflow/dags/dag_retrain_pipeline.py
[2026-06-03T11:00:19.570+0000] {processor.py:830} INFO - Processing file /opt/airflow/dags/dag_retrain_pipeline.py for tasks to queue
[2026-06-03T11:00:19.572+0000] {logging_mixin.py:188} INFO - [2026-06-03T11:00:19.572+0000] {dagbag.py:540} INFO - Filling up the DagBag from /opt/airflow/dags/dag_retrain_pipeline.py
[2026-06-03T11:00:19.617+0000] {processor.py:840} INFO - DAG(s) 'neuralretail_retrain_pipeline' retrieved from /opt/airflow/dags/dag_retrain_pipeline.py
[2026-06-03T11:00:19.641+0000] {logging_mixin.py:188} INFO - [2026-06-03T11:00:19.641+0000] {dag.py:3096} INFO - Sync 1 DAGs
[2026-06-03T11:00:19.663+0000] {logging_mixin.py:188} INFO - [2026-06-03T11:00:19.662+0000] {dag.py:3954} INFO - Setting next_dagrun for neuralretail_retrain_pipeline to None, run_after=None
[2026-06-03T11:00:19.684+0000] {processor.py:183} INFO - Processing /opt/airflow/dags/dag_retrain_pipeline.py took 0.121 seconds
[2026-06-03T11:00:49.908+0000] {processor.py:161} INFO - Started process (PID=3052) to work on /opt/airflow/dags/dag_retrain_pipeline.py
[2026-06-03T11:00:49.909+0000] {processor.py:830} INFO - Processing file /opt/airflow/dags/dag_retrain_pipeline.py for tasks to queue
[2026-06-03T11:00:49.912+0000] {logging_mixin.py:188} INFO - [2026-06-03T11:00:49.912+0000] {dagbag.py:540} INFO - Filling up the DagBag from /opt/airflow/dags/dag_retrain_pipeline.py
[2026-06-03T11:00:49.963+0000] {processor.py:840} INFO - DAG(s) 'neuralretail_retrain_pipeline' retrieved from /opt/airflow/dags/dag_retrain_pipeline.py
[2026-06-03T11:00:49.984+0000] {logging_mixin.py:188} INFO - [2026-06-03T11:00:49.984+0000] {dag.py:3096} INFO - Sync 1 DAGs
[2026-06-03T11:00:49.998+0000] {logging_mixin.py:188} INFO - [2026-06-03T11:00:49.997+0000] {dag.py:3954} INFO - Setting next_dagrun for neuralretail_retrain_pipeline to None, run_after=None
[2026-06-03T11:00:50.032+0000] {processor.py:183} INFO - Processing /opt/airflow/dags/dag_retrain_pipeline.py took 0.139 seconds
[2026-06-03T11:01:20.737+0000] {processor.py:161} INFO - Started process (PID=3072) to work on /opt/airflow/dags/dag_retrain_pipeline.py
[2026-06-03T11:01:20.741+0000] {processor.py:830} INFO - Processing file /opt/airflow/dags/dag_retrain_pipeline.py for tasks to queue
[2026-06-03T11:01:20.744+0000] {logging_mixin.py:188} INFO - [2026-06-03T11:01:20.743+0000] {dagbag.py:540} INFO - Filling up the DagBag from /opt/airflow/dags/dag_retrain_pipeline.py
[2026-06-03T11:01:20.819+0000] {processor.py:840} INFO - DAG(s) 'neuralretail_retrain_pipeline' retrieved from /opt/airflow/dags/dag_retrain_pipeline.py
[2026-06-03T11:01:20.854+0000] {logging_mixin.py:188} INFO - [2026-06-03T11:01:20.853+0000] {dag.py:3096} INFO - Sync 1 DAGs
[2026-06-03T11:01:20.868+0000] {logging_mixin.py:188} INFO - [2026-06-03T11:01:20.867+0000] {dag.py:3954} INFO - Setting next_dagrun for neuralretail_retrain_pipeline to None, run_after=None
[2026-06-03T11:01:20.893+0000] {processor.py:183} INFO - Processing /opt/airflow/dags/dag_retrain_pipeline.py took 0.167 seconds
[2026-06-03T11:01:51.490+0000] {processor.py:161} INFO - Started process (PID=3092) to work on /opt/airflow/dags/dag_retrain_pipeline.py
[2026-06-03T11:01:51.494+0000] {processor.py:830} INFO - Processing file /opt/airflow/dags/dag_retrain_pipeline.py for tasks to queue
[2026-06-03T11:01:51.496+0000] {logging_mixin.py:188} INFO - [2026-06-03T11:01:51.496+0000] {dagbag.py:540} INFO - Filling up the DagBag from /opt/airflow/dags/dag_retrain_pipeline.py
[2026-06-03T11:01:51.555+0000] {processor.py:840} INFO - DAG(s) 'neuralretail_retrain_pipeline' retrieved from /opt/airflow/dags/dag_retrain_pipeline.py
[2026-06-03T11:01:51.594+0000] {logging_mixin.py:188} INFO - [2026-06-03T11:01:51.594+0000] {dag.py:3096} INFO - Sync 1 DAGs
[2026-06-03T11:01:51.609+0000] {logging_mixin.py:188} INFO - [2026-06-03T11:01:51.609+0000] {dag.py:3954} INFO - Setting next_dagrun for neuralretail_retrain_pipeline to None, run_after=None
[2026-06-03T11:01:51.633+0000] {processor.py:183} INFO - Processing /opt/airflow/dags/dag_retrain_pipeline.py took 0.148 seconds
[2026-06-03T11:02:22.228+0000] {processor.py:161} INFO - Started process (PID=3112) to work on /opt/airflow/dags/dag_retrain_pipeline.py
[2026-06-03T11:02:22.230+0000] {processor.py:830} INFO - Processing file /opt/airflow/dags/dag_retrain_pipeline.py for tasks to queue
[2026-06-03T11:02:22.232+0000] {logging_mixin.py:188} INFO - [2026-06-03T11:02:22.231+0000] {dagbag.py:540} INFO - Filling up the DagBag from /opt/airflow/dags/dag_retrain_pipeline.py
[2026-06-03T11:02:22.300+0000] {processor.py:840} INFO - DAG(s) 'neuralretail_retrain_pipeline' retrieved from /opt/airflow/dags/dag_retrain_pipeline.py
[2026-06-03T11:02:22.320+0000] {logging_mixin.py:188} INFO - [2026-06-03T11:02:22.320+0000] {dag.py:3096} INFO - Sync 1 DAGs
[2026-06-03T11:02:22.332+0000] {logging_mixin.py:188} INFO - [2026-06-03T11:02:22.332+0000] {dag.py:3954} INFO - Setting next_dagrun for neuralretail_retrain_pipeline to None, run_after=None
[2026-06-03T11:02:22.351+0000] {processor.py:183} INFO - Processing /opt/airflow/dags/dag_retrain_pipeline.py took 0.129 seconds
[2026-06-03T11:02:53.060+0000] {processor.py:161} INFO - Started process (PID=3132) to work on /opt/airflow/dags/dag_retrain_pipeline.py
[2026-06-03T11:02:53.062+0000] {processor.py:830} INFO - Processing file /opt/airflow/dags/dag_retrain_pipeline.py for tasks to queue
[2026-06-03T11:02:53.064+0000] {logging_mixin.py:188} INFO - [2026-06-03T11:02:53.064+0000] {dagbag.py:540} INFO - Filling up the DagBag from /opt/airflow/dags/dag_retrain_pipeline.py
[2026-06-03T11:02:53.114+0000] {processor.py:840} INFO - DAG(s) 'neuralretail_retrain_pipeline' retrieved from /opt/airflow/dags/dag_retrain_pipeline.py
[2026-06-03T11:02:53.150+0000] {logging_mixin.py:188} INFO - [2026-06-03T11:02:53.150+0000] {dag.py:3096} INFO - Sync 1 DAGs
[2026-06-03T11:02:53.163+0000] {logging_mixin.py:188} INFO - [2026-06-03T11:02:53.163+0000] {dag.py:3954} INFO - Setting next_dagrun for neuralretail_retrain_pipeline to None, run_after=None
[2026-06-03T11:02:53.207+0000] {processor.py:183} INFO - Processing /opt/airflow/dags/dag_retrain_pipeline.py took 0.156 seconds
[2026-06-03T11:03:23.278+0000] {processor.py:161} INFO - Started process (PID=3152) to work on /opt/airflow/dags/dag_retrain_pipeline.py
[2026-06-03T11:03:23.280+0000] {processor.py:830} INFO - Processing file /opt/airflow/dags/dag_retrain_pipeline.py for tasks to queue
[2026-06-03T11:03:23.281+0000] {logging_mixin.py:188} INFO - [2026-06-03T11:03:23.281+0000] {dagbag.py:540} INFO - Filling up the DagBag from /opt/airflow/dags/dag_retrain_pipeline.py
[2026-06-03T11:03:23.307+0000] {processor.py:840} INFO - DAG(s) 'neuralretail_retrain_pipeline' retrieved from /opt/airflow/dags/dag_retrain_pipeline.py
[2026-06-03T11:03:23.330+0000] {logging_mixin.py:188} INFO - [2026-06-03T11:03:23.329+0000] {dag.py:3096} INFO - Sync 1 DAGs
[2026-06-03T11:03:23.364+0000] {logging_mixin.py:188} INFO - [2026-06-03T11:03:23.364+0000] {dag.py:3954} INFO - Setting next_dagrun for neuralretail_retrain_pipeline to None, run_after=None
[2026-06-03T11:03:23.421+0000] {processor.py:183} INFO - Processing /opt/airflow/dags/dag_retrain_pipeline.py took 0.148 seconds
[2026-06-03T11:03:53.718+0000] {processor.py:161} INFO - Started process (PID=3172) to work on /opt/airflow/dags/dag_retrain_pipeline.py
[2026-06-03T11:03:53.720+0000] {processor.py:830} INFO - Processing file /opt/airflow/dags/dag_retrain_pipeline.py for tasks to queue
[2026-06-03T11:03:53.724+0000] {logging_mixin.py:188} INFO - [2026-06-03T11:03:53.724+0000] {dagbag.py:540} INFO - Filling up the DagBag from /opt/airflow/dags/dag_retrain_pipeline.py
[2026-06-03T11:03:53.806+0000] {processor.py:840} INFO - DAG(s) 'neuralretail_retrain_pipeline' retrieved from /opt/airflow/dags/dag_retrain_pipeline.py
[2026-06-03T11:03:53.866+0000] {logging_mixin.py:188} INFO - [2026-06-03T11:03:53.866+0000] {dag.py:3096} INFO - Sync 1 DAGs
[2026-06-03T11:03:53.887+0000] {logging_mixin.py:188} INFO - [2026-06-03T11:03:53.887+0000] {dag.py:3954} INFO - Setting next_dagrun for neuralretail_retrain_pipeline to None, run_after=None
[2026-06-03T11:03:53.912+0000] {processor.py:183} INFO - Processing /opt/airflow/dags/dag_retrain_pipeline.py took 0.202 seconds
[2026-06-03T11:04:24.026+0000] {processor.py:161} INFO - Started process (PID=3192) to work on /opt/airflow/dags/dag_retrain_pipeline.py
[2026-06-03T11:04:24.028+0000] {processor.py:830} INFO - Processing file /opt/airflow/dags/dag_retrain_pipeline.py for tasks to queue
[2026-06-03T11:04:24.032+0000] {logging_mixin.py:188} INFO - [2026-06-03T11:04:24.031+0000] {dagbag.py:540} INFO - Filling up the DagBag from /opt/airflow/dags/dag_retrain_pipeline.py
[2026-06-03T11:04:24.089+0000] {processor.py:840} INFO - DAG(s) 'neuralretail_retrain_pipeline' retrieved from /opt/airflow/dags/dag_retrain_pipeline.py
[2026-06-03T11:04:24.118+0000] {logging_mixin.py:188} INFO - [2026-06-03T11:04:24.118+0000] {dag.py:3096} INFO - Sync 1 DAGs
[2026-06-03T11:04:24.134+0000] {logging_mixin.py:188} INFO - [2026-06-03T11:04:24.133+0000] {dag.py:3954} INFO - Setting next_dagrun for neuralretail_retrain_pipeline to None, run_after=None
[2026-06-03T11:04:24.160+0000] {processor.py:183} INFO - Processing /opt/airflow/dags/dag_retrain_pipeline.py took 0.141 seconds
[2026-06-03T11:04:54.671+0000] {processor.py:161} INFO - Started process (PID=3212) to work on /opt/airflow/dags/dag_retrain_pipeline.py
[2026-06-03T11:04:54.673+0000] {processor.py:830} INFO - Processing file /opt/airflow/dags/dag_retrain_pipeline.py for tasks to queue
[2026-06-03T11:04:54.677+0000] {logging_mixin.py:188} INFO - [2026-06-03T11:04:54.676+0000] {dagbag.py:540} INFO - Filling up the DagBag from /opt/airflow/dags/dag_retrain_pipeline.py
[2026-06-03T11:04:54.742+0000] {processor.py:840} INFO - DAG(s) 'neuralretail_retrain_pipeline' retrieved from /opt/airflow/dags/dag_retrain_pipeline.py
[2026-06-03T11:04:54.783+0000] {logging_mixin.py:188} INFO - [2026-06-03T11:04:54.782+0000] {dag.py:3096} INFO - Sync 1 DAGs
[2026-06-03T11:04:54.815+0000] {logging_mixin.py:188} INFO - [2026-06-03T11:04:54.814+0000] {dag.py:3954} INFO - Setting next_dagrun for neuralretail_retrain_pipeline to None, run_after=None
[2026-06-03T11:04:54.867+0000] {processor.py:183} INFO - Processing /opt/airflow/dags/dag_retrain_pipeline.py took 0.203 seconds
[2026-06-03T11:05:25.057+0000] {processor.py:161} INFO - Started process (PID=3232) to work on /opt/airflow/dags/dag_retrain_pipeline.py
[2026-06-03T11:05:25.059+0000] {processor.py:830} INFO - Processing file /opt/airflow/dags/dag_retrain_pipeline.py for tasks to queue
[2026-06-03T11:05:25.062+0000] {logging_mixin.py:188} INFO - [2026-06-03T11:05:25.062+0000] {dagbag.py:540} INFO - Filling up the DagBag from /opt/airflow/dags/dag_retrain_pipeline.py
[2026-06-03T11:05:25.124+0000] {processor.py:840} INFO - DAG(s) 'neuralretail_retrain_pipeline' retrieved from /opt/airflow/dags/dag_retrain_pipeline.py
[2026-06-03T11:05:25.148+0000] {logging_mixin.py:188} INFO - [2026-06-03T11:05:25.148+0000] {dag.py:3096} INFO - Sync 1 DAGs
[2026-06-03T11:05:25.165+0000] {logging_mixin.py:188} INFO - [2026-06-03T11:05:25.165+0000] {dag.py:3954} INFO - Setting next_dagrun for neuralretail_retrain_pipeline to None, run_after=None
[2026-06-03T11:05:25.189+0000] {processor.py:183} INFO - Processing /opt/airflow/dags/dag_retrain_pipeline.py took 0.143 seconds
[2026-06-03T11:05:55.588+0000] {processor.py:161} INFO - Started process (PID=3252) to work on /opt/airflow/dags/dag_retrain_pipeline.py
[2026-06-03T11:05:55.596+0000] {processor.py:830} INFO - Processing file /opt/airflow/dags/dag_retrain_pipeline.py for tasks to queue
[2026-06-03T11:05:55.602+0000] {logging_mixin.py:188} INFO - [2026-06-03T11:05:55.601+0000] {dagbag.py:540} INFO - Filling up the DagBag from /opt/airflow/dags/dag_retrain_pipeline.py
[2026-06-03T11:05:55.658+0000] {processor.py:840} INFO - DAG(s) 'neuralretail_retrain_pipeline' retrieved from /opt/airflow/dags/dag_retrain_pipeline.py
[2026-06-03T11:05:55.699+0000] {logging_mixin.py:188} INFO - [2026-06-03T11:05:55.698+0000] {dag.py:3096} INFO - Sync 1 DAGs
[2026-06-03T11:05:55.725+0000] {logging_mixin.py:188} INFO - [2026-06-03T11:05:55.725+0000] {dag.py:3954} INFO - Setting next_dagrun for neuralretail_retrain_pipeline to None, run_after=None
[2026-06-03T11:05:55.763+0000] {processor.py:183} INFO - Processing /opt/airflow/dags/dag_retrain_pipeline.py took 0.181 seconds
[2026-06-03T11:06:27.373+0000] {processor.py:161} INFO - Started process (PID=3272) to work on /opt/airflow/dags/dag_retrain_pipeline.py
[2026-06-03T11:06:27.380+0000] {processor.py:830} INFO - Processing file /opt/airflow/dags/dag_retrain_pipeline.py for tasks to queue
[2026-06-03T11:06:27.389+0000] {logging_mixin.py:188} INFO - [2026-06-03T11:06:27.389+0000] {dagbag.py:540} INFO - Filling up the DagBag from /opt/airflow/dags/dag_retrain_pipeline.py
[2026-06-03T11:06:27.911+0000] {processor.py:840} INFO - DAG(s) 'neuralretail_retrain_pipeline' retrieved from /opt/airflow/dags/dag_retrain_pipeline.py
[2026-06-03T11:06:27.965+0000] {logging_mixin.py:188} INFO - [2026-06-03T11:06:27.965+0000] {dag.py:3096} INFO - Sync 1 DAGs
[2026-06-03T11:06:28.002+0000] {logging_mixin.py:188} INFO - [2026-06-03T11:06:28.002+0000] {dag.py:3954} INFO - Setting next_dagrun for neuralretail_retrain_pipeline to None, run_after=None
[2026-06-03T11:06:28.090+0000] {processor.py:183} INFO - Processing /opt/airflow/dags/dag_retrain_pipeline.py took 0.726 seconds
[2026-06-03T11:06:59.420+0000] {processor.py:161} INFO - Started process (PID=3292) to work on /opt/airflow/dags/dag_retrain_pipeline.py
[2026-06-03T11:06:59.427+0000] {processor.py:830} INFO - Processing file /opt/airflow/dags/dag_retrain_pipeline.py for tasks to queue
[2026-06-03T11:06:59.440+0000] {logging_mixin.py:188} INFO - [2026-06-03T11:06:59.439+0000] {dagbag.py:540} INFO - Filling up the DagBag from /opt/airflow/dags/dag_retrain_pipeline.py
[2026-06-03T11:06:59.702+0000] {processor.py:840} INFO - DAG(s) 'neuralretail_retrain_pipeline' retrieved from /opt/airflow/dags/dag_retrain_pipeline.py
[2026-06-03T11:06:59.810+0000] {logging_mixin.py:188} INFO - [2026-06-03T11:06:59.810+0000] {dag.py:3096} INFO - Sync 1 DAGs
[2026-06-03T11:06:59.888+0000] {logging_mixin.py:188} INFO - [2026-06-03T11:06:59.887+0000] {dag.py:3954} INFO - Setting next_dagrun for neuralretail_retrain_pipeline to None, run_after=None
[2026-06-03T11:06:59.996+0000] {processor.py:183} INFO - Processing /opt/airflow/dags/dag_retrain_pipeline.py took 0.587 seconds
[2026-06-03T11:07:30.332+0000] {processor.py:161} INFO - Started process (PID=3312) to work on /opt/airflow/dags/dag_retrain_pipeline.py
[2026-06-03T11:07:30.334+0000] {processor.py:830} INFO - Processing file /opt/airflow/dags/dag_retrain_pipeline.py for tasks to queue
[2026-06-03T11:07:30.343+0000] {logging_mixin.py:188} INFO - [2026-06-03T11:07:30.342+0000] {dagbag.py:540} INFO - Filling up the DagBag from /opt/airflow/dags/dag_retrain_pipeline.py
[2026-06-03T11:07:30.488+0000] {processor.py:840} INFO - DAG(s) 'neuralretail_retrain_pipeline' retrieved from /opt/airflow/dags/dag_retrain_pipeline.py
[2026-06-03T11:07:30.553+0000] {logging_mixin.py:188} INFO - [2026-06-03T11:07:30.553+0000] {dag.py:3096} INFO - Sync 1 DAGs
[2026-06-03T11:07:30.582+0000] {logging_mixin.py:188} INFO - [2026-06-03T11:07:30.581+0000] {dag.py:3954} INFO - Setting next_dagrun for neuralretail_retrain_pipeline to None, run_after=None
[2026-06-03T11:07:30.626+0000] {processor.py:183} INFO - Processing /opt/airflow/dags/dag_retrain_pipeline.py took 0.313 seconds
[2026-06-03T11:08:00.794+0000] {processor.py:161} INFO - Started process (PID=3332) to work on /opt/airflow/dags/dag_retrain_pipeline.py
[2026-06-03T11:08:00.796+0000] {processor.py:830} INFO - Processing file /opt/airflow/dags/dag_retrain_pipeline.py for tasks to queue
[2026-06-03T11:08:00.803+0000] {logging_mixin.py:188} INFO - [2026-06-03T11:08:00.803+0000] {dagbag.py:540} INFO - Filling up the DagBag from /opt/airflow/dags/dag_retrain_pipeline.py
[2026-06-03T11:08:00.907+0000] {processor.py:840} INFO - DAG(s) 'neuralretail_retrain_pipeline' retrieved from /opt/airflow/dags/dag_retrain_pipeline.py
[2026-06-03T11:08:00.953+0000] {logging_mixin.py:188} INFO - [2026-06-03T11:08:00.952+0000] {dag.py:3096} INFO - Sync 1 DAGs
[2026-06-03T11:08:00.988+0000] {logging_mixin.py:188} INFO - [2026-06-03T11:08:00.987+0000] {dag.py:3954} INFO - Setting next_dagrun for neuralretail_retrain_pipeline to None, run_after=None
[2026-06-03T11:08:01.046+0000] {processor.py:183} INFO - Processing /opt/airflow/dags/dag_retrain_pipeline.py took 0.268 seconds
[2026-06-03T11:08:31.733+0000] {processor.py:161} INFO - Started process (PID=3352) to work on /opt/airflow/dags/dag_retrain_pipeline.py
[2026-06-03T11:08:31.737+0000] {processor.py:830} INFO - Processing file /opt/airflow/dags/dag_retrain_pipeline.py for tasks to queue
[2026-06-03T11:08:31.741+0000] {logging_mixin.py:188} INFO - [2026-06-03T11:08:31.741+0000] {dagbag.py:540} INFO - Filling up the DagBag from /opt/airflow/dags/dag_retrain_pipeline.py
[2026-06-03T11:08:31.824+0000] {processor.py:840} INFO - DAG(s) 'neuralretail_retrain_pipeline' retrieved from /opt/airflow/dags/dag_retrain_pipeline.py
[2026-06-03T11:08:31.867+0000] {logging_mixin.py:188} INFO - [2026-06-03T11:08:31.865+0000] {dag.py:3096} INFO - Sync 1 DAGs
[2026-06-03T11:08:31.922+0000] {logging_mixin.py:188} INFO - [2026-06-03T11:08:31.922+0000] {dag.py:3954} INFO - Setting next_dagrun for neuralretail_retrain_pipeline to None, run_after=None
[2026-06-03T11:08:31.999+0000] {processor.py:183} INFO - Processing /opt/airflow/dags/dag_retrain_pipeline.py took 0.275 seconds
[2026-06-03T11:09:02.881+0000] {processor.py:161} INFO - Started process (PID=3372) to work on /opt/airflow/dags/dag_retrain_pipeline.py
[2026-06-03T11:09:02.885+0000] {processor.py:830} INFO - Processing file /opt/airflow/dags/dag_retrain_pipeline.py for tasks to queue
[2026-06-03T11:09:02.891+0000] {logging_mixin.py:188} INFO - [2026-06-03T11:09:02.890+0000] {dagbag.py:540} INFO - Filling up the DagBag from /opt/airflow/dags/dag_retrain_pipeline.py
[2026-06-03T11:09:02.995+0000] {processor.py:840} INFO - DAG(s) 'neuralretail_retrain_pipeline' retrieved from /opt/airflow/dags/dag_retrain_pipeline.py
[2026-06-03T11:09:03.067+0000] {logging_mixin.py:188} INFO - [2026-06-03T11:09:03.066+0000] {dag.py:3096} INFO - Sync 1 DAGs
[2026-06-03T11:09:03.102+0000] {logging_mixin.py:188} INFO - [2026-06-03T11:09:03.102+0000] {dag.py:3954} INFO - Setting next_dagrun for neuralretail_retrain_pipeline to None, run_after=None
[2026-06-03T11:09:03.155+0000] {processor.py:183} INFO - Processing /opt/airflow/dags/dag_retrain_pipeline.py took 0.288 seconds
[2026-06-03T11:09:33.501+0000] {processor.py:161} INFO - Started process (PID=3392) to work on /opt/airflow/dags/dag_retrain_pipeline.py
[2026-06-03T11:09:33.503+0000] {processor.py:830} INFO - Processing file /opt/airflow/dags/dag_retrain_pipeline.py for tasks to queue
[2026-06-03T11:09:33.507+0000] {logging_mixin.py:188} INFO - [2026-06-03T11:09:33.506+0000] {dagbag.py:540} INFO - Filling up the DagBag from /opt/airflow/dags/dag_retrain_pipeline.py
[2026-06-03T11:09:33.585+0000] {processor.py:840} INFO - DAG(s) 'neuralretail_retrain_pipeline' retrieved from /opt/airflow/dags/dag_retrain_pipeline.py
[2026-06-03T11:09:33.638+0000] {logging_mixin.py:188} INFO - [2026-06-03T11:09:33.637+0000] {dag.py:3096} INFO - Sync 1 DAGs
[2026-06-03T11:09:33.667+0000] {logging_mixin.py:188} INFO - [2026-06-03T11:09:33.666+0000] {dag.py:3954} INFO - Setting next_dagrun for neuralretail_retrain_pipeline to None, run_after=None
[2026-06-03T11:09:33.734+0000] {processor.py:183} INFO - Processing /opt/airflow/dags/dag_retrain_pipeline.py took 0.242 seconds
[2026-06-03T11:10:04.295+0000] {processor.py:161} INFO - Started process (PID=3412) to work on /opt/airflow/dags/dag_retrain_pipeline.py
[2026-06-03T11:10:04.304+0000] {processor.py:830} INFO - Processing file /opt/airflow/dags/dag_retrain_pipeline.py for tasks to queue
[2026-06-03T11:10:04.320+0000] {logging_mixin.py:188} INFO - [2026-06-03T11:10:04.320+0000] {dagbag.py:540} INFO - Filling up the DagBag from /opt/airflow/dags/dag_retrain_pipeline.py
[2026-06-03T11:10:04.452+0000] {processor.py:840} INFO - DAG(s) 'neuralretail_retrain_pipeline' retrieved from /opt/airflow/dags/dag_retrain_pipeline.py
[2026-06-03T11:10:04.514+0000] {logging_mixin.py:188} INFO - [2026-06-03T11:10:04.514+0000] {dag.py:3096} INFO - Sync 1 DAGs
[2026-06-03T11:10:04.538+0000] {logging_mixin.py:188} INFO - [2026-06-03T11:10:04.538+0000] {dag.py:3954} INFO - Setting next_dagrun for neuralretail_retrain_pipeline to None, run_after=None
[2026-06-03T11:10:04.573+0000] {processor.py:183} INFO - Processing /opt/airflow/dags/dag_retrain_pipeline.py took 0.288 seconds
[2026-06-03T11:10:34.830+0000] {processor.py:161} INFO - Started process (PID=3432) to work on /opt/airflow/dags/dag_retrain_pipeline.py
[2026-06-03T11:10:34.834+0000] {processor.py:830} INFO - Processing file /opt/airflow/dags/dag_retrain_pipeline.py for tasks to queue
[2026-06-03T11:10:34.838+0000] {logging_mixin.py:188} INFO - [2026-06-03T11:10:34.837+0000] {dagbag.py:540} INFO - Filling up the DagBag from /opt/airflow/dags/dag_retrain_pipeline.py
[2026-06-03T11:10:34.902+0000] {processor.py:840} INFO - DAG(s) 'neuralretail_retrain_pipeline' retrieved from /opt/airflow/dags/dag_retrain_pipeline.py
[2026-06-03T11:10:34.987+0000] {logging_mixin.py:188} INFO - [2026-06-03T11:10:34.986+0000] {dag.py:3096} INFO - Sync 1 DAGs
[2026-06-03T11:10:35.036+0000] {logging_mixin.py:188} INFO - [2026-06-03T11:10:35.036+0000] {dag.py:3954} INFO - Setting next_dagrun for neuralretail_retrain_pipeline to None, run_after=None
[2026-06-03T11:10:35.147+0000] {processor.py:183} INFO - Processing /opt/airflow/dags/dag_retrain_pipeline.py took 0.327 seconds
[2026-06-03T11:11:05.980+0000] {processor.py:161} INFO - Started process (PID=3452) to work on /opt/airflow/dags/dag_retrain_pipeline.py
[2026-06-03T11:11:05.984+0000] {processor.py:830} INFO - Processing file /opt/airflow/dags/dag_retrain_pipeline.py for tasks to queue
[2026-06-03T11:11:05.992+0000] {logging_mixin.py:188} INFO - [2026-06-03T11:11:05.991+0000] {dagbag.py:540} INFO - Filling up the DagBag from /opt/airflow/dags/dag_retrain_pipeline.py
[2026-06-03T11:11:06.100+0000] {processor.py:840} INFO - DAG(s) 'neuralretail_retrain_pipeline' retrieved from /opt/airflow/dags/dag_retrain_pipeline.py
[2026-06-03T11:11:06.158+0000] {logging_mixin.py:188} INFO - [2026-06-03T11:11:06.157+0000] {dag.py:3096} INFO - Sync 1 DAGs
[2026-06-03T11:11:06.188+0000] {logging_mixin.py:188} INFO - [2026-06-03T11:11:06.188+0000] {dag.py:3954} INFO - Setting next_dagrun for neuralretail_retrain_pipeline to None, run_after=None
[2026-06-03T11:11:06.301+0000] {processor.py:183} INFO - Processing /opt/airflow/dags/dag_retrain_pipeline.py took 0.335 seconds
[2026-06-03T11:11:36.948+0000] {processor.py:161} INFO - Started process (PID=3472) to work on /opt/airflow/dags/dag_retrain_pipeline.py
[2026-06-03T11:11:36.951+0000] {processor.py:830} INFO - Processing file /opt/airflow/dags/dag_retrain_pipeline.py for tasks to queue
[2026-06-03T11:11:36.991+0000] {logging_mixin.py:188} INFO - [2026-06-03T11:11:36.988+0000] {dagbag.py:540} INFO - Filling up the DagBag from /opt/airflow/dags/dag_retrain_pipeline.py
[2026-06-03T11:11:37.186+0000] {processor.py:840} INFO - DAG(s) 'neuralretail_retrain_pipeline' retrieved from /opt/airflow/dags/dag_retrain_pipeline.py
[2026-06-03T11:11:37.282+0000] {logging_mixin.py:188} INFO - [2026-06-03T11:11:37.282+0000] {dag.py:3096} INFO - Sync 1 DAGs
[2026-06-03T11:11:37.323+0000] {logging_mixin.py:188} INFO - [2026-06-03T11:11:37.322+0000] {dag.py:3954} INFO - Setting next_dagrun for neuralretail_retrain_pipeline to None, run_after=None
[2026-06-03T11:11:37.383+0000] {processor.py:183} INFO - Processing /opt/airflow/dags/dag_retrain_pipeline.py took 0.464 seconds
[2026-06-03T11:12:07.994+0000] {processor.py:161} INFO - Started process (PID=3492) to work on /opt/airflow/dags/dag_retrain_pipeline.py
[2026-06-03T11:12:07.998+0000] {processor.py:830} INFO - Processing file /opt/airflow/dags/dag_retrain_pipeline.py for tasks to queue
[2026-06-03T11:12:08.014+0000] {logging_mixin.py:188} INFO - [2026-06-03T11:12:08.012+0000] {dagbag.py:540} INFO - Filling up the DagBag from /opt/airflow/dags/dag_retrain_pipeline.py
[2026-06-03T11:12:08.180+0000] {processor.py:840} INFO - DAG(s) 'neuralretail_retrain_pipeline' retrieved from /opt/airflow/dags/dag_retrain_pipeline.py
[2026-06-03T11:12:08.213+0000] {logging_mixin.py:188} INFO - [2026-06-03T11:12:08.213+0000] {dag.py:3096} INFO - Sync 1 DAGs
[2026-06-03T11:12:08.243+0000] {logging_mixin.py:188} INFO - [2026-06-03T11:12:08.243+0000] {dag.py:3954} INFO - Setting next_dagrun for neuralretail_retrain_pipeline to None, run_after=None
[2026-06-03T11:12:08.283+0000] {processor.py:183} INFO - Processing /opt/airflow/dags/dag_retrain_pipeline.py took 0.300 seconds
[2026-06-03T11:12:38.449+0000] {processor.py:161} INFO - Started process (PID=3512) to work on /opt/airflow/dags/dag_retrain_pipeline.py
[2026-06-03T11:12:38.451+0000] {processor.py:830} INFO - Processing file /opt/airflow/dags/dag_retrain_pipeline.py for tasks to queue
[2026-06-03T11:12:38.454+0000] {logging_mixin.py:188} INFO - [2026-06-03T11:12:38.454+0000] {dagbag.py:540} INFO - Filling up the DagBag from /opt/airflow/dags/dag_retrain_pipeline.py
[2026-06-03T11:12:38.543+0000] {processor.py:840} INFO - DAG(s) 'neuralretail_retrain_pipeline' retrieved from /opt/airflow/dags/dag_retrain_pipeline.py
[2026-06-03T11:12:38.602+0000] {logging_mixin.py:188} INFO - [2026-06-03T11:12:38.602+0000] {dag.py:3096} INFO - Sync 1 DAGs
[2026-06-03T11:12:38.633+0000] {logging_mixin.py:188} INFO - [2026-06-03T11:12:38.633+0000] {dag.py:3954} INFO - Setting next_dagrun for neuralretail_retrain_pipeline to None, run_after=None
[2026-06-03T11:12:38.677+0000] {processor.py:183} INFO - Processing /opt/airflow/dags/dag_retrain_pipeline.py took 0.237 seconds
[2026-06-03T11:13:09.461+0000] {processor.py:161} INFO - Started process (PID=3532) to work on /opt/airflow/dags/dag_retrain_pipeline.py
[2026-06-03T11:13:09.463+0000] {processor.py:830} INFO - Processing file /opt/airflow/dags/dag_retrain_pipeline.py for tasks to queue
[2026-06-03T11:13:09.466+0000] {logging_mixin.py:188} INFO - [2026-06-03T11:13:09.465+0000] {dagbag.py:540} INFO - Filling up the DagBag from /opt/airflow/dags/dag_retrain_pipeline.py
[2026-06-03T11:13:09.524+0000] {processor.py:840} INFO - DAG(s) 'neuralretail_retrain_pipeline' retrieved from /opt/airflow/dags/dag_retrain_pipeline.py
[2026-06-03T11:13:09.559+0000] {logging_mixin.py:188} INFO - [2026-06-03T11:13:09.559+0000] {dag.py:3096} INFO - Sync 1 DAGs
[2026-06-03T11:13:09.574+0000] {logging_mixin.py:188} INFO - [2026-06-03T11:13:09.573+0000] {dag.py:3954} INFO - Setting next_dagrun for neuralretail_retrain_pipeline to None, run_after=None
[2026-06-03T11:13:09.598+0000] {processor.py:183} INFO - Processing /opt/airflow/dags/dag_retrain_pipeline.py took 0.144 seconds
[2026-06-03T11:13:40.584+0000] {processor.py:161} INFO - Started process (PID=3552) to work on /opt/airflow/dags/dag_retrain_pipeline.py
[2026-06-03T11:13:40.589+0000] {processor.py:830} INFO - Processing file /opt/airflow/dags/dag_retrain_pipeline.py for tasks to queue
[2026-06-03T11:13:40.591+0000] {logging_mixin.py:188} INFO - [2026-06-03T11:13:40.591+0000] {dagbag.py:540} INFO - Filling up the DagBag from /opt/airflow/dags/dag_retrain_pipeline.py
[2026-06-03T11:13:40.664+0000] {processor.py:840} INFO - DAG(s) 'neuralretail_retrain_pipeline' retrieved from /opt/airflow/dags/dag_retrain_pipeline.py
[2026-06-03T11:13:40.710+0000] {logging_mixin.py:188} INFO - [2026-06-03T11:13:40.709+0000] {dag.py:3096} INFO - Sync 1 DAGs
[2026-06-03T11:13:40.736+0000] {logging_mixin.py:188} INFO - [2026-06-03T11:13:40.735+0000] {dag.py:3954} INFO - Setting next_dagrun for neuralretail_retrain_pipeline to None, run_after=None
[2026-06-03T11:13:40.781+0000] {processor.py:183} INFO - Processing /opt/airflow/dags/dag_retrain_pipeline.py took 0.208 seconds
[2026-06-03T11:14:11.106+0000] {processor.py:161} INFO - Started process (PID=3572) to work on /opt/airflow/dags/dag_retrain_pipeline.py
[2026-06-03T11:14:11.108+0000] {processor.py:830} INFO - Processing file /opt/airflow/dags/dag_retrain_pipeline.py for tasks to queue
[2026-06-03T11:14:11.112+0000] {logging_mixin.py:188} INFO - [2026-06-03T11:14:11.111+0000] {dagbag.py:540} INFO - Filling up the DagBag from /opt/airflow/dags/dag_retrain_pipeline.py
[2026-06-03T11:14:11.182+0000] {processor.py:840} INFO - DAG(s) 'neuralretail_retrain_pipeline' retrieved from /opt/airflow/dags/dag_retrain_pipeline.py
[2026-06-03T11:14:11.217+0000] {logging_mixin.py:188} INFO - [2026-06-03T11:14:11.216+0000] {dag.py:3096} INFO - Sync 1 DAGs
[2026-06-03T11:14:11.244+0000] {logging_mixin.py:188} INFO - [2026-06-03T11:14:11.244+0000] {dag.py:3954} INFO - Setting next_dagrun for neuralretail_retrain_pipeline to None, run_after=None
[2026-06-03T11:14:11.277+0000] {processor.py:183} INFO - Processing /opt/airflow/dags/dag_retrain_pipeline.py took 0.179 seconds
[2026-06-03T11:14:41.601+0000] {processor.py:161} INFO - Started process (PID=3592) to work on /opt/airflow/dags/dag_retrain_pipeline.py
[2026-06-03T11:14:41.603+0000] {processor.py:830} INFO - Processing file /opt/airflow/dags/dag_retrain_pipeline.py for tasks to queue
[2026-06-03T11:14:41.606+0000] {logging_mixin.py:188} INFO - [2026-06-03T11:14:41.605+0000] {dagbag.py:540} INFO - Filling up the DagBag from /opt/airflow/dags/dag_retrain_pipeline.py
[2026-06-03T11:14:41.670+0000] {processor.py:840} INFO - DAG(s) 'neuralretail_retrain_pipeline' retrieved from /opt/airflow/dags/dag_retrain_pipeline.py
[2026-06-03T11:14:41.714+0000] {logging_mixin.py:188} INFO - [2026-06-03T11:14:41.713+0000] {dag.py:3096} INFO - Sync 1 DAGs
[2026-06-03T11:14:41.728+0000] {logging_mixin.py:188} INFO - [2026-06-03T11:14:41.728+0000] {dag.py:3954} INFO - Setting next_dagrun for neuralretail_retrain_pipeline to None, run_after=None
[2026-06-03T11:14:41.764+0000] {processor.py:183} INFO - Processing /opt/airflow/dags/dag_retrain_pipeline.py took 0.169 seconds
[2026-06-03T11:15:12.075+0000] {processor.py:161} INFO - Started process (PID=3612) to work on /opt/airflow/dags/dag_retrain_pipeline.py
[2026-06-03T11:15:12.078+0000] {processor.py:830} INFO - Processing file /opt/airflow/dags/dag_retrain_pipeline.py for tasks to queue
[2026-06-03T11:15:12.084+0000] {logging_mixin.py:188} INFO - [2026-06-03T11:15:12.083+0000] {dagbag.py:540} INFO - Filling up the DagBag from /opt/airflow/dags/dag_retrain_pipeline.py
[2026-06-03T11:15:12.224+0000] {processor.py:840} INFO - DAG(s) 'neuralretail_retrain_pipeline' retrieved from /opt/airflow/dags/dag_retrain_pipeline.py
[2026-06-03T11:15:12.273+0000] {logging_mixin.py:188} INFO - [2026-06-03T11:15:12.272+0000] {dag.py:3096} INFO - Sync 1 DAGs
[2026-06-03T11:15:12.302+0000] {logging_mixin.py:188} INFO - [2026-06-03T11:15:12.302+0000] {dag.py:3954} INFO - Setting next_dagrun for neuralretail_retrain_pipeline to None, run_after=None
[2026-06-03T11:15:12.339+0000] {processor.py:183} INFO - Processing /opt/airflow/dags/dag_retrain_pipeline.py took 0.275 seconds
[2026-06-03T11:15:42.870+0000] {processor.py:161} INFO - Started process (PID=3632) to work on /opt/airflow/dags/dag_retrain_pipeline.py
[2026-06-03T11:15:42.872+0000] {processor.py:830} INFO - Processing file /opt/airflow/dags/dag_retrain_pipeline.py for tasks to queue
[2026-06-03T11:15:42.876+0000] {logging_mixin.py:188} INFO - [2026-06-03T11:15:42.875+0000] {dagbag.py:540} INFO - Filling up the DagBag from /opt/airflow/dags/dag_retrain_pipeline.py
[2026-06-03T11:15:42.939+0000] {processor.py:840} INFO - DAG(s) 'neuralretail_retrain_pipeline' retrieved from /opt/airflow/dags/dag_retrain_pipeline.py
[2026-06-03T11:15:42.971+0000] {logging_mixin.py:188} INFO - [2026-06-03T11:15:42.971+0000] {dag.py:3096} INFO - Sync 1 DAGs
[2026-06-03T11:15:42.986+0000] {logging_mixin.py:188} INFO - [2026-06-03T11:15:42.985+0000] {dag.py:3954} INFO - Setting next_dagrun for neuralretail_retrain_pipeline to None, run_after=None
[2026-06-03T11:15:43.017+0000] {processor.py:183} INFO - Processing /opt/airflow/dags/dag_retrain_pipeline.py took 0.156 seconds
[2026-06-03T11:16:14.015+0000] {processor.py:161} INFO - Started process (PID=3652) to work on /opt/airflow/dags/dag_retrain_pipeline.py
[2026-06-03T11:16:14.017+0000] {processor.py:830} INFO - Processing file /opt/airflow/dags/dag_retrain_pipeline.py for tasks to queue
[2026-06-03T11:16:14.023+0000] {logging_mixin.py:188} INFO - [2026-06-03T11:16:14.021+0000] {dagbag.py:540} INFO - Filling up the DagBag from /opt/airflow/dags/dag_retrain_pipeline.py
[2026-06-03T11:16:14.090+0000] {processor.py:840} INFO - DAG(s) 'neuralretail_retrain_pipeline' retrieved from /opt/airflow/dags/dag_retrain_pipeline.py
[2026-06-03T11:16:14.122+0000] {logging_mixin.py:188} INFO - [2026-06-03T11:16:14.121+0000] {dag.py:3096} INFO - Sync 1 DAGs
[2026-06-03T11:16:14.142+0000] {logging_mixin.py:188} INFO - [2026-06-03T11:16:14.142+0000] {dag.py:3954} INFO - Setting next_dagrun for neuralretail_retrain_pipeline to None, run_after=None
[2026-06-03T11:16:14.171+0000] {processor.py:183} INFO - Processing /opt/airflow/dags/dag_retrain_pipeline.py took 0.164 seconds
[2026-06-03T11:16:44.817+0000] {processor.py:161} INFO - Started process (PID=3672) to work on /opt/airflow/dags/dag_retrain_pipeline.py
[2026-06-03T11:16:44.820+0000] {processor.py:830} INFO - Processing file /opt/airflow/dags/dag_retrain_pipeline.py for tasks to queue
[2026-06-03T11:16:44.824+0000] {logging_mixin.py:188} INFO - [2026-06-03T11:16:44.823+0000] {dagbag.py:540} INFO - Filling up the DagBag from /opt/airflow/dags/dag_retrain_pipeline.py
[2026-06-03T11:16:44.889+0000] {processor.py:840} INFO - DAG(s) 'neuralretail_retrain_pipeline' retrieved from /opt/airflow/dags/dag_retrain_pipeline.py
[2026-06-03T11:16:44.915+0000] {logging_mixin.py:188} INFO - [2026-06-03T11:16:44.915+0000] {dag.py:3096} INFO - Sync 1 DAGs
[2026-06-03T11:16:44.933+0000] {logging_mixin.py:188} INFO - [2026-06-03T11:16:44.933+0000] {dag.py:3954} INFO - Setting next_dagrun for neuralretail_retrain_pipeline to None, run_after=None
[2026-06-03T11:16:44.959+0000] {processor.py:183} INFO - Processing /opt/airflow/dags/dag_retrain_pipeline.py took 0.155 seconds
[2026-06-03T11:17:15.147+0000] {processor.py:161} INFO - Started process (PID=3692) to work on /opt/airflow/dags/dag_retrain_pipeline.py
[2026-06-03T11:17:15.150+0000] {processor.py:830} INFO - Processing file /opt/airflow/dags/dag_retrain_pipeline.py for tasks to queue
[2026-06-03T11:17:15.154+0000] {logging_mixin.py:188} INFO - [2026-06-03T11:17:15.154+0000] {dagbag.py:540} INFO - Filling up the DagBag from /opt/airflow/dags/dag_retrain_pipeline.py
[2026-06-03T11:17:15.211+0000] {processor.py:840} INFO - DAG(s) 'neuralretail_retrain_pipeline' retrieved from /opt/airflow/dags/dag_retrain_pipeline.py
[2026-06-03T11:17:15.248+0000] {logging_mixin.py:188} INFO - [2026-06-03T11:17:15.248+0000] {dag.py:3096} INFO - Sync 1 DAGs
[2026-06-03T11:17:15.264+0000] {logging_mixin.py:188} INFO - [2026-06-03T11:17:15.264+0000] {dag.py:3954} INFO - Setting next_dagrun for neuralretail_retrain_pipeline to None, run_after=None
[2026-06-03T11:17:15.293+0000] {processor.py:183} INFO - Processing /opt/airflow/dags/dag_retrain_pipeline.py took 0.153 seconds
[2026-06-03T11:17:45.824+0000] {processor.py:161} INFO - Started process (PID=3712) to work on /opt/airflow/dags/dag_retrain_pipeline.py
[2026-06-03T11:17:45.826+0000] {processor.py:830} INFO - Processing file /opt/airflow/dags/dag_retrain_pipeline.py for tasks to queue
[2026-06-03T11:17:45.827+0000] {logging_mixin.py:188} INFO - [2026-06-03T11:17:45.827+0000] {dagbag.py:540} INFO - Filling up the DagBag from /opt/airflow/dags/dag_retrain_pipeline.py
[2026-06-03T11:17:45.860+0000] {processor.py:840} INFO - DAG(s) 'neuralretail_retrain_pipeline' retrieved from /opt/airflow/dags/dag_retrain_pipeline.py
[2026-06-03T11:17:45.881+0000] {logging_mixin.py:188} INFO - [2026-06-03T11:17:45.881+0000] {dag.py:3096} INFO - Sync 1 DAGs
[2026-06-03T11:17:45.894+0000] {logging_mixin.py:188} INFO - [2026-06-03T11:17:45.894+0000] {dag.py:3954} INFO - Setting next_dagrun for neuralretail_retrain_pipeline to None, run_after=None
[2026-06-03T11:17:45.913+0000] {processor.py:183} INFO - Processing /opt/airflow/dags/dag_retrain_pipeline.py took 0.093 seconds
[2026-06-03T11:18:16.288+0000] {processor.py:161} INFO - Started process (PID=3732) to work on /opt/airflow/dags/dag_retrain_pipeline.py
[2026-06-03T11:18:16.289+0000] {processor.py:830} INFO - Processing file /opt/airflow/dags/dag_retrain_pipeline.py for tasks to queue
[2026-06-03T11:18:16.297+0000] {logging_mixin.py:188} INFO - [2026-06-03T11:18:16.296+0000] {dagbag.py:540} INFO - Filling up the DagBag from /opt/airflow/dags/dag_retrain_pipeline.py
[2026-06-03T11:18:16.374+0000] {processor.py:840} INFO - DAG(s) 'neuralretail_retrain_pipeline' retrieved from /opt/airflow/dags/dag_retrain_pipeline.py
[2026-06-03T11:18:16.404+0000] {logging_mixin.py:188} INFO - [2026-06-03T11:18:16.403+0000] {dag.py:3096} INFO - Sync 1 DAGs
[2026-06-03T11:18:16.422+0000] {logging_mixin.py:188} INFO - [2026-06-03T11:18:16.421+0000] {dag.py:3954} INFO - Setting next_dagrun for neuralretail_retrain_pipeline to None, run_after=None
[2026-06-03T11:18:16.449+0000] {processor.py:183} INFO - Processing /opt/airflow/dags/dag_retrain_pipeline.py took 0.168 seconds
[2026-06-03T11:18:47.238+0000] {processor.py:161} INFO - Started process (PID=3752) to work on /opt/airflow/dags/dag_retrain_pipeline.py
[2026-06-03T11:18:47.241+0000] {processor.py:830} INFO - Processing file /opt/airflow/dags/dag_retrain_pipeline.py for tasks to queue
[2026-06-03T11:18:47.244+0000] {logging_mixin.py:188} INFO - [2026-06-03T11:18:47.243+0000] {dagbag.py:540} INFO - Filling up the DagBag from /opt/airflow/dags/dag_retrain_pipeline.py
[2026-06-03T11:18:47.409+0000] {processor.py:840} INFO - DAG(s) 'neuralretail_retrain_pipeline' retrieved from /opt/airflow/dags/dag_retrain_pipeline.py
[2026-06-03T11:18:47.445+0000] {logging_mixin.py:188} INFO - [2026-06-03T11:18:47.445+0000] {dag.py:3096} INFO - Sync 1 DAGs
[2026-06-03T11:18:47.468+0000] {logging_mixin.py:188} INFO - [2026-06-03T11:18:47.467+0000] {dag.py:3954} INFO - Setting next_dagrun for neuralretail_retrain_pipeline to None, run_after=None
[2026-06-03T11:18:47.508+0000] {processor.py:183} INFO - Processing /opt/airflow/dags/dag_retrain_pipeline.py took 0.277 seconds
[2026-06-03T11:19:17.829+0000] {processor.py:161} INFO - Started process (PID=3772) to work on /opt/airflow/dags/dag_retrain_pipeline.py
[2026-06-03T11:19:17.832+0000] {processor.py:830} INFO - Processing file /opt/airflow/dags/dag_retrain_pipeline.py for tasks to queue
[2026-06-03T11:19:17.835+0000] {logging_mixin.py:188} INFO - [2026-06-03T11:19:17.835+0000] {dagbag.py:540} INFO - Filling up the DagBag from /opt/airflow/dags/dag_retrain_pipeline.py
[2026-06-03T11:19:17.894+0000] {processor.py:840} INFO - DAG(s) 'neuralretail_retrain_pipeline' retrieved from /opt/airflow/dags/dag_retrain_pipeline.py
[2026-06-03T11:19:17.922+0000] {logging_mixin.py:188} INFO - [2026-06-03T11:19:17.922+0000] {dag.py:3096} INFO - Sync 1 DAGs
[2026-06-03T11:19:17.937+0000] {logging_mixin.py:188} INFO - [2026-06-03T11:19:17.936+0000] {dag.py:3954} INFO - Setting next_dagrun for neuralretail_retrain_pipeline to None, run_after=None
[2026-06-03T11:19:17.956+0000] {processor.py:183} INFO - Processing /opt/airflow/dags/dag_retrain_pipeline.py took 0.137 seconds
[2026-06-03T11:19:48.314+0000] {processor.py:161} INFO - Started process (PID=3792) to work on /opt/airflow/dags/dag_retrain_pipeline.py
[2026-06-03T11:19:48.316+0000] {processor.py:830} INFO - Processing file /opt/airflow/dags/dag_retrain_pipeline.py for tasks to queue
[2026-06-03T11:19:48.319+0000] {logging_mixin.py:188} INFO - [2026-06-03T11:19:48.318+0000] {dagbag.py:540} INFO - Filling up the DagBag from /opt/airflow/dags/dag_retrain_pipeline.py
[2026-06-03T11:19:48.366+0000] {processor.py:840} INFO - DAG(s) 'neuralretail_retrain_pipeline' retrieved from /opt/airflow/dags/dag_retrain_pipeline.py
[2026-06-03T11:19:48.392+0000] {logging_mixin.py:188} INFO - [2026-06-03T11:19:48.392+0000] {dag.py:3096} INFO - Sync 1 DAGs
[2026-06-03T11:19:48.406+0000] {logging_mixin.py:188} INFO - [2026-06-03T11:19:48.405+0000] {dag.py:3954} INFO - Setting next_dagrun for neuralretail_retrain_pipeline to None, run_after=None
[2026-06-03T11:19:48.437+0000] {processor.py:183} INFO - Processing /opt/airflow/dags/dag_retrain_pipeline.py took 0.130 seconds
[2026-06-03T11:20:18.934+0000] {processor.py:161} INFO - Started process (PID=3812) to work on /opt/airflow/dags/dag_retrain_pipeline.py
[2026-06-03T11:20:18.935+0000] {processor.py:830} INFO - Processing file /opt/airflow/dags/dag_retrain_pipeline.py for tasks to queue
[2026-06-03T11:20:18.937+0000] {logging_mixin.py:188} INFO - [2026-06-03T11:20:18.937+0000] {dagbag.py:540} INFO - Filling up the DagBag from /opt/airflow/dags/dag_retrain_pipeline.py
[2026-06-03T11:20:18.982+0000] {processor.py:840} INFO - DAG(s) 'neuralretail_retrain_pipeline' retrieved from /opt/airflow/dags/dag_retrain_pipeline.py
[2026-06-03T11:20:19.012+0000] {logging_mixin.py:188} INFO - [2026-06-03T11:20:19.011+0000] {dag.py:3096} INFO - Sync 1 DAGs
[2026-06-03T11:20:19.025+0000] {logging_mixin.py:188} INFO - [2026-06-03T11:20:19.025+0000] {dag.py:3954} INFO - Setting next_dagrun for neuralretail_retrain_pipeline to None, run_after=None
[2026-06-03T11:20:19.046+0000] {processor.py:183} INFO - Processing /opt/airflow/dags/dag_retrain_pipeline.py took 0.117 seconds
[2026-06-03T11:20:49.958+0000] {processor.py:161} INFO - Started process (PID=3832) to work on /opt/airflow/dags/dag_retrain_pipeline.py
[2026-06-03T11:20:49.959+0000] {processor.py:830} INFO - Processing file /opt/airflow/dags/dag_retrain_pipeline.py for tasks to queue
[2026-06-03T11:20:49.961+0000] {logging_mixin.py:188} INFO - [2026-06-03T11:20:49.960+0000] {dagbag.py:540} INFO - Filling up the DagBag from /opt/airflow/dags/dag_retrain_pipeline.py
[2026-06-03T11:20:50.003+0000] {processor.py:840} INFO - DAG(s) 'neuralretail_retrain_pipeline' retrieved from /opt/airflow/dags/dag_retrain_pipeline.py
[2026-06-03T11:20:50.026+0000] {logging_mixin.py:188} INFO - [2026-06-03T11:20:50.025+0000] {dag.py:3096} INFO - Sync 1 DAGs
[2026-06-03T11:20:50.038+0000] {logging_mixin.py:188} INFO - [2026-06-03T11:20:50.037+0000] {dag.py:3954} INFO - Setting next_dagrun for neuralretail_retrain_pipeline to None, run_after=None
[2026-06-03T11:20:50.055+0000] {processor.py:183} INFO - Processing /opt/airflow/dags/dag_retrain_pipeline.py took 0.103 seconds
[2026-06-03T11:21:21.116+0000] {processor.py:161} INFO - Started process (PID=3852) to work on /opt/airflow/dags/dag_retrain_pipeline.py
[2026-06-03T11:21:21.118+0000] {processor.py:830} INFO - Processing file /opt/airflow/dags/dag_retrain_pipeline.py for tasks to queue
[2026-06-03T11:21:21.120+0000] {logging_mixin.py:188} INFO - [2026-06-03T11:21:21.119+0000] {dagbag.py:540} INFO - Filling up the DagBag from /opt/airflow/dags/dag_retrain_pipeline.py
[2026-06-03T11:21:21.157+0000] {processor.py:840} INFO - DAG(s) 'neuralretail_retrain_pipeline' retrieved from /opt/airflow/dags/dag_retrain_pipeline.py
[2026-06-03T11:21:21.180+0000] {logging_mixin.py:188} INFO - [2026-06-03T11:21:21.180+0000] {dag.py:3096} INFO - Sync 1 DAGs
[2026-06-03T11:21:21.191+0000] {logging_mixin.py:188} INFO - [2026-06-03T11:21:21.191+0000] {dag.py:3954} INFO - Setting next_dagrun for neuralretail_retrain_pipeline to None, run_after=None
[2026-06-03T11:21:21.211+0000] {processor.py:183} INFO - Processing /opt/airflow/dags/dag_retrain_pipeline.py took 0.101 seconds
[2026-06-03T11:21:51.500+0000] {processor.py:161} INFO - Started process (PID=3872) to work on /opt/airflow/dags/dag_retrain_pipeline.py
[2026-06-03T11:21:51.501+0000] {processor.py:830} INFO - Processing file /opt/airflow/dags/dag_retrain_pipeline.py for tasks to queue
[2026-06-03T11:21:51.512+0000] {logging_mixin.py:188} INFO - [2026-06-03T11:21:51.512+0000] {dagbag.py:540} INFO - Filling up the DagBag from /opt/airflow/dags/dag_retrain_pipeline.py
[2026-06-03T11:21:51.572+0000] {processor.py:840} INFO - DAG(s) 'neuralretail_retrain_pipeline' retrieved from /opt/airflow/dags/dag_retrain_pipeline.py
[2026-06-03T11:21:51.598+0000] {logging_mixin.py:188} INFO - [2026-06-03T11:21:51.598+0000] {dag.py:3096} INFO - Sync 1 DAGs
[2026-06-03T11:21:51.612+0000] {logging_mixin.py:188} INFO - [2026-06-03T11:21:51.611+0000] {dag.py:3954} INFO - Setting next_dagrun for neuralretail_retrain_pipeline to None, run_after=None
[2026-06-03T11:21:51.631+0000] {processor.py:183} INFO - Processing /opt/airflow/dags/dag_retrain_pipeline.py took 0.136 seconds
[2026-06-03T11:22:21.871+0000] {processor.py:161} INFO - Started process (PID=3892) to work on /opt/airflow/dags/dag_retrain_pipeline.py
[2026-06-03T11:22:21.873+0000] {processor.py:830} INFO - Processing file /opt/airflow/dags/dag_retrain_pipeline.py for tasks to queue
[2026-06-03T11:22:21.876+0000] {logging_mixin.py:188} INFO - [2026-06-03T11:22:21.875+0000] {dagbag.py:540} INFO - Filling up the DagBag from /opt/airflow/dags/dag_retrain_pipeline.py
[2026-06-03T11:22:22.106+0000] {processor.py:840} INFO - DAG(s) 'neuralretail_retrain_pipeline' retrieved from /opt/airflow/dags/dag_retrain_pipeline.py
[2026-06-03T11:22:22.139+0000] {logging_mixin.py:188} INFO - [2026-06-03T11:22:22.138+0000] {dag.py:3096} INFO - Sync 1 DAGs
[2026-06-03T11:22:22.160+0000] {logging_mixin.py:188} INFO - [2026-06-03T11:22:22.159+0000] {dag.py:3954} INFO - Setting next_dagrun for neuralretail_retrain_pipeline to None, run_after=None
[2026-06-03T11:22:22.184+0000] {processor.py:183} INFO - Processing /opt/airflow/dags/dag_retrain_pipeline.py took 0.320 seconds
[2026-06-03T11:22:52.529+0000] {processor.py:161} INFO - Started process (PID=3912) to work on /opt/airflow/dags/dag_retrain_pipeline.py
[2026-06-03T11:22:52.533+0000] {processor.py:830} INFO - Processing file /opt/airflow/dags/dag_retrain_pipeline.py for tasks to queue
[2026-06-03T11:22:52.539+0000] {logging_mixin.py:188} INFO - [2026-06-03T11:22:52.538+0000] {dagbag.py:540} INFO - Filling up the DagBag from /opt/airflow/dags/dag_retrain_pipeline.py
[2026-06-03T11:22:52.608+0000] {processor.py:840} INFO - DAG(s) 'neuralretail_retrain_pipeline' retrieved from /opt/airflow/dags/dag_retrain_pipeline.py
[2026-06-03T11:22:52.649+0000] {logging_mixin.py:188} INFO - [2026-06-03T11:22:52.648+0000] {dag.py:3096} INFO - Sync 1 DAGs
[2026-06-03T11:22:52.683+0000] {logging_mixin.py:188} INFO - [2026-06-03T11:22:52.683+0000] {dag.py:3954} INFO - Setting next_dagrun for neuralretail_retrain_pipeline to None, run_after=None
[2026-06-03T11:22:52.718+0000] {processor.py:183} INFO - Processing /opt/airflow/dags/dag_retrain_pipeline.py took 0.195 seconds
[2026-06-03T11:23:23.000+0000] {processor.py:161} INFO - Started process (PID=3932) to work on /opt/airflow/dags/dag_retrain_pipeline.py
[2026-06-03T11:23:23.002+0000] {processor.py:830} INFO - Processing file /opt/airflow/dags/dag_retrain_pipeline.py for tasks to queue
[2026-06-03T11:23:23.004+0000] {logging_mixin.py:188} INFO - [2026-06-03T11:23:23.004+0000] {dagbag.py:540} INFO - Filling up the DagBag from /opt/airflow/dags/dag_retrain_pipeline.py
[2026-06-03T11:23:23.057+0000] {processor.py:840} INFO - DAG(s) 'neuralretail_retrain_pipeline' retrieved from /opt/airflow/dags/dag_retrain_pipeline.py
[2026-06-03T11:23:23.103+0000] {logging_mixin.py:188} INFO - [2026-06-03T11:23:23.102+0000] {dag.py:3096} INFO - Sync 1 DAGs
[2026-06-03T11:23:23.130+0000] {logging_mixin.py:188} INFO - [2026-06-03T11:23:23.130+0000] {dag.py:3954} INFO - Setting next_dagrun for neuralretail_retrain_pipeline to None, run_after=None
[2026-06-03T11:23:23.183+0000] {processor.py:183} INFO - Processing /opt/airflow/dags/dag_retrain_pipeline.py took 0.187 seconds
[2026-06-03T11:23:53.716+0000] {processor.py:161} INFO - Started process (PID=3952) to work on /opt/airflow/dags/dag_retrain_pipeline.py
[2026-06-03T11:23:53.720+0000] {processor.py:830} INFO - Processing file /opt/airflow/dags/dag_retrain_pipeline.py for tasks to queue
[2026-06-03T11:23:53.723+0000] {logging_mixin.py:188} INFO - [2026-06-03T11:23:53.722+0000] {dagbag.py:540} INFO - Filling up the DagBag from /opt/airflow/dags/dag_retrain_pipeline.py
[2026-06-03T11:23:53.792+0000] {processor.py:840} INFO - DAG(s) 'neuralretail_retrain_pipeline' retrieved from /opt/airflow/dags/dag_retrain_pipeline.py
[2026-06-03T11:23:53.824+0000] {logging_mixin.py:188} INFO - [2026-06-03T11:23:53.824+0000] {dag.py:3096} INFO - Sync 1 DAGs
[2026-06-03T11:23:53.841+0000] {logging_mixin.py:188} INFO - [2026-06-03T11:23:53.841+0000] {dag.py:3954} INFO - Setting next_dagrun for neuralretail_retrain_pipeline to None, run_after=None
[2026-06-03T11:23:53.863+0000] {processor.py:183} INFO - Processing /opt/airflow/dags/dag_retrain_pipeline.py took 0.156 seconds
[2026-06-03T11:24:24.344+0000] {processor.py:161} INFO - Started process (PID=3972) to work on /opt/airflow/dags/dag_retrain_pipeline.py
[2026-06-03T11:24:24.357+0000] {processor.py:830} INFO - Processing file /opt/airflow/dags/dag_retrain_pipeline.py for tasks to queue
[2026-06-03T11:24:24.368+0000] {logging_mixin.py:188} INFO - [2026-06-03T11:24:24.366+0000] {dagbag.py:540} INFO - Filling up the DagBag from /opt/airflow/dags/dag_retrain_pipeline.py
[2026-06-03T11:24:24.482+0000] {processor.py:840} INFO - DAG(s) 'neuralretail_retrain_pipeline' retrieved from /opt/airflow/dags/dag_retrain_pipeline.py
[2026-06-03T11:24:24.549+0000] {logging_mixin.py:188} INFO - [2026-06-03T11:24:24.549+0000] {dag.py:3096} INFO - Sync 1 DAGs
[2026-06-03T11:24:24.591+0000] {logging_mixin.py:188} INFO - [2026-06-03T11:24:24.590+0000] {dag.py:3954} INFO - Setting next_dagrun for neuralretail_retrain_pipeline to None, run_after=None
[2026-06-03T11:24:24.659+0000] {processor.py:183} INFO - Processing /opt/airflow/dags/dag_retrain_pipeline.py took 0.322 seconds
[2026-06-03T11:24:54.897+0000] {processor.py:161} INFO - Started process (PID=3992) to work on /opt/airflow/dags/dag_retrain_pipeline.py
[2026-06-03T11:24:54.901+0000] {processor.py:830} INFO - Processing file /opt/airflow/dags/dag_retrain_pipeline.py for tasks to queue
[2026-06-03T11:24:54.913+0000] {logging_mixin.py:188} INFO - [2026-06-03T11:24:54.911+0000] {dagbag.py:540} INFO - Filling up the DagBag from /opt/airflow/dags/dag_retrain_pipeline.py
[2026-06-03T11:24:55.155+0000] {processor.py:840} INFO - DAG(s) 'neuralretail_retrain_pipeline' retrieved from /opt/airflow/dags/dag_retrain_pipeline.py
[2026-06-03T11:24:55.218+0000] {logging_mixin.py:188} INFO - [2026-06-03T11:24:55.217+0000] {dag.py:3096} INFO - Sync 1 DAGs
[2026-06-03T11:24:55.242+0000] {logging_mixin.py:188} INFO - [2026-06-03T11:24:55.242+0000] {dag.py:3954} INFO - Setting next_dagrun for neuralretail_retrain_pipeline to None, run_after=None
[2026-06-03T11:24:55.269+0000] {processor.py:183} INFO - Processing /opt/airflow/dags/dag_retrain_pipeline.py took 0.393 seconds
[2026-06-03T11:25:25.759+0000] {processor.py:161} INFO - Started process (PID=4012) to work on /opt/airflow/dags/dag_retrain_pipeline.py
[2026-06-03T11:25:25.763+0000] {processor.py:830} INFO - Processing file /opt/airflow/dags/dag_retrain_pipeline.py for tasks to queue
[2026-06-03T11:25:25.768+0000] {logging_mixin.py:188} INFO - [2026-06-03T11:25:25.767+0000] {dagbag.py:540} INFO - Filling up the DagBag from /opt/airflow/dags/dag_retrain_pipeline.py
[2026-06-03T11:25:25.840+0000] {processor.py:840} INFO - DAG(s) 'neuralretail_retrain_pipeline' retrieved from /opt/airflow/dags/dag_retrain_pipeline.py
[2026-06-03T11:25:25.888+0000] {logging_mixin.py:188} INFO - [2026-06-03T11:25:25.887+0000] {dag.py:3096} INFO - Sync 1 DAGs
[2026-06-03T11:25:25.907+0000] {logging_mixin.py:188} INFO - [2026-06-03T11:25:25.906+0000] {dag.py:3954} INFO - Setting next_dagrun for neuralretail_retrain_pipeline to None, run_after=None
[2026-06-03T11:25:25.948+0000] {processor.py:183} INFO - Processing /opt/airflow/dags/dag_retrain_pipeline.py took 0.202 seconds
[2026-06-03T11:25:57.048+0000] {processor.py:161} INFO - Started process (PID=4032) to work on /opt/airflow/dags/dag_retrain_pipeline.py
[2026-06-03T11:25:57.049+0000] {processor.py:830} INFO - Processing file /opt/airflow/dags/dag_retrain_pipeline.py for tasks to queue
[2026-06-03T11:25:57.052+0000] {logging_mixin.py:188} INFO - [2026-06-03T11:25:57.051+0000] {dagbag.py:540} INFO - Filling up the DagBag from /opt/airflow/dags/dag_retrain_pipeline.py
[2026-06-03T11:25:57.097+0000] {processor.py:840} INFO - DAG(s) 'neuralretail_retrain_pipeline' retrieved from /opt/airflow/dags/dag_retrain_pipeline.py
[2026-06-03T11:25:57.126+0000] {logging_mixin.py:188} INFO - [2026-06-03T11:25:57.125+0000] {dag.py:3096} INFO - Sync 1 DAGs
[2026-06-03T11:25:57.140+0000] {logging_mixin.py:188} INFO - [2026-06-03T11:25:57.139+0000] {dag.py:3954} INFO - Setting next_dagrun for neuralretail_retrain_pipeline to None, run_after=None
[2026-06-03T11:25:57.160+0000] {processor.py:183} INFO - Processing /opt/airflow/dags/dag_retrain_pipeline.py took 0.119 seconds
[2026-06-03T11:26:28.035+0000] {processor.py:161} INFO - Started process (PID=4052) to work on /opt/airflow/dags/dag_retrain_pipeline.py
[2026-06-03T11:26:28.037+0000] {processor.py:830} INFO - Processing file /opt/airflow/dags/dag_retrain_pipeline.py for tasks to queue
[2026-06-03T11:26:28.040+0000] {logging_mixin.py:188} INFO - [2026-06-03T11:26:28.040+0000] {dagbag.py:540} INFO - Filling up the DagBag from /opt/airflow/dags/dag_retrain_pipeline.py
[2026-06-03T11:26:28.103+0000] {processor.py:840} INFO - DAG(s) 'neuralretail_retrain_pipeline' retrieved from /opt/airflow/dags/dag_retrain_pipeline.py
[2026-06-03T11:26:28.131+0000] {logging_mixin.py:188} INFO - [2026-06-03T11:26:28.130+0000] {dag.py:3096} INFO - Sync 1 DAGs
[2026-06-03T11:26:28.144+0000] {logging_mixin.py:188} INFO - [2026-06-03T11:26:28.144+0000] {dag.py:3954} INFO - Setting next_dagrun for neuralretail_retrain_pipeline to None, run_after=None
[2026-06-03T11:26:28.166+0000] {processor.py:183} INFO - Processing /opt/airflow/dags/dag_retrain_pipeline.py took 0.138 seconds
[2026-06-03T11:26:58.422+0000] {processor.py:161} INFO - Started process (PID=4072) to work on /opt/airflow/dags/dag_retrain_pipeline.py
[2026-06-03T11:26:58.424+0000] {processor.py:830} INFO - Processing file /opt/airflow/dags/dag_retrain_pipeline.py for tasks to queue
[2026-06-03T11:26:58.430+0000] {logging_mixin.py:188} INFO - [2026-06-03T11:26:58.429+0000] {dagbag.py:540} INFO - Filling up the DagBag from /opt/airflow/dags/dag_retrain_pipeline.py
[2026-06-03T11:26:58.528+0000] {processor.py:840} INFO - DAG(s) 'neuralretail_retrain_pipeline' retrieved from /opt/airflow/dags/dag_retrain_pipeline.py
[2026-06-03T11:26:58.580+0000] {logging_mixin.py:188} INFO - [2026-06-03T11:26:58.579+0000] {dag.py:3096} INFO - Sync 1 DAGs
[2026-06-03T11:26:58.604+0000] {logging_mixin.py:188} INFO - [2026-06-03T11:26:58.604+0000] {dag.py:3954} INFO - Setting next_dagrun for neuralretail_retrain_pipeline to None, run_after=None
[2026-06-03T11:26:58.712+0000] {processor.py:183} INFO - Processing /opt/airflow/dags/dag_retrain_pipeline.py took 0.302 seconds
[2026-06-03T11:27:29.292+0000] {processor.py:161} INFO - Started process (PID=4092) to work on /opt/airflow/dags/dag_retrain_pipeline.py
[2026-06-03T11:27:29.294+0000] {processor.py:830} INFO - Processing file /opt/airflow/dags/dag_retrain_pipeline.py for tasks to queue
[2026-06-03T11:27:29.299+0000] {logging_mixin.py:188} INFO - [2026-06-03T11:27:29.298+0000] {dagbag.py:540} INFO - Filling up the DagBag from /opt/airflow/dags/dag_retrain_pipeline.py
[2026-06-03T11:27:29.367+0000] {processor.py:840} INFO - DAG(s) 'neuralretail_retrain_pipeline' retrieved from /opt/airflow/dags/dag_retrain_pipeline.py
[2026-06-03T11:27:29.402+0000] {logging_mixin.py:188} INFO - [2026-06-03T11:27:29.402+0000] {dag.py:3096} INFO - Sync 1 DAGs
[2026-06-03T11:27:29.420+0000] {logging_mixin.py:188} INFO - [2026-06-03T11:27:29.420+0000] {dag.py:3954} INFO - Setting next_dagrun for neuralretail_retrain_pipeline to None, run_after=None
[2026-06-03T11:27:29.452+0000] {processor.py:183} INFO - Processing /opt/airflow/dags/dag_retrain_pipeline.py took 0.185 seconds
[2026-06-03T11:28:00.323+0000] {processor.py:161} INFO - Started process (PID=4112) to work on /opt/airflow/dags/dag_retrain_pipeline.py
[2026-06-03T11:28:00.324+0000] {processor.py:830} INFO - Processing file /opt/airflow/dags/dag_retrain_pipeline.py for tasks to queue
[2026-06-03T11:28:00.328+0000] {logging_mixin.py:188} INFO - [2026-06-03T11:28:00.327+0000] {dagbag.py:540} INFO - Filling up the DagBag from /opt/airflow/dags/dag_retrain_pipeline.py
[2026-06-03T11:28:00.369+0000] {processor.py:840} INFO - DAG(s) 'neuralretail_retrain_pipeline' retrieved from /opt/airflow/dags/dag_retrain_pipeline.py
[2026-06-03T11:28:00.400+0000] {logging_mixin.py:188} INFO - [2026-06-03T11:28:00.400+0000] {dag.py:3096} INFO - Sync 1 DAGs
[2026-06-03T11:28:00.413+0000] {logging_mixin.py:188} INFO - [2026-06-03T11:28:00.413+0000] {dag.py:3954} INFO - Setting next_dagrun for neuralretail_retrain_pipeline to None, run_after=None
[2026-06-03T11:28:00.432+0000] {processor.py:183} INFO - Processing /opt/airflow/dags/dag_retrain_pipeline.py took 0.114 seconds
[2026-06-03T11:28:31.471+0000] {processor.py:161} INFO - Started process (PID=4132) to work on /opt/airflow/dags/dag_retrain_pipeline.py
[2026-06-03T11:28:31.473+0000] {processor.py:830} INFO - Processing file /opt/airflow/dags/dag_retrain_pipeline.py for tasks to queue
[2026-06-03T11:28:31.475+0000] {logging_mixin.py:188} INFO - [2026-06-03T11:28:31.474+0000] {dagbag.py:540} INFO - Filling up the DagBag from /opt/airflow/dags/dag_retrain_pipeline.py
[2026-06-03T11:28:31.518+0000] {processor.py:840} INFO - DAG(s) 'neuralretail_retrain_pipeline' retrieved from /opt/airflow/dags/dag_retrain_pipeline.py
[2026-06-03T11:28:31.542+0000] {logging_mixin.py:188} INFO - [2026-06-03T11:28:31.541+0000] {dag.py:3096} INFO - Sync 1 DAGs
[2026-06-03T11:28:31.554+0000] {logging_mixin.py:188} INFO - [2026-06-03T11:28:31.554+0000] {dag.py:3954} INFO - Setting next_dagrun for neuralretail_retrain_pipeline to None, run_after=None
[2026-06-03T11:28:31.574+0000] {processor.py:183} INFO - Processing /opt/airflow/dags/dag_retrain_pipeline.py took 0.107 seconds
[2026-06-03T11:29:02.282+0000] {processor.py:161} INFO - Started process (PID=4152) to work on /opt/airflow/dags/dag_retrain_pipeline.py
[2026-06-03T11:29:02.283+0000] {processor.py:830} INFO - Processing file /opt/airflow/dags/dag_retrain_pipeline.py for tasks to queue
[2026-06-03T11:29:02.285+0000] {logging_mixin.py:188} INFO - [2026-06-03T11:29:02.285+0000] {dagbag.py:540} INFO - Filling up the DagBag from /opt/airflow/dags/dag_retrain_pipeline.py
[2026-06-03T11:29:02.327+0000] {processor.py:840} INFO - DAG(s) 'neuralretail_retrain_pipeline' retrieved from /opt/airflow/dags/dag_retrain_pipeline.py
[2026-06-03T11:29:02.358+0000] {logging_mixin.py:188} INFO - [2026-06-03T11:29:02.357+0000] {dag.py:3096} INFO - Sync 1 DAGs
[2026-06-03T11:29:02.372+0000] {logging_mixin.py:188} INFO - [2026-06-03T11:29:02.372+0000] {dag.py:3954} INFO - Setting next_dagrun for neuralretail_retrain_pipeline to None, run_after=None
[2026-06-03T11:29:02.394+0000] {processor.py:183} INFO - Processing /opt/airflow/dags/dag_retrain_pipeline.py took 0.117 seconds
[2026-06-03T11:29:33.332+0000] {processor.py:161} INFO - Started process (PID=4172) to work on /opt/airflow/dags/dag_retrain_pipeline.py
[2026-06-03T11:29:33.335+0000] {processor.py:830} INFO - Processing file /opt/airflow/dags/dag_retrain_pipeline.py for tasks to queue
[2026-06-03T11:29:33.342+0000] {logging_mixin.py:188} INFO - [2026-06-03T11:29:33.340+0000] {dagbag.py:540} INFO - Filling up the DagBag from /opt/airflow/dags/dag_retrain_pipeline.py
[2026-06-03T11:29:33.396+0000] {processor.py:840} INFO - DAG(s) 'neuralretail_retrain_pipeline' retrieved from /opt/airflow/dags/dag_retrain_pipeline.py
[2026-06-03T11:29:33.422+0000] {logging_mixin.py:188} INFO - [2026-06-03T11:29:33.422+0000] {dag.py:3096} INFO - Sync 1 DAGs
[2026-06-03T11:29:33.434+0000] {logging_mixin.py:188} INFO - [2026-06-03T11:29:33.434+0000] {dag.py:3954} INFO - Setting next_dagrun for neuralretail_retrain_pipeline to None, run_after=None
[2026-06-03T11:29:33.452+0000] {processor.py:183} INFO - Processing /opt/airflow/dags/dag_retrain_pipeline.py took 0.128 seconds
[2026-06-03T11:30:04.363+0000] {processor.py:161} INFO - Started process (PID=4192) to work on /opt/airflow/dags/dag_retrain_pipeline.py
[2026-06-03T11:30:04.364+0000] {processor.py:830} INFO - Processing file /opt/airflow/dags/dag_retrain_pipeline.py for tasks to queue
[2026-06-03T11:30:04.366+0000] {logging_mixin.py:188} INFO - [2026-06-03T11:30:04.366+0000] {dagbag.py:540} INFO - Filling up the DagBag from /opt/airflow/dags/dag_retrain_pipeline.py
[2026-06-03T11:30:04.409+0000] {processor.py:840} INFO - DAG(s) 'neuralretail_retrain_pipeline' retrieved from /opt/airflow/dags/dag_retrain_pipeline.py
[2026-06-03T11:30:04.435+0000] {logging_mixin.py:188} INFO - [2026-06-03T11:30:04.435+0000] {dag.py:3096} INFO - Sync 1 DAGs
[2026-06-03T11:30:04.446+0000] {logging_mixin.py:188} INFO - [2026-06-03T11:30:04.446+0000] {dag.py:3954} INFO - Setting next_dagrun for neuralretail_retrain_pipeline to None, run_after=None
[2026-06-03T11:30:04.474+0000] {processor.py:183} INFO - Processing /opt/airflow/dags/dag_retrain_pipeline.py took 0.119 seconds
[2026-06-03T11:30:35.277+0000] {processor.py:161} INFO - Started process (PID=4212) to work on /opt/airflow/dags/dag_retrain_pipeline.py
[2026-06-03T11:30:35.280+0000] {processor.py:830} INFO - Processing file /opt/airflow/dags/dag_retrain_pipeline.py for tasks to queue
[2026-06-03T11:30:35.287+0000] {logging_mixin.py:188} INFO - [2026-06-03T11:30:35.285+0000] {dagbag.py:540} INFO - Filling up the DagBag from /opt/airflow/dags/dag_retrain_pipeline.py
[2026-06-03T11:30:35.354+0000] {processor.py:840} INFO - DAG(s) 'neuralretail_retrain_pipeline' retrieved from /opt/airflow/dags/dag_retrain_pipeline.py
[2026-06-03T11:30:35.393+0000] {logging_mixin.py:188} INFO - [2026-06-03T11:30:35.393+0000] {dag.py:3096} INFO - Sync 1 DAGs
[2026-06-03T11:30:35.415+0000] {logging_mixin.py:188} INFO - [2026-06-03T11:30:35.415+0000] {dag.py:3954} INFO - Setting next_dagrun for neuralretail_retrain_pipeline to None, run_after=None
[2026-06-03T11:30:35.438+0000] {processor.py:183} INFO - Processing /opt/airflow/dags/dag_retrain_pipeline.py took 0.173 seconds
[2026-06-03T11:31:05.838+0000] {processor.py:161} INFO - Started process (PID=4232) to work on /opt/airflow/dags/dag_retrain_pipeline.py
[2026-06-03T11:31:05.840+0000] {processor.py:830} INFO - Processing file /opt/airflow/dags/dag_retrain_pipeline.py for tasks to queue
[2026-06-03T11:31:05.842+0000] {logging_mixin.py:188} INFO - [2026-06-03T11:31:05.842+0000] {dagbag.py:540} INFO - Filling up the DagBag from /opt/airflow/dags/dag_retrain_pipeline.py
[2026-06-03T11:31:05.887+0000] {processor.py:840} INFO - DAG(s) 'neuralretail_retrain_pipeline' retrieved from /opt/airflow/dags/dag_retrain_pipeline.py
[2026-06-03T11:31:05.926+0000] {logging_mixin.py:188} INFO - [2026-06-03T11:31:05.925+0000] {dag.py:3096} INFO - Sync 1 DAGs
[2026-06-03T11:31:05.944+0000] {logging_mixin.py:188} INFO - [2026-06-03T11:31:05.944+0000] {dag.py:3954} INFO - Setting next_dagrun for neuralretail_retrain_pipeline to None, run_after=None
[2026-06-03T11:31:05.968+0000] {processor.py:183} INFO - Processing /opt/airflow/dags/dag_retrain_pipeline.py took 0.139 seconds
[2026-06-03T11:31:36.870+0000] {processor.py:161} INFO - Started process (PID=4252) to work on /opt/airflow/dags/dag_retrain_pipeline.py
[2026-06-03T11:31:36.871+0000] {processor.py:830} INFO - Processing file /opt/airflow/dags/dag_retrain_pipeline.py for tasks to queue
[2026-06-03T11:31:36.874+0000] {logging_mixin.py:188} INFO - [2026-06-03T11:31:36.873+0000] {dagbag.py:540} INFO - Filling up the DagBag from /opt/airflow/dags/dag_retrain_pipeline.py
[2026-06-03T11:31:36.934+0000] {processor.py:840} INFO - DAG(s) 'neuralretail_retrain_pipeline' retrieved from /opt/airflow/dags/dag_retrain_pipeline.py
[2026-06-03T11:31:36.961+0000] {logging_mixin.py:188} INFO - [2026-06-03T11:31:36.961+0000] {dag.py:3096} INFO - Sync 1 DAGs
[2026-06-03T11:31:36.975+0000] {logging_mixin.py:188} INFO - [2026-06-03T11:31:36.975+0000] {dag.py:3954} INFO - Setting next_dagrun for neuralretail_retrain_pipeline to None, run_after=None
[2026-06-03T11:31:36.996+0000] {processor.py:183} INFO - Processing /opt/airflow/dags/dag_retrain_pipeline.py took 0.132 seconds
[2026-06-03T11:32:08.015+0000] {processor.py:161} INFO - Started process (PID=4272) to work on /opt/airflow/dags/dag_retrain_pipeline.py
[2026-06-03T11:32:08.017+0000] {processor.py:830} INFO - Processing file /opt/airflow/dags/dag_retrain_pipeline.py for tasks to queue
[2026-06-03T11:32:08.021+0000] {logging_mixin.py:188} INFO - [2026-06-03T11:32:08.020+0000] {dagbag.py:540} INFO - Filling up the DagBag from /opt/airflow/dags/dag_retrain_pipeline.py
[2026-06-03T11:32:08.067+0000] {processor.py:840} INFO - DAG(s) 'neuralretail_retrain_pipeline' retrieved from /opt/airflow/dags/dag_retrain_pipeline.py
[2026-06-03T11:32:08.099+0000] {logging_mixin.py:188} INFO - [2026-06-03T11:32:08.099+0000] {dag.py:3096} INFO - Sync 1 DAGs
[2026-06-03T11:32:08.118+0000] {logging_mixin.py:188} INFO - [2026-06-03T11:32:08.117+0000] {dag.py:3954} INFO - Setting next_dagrun for neuralretail_retrain_pipeline to None, run_after=None
[2026-06-03T11:32:08.148+0000] {processor.py:183} INFO - Processing /opt/airflow/dags/dag_retrain_pipeline.py took 0.141 seconds
[2026-06-03T11:32:38.767+0000] {processor.py:161} INFO - Started process (PID=4292) to work on /opt/airflow/dags/dag_retrain_pipeline.py
[2026-06-03T11:32:38.772+0000] {processor.py:830} INFO - Processing file /opt/airflow/dags/dag_retrain_pipeline.py for tasks to queue
[2026-06-03T11:32:38.775+0000] {logging_mixin.py:188} INFO - [2026-06-03T11:32:38.774+0000] {dagbag.py:540} INFO - Filling up the DagBag from /opt/airflow/dags/dag_retrain_pipeline.py
[2026-06-03T11:32:38.859+0000] {processor.py:840} INFO - DAG(s) 'neuralretail_retrain_pipeline' retrieved from /opt/airflow/dags/dag_retrain_pipeline.py
[2026-06-03T11:32:38.909+0000] {logging_mixin.py:188} INFO - [2026-06-03T11:32:38.909+0000] {dag.py:3096} INFO - Sync 1 DAGs
[2026-06-03T11:32:38.936+0000] {logging_mixin.py:188} INFO - [2026-06-03T11:32:38.935+0000] {dag.py:3954} INFO - Setting next_dagrun for neuralretail_retrain_pipeline to None, run_after=None
[2026-06-03T11:32:38.969+0000] {processor.py:183} INFO - Processing /opt/airflow/dags/dag_retrain_pipeline.py took 0.209 seconds
[2026-06-03T11:33:09.840+0000] {processor.py:161} INFO - Started process (PID=4312) to work on /opt/airflow/dags/dag_retrain_pipeline.py
[2026-06-03T11:33:09.842+0000] {processor.py:830} INFO - Processing file /opt/airflow/dags/dag_retrain_pipeline.py for tasks to queue
[2026-06-03T11:33:09.845+0000] {logging_mixin.py:188} INFO - [2026-06-03T11:33:09.844+0000] {dagbag.py:540} INFO - Filling up the DagBag from /opt/airflow/dags/dag_retrain_pipeline.py
[2026-06-03T11:33:09.905+0000] {processor.py:840} INFO - DAG(s) 'neuralretail_retrain_pipeline' retrieved from /opt/airflow/dags/dag_retrain_pipeline.py
[2026-06-03T11:33:09.953+0000] {logging_mixin.py:188} INFO - [2026-06-03T11:33:09.953+0000] {dag.py:3096} INFO - Sync 1 DAGs
[2026-06-03T11:33:09.975+0000] {logging_mixin.py:188} INFO - [2026-06-03T11:33:09.975+0000] {dag.py:3954} INFO - Setting next_dagrun for neuralretail_retrain_pipeline to None, run_after=None
[2026-06-03T11:33:10.011+0000] {processor.py:183} INFO - Processing /opt/airflow/dags/dag_retrain_pipeline.py took 0.179 seconds
[2026-06-03T11:33:40.385+0000] {processor.py:161} INFO - Started process (PID=4332) to work on /opt/airflow/dags/dag_retrain_pipeline.py
[2026-06-03T11:33:40.387+0000] {processor.py:830} INFO - Processing file /opt/airflow/dags/dag_retrain_pipeline.py for tasks to queue
[2026-06-03T11:33:40.389+0000] {logging_mixin.py:188} INFO - [2026-06-03T11:33:40.389+0000] {dagbag.py:540} INFO - Filling up the DagBag from /opt/airflow/dags/dag_retrain_pipeline.py
[2026-06-03T11:33:40.430+0000] {processor.py:840} INFO - DAG(s) 'neuralretail_retrain_pipeline' retrieved from /opt/airflow/dags/dag_retrain_pipeline.py
[2026-06-03T11:33:40.457+0000] {logging_mixin.py:188} INFO - [2026-06-03T11:33:40.457+0000] {dag.py:3096} INFO - Sync 1 DAGs
[2026-06-03T11:33:40.474+0000] {logging_mixin.py:188} INFO - [2026-06-03T11:33:40.474+0000] {dag.py:3954} INFO - Setting next_dagrun for neuralretail_retrain_pipeline to None, run_after=None
[2026-06-03T11:33:40.493+0000] {processor.py:183} INFO - Processing /opt/airflow/dags/dag_retrain_pipeline.py took 0.114 seconds
[2026-06-03T11:34:10.950+0000] {processor.py:161} INFO - Started process (PID=4352) to work on /opt/airflow/dags/dag_retrain_pipeline.py
[2026-06-03T11:34:10.961+0000] {processor.py:830} INFO - Processing file /opt/airflow/dags/dag_retrain_pipeline.py for tasks to queue
[2026-06-03T11:34:10.968+0000] {logging_mixin.py:188} INFO - [2026-06-03T11:34:10.967+0000] {dagbag.py:540} INFO - Filling up the DagBag from /opt/airflow/dags/dag_retrain_pipeline.py
[2026-06-03T11:34:11.022+0000] {processor.py:840} INFO - DAG(s) 'neuralretail_retrain_pipeline' retrieved from /opt/airflow/dags/dag_retrain_pipeline.py
[2026-06-03T11:34:11.054+0000] {logging_mixin.py:188} INFO - [2026-06-03T11:34:11.054+0000] {dag.py:3096} INFO - Sync 1 DAGs
[2026-06-03T11:34:11.065+0000] {logging_mixin.py:188} INFO - [2026-06-03T11:34:11.065+0000] {dag.py:3954} INFO - Setting next_dagrun for neuralretail_retrain_pipeline to None, run_after=None
[2026-06-03T11:34:11.087+0000] {processor.py:183} INFO - Processing /opt/airflow/dags/dag_retrain_pipeline.py took 0.144 seconds
[2026-06-03T11:34:41.511+0000] {processor.py:161} INFO - Started process (PID=4372) to work on /opt/airflow/dags/dag_retrain_pipeline.py
[2026-06-03T11:34:41.512+0000] {processor.py:830} INFO - Processing file /opt/airflow/dags/dag_retrain_pipeline.py for tasks to queue
[2026-06-03T11:34:41.515+0000] {logging_mixin.py:188} INFO - [2026-06-03T11:34:41.514+0000] {dagbag.py:540} INFO - Filling up the DagBag from /opt/airflow/dags/dag_retrain_pipeline.py
[2026-06-03T11:34:41.586+0000] {processor.py:840} INFO - DAG(s) 'neuralretail_retrain_pipeline' retrieved from /opt/airflow/dags/dag_retrain_pipeline.py
[2026-06-03T11:34:41.627+0000] {logging_mixin.py:188} INFO - [2026-06-03T11:34:41.626+0000] {dag.py:3096} INFO - Sync 1 DAGs
[2026-06-03T11:34:41.646+0000] {logging_mixin.py:188} INFO - [2026-06-03T11:34:41.646+0000] {dag.py:3954} INFO - Setting next_dagrun for neuralretail_retrain_pipeline to None, run_after=None
[2026-06-03T11:34:41.669+0000] {processor.py:183} INFO - Processing /opt/airflow/dags/dag_retrain_pipeline.py took 0.163 seconds
[2026-06-03T11:35:11.912+0000] {processor.py:161} INFO - Started process (PID=4392) to work on /opt/airflow/dags/dag_retrain_pipeline.py
[2026-06-03T11:35:11.915+0000] {processor.py:830} INFO - Processing file /opt/airflow/dags/dag_retrain_pipeline.py for tasks to queue
[2026-06-03T11:35:11.918+0000] {logging_mixin.py:188} INFO - [2026-06-03T11:35:11.917+0000] {dagbag.py:540} INFO - Filling up the DagBag from /opt/airflow/dags/dag_retrain_pipeline.py
[2026-06-03T11:35:11.989+0000] {processor.py:840} INFO - DAG(s) 'neuralretail_retrain_pipeline' retrieved from /opt/airflow/dags/dag_retrain_pipeline.py
[2026-06-03T11:35:12.014+0000] {logging_mixin.py:188} INFO - [2026-06-03T11:35:12.014+0000] {dag.py:3096} INFO - Sync 1 DAGs
[2026-06-03T11:35:12.029+0000] {logging_mixin.py:188} INFO - [2026-06-03T11:35:12.029+0000] {dag.py:3954} INFO - Setting next_dagrun for neuralretail_retrain_pipeline to None, run_after=None
[2026-06-03T11:35:12.059+0000] {processor.py:183} INFO - Processing /opt/airflow/dags/dag_retrain_pipeline.py took 0.152 seconds
[2026-06-03T11:35:42.522+0000] {processor.py:161} INFO - Started process (PID=4412) to work on /opt/airflow/dags/dag_retrain_pipeline.py
[2026-06-03T11:35:42.525+0000] {processor.py:830} INFO - Processing file /opt/airflow/dags/dag_retrain_pipeline.py for tasks to queue
[2026-06-03T11:35:42.529+0000] {logging_mixin.py:188} INFO - [2026-06-03T11:35:42.529+0000] {dagbag.py:540} INFO - Filling up the DagBag from /opt/airflow/dags/dag_retrain_pipeline.py
[2026-06-03T11:35:42.607+0000] {processor.py:840} INFO - DAG(s) 'neuralretail_retrain_pipeline' retrieved from /opt/airflow/dags/dag_retrain_pipeline.py
[2026-06-03T11:35:42.650+0000] {logging_mixin.py:188} INFO - [2026-06-03T11:35:42.650+0000] {dag.py:3096} INFO - Sync 1 DAGs
[2026-06-03T11:35:42.665+0000] {logging_mixin.py:188} INFO - [2026-06-03T11:35:42.665+0000] {dag.py:3954} INFO - Setting next_dagrun for neuralretail_retrain_pipeline to None, run_after=None
[2026-06-03T11:35:42.684+0000] {processor.py:183} INFO - Processing /opt/airflow/dags/dag_retrain_pipeline.py took 0.174 seconds
[2026-06-03T11:36:13.223+0000] {processor.py:161} INFO - Started process (PID=4432) to work on /opt/airflow/dags/dag_retrain_pipeline.py
[2026-06-03T11:36:13.226+0000] {processor.py:830} INFO - Processing file /opt/airflow/dags/dag_retrain_pipeline.py for tasks to queue
[2026-06-03T11:36:13.234+0000] {logging_mixin.py:188} INFO - [2026-06-03T11:36:13.233+0000] {dagbag.py:540} INFO - Filling up the DagBag from /opt/airflow/dags/dag_retrain_pipeline.py
[2026-06-03T11:36:13.711+0000] {processor.py:840} INFO - DAG(s) 'neuralretail_retrain_pipeline' retrieved from /opt/airflow/dags/dag_retrain_pipeline.py
[2026-06-03T11:36:13.767+0000] {logging_mixin.py:188} INFO - [2026-06-03T11:36:13.767+0000] {dag.py:3096} INFO - Sync 1 DAGs
[2026-06-03T11:36:13.796+0000] {logging_mixin.py:188} INFO - [2026-06-03T11:36:13.795+0000] {dag.py:3954} INFO - Setting next_dagrun for neuralretail_retrain_pipeline to None, run_after=None
[2026-06-03T11:36:13.869+0000] {processor.py:183} INFO - Processing /opt/airflow/dags/dag_retrain_pipeline.py took 0.658 seconds
[2026-06-03T11:36:44.172+0000] {processor.py:161} INFO - Started process (PID=4452) to work on /opt/airflow/dags/dag_retrain_pipeline.py
[2026-06-03T11:36:44.177+0000] {processor.py:830} INFO - Processing file /opt/airflow/dags/dag_retrain_pipeline.py for tasks to queue
[2026-06-03T11:36:44.182+0000] {logging_mixin.py:188} INFO - [2026-06-03T11:36:44.182+0000] {dagbag.py:540} INFO - Filling up the DagBag from /opt/airflow/dags/dag_retrain_pipeline.py
[2026-06-03T11:36:44.279+0000] {processor.py:840} INFO - DAG(s) 'neuralretail_retrain_pipeline' retrieved from /opt/airflow/dags/dag_retrain_pipeline.py
[2026-06-03T11:36:44.307+0000] {logging_mixin.py:188} INFO - [2026-06-03T11:36:44.307+0000] {dag.py:3096} INFO - Sync 1 DAGs
[2026-06-03T11:36:44.320+0000] {logging_mixin.py:188} INFO - [2026-06-03T11:36:44.320+0000] {dag.py:3954} INFO - Setting next_dagrun for neuralretail_retrain_pipeline to None, run_after=None
[2026-06-03T11:36:44.351+0000] {processor.py:183} INFO - Processing /opt/airflow/dags/dag_retrain_pipeline.py took 0.193 seconds
[2026-06-03T11:37:14.470+0000] {processor.py:161} INFO - Started process (PID=4472) to work on /opt/airflow/dags/dag_retrain_pipeline.py
[2026-06-03T11:37:14.471+0000] {processor.py:830} INFO - Processing file /opt/airflow/dags/dag_retrain_pipeline.py for tasks to queue
[2026-06-03T11:37:14.474+0000] {logging_mixin.py:188} INFO - [2026-06-03T11:37:14.474+0000] {dagbag.py:540} INFO - Filling up the DagBag from /opt/airflow/dags/dag_retrain_pipeline.py
[2026-06-03T11:37:14.566+0000] {processor.py:840} INFO - DAG(s) 'neuralretail_retrain_pipeline' retrieved from /opt/airflow/dags/dag_retrain_pipeline.py
[2026-06-03T11:37:14.622+0000] {logging_mixin.py:188} INFO - [2026-06-03T11:37:14.621+0000] {dag.py:3096} INFO - Sync 1 DAGs
[2026-06-03T11:37:14.650+0000] {logging_mixin.py:188} INFO - [2026-06-03T11:37:14.649+0000] {dag.py:3954} INFO - Setting next_dagrun for neuralretail_retrain_pipeline to None, run_after=None
[2026-06-03T11:37:14.694+0000] {processor.py:183} INFO - Processing /opt/airflow/dags/dag_retrain_pipeline.py took 0.231 seconds
[2026-06-03T11:37:45.068+0000] {processor.py:161} INFO - Started process (PID=4492) to work on /opt/airflow/dags/dag_retrain_pipeline.py
[2026-06-03T11:37:45.072+0000] {processor.py:830} INFO - Processing file /opt/airflow/dags/dag_retrain_pipeline.py for tasks to queue
[2026-06-03T11:37:45.081+0000] {logging_mixin.py:188} INFO - [2026-06-03T11:37:45.079+0000] {dagbag.py:540} INFO - Filling up the DagBag from /opt/airflow/dags/dag_retrain_pipeline.py
[2026-06-03T11:37:45.173+0000] {processor.py:840} INFO - DAG(s) 'neuralretail_retrain_pipeline' retrieved from /opt/airflow/dags/dag_retrain_pipeline.py
[2026-06-03T11:37:45.229+0000] {logging_mixin.py:188} INFO - [2026-06-03T11:37:45.228+0000] {dag.py:3096} INFO - Sync 1 DAGs
[2026-06-03T11:37:45.254+0000] {logging_mixin.py:188} INFO - [2026-06-03T11:37:45.254+0000] {dag.py:3954} INFO - Setting next_dagrun for neuralretail_retrain_pipeline to None, run_after=None
[2026-06-03T11:37:45.310+0000] {processor.py:183} INFO - Processing /opt/airflow/dags/dag_retrain_pipeline.py took 0.253 seconds
[2026-06-03T11:39:36.032+0000] {processor.py:161} INFO - Started process (PID=4514) to work on /opt/airflow/dags/dag_retrain_pipeline.py
[2026-06-03T11:39:36.041+0000] {processor.py:830} INFO - Processing file /opt/airflow/dags/dag_retrain_pipeline.py for tasks to queue
[2026-06-03T11:39:36.052+0000] {logging_mixin.py:188} INFO - [2026-06-03T11:39:36.052+0000] {dagbag.py:540} INFO - Filling up the DagBag from /opt/airflow/dags/dag_retrain_pipeline.py
[2026-06-03T11:39:36.561+0000] {processor.py:840} INFO - DAG(s) 'neuralretail_retrain_pipeline' retrieved from /opt/airflow/dags/dag_retrain_pipeline.py
[2026-06-03T11:39:36.605+0000] {logging_mixin.py:188} INFO - [2026-06-03T11:39:36.605+0000] {dag.py:3096} INFO - Sync 1 DAGs
[2026-06-03T11:39:36.643+0000] {logging_mixin.py:188} INFO - [2026-06-03T11:39:36.643+0000] {dag.py:3954} INFO - Setting next_dagrun for neuralretail_retrain_pipeline to None, run_after=None
[2026-06-03T11:39:36.702+0000] {processor.py:183} INFO - Processing /opt/airflow/dags/dag_retrain_pipeline.py took 0.680 seconds
[2026-06-03T12:00:46.517+0000] {processor.py:161} INFO - Started process (PID=4536) to work on /opt/airflow/dags/dag_retrain_pipeline.py
[2026-06-03T12:00:46.519+0000] {processor.py:830} INFO - Processing file /opt/airflow/dags/dag_retrain_pipeline.py for tasks to queue
[2026-06-03T12:00:46.522+0000] {logging_mixin.py:188} INFO - [2026-06-03T12:00:46.521+0000] {dagbag.py:540} INFO - Filling up the DagBag from /opt/airflow/dags/dag_retrain_pipeline.py
[2026-06-03T12:00:46.570+0000] {processor.py:840} INFO - DAG(s) 'neuralretail_retrain_pipeline' retrieved from /opt/airflow/dags/dag_retrain_pipeline.py
[2026-06-03T12:00:46.598+0000] {logging_mixin.py:188} INFO - [2026-06-03T12:00:46.598+0000] {dag.py:3096} INFO - Sync 1 DAGs
[2026-06-03T12:00:46.612+0000] {logging_mixin.py:188} INFO - [2026-06-03T12:00:46.612+0000] {dag.py:3954} INFO - Setting next_dagrun for neuralretail_retrain_pipeline to None, run_after=None
[2026-06-03T12:00:46.636+0000] {processor.py:183} INFO - Processing /opt/airflow/dags/dag_retrain_pipeline.py took 0.127 seconds
[2026-06-03T12:01:17.082+0000] {processor.py:161} INFO - Started process (PID=4556) to work on /opt/airflow/dags/dag_retrain_pipeline.py
[2026-06-03T12:01:17.084+0000] {processor.py:830} INFO - Processing file /opt/airflow/dags/dag_retrain_pipeline.py for tasks to queue
[2026-06-03T12:01:17.092+0000] {logging_mixin.py:188} INFO - [2026-06-03T12:01:17.091+0000] {dagbag.py:540} INFO - Filling up the DagBag from /opt/airflow/dags/dag_retrain_pipeline.py
[2026-06-03T12:01:17.187+0000] {processor.py:840} INFO - DAG(s) 'neuralretail_retrain_pipeline' retrieved from /opt/airflow/dags/dag_retrain_pipeline.py
[2026-06-03T12:01:17.220+0000] {logging_mixin.py:188} INFO - [2026-06-03T12:01:17.220+0000] {dag.py:3096} INFO - Sync 1 DAGs
[2026-06-03T12:01:17.242+0000] {logging_mixin.py:188} INFO - [2026-06-03T12:01:17.241+0000] {dag.py:3954} INFO - Setting next_dagrun for neuralretail_retrain_pipeline to None, run_after=None
[2026-06-03T12:01:17.336+0000] {processor.py:183} INFO - Processing /opt/airflow/dags/dag_retrain_pipeline.py took 0.262 seconds
[2026-06-03T12:01:48.004+0000] {processor.py:161} INFO - Started process (PID=4576) to work on /opt/airflow/dags/dag_retrain_pipeline.py
[2026-06-03T12:01:48.006+0000] {processor.py:830} INFO - Processing file /opt/airflow/dags/dag_retrain_pipeline.py for tasks to queue
[2026-06-03T12:01:48.009+0000] {logging_mixin.py:188} INFO - [2026-06-03T12:01:48.008+0000] {dagbag.py:540} INFO - Filling up the DagBag from /opt/airflow/dags/dag_retrain_pipeline.py
[2026-06-03T12:01:48.058+0000] {processor.py:840} INFO - DAG(s) 'neuralretail_retrain_pipeline' retrieved from /opt/airflow/dags/dag_retrain_pipeline.py
[2026-06-03T12:01:48.088+0000] {logging_mixin.py:188} INFO - [2026-06-03T12:01:48.088+0000] {dag.py:3096} INFO - Sync 1 DAGs
[2026-06-03T12:01:48.102+0000] {logging_mixin.py:188} INFO - [2026-06-03T12:01:48.101+0000] {dag.py:3954} INFO - Setting next_dagrun for neuralretail_retrain_pipeline to None, run_after=None
[2026-06-03T12:01:48.123+0000] {processor.py:183} INFO - Processing /opt/airflow/dags/dag_retrain_pipeline.py took 0.126 seconds
[2026-06-03T12:02:18.770+0000] {processor.py:161} INFO - Started process (PID=4596) to work on /opt/airflow/dags/dag_retrain_pipeline.py
[2026-06-03T12:02:18.771+0000] {processor.py:830} INFO - Processing file /opt/airflow/dags/dag_retrain_pipeline.py for tasks to queue
[2026-06-03T12:02:18.774+0000] {logging_mixin.py:188} INFO - [2026-06-03T12:02:18.774+0000] {dagbag.py:540} INFO - Filling up the DagBag from /opt/airflow/dags/dag_retrain_pipeline.py
[2026-06-03T12:02:18.887+0000] {processor.py:840} INFO - DAG(s) 'neuralretail_retrain_pipeline' retrieved from /opt/airflow/dags/dag_retrain_pipeline.py
[2026-06-03T12:02:18.931+0000] {logging_mixin.py:188} INFO - [2026-06-03T12:02:18.930+0000] {dag.py:3096} INFO - Sync 1 DAGs
[2026-06-03T12:02:18.949+0000] {logging_mixin.py:188} INFO - [2026-06-03T12:02:18.948+0000] {dag.py:3954} INFO - Setting next_dagrun for neuralretail_retrain_pipeline to None, run_after=None
[2026-06-03T12:02:18.973+0000] {processor.py:183} INFO - Processing /opt/airflow/dags/dag_retrain_pipeline.py took 0.210 seconds
[2026-06-03T12:02:49.413+0000] {processor.py:161} INFO - Started process (PID=4616) to work on /opt/airflow/dags/dag_retrain_pipeline.py
[2026-06-03T12:02:49.414+0000] {processor.py:830} INFO - Processing file /opt/airflow/dags/dag_retrain_pipeline.py for tasks to queue
[2026-06-03T12:02:49.416+0000] {logging_mixin.py:188} INFO - [2026-06-03T12:02:49.416+0000] {dagbag.py:540} INFO - Filling up the DagBag from /opt/airflow/dags/dag_retrain_pipeline.py
[2026-06-03T12:02:49.451+0000] {processor.py:840} INFO - DAG(s) 'neuralretail_retrain_pipeline' retrieved from /opt/airflow/dags/dag_retrain_pipeline.py
[2026-06-03T12:02:49.488+0000] {logging_mixin.py:188} INFO - [2026-06-03T12:02:49.487+0000] {dag.py:3096} INFO - Sync 1 DAGs
[2026-06-03T12:02:49.501+0000] {logging_mixin.py:188} INFO - [2026-06-03T12:02:49.501+0000] {dag.py:3954} INFO - Setting next_dagrun for neuralretail_retrain_pipeline to None, run_after=None
[2026-06-03T12:02:49.524+0000] {processor.py:183} INFO - Processing /opt/airflow/dags/dag_retrain_pipeline.py took 0.120 seconds
[2026-06-03T12:03:19.732+0000] {processor.py:161} INFO - Started process (PID=4636) to work on /opt/airflow/dags/dag_retrain_pipeline.py
[2026-06-03T12:03:19.734+0000] {processor.py:830} INFO - Processing file /opt/airflow/dags/dag_retrain_pipeline.py for tasks to queue
[2026-06-03T12:03:19.738+0000] {logging_mixin.py:188} INFO - [2026-06-03T12:03:19.737+0000] {dagbag.py:540} INFO - Filling up the DagBag from /opt/airflow/dags/dag_retrain_pipeline.py
[2026-06-03T12:03:19.795+0000] {processor.py:840} INFO - DAG(s) 'neuralretail_retrain_pipeline' retrieved from /opt/airflow/dags/dag_retrain_pipeline.py
[2026-06-03T12:03:19.838+0000] {logging_mixin.py:188} INFO - [2026-06-03T12:03:19.838+0000] {dag.py:3096} INFO - Sync 1 DAGs
[2026-06-03T12:03:19.863+0000] {logging_mixin.py:188} INFO - [2026-06-03T12:03:19.863+0000] {dag.py:3954} INFO - Setting next_dagrun for neuralretail_retrain_pipeline to None, run_after=None
[2026-06-03T12:03:19.884+0000] {processor.py:183} INFO - Processing /opt/airflow/dags/dag_retrain_pipeline.py took 0.160 seconds
[2026-06-03T12:03:51.011+0000] {processor.py:161} INFO - Started process (PID=4656) to work on /opt/airflow/dags/dag_retrain_pipeline.py
[2026-06-03T12:03:51.013+0000] {processor.py:830} INFO - Processing file /opt/airflow/dags/dag_retrain_pipeline.py for tasks to queue
[2026-06-03T12:03:51.016+0000] {logging_mixin.py:188} INFO - [2026-06-03T12:03:51.016+0000] {dagbag.py:540} INFO - Filling up the DagBag from /opt/airflow/dags/dag_retrain_pipeline.py
[2026-06-03T12:03:51.074+0000] {processor.py:840} INFO - DAG(s) 'neuralretail_retrain_pipeline' retrieved from /opt/airflow/dags/dag_retrain_pipeline.py
[2026-06-03T12:03:51.104+0000] {logging_mixin.py:188} INFO - [2026-06-03T12:03:51.104+0000] {dag.py:3096} INFO - Sync 1 DAGs
[2026-06-03T12:03:51.123+0000] {logging_mixin.py:188} INFO - [2026-06-03T12:03:51.123+0000] {dag.py:3954} INFO - Setting next_dagrun for neuralretail_retrain_pipeline to None, run_after=None
[2026-06-03T12:03:51.156+0000] {processor.py:183} INFO - Processing /opt/airflow/dags/dag_retrain_pipeline.py took 0.151 seconds
[2026-06-03T12:04:21.382+0000] {processor.py:161} INFO - Started process (PID=4676) to work on /opt/airflow/dags/dag_retrain_pipeline.py
[2026-06-03T12:04:21.385+0000] {processor.py:830} INFO - Processing file /opt/airflow/dags/dag_retrain_pipeline.py for tasks to queue
[2026-06-03T12:04:21.391+0000] {logging_mixin.py:188} INFO - [2026-06-03T12:04:21.390+0000] {dagbag.py:540} INFO - Filling up the DagBag from /opt/airflow/dags/dag_retrain_pipeline.py
[2026-06-03T12:04:21.459+0000] {processor.py:840} INFO - DAG(s) 'neuralretail_retrain_pipeline' retrieved from /opt/airflow/dags/dag_retrain_pipeline.py
[2026-06-03T12:04:21.498+0000] {logging_mixin.py:188} INFO - [2026-06-03T12:04:21.497+0000] {dag.py:3096} INFO - Sync 1 DAGs
[2026-06-03T12:04:21.518+0000] {logging_mixin.py:188} INFO - [2026-06-03T12:04:21.518+0000] {dag.py:3954} INFO - Setting next_dagrun for neuralretail_retrain_pipeline to None, run_after=None
[2026-06-03T12:04:21.552+0000] {processor.py:183} INFO - Processing /opt/airflow/dags/dag_retrain_pipeline.py took 0.178 seconds
[2026-06-03T12:04:51.915+0000] {processor.py:161} INFO - Started process (PID=4696) to work on /opt/airflow/dags/dag_retrain_pipeline.py
[2026-06-03T12:04:51.918+0000] {processor.py:830} INFO - Processing file /opt/airflow/dags/dag_retrain_pipeline.py for tasks to queue
[2026-06-03T12:04:51.926+0000] {logging_mixin.py:188} INFO - [2026-06-03T12:04:51.925+0000] {dagbag.py:540} INFO - Filling up the DagBag from /opt/airflow/dags/dag_retrain_pipeline.py
[2026-06-03T12:04:52.023+0000] {processor.py:840} INFO - DAG(s) 'neuralretail_retrain_pipeline' retrieved from /opt/airflow/dags/dag_retrain_pipeline.py
[2026-06-03T12:04:52.088+0000] {logging_mixin.py:188} INFO - [2026-06-03T12:04:52.087+0000] {dag.py:3096} INFO - Sync 1 DAGs
[2026-06-03T12:04:52.124+0000] {logging_mixin.py:188} INFO - [2026-06-03T12:04:52.123+0000] {dag.py:3954} INFO - Setting next_dagrun for neuralretail_retrain_pipeline to None, run_after=None
[2026-06-03T12:04:52.154+0000] {processor.py:183} INFO - Processing /opt/airflow/dags/dag_retrain_pipeline.py took 0.249 seconds
[2026-06-03T12:05:22.616+0000] {processor.py:161} INFO - Started process (PID=4716) to work on /opt/airflow/dags/dag_retrain_pipeline.py
[2026-06-03T12:05:22.618+0000] {processor.py:830} INFO - Processing file /opt/airflow/dags/dag_retrain_pipeline.py for tasks to queue
[2026-06-03T12:05:22.620+0000] {logging_mixin.py:188} INFO - [2026-06-03T12:05:22.620+0000] {dagbag.py:540} INFO - Filling up the DagBag from /opt/airflow/dags/dag_retrain_pipeline.py
[2026-06-03T12:05:22.674+0000] {processor.py:840} INFO - DAG(s) 'neuralretail_retrain_pipeline' retrieved from /opt/airflow/dags/dag_retrain_pipeline.py
[2026-06-03T12:05:22.702+0000] {logging_mixin.py:188} INFO - [2026-06-03T12:05:22.702+0000] {dag.py:3096} INFO - Sync 1 DAGs
[2026-06-03T12:05:22.715+0000] {logging_mixin.py:188} INFO - [2026-06-03T12:05:22.714+0000] {dag.py:3954} INFO - Setting next_dagrun for neuralretail_retrain_pipeline to None, run_after=None
[2026-06-03T12:05:22.739+0000] {processor.py:183} INFO - Processing /opt/airflow/dags/dag_retrain_pipeline.py took 0.130 seconds
[2026-06-03T12:05:53.208+0000] {processor.py:161} INFO - Started process (PID=4736) to work on /opt/airflow/dags/dag_retrain_pipeline.py
[2026-06-03T12:05:53.212+0000] {processor.py:830} INFO - Processing file /opt/airflow/dags/dag_retrain_pipeline.py for tasks to queue
[2026-06-03T12:05:53.217+0000] {logging_mixin.py:188} INFO - [2026-06-03T12:05:53.216+0000] {dagbag.py:540} INFO - Filling up the DagBag from /opt/airflow/dags/dag_retrain_pipeline.py
[2026-06-03T12:05:53.292+0000] {processor.py:840} INFO - DAG(s) 'neuralretail_retrain_pipeline' retrieved from /opt/airflow/dags/dag_retrain_pipeline.py
[2026-06-03T12:05:53.316+0000] {logging_mixin.py:188} INFO - [2026-06-03T12:05:53.316+0000] {dag.py:3096} INFO - Sync 1 DAGs
[2026-06-03T12:05:53.329+0000] {logging_mixin.py:188} INFO - [2026-06-03T12:05:53.328+0000] {dag.py:3954} INFO - Setting next_dagrun for neuralretail_retrain_pipeline to None, run_after=None
[2026-06-03T12:05:53.345+0000] {processor.py:183} INFO - Processing /opt/airflow/dags/dag_retrain_pipeline.py took 0.156 seconds
[2026-06-03T12:06:23.742+0000] {processor.py:161} INFO - Started process (PID=4756) to work on /opt/airflow/dags/dag_retrain_pipeline.py
[2026-06-03T12:06:23.745+0000] {processor.py:830} INFO - Processing file /opt/airflow/dags/dag_retrain_pipeline.py for tasks to queue
[2026-06-03T12:06:23.749+0000] {logging_mixin.py:188} INFO - [2026-06-03T12:06:23.748+0000] {dagbag.py:540} INFO - Filling up the DagBag from /opt/airflow/dags/dag_retrain_pipeline.py
[2026-06-03T12:06:23.814+0000] {processor.py:840} INFO - DAG(s) 'neuralretail_retrain_pipeline' retrieved from /opt/airflow/dags/dag_retrain_pipeline.py
[2026-06-03T12:06:23.867+0000] {logging_mixin.py:188} INFO - [2026-06-03T12:06:23.867+0000] {dag.py:3096} INFO - Sync 1 DAGs
[2026-06-03T12:06:23.887+0000] {logging_mixin.py:188} INFO - [2026-06-03T12:06:23.886+0000] {dag.py:3954} INFO - Setting next_dagrun for neuralretail_retrain_pipeline to None, run_after=None
[2026-06-03T12:06:23.925+0000] {processor.py:183} INFO - Processing /opt/airflow/dags/dag_retrain_pipeline.py took 0.190 seconds
[2026-06-03T12:06:54.125+0000] {processor.py:161} INFO - Started process (PID=4776) to work on /opt/airflow/dags/dag_retrain_pipeline.py
[2026-06-03T12:06:54.127+0000] {processor.py:830} INFO - Processing file /opt/airflow/dags/dag_retrain_pipeline.py for tasks to queue
[2026-06-03T12:06:54.129+0000] {logging_mixin.py:188} INFO - [2026-06-03T12:06:54.129+0000] {dagbag.py:540} INFO - Filling up the DagBag from /opt/airflow/dags/dag_retrain_pipeline.py
[2026-06-03T12:06:54.177+0000] {processor.py:840} INFO - DAG(s) 'neuralretail_retrain_pipeline' retrieved from /opt/airflow/dags/dag_retrain_pipeline.py
[2026-06-03T12:06:54.215+0000] {logging_mixin.py:188} INFO - [2026-06-03T12:06:54.215+0000] {dag.py:3096} INFO - Sync 1 DAGs
[2026-06-03T12:06:54.238+0000] {logging_mixin.py:188} INFO - [2026-06-03T12:06:54.237+0000] {dag.py:3954} INFO - Setting next_dagrun for neuralretail_retrain_pipeline to None, run_after=None
[2026-06-03T12:06:54.278+0000] {processor.py:183} INFO - Processing /opt/airflow/dags/dag_retrain_pipeline.py took 0.163 seconds
[2026-06-03T12:07:24.503+0000] {processor.py:161} INFO - Started process (PID=4796) to work on /opt/airflow/dags/dag_retrain_pipeline.py
[2026-06-03T12:07:24.505+0000] {processor.py:830} INFO - Processing file /opt/airflow/dags/dag_retrain_pipeline.py for tasks to queue
[2026-06-03T12:07:24.507+0000] {logging_mixin.py:188} INFO - [2026-06-03T12:07:24.507+0000] {dagbag.py:540} INFO - Filling up the DagBag from /opt/airflow/dags/dag_retrain_pipeline.py
[2026-06-03T12:07:24.561+0000] {processor.py:840} INFO - DAG(s) 'neuralretail_retrain_pipeline' retrieved from /opt/airflow/dags/dag_retrain_pipeline.py
[2026-06-03T12:07:24.585+0000] {logging_mixin.py:188} INFO - [2026-06-03T12:07:24.585+0000] {dag.py:3096} INFO - Sync 1 DAGs
[2026-06-03T12:07:24.598+0000] {logging_mixin.py:188} INFO - [2026-06-03T12:07:24.598+0000] {dag.py:3954} INFO - Setting next_dagrun for neuralretail_retrain_pipeline to None, run_after=None
[2026-06-03T12:07:24.617+0000] {processor.py:183} INFO - Processing /opt/airflow/dags/dag_retrain_pipeline.py took 0.119 seconds
[2026-06-03T12:07:54.898+0000] {processor.py:161} INFO - Started process (PID=4816) to work on /opt/airflow/dags/dag_retrain_pipeline.py
[2026-06-03T12:07:54.900+0000] {processor.py:830} INFO - Processing file /opt/airflow/dags/dag_retrain_pipeline.py for tasks to queue
[2026-06-03T12:07:54.902+0000] {logging_mixin.py:188} INFO - [2026-06-03T12:07:54.902+0000] {dagbag.py:540} INFO - Filling up the DagBag from /opt/airflow/dags/dag_retrain_pipeline.py
[2026-06-03T12:07:54.960+0000] {processor.py:840} INFO - DAG(s) 'neuralretail_retrain_pipeline' retrieved from /opt/airflow/dags/dag_retrain_pipeline.py
[2026-06-03T12:07:54.994+0000] {logging_mixin.py:188} INFO - [2026-06-03T12:07:54.994+0000] {dag.py:3096} INFO - Sync 1 DAGs
[2026-06-03T12:07:55.014+0000] {logging_mixin.py:188} INFO - [2026-06-03T12:07:55.014+0000] {dag.py:3954} INFO - Setting next_dagrun for neuralretail_retrain_pipeline to None, run_after=None
[2026-06-03T12:07:55.045+0000] {processor.py:183} INFO - Processing /opt/airflow/dags/dag_retrain_pipeline.py took 0.157 seconds
[2026-06-03T12:08:25.636+0000] {processor.py:161} INFO - Started process (PID=4836) to work on /opt/airflow/dags/dag_retrain_pipeline.py
[2026-06-03T12:08:25.637+0000] {processor.py:830} INFO - Processing file /opt/airflow/dags/dag_retrain_pipeline.py for tasks to queue
[2026-06-03T12:08:25.639+0000] {logging_mixin.py:188} INFO - [2026-06-03T12:08:25.638+0000] {dagbag.py:540} INFO - Filling up the DagBag from /opt/airflow/dags/dag_retrain_pipeline.py
[2026-06-03T12:08:25.685+0000] {processor.py:840} INFO - DAG(s) 'neuralretail_retrain_pipeline' retrieved from /opt/airflow/dags/dag_retrain_pipeline.py
[2026-06-03T12:08:25.707+0000] {logging_mixin.py:188} INFO - [2026-06-03T12:08:25.707+0000] {dag.py:3096} INFO - Sync 1 DAGs
[2026-06-03T12:08:25.720+0000] {logging_mixin.py:188} INFO - [2026-06-03T12:08:25.720+0000] {dag.py:3954} INFO - Setting next_dagrun for neuralretail_retrain_pipeline to None, run_after=None
[2026-06-03T12:08:25.745+0000] {processor.py:183} INFO - Processing /opt/airflow/dags/dag_retrain_pipeline.py took 0.115 seconds
[2026-06-03T12:08:56.190+0000] {processor.py:161} INFO - Started process (PID=4856) to work on /opt/airflow/dags/dag_retrain_pipeline.py
[2026-06-03T12:08:56.192+0000] {processor.py:830} INFO - Processing file /opt/airflow/dags/dag_retrain_pipeline.py for tasks to queue
[2026-06-03T12:08:56.195+0000] {logging_mixin.py:188} INFO - [2026-06-03T12:08:56.194+0000] {dagbag.py:540} INFO - Filling up the DagBag from /opt/airflow/dags/dag_retrain_pipeline.py
[2026-06-03T12:08:56.293+0000] {processor.py:840} INFO - DAG(s) 'neuralretail_retrain_pipeline' retrieved from /opt/airflow/dags/dag_retrain_pipeline.py
[2026-06-03T12:08:56.354+0000] {logging_mixin.py:188} INFO - [2026-06-03T12:08:56.353+0000] {dag.py:3096} INFO - Sync 1 DAGs
[2026-06-03T12:08:56.409+0000] {logging_mixin.py:188} INFO - [2026-06-03T12:08:56.408+0000] {dag.py:3954} INFO - Setting next_dagrun for neuralretail_retrain_pipeline to None, run_after=None
[2026-06-03T12:08:56.478+0000] {processor.py:183} INFO - Processing /opt/airflow/dags/dag_retrain_pipeline.py took 0.298 seconds
[2026-06-03T12:09:26.889+0000] {processor.py:161} INFO - Started process (PID=4876) to work on /opt/airflow/dags/dag_retrain_pipeline.py
[2026-06-03T12:09:26.891+0000] {processor.py:830} INFO - Processing file /opt/airflow/dags/dag_retrain_pipeline.py for tasks to queue
[2026-06-03T12:09:26.894+0000] {logging_mixin.py:188} INFO - [2026-06-03T12:09:26.893+0000] {dagbag.py:540} INFO - Filling up the DagBag from /opt/airflow/dags/dag_retrain_pipeline.py
[2026-06-03T12:09:26.954+0000] {processor.py:840} INFO - DAG(s) 'neuralretail_retrain_pipeline' retrieved from /opt/airflow/dags/dag_retrain_pipeline.py
[2026-06-03T12:09:26.975+0000] {logging_mixin.py:188} INFO - [2026-06-03T12:09:26.975+0000] {dag.py:3096} INFO - Sync 1 DAGs
[2026-06-03T12:09:26.987+0000] {logging_mixin.py:188} INFO - [2026-06-03T12:09:26.987+0000] {dag.py:3954} INFO - Setting next_dagrun for neuralretail_retrain_pipeline to None, run_after=None
[2026-06-03T12:09:27.013+0000] {processor.py:183} INFO - Processing /opt/airflow/dags/dag_retrain_pipeline.py took 0.130 seconds
[2026-06-03T12:09:57.292+0000] {processor.py:161} INFO - Started process (PID=4896) to work on /opt/airflow/dags/dag_retrain_pipeline.py
[2026-06-03T12:09:57.298+0000] {processor.py:830} INFO - Processing file /opt/airflow/dags/dag_retrain_pipeline.py for tasks to queue
[2026-06-03T12:09:57.307+0000] {logging_mixin.py:188} INFO - [2026-06-03T12:09:57.306+0000] {dagbag.py:540} INFO - Filling up the DagBag from /opt/airflow/dags/dag_retrain_pipeline.py
[2026-06-03T12:09:57.449+0000] {processor.py:840} INFO - DAG(s) 'neuralretail_retrain_pipeline' retrieved from /opt/airflow/dags/dag_retrain_pipeline.py
[2026-06-03T12:09:57.498+0000] {logging_mixin.py:188} INFO - [2026-06-03T12:09:57.497+0000] {dag.py:3096} INFO - Sync 1 DAGs
[2026-06-03T12:09:57.519+0000] {logging_mixin.py:188} INFO - [2026-06-03T12:09:57.519+0000] {dag.py:3954} INFO - Setting next_dagrun for neuralretail_retrain_pipeline to None, run_after=None
[2026-06-03T12:09:57.573+0000] {processor.py:183} INFO - Processing /opt/airflow/dags/dag_retrain_pipeline.py took 0.288 seconds
[2026-06-03T12:10:28.053+0000] {processor.py:161} INFO - Started process (PID=4916) to work on /opt/airflow/dags/dag_retrain_pipeline.py
[2026-06-03T12:10:28.055+0000] {processor.py:830} INFO - Processing file /opt/airflow/dags/dag_retrain_pipeline.py for tasks to queue
[2026-06-03T12:10:28.063+0000] {logging_mixin.py:188} INFO - [2026-06-03T12:10:28.062+0000] {dagbag.py:540} INFO - Filling up the DagBag from /opt/airflow/dags/dag_retrain_pipeline.py
[2026-06-03T12:10:28.169+0000] {processor.py:840} INFO - DAG(s) 'neuralretail_retrain_pipeline' retrieved from /opt/airflow/dags/dag_retrain_pipeline.py
[2026-06-03T12:10:28.252+0000] {logging_mixin.py:188} INFO - [2026-06-03T12:10:28.251+0000] {dag.py:3096} INFO - Sync 1 DAGs
[2026-06-03T12:10:28.283+0000] {logging_mixin.py:188} INFO - [2026-06-03T12:10:28.282+0000] {dag.py:3954} INFO - Setting next_dagrun for neuralretail_retrain_pipeline to None, run_after=None
[2026-06-03T12:10:28.356+0000] {processor.py:183} INFO - Processing /opt/airflow/dags/dag_retrain_pipeline.py took 0.315 seconds
[2026-06-03T12:10:59.448+0000] {processor.py:161} INFO - Started process (PID=4936) to work on /opt/airflow/dags/dag_retrain_pipeline.py
[2026-06-03T12:10:59.455+0000] {processor.py:830} INFO - Processing file /opt/airflow/dags/dag_retrain_pipeline.py for tasks to queue
[2026-06-03T12:10:59.463+0000] {logging_mixin.py:188} INFO - [2026-06-03T12:10:59.462+0000] {dagbag.py:540} INFO - Filling up the DagBag from /opt/airflow/dags/dag_retrain_pipeline.py
[2026-06-03T12:10:59.554+0000] {processor.py:840} INFO - DAG(s) 'neuralretail_retrain_pipeline' retrieved from /opt/airflow/dags/dag_retrain_pipeline.py
[2026-06-03T12:10:59.616+0000] {logging_mixin.py:188} INFO - [2026-06-03T12:10:59.615+0000] {dag.py:3096} INFO - Sync 1 DAGs
[2026-06-03T12:10:59.643+0000] {logging_mixin.py:188} INFO - [2026-06-03T12:10:59.643+0000] {dag.py:3954} INFO - Setting next_dagrun for neuralretail_retrain_pipeline to None, run_after=None
[2026-06-03T12:10:59.682+0000] {processor.py:183} INFO - Processing /opt/airflow/dags/dag_retrain_pipeline.py took 0.246 seconds
[2026-06-03T12:11:30.359+0000] {processor.py:161} INFO - Started process (PID=4956) to work on /opt/airflow/dags/dag_retrain_pipeline.py
[2026-06-03T12:11:30.363+0000] {processor.py:830} INFO - Processing file /opt/airflow/dags/dag_retrain_pipeline.py for tasks to queue
[2026-06-03T12:11:30.370+0000] {logging_mixin.py:188} INFO - [2026-06-03T12:11:30.369+0000] {dagbag.py:540} INFO - Filling up the DagBag from /opt/airflow/dags/dag_retrain_pipeline.py
[2026-06-03T12:11:30.455+0000] {processor.py:840} INFO - DAG(s) 'neuralretail_retrain_pipeline' retrieved from /opt/airflow/dags/dag_retrain_pipeline.py
[2026-06-03T12:11:30.532+0000] {logging_mixin.py:188} INFO - [2026-06-03T12:11:30.532+0000] {dag.py:3096} INFO - Sync 1 DAGs
[2026-06-03T12:11:30.561+0000] {logging_mixin.py:188} INFO - [2026-06-03T12:11:30.560+0000] {dag.py:3954} INFO - Setting next_dagrun for neuralretail_retrain_pipeline to None, run_after=None
[2026-06-03T12:11:30.594+0000] {processor.py:183} INFO - Processing /opt/airflow/dags/dag_retrain_pipeline.py took 0.249 seconds
[2026-06-03T12:12:00.708+0000] {processor.py:161} INFO - Started process (PID=4976) to work on /opt/airflow/dags/dag_retrain_pipeline.py
[2026-06-03T12:12:00.711+0000] {processor.py:830} INFO - Processing file /opt/airflow/dags/dag_retrain_pipeline.py for tasks to queue
[2026-06-03T12:12:00.714+0000] {logging_mixin.py:188} INFO - [2026-06-03T12:12:00.714+0000] {dagbag.py:540} INFO - Filling up the DagBag from /opt/airflow/dags/dag_retrain_pipeline.py
[2026-06-03T12:12:00.784+0000] {processor.py:840} INFO - DAG(s) 'neuralretail_retrain_pipeline' retrieved from /opt/airflow/dags/dag_retrain_pipeline.py
[2026-06-03T12:12:00.835+0000] {logging_mixin.py:188} INFO - [2026-06-03T12:12:00.835+0000] {dag.py:3096} INFO - Sync 1 DAGs
[2026-06-03T12:12:01.017+0000] {logging_mixin.py:188} INFO - [2026-06-03T12:12:01.017+0000] {dag.py:3954} INFO - Setting next_dagrun for neuralretail_retrain_pipeline to None, run_after=None
[2026-06-03T12:12:01.042+0000] {processor.py:183} INFO - Processing /opt/airflow/dags/dag_retrain_pipeline.py took 0.348 seconds
[2026-06-03T12:12:31.254+0000] {processor.py:161} INFO - Started process (PID=4996) to work on /opt/airflow/dags/dag_retrain_pipeline.py
[2026-06-03T12:12:31.257+0000] {processor.py:830} INFO - Processing file /opt/airflow/dags/dag_retrain_pipeline.py for tasks to queue
[2026-06-03T12:12:31.262+0000] {logging_mixin.py:188} INFO - [2026-06-03T12:12:31.261+0000] {dagbag.py:540} INFO - Filling up the DagBag from /opt/airflow/dags/dag_retrain_pipeline.py
[2026-06-03T12:12:31.448+0000] {processor.py:840} INFO - DAG(s) 'neuralretail_retrain_pipeline' retrieved from /opt/airflow/dags/dag_retrain_pipeline.py
[2026-06-03T12:12:31.473+0000] {logging_mixin.py:188} INFO - [2026-06-03T12:12:31.473+0000] {dag.py:3096} INFO - Sync 1 DAGs
[2026-06-03T12:12:31.490+0000] {logging_mixin.py:188} INFO - [2026-06-03T12:12:31.490+0000] {dag.py:3954} INFO - Setting next_dagrun for neuralretail_retrain_pipeline to None, run_after=None
[2026-06-03T12:12:31.533+0000] {processor.py:183} INFO - Processing /opt/airflow/dags/dag_retrain_pipeline.py took 0.294 seconds
[2026-06-03T12:13:01.906+0000] {processor.py:161} INFO - Started process (PID=5016) to work on /opt/airflow/dags/dag_retrain_pipeline.py
[2026-06-03T12:13:01.909+0000] {processor.py:830} INFO - Processing file /opt/airflow/dags/dag_retrain_pipeline.py for tasks to queue
[2026-06-03T12:13:01.913+0000] {logging_mixin.py:188} INFO - [2026-06-03T12:13:01.913+0000] {dagbag.py:540} INFO - Filling up the DagBag from /opt/airflow/dags/dag_retrain_pipeline.py
[2026-06-03T12:13:01.990+0000] {processor.py:840} INFO - DAG(s) 'neuralretail_retrain_pipeline' retrieved from /opt/airflow/dags/dag_retrain_pipeline.py
[2026-06-03T12:13:02.027+0000] {logging_mixin.py:188} INFO - [2026-06-03T12:13:02.026+0000] {dag.py:3096} INFO - Sync 1 DAGs
[2026-06-03T12:13:02.053+0000] {logging_mixin.py:188} INFO - [2026-06-03T12:13:02.053+0000] {dag.py:3954} INFO - Setting next_dagrun for neuralretail_retrain_pipeline to None, run_after=None
[2026-06-03T12:13:02.215+0000] {processor.py:183} INFO - Processing /opt/airflow/dags/dag_retrain_pipeline.py took 0.314 seconds
[2026-06-03T12:13:32.832+0000] {processor.py:161} INFO - Started process (PID=5036) to work on /opt/airflow/dags/dag_retrain_pipeline.py
[2026-06-03T12:13:32.834+0000] {processor.py:830} INFO - Processing file /opt/airflow/dags/dag_retrain_pipeline.py for tasks to queue
[2026-06-03T12:13:32.835+0000] {logging_mixin.py:188} INFO - [2026-06-03T12:13:32.835+0000] {dagbag.py:540} INFO - Filling up the DagBag from /opt/airflow/dags/dag_retrain_pipeline.py
[2026-06-03T12:13:33.042+0000] {processor.py:840} INFO - DAG(s) 'neuralretail_retrain_pipeline' retrieved from /opt/airflow/dags/dag_retrain_pipeline.py
[2026-06-03T12:13:33.060+0000] {logging_mixin.py:188} INFO - [2026-06-03T12:13:33.060+0000] {dag.py:3096} INFO - Sync 1 DAGs
[2026-06-03T12:13:33.069+0000] {logging_mixin.py:188} INFO - [2026-06-03T12:13:33.069+0000] {dag.py:3954} INFO - Setting next_dagrun for neuralretail_retrain_pipeline to None, run_after=None
[2026-06-03T12:13:33.091+0000] {processor.py:183} INFO - Processing /opt/airflow/dags/dag_retrain_pipeline.py took 0.266 seconds
[2026-06-03T12:14:03.462+0000] {processor.py:161} INFO - Started process (PID=5059) to work on /opt/airflow/dags/dag_retrain_pipeline.py
[2026-06-03T12:14:03.467+0000] {processor.py:830} INFO - Processing file /opt/airflow/dags/dag_retrain_pipeline.py for tasks to queue
[2026-06-03T12:14:03.471+0000] {logging_mixin.py:188} INFO - [2026-06-03T12:14:03.471+0000] {dagbag.py:540} INFO - Filling up the DagBag from /opt/airflow/dags/dag_retrain_pipeline.py
[2026-06-03T12:14:03.563+0000] {processor.py:840} INFO - DAG(s) 'neuralretail_retrain_pipeline' retrieved from /opt/airflow/dags/dag_retrain_pipeline.py
[2026-06-03T12:14:03.619+0000] {logging_mixin.py:188} INFO - [2026-06-03T12:14:03.618+0000] {dag.py:3096} INFO - Sync 1 DAGs
[2026-06-03T12:14:03.649+0000] {logging_mixin.py:188} INFO - [2026-06-03T12:14:03.649+0000] {dag.py:3954} INFO - Setting next_dagrun for neuralretail_retrain_pipeline to None, run_after=None
[2026-06-03T12:14:03.678+0000] {processor.py:183} INFO - Processing /opt/airflow/dags/dag_retrain_pipeline.py took 0.230 seconds
[2026-06-03T12:14:33.960+0000] {processor.py:161} INFO - Started process (PID=5079) to work on /opt/airflow/dags/dag_retrain_pipeline.py
[2026-06-03T12:14:33.961+0000] {processor.py:830} INFO - Processing file /opt/airflow/dags/dag_retrain_pipeline.py for tasks to queue
[2026-06-03T12:14:33.964+0000] {logging_mixin.py:188} INFO - [2026-06-03T12:14:33.964+0000] {dagbag.py:540} INFO - Filling up the DagBag from /opt/airflow/dags/dag_retrain_pipeline.py
[2026-06-03T12:14:34.061+0000] {processor.py:840} INFO - DAG(s) 'neuralretail_retrain_pipeline' retrieved from /opt/airflow/dags/dag_retrain_pipeline.py
[2026-06-03T12:14:34.104+0000] {logging_mixin.py:188} INFO - [2026-06-03T12:14:34.104+0000] {dag.py:3096} INFO - Sync 1 DAGs
[2026-06-03T12:14:34.127+0000] {logging_mixin.py:188} INFO - [2026-06-03T12:14:34.126+0000] {dag.py:3954} INFO - Setting next_dagrun for neuralretail_retrain_pipeline to None, run_after=None
[2026-06-03T12:14:34.188+0000] {processor.py:183} INFO - Processing /opt/airflow/dags/dag_retrain_pipeline.py took 0.235 seconds
[2026-06-03T12:15:04.617+0000] {processor.py:161} INFO - Started process (PID=5096) to work on /opt/airflow/dags/dag_retrain_pipeline.py
[2026-06-03T12:15:04.619+0000] {processor.py:830} INFO - Processing file /opt/airflow/dags/dag_retrain_pipeline.py for tasks to queue
[2026-06-03T12:15:04.622+0000] {logging_mixin.py:188} INFO - [2026-06-03T12:15:04.622+0000] {dagbag.py:540} INFO - Filling up the DagBag from /opt/airflow/dags/dag_retrain_pipeline.py
[2026-06-03T12:15:04.667+0000] {processor.py:840} INFO - DAG(s) 'neuralretail_retrain_pipeline' retrieved from /opt/airflow/dags/dag_retrain_pipeline.py
[2026-06-03T12:15:04.698+0000] {logging_mixin.py:188} INFO - [2026-06-03T12:15:04.698+0000] {dag.py:3096} INFO - Sync 1 DAGs
[2026-06-03T12:15:04.717+0000] {logging_mixin.py:188} INFO - [2026-06-03T12:15:04.717+0000] {dag.py:3954} INFO - Setting next_dagrun for neuralretail_retrain_pipeline to None, run_after=None
[2026-06-03T12:15:04.749+0000] {processor.py:183} INFO - Processing /opt/airflow/dags/dag_retrain_pipeline.py took 0.138 seconds
[2026-06-03T12:15:35.343+0000] {processor.py:161} INFO - Started process (PID=5116) to work on /opt/airflow/dags/dag_retrain_pipeline.py
[2026-06-03T12:15:35.352+0000] {processor.py:830} INFO - Processing file /opt/airflow/dags/dag_retrain_pipeline.py for tasks to queue
[2026-06-03T12:15:35.361+0000] {logging_mixin.py:188} INFO - [2026-06-03T12:15:35.360+0000] {dagbag.py:540} INFO - Filling up the DagBag from /opt/airflow/dags/dag_retrain_pipeline.py
[2026-06-03T12:15:35.534+0000] {processor.py:840} INFO - DAG(s) 'neuralretail_retrain_pipeline' retrieved from /opt/airflow/dags/dag_retrain_pipeline.py
[2026-06-03T12:15:35.574+0000] {logging_mixin.py:188} INFO - [2026-06-03T12:15:35.574+0000] {dag.py:3096} INFO - Sync 1 DAGs
[2026-06-03T12:15:35.585+0000] {logging_mixin.py:188} INFO - [2026-06-03T12:15:35.585+0000] {dag.py:3954} INFO - Setting next_dagrun for neuralretail_retrain_pipeline to None, run_after=None
[2026-06-03T12:15:35.604+0000] {processor.py:183} INFO - Processing /opt/airflow/dags/dag_retrain_pipeline.py took 0.278 seconds
[2026-06-03T12:16:06.093+0000] {processor.py:161} INFO - Started process (PID=5136) to work on /opt/airflow/dags/dag_retrain_pipeline.py
[2026-06-03T12:16:06.095+0000] {processor.py:830} INFO - Processing file /opt/airflow/dags/dag_retrain_pipeline.py for tasks to queue
[2026-06-03T12:16:06.098+0000] {logging_mixin.py:188} INFO - [2026-06-03T12:16:06.098+0000] {dagbag.py:540} INFO - Filling up the DagBag from /opt/airflow/dags/dag_retrain_pipeline.py
[2026-06-03T12:16:06.136+0000] {processor.py:840} INFO - DAG(s) 'neuralretail_retrain_pipeline' retrieved from /opt/airflow/dags/dag_retrain_pipeline.py
[2026-06-03T12:16:06.159+0000] {logging_mixin.py:188} INFO - [2026-06-03T12:16:06.158+0000] {dag.py:3096} INFO - Sync 1 DAGs
[2026-06-03T12:16:06.170+0000] {logging_mixin.py:188} INFO - [2026-06-03T12:16:06.170+0000] {dag.py:3954} INFO - Setting next_dagrun for neuralretail_retrain_pipeline to None, run_after=None
[2026-06-03T12:16:06.191+0000] {processor.py:183} INFO - Processing /opt/airflow/dags/dag_retrain_pipeline.py took 0.103 seconds
[2026-06-03T12:16:36.642+0000] {processor.py:161} INFO - Started process (PID=5156) to work on /opt/airflow/dags/dag_retrain_pipeline.py
[2026-06-03T12:16:36.645+0000] {processor.py:830} INFO - Processing file /opt/airflow/dags/dag_retrain_pipeline.py for tasks to queue
[2026-06-03T12:16:36.649+0000] {logging_mixin.py:188} INFO - [2026-06-03T12:16:36.647+0000] {dagbag.py:540} INFO - Filling up the DagBag from /opt/airflow/dags/dag_retrain_pipeline.py
[2026-06-03T12:16:36.724+0000] {processor.py:840} INFO - DAG(s) 'neuralretail_retrain_pipeline' retrieved from /opt/airflow/dags/dag_retrain_pipeline.py
[2026-06-03T12:16:36.766+0000] {logging_mixin.py:188} INFO - [2026-06-03T12:16:36.766+0000] {dag.py:3096} INFO - Sync 1 DAGs
[2026-06-03T12:16:36.788+0000] {logging_mixin.py:188} INFO - [2026-06-03T12:16:36.788+0000] {dag.py:3954} INFO - Setting next_dagrun for neuralretail_retrain_pipeline to None, run_after=None
[2026-06-03T12:16:36.817+0000] {processor.py:183} INFO - Processing /opt/airflow/dags/dag_retrain_pipeline.py took 0.185 seconds
[2026-06-03T12:17:07.582+0000] {processor.py:161} INFO - Started process (PID=5176) to work on /opt/airflow/dags/dag_retrain_pipeline.py
[2026-06-03T12:17:07.584+0000] {processor.py:830} INFO - Processing file /opt/airflow/dags/dag_retrain_pipeline.py for tasks to queue
[2026-06-03T12:17:07.590+0000] {logging_mixin.py:188} INFO - [2026-06-03T12:17:07.589+0000] {dagbag.py:540} INFO - Filling up the DagBag from /opt/airflow/dags/dag_retrain_pipeline.py
[2026-06-03T12:17:07.693+0000] {processor.py:840} INFO - DAG(s) 'neuralretail_retrain_pipeline' retrieved from /opt/airflow/dags/dag_retrain_pipeline.py
[2026-06-03T12:17:07.759+0000] {logging_mixin.py:188} INFO - [2026-06-03T12:17:07.759+0000] {dag.py:3096} INFO - Sync 1 DAGs
[2026-06-03T12:17:07.794+0000] {logging_mixin.py:188} INFO - [2026-06-03T12:17:07.794+0000] {dag.py:3954} INFO - Setting next_dagrun for neuralretail_retrain_pipeline to None, run_after=None
[2026-06-03T12:17:07.826+0000] {processor.py:183} INFO - Processing /opt/airflow/dags/dag_retrain_pipeline.py took 0.251 seconds
[2026-06-03T12:17:38.249+0000] {processor.py:161} INFO - Started process (PID=5196) to work on /opt/airflow/dags/dag_retrain_pipeline.py
[2026-06-03T12:17:38.251+0000] {processor.py:830} INFO - Processing file /opt/airflow/dags/dag_retrain_pipeline.py for tasks to queue
[2026-06-03T12:17:38.257+0000] {logging_mixin.py:188} INFO - [2026-06-03T12:17:38.257+0000] {dagbag.py:540} INFO - Filling up the DagBag from /opt/airflow/dags/dag_retrain_pipeline.py
[2026-06-03T12:17:38.362+0000] {processor.py:840} INFO - DAG(s) 'neuralretail_retrain_pipeline' retrieved from /opt/airflow/dags/dag_retrain_pipeline.py
[2026-06-03T12:17:38.415+0000] {logging_mixin.py:188} INFO - [2026-06-03T12:17:38.415+0000] {dag.py:3096} INFO - Sync 1 DAGs
[2026-06-03T12:17:38.436+0000] {logging_mixin.py:188} INFO - [2026-06-03T12:17:38.436+0000] {dag.py:3954} INFO - Setting next_dagrun for neuralretail_retrain_pipeline to None, run_after=None
[2026-06-03T12:17:38.492+0000] {processor.py:183} INFO - Processing /opt/airflow/dags/dag_retrain_pipeline.py took 0.254 seconds
[2026-06-03T12:18:08.683+0000] {processor.py:161} INFO - Started process (PID=5216) to work on /opt/airflow/dags/dag_retrain_pipeline.py
[2026-06-03T12:18:08.688+0000] {processor.py:830} INFO - Processing file /opt/airflow/dags/dag_retrain_pipeline.py for tasks to queue
[2026-06-03T12:18:08.691+0000] {logging_mixin.py:188} INFO - [2026-06-03T12:18:08.690+0000] {dagbag.py:540} INFO - Filling up the DagBag from /opt/airflow/dags/dag_retrain_pipeline.py
[2026-06-03T12:18:08.782+0000] {processor.py:840} INFO - DAG(s) 'neuralretail_retrain_pipeline' retrieved from /opt/airflow/dags/dag_retrain_pipeline.py
[2026-06-03T12:18:08.831+0000] {logging_mixin.py:188} INFO - [2026-06-03T12:18:08.831+0000] {dag.py:3096} INFO - Sync 1 DAGs
[2026-06-03T12:18:08.855+0000] {logging_mixin.py:188} INFO - [2026-06-03T12:18:08.854+0000] {dag.py:3954} INFO - Setting next_dagrun for neuralretail_retrain_pipeline to None, run_after=None
[2026-06-03T12:18:08.897+0000] {processor.py:183} INFO - Processing /opt/airflow/dags/dag_retrain_pipeline.py took 0.220 seconds
[2026-06-03T12:18:39.293+0000] {processor.py:161} INFO - Started process (PID=5236) to work on /opt/airflow/dags/dag_retrain_pipeline.py
[2026-06-03T12:18:39.296+0000] {processor.py:830} INFO - Processing file /opt/airflow/dags/dag_retrain_pipeline.py for tasks to queue
[2026-06-03T12:18:39.302+0000] {logging_mixin.py:188} INFO - [2026-06-03T12:18:39.301+0000] {dagbag.py:540} INFO - Filling up the DagBag from /opt/airflow/dags/dag_retrain_pipeline.py
[2026-06-03T12:18:39.389+0000] {processor.py:840} INFO - DAG(s) 'neuralretail_retrain_pipeline' retrieved from /opt/airflow/dags/dag_retrain_pipeline.py
[2026-06-03T12:18:39.449+0000] {logging_mixin.py:188} INFO - [2026-06-03T12:18:39.449+0000] {dag.py:3096} INFO - Sync 1 DAGs
[2026-06-03T12:18:39.464+0000] {logging_mixin.py:188} INFO - [2026-06-03T12:18:39.464+0000] {dag.py:3954} INFO - Setting next_dagrun for neuralretail_retrain_pipeline to None, run_after=None
[2026-06-03T12:18:39.497+0000] {processor.py:183} INFO - Processing /opt/airflow/dags/dag_retrain_pipeline.py took 0.210 seconds
[2026-06-03T12:19:09.758+0000] {processor.py:161} INFO - Started process (PID=5256) to work on /opt/airflow/dags/dag_retrain_pipeline.py
[2026-06-03T12:19:09.760+0000] {processor.py:830} INFO - Processing file /opt/airflow/dags/dag_retrain_pipeline.py for tasks to queue
[2026-06-03T12:19:09.764+0000] {logging_mixin.py:188} INFO - [2026-06-03T12:19:09.764+0000] {dagbag.py:540} INFO - Filling up the DagBag from /opt/airflow/dags/dag_retrain_pipeline.py
[2026-06-03T12:19:09.858+0000] {processor.py:840} INFO - DAG(s) 'neuralretail_retrain_pipeline' retrieved from /opt/airflow/dags/dag_retrain_pipeline.py
[2026-06-03T12:19:09.891+0000] {logging_mixin.py:188} INFO - [2026-06-03T12:19:09.891+0000] {dag.py:3096} INFO - Sync 1 DAGs
[2026-06-03T12:19:09.903+0000] {logging_mixin.py:188} INFO - [2026-06-03T12:19:09.903+0000] {dag.py:3954} INFO - Setting next_dagrun for neuralretail_retrain_pipeline to None, run_after=None
[2026-06-03T12:19:09.924+0000] {processor.py:183} INFO - Processing /opt/airflow/dags/dag_retrain_pipeline.py took 0.173 seconds
[2026-06-03T12:19:40.195+0000] {processor.py:161} INFO - Started process (PID=5276) to work on /opt/airflow/dags/dag_retrain_pipeline.py
[2026-06-03T12:19:40.197+0000] {processor.py:830} INFO - Processing file /opt/airflow/dags/dag_retrain_pipeline.py for tasks to queue
[2026-06-03T12:19:40.201+0000] {logging_mixin.py:188} INFO - [2026-06-03T12:19:40.201+0000] {dagbag.py:540} INFO - Filling up the DagBag from /opt/airflow/dags/dag_retrain_pipeline.py
[2026-06-03T12:19:40.279+0000] {processor.py:840} INFO - DAG(s) 'neuralretail_retrain_pipeline' retrieved from /opt/airflow/dags/dag_retrain_pipeline.py
[2026-06-03T12:19:40.319+0000] {logging_mixin.py:188} INFO - [2026-06-03T12:19:40.318+0000] {dag.py:3096} INFO - Sync 1 DAGs
[2026-06-03T12:19:40.338+0000] {logging_mixin.py:188} INFO - [2026-06-03T12:19:40.337+0000] {dag.py:3954} INFO - Setting next_dagrun for neuralretail_retrain_pipeline to None, run_after=None
[2026-06-03T12:19:40.363+0000] {processor.py:183} INFO - Processing /opt/airflow/dags/dag_retrain_pipeline.py took 0.174 seconds
[2026-06-03T12:20:11.066+0000] {processor.py:161} INFO - Started process (PID=5296) to work on /opt/airflow/dags/dag_retrain_pipeline.py
[2026-06-03T12:20:11.068+0000] {processor.py:830} INFO - Processing file /opt/airflow/dags/dag_retrain_pipeline.py for tasks to queue
[2026-06-03T12:20:11.070+0000] {logging_mixin.py:188} INFO - [2026-06-03T12:20:11.069+0000] {dagbag.py:540} INFO - Filling up the DagBag from /opt/airflow/dags/dag_retrain_pipeline.py
[2026-06-03T12:20:11.110+0000] {processor.py:840} INFO - DAG(s) 'neuralretail_retrain_pipeline' retrieved from /opt/airflow/dags/dag_retrain_pipeline.py
[2026-06-03T12:20:11.135+0000] {logging_mixin.py:188} INFO - [2026-06-03T12:20:11.135+0000] {dag.py:3096} INFO - Sync 1 DAGs
[2026-06-03T12:20:11.147+0000] {logging_mixin.py:188} INFO - [2026-06-03T12:20:11.147+0000] {dag.py:3954} INFO - Setting next_dagrun for neuralretail_retrain_pipeline to None, run_after=None
[2026-06-03T12:20:11.167+0000] {processor.py:183} INFO - Processing /opt/airflow/dags/dag_retrain_pipeline.py took 0.106 seconds
[2026-06-03T12:20:41.630+0000] {processor.py:161} INFO - Started process (PID=5316) to work on /opt/airflow/dags/dag_retrain_pipeline.py
[2026-06-03T12:20:41.632+0000] {processor.py:830} INFO - Processing file /opt/airflow/dags/dag_retrain_pipeline.py for tasks to queue
[2026-06-03T12:20:41.633+0000] {logging_mixin.py:188} INFO - [2026-06-03T12:20:41.633+0000] {dagbag.py:540} INFO - Filling up the DagBag from /opt/airflow/dags/dag_retrain_pipeline.py
[2026-06-03T12:20:41.670+0000] {processor.py:840} INFO - DAG(s) 'neuralretail_retrain_pipeline' retrieved from /opt/airflow/dags/dag_retrain_pipeline.py
[2026-06-03T12:20:41.699+0000] {logging_mixin.py:188} INFO - [2026-06-03T12:20:41.698+0000] {dag.py:3096} INFO - Sync 1 DAGs
[2026-06-03T12:20:41.713+0000] {logging_mixin.py:188} INFO - [2026-06-03T12:20:41.713+0000] {dag.py:3954} INFO - Setting next_dagrun for neuralretail_retrain_pipeline to None, run_after=None
[2026-06-03T12:20:41.750+0000] {processor.py:183} INFO - Processing /opt/airflow/dags/dag_retrain_pipeline.py took 0.126 seconds
[2026-06-03T12:21:12.283+0000] {processor.py:161} INFO - Started process (PID=5336) to work on /opt/airflow/dags/dag_retrain_pipeline.py
[2026-06-03T12:21:12.287+0000] {processor.py:830} INFO - Processing file /opt/airflow/dags/dag_retrain_pipeline.py for tasks to queue
[2026-06-03T12:21:12.291+0000] {logging_mixin.py:188} INFO - [2026-06-03T12:21:12.290+0000] {dagbag.py:540} INFO - Filling up the DagBag from /opt/airflow/dags/dag_retrain_pipeline.py
[2026-06-03T12:21:12.373+0000] {processor.py:840} INFO - DAG(s) 'neuralretail_retrain_pipeline' retrieved from /opt/airflow/dags/dag_retrain_pipeline.py
[2026-06-03T12:21:12.439+0000] {logging_mixin.py:188} INFO - [2026-06-03T12:21:12.439+0000] {dag.py:3096} INFO - Sync 1 DAGs
[2026-06-03T12:21:12.473+0000] {logging_mixin.py:188} INFO - [2026-06-03T12:21:12.473+0000] {dag.py:3954} INFO - Setting next_dagrun for neuralretail_retrain_pipeline to None, run_after=None
[2026-06-03T12:21:12.527+0000] {processor.py:183} INFO - Processing /opt/airflow/dags/dag_retrain_pipeline.py took 0.260 seconds
[2026-06-03T12:21:42.745+0000] {processor.py:161} INFO - Started process (PID=5356) to work on /opt/airflow/dags/dag_retrain_pipeline.py
[2026-06-03T12:21:42.750+0000] {processor.py:830} INFO - Processing file /opt/airflow/dags/dag_retrain_pipeline.py for tasks to queue
[2026-06-03T12:21:42.755+0000] {logging_mixin.py:188} INFO - [2026-06-03T12:21:42.754+0000] {dagbag.py:540} INFO - Filling up the DagBag from /opt/airflow/dags/dag_retrain_pipeline.py
[2026-06-03T12:21:42.862+0000] {processor.py:840} INFO - DAG(s) 'neuralretail_retrain_pipeline' retrieved from /opt/airflow/dags/dag_retrain_pipeline.py
[2026-06-03T12:21:42.918+0000] {logging_mixin.py:188} INFO - [2026-06-03T12:21:42.917+0000] {dag.py:3096} INFO - Sync 1 DAGs
[2026-06-03T12:21:42.937+0000] {logging_mixin.py:188} INFO - [2026-06-03T12:21:42.936+0000] {dag.py:3954} INFO - Setting next_dagrun for neuralretail_retrain_pipeline to None, run_after=None
[2026-06-03T12:21:42.981+0000] {processor.py:183} INFO - Processing /opt/airflow/dags/dag_retrain_pipeline.py took 0.245 seconds
[2026-06-03T12:22:13.384+0000] {processor.py:161} INFO - Started process (PID=5376) to work on /opt/airflow/dags/dag_retrain_pipeline.py
[2026-06-03T12:22:13.388+0000] {processor.py:830} INFO - Processing file /opt/airflow/dags/dag_retrain_pipeline.py for tasks to queue
[2026-06-03T12:22:13.395+0000] {logging_mixin.py:188} INFO - [2026-06-03T12:22:13.394+0000] {dagbag.py:540} INFO - Filling up the DagBag from /opt/airflow/dags/dag_retrain_pipeline.py
[2026-06-03T12:22:13.498+0000] {processor.py:840} INFO - DAG(s) 'neuralretail_retrain_pipeline' retrieved from /opt/airflow/dags/dag_retrain_pipeline.py
[2026-06-03T12:22:13.551+0000] {logging_mixin.py:188} INFO - [2026-06-03T12:22:13.551+0000] {dag.py:3096} INFO - Sync 1 DAGs
[2026-06-03T12:22:13.571+0000] {logging_mixin.py:188} INFO - [2026-06-03T12:22:13.571+0000] {dag.py:3954} INFO - Setting next_dagrun for neuralretail_retrain_pipeline to None, run_after=None
[2026-06-03T12:22:13.613+0000] {processor.py:183} INFO - Processing /opt/airflow/dags/dag_retrain_pipeline.py took 0.240 seconds
[2026-06-03T12:22:43.930+0000] {processor.py:161} INFO - Started process (PID=5396) to work on /opt/airflow/dags/dag_retrain_pipeline.py
[2026-06-03T12:22:43.936+0000] {processor.py:830} INFO - Processing file /opt/airflow/dags/dag_retrain_pipeline.py for tasks to queue
[2026-06-03T12:22:43.944+0000] {logging_mixin.py:188} INFO - [2026-06-03T12:22:43.944+0000] {dagbag.py:540} INFO - Filling up the DagBag from /opt/airflow/dags/dag_retrain_pipeline.py
[2026-06-03T12:22:44.008+0000] {processor.py:840} INFO - DAG(s) 'neuralretail_retrain_pipeline' retrieved from /opt/airflow/dags/dag_retrain_pipeline.py
[2026-06-03T12:22:44.029+0000] {logging_mixin.py:188} INFO - [2026-06-03T12:22:44.028+0000] {dag.py:3096} INFO - Sync 1 DAGs
[2026-06-03T12:22:44.040+0000] {logging_mixin.py:188} INFO - [2026-06-03T12:22:44.040+0000] {dag.py:3954} INFO - Setting next_dagrun for neuralretail_retrain_pipeline to None, run_after=None
[2026-06-03T12:22:44.060+0000] {processor.py:183} INFO - Processing /opt/airflow/dags/dag_retrain_pipeline.py took 0.136 seconds
[2026-06-03T12:23:14.627+0000] {processor.py:161} INFO - Started process (PID=5416) to work on /opt/airflow/dags/dag_retrain_pipeline.py
[2026-06-03T12:23:14.628+0000] {processor.py:830} INFO - Processing file /opt/airflow/dags/dag_retrain_pipeline.py for tasks to queue
[2026-06-03T12:23:14.630+0000] {logging_mixin.py:188} INFO - [2026-06-03T12:23:14.630+0000] {dagbag.py:540} INFO - Filling up the DagBag from /opt/airflow/dags/dag_retrain_pipeline.py
[2026-06-03T12:23:14.684+0000] {processor.py:840} INFO - DAG(s) 'neuralretail_retrain_pipeline' retrieved from /opt/airflow/dags/dag_retrain_pipeline.py
[2026-06-03T12:23:14.711+0000] {logging_mixin.py:188} INFO - [2026-06-03T12:23:14.711+0000] {dag.py:3096} INFO - Sync 1 DAGs
[2026-06-03T12:23:14.723+0000] {logging_mixin.py:188} INFO - [2026-06-03T12:23:14.723+0000] {dag.py:3954} INFO - Setting next_dagrun for neuralretail_retrain_pipeline to None, run_after=None
[2026-06-03T12:23:14.748+0000] {processor.py:183} INFO - Processing /opt/airflow/dags/dag_retrain_pipeline.py took 0.128 seconds
[2026-06-03T12:23:45.402+0000] {processor.py:161} INFO - Started process (PID=5436) to work on /opt/airflow/dags/dag_retrain_pipeline.py
[2026-06-03T12:23:45.404+0000] {processor.py:830} INFO - Processing file /opt/airflow/dags/dag_retrain_pipeline.py for tasks to queue
[2026-06-03T12:23:45.407+0000] {logging_mixin.py:188} INFO - [2026-06-03T12:23:45.406+0000] {dagbag.py:540} INFO - Filling up the DagBag from /opt/airflow/dags/dag_retrain_pipeline.py
[2026-06-03T12:23:45.492+0000] {processor.py:840} INFO - DAG(s) 'neuralretail_retrain_pipeline' retrieved from /opt/airflow/dags/dag_retrain_pipeline.py
[2026-06-03T12:23:45.535+0000] {logging_mixin.py:188} INFO - [2026-06-03T12:23:45.534+0000] {dag.py:3096} INFO - Sync 1 DAGs
[2026-06-03T12:23:45.560+0000] {logging_mixin.py:188} INFO - [2026-06-03T12:23:45.560+0000] {dag.py:3954} INFO - Setting next_dagrun for neuralretail_retrain_pipeline to None, run_after=None
[2026-06-03T12:23:45.596+0000] {processor.py:183} INFO - Processing /opt/airflow/dags/dag_retrain_pipeline.py took 0.207 seconds
[2026-06-03T12:24:15.822+0000] {processor.py:161} INFO - Started process (PID=5456) to work on /opt/airflow/dags/dag_retrain_pipeline.py
[2026-06-03T12:24:15.823+0000] {processor.py:830} INFO - Processing file /opt/airflow/dags/dag_retrain_pipeline.py for tasks to queue
[2026-06-03T12:24:15.826+0000] {logging_mixin.py:188} INFO - [2026-06-03T12:24:15.825+0000] {dagbag.py:540} INFO - Filling up the DagBag from /opt/airflow/dags/dag_retrain_pipeline.py
[2026-06-03T12:24:15.918+0000] {processor.py:840} INFO - DAG(s) 'neuralretail_retrain_pipeline' retrieved from /opt/airflow/dags/dag_retrain_pipeline.py
[2026-06-03T12:24:15.976+0000] {logging_mixin.py:188} INFO - [2026-06-03T12:24:15.976+0000] {dag.py:3096} INFO - Sync 1 DAGs
[2026-06-03T12:24:15.994+0000] {logging_mixin.py:188} INFO - [2026-06-03T12:24:15.994+0000] {dag.py:3954} INFO - Setting next_dagrun for neuralretail_retrain_pipeline to None, run_after=None
[2026-06-03T12:24:16.028+0000] {processor.py:183} INFO - Processing /opt/airflow/dags/dag_retrain_pipeline.py took 0.217 seconds
[2026-06-03T12:24:46.255+0000] {processor.py:161} INFO - Started process (PID=5476) to work on /opt/airflow/dags/dag_retrain_pipeline.py
[2026-06-03T12:24:46.258+0000] {processor.py:830} INFO - Processing file /opt/airflow/dags/dag_retrain_pipeline.py for tasks to queue
[2026-06-03T12:24:46.263+0000] {logging_mixin.py:188} INFO - [2026-06-03T12:24:46.263+0000] {dagbag.py:540} INFO - Filling up the DagBag from /opt/airflow/dags/dag_retrain_pipeline.py
[2026-06-03T12:24:46.365+0000] {processor.py:840} INFO - DAG(s) 'neuralretail_retrain_pipeline' retrieved from /opt/airflow/dags/dag_retrain_pipeline.py
[2026-06-03T12:24:46.444+0000] {logging_mixin.py:188} INFO - [2026-06-03T12:24:46.443+0000] {dag.py:3096} INFO - Sync 1 DAGs
[2026-06-03T12:24:46.487+0000] {logging_mixin.py:188} INFO - [2026-06-03T12:24:46.486+0000] {dag.py:3954} INFO - Setting next_dagrun for neuralretail_retrain_pipeline to None, run_after=None
[2026-06-03T12:24:46.554+0000] {processor.py:183} INFO - Processing /opt/airflow/dags/dag_retrain_pipeline.py took 0.304 seconds
[2026-06-03T12:25:17.026+0000] {processor.py:161} INFO - Started process (PID=5496) to work on /opt/airflow/dags/dag_retrain_pipeline.py
[2026-06-03T12:25:17.027+0000] {processor.py:830} INFO - Processing file /opt/airflow/dags/dag_retrain_pipeline.py for tasks to queue
[2026-06-03T12:25:17.029+0000] {logging_mixin.py:188} INFO - [2026-06-03T12:25:17.029+0000] {dagbag.py:540} INFO - Filling up the DagBag from /opt/airflow/dags/dag_retrain_pipeline.py
[2026-06-03T12:25:17.077+0000] {processor.py:840} INFO - DAG(s) 'neuralretail_retrain_pipeline' retrieved from /opt/airflow/dags/dag_retrain_pipeline.py
[2026-06-03T12:25:17.101+0000] {logging_mixin.py:188} INFO - [2026-06-03T12:25:17.101+0000] {dag.py:3096} INFO - Sync 1 DAGs
[2026-06-03T12:25:17.113+0000] {logging_mixin.py:188} INFO - [2026-06-03T12:25:17.113+0000] {dag.py:3954} INFO - Setting next_dagrun for neuralretail_retrain_pipeline to None, run_after=None
[2026-06-03T12:25:17.133+0000] {processor.py:183} INFO - Processing /opt/airflow/dags/dag_retrain_pipeline.py took 0.113 seconds
[2026-06-03T12:25:47.290+0000] {processor.py:161} INFO - Started process (PID=5516) to work on /opt/airflow/dags/dag_retrain_pipeline.py
[2026-06-03T12:25:47.296+0000] {processor.py:830} INFO - Processing file /opt/airflow/dags/dag_retrain_pipeline.py for tasks to queue
[2026-06-03T12:25:47.303+0000] {logging_mixin.py:188} INFO - [2026-06-03T12:25:47.302+0000] {dagbag.py:540} INFO - Filling up the DagBag from /opt/airflow/dags/dag_retrain_pipeline.py
[2026-06-03T12:25:47.394+0000] {processor.py:840} INFO - DAG(s) 'neuralretail_retrain_pipeline' retrieved from /opt/airflow/dags/dag_retrain_pipeline.py
[2026-06-03T12:25:47.425+0000] {logging_mixin.py:188} INFO - [2026-06-03T12:25:47.425+0000] {dag.py:3096} INFO - Sync 1 DAGs
[2026-06-03T12:25:47.439+0000] {logging_mixin.py:188} INFO - [2026-06-03T12:25:47.438+0000] {dag.py:3954} INFO - Setting next_dagrun for neuralretail_retrain_pipeline to None, run_after=None
[2026-06-03T12:25:47.467+0000] {processor.py:183} INFO - Processing /opt/airflow/dags/dag_retrain_pipeline.py took 0.194 seconds
[2026-06-03T12:26:18.296+0000] {processor.py:161} INFO - Started process (PID=5536) to work on /opt/airflow/dags/dag_retrain_pipeline.py
[2026-06-03T12:26:18.298+0000] {processor.py:830} INFO - Processing file /opt/airflow/dags/dag_retrain_pipeline.py for tasks to queue
[2026-06-03T12:26:18.303+0000] {logging_mixin.py:188} INFO - [2026-06-03T12:26:18.303+0000] {dagbag.py:540} INFO - Filling up the DagBag from /opt/airflow/dags/dag_retrain_pipeline.py
[2026-06-03T12:26:18.349+0000] {processor.py:840} INFO - DAG(s) 'neuralretail_retrain_pipeline' retrieved from /opt/airflow/dags/dag_retrain_pipeline.py
[2026-06-03T12:26:18.371+0000] {logging_mixin.py:188} INFO - [2026-06-03T12:26:18.370+0000] {dag.py:3096} INFO - Sync 1 DAGs
[2026-06-03T12:26:18.382+0000] {logging_mixin.py:188} INFO - [2026-06-03T12:26:18.382+0000] {dag.py:3954} INFO - Setting next_dagrun for neuralretail_retrain_pipeline to None, run_after=None
[2026-06-03T12:26:18.405+0000] {processor.py:183} INFO - Processing /opt/airflow/dags/dag_retrain_pipeline.py took 0.115 seconds
[2026-06-03T12:26:49.071+0000] {processor.py:161} INFO - Started process (PID=5556) to work on /opt/airflow/dags/dag_retrain_pipeline.py
[2026-06-03T12:26:49.073+0000] {processor.py:830} INFO - Processing file /opt/airflow/dags/dag_retrain_pipeline.py for tasks to queue
[2026-06-03T12:26:49.076+0000] {logging_mixin.py:188} INFO - [2026-06-03T12:26:49.076+0000] {dagbag.py:540} INFO - Filling up the DagBag from /opt/airflow/dags/dag_retrain_pipeline.py
[2026-06-03T12:26:49.175+0000] {processor.py:840} INFO - DAG(s) 'neuralretail_retrain_pipeline' retrieved from /opt/airflow/dags/dag_retrain_pipeline.py
[2026-06-03T12:26:49.204+0000] {logging_mixin.py:188} INFO - [2026-06-03T12:26:49.204+0000] {dag.py:3096} INFO - Sync 1 DAGs
[2026-06-03T12:26:49.219+0000] {logging_mixin.py:188} INFO - [2026-06-03T12:26:49.219+0000] {dag.py:3954} INFO - Setting next_dagrun for neuralretail_retrain_pipeline to None, run_after=None
[2026-06-03T12:26:49.243+0000] {processor.py:183} INFO - Processing /opt/airflow/dags/dag_retrain_pipeline.py took 0.183 seconds
[2026-06-03T12:27:19.666+0000] {processor.py:161} INFO - Started process (PID=5576) to work on /opt/airflow/dags/dag_retrain_pipeline.py
[2026-06-03T12:27:19.667+0000] {processor.py:830} INFO - Processing file /opt/airflow/dags/dag_retrain_pipeline.py for tasks to queue
[2026-06-03T12:27:19.671+0000] {logging_mixin.py:188} INFO - [2026-06-03T12:27:19.670+0000] {dagbag.py:540} INFO - Filling up the DagBag from /opt/airflow/dags/dag_retrain_pipeline.py
[2026-06-03T12:27:19.717+0000] {processor.py:840} INFO - DAG(s) 'neuralretail_retrain_pipeline' retrieved from /opt/airflow/dags/dag_retrain_pipeline.py
[2026-06-03T12:27:19.742+0000] {logging_mixin.py:188} INFO - [2026-06-03T12:27:19.742+0000] {dag.py:3096} INFO - Sync 1 DAGs
[2026-06-03T12:27:19.754+0000] {logging_mixin.py:188} INFO - [2026-06-03T12:27:19.754+0000] {dag.py:3954} INFO - Setting next_dagrun for neuralretail_retrain_pipeline to None, run_after=None
[2026-06-03T12:27:19.787+0000] {processor.py:183} INFO - Processing /opt/airflow/dags/dag_retrain_pipeline.py took 0.126 seconds
[2026-06-03T12:27:50.718+0000] {processor.py:161} INFO - Started process (PID=5596) to work on /opt/airflow/dags/dag_retrain_pipeline.py
[2026-06-03T12:27:50.720+0000] {processor.py:830} INFO - Processing file /opt/airflow/dags/dag_retrain_pipeline.py for tasks to queue
[2026-06-03T12:27:50.727+0000] {logging_mixin.py:188} INFO - [2026-06-03T12:27:50.726+0000] {dagbag.py:540} INFO - Filling up the DagBag from /opt/airflow/dags/dag_retrain_pipeline.py
[2026-06-03T12:27:50.838+0000] {processor.py:840} INFO - DAG(s) 'neuralretail_retrain_pipeline' retrieved from /opt/airflow/dags/dag_retrain_pipeline.py
[2026-06-03T12:27:50.886+0000] {logging_mixin.py:188} INFO - [2026-06-03T12:27:50.885+0000] {dag.py:3096} INFO - Sync 1 DAGs
[2026-06-03T12:27:50.907+0000] {logging_mixin.py:188} INFO - [2026-06-03T12:27:50.906+0000] {dag.py:3954} INFO - Setting next_dagrun for neuralretail_retrain_pipeline to None, run_after=None
[2026-06-03T12:27:50.960+0000] {processor.py:183} INFO - Processing /opt/airflow/dags/dag_retrain_pipeline.py took 0.254 seconds
[2026-06-03T12:28:21.151+0000] {processor.py:161} INFO - Started process (PID=5616) to work on /opt/airflow/dags/dag_retrain_pipeline.py
[2026-06-03T12:28:21.152+0000] {processor.py:830} INFO - Processing file /opt/airflow/dags/dag_retrain_pipeline.py for tasks to queue
[2026-06-03T12:28:21.154+0000] {logging_mixin.py:188} INFO - [2026-06-03T12:28:21.154+0000] {dagbag.py:540} INFO - Filling up the DagBag from /opt/airflow/dags/dag_retrain_pipeline.py
[2026-06-03T12:28:21.197+0000] {processor.py:840} INFO - DAG(s) 'neuralretail_retrain_pipeline' retrieved from /opt/airflow/dags/dag_retrain_pipeline.py
[2026-06-03T12:28:21.246+0000] {logging_mixin.py:188} INFO - [2026-06-03T12:28:21.246+0000] {dag.py:3096} INFO - Sync 1 DAGs
[2026-06-03T12:28:21.257+0000] {logging_mixin.py:188} INFO - [2026-06-03T12:28:21.257+0000] {dag.py:3954} INFO - Setting next_dagrun for neuralretail_retrain_pipeline to None, run_after=None
[2026-06-03T12:28:21.304+0000] {processor.py:183} INFO - Processing /opt/airflow/dags/dag_retrain_pipeline.py took 0.158 seconds
[2026-06-03T12:28:51.602+0000] {processor.py:161} INFO - Started process (PID=5636) to work on /opt/airflow/dags/dag_retrain_pipeline.py
[2026-06-03T12:28:51.607+0000] {processor.py:830} INFO - Processing file /opt/airflow/dags/dag_retrain_pipeline.py for tasks to queue
[2026-06-03T12:28:51.610+0000] {logging_mixin.py:188} INFO - [2026-06-03T12:28:51.609+0000] {dagbag.py:540} INFO - Filling up the DagBag from /opt/airflow/dags/dag_retrain_pipeline.py
[2026-06-03T12:28:51.648+0000] {processor.py:840} INFO - DAG(s) 'neuralretail_retrain_pipeline' retrieved from /opt/airflow/dags/dag_retrain_pipeline.py
[2026-06-03T12:28:51.672+0000] {logging_mixin.py:188} INFO - [2026-06-03T12:28:51.672+0000] {dag.py:3096} INFO - Sync 1 DAGs
[2026-06-03T12:28:51.685+0000] {logging_mixin.py:188} INFO - [2026-06-03T12:28:51.684+0000] {dag.py:3954} INFO - Setting next_dagrun for neuralretail_retrain_pipeline to None, run_after=None
[2026-06-03T12:28:51.709+0000] {processor.py:183} INFO - Processing /opt/airflow/dags/dag_retrain_pipeline.py took 0.113 seconds
[2026-06-03T12:29:22.507+0000] {processor.py:161} INFO - Started process (PID=5656) to work on /opt/airflow/dags/dag_retrain_pipeline.py
[2026-06-03T12:29:22.509+0000] {processor.py:830} INFO - Processing file /opt/airflow/dags/dag_retrain_pipeline.py for tasks to queue
[2026-06-03T12:29:22.517+0000] {logging_mixin.py:188} INFO - [2026-06-03T12:29:22.515+0000] {dagbag.py:540} INFO - Filling up the DagBag from /opt/airflow/dags/dag_retrain_pipeline.py
[2026-06-03T12:29:22.608+0000] {processor.py:840} INFO - DAG(s) 'neuralretail_retrain_pipeline' retrieved from /opt/airflow/dags/dag_retrain_pipeline.py
[2026-06-03T12:29:22.647+0000] {logging_mixin.py:188} INFO - [2026-06-03T12:29:22.647+0000] {dag.py:3096} INFO - Sync 1 DAGs
[2026-06-03T12:29:22.659+0000] {logging_mixin.py:188} INFO - [2026-06-03T12:29:22.659+0000] {dag.py:3954} INFO - Setting next_dagrun for neuralretail_retrain_pipeline to None, run_after=None
[2026-06-03T12:29:22.683+0000] {processor.py:183} INFO - Processing /opt/airflow/dags/dag_retrain_pipeline.py took 0.187 seconds
[2026-06-03T12:29:53.269+0000] {processor.py:161} INFO - Started process (PID=5676) to work on /opt/airflow/dags/dag_retrain_pipeline.py
[2026-06-03T12:29:53.277+0000] {processor.py:830} INFO - Processing file /opt/airflow/dags/dag_retrain_pipeline.py for tasks to queue
[2026-06-03T12:29:53.282+0000] {logging_mixin.py:188} INFO - [2026-06-03T12:29:53.282+0000] {dagbag.py:540} INFO - Filling up the DagBag from /opt/airflow/dags/dag_retrain_pipeline.py
[2026-06-03T12:29:53.393+0000] {processor.py:840} INFO - DAG(s) 'neuralretail_retrain_pipeline' retrieved from /opt/airflow/dags/dag_retrain_pipeline.py
[2026-06-03T12:29:53.457+0000] {logging_mixin.py:188} INFO - [2026-06-03T12:29:53.457+0000] {dag.py:3096} INFO - Sync 1 DAGs
[2026-06-03T12:29:53.479+0000] {logging_mixin.py:188} INFO - [2026-06-03T12:29:53.479+0000] {dag.py:3954} INFO - Setting next_dagrun for neuralretail_retrain_pipeline to None, run_after=None
[2026-06-03T12:29:53.530+0000] {processor.py:183} INFO - Processing /opt/airflow/dags/dag_retrain_pipeline.py took 0.268 seconds
[2026-06-03T12:30:23.740+0000] {processor.py:161} INFO - Started process (PID=5696) to work on /opt/airflow/dags/dag_retrain_pipeline.py
[2026-06-03T12:30:23.742+0000] {processor.py:830} INFO - Processing file /opt/airflow/dags/dag_retrain_pipeline.py for tasks to queue
[2026-06-03T12:30:23.746+0000] {logging_mixin.py:188} INFO - [2026-06-03T12:30:23.745+0000] {dagbag.py:540} INFO - Filling up the DagBag from /opt/airflow/dags/dag_retrain_pipeline.py
[2026-06-03T12:30:23.828+0000] {processor.py:840} INFO - DAG(s) 'neuralretail_retrain_pipeline' retrieved from /opt/airflow/dags/dag_retrain_pipeline.py
[2026-06-03T12:30:23.868+0000] {logging_mixin.py:188} INFO - [2026-06-03T12:30:23.867+0000] {dag.py:3096} INFO - Sync 1 DAGs
[2026-06-03T12:30:23.883+0000] {logging_mixin.py:188} INFO - [2026-06-03T12:30:23.883+0000] {dag.py:3954} INFO - Setting next_dagrun for neuralretail_retrain_pipeline to None, run_after=None
[2026-06-03T12:30:23.905+0000] {processor.py:183} INFO - Processing /opt/airflow/dags/dag_retrain_pipeline.py took 0.171 seconds
[2026-06-03T12:30:54.360+0000] {processor.py:161} INFO - Started process (PID=5716) to work on /opt/airflow/dags/dag_retrain_pipeline.py
[2026-06-03T12:30:54.365+0000] {processor.py:830} INFO - Processing file /opt/airflow/dags/dag_retrain_pipeline.py for tasks to queue
[2026-06-03T12:30:54.369+0000] {logging_mixin.py:188} INFO - [2026-06-03T12:30:54.368+0000] {dagbag.py:540} INFO - Filling up the DagBag from /opt/airflow/dags/dag_retrain_pipeline.py
[2026-06-03T12:30:54.456+0000] {processor.py:840} INFO - DAG(s) 'neuralretail_retrain_pipeline' retrieved from /opt/airflow/dags/dag_retrain_pipeline.py
[2026-06-03T12:30:54.506+0000] {logging_mixin.py:188} INFO - [2026-06-03T12:30:54.506+0000] {dag.py:3096} INFO - Sync 1 DAGs
[2026-06-03T12:30:54.525+0000] {logging_mixin.py:188} INFO - [2026-06-03T12:30:54.525+0000] {dag.py:3954} INFO - Setting next_dagrun for neuralretail_retrain_pipeline to None, run_after=None
[2026-06-03T12:30:54.552+0000] {processor.py:183} INFO - Processing /opt/airflow/dags/dag_retrain_pipeline.py took 0.204 seconds
[2026-06-03T12:31:24.804+0000] {processor.py:161} INFO - Started process (PID=5736) to work on /opt/airflow/dags/dag_retrain_pipeline.py
[2026-06-03T12:31:24.807+0000] {processor.py:830} INFO - Processing file /opt/airflow/dags/dag_retrain_pipeline.py for tasks to queue
[2026-06-03T12:31:24.819+0000] {logging_mixin.py:188} INFO - [2026-06-03T12:31:24.818+0000] {dagbag.py:540} INFO - Filling up the DagBag from /opt/airflow/dags/dag_retrain_pipeline.py
[2026-06-03T12:31:24.936+0000] {processor.py:840} INFO - DAG(s) 'neuralretail_retrain_pipeline' retrieved from /opt/airflow/dags/dag_retrain_pipeline.py
[2026-06-03T12:31:24.976+0000] {logging_mixin.py:188} INFO - [2026-06-03T12:31:24.976+0000] {dag.py:3096} INFO - Sync 1 DAGs
[2026-06-03T12:31:24.997+0000] {logging_mixin.py:188} INFO - [2026-06-03T12:31:24.997+0000] {dag.py:3954} INFO - Setting next_dagrun for neuralretail_retrain_pipeline to None, run_after=None
[2026-06-03T12:31:25.047+0000] {processor.py:183} INFO - Processing /opt/airflow/dags/dag_retrain_pipeline.py took 0.249 seconds
[2026-06-03T12:31:55.424+0000] {processor.py:161} INFO - Started process (PID=5756) to work on /opt/airflow/dags/dag_retrain_pipeline.py
[2026-06-03T12:31:55.428+0000] {processor.py:830} INFO - Processing file /opt/airflow/dags/dag_retrain_pipeline.py for tasks to queue
[2026-06-03T12:31:55.433+0000] {logging_mixin.py:188} INFO - [2026-06-03T12:31:55.432+0000] {dagbag.py:540} INFO - Filling up the DagBag from /opt/airflow/dags/dag_retrain_pipeline.py
[2026-06-03T12:31:55.490+0000] {processor.py:840} INFO - DAG(s) 'neuralretail_retrain_pipeline' retrieved from /opt/airflow/dags/dag_retrain_pipeline.py
[2026-06-03T12:31:55.529+0000] {logging_mixin.py:188} INFO - [2026-06-03T12:31:55.529+0000] {dag.py:3096} INFO - Sync 1 DAGs
[2026-06-03T12:31:55.555+0000] {logging_mixin.py:188} INFO - [2026-06-03T12:31:55.555+0000] {dag.py:3954} INFO - Setting next_dagrun for neuralretail_retrain_pipeline to None, run_after=None
[2026-06-03T12:31:55.593+0000] {processor.py:183} INFO - Processing /opt/airflow/dags/dag_retrain_pipeline.py took 0.176 seconds
[2026-06-03T12:32:25.877+0000] {processor.py:161} INFO - Started process (PID=5776) to work on /opt/airflow/dags/dag_retrain_pipeline.py
[2026-06-03T12:32:25.880+0000] {processor.py:830} INFO - Processing file /opt/airflow/dags/dag_retrain_pipeline.py for tasks to queue
[2026-06-03T12:32:25.882+0000] {logging_mixin.py:188} INFO - [2026-06-03T12:32:25.882+0000] {dagbag.py:540} INFO - Filling up the DagBag from /opt/airflow/dags/dag_retrain_pipeline.py
[2026-06-03T12:32:25.974+0000] {processor.py:840} INFO - DAG(s) 'neuralretail_retrain_pipeline' retrieved from /opt/airflow/dags/dag_retrain_pipeline.py
[2026-06-03T12:32:26.019+0000] {logging_mixin.py:188} INFO - [2026-06-03T12:32:26.019+0000] {dag.py:3096} INFO - Sync 1 DAGs
[2026-06-03T12:32:26.043+0000] {logging_mixin.py:188} INFO - [2026-06-03T12:32:26.042+0000] {dag.py:3954} INFO - Setting next_dagrun for neuralretail_retrain_pipeline to None, run_after=None
[2026-06-03T12:32:26.077+0000] {processor.py:183} INFO - Processing /opt/airflow/dags/dag_retrain_pipeline.py took 0.210 seconds
[2026-06-03T12:32:56.601+0000] {processor.py:161} INFO - Started process (PID=5796) to work on /opt/airflow/dags/dag_retrain_pipeline.py
[2026-06-03T12:32:56.603+0000] {processor.py:830} INFO - Processing file /opt/airflow/dags/dag_retrain_pipeline.py for tasks to queue
[2026-06-03T12:32:56.608+0000] {logging_mixin.py:188} INFO - [2026-06-03T12:32:56.608+0000] {dagbag.py:540} INFO - Filling up the DagBag from /opt/airflow/dags/dag_retrain_pipeline.py
[2026-06-03T12:32:56.666+0000] {processor.py:840} INFO - DAG(s) 'neuralretail_retrain_pipeline' retrieved from /opt/airflow/dags/dag_retrain_pipeline.py
[2026-06-03T12:32:56.690+0000] {logging_mixin.py:188} INFO - [2026-06-03T12:32:56.690+0000] {dag.py:3096} INFO - Sync 1 DAGs
[2026-06-03T12:32:56.705+0000] {logging_mixin.py:188} INFO - [2026-06-03T12:32:56.704+0000] {dag.py:3954} INFO - Setting next_dagrun for neuralretail_retrain_pipeline to None, run_after=None
[2026-06-03T12:32:56.725+0000] {processor.py:183} INFO - Processing /opt/airflow/dags/dag_retrain_pipeline.py took 0.131 seconds
[2026-06-03T12:33:27.238+0000] {processor.py:161} INFO - Started process (PID=5816) to work on /opt/airflow/dags/dag_retrain_pipeline.py
[2026-06-03T12:33:27.240+0000] {processor.py:830} INFO - Processing file /opt/airflow/dags/dag_retrain_pipeline.py for tasks to queue
[2026-06-03T12:33:27.244+0000] {logging_mixin.py:188} INFO - [2026-06-03T12:33:27.244+0000] {dagbag.py:540} INFO - Filling up the DagBag from /opt/airflow/dags/dag_retrain_pipeline.py
[2026-06-03T12:33:27.330+0000] {processor.py:840} INFO - DAG(s) 'neuralretail_retrain_pipeline' retrieved from /opt/airflow/dags/dag_retrain_pipeline.py
[2026-06-03T12:33:27.363+0000] {logging_mixin.py:188} INFO - [2026-06-03T12:33:27.363+0000] {dag.py:3096} INFO - Sync 1 DAGs
[2026-06-03T12:33:27.376+0000] {logging_mixin.py:188} INFO - [2026-06-03T12:33:27.375+0000] {dag.py:3954} INFO - Setting next_dagrun for neuralretail_retrain_pipeline to None, run_after=None
[2026-06-03T12:33:27.401+0000] {processor.py:183} INFO - Processing /opt/airflow/dags/dag_retrain_pipeline.py took 0.168 seconds
[2026-06-03T12:33:58.170+0000] {processor.py:161} INFO - Started process (PID=5836) to work on /opt/airflow/dags/dag_retrain_pipeline.py
[2026-06-03T12:33:58.178+0000] {processor.py:830} INFO - Processing file /opt/airflow/dags/dag_retrain_pipeline.py for tasks to queue
[2026-06-03T12:33:58.181+0000] {logging_mixin.py:188} INFO - [2026-06-03T12:33:58.181+0000] {dagbag.py:540} INFO - Filling up the DagBag from /opt/airflow/dags/dag_retrain_pipeline.py
[2026-06-03T12:33:58.241+0000] {processor.py:840} INFO - DAG(s) 'neuralretail_retrain_pipeline' retrieved from /opt/airflow/dags/dag_retrain_pipeline.py
[2026-06-03T12:33:58.268+0000] {logging_mixin.py:188} INFO - [2026-06-03T12:33:58.268+0000] {dag.py:3096} INFO - Sync 1 DAGs
[2026-06-03T12:33:58.282+0000] {logging_mixin.py:188} INFO - [2026-06-03T12:33:58.282+0000] {dag.py:3954} INFO - Setting next_dagrun for neuralretail_retrain_pipeline to None, run_after=None
[2026-06-03T12:33:58.303+0000] {processor.py:183} INFO - Processing /opt/airflow/dags/dag_retrain_pipeline.py took 0.138 seconds
[2026-06-03T12:34:28.533+0000] {processor.py:161} INFO - Started process (PID=5856) to work on /opt/airflow/dags/dag_retrain_pipeline.py
[2026-06-03T12:34:28.534+0000] {processor.py:830} INFO - Processing file /opt/airflow/dags/dag_retrain_pipeline.py for tasks to queue
[2026-06-03T12:34:28.537+0000] {logging_mixin.py:188} INFO - [2026-06-03T12:34:28.536+0000] {dagbag.py:540} INFO - Filling up the DagBag from /opt/airflow/dags/dag_retrain_pipeline.py
[2026-06-03T12:34:28.626+0000] {processor.py:840} INFO - DAG(s) 'neuralretail_retrain_pipeline' retrieved from /opt/airflow/dags/dag_retrain_pipeline.py
[2026-06-03T12:34:28.667+0000] {logging_mixin.py:188} INFO - [2026-06-03T12:34:28.667+0000] {dag.py:3096} INFO - Sync 1 DAGs
[2026-06-03T12:34:28.688+0000] {logging_mixin.py:188} INFO - [2026-06-03T12:34:28.688+0000] {dag.py:3954} INFO - Setting next_dagrun for neuralretail_retrain_pipeline to None, run_after=None
[2026-06-03T12:34:28.720+0000] {processor.py:183} INFO - Processing /opt/airflow/dags/dag_retrain_pipeline.py took 0.194 seconds
[2026-06-03T12:34:59.050+0000] {processor.py:161} INFO - Started process (PID=5876) to work on /opt/airflow/dags/dag_retrain_pipeline.py
[2026-06-03T12:34:59.054+0000] {processor.py:830} INFO - Processing file /opt/airflow/dags/dag_retrain_pipeline.py for tasks to queue
[2026-06-03T12:34:59.058+0000] {logging_mixin.py:188} INFO - [2026-06-03T12:34:59.058+0000] {dagbag.py:540} INFO - Filling up the DagBag from /opt/airflow/dags/dag_retrain_pipeline.py
[2026-06-03T12:34:59.177+0000] {processor.py:840} INFO - DAG(s) 'neuralretail_retrain_pipeline' retrieved from /opt/airflow/dags/dag_retrain_pipeline.py
[2026-06-03T12:34:59.233+0000] {logging_mixin.py:188} INFO - [2026-06-03T12:34:59.232+0000] {dag.py:3096} INFO - Sync 1 DAGs
[2026-06-03T12:34:59.259+0000] {logging_mixin.py:188} INFO - [2026-06-03T12:34:59.259+0000] {dag.py:3954} INFO - Setting next_dagrun for neuralretail_retrain_pipeline to None, run_after=None
[2026-06-03T12:34:59.310+0000] {processor.py:183} INFO - Processing /opt/airflow/dags/dag_retrain_pipeline.py took 0.267 seconds
[2026-06-03T12:35:29.752+0000] {processor.py:161} INFO - Started process (PID=5896) to work on /opt/airflow/dags/dag_retrain_pipeline.py
[2026-06-03T12:35:29.754+0000] {processor.py:830} INFO - Processing file /opt/airflow/dags/dag_retrain_pipeline.py for tasks to queue
[2026-06-03T12:35:29.756+0000] {logging_mixin.py:188} INFO - [2026-06-03T12:35:29.756+0000] {dagbag.py:540} INFO - Filling up the DagBag from /opt/airflow/dags/dag_retrain_pipeline.py
[2026-06-03T12:35:29.826+0000] {processor.py:840} INFO - DAG(s) 'neuralretail_retrain_pipeline' retrieved from /opt/airflow/dags/dag_retrain_pipeline.py
[2026-06-03T12:35:29.863+0000] {logging_mixin.py:188} INFO - [2026-06-03T12:35:29.863+0000] {dag.py:3096} INFO - Sync 1 DAGs
[2026-06-03T12:35:29.890+0000] {logging_mixin.py:188} INFO - [2026-06-03T12:35:29.890+0000] {dag.py:3954} INFO - Setting next_dagrun for neuralretail_retrain_pipeline to None, run_after=None
[2026-06-03T12:35:29.933+0000] {processor.py:183} INFO - Processing /opt/airflow/dags/dag_retrain_pipeline.py took 0.192 seconds
[2026-06-03T12:36:00.340+0000] {processor.py:161} INFO - Started process (PID=5916) to work on /opt/airflow/dags/dag_retrain_pipeline.py
[2026-06-03T12:36:00.351+0000] {processor.py:830} INFO - Processing file /opt/airflow/dags/dag_retrain_pipeline.py for tasks to queue
[2026-06-03T12:36:00.365+0000] {logging_mixin.py:188} INFO - [2026-06-03T12:36:00.364+0000] {dagbag.py:540} INFO - Filling up the DagBag from /opt/airflow/dags/dag_retrain_pipeline.py
[2026-06-03T12:36:00.461+0000] {processor.py:840} INFO - DAG(s) 'neuralretail_retrain_pipeline' retrieved from /opt/airflow/dags/dag_retrain_pipeline.py
[2026-06-03T12:36:00.492+0000] {logging_mixin.py:188} INFO - [2026-06-03T12:36:00.492+0000] {dag.py:3096} INFO - Sync 1 DAGs
[2026-06-03T12:36:00.509+0000] {logging_mixin.py:188} INFO - [2026-06-03T12:36:00.509+0000] {dag.py:3954} INFO - Setting next_dagrun for neuralretail_retrain_pipeline to None, run_after=None
[2026-06-03T12:36:00.530+0000] {processor.py:183} INFO - Processing /opt/airflow/dags/dag_retrain_pipeline.py took 0.203 seconds
[2026-06-03T12:36:31.169+0000] {processor.py:161} INFO - Started process (PID=5936) to work on /opt/airflow/dags/dag_retrain_pipeline.py
[2026-06-03T12:36:31.171+0000] {processor.py:830} INFO - Processing file /opt/airflow/dags/dag_retrain_pipeline.py for tasks to queue
[2026-06-03T12:36:31.174+0000] {logging_mixin.py:188} INFO - [2026-06-03T12:36:31.173+0000] {dagbag.py:540} INFO - Filling up the DagBag from /opt/airflow/dags/dag_retrain_pipeline.py
[2026-06-03T12:36:31.241+0000] {processor.py:840} INFO - DAG(s) 'neuralretail_retrain_pipeline' retrieved from /opt/airflow/dags/dag_retrain_pipeline.py
[2026-06-03T12:36:31.276+0000] {logging_mixin.py:188} INFO - [2026-06-03T12:36:31.275+0000] {dag.py:3096} INFO - Sync 1 DAGs
[2026-06-03T12:36:31.290+0000] {logging_mixin.py:188} INFO - [2026-06-03T12:36:31.290+0000] {dag.py:3954} INFO - Setting next_dagrun for neuralretail_retrain_pipeline to None, run_after=None
[2026-06-03T12:36:31.325+0000] {processor.py:183} INFO - Processing /opt/airflow/dags/dag_retrain_pipeline.py took 0.162 seconds
[2026-06-03T12:37:02.215+0000] {processor.py:161} INFO - Started process (PID=5956) to work on /opt/airflow/dags/dag_retrain_pipeline.py
[2026-06-03T12:37:02.218+0000] {processor.py:830} INFO - Processing file /opt/airflow/dags/dag_retrain_pipeline.py for tasks to queue
[2026-06-03T12:37:02.222+0000] {logging_mixin.py:188} INFO - [2026-06-03T12:37:02.221+0000] {dagbag.py:540} INFO - Filling up the DagBag from /opt/airflow/dags/dag_retrain_pipeline.py
[2026-06-03T12:37:02.279+0000] {processor.py:840} INFO - DAG(s) 'neuralretail_retrain_pipeline' retrieved from /opt/airflow/dags/dag_retrain_pipeline.py
[2026-06-03T12:37:02.307+0000] {logging_mixin.py:188} INFO - [2026-06-03T12:37:02.307+0000] {dag.py:3096} INFO - Sync 1 DAGs
[2026-06-03T12:37:02.325+0000] {logging_mixin.py:188} INFO - [2026-06-03T12:37:02.325+0000] {dag.py:3954} INFO - Setting next_dagrun for neuralretail_retrain_pipeline to None, run_after=None
[2026-06-03T12:37:02.350+0000] {processor.py:183} INFO - Processing /opt/airflow/dags/dag_retrain_pipeline.py took 0.140 seconds
[2026-06-03T12:37:32.509+0000] {processor.py:161} INFO - Started process (PID=5976) to work on /opt/airflow/dags/dag_retrain_pipeline.py
[2026-06-03T12:37:32.511+0000] {processor.py:830} INFO - Processing file /opt/airflow/dags/dag_retrain_pipeline.py for tasks to queue
[2026-06-03T12:37:32.516+0000] {logging_mixin.py:188} INFO - [2026-06-03T12:37:32.515+0000] {dagbag.py:540} INFO - Filling up the DagBag from /opt/airflow/dags/dag_retrain_pipeline.py
[2026-06-03T12:37:32.589+0000] {processor.py:840} INFO - DAG(s) 'neuralretail_retrain_pipeline' retrieved from /opt/airflow/dags/dag_retrain_pipeline.py
[2026-06-03T12:37:32.610+0000] {logging_mixin.py:188} INFO - [2026-06-03T12:37:32.610+0000] {dag.py:3096} INFO - Sync 1 DAGs
[2026-06-03T12:37:32.623+0000] {logging_mixin.py:188} INFO - [2026-06-03T12:37:32.623+0000] {dag.py:3954} INFO - Setting next_dagrun for neuralretail_retrain_pipeline to None, run_after=None
[2026-06-03T12:37:32.643+0000] {processor.py:183} INFO - Processing /opt/airflow/dags/dag_retrain_pipeline.py took 0.144 seconds
[2026-06-03T12:38:03.356+0000] {processor.py:161} INFO - Started process (PID=5996) to work on /opt/airflow/dags/dag_retrain_pipeline.py
[2026-06-03T12:38:03.360+0000] {processor.py:830} INFO - Processing file /opt/airflow/dags/dag_retrain_pipeline.py for tasks to queue
[2026-06-03T12:38:03.362+0000] {logging_mixin.py:188} INFO - [2026-06-03T12:38:03.362+0000] {dagbag.py:540} INFO - Filling up the DagBag from /opt/airflow/dags/dag_retrain_pipeline.py
[2026-06-03T12:38:03.399+0000] {processor.py:840} INFO - DAG(s) 'neuralretail_retrain_pipeline' retrieved from /opt/airflow/dags/dag_retrain_pipeline.py
[2026-06-03T12:38:03.419+0000] {logging_mixin.py:188} INFO - [2026-06-03T12:38:03.419+0000] {dag.py:3096} INFO - Sync 1 DAGs
[2026-06-03T12:38:03.434+0000] {logging_mixin.py:188} INFO - [2026-06-03T12:38:03.434+0000] {dag.py:3954} INFO - Setting next_dagrun for neuralretail_retrain_pipeline to None, run_after=None
[2026-06-03T12:38:03.456+0000] {processor.py:183} INFO - Processing /opt/airflow/dags/dag_retrain_pipeline.py took 0.108 seconds
[2026-06-03T12:38:33.663+0000] {processor.py:161} INFO - Started process (PID=6016) to work on /opt/airflow/dags/dag_retrain_pipeline.py
[2026-06-03T12:38:33.665+0000] {processor.py:830} INFO - Processing file /opt/airflow/dags/dag_retrain_pipeline.py for tasks to queue
[2026-06-03T12:38:33.667+0000] {logging_mixin.py:188} INFO - [2026-06-03T12:38:33.667+0000] {dagbag.py:540} INFO - Filling up the DagBag from /opt/airflow/dags/dag_retrain_pipeline.py
[2026-06-03T12:38:33.706+0000] {processor.py:840} INFO - DAG(s) 'neuralretail_retrain_pipeline' retrieved from /opt/airflow/dags/dag_retrain_pipeline.py
[2026-06-03T12:38:33.774+0000] {logging_mixin.py:188} INFO - [2026-06-03T12:38:33.773+0000] {dag.py:3096} INFO - Sync 1 DAGs
[2026-06-03T12:38:33.840+0000] {logging_mixin.py:188} INFO - [2026-06-03T12:38:33.839+0000] {dag.py:3954} INFO - Setting next_dagrun for neuralretail_retrain_pipeline to None, run_after=None
[2026-06-03T12:38:33.908+0000] {processor.py:183} INFO - Processing /opt/airflow/dags/dag_retrain_pipeline.py took 0.249 seconds
[2026-06-03T12:39:04.134+0000] {processor.py:161} INFO - Started process (PID=6036) to work on /opt/airflow/dags/dag_retrain_pipeline.py
[2026-06-03T12:39:04.135+0000] {processor.py:830} INFO - Processing file /opt/airflow/dags/dag_retrain_pipeline.py for tasks to queue
[2026-06-03T12:39:04.138+0000] {logging_mixin.py:188} INFO - [2026-06-03T12:39:04.137+0000] {dagbag.py:540} INFO - Filling up the DagBag from /opt/airflow/dags/dag_retrain_pipeline.py
[2026-06-03T12:39:04.214+0000] {processor.py:840} INFO - DAG(s) 'neuralretail_retrain_pipeline' retrieved from /opt/airflow/dags/dag_retrain_pipeline.py
[2026-06-03T12:39:04.244+0000] {logging_mixin.py:188} INFO - [2026-06-03T12:39:04.243+0000] {dag.py:3096} INFO - Sync 1 DAGs
[2026-06-03T12:39:04.255+0000] {logging_mixin.py:188} INFO - [2026-06-03T12:39:04.255+0000] {dag.py:3954} INFO - Setting next_dagrun for neuralretail_retrain_pipeline to None, run_after=None
[2026-06-03T12:39:04.274+0000] {processor.py:183} INFO - Processing /opt/airflow/dags/dag_retrain_pipeline.py took 0.146 seconds
[2026-06-03T12:39:34.675+0000] {processor.py:161} INFO - Started process (PID=6056) to work on /opt/airflow/dags/dag_retrain_pipeline.py
[2026-06-03T12:39:34.684+0000] {processor.py:830} INFO - Processing file /opt/airflow/dags/dag_retrain_pipeline.py for tasks to queue
[2026-06-03T12:39:34.689+0000] {logging_mixin.py:188} INFO - [2026-06-03T12:39:34.689+0000] {dagbag.py:540} INFO - Filling up the DagBag from /opt/airflow/dags/dag_retrain_pipeline.py
[2026-06-03T12:39:34.749+0000] {processor.py:840} INFO - DAG(s) 'neuralretail_retrain_pipeline' retrieved from /opt/airflow/dags/dag_retrain_pipeline.py
[2026-06-03T12:39:34.779+0000] {logging_mixin.py:188} INFO - [2026-06-03T12:39:34.779+0000] {dag.py:3096} INFO - Sync 1 DAGs
[2026-06-03T12:39:34.794+0000] {logging_mixin.py:188} INFO - [2026-06-03T12:39:34.794+0000] {dag.py:3954} INFO - Setting next_dagrun for neuralretail_retrain_pipeline to None, run_after=None
[2026-06-03T12:39:34.818+0000] {processor.py:183} INFO - Processing /opt/airflow/dags/dag_retrain_pipeline.py took 0.149 seconds
[2026-06-03T12:40:05.624+0000] {processor.py:161} INFO - Started process (PID=6076) to work on /opt/airflow/dags/dag_retrain_pipeline.py
[2026-06-03T12:40:05.629+0000] {processor.py:830} INFO - Processing file /opt/airflow/dags/dag_retrain_pipeline.py for tasks to queue
[2026-06-03T12:40:05.632+0000] {logging_mixin.py:188} INFO - [2026-06-03T12:40:05.632+0000] {dagbag.py:540} INFO - Filling up the DagBag from /opt/airflow/dags/dag_retrain_pipeline.py
[2026-06-03T12:40:05.754+0000] {processor.py:840} INFO - DAG(s) 'neuralretail_retrain_pipeline' retrieved from /opt/airflow/dags/dag_retrain_pipeline.py
[2026-06-03T12:40:05.826+0000] {logging_mixin.py:188} INFO - [2026-06-03T12:40:05.826+0000] {dag.py:3096} INFO - Sync 1 DAGs
[2026-06-03T12:40:05.853+0000] {logging_mixin.py:188} INFO - [2026-06-03T12:40:05.852+0000] {dag.py:3954} INFO - Setting next_dagrun for neuralretail_retrain_pipeline to None, run_after=None
[2026-06-03T12:40:05.911+0000] {processor.py:183} INFO - Processing /opt/airflow/dags/dag_retrain_pipeline.py took 0.295 seconds
[2026-06-03T12:40:36.216+0000] {processor.py:161} INFO - Started process (PID=6096) to work on /opt/airflow/dags/dag_retrain_pipeline.py
[2026-06-03T12:40:36.217+0000] {processor.py:830} INFO - Processing file /opt/airflow/dags/dag_retrain_pipeline.py for tasks to queue
[2026-06-03T12:40:36.220+0000] {logging_mixin.py:188} INFO - [2026-06-03T12:40:36.219+0000] {dagbag.py:540} INFO - Filling up the DagBag from /opt/airflow/dags/dag_retrain_pipeline.py
[2026-06-03T12:40:36.255+0000] {processor.py:840} INFO - DAG(s) 'neuralretail_retrain_pipeline' retrieved from /opt/airflow/dags/dag_retrain_pipeline.py
[2026-06-03T12:40:36.276+0000] {logging_mixin.py:188} INFO - [2026-06-03T12:40:36.276+0000] {dag.py:3096} INFO - Sync 1 DAGs
[2026-06-03T12:40:36.288+0000] {logging_mixin.py:188} INFO - [2026-06-03T12:40:36.287+0000] {dag.py:3954} INFO - Setting next_dagrun for neuralretail_retrain_pipeline to None, run_after=None
[2026-06-03T12:40:36.309+0000] {processor.py:183} INFO - Processing /opt/airflow/dags/dag_retrain_pipeline.py took 0.097 seconds
[2026-06-03T12:41:06.850+0000] {processor.py:161} INFO - Started process (PID=6116) to work on /opt/airflow/dags/dag_retrain_pipeline.py
[2026-06-03T12:41:06.853+0000] {processor.py:830} INFO - Processing file /opt/airflow/dags/dag_retrain_pipeline.py for tasks to queue
[2026-06-03T12:41:06.857+0000] {logging_mixin.py:188} INFO - [2026-06-03T12:41:06.857+0000] {dagbag.py:540} INFO - Filling up the DagBag from /opt/airflow/dags/dag_retrain_pipeline.py
[2026-06-03T12:41:07.022+0000] {processor.py:840} INFO - DAG(s) 'neuralretail_retrain_pipeline' retrieved from /opt/airflow/dags/dag_retrain_pipeline.py
[2026-06-03T12:41:07.080+0000] {logging_mixin.py:188} INFO - [2026-06-03T12:41:07.079+0000] {dag.py:3096} INFO - Sync 1 DAGs
[2026-06-03T12:41:07.117+0000] {logging_mixin.py:188} INFO - [2026-06-03T12:41:07.116+0000] {dag.py:3954} INFO - Setting next_dagrun for neuralretail_retrain_pipeline to None, run_after=None
[2026-06-03T12:41:07.156+0000] {processor.py:183} INFO - Processing /opt/airflow/dags/dag_retrain_pipeline.py took 0.316 seconds
[2026-06-03T12:41:37.300+0000] {processor.py:161} INFO - Started process (PID=6136) to work on /opt/airflow/dags/dag_retrain_pipeline.py
[2026-06-03T12:41:37.302+0000] {processor.py:830} INFO - Processing file /opt/airflow/dags/dag_retrain_pipeline.py for tasks to queue
[2026-06-03T12:41:37.303+0000] {logging_mixin.py:188} INFO - [2026-06-03T12:41:37.303+0000] {dagbag.py:540} INFO - Filling up the DagBag from /opt/airflow/dags/dag_retrain_pipeline.py
[2026-06-03T12:41:37.375+0000] {processor.py:840} INFO - DAG(s) 'neuralretail_retrain_pipeline' retrieved from /opt/airflow/dags/dag_retrain_pipeline.py
[2026-06-03T12:41:37.402+0000] {logging_mixin.py:188} INFO - [2026-06-03T12:41:37.402+0000] {dag.py:3096} INFO - Sync 1 DAGs
[2026-06-03T12:41:37.424+0000] {logging_mixin.py:188} INFO - [2026-06-03T12:41:37.424+0000] {dag.py:3954} INFO - Setting next_dagrun for neuralretail_retrain_pipeline to None, run_after=None
[2026-06-03T12:41:37.462+0000] {processor.py:183} INFO - Processing /opt/airflow/dags/dag_retrain_pipeline.py took 0.168 seconds
[2026-06-03T12:42:07.822+0000] {processor.py:161} INFO - Started process (PID=6156) to work on /opt/airflow/dags/dag_retrain_pipeline.py
[2026-06-03T12:42:07.824+0000] {processor.py:830} INFO - Processing file /opt/airflow/dags/dag_retrain_pipeline.py for tasks to queue
[2026-06-03T12:42:07.828+0000] {logging_mixin.py:188} INFO - [2026-06-03T12:42:07.828+0000] {dagbag.py:540} INFO - Filling up the DagBag from /opt/airflow/dags/dag_retrain_pipeline.py
[2026-06-03T12:42:07.924+0000] {processor.py:840} INFO - DAG(s) 'neuralretail_retrain_pipeline' retrieved from /opt/airflow/dags/dag_retrain_pipeline.py
[2026-06-03T12:42:07.996+0000] {logging_mixin.py:188} INFO - [2026-06-03T12:42:07.996+0000] {dag.py:3096} INFO - Sync 1 DAGs
[2026-06-03T12:42:08.022+0000] {logging_mixin.py:188} INFO - [2026-06-03T12:42:08.021+0000] {dag.py:3954} INFO - Setting next_dagrun for neuralretail_retrain_pipeline to None, run_after=None
[2026-06-03T12:42:08.049+0000] {processor.py:183} INFO - Processing /opt/airflow/dags/dag_retrain_pipeline.py took 0.232 seconds
[2026-06-03T12:42:38.731+0000] {processor.py:161} INFO - Started process (PID=6176) to work on /opt/airflow/dags/dag_retrain_pipeline.py
[2026-06-03T12:42:38.734+0000] {processor.py:830} INFO - Processing file /opt/airflow/dags/dag_retrain_pipeline.py for tasks to queue
[2026-06-03T12:42:38.737+0000] {logging_mixin.py:188} INFO - [2026-06-03T12:42:38.736+0000] {dagbag.py:540} INFO - Filling up the DagBag from /opt/airflow/dags/dag_retrain_pipeline.py
[2026-06-03T12:42:38.841+0000] {processor.py:840} INFO - DAG(s) 'neuralretail_retrain_pipeline' retrieved from /opt/airflow/dags/dag_retrain_pipeline.py
[2026-06-03T12:42:38.864+0000] {logging_mixin.py:188} INFO - [2026-06-03T12:42:38.864+0000] {dag.py:3096} INFO - Sync 1 DAGs
[2026-06-03T12:42:38.892+0000] {logging_mixin.py:188} INFO - [2026-06-03T12:42:38.892+0000] {dag.py:3954} INFO - Setting next_dagrun for neuralretail_retrain_pipeline to None, run_after=None
[2026-06-03T12:42:38.916+0000] {processor.py:183} INFO - Processing /opt/airflow/dags/dag_retrain_pipeline.py took 0.191 seconds
[2026-06-03T12:43:09.111+0000] {processor.py:161} INFO - Started process (PID=6196) to work on /opt/airflow/dags/dag_retrain_pipeline.py
[2026-06-03T12:43:09.112+0000] {processor.py:830} INFO - Processing file /opt/airflow/dags/dag_retrain_pipeline.py for tasks to queue
[2026-06-03T12:43:09.114+0000] {logging_mixin.py:188} INFO - [2026-06-03T12:43:09.114+0000] {dagbag.py:540} INFO - Filling up the DagBag from /opt/airflow/dags/dag_retrain_pipeline.py
[2026-06-03T12:43:09.136+0000] {processor.py:840} INFO - DAG(s) 'neuralretail_retrain_pipeline' retrieved from /opt/airflow/dags/dag_retrain_pipeline.py
[2026-06-03T12:43:09.163+0000] {logging_mixin.py:188} INFO - [2026-06-03T12:43:09.163+0000] {dag.py:3096} INFO - Sync 1 DAGs
[2026-06-03T12:43:09.178+0000] {logging_mixin.py:188} INFO - [2026-06-03T12:43:09.178+0000] {dag.py:3954} INFO - Setting next_dagrun for neuralretail_retrain_pipeline to None, run_after=None
[2026-06-03T12:43:09.197+0000] {processor.py:183} INFO - Processing /opt/airflow/dags/dag_retrain_pipeline.py took 0.098 seconds
[2026-06-03T12:43:39.650+0000] {processor.py:161} INFO - Started process (PID=6216) to work on /opt/airflow/dags/dag_retrain_pipeline.py
[2026-06-03T12:43:39.652+0000] {processor.py:830} INFO - Processing file /opt/airflow/dags/dag_retrain_pipeline.py for tasks to queue
[2026-06-03T12:43:39.654+0000] {logging_mixin.py:188} INFO - [2026-06-03T12:43:39.654+0000] {dagbag.py:540} INFO - Filling up the DagBag from /opt/airflow/dags/dag_retrain_pipeline.py
[2026-06-03T12:43:39.711+0000] {processor.py:840} INFO - DAG(s) 'neuralretail_retrain_pipeline' retrieved from /opt/airflow/dags/dag_retrain_pipeline.py
[2026-06-03T12:43:39.733+0000] {logging_mixin.py:188} INFO - [2026-06-03T12:43:39.733+0000] {dag.py:3096} INFO - Sync 1 DAGs
[2026-06-03T12:43:39.743+0000] {logging_mixin.py:188} INFO - [2026-06-03T12:43:39.743+0000] {dag.py:3954} INFO - Setting next_dagrun for neuralretail_retrain_pipeline to None, run_after=None
[2026-06-03T12:43:39.761+0000] {processor.py:183} INFO - Processing /opt/airflow/dags/dag_retrain_pipeline.py took 0.116 seconds
[2026-06-03T12:44:09.966+0000] {processor.py:161} INFO - Started process (PID=6236) to work on /opt/airflow/dags/dag_retrain_pipeline.py
[2026-06-03T12:44:09.969+0000] {processor.py:830} INFO - Processing file /opt/airflow/dags/dag_retrain_pipeline.py for tasks to queue
[2026-06-03T12:44:09.974+0000] {logging_mixin.py:188} INFO - [2026-06-03T12:44:09.973+0000] {dagbag.py:540} INFO - Filling up the DagBag from /opt/airflow/dags/dag_retrain_pipeline.py
[2026-06-03T12:44:10.056+0000] {processor.py:840} INFO - DAG(s) 'neuralretail_retrain_pipeline' retrieved from /opt/airflow/dags/dag_retrain_pipeline.py
[2026-06-03T12:44:10.105+0000] {logging_mixin.py:188} INFO - [2026-06-03T12:44:10.105+0000] {dag.py:3096} INFO - Sync 1 DAGs
[2026-06-03T12:44:10.128+0000] {logging_mixin.py:188} INFO - [2026-06-03T12:44:10.128+0000] {dag.py:3954} INFO - Setting next_dagrun for neuralretail_retrain_pipeline to None, run_after=None
[2026-06-03T12:44:10.159+0000] {processor.py:183} INFO - Processing /opt/airflow/dags/dag_retrain_pipeline.py took 0.211 seconds
[2026-06-03T12:44:40.568+0000] {processor.py:161} INFO - Started process (PID=6256) to work on /opt/airflow/dags/dag_retrain_pipeline.py
[2026-06-03T12:44:40.572+0000] {processor.py:830} INFO - Processing file /opt/airflow/dags/dag_retrain_pipeline.py for tasks to queue
[2026-06-03T12:44:40.576+0000] {logging_mixin.py:188} INFO - [2026-06-03T12:44:40.576+0000] {dagbag.py:540} INFO - Filling up the DagBag from /opt/airflow/dags/dag_retrain_pipeline.py
[2026-06-03T12:44:40.632+0000] {processor.py:840} INFO - DAG(s) 'neuralretail_retrain_pipeline' retrieved from /opt/airflow/dags/dag_retrain_pipeline.py
[2026-06-03T12:44:40.670+0000] {logging_mixin.py:188} INFO - [2026-06-03T12:44:40.669+0000] {dag.py:3096} INFO - Sync 1 DAGs
[2026-06-03T12:44:40.687+0000] {logging_mixin.py:188} INFO - [2026-06-03T12:44:40.687+0000] {dag.py:3954} INFO - Setting next_dagrun for neuralretail_retrain_pipeline to None, run_after=None
[2026-06-03T12:44:40.717+0000] {processor.py:183} INFO - Processing /opt/airflow/dags/dag_retrain_pipeline.py took 0.155 seconds
[2026-06-03T12:45:10.949+0000] {processor.py:161} INFO - Started process (PID=6276) to work on /opt/airflow/dags/dag_retrain_pipeline.py
[2026-06-03T12:45:10.955+0000] {processor.py:830} INFO - Processing file /opt/airflow/dags/dag_retrain_pipeline.py for tasks to queue
[2026-06-03T12:45:10.967+0000] {logging_mixin.py:188} INFO - [2026-06-03T12:45:10.966+0000] {dagbag.py:540} INFO - Filling up the DagBag from /opt/airflow/dags/dag_retrain_pipeline.py
[2026-06-03T12:45:11.121+0000] {processor.py:840} INFO - DAG(s) 'neuralretail_retrain_pipeline' retrieved from /opt/airflow/dags/dag_retrain_pipeline.py
[2026-06-03T12:45:11.182+0000] {logging_mixin.py:188} INFO - [2026-06-03T12:45:11.182+0000] {dag.py:3096} INFO - Sync 1 DAGs
[2026-06-03T12:45:11.212+0000] {logging_mixin.py:188} INFO - [2026-06-03T12:45:11.212+0000] {dag.py:3954} INFO - Setting next_dagrun for neuralretail_retrain_pipeline to None, run_after=None
[2026-06-03T12:45:11.248+0000] {processor.py:183} INFO - Processing /opt/airflow/dags/dag_retrain_pipeline.py took 0.310 seconds
[2026-06-03T12:45:41.736+0000] {processor.py:161} INFO - Started process (PID=6296) to work on /opt/airflow/dags/dag_retrain_pipeline.py
[2026-06-03T12:45:41.737+0000] {processor.py:830} INFO - Processing file /opt/airflow/dags/dag_retrain_pipeline.py for tasks to queue
[2026-06-03T12:45:41.739+0000] {logging_mixin.py:188} INFO - [2026-06-03T12:45:41.739+0000] {dagbag.py:540} INFO - Filling up the DagBag from /opt/airflow/dags/dag_retrain_pipeline.py
[2026-06-03T12:45:41.770+0000] {processor.py:840} INFO - DAG(s) 'neuralretail_retrain_pipeline' retrieved from /opt/airflow/dags/dag_retrain_pipeline.py
[2026-06-03T12:45:41.800+0000] {logging_mixin.py:188} INFO - [2026-06-03T12:45:41.799+0000] {dag.py:3096} INFO - Sync 1 DAGs
[2026-06-03T12:45:41.814+0000] {logging_mixin.py:188} INFO - [2026-06-03T12:45:41.814+0000] {dag.py:3954} INFO - Setting next_dagrun for neuralretail_retrain_pipeline to None, run_after=None
[2026-06-03T12:45:41.833+0000] {processor.py:183} INFO - Processing /opt/airflow/dags/dag_retrain_pipeline.py took 0.103 seconds
[2026-06-03T12:46:12.559+0000] {processor.py:161} INFO - Started process (PID=6316) to work on /opt/airflow/dags/dag_retrain_pipeline.py
[2026-06-03T12:46:12.562+0000] {processor.py:830} INFO - Processing file /opt/airflow/dags/dag_retrain_pipeline.py for tasks to queue
[2026-06-03T12:46:12.569+0000] {logging_mixin.py:188} INFO - [2026-06-03T12:46:12.568+0000] {dagbag.py:540} INFO - Filling up the DagBag from /opt/airflow/dags/dag_retrain_pipeline.py
[2026-06-03T12:46:12.623+0000] {processor.py:840} INFO - DAG(s) 'neuralretail_retrain_pipeline' retrieved from /opt/airflow/dags/dag_retrain_pipeline.py
[2026-06-03T12:46:12.658+0000] {logging_mixin.py:188} INFO - [2026-06-03T12:46:12.657+0000] {dag.py:3096} INFO - Sync 1 DAGs
[2026-06-03T12:46:12.673+0000] {logging_mixin.py:188} INFO - [2026-06-03T12:46:12.673+0000] {dag.py:3954} INFO - Setting next_dagrun for neuralretail_retrain_pipeline to None, run_after=None
[2026-06-03T12:46:12.697+0000] {processor.py:183} INFO - Processing /opt/airflow/dags/dag_retrain_pipeline.py took 0.145 seconds
[2026-06-03T12:46:43.317+0000] {processor.py:161} INFO - Started process (PID=6336) to work on /opt/airflow/dags/dag_retrain_pipeline.py
[2026-06-03T12:46:43.319+0000] {processor.py:830} INFO - Processing file /opt/airflow/dags/dag_retrain_pipeline.py for tasks to queue
[2026-06-03T12:46:43.327+0000] {logging_mixin.py:188} INFO - [2026-06-03T12:46:43.325+0000] {dagbag.py:540} INFO - Filling up the DagBag from /opt/airflow/dags/dag_retrain_pipeline.py
[2026-06-03T12:46:43.394+0000] {processor.py:840} INFO - DAG(s) 'neuralretail_retrain_pipeline' retrieved from /opt/airflow/dags/dag_retrain_pipeline.py
[2026-06-03T12:46:43.433+0000] {logging_mixin.py:188} INFO - [2026-06-03T12:46:43.432+0000] {dag.py:3096} INFO - Sync 1 DAGs
[2026-06-03T12:46:43.460+0000] {logging_mixin.py:188} INFO - [2026-06-03T12:46:43.459+0000] {dag.py:3954} INFO - Setting next_dagrun for neuralretail_retrain_pipeline to None, run_after=None
[2026-06-03T12:46:43.503+0000] {processor.py:183} INFO - Processing /opt/airflow/dags/dag_retrain_pipeline.py took 0.196 seconds
[2026-06-03T12:47:14.517+0000] {processor.py:161} INFO - Started process (PID=6356) to work on /opt/airflow/dags/dag_retrain_pipeline.py
[2026-06-03T12:47:14.524+0000] {processor.py:830} INFO - Processing file /opt/airflow/dags/dag_retrain_pipeline.py for tasks to queue
[2026-06-03T12:47:14.532+0000] {logging_mixin.py:188} INFO - [2026-06-03T12:47:14.532+0000] {dagbag.py:540} INFO - Filling up the DagBag from /opt/airflow/dags/dag_retrain_pipeline.py
[2026-06-03T12:47:14.752+0000] {processor.py:840} INFO - DAG(s) 'neuralretail_retrain_pipeline' retrieved from /opt/airflow/dags/dag_retrain_pipeline.py
[2026-06-03T12:47:14.789+0000] {logging_mixin.py:188} INFO - [2026-06-03T12:47:14.789+0000] {dag.py:3096} INFO - Sync 1 DAGs
[2026-06-03T12:47:14.819+0000] {logging_mixin.py:188} INFO - [2026-06-03T12:47:14.819+0000] {dag.py:3954} INFO - Setting next_dagrun for neuralretail_retrain_pipeline to None, run_after=None
[2026-06-03T12:47:14.979+0000] {processor.py:183} INFO - Processing /opt/airflow/dags/dag_retrain_pipeline.py took 0.468 seconds
[2026-06-03T12:47:45.468+0000] {processor.py:161} INFO - Started process (PID=6376) to work on /opt/airflow/dags/dag_retrain_pipeline.py
[2026-06-03T12:47:45.471+0000] {processor.py:830} INFO - Processing file /opt/airflow/dags/dag_retrain_pipeline.py for tasks to queue
[2026-06-03T12:47:45.474+0000] {logging_mixin.py:188} INFO - [2026-06-03T12:47:45.473+0000] {dagbag.py:540} INFO - Filling up the DagBag from /opt/airflow/dags/dag_retrain_pipeline.py
[2026-06-03T12:47:45.537+0000] {processor.py:840} INFO - DAG(s) 'neuralretail_retrain_pipeline' retrieved from /opt/airflow/dags/dag_retrain_pipeline.py
[2026-06-03T12:47:45.571+0000] {logging_mixin.py:188} INFO - [2026-06-03T12:47:45.570+0000] {dag.py:3096} INFO - Sync 1 DAGs
[2026-06-03T12:47:45.587+0000] {logging_mixin.py:188} INFO - [2026-06-03T12:47:45.587+0000] {dag.py:3954} INFO - Setting next_dagrun for neuralretail_retrain_pipeline to None, run_after=None
[2026-06-03T12:47:45.619+0000] {processor.py:183} INFO - Processing /opt/airflow/dags/dag_retrain_pipeline.py took 0.158 seconds
[2026-06-03T12:48:15.879+0000] {processor.py:161} INFO - Started process (PID=6396) to work on /opt/airflow/dags/dag_retrain_pipeline.py
[2026-06-03T12:48:15.881+0000] {processor.py:830} INFO - Processing file /opt/airflow/dags/dag_retrain_pipeline.py for tasks to queue
[2026-06-03T12:48:15.884+0000] {logging_mixin.py:188} INFO - [2026-06-03T12:48:15.884+0000] {dagbag.py:540} INFO - Filling up the DagBag from /opt/airflow/dags/dag_retrain_pipeline.py
[2026-06-03T12:48:15.984+0000] {processor.py:840} INFO - DAG(s) 'neuralretail_retrain_pipeline' retrieved from /opt/airflow/dags/dag_retrain_pipeline.py
[2026-06-03T12:48:16.013+0000] {logging_mixin.py:188} INFO - [2026-06-03T12:48:16.012+0000] {dag.py:3096} INFO - Sync 1 DAGs
[2026-06-03T12:48:16.028+0000] {logging_mixin.py:188} INFO - [2026-06-03T12:48:16.028+0000] {dag.py:3954} INFO - Setting next_dagrun for neuralretail_retrain_pipeline to None, run_after=None
[2026-06-03T12:48:16.084+0000] {processor.py:183} INFO - Processing /opt/airflow/dags/dag_retrain_pipeline.py took 0.210 seconds
[2026-06-03T12:48:46.659+0000] {processor.py:161} INFO - Started process (PID=6416) to work on /opt/airflow/dags/dag_retrain_pipeline.py
[2026-06-03T12:48:46.662+0000] {processor.py:830} INFO - Processing file /opt/airflow/dags/dag_retrain_pipeline.py for tasks to queue
[2026-06-03T12:48:46.667+0000] {logging_mixin.py:188} INFO - [2026-06-03T12:48:46.666+0000] {dagbag.py:540} INFO - Filling up the DagBag from /opt/airflow/dags/dag_retrain_pipeline.py
[2026-06-03T12:48:46.773+0000] {processor.py:840} INFO - DAG(s) 'neuralretail_retrain_pipeline' retrieved from /opt/airflow/dags/dag_retrain_pipeline.py
[2026-06-03T12:48:46.811+0000] {logging_mixin.py:188} INFO - [2026-06-03T12:48:46.811+0000] {dag.py:3096} INFO - Sync 1 DAGs
[2026-06-03T12:48:46.830+0000] {logging_mixin.py:188} INFO - [2026-06-03T12:48:46.830+0000] {dag.py:3954} INFO - Setting next_dagrun for neuralretail_retrain_pipeline to None, run_after=None
[2026-06-03T12:48:46.895+0000] {processor.py:183} INFO - Processing /opt/airflow/dags/dag_retrain_pipeline.py took 0.248 seconds
[2026-06-03T12:49:17.253+0000] {processor.py:161} INFO - Started process (PID=6436) to work on /opt/airflow/dags/dag_retrain_pipeline.py
[2026-06-03T12:49:17.256+0000] {processor.py:830} INFO - Processing file /opt/airflow/dags/dag_retrain_pipeline.py for tasks to queue
[2026-06-03T12:49:17.258+0000] {logging_mixin.py:188} INFO - [2026-06-03T12:49:17.258+0000] {dagbag.py:540} INFO - Filling up the DagBag from /opt/airflow/dags/dag_retrain_pipeline.py
[2026-06-03T12:49:17.398+0000] {processor.py:840} INFO - DAG(s) 'neuralretail_retrain_pipeline' retrieved from /opt/airflow/dags/dag_retrain_pipeline.py
[2026-06-03T12:49:17.431+0000] {logging_mixin.py:188} INFO - [2026-06-03T12:49:17.431+0000] {dag.py:3096} INFO - Sync 1 DAGs
[2026-06-03T12:49:17.444+0000] {logging_mixin.py:188} INFO - [2026-06-03T12:49:17.444+0000] {dag.py:3954} INFO - Setting next_dagrun for neuralretail_retrain_pipeline to None, run_after=None
[2026-06-03T12:49:17.468+0000] {processor.py:183} INFO - Processing /opt/airflow/dags/dag_retrain_pipeline.py took 0.222 seconds
[2026-06-03T12:49:47.636+0000] {processor.py:161} INFO - Started process (PID=6456) to work on /opt/airflow/dags/dag_retrain_pipeline.py
[2026-06-03T12:49:47.639+0000] {processor.py:830} INFO - Processing file /opt/airflow/dags/dag_retrain_pipeline.py for tasks to queue
[2026-06-03T12:49:47.642+0000] {logging_mixin.py:188} INFO - [2026-06-03T12:49:47.642+0000] {dagbag.py:540} INFO - Filling up the DagBag from /opt/airflow/dags/dag_retrain_pipeline.py
[2026-06-03T12:49:47.708+0000] {processor.py:840} INFO - DAG(s) 'neuralretail_retrain_pipeline' retrieved from /opt/airflow/dags/dag_retrain_pipeline.py
[2026-06-03T12:49:47.732+0000] {logging_mixin.py:188} INFO - [2026-06-03T12:49:47.731+0000] {dag.py:3096} INFO - Sync 1 DAGs
[2026-06-03T12:49:47.743+0000] {logging_mixin.py:188} INFO - [2026-06-03T12:49:47.743+0000] {dag.py:3954} INFO - Setting next_dagrun for neuralretail_retrain_pipeline to None, run_after=None
[2026-06-03T12:49:47.787+0000] {processor.py:183} INFO - Processing /opt/airflow/dags/dag_retrain_pipeline.py took 0.166 seconds
[2026-06-03T12:50:18.013+0000] {processor.py:161} INFO - Started process (PID=6476) to work on /opt/airflow/dags/dag_retrain_pipeline.py
[2026-06-03T12:50:18.015+0000] {processor.py:830} INFO - Processing file /opt/airflow/dags/dag_retrain_pipeline.py for tasks to queue
[2026-06-03T12:50:18.021+0000] {logging_mixin.py:188} INFO - [2026-06-03T12:50:18.020+0000] {dagbag.py:540} INFO - Filling up the DagBag from /opt/airflow/dags/dag_retrain_pipeline.py
[2026-06-03T12:50:18.116+0000] {processor.py:840} INFO - DAG(s) 'neuralretail_retrain_pipeline' retrieved from /opt/airflow/dags/dag_retrain_pipeline.py
[2026-06-03T12:50:18.173+0000] {logging_mixin.py:188} INFO - [2026-06-03T12:50:18.173+0000] {dag.py:3096} INFO - Sync 1 DAGs
[2026-06-03T12:50:18.194+0000] {logging_mixin.py:188} INFO - [2026-06-03T12:50:18.194+0000] {dag.py:3954} INFO - Setting next_dagrun for neuralretail_retrain_pipeline to None, run_after=None
[2026-06-03T12:50:18.219+0000] {processor.py:183} INFO - Processing /opt/airflow/dags/dag_retrain_pipeline.py took 0.225 seconds
[2026-06-03T12:50:48.716+0000] {processor.py:161} INFO - Started process (PID=6496) to work on /opt/airflow/dags/dag_retrain_pipeline.py
[2026-06-03T12:50:48.719+0000] {processor.py:830} INFO - Processing file /opt/airflow/dags/dag_retrain_pipeline.py for tasks to queue
[2026-06-03T12:50:48.723+0000] {logging_mixin.py:188} INFO - [2026-06-03T12:50:48.722+0000] {dagbag.py:540} INFO - Filling up the DagBag from /opt/airflow/dags/dag_retrain_pipeline.py
[2026-06-03T12:50:48.828+0000] {processor.py:840} INFO - DAG(s) 'neuralretail_retrain_pipeline' retrieved from /opt/airflow/dags/dag_retrain_pipeline.py
[2026-06-03T12:50:48.870+0000] {logging_mixin.py:188} INFO - [2026-06-03T12:50:48.870+0000] {dag.py:3096} INFO - Sync 1 DAGs
[2026-06-03T12:50:48.898+0000] {logging_mixin.py:188} INFO - [2026-06-03T12:50:48.898+0000] {dag.py:3954} INFO - Setting next_dagrun for neuralretail_retrain_pipeline to None, run_after=None
[2026-06-03T12:50:48.918+0000] {processor.py:183} INFO - Processing /opt/airflow/dags/dag_retrain_pipeline.py took 0.210 seconds
[2026-06-03T12:51:19.244+0000] {processor.py:161} INFO - Started process (PID=6516) to work on /opt/airflow/dags/dag_retrain_pipeline.py
[2026-06-03T12:51:19.246+0000] {processor.py:830} INFO - Processing file /opt/airflow/dags/dag_retrain_pipeline.py for tasks to queue
[2026-06-03T12:51:19.248+0000] {logging_mixin.py:188} INFO - [2026-06-03T12:51:19.247+0000] {dagbag.py:540} INFO - Filling up the DagBag from /opt/airflow/dags/dag_retrain_pipeline.py
[2026-06-03T12:51:19.284+0000] {processor.py:840} INFO - DAG(s) 'neuralretail_retrain_pipeline' retrieved from /opt/airflow/dags/dag_retrain_pipeline.py
[2026-06-03T12:51:19.312+0000] {logging_mixin.py:188} INFO - [2026-06-03T12:51:19.312+0000] {dag.py:3096} INFO - Sync 1 DAGs
[2026-06-03T12:51:19.328+0000] {logging_mixin.py:188} INFO - [2026-06-03T12:51:19.328+0000] {dag.py:3954} INFO - Setting next_dagrun for neuralretail_retrain_pipeline to None, run_after=None
[2026-06-03T12:51:19.353+0000] {processor.py:183} INFO - Processing /opt/airflow/dags/dag_retrain_pipeline.py took 0.113 seconds
[2026-06-03T12:51:49.904+0000] {processor.py:161} INFO - Started process (PID=6536) to work on /opt/airflow/dags/dag_retrain_pipeline.py
[2026-06-03T12:51:49.905+0000] {processor.py:830} INFO - Processing file /opt/airflow/dags/dag_retrain_pipeline.py for tasks to queue
[2026-06-03T12:51:49.907+0000] {logging_mixin.py:188} INFO - [2026-06-03T12:51:49.906+0000] {dagbag.py:540} INFO - Filling up the DagBag from /opt/airflow/dags/dag_retrain_pipeline.py
[2026-06-03T12:51:49.964+0000] {processor.py:840} INFO - DAG(s) 'neuralretail_retrain_pipeline' retrieved from /opt/airflow/dags/dag_retrain_pipeline.py
[2026-06-03T12:51:50.028+0000] {logging_mixin.py:188} INFO - [2026-06-03T12:51:50.028+0000] {dag.py:3096} INFO - Sync 1 DAGs
[2026-06-03T12:51:50.046+0000] {logging_mixin.py:188} INFO - [2026-06-03T12:51:50.046+0000] {dag.py:3954} INFO - Setting next_dagrun for neuralretail_retrain_pipeline to None, run_after=None
[2026-06-03T12:51:50.075+0000] {processor.py:183} INFO - Processing /opt/airflow/dags/dag_retrain_pipeline.py took 0.179 seconds
[2026-06-03T12:52:20.557+0000] {processor.py:161} INFO - Started process (PID=6556) to work on /opt/airflow/dags/dag_retrain_pipeline.py
[2026-06-03T12:52:20.559+0000] {processor.py:830} INFO - Processing file /opt/airflow/dags/dag_retrain_pipeline.py for tasks to queue
[2026-06-03T12:52:20.563+0000] {logging_mixin.py:188} INFO - [2026-06-03T12:52:20.563+0000] {dagbag.py:540} INFO - Filling up the DagBag from /opt/airflow/dags/dag_retrain_pipeline.py
[2026-06-03T12:52:20.622+0000] {processor.py:840} INFO - DAG(s) 'neuralretail_retrain_pipeline' retrieved from /opt/airflow/dags/dag_retrain_pipeline.py
[2026-06-03T12:52:20.650+0000] {logging_mixin.py:188} INFO - [2026-06-03T12:52:20.650+0000] {dag.py:3096} INFO - Sync 1 DAGs
[2026-06-03T12:52:20.667+0000] {logging_mixin.py:188} INFO - [2026-06-03T12:52:20.667+0000] {dag.py:3954} INFO - Setting next_dagrun for neuralretail_retrain_pipeline to None, run_after=None
[2026-06-03T12:52:20.705+0000] {processor.py:183} INFO - Processing /opt/airflow/dags/dag_retrain_pipeline.py took 0.156 seconds
[2026-06-03T12:52:51.941+0000] {processor.py:161} INFO - Started process (PID=6576) to work on /opt/airflow/dags/dag_retrain_pipeline.py
[2026-06-03T12:52:51.944+0000] {processor.py:830} INFO - Processing file /opt/airflow/dags/dag_retrain_pipeline.py for tasks to queue
[2026-06-03T12:52:51.950+0000] {logging_mixin.py:188} INFO - [2026-06-03T12:52:51.949+0000] {dagbag.py:540} INFO - Filling up the DagBag from /opt/airflow/dags/dag_retrain_pipeline.py
[2026-06-03T12:52:52.061+0000] {processor.py:840} INFO - DAG(s) 'neuralretail_retrain_pipeline' retrieved from /opt/airflow/dags/dag_retrain_pipeline.py
[2026-06-03T12:52:52.121+0000] {logging_mixin.py:188} INFO - [2026-06-03T12:52:52.120+0000] {dag.py:3096} INFO - Sync 1 DAGs
[2026-06-03T12:52:52.161+0000] {logging_mixin.py:188} INFO - [2026-06-03T12:52:52.160+0000] {dag.py:3954} INFO - Setting next_dagrun for neuralretail_retrain_pipeline to None, run_after=None
[2026-06-03T12:52:52.211+0000] {processor.py:183} INFO - Processing /opt/airflow/dags/dag_retrain_pipeline.py took 0.283 seconds
[2026-06-03T12:53:22.744+0000] {processor.py:161} INFO - Started process (PID=6596) to work on /opt/airflow/dags/dag_retrain_pipeline.py
[2026-06-03T12:53:22.747+0000] {processor.py:830} INFO - Processing file /opt/airflow/dags/dag_retrain_pipeline.py for tasks to queue
[2026-06-03T12:53:22.756+0000] {logging_mixin.py:188} INFO - [2026-06-03T12:53:22.755+0000] {dagbag.py:540} INFO - Filling up the DagBag from /opt/airflow/dags/dag_retrain_pipeline.py
[2026-06-03T12:53:22.990+0000] {processor.py:840} INFO - DAG(s) 'neuralretail_retrain_pipeline' retrieved from /opt/airflow/dags/dag_retrain_pipeline.py
[2026-06-03T12:53:23.038+0000] {logging_mixin.py:188} INFO - [2026-06-03T12:53:23.038+0000] {dag.py:3096} INFO - Sync 1 DAGs
[2026-06-03T12:53:23.064+0000] {logging_mixin.py:188} INFO - [2026-06-03T12:53:23.064+0000] {dag.py:3954} INFO - Setting next_dagrun for neuralretail_retrain_pipeline to None, run_after=None
[2026-06-03T12:53:23.100+0000] {processor.py:183} INFO - Processing /opt/airflow/dags/dag_retrain_pipeline.py took 0.364 seconds
[2026-06-03T12:53:53.597+0000] {processor.py:161} INFO - Started process (PID=6616) to work on /opt/airflow/dags/dag_retrain_pipeline.py
[2026-06-03T12:53:53.607+0000] {processor.py:830} INFO - Processing file /opt/airflow/dags/dag_retrain_pipeline.py for tasks to queue
[2026-06-03T12:53:53.619+0000] {logging_mixin.py:188} INFO - [2026-06-03T12:53:53.619+0000] {dagbag.py:540} INFO - Filling up the DagBag from /opt/airflow/dags/dag_retrain_pipeline.py
[2026-06-03T12:53:53.822+0000] {processor.py:840} INFO - DAG(s) 'neuralretail_retrain_pipeline' retrieved from /opt/airflow/dags/dag_retrain_pipeline.py
[2026-06-03T12:53:53.860+0000] {logging_mixin.py:188} INFO - [2026-06-03T12:53:53.860+0000] {dag.py:3096} INFO - Sync 1 DAGs
[2026-06-03T12:53:53.889+0000] {logging_mixin.py:188} INFO - [2026-06-03T12:53:53.889+0000] {dag.py:3954} INFO - Setting next_dagrun for neuralretail_retrain_pipeline to None, run_after=None
[2026-06-03T12:53:53.928+0000] {processor.py:183} INFO - Processing /opt/airflow/dags/dag_retrain_pipeline.py took 0.340 seconds
[2026-06-03T12:54:24.482+0000] {processor.py:161} INFO - Started process (PID=6636) to work on /opt/airflow/dags/dag_retrain_pipeline.py
[2026-06-03T12:54:24.484+0000] {processor.py:830} INFO - Processing file /opt/airflow/dags/dag_retrain_pipeline.py for tasks to queue
[2026-06-03T12:54:24.489+0000] {logging_mixin.py:188} INFO - [2026-06-03T12:54:24.489+0000] {dagbag.py:540} INFO - Filling up the DagBag from /opt/airflow/dags/dag_retrain_pipeline.py
[2026-06-03T12:54:24.554+0000] {processor.py:840} INFO - DAG(s) 'neuralretail_retrain_pipeline' retrieved from /opt/airflow/dags/dag_retrain_pipeline.py
[2026-06-03T12:54:24.603+0000] {logging_mixin.py:188} INFO - [2026-06-03T12:54:24.602+0000] {dag.py:3096} INFO - Sync 1 DAGs
[2026-06-03T12:54:24.624+0000] {logging_mixin.py:188} INFO - [2026-06-03T12:54:24.623+0000] {dag.py:3954} INFO - Setting next_dagrun for neuralretail_retrain_pipeline to None, run_after=None
[2026-06-03T12:54:24.655+0000] {processor.py:183} INFO - Processing /opt/airflow/dags/dag_retrain_pipeline.py took 0.180 seconds
[2026-06-03T12:54:55.068+0000] {processor.py:161} INFO - Started process (PID=6656) to work on /opt/airflow/dags/dag_retrain_pipeline.py
[2026-06-03T12:54:55.076+0000] {processor.py:830} INFO - Processing file /opt/airflow/dags/dag_retrain_pipeline.py for tasks to queue
[2026-06-03T12:54:55.079+0000] {logging_mixin.py:188} INFO - [2026-06-03T12:54:55.079+0000] {dagbag.py:540} INFO - Filling up the DagBag from /opt/airflow/dags/dag_retrain_pipeline.py
[2026-06-03T12:54:55.311+0000] {processor.py:840} INFO - DAG(s) 'neuralretail_retrain_pipeline' retrieved from /opt/airflow/dags/dag_retrain_pipeline.py
[2026-06-03T12:54:55.376+0000] {logging_mixin.py:188} INFO - [2026-06-03T12:54:55.376+0000] {dag.py:3096} INFO - Sync 1 DAGs
[2026-06-03T12:54:55.403+0000] {logging_mixin.py:188} INFO - [2026-06-03T12:54:55.403+0000] {dag.py:3954} INFO - Setting next_dagrun for neuralretail_retrain_pipeline to None, run_after=None
[2026-06-03T12:54:55.441+0000] {processor.py:183} INFO - Processing /opt/airflow/dags/dag_retrain_pipeline.py took 0.391 seconds
[2026-06-03T12:55:26.063+0000] {processor.py:161} INFO - Started process (PID=6676) to work on /opt/airflow/dags/dag_retrain_pipeline.py
[2026-06-03T12:55:26.064+0000] {processor.py:830} INFO - Processing file /opt/airflow/dags/dag_retrain_pipeline.py for tasks to queue
[2026-06-03T12:55:26.066+0000] {logging_mixin.py:188} INFO - [2026-06-03T12:55:26.066+0000] {dagbag.py:540} INFO - Filling up the DagBag from /opt/airflow/dags/dag_retrain_pipeline.py
[2026-06-03T12:55:26.119+0000] {processor.py:840} INFO - DAG(s) 'neuralretail_retrain_pipeline' retrieved from /opt/airflow/dags/dag_retrain_pipeline.py
[2026-06-03T12:55:26.144+0000] {logging_mixin.py:188} INFO - [2026-06-03T12:55:26.144+0000] {dag.py:3096} INFO - Sync 1 DAGs
[2026-06-03T12:55:26.158+0000] {logging_mixin.py:188} INFO - [2026-06-03T12:55:26.158+0000] {dag.py:3954} INFO - Setting next_dagrun for neuralretail_retrain_pipeline to None, run_after=None
[2026-06-03T12:55:26.187+0000] {processor.py:183} INFO - Processing /opt/airflow/dags/dag_retrain_pipeline.py took 0.129 seconds
[2026-06-03T12:55:56.594+0000] {processor.py:161} INFO - Started process (PID=6696) to work on /opt/airflow/dags/dag_retrain_pipeline.py
[2026-06-03T12:55:56.597+0000] {processor.py:830} INFO - Processing file /opt/airflow/dags/dag_retrain_pipeline.py for tasks to queue
[2026-06-03T12:55:56.615+0000] {logging_mixin.py:188} INFO - [2026-06-03T12:55:56.614+0000] {dagbag.py:540} INFO - Filling up the DagBag from /opt/airflow/dags/dag_retrain_pipeline.py
[2026-06-03T12:55:56.701+0000] {processor.py:840} INFO - DAG(s) 'neuralretail_retrain_pipeline' retrieved from /opt/airflow/dags/dag_retrain_pipeline.py
[2026-06-03T12:55:56.726+0000] {logging_mixin.py:188} INFO - [2026-06-03T12:55:56.725+0000] {dag.py:3096} INFO - Sync 1 DAGs
[2026-06-03T12:55:56.739+0000] {logging_mixin.py:188} INFO - [2026-06-03T12:55:56.739+0000] {dag.py:3954} INFO - Setting next_dagrun for neuralretail_retrain_pipeline to None, run_after=None
[2026-06-03T12:55:56.761+0000] {processor.py:183} INFO - Processing /opt/airflow/dags/dag_retrain_pipeline.py took 0.172 seconds
[2026-06-03T12:56:27.596+0000] {processor.py:161} INFO - Started process (PID=6716) to work on /opt/airflow/dags/dag_retrain_pipeline.py
[2026-06-03T12:56:27.600+0000] {processor.py:830} INFO - Processing file /opt/airflow/dags/dag_retrain_pipeline.py for tasks to queue
[2026-06-03T12:56:27.606+0000] {logging_mixin.py:188} INFO - [2026-06-03T12:56:27.605+0000] {dagbag.py:540} INFO - Filling up the DagBag from /opt/airflow/dags/dag_retrain_pipeline.py
[2026-06-03T12:56:27.686+0000] {processor.py:840} INFO - DAG(s) 'neuralretail_retrain_pipeline' retrieved from /opt/airflow/dags/dag_retrain_pipeline.py
[2026-06-03T12:56:27.720+0000] {logging_mixin.py:188} INFO - [2026-06-03T12:56:27.719+0000] {dag.py:3096} INFO - Sync 1 DAGs
[2026-06-03T12:56:27.913+0000] {logging_mixin.py:188} INFO - [2026-06-03T12:56:27.912+0000] {dag.py:3954} INFO - Setting next_dagrun for neuralretail_retrain_pipeline to None, run_after=None
[2026-06-03T12:56:27.954+0000] {processor.py:183} INFO - Processing /opt/airflow/dags/dag_retrain_pipeline.py took 0.370 seconds
[2026-06-03T12:56:58.337+0000] {processor.py:161} INFO - Started process (PID=6736) to work on /opt/airflow/dags/dag_retrain_pipeline.py
[2026-06-03T12:56:58.347+0000] {processor.py:830} INFO - Processing file /opt/airflow/dags/dag_retrain_pipeline.py for tasks to queue
[2026-06-03T12:56:58.351+0000] {logging_mixin.py:188} INFO - [2026-06-03T12:56:58.350+0000] {dagbag.py:540} INFO - Filling up the DagBag from /opt/airflow/dags/dag_retrain_pipeline.py
[2026-06-03T12:56:58.532+0000] {processor.py:840} INFO - DAG(s) 'neuralretail_retrain_pipeline' retrieved from /opt/airflow/dags/dag_retrain_pipeline.py
[2026-06-03T12:56:58.562+0000] {logging_mixin.py:188} INFO - [2026-06-03T12:56:58.562+0000] {dag.py:3096} INFO - Sync 1 DAGs
[2026-06-03T12:56:58.582+0000] {logging_mixin.py:188} INFO - [2026-06-03T12:56:58.582+0000] {dag.py:3954} INFO - Setting next_dagrun for neuralretail_retrain_pipeline to None, run_after=None
[2026-06-03T12:56:58.615+0000] {processor.py:183} INFO - Processing /opt/airflow/dags/dag_retrain_pipeline.py took 0.288 seconds
[2026-06-03T12:57:29.180+0000] {processor.py:161} INFO - Started process (PID=6756) to work on /opt/airflow/dags/dag_retrain_pipeline.py
[2026-06-03T12:57:29.183+0000] {processor.py:830} INFO - Processing file /opt/airflow/dags/dag_retrain_pipeline.py for tasks to queue
[2026-06-03T12:57:29.190+0000] {logging_mixin.py:188} INFO - [2026-06-03T12:57:29.189+0000] {dagbag.py:540} INFO - Filling up the DagBag from /opt/airflow/dags/dag_retrain_pipeline.py
[2026-06-03T12:57:29.272+0000] {processor.py:840} INFO - DAG(s) 'neuralretail_retrain_pipeline' retrieved from /opt/airflow/dags/dag_retrain_pipeline.py
[2026-06-03T12:57:29.295+0000] {logging_mixin.py:188} INFO - [2026-06-03T12:57:29.295+0000] {dag.py:3096} INFO - Sync 1 DAGs
[2026-06-03T12:57:29.310+0000] {logging_mixin.py:188} INFO - [2026-06-03T12:57:29.310+0000] {dag.py:3954} INFO - Setting next_dagrun for neuralretail_retrain_pipeline to None, run_after=None
[2026-06-03T12:57:29.445+0000] {processor.py:183} INFO - Processing /opt/airflow/dags/dag_retrain_pipeline.py took 0.278 seconds
[2026-06-03T12:58:00.258+0000] {processor.py:161} INFO - Started process (PID=6776) to work on /opt/airflow/dags/dag_retrain_pipeline.py
[2026-06-03T12:58:00.260+0000] {processor.py:830} INFO - Processing file /opt/airflow/dags/dag_retrain_pipeline.py for tasks to queue
[2026-06-03T12:58:00.265+0000] {logging_mixin.py:188} INFO - [2026-06-03T12:58:00.264+0000] {dagbag.py:540} INFO - Filling up the DagBag from /opt/airflow/dags/dag_retrain_pipeline.py
[2026-06-03T12:58:00.470+0000] {processor.py:840} INFO - DAG(s) 'neuralretail_retrain_pipeline' retrieved from /opt/airflow/dags/dag_retrain_pipeline.py
[2026-06-03T12:58:00.487+0000] {logging_mixin.py:188} INFO - [2026-06-03T12:58:00.487+0000] {dag.py:3096} INFO - Sync 1 DAGs
[2026-06-03T12:58:00.502+0000] {logging_mixin.py:188} INFO - [2026-06-03T12:58:00.502+0000] {dag.py:3954} INFO - Setting next_dagrun for neuralretail_retrain_pipeline to None, run_after=None
[2026-06-03T12:58:00.529+0000] {processor.py:183} INFO - Processing /opt/airflow/dags/dag_retrain_pipeline.py took 0.279 seconds
[2026-06-03T12:58:31.208+0000] {processor.py:161} INFO - Started process (PID=6796) to work on /opt/airflow/dags/dag_retrain_pipeline.py
[2026-06-03T12:58:31.214+0000] {processor.py:830} INFO - Processing file /opt/airflow/dags/dag_retrain_pipeline.py for tasks to queue
[2026-06-03T12:58:31.221+0000] {logging_mixin.py:188} INFO - [2026-06-03T12:58:31.219+0000] {dagbag.py:540} INFO - Filling up the DagBag from /opt/airflow/dags/dag_retrain_pipeline.py
[2026-06-03T12:58:31.278+0000] {processor.py:840} INFO - DAG(s) 'neuralretail_retrain_pipeline' retrieved from /opt/airflow/dags/dag_retrain_pipeline.py
[2026-06-03T12:58:31.318+0000] {logging_mixin.py:188} INFO - [2026-06-03T12:58:31.318+0000] {dag.py:3096} INFO - Sync 1 DAGs
[2026-06-03T12:58:31.339+0000] {logging_mixin.py:188} INFO - [2026-06-03T12:58:31.339+0000] {dag.py:3954} INFO - Setting next_dagrun for neuralretail_retrain_pipeline to None, run_after=None
[2026-06-03T12:58:31.366+0000] {processor.py:183} INFO - Processing /opt/airflow/dags/dag_retrain_pipeline.py took 0.166 seconds
[2026-06-03T12:59:01.734+0000] {processor.py:161} INFO - Started process (PID=6816) to work on /opt/airflow/dags/dag_retrain_pipeline.py
[2026-06-03T12:59:01.739+0000] {processor.py:830} INFO - Processing file /opt/airflow/dags/dag_retrain_pipeline.py for tasks to queue
[2026-06-03T12:59:01.746+0000] {logging_mixin.py:188} INFO - [2026-06-03T12:59:01.745+0000] {dagbag.py:540} INFO - Filling up the DagBag from /opt/airflow/dags/dag_retrain_pipeline.py
[2026-06-03T12:59:01.934+0000] {processor.py:840} INFO - DAG(s) 'neuralretail_retrain_pipeline' retrieved from /opt/airflow/dags/dag_retrain_pipeline.py
[2026-06-03T12:59:01.982+0000] {logging_mixin.py:188} INFO - [2026-06-03T12:59:01.982+0000] {dag.py:3096} INFO - Sync 1 DAGs
[2026-06-03T12:59:02.003+0000] {logging_mixin.py:188} INFO - [2026-06-03T12:59:02.002+0000] {dag.py:3954} INFO - Setting next_dagrun for neuralretail_retrain_pipeline to None, run_after=None
[2026-06-03T12:59:02.028+0000] {processor.py:183} INFO - Processing /opt/airflow/dags/dag_retrain_pipeline.py took 0.299 seconds
[2026-06-03T12:59:32.962+0000] {processor.py:161} INFO - Started process (PID=6836) to work on /opt/airflow/dags/dag_retrain_pipeline.py
[2026-06-03T12:59:32.963+0000] {processor.py:830} INFO - Processing file /opt/airflow/dags/dag_retrain_pipeline.py for tasks to queue
[2026-06-03T12:59:32.966+0000] {logging_mixin.py:188} INFO - [2026-06-03T12:59:32.966+0000] {dagbag.py:540} INFO - Filling up the DagBag from /opt/airflow/dags/dag_retrain_pipeline.py
[2026-06-03T12:59:33.052+0000] {processor.py:840} INFO - DAG(s) 'neuralretail_retrain_pipeline' retrieved from /opt/airflow/dags/dag_retrain_pipeline.py
[2026-06-03T12:59:33.095+0000] {logging_mixin.py:188} INFO - [2026-06-03T12:59:33.095+0000] {dag.py:3096} INFO - Sync 1 DAGs
[2026-06-03T12:59:33.128+0000] {logging_mixin.py:188} INFO - [2026-06-03T12:59:33.127+0000] {dag.py:3954} INFO - Setting next_dagrun for neuralretail_retrain_pipeline to None, run_after=None
[2026-06-03T12:59:33.157+0000] {processor.py:183} INFO - Processing /opt/airflow/dags/dag_retrain_pipeline.py took 0.202 seconds
[2026-06-03T13:00:03.782+0000] {processor.py:161} INFO - Started process (PID=6856) to work on /opt/airflow/dags/dag_retrain_pipeline.py
[2026-06-03T13:00:03.794+0000] {processor.py:830} INFO - Processing file /opt/airflow/dags/dag_retrain_pipeline.py for tasks to queue
[2026-06-03T13:00:03.801+0000] {logging_mixin.py:188} INFO - [2026-06-03T13:00:03.801+0000] {dagbag.py:540} INFO - Filling up the DagBag from /opt/airflow/dags/dag_retrain_pipeline.py
[2026-06-03T13:00:03.935+0000] {processor.py:840} INFO - DAG(s) 'neuralretail_retrain_pipeline' retrieved from /opt/airflow/dags/dag_retrain_pipeline.py
[2026-06-03T13:00:03.986+0000] {logging_mixin.py:188} INFO - [2026-06-03T13:00:03.986+0000] {dag.py:3096} INFO - Sync 1 DAGs
[2026-06-03T13:00:04.009+0000] {logging_mixin.py:188} INFO - [2026-06-03T13:00:04.008+0000] {dag.py:3954} INFO - Setting next_dagrun for neuralretail_retrain_pipeline to None, run_after=None
[2026-06-03T13:00:04.081+0000] {processor.py:183} INFO - Processing /opt/airflow/dags/dag_retrain_pipeline.py took 0.309 seconds
[2026-06-03T13:00:35.068+0000] {processor.py:161} INFO - Started process (PID=6876) to work on /opt/airflow/dags/dag_retrain_pipeline.py
[2026-06-03T13:00:35.069+0000] {processor.py:830} INFO - Processing file /opt/airflow/dags/dag_retrain_pipeline.py for tasks to queue
[2026-06-03T13:00:35.071+0000] {logging_mixin.py:188} INFO - [2026-06-03T13:00:35.071+0000] {dagbag.py:540} INFO - Filling up the DagBag from /opt/airflow/dags/dag_retrain_pipeline.py
[2026-06-03T13:00:35.153+0000] {processor.py:840} INFO - DAG(s) 'neuralretail_retrain_pipeline' retrieved from /opt/airflow/dags/dag_retrain_pipeline.py
[2026-06-03T13:00:35.188+0000] {logging_mixin.py:188} INFO - [2026-06-03T13:00:35.188+0000] {dag.py:3096} INFO - Sync 1 DAGs
[2026-06-03T13:00:35.200+0000] {logging_mixin.py:188} INFO - [2026-06-03T13:00:35.200+0000] {dag.py:3954} INFO - Setting next_dagrun for neuralretail_retrain_pipeline to None, run_after=None
[2026-06-03T13:00:35.223+0000] {processor.py:183} INFO - Processing /opt/airflow/dags/dag_retrain_pipeline.py took 0.173 seconds
[2026-06-03T13:01:05.925+0000] {processor.py:161} INFO - Started process (PID=6896) to work on /opt/airflow/dags/dag_retrain_pipeline.py
[2026-06-03T13:01:05.927+0000] {processor.py:830} INFO - Processing file /opt/airflow/dags/dag_retrain_pipeline.py for tasks to queue
[2026-06-03T13:01:05.932+0000] {logging_mixin.py:188} INFO - [2026-06-03T13:01:05.931+0000] {dagbag.py:540} INFO - Filling up the DagBag from /opt/airflow/dags/dag_retrain_pipeline.py
[2026-06-03T13:01:06.030+0000] {processor.py:840} INFO - DAG(s) 'neuralretail_retrain_pipeline' retrieved from /opt/airflow/dags/dag_retrain_pipeline.py
[2026-06-03T13:01:06.076+0000] {logging_mixin.py:188} INFO - [2026-06-03T13:01:06.076+0000] {dag.py:3096} INFO - Sync 1 DAGs
[2026-06-03T13:01:06.100+0000] {logging_mixin.py:188} INFO - [2026-06-03T13:01:06.100+0000] {dag.py:3954} INFO - Setting next_dagrun for neuralretail_retrain_pipeline to None, run_after=None
[2026-06-03T13:01:06.134+0000] {processor.py:183} INFO - Processing /opt/airflow/dags/dag_retrain_pipeline.py took 0.217 seconds
[2026-06-03T13:01:37.051+0000] {processor.py:161} INFO - Started process (PID=6916) to work on /opt/airflow/dags/dag_retrain_pipeline.py
[2026-06-03T13:01:37.057+0000] {processor.py:830} INFO - Processing file /opt/airflow/dags/dag_retrain_pipeline.py for tasks to queue
[2026-06-03T13:01:37.068+0000] {logging_mixin.py:188} INFO - [2026-06-03T13:01:37.067+0000] {dagbag.py:540} INFO - Filling up the DagBag from /opt/airflow/dags/dag_retrain_pipeline.py
[2026-06-03T13:01:37.313+0000] {processor.py:840} INFO - DAG(s) 'neuralretail_retrain_pipeline' retrieved from /opt/airflow/dags/dag_retrain_pipeline.py
[2026-06-03T13:01:37.364+0000] {logging_mixin.py:188} INFO - [2026-06-03T13:01:37.364+0000] {dag.py:3096} INFO - Sync 1 DAGs
[2026-06-03T13:01:37.390+0000] {logging_mixin.py:188} INFO - [2026-06-03T13:01:37.390+0000] {dag.py:3954} INFO - Setting next_dagrun for neuralretail_retrain_pipeline to None, run_after=None
[2026-06-03T13:01:37.436+0000] {processor.py:183} INFO - Processing /opt/airflow/dags/dag_retrain_pipeline.py took 0.394 seconds
[2026-06-03T13:02:08.464+0000] {processor.py:161} INFO - Started process (PID=6936) to work on /opt/airflow/dags/dag_retrain_pipeline.py
[2026-06-03T13:02:08.469+0000] {processor.py:830} INFO - Processing file /opt/airflow/dags/dag_retrain_pipeline.py for tasks to queue
[2026-06-03T13:02:08.472+0000] {logging_mixin.py:188} INFO - [2026-06-03T13:02:08.472+0000] {dagbag.py:540} INFO - Filling up the DagBag from /opt/airflow/dags/dag_retrain_pipeline.py
[2026-06-03T13:02:08.779+0000] {processor.py:840} INFO - DAG(s) 'neuralretail_retrain_pipeline' retrieved from /opt/airflow/dags/dag_retrain_pipeline.py
[2026-06-03T13:02:08.812+0000] {logging_mixin.py:188} INFO - [2026-06-03T13:02:08.812+0000] {dag.py:3096} INFO - Sync 1 DAGs
[2026-06-03T13:02:08.834+0000] {logging_mixin.py:188} INFO - [2026-06-03T13:02:08.834+0000] {dag.py:3954} INFO - Setting next_dagrun for neuralretail_retrain_pipeline to None, run_after=None
[2026-06-03T13:02:08.888+0000] {processor.py:183} INFO - Processing /opt/airflow/dags/dag_retrain_pipeline.py took 0.429 seconds
[2026-06-03T13:02:39.647+0000] {processor.py:161} INFO - Started process (PID=6956) to work on /opt/airflow/dags/dag_retrain_pipeline.py
[2026-06-03T13:02:39.650+0000] {processor.py:830} INFO - Processing file /opt/airflow/dags/dag_retrain_pipeline.py for tasks to queue
[2026-06-03T13:02:39.655+0000] {logging_mixin.py:188} INFO - [2026-06-03T13:02:39.654+0000] {dagbag.py:540} INFO - Filling up the DagBag from /opt/airflow/dags/dag_retrain_pipeline.py
[2026-06-03T13:02:39.706+0000] {processor.py:840} INFO - DAG(s) 'neuralretail_retrain_pipeline' retrieved from /opt/airflow/dags/dag_retrain_pipeline.py
[2026-06-03T13:02:39.731+0000] {logging_mixin.py:188} INFO - [2026-06-03T13:02:39.731+0000] {dag.py:3096} INFO - Sync 1 DAGs
[2026-06-03T13:02:39.746+0000] {logging_mixin.py:188} INFO - [2026-06-03T13:02:39.746+0000] {dag.py:3954} INFO - Setting next_dagrun for neuralretail_retrain_pipeline to None, run_after=None
[2026-06-03T13:02:39.779+0000] {processor.py:183} INFO - Processing /opt/airflow/dags/dag_retrain_pipeline.py took 0.142 seconds
[2026-06-03T13:03:10.543+0000] {processor.py:161} INFO - Started process (PID=6976) to work on /opt/airflow/dags/dag_retrain_pipeline.py
[2026-06-03T13:03:10.553+0000] {processor.py:830} INFO - Processing file /opt/airflow/dags/dag_retrain_pipeline.py for tasks to queue
[2026-06-03T13:03:10.577+0000] {logging_mixin.py:188} INFO - [2026-06-03T13:03:10.575+0000] {dagbag.py:540} INFO - Filling up the DagBag from /opt/airflow/dags/dag_retrain_pipeline.py
[2026-06-03T13:03:10.847+0000] {processor.py:840} INFO - DAG(s) 'neuralretail_retrain_pipeline' retrieved from /opt/airflow/dags/dag_retrain_pipeline.py
[2026-06-03T13:03:10.880+0000] {logging_mixin.py:188} INFO - [2026-06-03T13:03:10.879+0000] {dag.py:3096} INFO - Sync 1 DAGs
[2026-06-03T13:03:10.898+0000] {logging_mixin.py:188} INFO - [2026-06-03T13:03:10.898+0000] {dag.py:3954} INFO - Setting next_dagrun for neuralretail_retrain_pipeline to None, run_after=None
[2026-06-03T13:03:10.932+0000] {processor.py:183} INFO - Processing /opt/airflow/dags/dag_retrain_pipeline.py took 0.406 seconds
[2026-06-03T13:03:41.159+0000] {processor.py:161} INFO - Started process (PID=6996) to work on /opt/airflow/dags/dag_retrain_pipeline.py
[2026-06-03T13:03:41.162+0000] {processor.py:830} INFO - Processing file /opt/airflow/dags/dag_retrain_pipeline.py for tasks to queue
[2026-06-03T13:03:41.167+0000] {logging_mixin.py:188} INFO - [2026-06-03T13:03:41.166+0000] {dagbag.py:540} INFO - Filling up the DagBag from /opt/airflow/dags/dag_retrain_pipeline.py
[2026-06-03T13:03:41.274+0000] {processor.py:840} INFO - DAG(s) 'neuralretail_retrain_pipeline' retrieved from /opt/airflow/dags/dag_retrain_pipeline.py
[2026-06-03T13:03:41.303+0000] {logging_mixin.py:188} INFO - [2026-06-03T13:03:41.303+0000] {dag.py:3096} INFO - Sync 1 DAGs
[2026-06-03T13:03:41.330+0000] {logging_mixin.py:188} INFO - [2026-06-03T13:03:41.329+0000] {dag.py:3954} INFO - Setting next_dagrun for neuralretail_retrain_pipeline to None, run_after=None
[2026-06-03T13:03:41.385+0000] {processor.py:183} INFO - Processing /opt/airflow/dags/dag_retrain_pipeline.py took 0.245 seconds
[2026-06-03T13:04:12.415+0000] {processor.py:161} INFO - Started process (PID=7016) to work on /opt/airflow/dags/dag_retrain_pipeline.py
[2026-06-03T13:04:12.419+0000] {processor.py:830} INFO - Processing file /opt/airflow/dags/dag_retrain_pipeline.py for tasks to queue
[2026-06-03T13:04:12.426+0000] {logging_mixin.py:188} INFO - [2026-06-03T13:04:12.426+0000] {dagbag.py:540} INFO - Filling up the DagBag from /opt/airflow/dags/dag_retrain_pipeline.py
[2026-06-03T13:04:12.476+0000] {processor.py:840} INFO - DAG(s) 'neuralretail_retrain_pipeline' retrieved from /opt/airflow/dags/dag_retrain_pipeline.py
[2026-06-03T13:04:12.498+0000] {logging_mixin.py:188} INFO - [2026-06-03T13:04:12.498+0000] {dag.py:3096} INFO - Sync 1 DAGs
[2026-06-03T13:04:12.509+0000] {logging_mixin.py:188} INFO - [2026-06-03T13:04:12.509+0000] {dag.py:3954} INFO - Setting next_dagrun for neuralretail_retrain_pipeline to None, run_after=None
[2026-06-03T13:04:12.527+0000] {processor.py:183} INFO - Processing /opt/airflow/dags/dag_retrain_pipeline.py took 0.118 seconds
[2026-06-03T13:04:42.933+0000] {processor.py:161} INFO - Started process (PID=7036) to work on /opt/airflow/dags/dag_retrain_pipeline.py
[2026-06-03T13:04:42.934+0000] {processor.py:830} INFO - Processing file /opt/airflow/dags/dag_retrain_pipeline.py for tasks to queue
[2026-06-03T13:04:42.936+0000] {logging_mixin.py:188} INFO - [2026-06-03T13:04:42.936+0000] {dagbag.py:540} INFO - Filling up the DagBag from /opt/airflow/dags/dag_retrain_pipeline.py
[2026-06-03T13:04:43.029+0000] {processor.py:840} INFO - DAG(s) 'neuralretail_retrain_pipeline' retrieved from /opt/airflow/dags/dag_retrain_pipeline.py
[2026-06-03T13:04:43.078+0000] {logging_mixin.py:188} INFO - [2026-06-03T13:04:43.078+0000] {dag.py:3096} INFO - Sync 1 DAGs
[2026-06-03T13:04:43.102+0000] {logging_mixin.py:188} INFO - [2026-06-03T13:04:43.102+0000] {dag.py:3954} INFO - Setting next_dagrun for neuralretail_retrain_pipeline to None, run_after=None
[2026-06-03T13:04:43.151+0000] {processor.py:183} INFO - Processing /opt/airflow/dags/dag_retrain_pipeline.py took 0.224 seconds
[2026-06-03T13:05:14.114+0000] {processor.py:161} INFO - Started process (PID=7056) to work on /opt/airflow/dags/dag_retrain_pipeline.py
[2026-06-03T13:05:14.125+0000] {processor.py:830} INFO - Processing file /opt/airflow/dags/dag_retrain_pipeline.py for tasks to queue
[2026-06-03T13:05:14.143+0000] {logging_mixin.py:188} INFO - [2026-06-03T13:05:14.142+0000] {dagbag.py:540} INFO - Filling up the DagBag from /opt/airflow/dags/dag_retrain_pipeline.py
[2026-06-03T13:05:14.314+0000] {processor.py:840} INFO - DAG(s) 'neuralretail_retrain_pipeline' retrieved from /opt/airflow/dags/dag_retrain_pipeline.py
[2026-06-03T13:05:14.357+0000] {logging_mixin.py:188} INFO - [2026-06-03T13:05:14.357+0000] {dag.py:3096} INFO - Sync 1 DAGs
[2026-06-03T13:05:14.371+0000] {logging_mixin.py:188} INFO - [2026-06-03T13:05:14.371+0000] {dag.py:3954} INFO - Setting next_dagrun for neuralretail_retrain_pipeline to None, run_after=None
[2026-06-03T13:05:14.398+0000] {processor.py:183} INFO - Processing /opt/airflow/dags/dag_retrain_pipeline.py took 0.293 seconds
[2026-06-03T13:05:44.640+0000] {processor.py:161} INFO - Started process (PID=7076) to work on /opt/airflow/dags/dag_retrain_pipeline.py
[2026-06-03T13:05:44.642+0000] {processor.py:830} INFO - Processing file /opt/airflow/dags/dag_retrain_pipeline.py for tasks to queue
[2026-06-03T13:05:44.645+0000] {logging_mixin.py:188} INFO - [2026-06-03T13:05:44.644+0000] {dagbag.py:540} INFO - Filling up the DagBag from /opt/airflow/dags/dag_retrain_pipeline.py
[2026-06-03T13:05:44.744+0000] {processor.py:840} INFO - DAG(s) 'neuralretail_retrain_pipeline' retrieved from /opt/airflow/dags/dag_retrain_pipeline.py
[2026-06-03T13:05:44.796+0000] {logging_mixin.py:188} INFO - [2026-06-03T13:05:44.795+0000] {dag.py:3096} INFO - Sync 1 DAGs
[2026-06-03T13:05:44.832+0000] {logging_mixin.py:188} INFO - [2026-06-03T13:05:44.831+0000] {dag.py:3954} INFO - Setting next_dagrun for neuralretail_retrain_pipeline to None, run_after=None
[2026-06-03T13:05:44.874+0000] {processor.py:183} INFO - Processing /opt/airflow/dags/dag_retrain_pipeline.py took 0.241 seconds
[2026-06-03T13:06:15.286+0000] {processor.py:161} INFO - Started process (PID=7096) to work on /opt/airflow/dags/dag_retrain_pipeline.py
[2026-06-03T13:06:15.297+0000] {processor.py:830} INFO - Processing file /opt/airflow/dags/dag_retrain_pipeline.py for tasks to queue
[2026-06-03T13:06:15.313+0000] {logging_mixin.py:188} INFO - [2026-06-03T13:06:15.313+0000] {dagbag.py:540} INFO - Filling up the DagBag from /opt/airflow/dags/dag_retrain_pipeline.py
[2026-06-03T13:06:15.716+0000] {processor.py:840} INFO - DAG(s) 'neuralretail_retrain_pipeline' retrieved from /opt/airflow/dags/dag_retrain_pipeline.py
[2026-06-03T13:06:15.780+0000] {logging_mixin.py:188} INFO - [2026-06-03T13:06:15.779+0000] {dag.py:3096} INFO - Sync 1 DAGs
[2026-06-03T13:06:15.803+0000] {logging_mixin.py:188} INFO - [2026-06-03T13:06:15.802+0000] {dag.py:3954} INFO - Setting next_dagrun for neuralretail_retrain_pipeline to None, run_after=None
[2026-06-03T13:06:15.858+0000] {processor.py:183} INFO - Processing /opt/airflow/dags/dag_retrain_pipeline.py took 0.578 seconds
[2026-06-03T13:06:46.649+0000] {processor.py:161} INFO - Started process (PID=7116) to work on /opt/airflow/dags/dag_retrain_pipeline.py
[2026-06-03T13:06:46.662+0000] {processor.py:830} INFO - Processing file /opt/airflow/dags/dag_retrain_pipeline.py for tasks to queue
[2026-06-03T13:06:46.673+0000] {logging_mixin.py:188} INFO - [2026-06-03T13:06:46.673+0000] {dagbag.py:540} INFO - Filling up the DagBag from /opt/airflow/dags/dag_retrain_pipeline.py
[2026-06-03T13:06:46.899+0000] {processor.py:840} INFO - DAG(s) 'neuralretail_retrain_pipeline' retrieved from /opt/airflow/dags/dag_retrain_pipeline.py
[2026-06-03T13:06:46.975+0000] {logging_mixin.py:188} INFO - [2026-06-03T13:06:46.974+0000] {dag.py:3096} INFO - Sync 1 DAGs
[2026-06-03T13:06:47.013+0000] {logging_mixin.py:188} INFO - [2026-06-03T13:06:47.012+0000] {dag.py:3954} INFO - Setting next_dagrun for neuralretail_retrain_pipeline to None, run_after=None
[2026-06-03T13:06:47.081+0000] {processor.py:183} INFO - Processing /opt/airflow/dags/dag_retrain_pipeline.py took 0.441 seconds
[2026-06-03T13:07:17.473+0000] {processor.py:161} INFO - Started process (PID=7136) to work on /opt/airflow/dags/dag_retrain_pipeline.py
[2026-06-03T13:07:17.475+0000] {processor.py:830} INFO - Processing file /opt/airflow/dags/dag_retrain_pipeline.py for tasks to queue
[2026-06-03T13:07:17.478+0000] {logging_mixin.py:188} INFO - [2026-06-03T13:07:17.478+0000] {dagbag.py:540} INFO - Filling up the DagBag from /opt/airflow/dags/dag_retrain_pipeline.py
[2026-06-03T13:07:17.559+0000] {processor.py:840} INFO - DAG(s) 'neuralretail_retrain_pipeline' retrieved from /opt/airflow/dags/dag_retrain_pipeline.py
[2026-06-03T13:07:17.602+0000] {logging_mixin.py:188} INFO - [2026-06-03T13:07:17.602+0000] {dag.py:3096} INFO - Sync 1 DAGs
[2026-06-03T13:07:17.631+0000] {logging_mixin.py:188} INFO - [2026-06-03T13:07:17.630+0000] {dag.py:3954} INFO - Setting next_dagrun for neuralretail_retrain_pipeline to None, run_after=None
[2026-06-03T13:07:17.699+0000] {processor.py:183} INFO - Processing /opt/airflow/dags/dag_retrain_pipeline.py took 0.234 seconds
[2026-06-03T13:07:48.410+0000] {processor.py:161} INFO - Started process (PID=7156) to work on /opt/airflow/dags/dag_retrain_pipeline.py
[2026-06-03T13:07:48.415+0000] {processor.py:830} INFO - Processing file /opt/airflow/dags/dag_retrain_pipeline.py for tasks to queue
[2026-06-03T13:07:48.418+0000] {logging_mixin.py:188} INFO - [2026-06-03T13:07:48.418+0000] {dagbag.py:540} INFO - Filling up the DagBag from /opt/airflow/dags/dag_retrain_pipeline.py
[2026-06-03T13:07:48.551+0000] {processor.py:840} INFO - DAG(s) 'neuralretail_retrain_pipeline' retrieved from /opt/airflow/dags/dag_retrain_pipeline.py
[2026-06-03T13:07:48.582+0000] {logging_mixin.py:188} INFO - [2026-06-03T13:07:48.582+0000] {dag.py:3096} INFO - Sync 1 DAGs
[2026-06-03T13:07:48.594+0000] {logging_mixin.py:188} INFO - [2026-06-03T13:07:48.593+0000] {dag.py:3954} INFO - Setting next_dagrun for neuralretail_retrain_pipeline to None, run_after=None
[2026-06-03T13:07:48.612+0000] {processor.py:183} INFO - Processing /opt/airflow/dags/dag_retrain_pipeline.py took 0.208 seconds
[2026-06-03T13:08:19.915+0000] {processor.py:161} INFO - Started process (PID=7176) to work on /opt/airflow/dags/dag_retrain_pipeline.py
[2026-06-03T13:08:19.926+0000] {processor.py:830} INFO - Processing file /opt/airflow/dags/dag_retrain_pipeline.py for tasks to queue
[2026-06-03T13:08:19.937+0000] {logging_mixin.py:188} INFO - [2026-06-03T13:08:19.936+0000] {dagbag.py:540} INFO - Filling up the DagBag from /opt/airflow/dags/dag_retrain_pipeline.py
[2026-06-03T13:08:20.687+0000] {processor.py:840} INFO - DAG(s) 'neuralretail_retrain_pipeline' retrieved from /opt/airflow/dags/dag_retrain_pipeline.py
[2026-06-03T13:08:20.735+0000] {logging_mixin.py:188} INFO - [2026-06-03T13:08:20.735+0000] {dag.py:3096} INFO - Sync 1 DAGs
[2026-06-03T13:08:20.760+0000] {logging_mixin.py:188} INFO - [2026-06-03T13:08:20.760+0000] {dag.py:3954} INFO - Setting next_dagrun for neuralretail_retrain_pipeline to None, run_after=None
[2026-06-03T13:08:20.794+0000] {processor.py:183} INFO - Processing /opt/airflow/dags/dag_retrain_pipeline.py took 0.887 seconds
[2026-06-03T13:08:51.302+0000] {processor.py:161} INFO - Started process (PID=7196) to work on /opt/airflow/dags/dag_retrain_pipeline.py
[2026-06-03T13:08:51.303+0000] {processor.py:830} INFO - Processing file /opt/airflow/dags/dag_retrain_pipeline.py for tasks to queue
[2026-06-03T13:08:51.310+0000] {logging_mixin.py:188} INFO - [2026-06-03T13:08:51.310+0000] {dagbag.py:540} INFO - Filling up the DagBag from /opt/airflow/dags/dag_retrain_pipeline.py
[2026-06-03T13:08:51.408+0000] {processor.py:840} INFO - DAG(s) 'neuralretail_retrain_pipeline' retrieved from /opt/airflow/dags/dag_retrain_pipeline.py
[2026-06-03T13:08:51.432+0000] {logging_mixin.py:188} INFO - [2026-06-03T13:08:51.432+0000] {dag.py:3096} INFO - Sync 1 DAGs
[2026-06-03T13:08:51.452+0000] {logging_mixin.py:188} INFO - [2026-06-03T13:08:51.451+0000] {dag.py:3954} INFO - Setting next_dagrun for neuralretail_retrain_pipeline to None, run_after=None
[2026-06-03T13:08:51.494+0000] {processor.py:183} INFO - Processing /opt/airflow/dags/dag_retrain_pipeline.py took 0.199 seconds
[2026-06-03T13:09:22.079+0000] {processor.py:161} INFO - Started process (PID=7216) to work on /opt/airflow/dags/dag_retrain_pipeline.py
[2026-06-03T13:09:22.081+0000] {processor.py:830} INFO - Processing file /opt/airflow/dags/dag_retrain_pipeline.py for tasks to queue
[2026-06-03T13:09:22.085+0000] {logging_mixin.py:188} INFO - [2026-06-03T13:09:22.084+0000] {dagbag.py:540} INFO - Filling up the DagBag from /opt/airflow/dags/dag_retrain_pipeline.py
[2026-06-03T13:09:22.163+0000] {processor.py:840} INFO - DAG(s) 'neuralretail_retrain_pipeline' retrieved from /opt/airflow/dags/dag_retrain_pipeline.py
[2026-06-03T13:09:22.189+0000] {logging_mixin.py:188} INFO - [2026-06-03T13:09:22.189+0000] {dag.py:3096} INFO - Sync 1 DAGs
[2026-06-03T13:09:22.201+0000] {logging_mixin.py:188} INFO - [2026-06-03T13:09:22.201+0000] {dag.py:3954} INFO - Setting next_dagrun for neuralretail_retrain_pipeline to None, run_after=None
[2026-06-03T13:09:22.222+0000] {processor.py:183} INFO - Processing /opt/airflow/dags/dag_retrain_pipeline.py took 0.149 seconds
[2026-06-03T13:09:52.995+0000] {processor.py:161} INFO - Started process (PID=7236) to work on /opt/airflow/dags/dag_retrain_pipeline.py
[2026-06-03T13:09:53.009+0000] {processor.py:830} INFO - Processing file /opt/airflow/dags/dag_retrain_pipeline.py for tasks to queue
[2026-06-03T13:09:53.016+0000] {logging_mixin.py:188} INFO - [2026-06-03T13:09:53.016+0000] {dagbag.py:540} INFO - Filling up the DagBag from /opt/airflow/dags/dag_retrain_pipeline.py
[2026-06-03T13:09:53.209+0000] {processor.py:840} INFO - DAG(s) 'neuralretail_retrain_pipeline' retrieved from /opt/airflow/dags/dag_retrain_pipeline.py
[2026-06-03T13:09:53.269+0000] {logging_mixin.py:188} INFO - [2026-06-03T13:09:53.269+0000] {dag.py:3096} INFO - Sync 1 DAGs
[2026-06-03T13:09:53.288+0000] {logging_mixin.py:188} INFO - [2026-06-03T13:09:53.288+0000] {dag.py:3954} INFO - Setting next_dagrun for neuralretail_retrain_pipeline to None, run_after=None
[2026-06-03T13:09:53.322+0000] {processor.py:183} INFO - Processing /opt/airflow/dags/dag_retrain_pipeline.py took 0.333 seconds
[2026-06-03T13:10:23.585+0000] {processor.py:161} INFO - Started process (PID=7256) to work on /opt/airflow/dags/dag_retrain_pipeline.py
[2026-06-03T13:10:23.592+0000] {processor.py:830} INFO - Processing file /opt/airflow/dags/dag_retrain_pipeline.py for tasks to queue
[2026-06-03T13:10:23.604+0000] {logging_mixin.py:188} INFO - [2026-06-03T13:10:23.604+0000] {dagbag.py:540} INFO - Filling up the DagBag from /opt/airflow/dags/dag_retrain_pipeline.py
[2026-06-03T13:10:23.665+0000] {processor.py:840} INFO - DAG(s) 'neuralretail_retrain_pipeline' retrieved from /opt/airflow/dags/dag_retrain_pipeline.py
[2026-06-03T13:10:23.712+0000] {logging_mixin.py:188} INFO - [2026-06-03T13:10:23.712+0000] {dag.py:3096} INFO - Sync 1 DAGs
[2026-06-03T13:10:23.742+0000] {logging_mixin.py:188} INFO - [2026-06-03T13:10:23.742+0000] {dag.py:3954} INFO - Setting next_dagrun for neuralretail_retrain_pipeline to None, run_after=None
[2026-06-03T13:10:23.798+0000] {processor.py:183} INFO - Processing /opt/airflow/dags/dag_retrain_pipeline.py took 0.219 seconds
[2026-06-03T13:10:54.365+0000] {processor.py:161} INFO - Started process (PID=7276) to work on /opt/airflow/dags/dag_retrain_pipeline.py
[2026-06-03T13:10:54.371+0000] {processor.py:830} INFO - Processing file /opt/airflow/dags/dag_retrain_pipeline.py for tasks to queue
[2026-06-03T13:10:54.381+0000] {logging_mixin.py:188} INFO - [2026-06-03T13:10:54.380+0000] {dagbag.py:540} INFO - Filling up the DagBag from /opt/airflow/dags/dag_retrain_pipeline.py
[2026-06-03T13:10:54.816+0000] {processor.py:840} INFO - DAG(s) 'neuralretail_retrain_pipeline' retrieved from /opt/airflow/dags/dag_retrain_pipeline.py
[2026-06-03T13:10:54.868+0000] {logging_mixin.py:188} INFO - [2026-06-03T13:10:54.868+0000] {dag.py:3096} INFO - Sync 1 DAGs
[2026-06-03T13:10:54.898+0000] {logging_mixin.py:188} INFO - [2026-06-03T13:10:54.898+0000] {dag.py:3954} INFO - Setting next_dagrun for neuralretail_retrain_pipeline to None, run_after=None
[2026-06-03T13:10:54.970+0000] {processor.py:183} INFO - Processing /opt/airflow/dags/dag_retrain_pipeline.py took 0.613 seconds
[2026-06-03T14:16:02.335+0000] {processor.py:161} INFO - Started process (PID=172) to work on /opt/airflow/dags/dag_retrain_pipeline.py
[2026-06-03T14:16:02.387+0000] {processor.py:830} INFO - Processing file /opt/airflow/dags/dag_retrain_pipeline.py for tasks to queue
[2026-06-03T14:16:02.443+0000] {logging_mixin.py:188} INFO - [2026-06-03T14:16:02.442+0000] {dagbag.py:540} INFO - Filling up the DagBag from /opt/airflow/dags/dag_retrain_pipeline.py
[2026-06-03T14:16:05.838+0000] {processor.py:840} INFO - DAG(s) 'neuralretail_retrain_pipeline' retrieved from /opt/airflow/dags/dag_retrain_pipeline.py
[2026-06-03T14:16:06.126+0000] {logging_mixin.py:188} INFO - [2026-06-03T14:16:06.126+0000] {dag.py:3096} INFO - Sync 1 DAGs
[2026-06-03T14:16:06.145+0000] {logging_mixin.py:188} INFO - [2026-06-03T14:16:06.145+0000] {dag.py:3954} INFO - Setting next_dagrun for neuralretail_retrain_pipeline to None, run_after=None
[2026-06-03T14:16:06.290+0000] {processor.py:183} INFO - Processing /opt/airflow/dags/dag_retrain_pipeline.py took 3.969 seconds
[2026-06-03T14:16:44.214+0000] {processor.py:161} INFO - Started process (PID=192) to work on /opt/airflow/dags/dag_retrain_pipeline.py
[2026-06-03T14:16:44.365+0000] {processor.py:830} INFO - Processing file /opt/airflow/dags/dag_retrain_pipeline.py for tasks to queue
[2026-06-03T14:16:44.613+0000] {logging_mixin.py:188} INFO - [2026-06-03T14:16:44.612+0000] {dagbag.py:540} INFO - Filling up the DagBag from /opt/airflow/dags/dag_retrain_pipeline.py
[2026-06-03T14:16:52.737+0000] {processor.py:840} INFO - DAG(s) 'neuralretail_retrain_pipeline' retrieved from /opt/airflow/dags/dag_retrain_pipeline.py
[2026-06-03T14:16:52.834+0000] {logging_mixin.py:188} INFO - [2026-06-03T14:16:52.833+0000] {dag.py:3096} INFO - Sync 1 DAGs
[2026-06-03T14:16:52.978+0000] {logging_mixin.py:188} INFO - [2026-06-03T14:16:52.978+0000] {dag.py:3954} INFO - Setting next_dagrun for neuralretail_retrain_pipeline to None, run_after=None
[2026-06-03T14:16:53.262+0000] {processor.py:183} INFO - Processing /opt/airflow/dags/dag_retrain_pipeline.py took 9.057 seconds
[2026-06-03T14:17:23.455+0000] {processor.py:161} INFO - Started process (PID=212) to work on /opt/airflow/dags/dag_retrain_pipeline.py
[2026-06-03T14:17:23.457+0000] {processor.py:830} INFO - Processing file /opt/airflow/dags/dag_retrain_pipeline.py for tasks to queue
[2026-06-03T14:17:23.460+0000] {logging_mixin.py:188} INFO - [2026-06-03T14:17:23.460+0000] {dagbag.py:540} INFO - Filling up the DagBag from /opt/airflow/dags/dag_retrain_pipeline.py
[2026-06-03T14:17:23.516+0000] {processor.py:840} INFO - DAG(s) 'neuralretail_retrain_pipeline' retrieved from /opt/airflow/dags/dag_retrain_pipeline.py
[2026-06-03T14:17:23.534+0000] {logging_mixin.py:188} INFO - [2026-06-03T14:17:23.534+0000] {dag.py:3096} INFO - Sync 1 DAGs
[2026-06-03T14:17:23.546+0000] {logging_mixin.py:188} INFO - [2026-06-03T14:17:23.546+0000] {dag.py:3954} INFO - Setting next_dagrun for neuralretail_retrain_pipeline to None, run_after=None
[2026-06-03T14:17:23.576+0000] {processor.py:183} INFO - Processing /opt/airflow/dags/dag_retrain_pipeline.py took 0.126 seconds
[2026-06-03T14:17:53.689+0000] {processor.py:161} INFO - Started process (PID=232) to work on /opt/airflow/dags/dag_retrain_pipeline.py
[2026-06-03T14:17:53.692+0000] {processor.py:830} INFO - Processing file /opt/airflow/dags/dag_retrain_pipeline.py for tasks to queue
[2026-06-03T14:17:53.696+0000] {logging_mixin.py:188} INFO - [2026-06-03T14:17:53.696+0000] {dagbag.py:540} INFO - Filling up the DagBag from /opt/airflow/dags/dag_retrain_pipeline.py
[2026-06-03T14:17:53.773+0000] {processor.py:840} INFO - DAG(s) 'neuralretail_retrain_pipeline' retrieved from /opt/airflow/dags/dag_retrain_pipeline.py
[2026-06-03T14:17:53.806+0000] {logging_mixin.py:188} INFO - [2026-06-03T14:17:53.806+0000] {dag.py:3096} INFO - Sync 1 DAGs
[2026-06-03T14:17:53.818+0000] {logging_mixin.py:188} INFO - [2026-06-03T14:17:53.818+0000] {dag.py:3954} INFO - Setting next_dagrun for neuralretail_retrain_pipeline to None, run_after=None
[2026-06-03T14:17:53.841+0000] {processor.py:183} INFO - Processing /opt/airflow/dags/dag_retrain_pipeline.py took 0.163 seconds
[2026-06-03T14:18:24.365+0000] {processor.py:161} INFO - Started process (PID=252) to work on /opt/airflow/dags/dag_retrain_pipeline.py
[2026-06-03T14:18:24.368+0000] {processor.py:830} INFO - Processing file /opt/airflow/dags/dag_retrain_pipeline.py for tasks to queue
[2026-06-03T14:18:24.377+0000] {logging_mixin.py:188} INFO - [2026-06-03T14:18:24.376+0000] {dagbag.py:540} INFO - Filling up the DagBag from /opt/airflow/dags/dag_retrain_pipeline.py
[2026-06-03T14:18:24.483+0000] {processor.py:840} INFO - DAG(s) 'neuralretail_retrain_pipeline' retrieved from /opt/airflow/dags/dag_retrain_pipeline.py
[2026-06-03T14:18:24.520+0000] {logging_mixin.py:188} INFO - [2026-06-03T14:18:24.519+0000] {dag.py:3096} INFO - Sync 1 DAGs
[2026-06-03T14:18:24.533+0000] {logging_mixin.py:188} INFO - [2026-06-03T14:18:24.532+0000] {dag.py:3954} INFO - Setting next_dagrun for neuralretail_retrain_pipeline to None, run_after=None
[2026-06-03T14:18:24.563+0000] {processor.py:183} INFO - Processing /opt/airflow/dags/dag_retrain_pipeline.py took 0.209 seconds
[2026-06-03T14:18:55.308+0000] {processor.py:161} INFO - Started process (PID=272) to work on /opt/airflow/dags/dag_retrain_pipeline.py
[2026-06-03T14:18:55.311+0000] {processor.py:830} INFO - Processing file /opt/airflow/dags/dag_retrain_pipeline.py for tasks to queue
[2026-06-03T14:18:55.314+0000] {logging_mixin.py:188} INFO - [2026-06-03T14:18:55.313+0000] {dagbag.py:540} INFO - Filling up the DagBag from /opt/airflow/dags/dag_retrain_pipeline.py
[2026-06-03T14:18:55.375+0000] {processor.py:840} INFO - DAG(s) 'neuralretail_retrain_pipeline' retrieved from /opt/airflow/dags/dag_retrain_pipeline.py
[2026-06-03T14:18:55.505+0000] {logging_mixin.py:188} INFO - [2026-06-03T14:18:55.504+0000] {dag.py:3096} INFO - Sync 1 DAGs
[2026-06-03T14:18:55.527+0000] {logging_mixin.py:188} INFO - [2026-06-03T14:18:55.527+0000] {dag.py:3954} INFO - Setting next_dagrun for neuralretail_retrain_pipeline to None, run_after=None
[2026-06-03T14:18:55.570+0000] {processor.py:183} INFO - Processing /opt/airflow/dags/dag_retrain_pipeline.py took 0.268 seconds
[2026-06-03T14:19:25.865+0000] {processor.py:161} INFO - Started process (PID=292) to work on /opt/airflow/dags/dag_retrain_pipeline.py
[2026-06-03T14:19:25.869+0000] {processor.py:830} INFO - Processing file /opt/airflow/dags/dag_retrain_pipeline.py for tasks to queue
[2026-06-03T14:19:25.879+0000] {logging_mixin.py:188} INFO - [2026-06-03T14:19:25.878+0000] {dagbag.py:540} INFO - Filling up the DagBag from /opt/airflow/dags/dag_retrain_pipeline.py
[2026-06-03T14:19:25.993+0000] {processor.py:840} INFO - DAG(s) 'neuralretail_retrain_pipeline' retrieved from /opt/airflow/dags/dag_retrain_pipeline.py
[2026-06-03T14:19:26.023+0000] {logging_mixin.py:188} INFO - [2026-06-03T14:19:26.023+0000] {dag.py:3096} INFO - Sync 1 DAGs
[2026-06-03T14:19:26.035+0000] {logging_mixin.py:188} INFO - [2026-06-03T14:19:26.034+0000] {dag.py:3954} INFO - Setting next_dagrun for neuralretail_retrain_pipeline to None, run_after=None
[2026-06-03T14:19:26.076+0000] {processor.py:183} INFO - Processing /opt/airflow/dags/dag_retrain_pipeline.py took 0.221 seconds
[2026-06-03T14:19:56.844+0000] {processor.py:161} INFO - Started process (PID=312) to work on /opt/airflow/dags/dag_retrain_pipeline.py
[2026-06-03T14:19:56.846+0000] {processor.py:830} INFO - Processing file /opt/airflow/dags/dag_retrain_pipeline.py for tasks to queue
[2026-06-03T14:19:56.849+0000] {logging_mixin.py:188} INFO - [2026-06-03T14:19:56.848+0000] {dagbag.py:540} INFO - Filling up the DagBag from /opt/airflow/dags/dag_retrain_pipeline.py
[2026-06-03T14:19:56.890+0000] {processor.py:840} INFO - DAG(s) 'neuralretail_retrain_pipeline' retrieved from /opt/airflow/dags/dag_retrain_pipeline.py
[2026-06-03T14:19:56.917+0000] {logging_mixin.py:188} INFO - [2026-06-03T14:19:56.917+0000] {dag.py:3096} INFO - Sync 1 DAGs
[2026-06-03T14:19:56.929+0000] {logging_mixin.py:188} INFO - [2026-06-03T14:19:56.928+0000] {dag.py:3954} INFO - Setting next_dagrun for neuralretail_retrain_pipeline to None, run_after=None
[2026-06-03T14:19:56.966+0000] {processor.py:183} INFO - Processing /opt/airflow/dags/dag_retrain_pipeline.py took 0.127 seconds
[2026-06-03T14:20:27.610+0000] {processor.py:161} INFO - Started process (PID=332) to work on /opt/airflow/dags/dag_retrain_pipeline.py
[2026-06-03T14:20:27.615+0000] {processor.py:830} INFO - Processing file /opt/airflow/dags/dag_retrain_pipeline.py for tasks to queue
[2026-06-03T14:20:27.622+0000] {logging_mixin.py:188} INFO - [2026-06-03T14:20:27.622+0000] {dagbag.py:540} INFO - Filling up the DagBag from /opt/airflow/dags/dag_retrain_pipeline.py
[2026-06-03T14:20:27.786+0000] {processor.py:840} INFO - DAG(s) 'neuralretail_retrain_pipeline' retrieved from /opt/airflow/dags/dag_retrain_pipeline.py
[2026-06-03T14:20:27.828+0000] {logging_mixin.py:188} INFO - [2026-06-03T14:20:27.828+0000] {dag.py:3096} INFO - Sync 1 DAGs
[2026-06-03T14:20:27.861+0000] {logging_mixin.py:188} INFO - [2026-06-03T14:20:27.861+0000] {dag.py:3954} INFO - Setting next_dagrun for neuralretail_retrain_pipeline to None, run_after=None
[2026-06-03T14:20:27.910+0000] {processor.py:183} INFO - Processing /opt/airflow/dags/dag_retrain_pipeline.py took 0.310 seconds
[2026-06-03T14:20:58.283+0000] {processor.py:161} INFO - Started process (PID=352) to work on /opt/airflow/dags/dag_retrain_pipeline.py
[2026-06-03T14:20:58.286+0000] {processor.py:830} INFO - Processing file /opt/airflow/dags/dag_retrain_pipeline.py for tasks to queue
[2026-06-03T14:20:58.289+0000] {logging_mixin.py:188} INFO - [2026-06-03T14:20:58.288+0000] {dagbag.py:540} INFO - Filling up the DagBag from /opt/airflow/dags/dag_retrain_pipeline.py
[2026-06-03T14:20:58.377+0000] {processor.py:840} INFO - DAG(s) 'neuralretail_retrain_pipeline' retrieved from /opt/airflow/dags/dag_retrain_pipeline.py
[2026-06-03T14:20:58.411+0000] {logging_mixin.py:188} INFO - [2026-06-03T14:20:58.410+0000] {dag.py:3096} INFO - Sync 1 DAGs
[2026-06-03T14:20:58.426+0000] {logging_mixin.py:188} INFO - [2026-06-03T14:20:58.425+0000] {dag.py:3954} INFO - Setting next_dagrun for neuralretail_retrain_pipeline to None, run_after=None
[2026-06-03T14:20:58.472+0000] {processor.py:183} INFO - Processing /opt/airflow/dags/dag_retrain_pipeline.py took 0.204 seconds
[2026-06-03T14:21:28.849+0000] {processor.py:161} INFO - Started process (PID=372) to work on /opt/airflow/dags/dag_retrain_pipeline.py
[2026-06-03T14:21:28.851+0000] {processor.py:830} INFO - Processing file /opt/airflow/dags/dag_retrain_pipeline.py for tasks to queue
[2026-06-03T14:21:28.856+0000] {logging_mixin.py:188} INFO - [2026-06-03T14:21:28.856+0000] {dagbag.py:540} INFO - Filling up the DagBag from /opt/airflow/dags/dag_retrain_pipeline.py
[2026-06-03T14:21:28.960+0000] {processor.py:840} INFO - DAG(s) 'neuralretail_retrain_pipeline' retrieved from /opt/airflow/dags/dag_retrain_pipeline.py
[2026-06-03T14:21:29.012+0000] {logging_mixin.py:188} INFO - [2026-06-03T14:21:29.012+0000] {dag.py:3096} INFO - Sync 1 DAGs
[2026-06-03T14:21:29.028+0000] {logging_mixin.py:188} INFO - [2026-06-03T14:21:29.028+0000] {dag.py:3954} INFO - Setting next_dagrun for neuralretail_retrain_pipeline to None, run_after=None
[2026-06-03T14:21:29.071+0000] {processor.py:183} INFO - Processing /opt/airflow/dags/dag_retrain_pipeline.py took 0.236 seconds
[2026-06-03T14:21:59.326+0000] {processor.py:161} INFO - Started process (PID=392) to work on /opt/airflow/dags/dag_retrain_pipeline.py
[2026-06-03T14:21:59.328+0000] {processor.py:830} INFO - Processing file /opt/airflow/dags/dag_retrain_pipeline.py for tasks to queue
[2026-06-03T14:21:59.329+0000] {logging_mixin.py:188} INFO - [2026-06-03T14:21:59.329+0000] {dagbag.py:540} INFO - Filling up the DagBag from /opt/airflow/dags/dag_retrain_pipeline.py
[2026-06-03T14:21:59.352+0000] {processor.py:840} INFO - DAG(s) 'neuralretail_retrain_pipeline' retrieved from /opt/airflow/dags/dag_retrain_pipeline.py
[2026-06-03T14:21:59.376+0000] {logging_mixin.py:188} INFO - [2026-06-03T14:21:59.375+0000] {dag.py:3096} INFO - Sync 1 DAGs
[2026-06-03T14:21:59.385+0000] {logging_mixin.py:188} INFO - [2026-06-03T14:21:59.385+0000] {dag.py:3954} INFO - Setting next_dagrun for neuralretail_retrain_pipeline to None, run_after=None
[2026-06-03T14:21:59.416+0000] {processor.py:183} INFO - Processing /opt/airflow/dags/dag_retrain_pipeline.py took 0.094 seconds
[2026-06-03T14:22:29.857+0000] {processor.py:161} INFO - Started process (PID=412) to work on /opt/airflow/dags/dag_retrain_pipeline.py
[2026-06-03T14:22:29.858+0000] {processor.py:830} INFO - Processing file /opt/airflow/dags/dag_retrain_pipeline.py for tasks to queue
[2026-06-03T14:22:29.859+0000] {logging_mixin.py:188} INFO - [2026-06-03T14:22:29.859+0000] {dagbag.py:540} INFO - Filling up the DagBag from /opt/airflow/dags/dag_retrain_pipeline.py
[2026-06-03T14:22:29.887+0000] {processor.py:840} INFO - DAG(s) 'neuralretail_retrain_pipeline' retrieved from /opt/airflow/dags/dag_retrain_pipeline.py
[2026-06-03T14:22:29.908+0000] {logging_mixin.py:188} INFO - [2026-06-03T14:22:29.908+0000] {dag.py:3096} INFO - Sync 1 DAGs
[2026-06-03T14:22:29.919+0000] {logging_mixin.py:188} INFO - [2026-06-03T14:22:29.919+0000] {dag.py:3954} INFO - Setting next_dagrun for neuralretail_retrain_pipeline to None, run_after=None
[2026-06-03T14:22:29.938+0000] {processor.py:183} INFO - Processing /opt/airflow/dags/dag_retrain_pipeline.py took 0.088 seconds
[2026-06-03T14:23:00.140+0000] {processor.py:161} INFO - Started process (PID=432) to work on /opt/airflow/dags/dag_retrain_pipeline.py
[2026-06-03T14:23:00.141+0000] {processor.py:830} INFO - Processing file /opt/airflow/dags/dag_retrain_pipeline.py for tasks to queue
[2026-06-03T14:23:00.144+0000] {logging_mixin.py:188} INFO - [2026-06-03T14:23:00.143+0000] {dagbag.py:540} INFO - Filling up the DagBag from /opt/airflow/dags/dag_retrain_pipeline.py
[2026-06-03T14:23:00.194+0000] {processor.py:840} INFO - DAG(s) 'neuralretail_retrain_pipeline' retrieved from /opt/airflow/dags/dag_retrain_pipeline.py
[2026-06-03T14:23:00.212+0000] {logging_mixin.py:188} INFO - [2026-06-03T14:23:00.211+0000] {dag.py:3096} INFO - Sync 1 DAGs
[2026-06-03T14:23:00.223+0000] {logging_mixin.py:188} INFO - [2026-06-03T14:23:00.223+0000] {dag.py:3954} INFO - Setting next_dagrun for neuralretail_retrain_pipeline to None, run_after=None
[2026-06-03T14:23:00.244+0000] {processor.py:183} INFO - Processing /opt/airflow/dags/dag_retrain_pipeline.py took 0.107 seconds
[2026-06-03T14:23:30.539+0000] {processor.py:161} INFO - Started process (PID=452) to work on /opt/airflow/dags/dag_retrain_pipeline.py
[2026-06-03T14:23:30.540+0000] {processor.py:830} INFO - Processing file /opt/airflow/dags/dag_retrain_pipeline.py for tasks to queue
[2026-06-03T14:23:30.542+0000] {logging_mixin.py:188} INFO - [2026-06-03T14:23:30.542+0000] {dagbag.py:540} INFO - Filling up the DagBag from /opt/airflow/dags/dag_retrain_pipeline.py
[2026-06-03T14:23:30.567+0000] {processor.py:840} INFO - DAG(s) 'neuralretail_retrain_pipeline' retrieved from /opt/airflow/dags/dag_retrain_pipeline.py
[2026-06-03T14:23:30.588+0000] {logging_mixin.py:188} INFO - [2026-06-03T14:23:30.588+0000] {dag.py:3096} INFO - Sync 1 DAGs
[2026-06-03T14:23:30.598+0000] {logging_mixin.py:188} INFO - [2026-06-03T14:23:30.598+0000] {dag.py:3954} INFO - Setting next_dagrun for neuralretail_retrain_pipeline to None, run_after=None
[2026-06-03T14:23:30.617+0000] {processor.py:183} INFO - Processing /opt/airflow/dags/dag_retrain_pipeline.py took 0.084 seconds
[2026-06-03T14:24:01.233+0000] {processor.py:161} INFO - Started process (PID=472) to work on /opt/airflow/dags/dag_retrain_pipeline.py
[2026-06-03T14:24:01.235+0000] {processor.py:830} INFO - Processing file /opt/airflow/dags/dag_retrain_pipeline.py for tasks to queue
[2026-06-03T14:24:01.237+0000] {logging_mixin.py:188} INFO - [2026-06-03T14:24:01.237+0000] {dagbag.py:540} INFO - Filling up the DagBag from /opt/airflow/dags/dag_retrain_pipeline.py
[2026-06-03T14:24:01.284+0000] {processor.py:840} INFO - DAG(s) 'neuralretail_retrain_pipeline' retrieved from /opt/airflow/dags/dag_retrain_pipeline.py
[2026-06-03T14:24:01.303+0000] {logging_mixin.py:188} INFO - [2026-06-03T14:24:01.303+0000] {dag.py:3096} INFO - Sync 1 DAGs
[2026-06-03T14:24:01.313+0000] {logging_mixin.py:188} INFO - [2026-06-03T14:24:01.312+0000] {dag.py:3954} INFO - Setting next_dagrun for neuralretail_retrain_pipeline to None, run_after=None
[2026-06-03T14:24:01.330+0000] {processor.py:183} INFO - Processing /opt/airflow/dags/dag_retrain_pipeline.py took 0.106 seconds
[2026-06-03T14:24:32.243+0000] {processor.py:161} INFO - Started process (PID=492) to work on /opt/airflow/dags/dag_retrain_pipeline.py
[2026-06-03T14:24:32.245+0000] {processor.py:830} INFO - Processing file /opt/airflow/dags/dag_retrain_pipeline.py for tasks to queue
[2026-06-03T14:24:32.247+0000] {logging_mixin.py:188} INFO - [2026-06-03T14:24:32.246+0000] {dagbag.py:540} INFO - Filling up the DagBag from /opt/airflow/dags/dag_retrain_pipeline.py
[2026-06-03T14:24:32.280+0000] {processor.py:840} INFO - DAG(s) 'neuralretail_retrain_pipeline' retrieved from /opt/airflow/dags/dag_retrain_pipeline.py
[2026-06-03T14:24:32.302+0000] {logging_mixin.py:188} INFO - [2026-06-03T14:24:32.302+0000] {dag.py:3096} INFO - Sync 1 DAGs
[2026-06-03T14:24:32.313+0000] {logging_mixin.py:188} INFO - [2026-06-03T14:24:32.312+0000] {dag.py:3954} INFO - Setting next_dagrun for neuralretail_retrain_pipeline to None, run_after=None
[2026-06-03T14:24:32.331+0000] {processor.py:183} INFO - Processing /opt/airflow/dags/dag_retrain_pipeline.py took 0.098 seconds
[2026-06-03T14:25:02.423+0000] {processor.py:161} INFO - Started process (PID=512) to work on /opt/airflow/dags/dag_retrain_pipeline.py
[2026-06-03T14:25:02.424+0000] {processor.py:830} INFO - Processing file /opt/airflow/dags/dag_retrain_pipeline.py for tasks to queue
[2026-06-03T14:25:02.426+0000] {logging_mixin.py:188} INFO - [2026-06-03T14:25:02.426+0000] {dagbag.py:540} INFO - Filling up the DagBag from /opt/airflow/dags/dag_retrain_pipeline.py
[2026-06-03T14:25:02.446+0000] {processor.py:840} INFO - DAG(s) 'neuralretail_retrain_pipeline' retrieved from /opt/airflow/dags/dag_retrain_pipeline.py
[2026-06-03T14:25:02.465+0000] {logging_mixin.py:188} INFO - [2026-06-03T14:25:02.465+0000] {dag.py:3096} INFO - Sync 1 DAGs
[2026-06-03T14:25:02.478+0000] {logging_mixin.py:188} INFO - [2026-06-03T14:25:02.478+0000] {dag.py:3954} INFO - Setting next_dagrun for neuralretail_retrain_pipeline to None, run_after=None
[2026-06-03T14:25:02.496+0000] {processor.py:183} INFO - Processing /opt/airflow/dags/dag_retrain_pipeline.py took 0.078 seconds
[2026-06-03T14:25:32.915+0000] {processor.py:161} INFO - Started process (PID=532) to work on /opt/airflow/dags/dag_retrain_pipeline.py
[2026-06-03T14:25:32.916+0000] {processor.py:830} INFO - Processing file /opt/airflow/dags/dag_retrain_pipeline.py for tasks to queue
[2026-06-03T14:25:32.917+0000] {logging_mixin.py:188} INFO - [2026-06-03T14:25:32.917+0000] {dagbag.py:540} INFO - Filling up the DagBag from /opt/airflow/dags/dag_retrain_pipeline.py
[2026-06-03T14:25:32.944+0000] {processor.py:840} INFO - DAG(s) 'neuralretail_retrain_pipeline' retrieved from /opt/airflow/dags/dag_retrain_pipeline.py
[2026-06-03T14:25:32.962+0000] {logging_mixin.py:188} INFO - [2026-06-03T14:25:32.962+0000] {dag.py:3096} INFO - Sync 1 DAGs
[2026-06-03T14:25:32.972+0000] {logging_mixin.py:188} INFO - [2026-06-03T14:25:32.972+0000] {dag.py:3954} INFO - Setting next_dagrun for neuralretail_retrain_pipeline to None, run_after=None
[2026-06-03T14:25:32.988+0000] {processor.py:183} INFO - Processing /opt/airflow/dags/dag_retrain_pipeline.py took 0.079 seconds
[2026-06-03T14:26:03.309+0000] {processor.py:161} INFO - Started process (PID=552) to work on /opt/airflow/dags/dag_retrain_pipeline.py
[2026-06-03T14:26:03.314+0000] {processor.py:830} INFO - Processing file /opt/airflow/dags/dag_retrain_pipeline.py for tasks to queue
[2026-06-03T14:26:03.319+0000] {logging_mixin.py:188} INFO - [2026-06-03T14:26:03.319+0000] {dagbag.py:540} INFO - Filling up the DagBag from /opt/airflow/dags/dag_retrain_pipeline.py
[2026-06-03T14:26:03.373+0000] {processor.py:840} INFO - DAG(s) 'neuralretail_retrain_pipeline' retrieved from /opt/airflow/dags/dag_retrain_pipeline.py
[2026-06-03T14:26:03.397+0000] {logging_mixin.py:188} INFO - [2026-06-03T14:26:03.397+0000] {dag.py:3096} INFO - Sync 1 DAGs
[2026-06-03T14:26:03.408+0000] {logging_mixin.py:188} INFO - [2026-06-03T14:26:03.408+0000] {dag.py:3954} INFO - Setting next_dagrun for neuralretail_retrain_pipeline to None, run_after=None
[2026-06-03T14:26:03.424+0000] {processor.py:183} INFO - Processing /opt/airflow/dags/dag_retrain_pipeline.py took 0.126 seconds
[2026-06-03T14:26:33.939+0000] {processor.py:161} INFO - Started process (PID=572) to work on /opt/airflow/dags/dag_retrain_pipeline.py
[2026-06-03T14:26:33.939+0000] {processor.py:830} INFO - Processing file /opt/airflow/dags/dag_retrain_pipeline.py for tasks to queue
[2026-06-03T14:26:33.941+0000] {logging_mixin.py:188} INFO - [2026-06-03T14:26:33.941+0000] {dagbag.py:540} INFO - Filling up the DagBag from /opt/airflow/dags/dag_retrain_pipeline.py
[2026-06-03T14:26:33.958+0000] {processor.py:840} INFO - DAG(s) 'neuralretail_retrain_pipeline' retrieved from /opt/airflow/dags/dag_retrain_pipeline.py
[2026-06-03T14:26:33.974+0000] {logging_mixin.py:188} INFO - [2026-06-03T14:26:33.974+0000] {dag.py:3096} INFO - Sync 1 DAGs
[2026-06-03T14:26:33.983+0000] {logging_mixin.py:188} INFO - [2026-06-03T14:26:33.983+0000] {dag.py:3954} INFO - Setting next_dagrun for neuralretail_retrain_pipeline to None, run_after=None
[2026-06-03T14:26:34.000+0000] {processor.py:183} INFO - Processing /opt/airflow/dags/dag_retrain_pipeline.py took 0.065 seconds
[2026-06-03T14:27:04.327+0000] {processor.py:161} INFO - Started process (PID=592) to work on /opt/airflow/dags/dag_retrain_pipeline.py
[2026-06-03T14:27:04.328+0000] {processor.py:830} INFO - Processing file /opt/airflow/dags/dag_retrain_pipeline.py for tasks to queue
[2026-06-03T14:27:04.329+0000] {logging_mixin.py:188} INFO - [2026-06-03T14:27:04.329+0000] {dagbag.py:540} INFO - Filling up the DagBag from /opt/airflow/dags/dag_retrain_pipeline.py
[2026-06-03T14:27:04.348+0000] {processor.py:840} INFO - DAG(s) 'neuralretail_retrain_pipeline' retrieved from /opt/airflow/dags/dag_retrain_pipeline.py
[2026-06-03T14:27:04.364+0000] {logging_mixin.py:188} INFO - [2026-06-03T14:27:04.364+0000] {dag.py:3096} INFO - Sync 1 DAGs
[2026-06-03T14:27:04.375+0000] {logging_mixin.py:188} INFO - [2026-06-03T14:27:04.374+0000] {dag.py:3954} INFO - Setting next_dagrun for neuralretail_retrain_pipeline to None, run_after=None
[2026-06-03T14:27:04.391+0000] {processor.py:183} INFO - Processing /opt/airflow/dags/dag_retrain_pipeline.py took 0.068 seconds
[2026-06-03T14:27:34.680+0000] {processor.py:161} INFO - Started process (PID=612) to work on /opt/airflow/dags/dag_retrain_pipeline.py
[2026-06-03T14:27:34.681+0000] {processor.py:830} INFO - Processing file /opt/airflow/dags/dag_retrain_pipeline.py for tasks to queue
[2026-06-03T14:27:34.683+0000] {logging_mixin.py:188} INFO - [2026-06-03T14:27:34.682+0000] {dagbag.py:540} INFO - Filling up the DagBag from /opt/airflow/dags/dag_retrain_pipeline.py
[2026-06-03T14:27:34.701+0000] {processor.py:840} INFO - DAG(s) 'neuralretail_retrain_pipeline' retrieved from /opt/airflow/dags/dag_retrain_pipeline.py
[2026-06-03T14:27:34.719+0000] {logging_mixin.py:188} INFO - [2026-06-03T14:27:34.718+0000] {dag.py:3096} INFO - Sync 1 DAGs
[2026-06-03T14:27:34.728+0000] {logging_mixin.py:188} INFO - [2026-06-03T14:27:34.728+0000] {dag.py:3954} INFO - Setting next_dagrun for neuralretail_retrain_pipeline to None, run_after=None
[2026-06-03T14:27:34.747+0000] {processor.py:183} INFO - Processing /opt/airflow/dags/dag_retrain_pipeline.py took 0.072 seconds
[2026-06-03T14:28:05.020+0000] {processor.py:161} INFO - Started process (PID=632) to work on /opt/airflow/dags/dag_retrain_pipeline.py
[2026-06-03T14:28:05.022+0000] {processor.py:830} INFO - Processing file /opt/airflow/dags/dag_retrain_pipeline.py for tasks to queue
[2026-06-03T14:28:05.023+0000] {logging_mixin.py:188} INFO - [2026-06-03T14:28:05.023+0000] {dagbag.py:540} INFO - Filling up the DagBag from /opt/airflow/dags/dag_retrain_pipeline.py
[2026-06-03T14:28:05.045+0000] {processor.py:840} INFO - DAG(s) 'neuralretail_retrain_pipeline' retrieved from /opt/airflow/dags/dag_retrain_pipeline.py
[2026-06-03T14:28:05.064+0000] {logging_mixin.py:188} INFO - [2026-06-03T14:28:05.064+0000] {dag.py:3096} INFO - Sync 1 DAGs
[2026-06-03T14:28:05.076+0000] {logging_mixin.py:188} INFO - [2026-06-03T14:28:05.076+0000] {dag.py:3954} INFO - Setting next_dagrun for neuralretail_retrain_pipeline to None, run_after=None
[2026-06-03T14:28:05.094+0000] {processor.py:183} INFO - Processing /opt/airflow/dags/dag_retrain_pipeline.py took 0.080 seconds
[2026-06-03T14:28:35.238+0000] {processor.py:161} INFO - Started process (PID=652) to work on /opt/airflow/dags/dag_retrain_pipeline.py
[2026-06-03T14:28:35.239+0000] {processor.py:830} INFO - Processing file /opt/airflow/dags/dag_retrain_pipeline.py for tasks to queue
[2026-06-03T14:28:35.240+0000] {logging_mixin.py:188} INFO - [2026-06-03T14:28:35.240+0000] {dagbag.py:540} INFO - Filling up the DagBag from /opt/airflow/dags/dag_retrain_pipeline.py
[2026-06-03T14:28:35.257+0000] {processor.py:840} INFO - DAG(s) 'neuralretail_retrain_pipeline' retrieved from /opt/airflow/dags/dag_retrain_pipeline.py
[2026-06-03T14:28:35.275+0000] {logging_mixin.py:188} INFO - [2026-06-03T14:28:35.274+0000] {dag.py:3096} INFO - Sync 1 DAGs
[2026-06-03T14:28:35.284+0000] {logging_mixin.py:188} INFO - [2026-06-03T14:28:35.284+0000] {dag.py:3954} INFO - Setting next_dagrun for neuralretail_retrain_pipeline to None, run_after=None
[2026-06-03T14:28:35.303+0000] {processor.py:183} INFO - Processing /opt/airflow/dags/dag_retrain_pipeline.py took 0.070 seconds
[2026-06-03T14:29:05.481+0000] {processor.py:161} INFO - Started process (PID=672) to work on /opt/airflow/dags/dag_retrain_pipeline.py
[2026-06-03T14:29:05.482+0000] {processor.py:830} INFO - Processing file /opt/airflow/dags/dag_retrain_pipeline.py for tasks to queue
[2026-06-03T14:29:05.483+0000] {logging_mixin.py:188} INFO - [2026-06-03T14:29:05.483+0000] {dagbag.py:540} INFO - Filling up the DagBag from /opt/airflow/dags/dag_retrain_pipeline.py
[2026-06-03T14:29:05.503+0000] {processor.py:840} INFO - DAG(s) 'neuralretail_retrain_pipeline' retrieved from /opt/airflow/dags/dag_retrain_pipeline.py
[2026-06-03T14:29:05.521+0000] {logging_mixin.py:188} INFO - [2026-06-03T14:29:05.521+0000] {dag.py:3096} INFO - Sync 1 DAGs
[2026-06-03T14:29:05.531+0000] {logging_mixin.py:188} INFO - [2026-06-03T14:29:05.531+0000] {dag.py:3954} INFO - Setting next_dagrun for neuralretail_retrain_pipeline to None, run_after=None
[2026-06-03T14:29:05.548+0000] {processor.py:183} INFO - Processing /opt/airflow/dags/dag_retrain_pipeline.py took 0.072 seconds
[2026-06-03T14:29:35.857+0000] {processor.py:161} INFO - Started process (PID=692) to work on /opt/airflow/dags/dag_retrain_pipeline.py
[2026-06-03T14:29:35.859+0000] {processor.py:830} INFO - Processing file /opt/airflow/dags/dag_retrain_pipeline.py for tasks to queue
[2026-06-03T14:29:35.862+0000] {logging_mixin.py:188} INFO - [2026-06-03T14:29:35.861+0000] {dagbag.py:540} INFO - Filling up the DagBag from /opt/airflow/dags/dag_retrain_pipeline.py
[2026-06-03T14:29:35.891+0000] {processor.py:840} INFO - DAG(s) 'neuralretail_retrain_pipeline' retrieved from /opt/airflow/dags/dag_retrain_pipeline.py
[2026-06-03T14:29:35.907+0000] {logging_mixin.py:188} INFO - [2026-06-03T14:29:35.907+0000] {dag.py:3096} INFO - Sync 1 DAGs
[2026-06-03T14:29:35.918+0000] {logging_mixin.py:188} INFO - [2026-06-03T14:29:35.918+0000] {dag.py:3954} INFO - Setting next_dagrun for neuralretail_retrain_pipeline to None, run_after=None
[2026-06-03T14:29:35.937+0000] {processor.py:183} INFO - Processing /opt/airflow/dags/dag_retrain_pipeline.py took 0.090 seconds
[2026-06-03T14:30:06.450+0000] {processor.py:161} INFO - Started process (PID=712) to work on /opt/airflow/dags/dag_retrain_pipeline.py
[2026-06-03T14:30:06.451+0000] {processor.py:830} INFO - Processing file /opt/airflow/dags/dag_retrain_pipeline.py for tasks to queue
[2026-06-03T14:30:06.452+0000] {logging_mixin.py:188} INFO - [2026-06-03T14:30:06.452+0000] {dagbag.py:540} INFO - Filling up the DagBag from /opt/airflow/dags/dag_retrain_pipeline.py
[2026-06-03T14:30:06.471+0000] {processor.py:840} INFO - DAG(s) 'neuralretail_retrain_pipeline' retrieved from /opt/airflow/dags/dag_retrain_pipeline.py
[2026-06-03T14:30:06.487+0000] {logging_mixin.py:188} INFO - [2026-06-03T14:30:06.487+0000] {dag.py:3096} INFO - Sync 1 DAGs
[2026-06-03T14:30:06.497+0000] {logging_mixin.py:188} INFO - [2026-06-03T14:30:06.497+0000] {dag.py:3954} INFO - Setting next_dagrun for neuralretail_retrain_pipeline to None, run_after=None
[2026-06-03T14:30:06.514+0000] {processor.py:183} INFO - Processing /opt/airflow/dags/dag_retrain_pipeline.py took 0.068 seconds
[2026-06-03T14:30:36.680+0000] {processor.py:161} INFO - Started process (PID=732) to work on /opt/airflow/dags/dag_retrain_pipeline.py
[2026-06-03T14:30:36.681+0000] {processor.py:830} INFO - Processing file /opt/airflow/dags/dag_retrain_pipeline.py for tasks to queue
[2026-06-03T14:30:36.684+0000] {logging_mixin.py:188} INFO - [2026-06-03T14:30:36.683+0000] {dagbag.py:540} INFO - Filling up the DagBag from /opt/airflow/dags/dag_retrain_pipeline.py
[2026-06-03T14:30:37.015+0000] {processor.py:840} INFO - DAG(s) 'neuralretail_retrain_pipeline' retrieved from /opt/airflow/dags/dag_retrain_pipeline.py
[2026-06-03T14:30:37.088+0000] {logging_mixin.py:188} INFO - [2026-06-03T14:30:37.088+0000] {dag.py:3096} INFO - Sync 1 DAGs
[2026-06-03T14:30:37.098+0000] {logging_mixin.py:188} INFO - [2026-06-03T14:30:37.098+0000] {dag.py:3954} INFO - Setting next_dagrun for neuralretail_retrain_pipeline to None, run_after=None
[2026-06-03T14:30:37.140+0000] {processor.py:183} INFO - Processing /opt/airflow/dags/dag_retrain_pipeline.py took 0.469 seconds
[2026-06-03T14:31:07.610+0000] {processor.py:161} INFO - Started process (PID=752) to work on /opt/airflow/dags/dag_retrain_pipeline.py
[2026-06-03T14:31:07.611+0000] {processor.py:830} INFO - Processing file /opt/airflow/dags/dag_retrain_pipeline.py for tasks to queue
[2026-06-03T14:31:07.613+0000] {logging_mixin.py:188} INFO - [2026-06-03T14:31:07.613+0000] {dagbag.py:540} INFO - Filling up the DagBag from /opt/airflow/dags/dag_retrain_pipeline.py
[2026-06-03T14:31:07.655+0000] {processor.py:840} INFO - DAG(s) 'neuralretail_retrain_pipeline' retrieved from /opt/airflow/dags/dag_retrain_pipeline.py
[2026-06-03T14:31:07.681+0000] {logging_mixin.py:188} INFO - [2026-06-03T14:31:07.681+0000] {dag.py:3096} INFO - Sync 1 DAGs
[2026-06-03T14:31:07.695+0000] {logging_mixin.py:188} INFO - [2026-06-03T14:31:07.695+0000] {dag.py:3954} INFO - Setting next_dagrun for neuralretail_retrain_pipeline to None, run_after=None
[2026-06-03T14:31:07.721+0000] {processor.py:183} INFO - Processing /opt/airflow/dags/dag_retrain_pipeline.py took 0.117 seconds
[2026-06-03T14:31:38.154+0000] {processor.py:161} INFO - Started process (PID=772) to work on /opt/airflow/dags/dag_retrain_pipeline.py
[2026-06-03T14:31:38.155+0000] {processor.py:830} INFO - Processing file /opt/airflow/dags/dag_retrain_pipeline.py for tasks to queue
[2026-06-03T14:31:38.157+0000] {logging_mixin.py:188} INFO - [2026-06-03T14:31:38.156+0000] {dagbag.py:540} INFO - Filling up the DagBag from /opt/airflow/dags/dag_retrain_pipeline.py
[2026-06-03T14:31:38.202+0000] {processor.py:840} INFO - DAG(s) 'neuralretail_retrain_pipeline' retrieved from /opt/airflow/dags/dag_retrain_pipeline.py
[2026-06-03T14:31:38.222+0000] {logging_mixin.py:188} INFO - [2026-06-03T14:31:38.222+0000] {dag.py:3096} INFO - Sync 1 DAGs
[2026-06-03T14:31:38.234+0000] {logging_mixin.py:188} INFO - [2026-06-03T14:31:38.233+0000] {dag.py:3954} INFO - Setting next_dagrun for neuralretail_retrain_pipeline to None, run_after=None
[2026-06-03T14:31:38.250+0000] {processor.py:183} INFO - Processing /opt/airflow/dags/dag_retrain_pipeline.py took 0.100 seconds
[2026-06-03T14:32:08.675+0000] {processor.py:161} INFO - Started process (PID=792) to work on /opt/airflow/dags/dag_retrain_pipeline.py
[2026-06-03T14:32:08.677+0000] {processor.py:830} INFO - Processing file /opt/airflow/dags/dag_retrain_pipeline.py for tasks to queue
[2026-06-03T14:32:08.679+0000] {logging_mixin.py:188} INFO - [2026-06-03T14:32:08.679+0000] {dagbag.py:540} INFO - Filling up the DagBag from /opt/airflow/dags/dag_retrain_pipeline.py
[2026-06-03T14:32:08.726+0000] {processor.py:840} INFO - DAG(s) 'neuralretail_retrain_pipeline' retrieved from /opt/airflow/dags/dag_retrain_pipeline.py
[2026-06-03T14:32:08.745+0000] {logging_mixin.py:188} INFO - [2026-06-03T14:32:08.745+0000] {dag.py:3096} INFO - Sync 1 DAGs
[2026-06-03T14:32:08.755+0000] {logging_mixin.py:188} INFO - [2026-06-03T14:32:08.755+0000] {dag.py:3954} INFO - Setting next_dagrun for neuralretail_retrain_pipeline to None, run_after=None
[2026-06-03T14:32:08.773+0000] {processor.py:183} INFO - Processing /opt/airflow/dags/dag_retrain_pipeline.py took 0.107 seconds
[2026-06-03T14:32:38.897+0000] {processor.py:161} INFO - Started process (PID=812) to work on /opt/airflow/dags/dag_retrain_pipeline.py
[2026-06-03T14:32:38.901+0000] {processor.py:830} INFO - Processing file /opt/airflow/dags/dag_retrain_pipeline.py for tasks to queue
[2026-06-03T14:32:38.904+0000] {logging_mixin.py:188} INFO - [2026-06-03T14:32:38.904+0000] {dagbag.py:540} INFO - Filling up the DagBag from /opt/airflow/dags/dag_retrain_pipeline.py
[2026-06-03T14:32:38.997+0000] {processor.py:840} INFO - DAG(s) 'neuralretail_retrain_pipeline' retrieved from /opt/airflow/dags/dag_retrain_pipeline.py
[2026-06-03T14:32:39.027+0000] {logging_mixin.py:188} INFO - [2026-06-03T14:32:39.027+0000] {dag.py:3096} INFO - Sync 1 DAGs
[2026-06-03T14:32:39.045+0000] {logging_mixin.py:188} INFO - [2026-06-03T14:32:39.045+0000] {dag.py:3954} INFO - Setting next_dagrun for neuralretail_retrain_pipeline to None, run_after=None
[2026-06-03T14:32:39.090+0000] {processor.py:183} INFO - Processing /opt/airflow/dags/dag_retrain_pipeline.py took 0.201 seconds
[2026-06-03T14:33:09.906+0000] {processor.py:161} INFO - Started process (PID=832) to work on /opt/airflow/dags/dag_retrain_pipeline.py
[2026-06-03T14:33:09.907+0000] {processor.py:830} INFO - Processing file /opt/airflow/dags/dag_retrain_pipeline.py for tasks to queue
[2026-06-03T14:33:09.910+0000] {logging_mixin.py:188} INFO - [2026-06-03T14:33:09.909+0000] {dagbag.py:540} INFO - Filling up the DagBag from /opt/airflow/dags/dag_retrain_pipeline.py
[2026-06-03T14:33:09.940+0000] {processor.py:840} INFO - DAG(s) 'neuralretail_retrain_pipeline' retrieved from /opt/airflow/dags/dag_retrain_pipeline.py
[2026-06-03T14:33:09.960+0000] {logging_mixin.py:188} INFO - [2026-06-03T14:33:09.960+0000] {dag.py:3096} INFO - Sync 1 DAGs
[2026-06-03T14:33:09.970+0000] {logging_mixin.py:188} INFO - [2026-06-03T14:33:09.970+0000] {dag.py:3954} INFO - Setting next_dagrun for neuralretail_retrain_pipeline to None, run_after=None
[2026-06-03T14:33:09.988+0000] {processor.py:183} INFO - Processing /opt/airflow/dags/dag_retrain_pipeline.py took 0.085 seconds
[2026-06-03T14:33:40.162+0000] {processor.py:161} INFO - Started process (PID=852) to work on /opt/airflow/dags/dag_retrain_pipeline.py
[2026-06-03T14:33:40.163+0000] {processor.py:830} INFO - Processing file /opt/airflow/dags/dag_retrain_pipeline.py for tasks to queue
[2026-06-03T14:33:40.165+0000] {logging_mixin.py:188} INFO - [2026-06-03T14:33:40.164+0000] {dagbag.py:540} INFO - Filling up the DagBag from /opt/airflow/dags/dag_retrain_pipeline.py
[2026-06-03T14:33:40.185+0000] {processor.py:840} INFO - DAG(s) 'neuralretail_retrain_pipeline' retrieved from /opt/airflow/dags/dag_retrain_pipeline.py
[2026-06-03T14:33:40.205+0000] {logging_mixin.py:188} INFO - [2026-06-03T14:33:40.205+0000] {dag.py:3096} INFO - Sync 1 DAGs
[2026-06-03T14:33:40.219+0000] {logging_mixin.py:188} INFO - [2026-06-03T14:33:40.219+0000] {dag.py:3954} INFO - Setting next_dagrun for neuralretail_retrain_pipeline to None, run_after=None
[2026-06-03T14:33:40.245+0000] {processor.py:183} INFO - Processing /opt/airflow/dags/dag_retrain_pipeline.py took 0.088 seconds
[2026-06-03T14:34:11.129+0000] {processor.py:161} INFO - Started process (PID=872) to work on /opt/airflow/dags/dag_retrain_pipeline.py
[2026-06-03T14:34:11.131+0000] {processor.py:830} INFO - Processing file /opt/airflow/dags/dag_retrain_pipeline.py for tasks to queue
[2026-06-03T14:34:11.133+0000] {logging_mixin.py:188} INFO - [2026-06-03T14:34:11.132+0000] {dagbag.py:540} INFO - Filling up the DagBag from /opt/airflow/dags/dag_retrain_pipeline.py
[2026-06-03T14:34:11.182+0000] {processor.py:840} INFO - DAG(s) 'neuralretail_retrain_pipeline' retrieved from /opt/airflow/dags/dag_retrain_pipeline.py
[2026-06-03T14:34:11.201+0000] {logging_mixin.py:188} INFO - [2026-06-03T14:34:11.201+0000] {dag.py:3096} INFO - Sync 1 DAGs
[2026-06-03T14:34:11.212+0000] {logging_mixin.py:188} INFO - [2026-06-03T14:34:11.212+0000] {dag.py:3954} INFO - Setting next_dagrun for neuralretail_retrain_pipeline to None, run_after=None
[2026-06-03T14:34:11.230+0000] {processor.py:183} INFO - Processing /opt/airflow/dags/dag_retrain_pipeline.py took 0.107 seconds
[2026-06-03T14:34:41.654+0000] {processor.py:161} INFO - Started process (PID=892) to work on /opt/airflow/dags/dag_retrain_pipeline.py
[2026-06-03T14:34:41.655+0000] {processor.py:830} INFO - Processing file /opt/airflow/dags/dag_retrain_pipeline.py for tasks to queue
[2026-06-03T14:34:41.657+0000] {logging_mixin.py:188} INFO - [2026-06-03T14:34:41.657+0000] {dagbag.py:540} INFO - Filling up the DagBag from /opt/airflow/dags/dag_retrain_pipeline.py
[2026-06-03T14:34:41.677+0000] {processor.py:840} INFO - DAG(s) 'neuralretail_retrain_pipeline' retrieved from /opt/airflow/dags/dag_retrain_pipeline.py
[2026-06-03T14:34:41.695+0000] {logging_mixin.py:188} INFO - [2026-06-03T14:34:41.695+0000] {dag.py:3096} INFO - Sync 1 DAGs
[2026-06-03T14:34:41.706+0000] {logging_mixin.py:188} INFO - [2026-06-03T14:34:41.706+0000] {dag.py:3954} INFO - Setting next_dagrun for neuralretail_retrain_pipeline to None, run_after=None
[2026-06-03T14:34:41.723+0000] {processor.py:183} INFO - Processing /opt/airflow/dags/dag_retrain_pipeline.py took 0.073 seconds
[2026-06-03T14:35:12.708+0000] {processor.py:161} INFO - Started process (PID=912) to work on /opt/airflow/dags/dag_retrain_pipeline.py
[2026-06-03T14:35:12.708+0000] {processor.py:830} INFO - Processing file /opt/airflow/dags/dag_retrain_pipeline.py for tasks to queue
[2026-06-03T14:35:12.711+0000] {logging_mixin.py:188} INFO - [2026-06-03T14:35:12.711+0000] {dagbag.py:540} INFO - Filling up the DagBag from /opt/airflow/dags/dag_retrain_pipeline.py
[2026-06-03T14:35:12.728+0000] {processor.py:840} INFO - DAG(s) 'neuralretail_retrain_pipeline' retrieved from /opt/airflow/dags/dag_retrain_pipeline.py
[2026-06-03T14:35:12.746+0000] {logging_mixin.py:188} INFO - [2026-06-03T14:35:12.746+0000] {dag.py:3096} INFO - Sync 1 DAGs
[2026-06-03T14:35:12.755+0000] {logging_mixin.py:188} INFO - [2026-06-03T14:35:12.755+0000] {dag.py:3954} INFO - Setting next_dagrun for neuralretail_retrain_pipeline to None, run_after=None
[2026-06-03T14:35:12.778+0000] {processor.py:183} INFO - Processing /opt/airflow/dags/dag_retrain_pipeline.py took 0.074 seconds
[2026-06-03T14:35:43.364+0000] {processor.py:161} INFO - Started process (PID=932) to work on /opt/airflow/dags/dag_retrain_pipeline.py
[2026-06-03T14:35:43.365+0000] {processor.py:830} INFO - Processing file /opt/airflow/dags/dag_retrain_pipeline.py for tasks to queue
[2026-06-03T14:35:43.366+0000] {logging_mixin.py:188} INFO - [2026-06-03T14:35:43.366+0000] {dagbag.py:540} INFO - Filling up the DagBag from /opt/airflow/dags/dag_retrain_pipeline.py
[2026-06-03T14:35:43.384+0000] {processor.py:840} INFO - DAG(s) 'neuralretail_retrain_pipeline' retrieved from /opt/airflow/dags/dag_retrain_pipeline.py
[2026-06-03T14:35:43.404+0000] {logging_mixin.py:188} INFO - [2026-06-03T14:35:43.403+0000] {dag.py:3096} INFO - Sync 1 DAGs
[2026-06-03T14:35:43.510+0000] {logging_mixin.py:188} INFO - [2026-06-03T14:35:43.509+0000] {dag.py:3954} INFO - Setting next_dagrun for neuralretail_retrain_pipeline to None, run_after=None
[2026-06-03T14:35:43.528+0000] {processor.py:183} INFO - Processing /opt/airflow/dags/dag_retrain_pipeline.py took 0.169 seconds
[2026-06-03T14:36:13.735+0000] {processor.py:161} INFO - Started process (PID=952) to work on /opt/airflow/dags/dag_retrain_pipeline.py
[2026-06-03T14:36:13.736+0000] {processor.py:830} INFO - Processing file /opt/airflow/dags/dag_retrain_pipeline.py for tasks to queue
[2026-06-03T14:36:13.738+0000] {logging_mixin.py:188} INFO - [2026-06-03T14:36:13.738+0000] {dagbag.py:540} INFO - Filling up the DagBag from /opt/airflow/dags/dag_retrain_pipeline.py
[2026-06-03T14:36:13.796+0000] {processor.py:840} INFO - DAG(s) 'neuralretail_retrain_pipeline' retrieved from /opt/airflow/dags/dag_retrain_pipeline.py
[2026-06-03T14:36:13.816+0000] {logging_mixin.py:188} INFO - [2026-06-03T14:36:13.816+0000] {dag.py:3096} INFO - Sync 1 DAGs
[2026-06-03T14:36:13.825+0000] {logging_mixin.py:188} INFO - [2026-06-03T14:36:13.825+0000] {dag.py:3954} INFO - Setting next_dagrun for neuralretail_retrain_pipeline to None, run_after=None
[2026-06-03T14:36:13.843+0000] {processor.py:183} INFO - Processing /opt/airflow/dags/dag_retrain_pipeline.py took 0.114 seconds
[2026-06-03T14:36:44.226+0000] {processor.py:161} INFO - Started process (PID=972) to work on /opt/airflow/dags/dag_retrain_pipeline.py
[2026-06-03T14:36:44.228+0000] {processor.py:830} INFO - Processing file /opt/airflow/dags/dag_retrain_pipeline.py for tasks to queue
[2026-06-03T14:36:44.232+0000] {logging_mixin.py:188} INFO - [2026-06-03T14:36:44.232+0000] {dagbag.py:540} INFO - Filling up the DagBag from /opt/airflow/dags/dag_retrain_pipeline.py
[2026-06-03T14:36:44.257+0000] {processor.py:840} INFO - DAG(s) 'neuralretail_retrain_pipeline' retrieved from /opt/airflow/dags/dag_retrain_pipeline.py
[2026-06-03T14:36:44.280+0000] {logging_mixin.py:188} INFO - [2026-06-03T14:36:44.279+0000] {dag.py:3096} INFO - Sync 1 DAGs
[2026-06-03T14:36:44.303+0000] {logging_mixin.py:188} INFO - [2026-06-03T14:36:44.303+0000] {dag.py:3954} INFO - Setting next_dagrun for neuralretail_retrain_pipeline to None, run_after=None
[2026-06-03T14:36:44.323+0000] {processor.py:183} INFO - Processing /opt/airflow/dags/dag_retrain_pipeline.py took 0.101 seconds
[2026-06-03T14:37:14.547+0000] {processor.py:161} INFO - Started process (PID=992) to work on /opt/airflow/dags/dag_retrain_pipeline.py
[2026-06-03T14:37:14.548+0000] {processor.py:830} INFO - Processing file /opt/airflow/dags/dag_retrain_pipeline.py for tasks to queue
[2026-06-03T14:37:14.550+0000] {logging_mixin.py:188} INFO - [2026-06-03T14:37:14.549+0000] {dagbag.py:540} INFO - Filling up the DagBag from /opt/airflow/dags/dag_retrain_pipeline.py
[2026-06-03T14:37:14.568+0000] {processor.py:840} INFO - DAG(s) 'neuralretail_retrain_pipeline' retrieved from /opt/airflow/dags/dag_retrain_pipeline.py
[2026-06-03T14:37:14.585+0000] {logging_mixin.py:188} INFO - [2026-06-03T14:37:14.585+0000] {dag.py:3096} INFO - Sync 1 DAGs
[2026-06-03T14:37:14.594+0000] {logging_mixin.py:188} INFO - [2026-06-03T14:37:14.594+0000] {dag.py:3954} INFO - Setting next_dagrun for neuralretail_retrain_pipeline to None, run_after=None
[2026-06-03T14:37:14.612+0000] {processor.py:183} INFO - Processing /opt/airflow/dags/dag_retrain_pipeline.py took 0.069 seconds
[2026-06-03T14:37:45.220+0000] {processor.py:161} INFO - Started process (PID=1012) to work on /opt/airflow/dags/dag_retrain_pipeline.py
[2026-06-03T14:37:45.240+0000] {processor.py:830} INFO - Processing file /opt/airflow/dags/dag_retrain_pipeline.py for tasks to queue
[2026-06-03T14:37:45.258+0000] {logging_mixin.py:188} INFO - [2026-06-03T14:37:45.257+0000] {dagbag.py:540} INFO - Filling up the DagBag from /opt/airflow/dags/dag_retrain_pipeline.py
[2026-06-03T14:37:45.399+0000] {processor.py:840} INFO - DAG(s) 'neuralretail_retrain_pipeline' retrieved from /opt/airflow/dags/dag_retrain_pipeline.py
[2026-06-03T14:37:45.418+0000] {logging_mixin.py:188} INFO - [2026-06-03T14:37:45.418+0000] {dag.py:3096} INFO - Sync 1 DAGs
[2026-06-03T14:37:45.428+0000] {logging_mixin.py:188} INFO - [2026-06-03T14:37:45.428+0000] {dag.py:3954} INFO - Setting next_dagrun for neuralretail_retrain_pipeline to None, run_after=None
[2026-06-03T14:37:45.444+0000] {processor.py:183} INFO - Processing /opt/airflow/dags/dag_retrain_pipeline.py took 0.236 seconds
[2026-06-03T14:38:15.578+0000] {processor.py:161} INFO - Started process (PID=1032) to work on /opt/airflow/dags/dag_retrain_pipeline.py
[2026-06-03T14:38:15.579+0000] {processor.py:830} INFO - Processing file /opt/airflow/dags/dag_retrain_pipeline.py for tasks to queue
[2026-06-03T14:38:15.580+0000] {logging_mixin.py:188} INFO - [2026-06-03T14:38:15.580+0000] {dagbag.py:540} INFO - Filling up the DagBag from /opt/airflow/dags/dag_retrain_pipeline.py
[2026-06-03T14:38:15.599+0000] {processor.py:840} INFO - DAG(s) 'neuralretail_retrain_pipeline' retrieved from /opt/airflow/dags/dag_retrain_pipeline.py
[2026-06-03T14:38:15.618+0000] {logging_mixin.py:188} INFO - [2026-06-03T14:38:15.617+0000] {dag.py:3096} INFO - Sync 1 DAGs
[2026-06-03T14:38:15.627+0000] {logging_mixin.py:188} INFO - [2026-06-03T14:38:15.627+0000] {dag.py:3954} INFO - Setting next_dagrun for neuralretail_retrain_pipeline to None, run_after=None
[2026-06-03T14:38:15.650+0000] {processor.py:183} INFO - Processing /opt/airflow/dags/dag_retrain_pipeline.py took 0.077 seconds
[2026-06-03T14:38:45.964+0000] {processor.py:161} INFO - Started process (PID=1052) to work on /opt/airflow/dags/dag_retrain_pipeline.py
[2026-06-03T14:38:45.966+0000] {processor.py:830} INFO - Processing file /opt/airflow/dags/dag_retrain_pipeline.py for tasks to queue
[2026-06-03T14:38:45.968+0000] {logging_mixin.py:188} INFO - [2026-06-03T14:38:45.967+0000] {dagbag.py:540} INFO - Filling up the DagBag from /opt/airflow/dags/dag_retrain_pipeline.py
[2026-06-03T14:38:45.987+0000] {processor.py:840} INFO - DAG(s) 'neuralretail_retrain_pipeline' retrieved from /opt/airflow/dags/dag_retrain_pipeline.py
[2026-06-03T14:38:46.004+0000] {logging_mixin.py:188} INFO - [2026-06-03T14:38:46.004+0000] {dag.py:3096} INFO - Sync 1 DAGs
[2026-06-03T14:38:46.031+0000] {logging_mixin.py:188} INFO - [2026-06-03T14:38:46.031+0000] {dag.py:3954} INFO - Setting next_dagrun for neuralretail_retrain_pipeline to None, run_after=None
[2026-06-03T14:38:46.067+0000] {processor.py:183} INFO - Processing /opt/airflow/dags/dag_retrain_pipeline.py took 0.110 seconds
[2026-06-03T14:39:16.387+0000] {processor.py:161} INFO - Started process (PID=1072) to work on /opt/airflow/dags/dag_retrain_pipeline.py
[2026-06-03T14:39:16.393+0000] {processor.py:830} INFO - Processing file /opt/airflow/dags/dag_retrain_pipeline.py for tasks to queue
[2026-06-03T14:39:16.397+0000] {logging_mixin.py:188} INFO - [2026-06-03T14:39:16.397+0000] {dagbag.py:540} INFO - Filling up the DagBag from /opt/airflow/dags/dag_retrain_pipeline.py
[2026-06-03T14:39:16.454+0000] {processor.py:840} INFO - DAG(s) 'neuralretail_retrain_pipeline' retrieved from /opt/airflow/dags/dag_retrain_pipeline.py
[2026-06-03T14:39:16.509+0000] {logging_mixin.py:188} INFO - [2026-06-03T14:39:16.509+0000] {dag.py:3096} INFO - Sync 1 DAGs
[2026-06-03T14:39:16.533+0000] {logging_mixin.py:188} INFO - [2026-06-03T14:39:16.533+0000] {dag.py:3954} INFO - Setting next_dagrun for neuralretail_retrain_pipeline to None, run_after=None
[2026-06-03T14:39:16.563+0000] {processor.py:183} INFO - Processing /opt/airflow/dags/dag_retrain_pipeline.py took 0.181 seconds
[2026-06-03T14:39:47.513+0000] {processor.py:161} INFO - Started process (PID=1092) to work on /opt/airflow/dags/dag_retrain_pipeline.py
[2026-06-03T14:39:47.514+0000] {processor.py:830} INFO - Processing file /opt/airflow/dags/dag_retrain_pipeline.py for tasks to queue
[2026-06-03T14:39:47.516+0000] {logging_mixin.py:188} INFO - [2026-06-03T14:39:47.515+0000] {dagbag.py:540} INFO - Filling up the DagBag from /opt/airflow/dags/dag_retrain_pipeline.py
[2026-06-03T14:39:47.535+0000] {processor.py:840} INFO - DAG(s) 'neuralretail_retrain_pipeline' retrieved from /opt/airflow/dags/dag_retrain_pipeline.py
[2026-06-03T14:39:47.554+0000] {logging_mixin.py:188} INFO - [2026-06-03T14:39:47.553+0000] {dag.py:3096} INFO - Sync 1 DAGs
[2026-06-03T14:39:47.565+0000] {logging_mixin.py:188} INFO - [2026-06-03T14:39:47.564+0000] {dag.py:3954} INFO - Setting next_dagrun for neuralretail_retrain_pipeline to None, run_after=None
[2026-06-03T14:39:47.578+0000] {processor.py:183} INFO - Processing /opt/airflow/dags/dag_retrain_pipeline.py took 0.070 seconds
[2026-06-03T14:40:17.680+0000] {processor.py:161} INFO - Started process (PID=1112) to work on /opt/airflow/dags/dag_retrain_pipeline.py
[2026-06-03T14:40:17.681+0000] {processor.py:830} INFO - Processing file /opt/airflow/dags/dag_retrain_pipeline.py for tasks to queue
[2026-06-03T14:40:17.682+0000] {logging_mixin.py:188} INFO - [2026-06-03T14:40:17.682+0000] {dagbag.py:540} INFO - Filling up the DagBag from /opt/airflow/dags/dag_retrain_pipeline.py
[2026-06-03T14:40:17.705+0000] {processor.py:840} INFO - DAG(s) 'neuralretail_retrain_pipeline' retrieved from /opt/airflow/dags/dag_retrain_pipeline.py
[2026-06-03T14:40:17.725+0000] {logging_mixin.py:188} INFO - [2026-06-03T14:40:17.724+0000] {dag.py:3096} INFO - Sync 1 DAGs
[2026-06-03T14:40:17.734+0000] {logging_mixin.py:188} INFO - [2026-06-03T14:40:17.734+0000] {dag.py:3954} INFO - Setting next_dagrun for neuralretail_retrain_pipeline to None, run_after=None
[2026-06-03T14:40:17.749+0000] {processor.py:183} INFO - Processing /opt/airflow/dags/dag_retrain_pipeline.py took 0.074 seconds
[2026-06-03T14:40:48.385+0000] {processor.py:161} INFO - Started process (PID=1132) to work on /opt/airflow/dags/dag_retrain_pipeline.py
[2026-06-03T14:40:48.386+0000] {processor.py:830} INFO - Processing file /opt/airflow/dags/dag_retrain_pipeline.py for tasks to queue
[2026-06-03T14:40:48.388+0000] {logging_mixin.py:188} INFO - [2026-06-03T14:40:48.388+0000] {dagbag.py:540} INFO - Filling up the DagBag from /opt/airflow/dags/dag_retrain_pipeline.py
[2026-06-03T14:40:48.407+0000] {processor.py:840} INFO - DAG(s) 'neuralretail_retrain_pipeline' retrieved from /opt/airflow/dags/dag_retrain_pipeline.py
[2026-06-03T14:40:48.425+0000] {logging_mixin.py:188} INFO - [2026-06-03T14:40:48.424+0000] {dag.py:3096} INFO - Sync 1 DAGs
[2026-06-03T14:40:48.435+0000] {logging_mixin.py:188} INFO - [2026-06-03T14:40:48.435+0000] {dag.py:3954} INFO - Setting next_dagrun for neuralretail_retrain_pipeline to None, run_after=None
[2026-06-03T14:40:48.460+0000] {processor.py:183} INFO - Processing /opt/airflow/dags/dag_retrain_pipeline.py took 0.079 seconds
[2026-06-03T14:41:18.604+0000] {processor.py:161} INFO - Started process (PID=1152) to work on /opt/airflow/dags/dag_retrain_pipeline.py
[2026-06-03T14:41:18.607+0000] {processor.py:830} INFO - Processing file /opt/airflow/dags/dag_retrain_pipeline.py for tasks to queue
[2026-06-03T14:41:18.609+0000] {logging_mixin.py:188} INFO - [2026-06-03T14:41:18.609+0000] {dagbag.py:540} INFO - Filling up the DagBag from /opt/airflow/dags/dag_retrain_pipeline.py
[2026-06-03T14:41:18.670+0000] {processor.py:840} INFO - DAG(s) 'neuralretail_retrain_pipeline' retrieved from /opt/airflow/dags/dag_retrain_pipeline.py
[2026-06-03T14:41:18.691+0000] {logging_mixin.py:188} INFO - [2026-06-03T14:41:18.691+0000] {dag.py:3096} INFO - Sync 1 DAGs
[2026-06-03T14:41:18.703+0000] {logging_mixin.py:188} INFO - [2026-06-03T14:41:18.702+0000] {dag.py:3954} INFO - Setting next_dagrun for neuralretail_retrain_pipeline to None, run_after=None
[2026-06-03T14:41:18.724+0000] {processor.py:183} INFO - Processing /opt/airflow/dags/dag_retrain_pipeline.py took 0.126 seconds
[2026-06-03T14:41:48.920+0000] {processor.py:161} INFO - Started process (PID=1172) to work on /opt/airflow/dags/dag_retrain_pipeline.py
[2026-06-03T14:41:48.922+0000] {processor.py:830} INFO - Processing file /opt/airflow/dags/dag_retrain_pipeline.py for tasks to queue
[2026-06-03T14:41:48.924+0000] {logging_mixin.py:188} INFO - [2026-06-03T14:41:48.924+0000] {dagbag.py:540} INFO - Filling up the DagBag from /opt/airflow/dags/dag_retrain_pipeline.py
[2026-06-03T14:41:48.973+0000] {processor.py:840} INFO - DAG(s) 'neuralretail_retrain_pipeline' retrieved from /opt/airflow/dags/dag_retrain_pipeline.py
[2026-06-03T14:41:48.996+0000] {logging_mixin.py:188} INFO - [2026-06-03T14:41:48.996+0000] {dag.py:3096} INFO - Sync 1 DAGs
[2026-06-03T14:41:49.007+0000] {logging_mixin.py:188} INFO - [2026-06-03T14:41:49.007+0000] {dag.py:3954} INFO - Setting next_dagrun for neuralretail_retrain_pipeline to None, run_after=None
[2026-06-03T14:41:49.028+0000] {processor.py:183} INFO - Processing /opt/airflow/dags/dag_retrain_pipeline.py took 0.114 seconds
[2026-06-03T14:42:19.360+0000] {processor.py:161} INFO - Started process (PID=1192) to work on /opt/airflow/dags/dag_retrain_pipeline.py
[2026-06-03T14:42:19.362+0000] {processor.py:830} INFO - Processing file /opt/airflow/dags/dag_retrain_pipeline.py for tasks to queue
[2026-06-03T14:42:19.366+0000] {logging_mixin.py:188} INFO - [2026-06-03T14:42:19.366+0000] {dagbag.py:540} INFO - Filling up the DagBag from /opt/airflow/dags/dag_retrain_pipeline.py
[2026-06-03T14:42:19.437+0000] {processor.py:840} INFO - DAG(s) 'neuralretail_retrain_pipeline' retrieved from /opt/airflow/dags/dag_retrain_pipeline.py
[2026-06-03T14:42:19.455+0000] {logging_mixin.py:188} INFO - [2026-06-03T14:42:19.455+0000] {dag.py:3096} INFO - Sync 1 DAGs
[2026-06-03T14:42:19.466+0000] {logging_mixin.py:188} INFO - [2026-06-03T14:42:19.466+0000] {dag.py:3954} INFO - Setting next_dagrun for neuralretail_retrain_pipeline to None, run_after=None
[2026-06-03T14:42:19.485+0000] {processor.py:183} INFO - Processing /opt/airflow/dags/dag_retrain_pipeline.py took 0.131 seconds
[2026-06-03T14:42:49.830+0000] {processor.py:161} INFO - Started process (PID=1212) to work on /opt/airflow/dags/dag_retrain_pipeline.py
[2026-06-03T14:42:49.832+0000] {processor.py:830} INFO - Processing file /opt/airflow/dags/dag_retrain_pipeline.py for tasks to queue
[2026-06-03T14:42:49.837+0000] {logging_mixin.py:188} INFO - [2026-06-03T14:42:49.837+0000] {dagbag.py:540} INFO - Filling up the DagBag from /opt/airflow/dags/dag_retrain_pipeline.py
[2026-06-03T14:42:50.002+0000] {processor.py:840} INFO - DAG(s) 'neuralretail_retrain_pipeline' retrieved from /opt/airflow/dags/dag_retrain_pipeline.py
[2026-06-03T14:42:50.024+0000] {logging_mixin.py:188} INFO - [2026-06-03T14:42:50.024+0000] {dag.py:3096} INFO - Sync 1 DAGs
[2026-06-03T14:42:50.042+0000] {logging_mixin.py:188} INFO - [2026-06-03T14:42:50.042+0000] {dag.py:3954} INFO - Setting next_dagrun for neuralretail_retrain_pipeline to None, run_after=None
[2026-06-03T14:42:50.067+0000] {processor.py:183} INFO - Processing /opt/airflow/dags/dag_retrain_pipeline.py took 0.246 seconds
[2026-06-03T14:43:20.790+0000] {processor.py:161} INFO - Started process (PID=1232) to work on /opt/airflow/dags/dag_retrain_pipeline.py
[2026-06-03T14:43:20.791+0000] {processor.py:830} INFO - Processing file /opt/airflow/dags/dag_retrain_pipeline.py for tasks to queue
[2026-06-03T14:43:20.793+0000] {logging_mixin.py:188} INFO - [2026-06-03T14:43:20.792+0000] {dagbag.py:540} INFO - Filling up the DagBag from /opt/airflow/dags/dag_retrain_pipeline.py
[2026-06-03T14:43:20.810+0000] {processor.py:840} INFO - DAG(s) 'neuralretail_retrain_pipeline' retrieved from /opt/airflow/dags/dag_retrain_pipeline.py
[2026-06-03T14:43:20.827+0000] {logging_mixin.py:188} INFO - [2026-06-03T14:43:20.827+0000] {dag.py:3096} INFO - Sync 1 DAGs
[2026-06-03T14:43:20.838+0000] {logging_mixin.py:188} INFO - [2026-06-03T14:43:20.837+0000] {dag.py:3954} INFO - Setting next_dagrun for neuralretail_retrain_pipeline to None, run_after=None
[2026-06-03T14:43:20.856+0000] {processor.py:183} INFO - Processing /opt/airflow/dags/dag_retrain_pipeline.py took 0.069 seconds
[2026-06-03T14:43:51.048+0000] {processor.py:161} INFO - Started process (PID=1252) to work on /opt/airflow/dags/dag_retrain_pipeline.py
[2026-06-03T14:43:51.049+0000] {processor.py:830} INFO - Processing file /opt/airflow/dags/dag_retrain_pipeline.py for tasks to queue
[2026-06-03T14:43:51.051+0000] {logging_mixin.py:188} INFO - [2026-06-03T14:43:51.051+0000] {dagbag.py:540} INFO - Filling up the DagBag from /opt/airflow/dags/dag_retrain_pipeline.py
[2026-06-03T14:43:51.072+0000] {processor.py:840} INFO - DAG(s) 'neuralretail_retrain_pipeline' retrieved from /opt/airflow/dags/dag_retrain_pipeline.py
[2026-06-03T14:43:51.090+0000] {logging_mixin.py:188} INFO - [2026-06-03T14:43:51.090+0000] {dag.py:3096} INFO - Sync 1 DAGs
[2026-06-03T14:43:51.102+0000] {logging_mixin.py:188} INFO - [2026-06-03T14:43:51.102+0000] {dag.py:3954} INFO - Setting next_dagrun for neuralretail_retrain_pipeline to None, run_after=None
[2026-06-03T14:43:51.145+0000] {processor.py:183} INFO - Processing /opt/airflow/dags/dag_retrain_pipeline.py took 0.101 seconds
[2026-06-03T14:44:21.282+0000] {processor.py:161} INFO - Started process (PID=1272) to work on /opt/airflow/dags/dag_retrain_pipeline.py
[2026-06-03T14:44:21.283+0000] {processor.py:830} INFO - Processing file /opt/airflow/dags/dag_retrain_pipeline.py for tasks to queue
[2026-06-03T14:44:21.285+0000] {logging_mixin.py:188} INFO - [2026-06-03T14:44:21.284+0000] {dagbag.py:540} INFO - Filling up the DagBag from /opt/airflow/dags/dag_retrain_pipeline.py
[2026-06-03T14:44:21.311+0000] {processor.py:840} INFO - DAG(s) 'neuralretail_retrain_pipeline' retrieved from /opt/airflow/dags/dag_retrain_pipeline.py
[2026-06-03T14:44:21.333+0000] {logging_mixin.py:188} INFO - [2026-06-03T14:44:21.333+0000] {dag.py:3096} INFO - Sync 1 DAGs
[2026-06-03T14:44:21.343+0000] {logging_mixin.py:188} INFO - [2026-06-03T14:44:21.343+0000] {dag.py:3954} INFO - Setting next_dagrun for neuralretail_retrain_pipeline to None, run_after=None
[2026-06-03T14:44:21.360+0000] {processor.py:183} INFO - Processing /opt/airflow/dags/dag_retrain_pipeline.py took 0.083 seconds
[2026-06-03T14:44:52.259+0000] {processor.py:161} INFO - Started process (PID=1292) to work on /opt/airflow/dags/dag_retrain_pipeline.py
[2026-06-03T14:44:52.260+0000] {processor.py:830} INFO - Processing file /opt/airflow/dags/dag_retrain_pipeline.py for tasks to queue
[2026-06-03T14:44:52.261+0000] {logging_mixin.py:188} INFO - [2026-06-03T14:44:52.261+0000] {dagbag.py:540} INFO - Filling up the DagBag from /opt/airflow/dags/dag_retrain_pipeline.py
[2026-06-03T14:44:52.281+0000] {processor.py:840} INFO - DAG(s) 'neuralretail_retrain_pipeline' retrieved from /opt/airflow/dags/dag_retrain_pipeline.py
[2026-06-03T14:44:52.300+0000] {logging_mixin.py:188} INFO - [2026-06-03T14:44:52.300+0000] {dag.py:3096} INFO - Sync 1 DAGs
[2026-06-03T14:44:52.310+0000] {logging_mixin.py:188} INFO - [2026-06-03T14:44:52.310+0000] {dag.py:3954} INFO - Setting next_dagrun for neuralretail_retrain_pipeline to None, run_after=None
[2026-06-03T14:44:52.327+0000] {processor.py:183} INFO - Processing /opt/airflow/dags/dag_retrain_pipeline.py took 0.073 seconds
[2026-06-03T14:45:22.565+0000] {processor.py:161} INFO - Started process (PID=1312) to work on /opt/airflow/dags/dag_retrain_pipeline.py
[2026-06-03T14:45:22.566+0000] {processor.py:830} INFO - Processing file /opt/airflow/dags/dag_retrain_pipeline.py for tasks to queue
[2026-06-03T14:45:22.568+0000] {logging_mixin.py:188} INFO - [2026-06-03T14:45:22.567+0000] {dagbag.py:540} INFO - Filling up the DagBag from /opt/airflow/dags/dag_retrain_pipeline.py
[2026-06-03T14:45:22.587+0000] {processor.py:840} INFO - DAG(s) 'neuralretail_retrain_pipeline' retrieved from /opt/airflow/dags/dag_retrain_pipeline.py
[2026-06-03T14:45:22.606+0000] {logging_mixin.py:188} INFO - [2026-06-03T14:45:22.606+0000] {dag.py:3096} INFO - Sync 1 DAGs
[2026-06-03T14:45:22.615+0000] {logging_mixin.py:188} INFO - [2026-06-03T14:45:22.615+0000] {dag.py:3954} INFO - Setting next_dagrun for neuralretail_retrain_pipeline to None, run_after=None
[2026-06-03T14:45:22.637+0000] {processor.py:183} INFO - Processing /opt/airflow/dags/dag_retrain_pipeline.py took 0.075 seconds
[2026-06-03T14:45:52.733+0000] {processor.py:161} INFO - Started process (PID=1332) to work on /opt/airflow/dags/dag_retrain_pipeline.py
[2026-06-03T14:45:52.734+0000] {processor.py:830} INFO - Processing file /opt/airflow/dags/dag_retrain_pipeline.py for tasks to queue
[2026-06-03T14:45:52.736+0000] {logging_mixin.py:188} INFO - [2026-06-03T14:45:52.736+0000] {dagbag.py:540} INFO - Filling up the DagBag from /opt/airflow/dags/dag_retrain_pipeline.py
[2026-06-03T14:45:52.762+0000] {processor.py:840} INFO - DAG(s) 'neuralretail_retrain_pipeline' retrieved from /opt/airflow/dags/dag_retrain_pipeline.py
[2026-06-03T14:45:52.779+0000] {logging_mixin.py:188} INFO - [2026-06-03T14:45:52.779+0000] {dag.py:3096} INFO - Sync 1 DAGs
[2026-06-03T14:45:52.789+0000] {logging_mixin.py:188} INFO - [2026-06-03T14:45:52.789+0000] {dag.py:3954} INFO - Setting next_dagrun for neuralretail_retrain_pipeline to None, run_after=None
[2026-06-03T14:45:52.806+0000] {processor.py:183} INFO - Processing /opt/airflow/dags/dag_retrain_pipeline.py took 0.078 seconds
[2026-06-03T14:46:22.909+0000] {processor.py:161} INFO - Started process (PID=1352) to work on /opt/airflow/dags/dag_retrain_pipeline.py
[2026-06-03T14:46:22.909+0000] {processor.py:830} INFO - Processing file /opt/airflow/dags/dag_retrain_pipeline.py for tasks to queue
[2026-06-03T14:46:22.911+0000] {logging_mixin.py:188} INFO - [2026-06-03T14:46:22.911+0000] {dagbag.py:540} INFO - Filling up the DagBag from /opt/airflow/dags/dag_retrain_pipeline.py
[2026-06-03T14:46:22.930+0000] {processor.py:840} INFO - DAG(s) 'neuralretail_retrain_pipeline' retrieved from /opt/airflow/dags/dag_retrain_pipeline.py
[2026-06-03T14:46:22.948+0000] {logging_mixin.py:188} INFO - [2026-06-03T14:46:22.948+0000] {dag.py:3096} INFO - Sync 1 DAGs
[2026-06-03T14:46:22.957+0000] {logging_mixin.py:188} INFO - [2026-06-03T14:46:22.957+0000] {dag.py:3954} INFO - Setting next_dagrun for neuralretail_retrain_pipeline to None, run_after=None
[2026-06-03T14:46:22.974+0000] {processor.py:183} INFO - Processing /opt/airflow/dags/dag_retrain_pipeline.py took 0.070 seconds
[2026-06-03T14:46:53.412+0000] {processor.py:161} INFO - Started process (PID=1372) to work on /opt/airflow/dags/dag_retrain_pipeline.py
[2026-06-03T14:46:53.413+0000] {processor.py:830} INFO - Processing file /opt/airflow/dags/dag_retrain_pipeline.py for tasks to queue
[2026-06-03T14:46:53.415+0000] {logging_mixin.py:188} INFO - [2026-06-03T14:46:53.415+0000] {dagbag.py:540} INFO - Filling up the DagBag from /opt/airflow/dags/dag_retrain_pipeline.py
[2026-06-03T14:46:53.436+0000] {processor.py:840} INFO - DAG(s) 'neuralretail_retrain_pipeline' retrieved from /opt/airflow/dags/dag_retrain_pipeline.py
[2026-06-03T14:46:53.456+0000] {logging_mixin.py:188} INFO - [2026-06-03T14:46:53.456+0000] {dag.py:3096} INFO - Sync 1 DAGs
[2026-06-03T14:46:53.466+0000] {logging_mixin.py:188} INFO - [2026-06-03T14:46:53.466+0000] {dag.py:3954} INFO - Setting next_dagrun for neuralretail_retrain_pipeline to None, run_after=None
[2026-06-03T14:46:53.482+0000] {processor.py:183} INFO - Processing /opt/airflow/dags/dag_retrain_pipeline.py took 0.076 seconds
[2026-06-03T14:47:23.559+0000] {processor.py:161} INFO - Started process (PID=1392) to work on /opt/airflow/dags/dag_retrain_pipeline.py
[2026-06-03T14:47:23.559+0000] {processor.py:830} INFO - Processing file /opt/airflow/dags/dag_retrain_pipeline.py for tasks to queue
[2026-06-03T14:47:23.561+0000] {logging_mixin.py:188} INFO - [2026-06-03T14:47:23.561+0000] {dagbag.py:540} INFO - Filling up the DagBag from /opt/airflow/dags/dag_retrain_pipeline.py
[2026-06-03T14:47:23.589+0000] {processor.py:840} INFO - DAG(s) 'neuralretail_retrain_pipeline' retrieved from /opt/airflow/dags/dag_retrain_pipeline.py
[2026-06-03T14:47:23.607+0000] {logging_mixin.py:188} INFO - [2026-06-03T14:47:23.607+0000] {dag.py:3096} INFO - Sync 1 DAGs
[2026-06-03T14:47:23.617+0000] {logging_mixin.py:188} INFO - [2026-06-03T14:47:23.617+0000] {dag.py:3954} INFO - Setting next_dagrun for neuralretail_retrain_pipeline to None, run_after=None
[2026-06-03T14:47:23.645+0000] {processor.py:183} INFO - Processing /opt/airflow/dags/dag_retrain_pipeline.py took 0.091 seconds
[2026-06-03T14:47:53.781+0000] {processor.py:161} INFO - Started process (PID=1412) to work on /opt/airflow/dags/dag_retrain_pipeline.py
[2026-06-03T14:47:53.783+0000] {processor.py:830} INFO - Processing file /opt/airflow/dags/dag_retrain_pipeline.py for tasks to queue
[2026-06-03T14:47:53.785+0000] {logging_mixin.py:188} INFO - [2026-06-03T14:47:53.785+0000] {dagbag.py:540} INFO - Filling up the DagBag from /opt/airflow/dags/dag_retrain_pipeline.py
[2026-06-03T14:47:53.810+0000] {processor.py:840} INFO - DAG(s) 'neuralretail_retrain_pipeline' retrieved from /opt/airflow/dags/dag_retrain_pipeline.py
[2026-06-03T14:47:53.829+0000] {logging_mixin.py:188} INFO - [2026-06-03T14:47:53.828+0000] {dag.py:3096} INFO - Sync 1 DAGs
[2026-06-03T14:47:53.839+0000] {logging_mixin.py:188} INFO - [2026-06-03T14:47:53.839+0000] {dag.py:3954} INFO - Setting next_dagrun for neuralretail_retrain_pipeline to None, run_after=None
[2026-06-03T14:47:53.855+0000] {processor.py:183} INFO - Processing /opt/airflow/dags/dag_retrain_pipeline.py took 0.081 seconds
[2026-06-03T14:48:24.018+0000] {processor.py:161} INFO - Started process (PID=1432) to work on /opt/airflow/dags/dag_retrain_pipeline.py
[2026-06-03T14:48:24.019+0000] {processor.py:830} INFO - Processing file /opt/airflow/dags/dag_retrain_pipeline.py for tasks to queue
[2026-06-03T14:48:24.021+0000] {logging_mixin.py:188} INFO - [2026-06-03T14:48:24.020+0000] {dagbag.py:540} INFO - Filling up the DagBag from /opt/airflow/dags/dag_retrain_pipeline.py
[2026-06-03T14:48:24.046+0000] {processor.py:840} INFO - DAG(s) 'neuralretail_retrain_pipeline' retrieved from /opt/airflow/dags/dag_retrain_pipeline.py
[2026-06-03T14:48:24.066+0000] {logging_mixin.py:188} INFO - [2026-06-03T14:48:24.066+0000] {dag.py:3096} INFO - Sync 1 DAGs
[2026-06-03T14:48:24.075+0000] {logging_mixin.py:188} INFO - [2026-06-03T14:48:24.075+0000] {dag.py:3954} INFO - Setting next_dagrun for neuralretail_retrain_pipeline to None, run_after=None
[2026-06-03T14:48:24.095+0000] {processor.py:183} INFO - Processing /opt/airflow/dags/dag_retrain_pipeline.py took 0.083 seconds
[2026-06-03T14:48:54.440+0000] {processor.py:161} INFO - Started process (PID=1452) to work on /opt/airflow/dags/dag_retrain_pipeline.py
[2026-06-03T14:48:54.441+0000] {processor.py:830} INFO - Processing file /opt/airflow/dags/dag_retrain_pipeline.py for tasks to queue
[2026-06-03T14:48:54.443+0000] {logging_mixin.py:188} INFO - [2026-06-03T14:48:54.443+0000] {dagbag.py:540} INFO - Filling up the DagBag from /opt/airflow/dags/dag_retrain_pipeline.py
[2026-06-03T14:48:54.469+0000] {processor.py:840} INFO - DAG(s) 'neuralretail_retrain_pipeline' retrieved from /opt/airflow/dags/dag_retrain_pipeline.py
[2026-06-03T14:48:54.488+0000] {logging_mixin.py:188} INFO - [2026-06-03T14:48:54.488+0000] {dag.py:3096} INFO - Sync 1 DAGs
[2026-06-03T14:48:54.498+0000] {logging_mixin.py:188} INFO - [2026-06-03T14:48:54.498+0000] {dag.py:3954} INFO - Setting next_dagrun for neuralretail_retrain_pipeline to None, run_after=None
[2026-06-03T14:48:54.516+0000] {processor.py:183} INFO - Processing /opt/airflow/dags/dag_retrain_pipeline.py took 0.083 seconds
[2026-06-03T14:49:24.686+0000] {processor.py:161} INFO - Started process (PID=1472) to work on /opt/airflow/dags/dag_retrain_pipeline.py
[2026-06-03T14:49:24.687+0000] {processor.py:830} INFO - Processing file /opt/airflow/dags/dag_retrain_pipeline.py for tasks to queue
[2026-06-03T14:49:24.689+0000] {logging_mixin.py:188} INFO - [2026-06-03T14:49:24.689+0000] {dagbag.py:540} INFO - Filling up the DagBag from /opt/airflow/dags/dag_retrain_pipeline.py
[2026-06-03T14:49:24.712+0000] {processor.py:840} INFO - DAG(s) 'neuralretail_retrain_pipeline' retrieved from /opt/airflow/dags/dag_retrain_pipeline.py
[2026-06-03T14:49:24.730+0000] {logging_mixin.py:188} INFO - [2026-06-03T14:49:24.730+0000] {dag.py:3096} INFO - Sync 1 DAGs
[2026-06-03T14:49:24.741+0000] {logging_mixin.py:188} INFO - [2026-06-03T14:49:24.741+0000] {dag.py:3954} INFO - Setting next_dagrun for neuralretail_retrain_pipeline to None, run_after=None
[2026-06-03T14:49:24.760+0000] {processor.py:183} INFO - Processing /opt/airflow/dags/dag_retrain_pipeline.py took 0.081 seconds
[2026-06-03T14:49:55.776+0000] {processor.py:161} INFO - Started process (PID=1492) to work on /opt/airflow/dags/dag_retrain_pipeline.py
[2026-06-03T14:49:55.777+0000] {processor.py:830} INFO - Processing file /opt/airflow/dags/dag_retrain_pipeline.py for tasks to queue
[2026-06-03T14:49:55.779+0000] {logging_mixin.py:188} INFO - [2026-06-03T14:49:55.779+0000] {dagbag.py:540} INFO - Filling up the DagBag from /opt/airflow/dags/dag_retrain_pipeline.py
[2026-06-03T14:49:55.821+0000] {processor.py:840} INFO - DAG(s) 'neuralretail_retrain_pipeline' retrieved from /opt/airflow/dags/dag_retrain_pipeline.py
[2026-06-03T14:49:55.840+0000] {logging_mixin.py:188} INFO - [2026-06-03T14:49:55.840+0000] {dag.py:3096} INFO - Sync 1 DAGs
[2026-06-03T14:49:55.850+0000] {logging_mixin.py:188} INFO - [2026-06-03T14:49:55.849+0000] {dag.py:3954} INFO - Setting next_dagrun for neuralretail_retrain_pipeline to None, run_after=None
[2026-06-03T14:49:55.871+0000] {processor.py:183} INFO - Processing /opt/airflow/dags/dag_retrain_pipeline.py took 0.100 seconds
[2026-06-03T14:50:25.938+0000] {processor.py:161} INFO - Started process (PID=1512) to work on /opt/airflow/dags/dag_retrain_pipeline.py
[2026-06-03T14:50:25.939+0000] {processor.py:830} INFO - Processing file /opt/airflow/dags/dag_retrain_pipeline.py for tasks to queue
[2026-06-03T14:50:25.941+0000] {logging_mixin.py:188} INFO - [2026-06-03T14:50:25.941+0000] {dagbag.py:540} INFO - Filling up the DagBag from /opt/airflow/dags/dag_retrain_pipeline.py
[2026-06-03T14:50:25.959+0000] {processor.py:840} INFO - DAG(s) 'neuralretail_retrain_pipeline' retrieved from /opt/airflow/dags/dag_retrain_pipeline.py
[2026-06-03T14:50:25.978+0000] {logging_mixin.py:188} INFO - [2026-06-03T14:50:25.978+0000] {dag.py:3096} INFO - Sync 1 DAGs
[2026-06-03T14:50:25.988+0000] {logging_mixin.py:188} INFO - [2026-06-03T14:50:25.988+0000] {dag.py:3954} INFO - Setting next_dagrun for neuralretail_retrain_pipeline to None, run_after=None
[2026-06-03T14:50:26.005+0000] {processor.py:183} INFO - Processing /opt/airflow/dags/dag_retrain_pipeline.py took 0.072 seconds
[2026-06-03T14:50:56.580+0000] {processor.py:161} INFO - Started process (PID=1532) to work on /opt/airflow/dags/dag_retrain_pipeline.py
[2026-06-03T14:50:56.582+0000] {processor.py:830} INFO - Processing file /opt/airflow/dags/dag_retrain_pipeline.py for tasks to queue
[2026-06-03T14:50:56.584+0000] {logging_mixin.py:188} INFO - [2026-06-03T14:50:56.584+0000] {dagbag.py:540} INFO - Filling up the DagBag from /opt/airflow/dags/dag_retrain_pipeline.py
[2026-06-03T14:50:56.611+0000] {processor.py:840} INFO - DAG(s) 'neuralretail_retrain_pipeline' retrieved from /opt/airflow/dags/dag_retrain_pipeline.py
[2026-06-03T14:50:56.630+0000] {logging_mixin.py:188} INFO - [2026-06-03T14:50:56.630+0000] {dag.py:3096} INFO - Sync 1 DAGs
[2026-06-03T14:50:56.641+0000] {logging_mixin.py:188} INFO - [2026-06-03T14:50:56.641+0000] {dag.py:3954} INFO - Setting next_dagrun for neuralretail_retrain_pipeline to None, run_after=None
[2026-06-03T14:50:56.663+0000] {processor.py:183} INFO - Processing /opt/airflow/dags/dag_retrain_pipeline.py took 0.091 seconds
[2026-06-03T14:51:26.734+0000] {processor.py:161} INFO - Started process (PID=1552) to work on /opt/airflow/dags/dag_retrain_pipeline.py
[2026-06-03T14:51:26.734+0000] {processor.py:830} INFO - Processing file /opt/airflow/dags/dag_retrain_pipeline.py for tasks to queue
[2026-06-03T14:51:26.736+0000] {logging_mixin.py:188} INFO - [2026-06-03T14:51:26.736+0000] {dagbag.py:540} INFO - Filling up the DagBag from /opt/airflow/dags/dag_retrain_pipeline.py
[2026-06-03T14:51:26.756+0000] {processor.py:840} INFO - DAG(s) 'neuralretail_retrain_pipeline' retrieved from /opt/airflow/dags/dag_retrain_pipeline.py
[2026-06-03T14:51:26.775+0000] {logging_mixin.py:188} INFO - [2026-06-03T14:51:26.774+0000] {dag.py:3096} INFO - Sync 1 DAGs
[2026-06-03T14:51:26.785+0000] {logging_mixin.py:188} INFO - [2026-06-03T14:51:26.785+0000] {dag.py:3954} INFO - Setting next_dagrun for neuralretail_retrain_pipeline to None, run_after=None
[2026-06-03T14:51:26.800+0000] {processor.py:183} INFO - Processing /opt/airflow/dags/dag_retrain_pipeline.py took 0.071 seconds
[2026-06-03T14:51:57.028+0000] {processor.py:161} INFO - Started process (PID=1572) to work on /opt/airflow/dags/dag_retrain_pipeline.py
[2026-06-03T14:51:57.029+0000] {processor.py:830} INFO - Processing file /opt/airflow/dags/dag_retrain_pipeline.py for tasks to queue
[2026-06-03T14:51:57.031+0000] {logging_mixin.py:188} INFO - [2026-06-03T14:51:57.031+0000] {dagbag.py:540} INFO - Filling up the DagBag from /opt/airflow/dags/dag_retrain_pipeline.py
[2026-06-03T14:51:57.049+0000] {processor.py:840} INFO - DAG(s) 'neuralretail_retrain_pipeline' retrieved from /opt/airflow/dags/dag_retrain_pipeline.py
[2026-06-03T14:51:57.067+0000] {logging_mixin.py:188} INFO - [2026-06-03T14:51:57.067+0000] {dag.py:3096} INFO - Sync 1 DAGs
[2026-06-03T14:51:57.077+0000] {logging_mixin.py:188} INFO - [2026-06-03T14:51:57.077+0000] {dag.py:3954} INFO - Setting next_dagrun for neuralretail_retrain_pipeline to None, run_after=None
[2026-06-03T14:51:57.094+0000] {processor.py:183} INFO - Processing /opt/airflow/dags/dag_retrain_pipeline.py took 0.070 seconds
[2026-06-03T14:52:27.233+0000] {processor.py:161} INFO - Started process (PID=1592) to work on /opt/airflow/dags/dag_retrain_pipeline.py
[2026-06-03T14:52:27.234+0000] {processor.py:830} INFO - Processing file /opt/airflow/dags/dag_retrain_pipeline.py for tasks to queue
[2026-06-03T14:52:27.235+0000] {logging_mixin.py:188} INFO - [2026-06-03T14:52:27.235+0000] {dagbag.py:540} INFO - Filling up the DagBag from /opt/airflow/dags/dag_retrain_pipeline.py
[2026-06-03T14:52:27.255+0000] {processor.py:840} INFO - DAG(s) 'neuralretail_retrain_pipeline' retrieved from /opt/airflow/dags/dag_retrain_pipeline.py
[2026-06-03T14:52:27.274+0000] {logging_mixin.py:188} INFO - [2026-06-03T14:52:27.274+0000] {dag.py:3096} INFO - Sync 1 DAGs
[2026-06-03T14:52:27.284+0000] {logging_mixin.py:188} INFO - [2026-06-03T14:52:27.284+0000] {dag.py:3954} INFO - Setting next_dagrun for neuralretail_retrain_pipeline to None, run_after=None
[2026-06-03T14:52:27.305+0000] {processor.py:183} INFO - Processing /opt/airflow/dags/dag_retrain_pipeline.py took 0.076 seconds
[2026-06-03T14:52:57.738+0000] {processor.py:161} INFO - Started process (PID=1612) to work on /opt/airflow/dags/dag_retrain_pipeline.py
[2026-06-03T14:52:57.740+0000] {processor.py:830} INFO - Processing file /opt/airflow/dags/dag_retrain_pipeline.py for tasks to queue
[2026-06-03T14:52:57.742+0000] {logging_mixin.py:188} INFO - [2026-06-03T14:52:57.742+0000] {dagbag.py:540} INFO - Filling up the DagBag from /opt/airflow/dags/dag_retrain_pipeline.py
[2026-06-03T14:52:57.780+0000] {processor.py:840} INFO - DAG(s) 'neuralretail_retrain_pipeline' retrieved from /opt/airflow/dags/dag_retrain_pipeline.py
[2026-06-03T14:52:57.799+0000] {logging_mixin.py:188} INFO - [2026-06-03T14:52:57.799+0000] {dag.py:3096} INFO - Sync 1 DAGs
[2026-06-03T14:52:57.809+0000] {logging_mixin.py:188} INFO - [2026-06-03T14:52:57.809+0000] {dag.py:3954} INFO - Setting next_dagrun for neuralretail_retrain_pipeline to None, run_after=None
[2026-06-03T14:52:57.831+0000] {processor.py:183} INFO - Processing /opt/airflow/dags/dag_retrain_pipeline.py took 0.101 seconds
[2026-06-03T14:53:28.223+0000] {processor.py:161} INFO - Started process (PID=1632) to work on /opt/airflow/dags/dag_retrain_pipeline.py
[2026-06-03T14:53:28.224+0000] {processor.py:830} INFO - Processing file /opt/airflow/dags/dag_retrain_pipeline.py for tasks to queue
[2026-06-03T14:53:28.226+0000] {logging_mixin.py:188} INFO - [2026-06-03T14:53:28.225+0000] {dagbag.py:540} INFO - Filling up the DagBag from /opt/airflow/dags/dag_retrain_pipeline.py
[2026-06-03T14:53:28.244+0000] {processor.py:840} INFO - DAG(s) 'neuralretail_retrain_pipeline' retrieved from /opt/airflow/dags/dag_retrain_pipeline.py
[2026-06-03T14:53:28.262+0000] {logging_mixin.py:188} INFO - [2026-06-03T14:53:28.262+0000] {dag.py:3096} INFO - Sync 1 DAGs
[2026-06-03T14:53:28.271+0000] {logging_mixin.py:188} INFO - [2026-06-03T14:53:28.271+0000] {dag.py:3954} INFO - Setting next_dagrun for neuralretail_retrain_pipeline to None, run_after=None
[2026-06-03T14:53:28.288+0000] {processor.py:183} INFO - Processing /opt/airflow/dags/dag_retrain_pipeline.py took 0.069 seconds
[2026-06-03T14:53:58.402+0000] {processor.py:161} INFO - Started process (PID=1652) to work on /opt/airflow/dags/dag_retrain_pipeline.py
[2026-06-03T14:53:58.404+0000] {processor.py:830} INFO - Processing file /opt/airflow/dags/dag_retrain_pipeline.py for tasks to queue
[2026-06-03T14:53:58.406+0000] {logging_mixin.py:188} INFO - [2026-06-03T14:53:58.405+0000] {dagbag.py:540} INFO - Filling up the DagBag from /opt/airflow/dags/dag_retrain_pipeline.py
[2026-06-03T14:53:58.426+0000] {processor.py:840} INFO - DAG(s) 'neuralretail_retrain_pipeline' retrieved from /opt/airflow/dags/dag_retrain_pipeline.py
[2026-06-03T14:53:58.445+0000] {logging_mixin.py:188} INFO - [2026-06-03T14:53:58.445+0000] {dag.py:3096} INFO - Sync 1 DAGs
[2026-06-03T14:53:58.455+0000] {logging_mixin.py:188} INFO - [2026-06-03T14:53:58.455+0000] {dag.py:3954} INFO - Setting next_dagrun for neuralretail_retrain_pipeline to None, run_after=None
[2026-06-03T14:53:58.474+0000] {processor.py:183} INFO - Processing /opt/airflow/dags/dag_retrain_pipeline.py took 0.076 seconds
[2026-06-03T14:54:28.631+0000] {processor.py:161} INFO - Started process (PID=1672) to work on /opt/airflow/dags/dag_retrain_pipeline.py
[2026-06-03T14:54:28.632+0000] {processor.py:830} INFO - Processing file /opt/airflow/dags/dag_retrain_pipeline.py for tasks to queue
[2026-06-03T14:54:28.634+0000] {logging_mixin.py:188} INFO - [2026-06-03T14:54:28.634+0000] {dagbag.py:540} INFO - Filling up the DagBag from /opt/airflow/dags/dag_retrain_pipeline.py
[2026-06-03T14:54:28.693+0000] {processor.py:840} INFO - DAG(s) 'neuralretail_retrain_pipeline' retrieved from /opt/airflow/dags/dag_retrain_pipeline.py
[2026-06-03T14:54:28.713+0000] {logging_mixin.py:188} INFO - [2026-06-03T14:54:28.713+0000] {dag.py:3096} INFO - Sync 1 DAGs
[2026-06-03T14:54:28.723+0000] {logging_mixin.py:188} INFO - [2026-06-03T14:54:28.723+0000] {dag.py:3954} INFO - Setting next_dagrun for neuralretail_retrain_pipeline to None, run_after=None
[2026-06-03T14:54:28.740+0000] {processor.py:183} INFO - Processing /opt/airflow/dags/dag_retrain_pipeline.py took 0.114 seconds
[2026-06-03T14:54:58.925+0000] {processor.py:161} INFO - Started process (PID=1692) to work on /opt/airflow/dags/dag_retrain_pipeline.py
[2026-06-03T14:54:58.926+0000] {processor.py:830} INFO - Processing file /opt/airflow/dags/dag_retrain_pipeline.py for tasks to queue
[2026-06-03T14:54:58.927+0000] {logging_mixin.py:188} INFO - [2026-06-03T14:54:58.927+0000] {dagbag.py:540} INFO - Filling up the DagBag from /opt/airflow/dags/dag_retrain_pipeline.py
[2026-06-03T14:54:58.947+0000] {processor.py:840} INFO - DAG(s) 'neuralretail_retrain_pipeline' retrieved from /opt/airflow/dags/dag_retrain_pipeline.py
[2026-06-03T14:54:58.965+0000] {logging_mixin.py:188} INFO - [2026-06-03T14:54:58.964+0000] {dag.py:3096} INFO - Sync 1 DAGs
[2026-06-03T14:54:58.974+0000] {logging_mixin.py:188} INFO - [2026-06-03T14:54:58.974+0000] {dag.py:3954} INFO - Setting next_dagrun for neuralretail_retrain_pipeline to None, run_after=None
[2026-06-03T14:54:58.991+0000] {processor.py:183} INFO - Processing /opt/airflow/dags/dag_retrain_pipeline.py took 0.070 seconds
[2026-06-03T14:55:29.046+0000] {processor.py:161} INFO - Started process (PID=1712) to work on /opt/airflow/dags/dag_retrain_pipeline.py
[2026-06-03T14:55:29.047+0000] {processor.py:830} INFO - Processing file /opt/airflow/dags/dag_retrain_pipeline.py for tasks to queue
[2026-06-03T14:55:29.049+0000] {logging_mixin.py:188} INFO - [2026-06-03T14:55:29.049+0000] {dagbag.py:540} INFO - Filling up the DagBag from /opt/airflow/dags/dag_retrain_pipeline.py
[2026-06-03T14:55:29.070+0000] {processor.py:840} INFO - DAG(s) 'neuralretail_retrain_pipeline' retrieved from /opt/airflow/dags/dag_retrain_pipeline.py
[2026-06-03T14:55:29.089+0000] {logging_mixin.py:188} INFO - [2026-06-03T14:55:29.089+0000] {dag.py:3096} INFO - Sync 1 DAGs
[2026-06-03T14:55:29.098+0000] {logging_mixin.py:188} INFO - [2026-06-03T14:55:29.098+0000] {dag.py:3954} INFO - Setting next_dagrun for neuralretail_retrain_pipeline to None, run_after=None
[2026-06-03T14:55:29.115+0000] {processor.py:183} INFO - Processing /opt/airflow/dags/dag_retrain_pipeline.py took 0.073 seconds
[2026-06-03T14:55:59.507+0000] {processor.py:161} INFO - Started process (PID=1732) to work on /opt/airflow/dags/dag_retrain_pipeline.py
[2026-06-03T14:55:59.518+0000] {processor.py:830} INFO - Processing file /opt/airflow/dags/dag_retrain_pipeline.py for tasks to queue
[2026-06-03T14:55:59.520+0000] {logging_mixin.py:188} INFO - [2026-06-03T14:55:59.520+0000] {dagbag.py:540} INFO - Filling up the DagBag from /opt/airflow/dags/dag_retrain_pipeline.py
[2026-06-03T14:55:59.545+0000] {processor.py:840} INFO - DAG(s) 'neuralretail_retrain_pipeline' retrieved from /opt/airflow/dags/dag_retrain_pipeline.py
[2026-06-03T14:55:59.564+0000] {logging_mixin.py:188} INFO - [2026-06-03T14:55:59.563+0000] {dag.py:3096} INFO - Sync 1 DAGs
[2026-06-03T14:55:59.573+0000] {logging_mixin.py:188} INFO - [2026-06-03T14:55:59.573+0000] {dag.py:3954} INFO - Setting next_dagrun for neuralretail_retrain_pipeline to None, run_after=None
[2026-06-03T14:55:59.590+0000] {processor.py:183} INFO - Processing /opt/airflow/dags/dag_retrain_pipeline.py took 0.088 seconds
[2026-06-03T14:56:29.862+0000] {processor.py:161} INFO - Started process (PID=1752) to work on /opt/airflow/dags/dag_retrain_pipeline.py
[2026-06-03T14:56:29.864+0000] {processor.py:830} INFO - Processing file /opt/airflow/dags/dag_retrain_pipeline.py for tasks to queue
[2026-06-03T14:56:29.867+0000] {logging_mixin.py:188} INFO - [2026-06-03T14:56:29.867+0000] {dagbag.py:540} INFO - Filling up the DagBag from /opt/airflow/dags/dag_retrain_pipeline.py
[2026-06-03T14:56:29.931+0000] {processor.py:840} INFO - DAG(s) 'neuralretail_retrain_pipeline' retrieved from /opt/airflow/dags/dag_retrain_pipeline.py
[2026-06-03T14:56:29.949+0000] {logging_mixin.py:188} INFO - [2026-06-03T14:56:29.949+0000] {dag.py:3096} INFO - Sync 1 DAGs
[2026-06-03T14:56:29.959+0000] {logging_mixin.py:188} INFO - [2026-06-03T14:56:29.959+0000] {dag.py:3954} INFO - Setting next_dagrun for neuralretail_retrain_pipeline to None, run_after=None
[2026-06-03T14:56:29.976+0000] {processor.py:183} INFO - Processing /opt/airflow/dags/dag_retrain_pipeline.py took 0.119 seconds
[2026-06-03T14:57:00.094+0000] {processor.py:161} INFO - Started process (PID=1772) to work on /opt/airflow/dags/dag_retrain_pipeline.py
[2026-06-03T14:57:00.096+0000] {processor.py:830} INFO - Processing file /opt/airflow/dags/dag_retrain_pipeline.py for tasks to queue
[2026-06-03T14:57:00.098+0000] {logging_mixin.py:188} INFO - [2026-06-03T14:57:00.098+0000] {dagbag.py:540} INFO - Filling up the DagBag from /opt/airflow/dags/dag_retrain_pipeline.py
[2026-06-03T14:57:00.142+0000] {processor.py:840} INFO - DAG(s) 'neuralretail_retrain_pipeline' retrieved from /opt/airflow/dags/dag_retrain_pipeline.py
[2026-06-03T14:57:00.163+0000] {logging_mixin.py:188} INFO - [2026-06-03T14:57:00.163+0000] {dag.py:3096} INFO - Sync 1 DAGs
[2026-06-03T14:57:00.173+0000] {logging_mixin.py:188} INFO - [2026-06-03T14:57:00.172+0000] {dag.py:3954} INFO - Setting next_dagrun for neuralretail_retrain_pipeline to None, run_after=None
[2026-06-03T14:57:00.190+0000] {processor.py:183} INFO - Processing /opt/airflow/dags/dag_retrain_pipeline.py took 0.107 seconds
[2026-06-03T14:57:30.400+0000] {processor.py:161} INFO - Started process (PID=1792) to work on /opt/airflow/dags/dag_retrain_pipeline.py
[2026-06-03T14:57:30.402+0000] {processor.py:830} INFO - Processing file /opt/airflow/dags/dag_retrain_pipeline.py for tasks to queue
[2026-06-03T14:57:30.404+0000] {logging_mixin.py:188} INFO - [2026-06-03T14:57:30.404+0000] {dagbag.py:540} INFO - Filling up the DagBag from /opt/airflow/dags/dag_retrain_pipeline.py
[2026-06-03T14:57:30.445+0000] {processor.py:840} INFO - DAG(s) 'neuralretail_retrain_pipeline' retrieved from /opt/airflow/dags/dag_retrain_pipeline.py
[2026-06-03T14:57:30.466+0000] {logging_mixin.py:188} INFO - [2026-06-03T14:57:30.466+0000] {dag.py:3096} INFO - Sync 1 DAGs
[2026-06-03T14:57:30.476+0000] {logging_mixin.py:188} INFO - [2026-06-03T14:57:30.476+0000] {dag.py:3954} INFO - Setting next_dagrun for neuralretail_retrain_pipeline to None, run_after=None
[2026-06-03T14:57:30.494+0000] {processor.py:183} INFO - Processing /opt/airflow/dags/dag_retrain_pipeline.py took 0.101 seconds
[2026-06-03T14:58:00.614+0000] {processor.py:161} INFO - Started process (PID=1812) to work on /opt/airflow/dags/dag_retrain_pipeline.py
[2026-06-03T14:58:00.615+0000] {processor.py:830} INFO - Processing file /opt/airflow/dags/dag_retrain_pipeline.py for tasks to queue
[2026-06-03T14:58:00.617+0000] {logging_mixin.py:188} INFO - [2026-06-03T14:58:00.617+0000] {dagbag.py:540} INFO - Filling up the DagBag from /opt/airflow/dags/dag_retrain_pipeline.py
[2026-06-03T14:58:00.636+0000] {processor.py:840} INFO - DAG(s) 'neuralretail_retrain_pipeline' retrieved from /opt/airflow/dags/dag_retrain_pipeline.py
[2026-06-03T14:58:00.654+0000] {logging_mixin.py:188} INFO - [2026-06-03T14:58:00.654+0000] {dag.py:3096} INFO - Sync 1 DAGs
[2026-06-03T14:58:00.664+0000] {logging_mixin.py:188} INFO - [2026-06-03T14:58:00.664+0000] {dag.py:3954} INFO - Setting next_dagrun for neuralretail_retrain_pipeline to None, run_after=None
[2026-06-03T14:58:00.680+0000] {processor.py:183} INFO - Processing /opt/airflow/dags/dag_retrain_pipeline.py took 0.070 seconds
[2026-06-03T14:58:30.897+0000] {processor.py:161} INFO - Started process (PID=1832) to work on /opt/airflow/dags/dag_retrain_pipeline.py
[2026-06-03T14:58:30.898+0000] {processor.py:830} INFO - Processing file /opt/airflow/dags/dag_retrain_pipeline.py for tasks to queue
[2026-06-03T14:58:30.900+0000] {logging_mixin.py:188} INFO - [2026-06-03T14:58:30.900+0000] {dagbag.py:540} INFO - Filling up the DagBag from /opt/airflow/dags/dag_retrain_pipeline.py
[2026-06-03T14:58:30.920+0000] {processor.py:840} INFO - DAG(s) 'neuralretail_retrain_pipeline' retrieved from /opt/airflow/dags/dag_retrain_pipeline.py
[2026-06-03T14:58:30.937+0000] {logging_mixin.py:188} INFO - [2026-06-03T14:58:30.937+0000] {dag.py:3096} INFO - Sync 1 DAGs
[2026-06-03T14:58:30.946+0000] {logging_mixin.py:188} INFO - [2026-06-03T14:58:30.946+0000] {dag.py:3954} INFO - Setting next_dagrun for neuralretail_retrain_pipeline to None, run_after=None
[2026-06-03T14:58:30.961+0000] {processor.py:183} INFO - Processing /opt/airflow/dags/dag_retrain_pipeline.py took 0.068 seconds
[2026-06-03T14:59:01.214+0000] {processor.py:161} INFO - Started process (PID=1852) to work on /opt/airflow/dags/dag_retrain_pipeline.py
[2026-06-03T14:59:01.215+0000] {processor.py:830} INFO - Processing file /opt/airflow/dags/dag_retrain_pipeline.py for tasks to queue
[2026-06-03T14:59:01.217+0000] {logging_mixin.py:188} INFO - [2026-06-03T14:59:01.216+0000] {dagbag.py:540} INFO - Filling up the DagBag from /opt/airflow/dags/dag_retrain_pipeline.py
[2026-06-03T14:59:01.236+0000] {processor.py:840} INFO - DAG(s) 'neuralretail_retrain_pipeline' retrieved from /opt/airflow/dags/dag_retrain_pipeline.py
[2026-06-03T14:59:01.254+0000] {logging_mixin.py:188} INFO - [2026-06-03T14:59:01.254+0000] {dag.py:3096} INFO - Sync 1 DAGs
[2026-06-03T14:59:01.264+0000] {logging_mixin.py:188} INFO - [2026-06-03T14:59:01.264+0000] {dag.py:3954} INFO - Setting next_dagrun for neuralretail_retrain_pipeline to None, run_after=None
[2026-06-03T14:59:01.281+0000] {processor.py:183} INFO - Processing /opt/airflow/dags/dag_retrain_pipeline.py took 0.071 seconds
[2026-06-03T14:59:31.617+0000] {processor.py:161} INFO - Started process (PID=1872) to work on /opt/airflow/dags/dag_retrain_pipeline.py
[2026-06-03T14:59:31.618+0000] {processor.py:830} INFO - Processing file /opt/airflow/dags/dag_retrain_pipeline.py for tasks to queue
[2026-06-03T14:59:31.620+0000] {logging_mixin.py:188} INFO - [2026-06-03T14:59:31.620+0000] {dagbag.py:540} INFO - Filling up the DagBag from /opt/airflow/dags/dag_retrain_pipeline.py
[2026-06-03T14:59:31.644+0000] {processor.py:840} INFO - DAG(s) 'neuralretail_retrain_pipeline' retrieved from /opt/airflow/dags/dag_retrain_pipeline.py
[2026-06-03T14:59:31.663+0000] {logging_mixin.py:188} INFO - [2026-06-03T14:59:31.663+0000] {dag.py:3096} INFO - Sync 1 DAGs
[2026-06-03T14:59:31.673+0000] {logging_mixin.py:188} INFO - [2026-06-03T14:59:31.673+0000] {dag.py:3954} INFO - Setting next_dagrun for neuralretail_retrain_pipeline to None, run_after=None
[2026-06-03T14:59:31.692+0000] {processor.py:183} INFO - Processing /opt/airflow/dags/dag_retrain_pipeline.py took 0.080 seconds
[2026-06-03T15:00:01.761+0000] {processor.py:161} INFO - Started process (PID=1892) to work on /opt/airflow/dags/dag_retrain_pipeline.py
[2026-06-03T15:00:01.762+0000] {processor.py:830} INFO - Processing file /opt/airflow/dags/dag_retrain_pipeline.py for tasks to queue
[2026-06-03T15:00:01.764+0000] {logging_mixin.py:188} INFO - [2026-06-03T15:00:01.764+0000] {dagbag.py:540} INFO - Filling up the DagBag from /opt/airflow/dags/dag_retrain_pipeline.py
[2026-06-03T15:00:01.801+0000] {processor.py:840} INFO - DAG(s) 'neuralretail_retrain_pipeline' retrieved from /opt/airflow/dags/dag_retrain_pipeline.py
[2026-06-03T15:00:01.818+0000] {logging_mixin.py:188} INFO - [2026-06-03T15:00:01.818+0000] {dag.py:3096} INFO - Sync 1 DAGs
[2026-06-03T15:00:01.829+0000] {logging_mixin.py:188} INFO - [2026-06-03T15:00:01.829+0000] {dag.py:3954} INFO - Setting next_dagrun for neuralretail_retrain_pipeline to None, run_after=None
[2026-06-03T15:00:01.849+0000] {processor.py:183} INFO - Processing /opt/airflow/dags/dag_retrain_pipeline.py took 0.092 seconds
[2026-06-03T15:00:32.064+0000] {processor.py:161} INFO - Started process (PID=1912) to work on /opt/airflow/dags/dag_retrain_pipeline.py
[2026-06-03T15:00:32.065+0000] {processor.py:830} INFO - Processing file /opt/airflow/dags/dag_retrain_pipeline.py for tasks to queue
[2026-06-03T15:00:32.067+0000] {logging_mixin.py:188} INFO - [2026-06-03T15:00:32.066+0000] {dagbag.py:540} INFO - Filling up the DagBag from /opt/airflow/dags/dag_retrain_pipeline.py
[2026-06-03T15:00:32.086+0000] {processor.py:840} INFO - DAG(s) 'neuralretail_retrain_pipeline' retrieved from /opt/airflow/dags/dag_retrain_pipeline.py
[2026-06-03T15:00:32.104+0000] {logging_mixin.py:188} INFO - [2026-06-03T15:00:32.104+0000] {dag.py:3096} INFO - Sync 1 DAGs
[2026-06-03T15:00:32.115+0000] {logging_mixin.py:188} INFO - [2026-06-03T15:00:32.115+0000] {dag.py:3954} INFO - Setting next_dagrun for neuralretail_retrain_pipeline to None, run_after=None
[2026-06-03T15:00:32.133+0000] {processor.py:183} INFO - Processing /opt/airflow/dags/dag_retrain_pipeline.py took 0.073 seconds
[2026-06-03T15:01:02.554+0000] {processor.py:161} INFO - Started process (PID=1932) to work on /opt/airflow/dags/dag_retrain_pipeline.py
[2026-06-03T15:01:02.555+0000] {processor.py:830} INFO - Processing file /opt/airflow/dags/dag_retrain_pipeline.py for tasks to queue
[2026-06-03T15:01:02.557+0000] {logging_mixin.py:188} INFO - [2026-06-03T15:01:02.556+0000] {dagbag.py:540} INFO - Filling up the DagBag from /opt/airflow/dags/dag_retrain_pipeline.py
[2026-06-03T15:01:02.576+0000] {processor.py:840} INFO - DAG(s) 'neuralretail_retrain_pipeline' retrieved from /opt/airflow/dags/dag_retrain_pipeline.py
[2026-06-03T15:01:02.595+0000] {logging_mixin.py:188} INFO - [2026-06-03T15:01:02.595+0000] {dag.py:3096} INFO - Sync 1 DAGs
[2026-06-03T15:01:02.605+0000] {logging_mixin.py:188} INFO - [2026-06-03T15:01:02.605+0000] {dag.py:3954} INFO - Setting next_dagrun for neuralretail_retrain_pipeline to None, run_after=None
[2026-06-03T15:01:02.624+0000] {processor.py:183} INFO - Processing /opt/airflow/dags/dag_retrain_pipeline.py took 0.075 seconds
[2026-06-03T15:01:33.437+0000] {processor.py:161} INFO - Started process (PID=1952) to work on /opt/airflow/dags/dag_retrain_pipeline.py
[2026-06-03T15:01:33.438+0000] {processor.py:830} INFO - Processing file /opt/airflow/dags/dag_retrain_pipeline.py for tasks to queue
[2026-06-03T15:01:33.440+0000] {logging_mixin.py:188} INFO - [2026-06-03T15:01:33.440+0000] {dagbag.py:540} INFO - Filling up the DagBag from /opt/airflow/dags/dag_retrain_pipeline.py
[2026-06-03T15:01:33.478+0000] {processor.py:840} INFO - DAG(s) 'neuralretail_retrain_pipeline' retrieved from /opt/airflow/dags/dag_retrain_pipeline.py
[2026-06-03T15:01:33.496+0000] {logging_mixin.py:188} INFO - [2026-06-03T15:01:33.496+0000] {dag.py:3096} INFO - Sync 1 DAGs
[2026-06-03T15:01:33.506+0000] {logging_mixin.py:188} INFO - [2026-06-03T15:01:33.506+0000] {dag.py:3954} INFO - Setting next_dagrun for neuralretail_retrain_pipeline to None, run_after=None
[2026-06-03T15:01:33.523+0000] {processor.py:183} INFO - Processing /opt/airflow/dags/dag_retrain_pipeline.py took 0.092 seconds
[2026-06-03T15:02:03.581+0000] {processor.py:161} INFO - Started process (PID=1972) to work on /opt/airflow/dags/dag_retrain_pipeline.py
[2026-06-03T15:02:03.582+0000] {processor.py:830} INFO - Processing file /opt/airflow/dags/dag_retrain_pipeline.py for tasks to queue
[2026-06-03T15:02:03.583+0000] {logging_mixin.py:188} INFO - [2026-06-03T15:02:03.583+0000] {dagbag.py:540} INFO - Filling up the DagBag from /opt/airflow/dags/dag_retrain_pipeline.py
[2026-06-03T15:02:03.601+0000] {processor.py:840} INFO - DAG(s) 'neuralretail_retrain_pipeline' retrieved from /opt/airflow/dags/dag_retrain_pipeline.py
[2026-06-03T15:02:03.620+0000] {logging_mixin.py:188} INFO - [2026-06-03T15:02:03.619+0000] {dag.py:3096} INFO - Sync 1 DAGs
[2026-06-03T15:02:03.629+0000] {logging_mixin.py:188} INFO - [2026-06-03T15:02:03.629+0000] {dag.py:3954} INFO - Setting next_dagrun for neuralretail_retrain_pipeline to None, run_after=None
[2026-06-03T15:02:03.648+0000] {processor.py:183} INFO - Processing /opt/airflow/dags/dag_retrain_pipeline.py took 0.072 seconds
[2026-06-03T15:02:33.714+0000] {processor.py:161} INFO - Started process (PID=1992) to work on /opt/airflow/dags/dag_retrain_pipeline.py
[2026-06-03T15:02:33.715+0000] {processor.py:830} INFO - Processing file /opt/airflow/dags/dag_retrain_pipeline.py for tasks to queue
[2026-06-03T15:02:33.717+0000] {logging_mixin.py:188} INFO - [2026-06-03T15:02:33.716+0000] {dagbag.py:540} INFO - Filling up the DagBag from /opt/airflow/dags/dag_retrain_pipeline.py
[2026-06-03T15:02:33.741+0000] {processor.py:840} INFO - DAG(s) 'neuralretail_retrain_pipeline' retrieved from /opt/airflow/dags/dag_retrain_pipeline.py
[2026-06-03T15:02:33.760+0000] {logging_mixin.py:188} INFO - [2026-06-03T15:02:33.760+0000] {dag.py:3096} INFO - Sync 1 DAGs
[2026-06-03T15:02:33.770+0000] {logging_mixin.py:188} INFO - [2026-06-03T15:02:33.770+0000] {dag.py:3954} INFO - Setting next_dagrun for neuralretail_retrain_pipeline to None, run_after=None
[2026-06-03T15:02:33.788+0000] {processor.py:183} INFO - Processing /opt/airflow/dags/dag_retrain_pipeline.py took 0.078 seconds
[2026-06-03T15:03:04.095+0000] {processor.py:161} INFO - Started process (PID=2012) to work on /opt/airflow/dags/dag_retrain_pipeline.py
[2026-06-03T15:03:04.096+0000] {processor.py:830} INFO - Processing file /opt/airflow/dags/dag_retrain_pipeline.py for tasks to queue
[2026-06-03T15:03:04.098+0000] {logging_mixin.py:188} INFO - [2026-06-03T15:03:04.098+0000] {dagbag.py:540} INFO - Filling up the DagBag from /opt/airflow/dags/dag_retrain_pipeline.py
[2026-06-03T15:03:04.116+0000] {processor.py:840} INFO - DAG(s) 'neuralretail_retrain_pipeline' retrieved from /opt/airflow/dags/dag_retrain_pipeline.py
[2026-06-03T15:03:04.133+0000] {logging_mixin.py:188} INFO - [2026-06-03T15:03:04.133+0000] {dag.py:3096} INFO - Sync 1 DAGs
[2026-06-03T15:03:04.143+0000] {logging_mixin.py:188} INFO - [2026-06-03T15:03:04.143+0000] {dag.py:3954} INFO - Setting next_dagrun for neuralretail_retrain_pipeline to None, run_after=None
[2026-06-03T15:03:04.157+0000] {processor.py:183} INFO - Processing /opt/airflow/dags/dag_retrain_pipeline.py took 0.068 seconds
[2026-06-03T15:03:34.219+0000] {processor.py:161} INFO - Started process (PID=2032) to work on /opt/airflow/dags/dag_retrain_pipeline.py
[2026-06-03T15:03:34.223+0000] {processor.py:830} INFO - Processing file /opt/airflow/dags/dag_retrain_pipeline.py for tasks to queue
[2026-06-03T15:03:34.225+0000] {logging_mixin.py:188} INFO - [2026-06-03T15:03:34.225+0000] {dagbag.py:540} INFO - Filling up the DagBag from /opt/airflow/dags/dag_retrain_pipeline.py
[2026-06-03T15:03:34.244+0000] {processor.py:840} INFO - DAG(s) 'neuralretail_retrain_pipeline' retrieved from /opt/airflow/dags/dag_retrain_pipeline.py
[2026-06-03T15:03:34.263+0000] {logging_mixin.py:188} INFO - [2026-06-03T15:03:34.263+0000] {dag.py:3096} INFO - Sync 1 DAGs
[2026-06-03T15:03:34.274+0000] {logging_mixin.py:188} INFO - [2026-06-03T15:03:34.273+0000] {dag.py:3954} INFO - Setting next_dagrun for neuralretail_retrain_pipeline to None, run_after=None
[2026-06-03T15:03:34.292+0000] {processor.py:183} INFO - Processing /opt/airflow/dags/dag_retrain_pipeline.py took 0.077 seconds
[2026-06-03T15:04:04.403+0000] {processor.py:161} INFO - Started process (PID=2052) to work on /opt/airflow/dags/dag_retrain_pipeline.py
[2026-06-03T15:04:04.404+0000] {processor.py:830} INFO - Processing file /opt/airflow/dags/dag_retrain_pipeline.py for tasks to queue
[2026-06-03T15:04:04.405+0000] {logging_mixin.py:188} INFO - [2026-06-03T15:04:04.405+0000] {dagbag.py:540} INFO - Filling up the DagBag from /opt/airflow/dags/dag_retrain_pipeline.py
[2026-06-03T15:04:04.424+0000] {processor.py:840} INFO - DAG(s) 'neuralretail_retrain_pipeline' retrieved from /opt/airflow/dags/dag_retrain_pipeline.py
[2026-06-03T15:04:04.442+0000] {logging_mixin.py:188} INFO - [2026-06-03T15:04:04.442+0000] {dag.py:3096} INFO - Sync 1 DAGs
[2026-06-03T15:04:04.459+0000] {logging_mixin.py:188} INFO - [2026-06-03T15:04:04.459+0000] {dag.py:3954} INFO - Setting next_dagrun for neuralretail_retrain_pipeline to None, run_after=None
[2026-06-03T15:04:04.481+0000] {processor.py:183} INFO - Processing /opt/airflow/dags/dag_retrain_pipeline.py took 0.082 seconds
[2026-06-03T15:04:34.861+0000] {processor.py:161} INFO - Started process (PID=2072) to work on /opt/airflow/dags/dag_retrain_pipeline.py
[2026-06-03T15:04:34.862+0000] {processor.py:830} INFO - Processing file /opt/airflow/dags/dag_retrain_pipeline.py for tasks to queue
[2026-06-03T15:04:34.864+0000] {logging_mixin.py:188} INFO - [2026-06-03T15:04:34.864+0000] {dagbag.py:540} INFO - Filling up the DagBag from /opt/airflow/dags/dag_retrain_pipeline.py
[2026-06-03T15:04:34.887+0000] {processor.py:840} INFO - DAG(s) 'neuralretail_retrain_pipeline' retrieved from /opt/airflow/dags/dag_retrain_pipeline.py
[2026-06-03T15:04:34.907+0000] {logging_mixin.py:188} INFO - [2026-06-03T15:04:34.906+0000] {dag.py:3096} INFO - Sync 1 DAGs
[2026-06-03T15:04:34.918+0000] {logging_mixin.py:188} INFO - [2026-06-03T15:04:34.917+0000] {dag.py:3954} INFO - Setting next_dagrun for neuralretail_retrain_pipeline to None, run_after=None
[2026-06-03T15:04:34.935+0000] {processor.py:183} INFO - Processing /opt/airflow/dags/dag_retrain_pipeline.py took 0.081 seconds
[2026-06-03T15:05:05.405+0000] {processor.py:161} INFO - Started process (PID=2092) to work on /opt/airflow/dags/dag_retrain_pipeline.py
[2026-06-03T15:05:05.408+0000] {processor.py:830} INFO - Processing file /opt/airflow/dags/dag_retrain_pipeline.py for tasks to queue
[2026-06-03T15:05:05.412+0000] {logging_mixin.py:188} INFO - [2026-06-03T15:05:05.412+0000] {dagbag.py:540} INFO - Filling up the DagBag from /opt/airflow/dags/dag_retrain_pipeline.py
[2026-06-03T15:05:05.537+0000] {processor.py:840} INFO - DAG(s) 'neuralretail_retrain_pipeline' retrieved from /opt/airflow/dags/dag_retrain_pipeline.py
[2026-06-03T15:05:05.559+0000] {logging_mixin.py:188} INFO - [2026-06-03T15:05:05.559+0000] {dag.py:3096} INFO - Sync 1 DAGs
[2026-06-03T15:05:05.569+0000] {logging_mixin.py:188} INFO - [2026-06-03T15:05:05.569+0000] {dag.py:3954} INFO - Setting next_dagrun for neuralretail_retrain_pipeline to None, run_after=None
[2026-06-03T15:05:05.595+0000] {processor.py:183} INFO - Processing /opt/airflow/dags/dag_retrain_pipeline.py took 0.203 seconds
[2026-06-03T15:05:36.143+0000] {processor.py:161} INFO - Started process (PID=2112) to work on /opt/airflow/dags/dag_retrain_pipeline.py
[2026-06-03T15:05:36.144+0000] {processor.py:830} INFO - Processing file /opt/airflow/dags/dag_retrain_pipeline.py for tasks to queue
[2026-06-03T15:05:36.146+0000] {logging_mixin.py:188} INFO - [2026-06-03T15:05:36.146+0000] {dagbag.py:540} INFO - Filling up the DagBag from /opt/airflow/dags/dag_retrain_pipeline.py
[2026-06-03T15:05:36.217+0000] {processor.py:840} INFO - DAG(s) 'neuralretail_retrain_pipeline' retrieved from /opt/airflow/dags/dag_retrain_pipeline.py
[2026-06-03T15:05:36.245+0000] {logging_mixin.py:188} INFO - [2026-06-03T15:05:36.245+0000] {dag.py:3096} INFO - Sync 1 DAGs
[2026-06-03T15:05:36.256+0000] {logging_mixin.py:188} INFO - [2026-06-03T15:05:36.256+0000] {dag.py:3954} INFO - Setting next_dagrun for neuralretail_retrain_pipeline to None, run_after=None
[2026-06-03T15:05:36.277+0000] {processor.py:183} INFO - Processing /opt/airflow/dags/dag_retrain_pipeline.py took 0.141 seconds
[2026-06-03T15:06:06.425+0000] {processor.py:161} INFO - Started process (PID=2132) to work on /opt/airflow/dags/dag_retrain_pipeline.py
[2026-06-03T15:06:06.426+0000] {processor.py:830} INFO - Processing file /opt/airflow/dags/dag_retrain_pipeline.py for tasks to queue
[2026-06-03T15:06:06.428+0000] {logging_mixin.py:188} INFO - [2026-06-03T15:06:06.428+0000] {dagbag.py:540} INFO - Filling up the DagBag from /opt/airflow/dags/dag_retrain_pipeline.py
[2026-06-03T15:06:06.459+0000] {processor.py:840} INFO - DAG(s) 'neuralretail_retrain_pipeline' retrieved from /opt/airflow/dags/dag_retrain_pipeline.py
[2026-06-03T15:06:06.477+0000] {logging_mixin.py:188} INFO - [2026-06-03T15:06:06.477+0000] {dag.py:3096} INFO - Sync 1 DAGs
[2026-06-03T15:06:06.488+0000] {logging_mixin.py:188} INFO - [2026-06-03T15:06:06.487+0000] {dag.py:3954} INFO - Setting next_dagrun for neuralretail_retrain_pipeline to None, run_after=None
[2026-06-03T15:06:06.507+0000] {processor.py:183} INFO - Processing /opt/airflow/dags/dag_retrain_pipeline.py took 0.089 seconds
[2026-06-03T15:06:36.755+0000] {processor.py:161} INFO - Started process (PID=2152) to work on /opt/airflow/dags/dag_retrain_pipeline.py
[2026-06-03T15:06:36.756+0000] {processor.py:830} INFO - Processing file /opt/airflow/dags/dag_retrain_pipeline.py for tasks to queue
[2026-06-03T15:06:36.758+0000] {logging_mixin.py:188} INFO - [2026-06-03T15:06:36.758+0000] {dagbag.py:540} INFO - Filling up the DagBag from /opt/airflow/dags/dag_retrain_pipeline.py
[2026-06-03T15:06:36.782+0000] {processor.py:840} INFO - DAG(s) 'neuralretail_retrain_pipeline' retrieved from /opt/airflow/dags/dag_retrain_pipeline.py
[2026-06-03T15:06:36.800+0000] {logging_mixin.py:188} INFO - [2026-06-03T15:06:36.800+0000] {dag.py:3096} INFO - Sync 1 DAGs
[2026-06-03T15:06:36.810+0000] {logging_mixin.py:188} INFO - [2026-06-03T15:06:36.809+0000] {dag.py:3954} INFO - Setting next_dagrun for neuralretail_retrain_pipeline to None, run_after=None
[2026-06-03T15:06:36.827+0000] {processor.py:183} INFO - Processing /opt/airflow/dags/dag_retrain_pipeline.py took 0.076 seconds
[2026-06-03T15:07:06.980+0000] {processor.py:161} INFO - Started process (PID=2172) to work on /opt/airflow/dags/dag_retrain_pipeline.py
[2026-06-03T15:07:06.981+0000] {processor.py:830} INFO - Processing file /opt/airflow/dags/dag_retrain_pipeline.py for tasks to queue
[2026-06-03T15:07:06.983+0000] {logging_mixin.py:188} INFO - [2026-06-03T15:07:06.982+0000] {dagbag.py:540} INFO - Filling up the DagBag from /opt/airflow/dags/dag_retrain_pipeline.py
[2026-06-03T15:07:07.004+0000] {processor.py:840} INFO - DAG(s) 'neuralretail_retrain_pipeline' retrieved from /opt/airflow/dags/dag_retrain_pipeline.py
[2026-06-03T15:07:07.022+0000] {logging_mixin.py:188} INFO - [2026-06-03T15:07:07.021+0000] {dag.py:3096} INFO - Sync 1 DAGs
[2026-06-03T15:07:07.031+0000] {logging_mixin.py:188} INFO - [2026-06-03T15:07:07.031+0000] {dag.py:3954} INFO - Setting next_dagrun for neuralretail_retrain_pipeline to None, run_after=None
[2026-06-03T15:07:07.049+0000] {processor.py:183} INFO - Processing /opt/airflow/dags/dag_retrain_pipeline.py took 0.073 seconds
[2026-06-03T15:07:37.309+0000] {processor.py:161} INFO - Started process (PID=2192) to work on /opt/airflow/dags/dag_retrain_pipeline.py
[2026-06-03T15:07:37.310+0000] {processor.py:830} INFO - Processing file /opt/airflow/dags/dag_retrain_pipeline.py for tasks to queue
[2026-06-03T15:07:37.312+0000] {logging_mixin.py:188} INFO - [2026-06-03T15:07:37.312+0000] {dagbag.py:540} INFO - Filling up the DagBag from /opt/airflow/dags/dag_retrain_pipeline.py
[2026-06-03T15:07:37.354+0000] {processor.py:840} INFO - DAG(s) 'neuralretail_retrain_pipeline' retrieved from /opt/airflow/dags/dag_retrain_pipeline.py
[2026-06-03T15:07:37.373+0000] {logging_mixin.py:188} INFO - [2026-06-03T15:07:37.373+0000] {dag.py:3096} INFO - Sync 1 DAGs
[2026-06-03T15:07:37.383+0000] {logging_mixin.py:188} INFO - [2026-06-03T15:07:37.383+0000] {dag.py:3954} INFO - Setting next_dagrun for neuralretail_retrain_pipeline to None, run_after=None
[2026-06-03T15:07:37.404+0000] {processor.py:183} INFO - Processing /opt/airflow/dags/dag_retrain_pipeline.py took 0.101 seconds
[2026-06-03T15:08:08.426+0000] {processor.py:161} INFO - Started process (PID=2212) to work on /opt/airflow/dags/dag_retrain_pipeline.py
[2026-06-03T15:08:08.428+0000] {processor.py:830} INFO - Processing file /opt/airflow/dags/dag_retrain_pipeline.py for tasks to queue
[2026-06-03T15:08:08.430+0000] {logging_mixin.py:188} INFO - [2026-06-03T15:08:08.430+0000] {dagbag.py:540} INFO - Filling up the DagBag from /opt/airflow/dags/dag_retrain_pipeline.py
[2026-06-03T15:08:08.488+0000] {processor.py:840} INFO - DAG(s) 'neuralretail_retrain_pipeline' retrieved from /opt/airflow/dags/dag_retrain_pipeline.py
[2026-06-03T15:08:08.506+0000] {logging_mixin.py:188} INFO - [2026-06-03T15:08:08.506+0000] {dag.py:3096} INFO - Sync 1 DAGs
[2026-06-03T15:08:08.517+0000] {logging_mixin.py:188} INFO - [2026-06-03T15:08:08.517+0000] {dag.py:3954} INFO - Setting next_dagrun for neuralretail_retrain_pipeline to None, run_after=None
[2026-06-03T15:08:08.535+0000] {processor.py:183} INFO - Processing /opt/airflow/dags/dag_retrain_pipeline.py took 0.119 seconds
[2026-06-03T15:08:38.795+0000] {processor.py:161} INFO - Started process (PID=2232) to work on /opt/airflow/dags/dag_retrain_pipeline.py
[2026-06-03T15:08:38.796+0000] {processor.py:830} INFO - Processing file /opt/airflow/dags/dag_retrain_pipeline.py for tasks to queue
[2026-06-03T15:08:38.798+0000] {logging_mixin.py:188} INFO - [2026-06-03T15:08:38.797+0000] {dagbag.py:540} INFO - Filling up the DagBag from /opt/airflow/dags/dag_retrain_pipeline.py
[2026-06-03T15:08:38.818+0000] {processor.py:840} INFO - DAG(s) 'neuralretail_retrain_pipeline' retrieved from /opt/airflow/dags/dag_retrain_pipeline.py
[2026-06-03T15:08:38.836+0000] {logging_mixin.py:188} INFO - [2026-06-03T15:08:38.836+0000] {dag.py:3096} INFO - Sync 1 DAGs
[2026-06-03T15:08:38.847+0000] {logging_mixin.py:188} INFO - [2026-06-03T15:08:38.846+0000] {dag.py:3954} INFO - Setting next_dagrun for neuralretail_retrain_pipeline to None, run_after=None
[2026-06-03T15:08:38.875+0000] {processor.py:183} INFO - Processing /opt/airflow/dags/dag_retrain_pipeline.py took 0.089 seconds
[2026-06-03T15:09:09.054+0000] {processor.py:161} INFO - Started process (PID=2252) to work on /opt/airflow/dags/dag_retrain_pipeline.py
[2026-06-03T15:09:09.055+0000] {processor.py:830} INFO - Processing file /opt/airflow/dags/dag_retrain_pipeline.py for tasks to queue
[2026-06-03T15:09:09.057+0000] {logging_mixin.py:188} INFO - [2026-06-03T15:09:09.057+0000] {dagbag.py:540} INFO - Filling up the DagBag from /opt/airflow/dags/dag_retrain_pipeline.py
[2026-06-03T15:09:09.078+0000] {processor.py:840} INFO - DAG(s) 'neuralretail_retrain_pipeline' retrieved from /opt/airflow/dags/dag_retrain_pipeline.py
[2026-06-03T15:09:09.096+0000] {logging_mixin.py:188} INFO - [2026-06-03T15:09:09.096+0000] {dag.py:3096} INFO - Sync 1 DAGs
[2026-06-03T15:09:09.106+0000] {logging_mixin.py:188} INFO - [2026-06-03T15:09:09.106+0000] {dag.py:3954} INFO - Setting next_dagrun for neuralretail_retrain_pipeline to None, run_after=None
[2026-06-03T15:09:09.122+0000] {processor.py:183} INFO - Processing /opt/airflow/dags/dag_retrain_pipeline.py took 0.072 seconds
[2026-06-03T15:09:39.289+0000] {processor.py:161} INFO - Started process (PID=2272) to work on /opt/airflow/dags/dag_retrain_pipeline.py
[2026-06-03T15:09:39.290+0000] {processor.py:830} INFO - Processing file /opt/airflow/dags/dag_retrain_pipeline.py for tasks to queue
[2026-06-03T15:09:39.292+0000] {logging_mixin.py:188} INFO - [2026-06-03T15:09:39.291+0000] {dagbag.py:540} INFO - Filling up the DagBag from /opt/airflow/dags/dag_retrain_pipeline.py
[2026-06-03T15:09:39.311+0000] {processor.py:840} INFO - DAG(s) 'neuralretail_retrain_pipeline' retrieved from /opt/airflow/dags/dag_retrain_pipeline.py
[2026-06-03T15:09:39.330+0000] {logging_mixin.py:188} INFO - [2026-06-03T15:09:39.329+0000] {dag.py:3096} INFO - Sync 1 DAGs
[2026-06-03T15:09:39.340+0000] {logging_mixin.py:188} INFO - [2026-06-03T15:09:39.339+0000] {dag.py:3954} INFO - Setting next_dagrun for neuralretail_retrain_pipeline to None, run_after=None
[2026-06-03T15:09:39.369+0000] {processor.py:183} INFO - Processing /opt/airflow/dags/dag_retrain_pipeline.py took 0.085 seconds
[2026-06-03T15:10:09.611+0000] {processor.py:161} INFO - Started process (PID=2292) to work on /opt/airflow/dags/dag_retrain_pipeline.py
[2026-06-03T15:10:09.612+0000] {processor.py:830} INFO - Processing file /opt/airflow/dags/dag_retrain_pipeline.py for tasks to queue
[2026-06-03T15:10:09.615+0000] {logging_mixin.py:188} INFO - [2026-06-03T15:10:09.615+0000] {dagbag.py:540} INFO - Filling up the DagBag from /opt/airflow/dags/dag_retrain_pipeline.py
[2026-06-03T15:10:09.683+0000] {processor.py:840} INFO - DAG(s) 'neuralretail_retrain_pipeline' retrieved from /opt/airflow/dags/dag_retrain_pipeline.py
[2026-06-03T15:10:09.702+0000] {logging_mixin.py:188} INFO - [2026-06-03T15:10:09.702+0000] {dag.py:3096} INFO - Sync 1 DAGs
[2026-06-03T15:10:09.713+0000] {logging_mixin.py:188} INFO - [2026-06-03T15:10:09.712+0000] {dag.py:3954} INFO - Setting next_dagrun for neuralretail_retrain_pipeline to None, run_after=None
[2026-06-03T15:10:09.736+0000] {processor.py:183} INFO - Processing /opt/airflow/dags/dag_retrain_pipeline.py took 0.136 seconds
[2026-06-03T15:10:40.581+0000] {processor.py:161} INFO - Started process (PID=2312) to work on /opt/airflow/dags/dag_retrain_pipeline.py
[2026-06-03T15:10:40.583+0000] {processor.py:830} INFO - Processing file /opt/airflow/dags/dag_retrain_pipeline.py for tasks to queue
[2026-06-03T15:10:40.584+0000] {logging_mixin.py:188} INFO - [2026-06-03T15:10:40.584+0000] {dagbag.py:540} INFO - Filling up the DagBag from /opt/airflow/dags/dag_retrain_pipeline.py
[2026-06-03T15:10:40.702+0000] {processor.py:840} INFO - DAG(s) 'neuralretail_retrain_pipeline' retrieved from /opt/airflow/dags/dag_retrain_pipeline.py
[2026-06-03T15:10:40.751+0000] {logging_mixin.py:188} INFO - [2026-06-03T15:10:40.751+0000] {dag.py:3096} INFO - Sync 1 DAGs
[2026-06-03T15:10:40.787+0000] {logging_mixin.py:188} INFO - [2026-06-03T15:10:40.787+0000] {dag.py:3954} INFO - Setting next_dagrun for neuralretail_retrain_pipeline to None, run_after=None
[2026-06-03T15:10:40.867+0000] {processor.py:183} INFO - Processing /opt/airflow/dags/dag_retrain_pipeline.py took 0.293 seconds
[2026-06-03T15:11:11.388+0000] {processor.py:161} INFO - Started process (PID=2332) to work on /opt/airflow/dags/dag_retrain_pipeline.py
[2026-06-03T15:11:11.391+0000] {processor.py:830} INFO - Processing file /opt/airflow/dags/dag_retrain_pipeline.py for tasks to queue
[2026-06-03T15:11:11.395+0000] {logging_mixin.py:188} INFO - [2026-06-03T15:11:11.395+0000] {dagbag.py:540} INFO - Filling up the DagBag from /opt/airflow/dags/dag_retrain_pipeline.py
[2026-06-03T15:11:11.441+0000] {processor.py:840} INFO - DAG(s) 'neuralretail_retrain_pipeline' retrieved from /opt/airflow/dags/dag_retrain_pipeline.py
[2026-06-03T15:11:11.459+0000] {logging_mixin.py:188} INFO - [2026-06-03T15:11:11.459+0000] {dag.py:3096} INFO - Sync 1 DAGs
[2026-06-03T15:11:11.469+0000] {logging_mixin.py:188} INFO - [2026-06-03T15:11:11.469+0000] {dag.py:3954} INFO - Setting next_dagrun for neuralretail_retrain_pipeline to None, run_after=None
[2026-06-03T15:11:11.486+0000] {processor.py:183} INFO - Processing /opt/airflow/dags/dag_retrain_pipeline.py took 0.106 seconds
[2026-06-03T15:11:41.629+0000] {processor.py:161} INFO - Started process (PID=2352) to work on /opt/airflow/dags/dag_retrain_pipeline.py
[2026-06-03T15:11:41.630+0000] {processor.py:830} INFO - Processing file /opt/airflow/dags/dag_retrain_pipeline.py for tasks to queue
[2026-06-03T15:11:41.632+0000] {logging_mixin.py:188} INFO - [2026-06-03T15:11:41.632+0000] {dagbag.py:540} INFO - Filling up the DagBag from /opt/airflow/dags/dag_retrain_pipeline.py
[2026-06-03T15:11:41.651+0000] {processor.py:840} INFO - DAG(s) 'neuralretail_retrain_pipeline' retrieved from /opt/airflow/dags/dag_retrain_pipeline.py
[2026-06-03T15:11:41.669+0000] {logging_mixin.py:188} INFO - [2026-06-03T15:11:41.669+0000] {dag.py:3096} INFO - Sync 1 DAGs
[2026-06-03T15:11:41.679+0000] {logging_mixin.py:188} INFO - [2026-06-03T15:11:41.679+0000] {dag.py:3954} INFO - Setting next_dagrun for neuralretail_retrain_pipeline to None, run_after=None
[2026-06-03T15:11:41.697+0000] {processor.py:183} INFO - Processing /opt/airflow/dags/dag_retrain_pipeline.py took 0.074 seconds
[2026-06-03T15:12:11.862+0000] {processor.py:161} INFO - Started process (PID=2372) to work on /opt/airflow/dags/dag_retrain_pipeline.py
[2026-06-03T15:12:11.864+0000] {processor.py:830} INFO - Processing file /opt/airflow/dags/dag_retrain_pipeline.py for tasks to queue
[2026-06-03T15:12:11.866+0000] {logging_mixin.py:188} INFO - [2026-06-03T15:12:11.865+0000] {dagbag.py:540} INFO - Filling up the DagBag from /opt/airflow/dags/dag_retrain_pipeline.py
[2026-06-03T15:12:11.918+0000] {processor.py:840} INFO - DAG(s) 'neuralretail_retrain_pipeline' retrieved from /opt/airflow/dags/dag_retrain_pipeline.py
[2026-06-03T15:12:11.938+0000] {logging_mixin.py:188} INFO - [2026-06-03T15:12:11.938+0000] {dag.py:3096} INFO - Sync 1 DAGs
[2026-06-03T15:12:11.948+0000] {logging_mixin.py:188} INFO - [2026-06-03T15:12:11.948+0000] {dag.py:3954} INFO - Setting next_dagrun for neuralretail_retrain_pipeline to None, run_after=None
[2026-06-03T15:12:11.970+0000] {processor.py:183} INFO - Processing /opt/airflow/dags/dag_retrain_pipeline.py took 0.115 seconds
[2026-06-03T15:12:43.055+0000] {processor.py:161} INFO - Started process (PID=2392) to work on /opt/airflow/dags/dag_retrain_pipeline.py
[2026-06-03T15:12:43.056+0000] {processor.py:830} INFO - Processing file /opt/airflow/dags/dag_retrain_pipeline.py for tasks to queue
[2026-06-03T15:12:43.058+0000] {logging_mixin.py:188} INFO - [2026-06-03T15:12:43.058+0000] {dagbag.py:540} INFO - Filling up the DagBag from /opt/airflow/dags/dag_retrain_pipeline.py
[2026-06-03T15:12:43.112+0000] {processor.py:840} INFO - DAG(s) 'neuralretail_retrain_pipeline' retrieved from /opt/airflow/dags/dag_retrain_pipeline.py
[2026-06-03T15:12:43.132+0000] {logging_mixin.py:188} INFO - [2026-06-03T15:12:43.132+0000] {dag.py:3096} INFO - Sync 1 DAGs
[2026-06-03T15:12:43.144+0000] {logging_mixin.py:188} INFO - [2026-06-03T15:12:43.144+0000] {dag.py:3954} INFO - Setting next_dagrun for neuralretail_retrain_pipeline to None, run_after=None
[2026-06-03T15:12:43.168+0000] {processor.py:183} INFO - Processing /opt/airflow/dags/dag_retrain_pipeline.py took 0.121 seconds
[2026-06-03T15:13:13.426+0000] {processor.py:161} INFO - Started process (PID=2412) to work on /opt/airflow/dags/dag_retrain_pipeline.py
[2026-06-03T15:13:13.432+0000] {processor.py:830} INFO - Processing file /opt/airflow/dags/dag_retrain_pipeline.py for tasks to queue
[2026-06-03T15:13:13.436+0000] {logging_mixin.py:188} INFO - [2026-06-03T15:13:13.436+0000] {dagbag.py:540} INFO - Filling up the DagBag from /opt/airflow/dags/dag_retrain_pipeline.py
[2026-06-03T15:13:13.604+0000] {processor.py:840} INFO - DAG(s) 'neuralretail_retrain_pipeline' retrieved from /opt/airflow/dags/dag_retrain_pipeline.py
[2026-06-03T15:13:13.628+0000] {logging_mixin.py:188} INFO - [2026-06-03T15:13:13.627+0000] {dag.py:3096} INFO - Sync 1 DAGs
[2026-06-03T15:13:13.639+0000] {logging_mixin.py:188} INFO - [2026-06-03T15:13:13.639+0000] {dag.py:3954} INFO - Setting next_dagrun for neuralretail_retrain_pipeline to None, run_after=None
[2026-06-03T15:13:13.679+0000] {processor.py:183} INFO - Processing /opt/airflow/dags/dag_retrain_pipeline.py took 0.268 seconds
[2026-06-03T15:13:43.977+0000] {processor.py:161} INFO - Started process (PID=2432) to work on /opt/airflow/dags/dag_retrain_pipeline.py
[2026-06-03T15:13:43.979+0000] {processor.py:830} INFO - Processing file /opt/airflow/dags/dag_retrain_pipeline.py for tasks to queue
[2026-06-03T15:13:43.982+0000] {logging_mixin.py:188} INFO - [2026-06-03T15:13:43.981+0000] {dagbag.py:540} INFO - Filling up the DagBag from /opt/airflow/dags/dag_retrain_pipeline.py
[2026-06-03T15:13:44.025+0000] {processor.py:840} INFO - DAG(s) 'neuralretail_retrain_pipeline' retrieved from /opt/airflow/dags/dag_retrain_pipeline.py
[2026-06-03T15:13:44.044+0000] {logging_mixin.py:188} INFO - [2026-06-03T15:13:44.044+0000] {dag.py:3096} INFO - Sync 1 DAGs
[2026-06-03T15:13:44.054+0000] {logging_mixin.py:188} INFO - [2026-06-03T15:13:44.054+0000] {dag.py:3954} INFO - Setting next_dagrun for neuralretail_retrain_pipeline to None, run_after=None
[2026-06-03T15:13:44.070+0000] {processor.py:183} INFO - Processing /opt/airflow/dags/dag_retrain_pipeline.py took 0.102 seconds
[2026-06-03T15:14:14.294+0000] {processor.py:161} INFO - Started process (PID=2452) to work on /opt/airflow/dags/dag_retrain_pipeline.py
[2026-06-03T15:14:14.296+0000] {processor.py:830} INFO - Processing file /opt/airflow/dags/dag_retrain_pipeline.py for tasks to queue
[2026-06-03T15:14:14.298+0000] {logging_mixin.py:188} INFO - [2026-06-03T15:14:14.297+0000] {dagbag.py:540} INFO - Filling up the DagBag from /opt/airflow/dags/dag_retrain_pipeline.py
[2026-06-03T15:14:14.325+0000] {processor.py:840} INFO - DAG(s) 'neuralretail_retrain_pipeline' retrieved from /opt/airflow/dags/dag_retrain_pipeline.py
[2026-06-03T15:14:14.344+0000] {logging_mixin.py:188} INFO - [2026-06-03T15:14:14.343+0000] {dag.py:3096} INFO - Sync 1 DAGs
[2026-06-03T15:14:14.352+0000] {logging_mixin.py:188} INFO - [2026-06-03T15:14:14.352+0000] {dag.py:3954} INFO - Setting next_dagrun for neuralretail_retrain_pipeline to None, run_after=None
[2026-06-03T15:14:14.375+0000] {processor.py:183} INFO - Processing /opt/airflow/dags/dag_retrain_pipeline.py took 0.087 seconds
[2026-06-03T15:14:44.707+0000] {processor.py:161} INFO - Started process (PID=2472) to work on /opt/airflow/dags/dag_retrain_pipeline.py
[2026-06-03T15:14:44.708+0000] {processor.py:830} INFO - Processing file /opt/airflow/dags/dag_retrain_pipeline.py for tasks to queue
[2026-06-03T15:14:44.709+0000] {logging_mixin.py:188} INFO - [2026-06-03T15:14:44.709+0000] {dagbag.py:540} INFO - Filling up the DagBag from /opt/airflow/dags/dag_retrain_pipeline.py
[2026-06-03T15:14:44.727+0000] {processor.py:840} INFO - DAG(s) 'neuralretail_retrain_pipeline' retrieved from /opt/airflow/dags/dag_retrain_pipeline.py
[2026-06-03T15:14:44.745+0000] {logging_mixin.py:188} INFO - [2026-06-03T15:14:44.745+0000] {dag.py:3096} INFO - Sync 1 DAGs
[2026-06-03T15:14:44.755+0000] {logging_mixin.py:188} INFO - [2026-06-03T15:14:44.755+0000] {dag.py:3954} INFO - Setting next_dagrun for neuralretail_retrain_pipeline to None, run_after=None
[2026-06-03T15:14:44.772+0000] {processor.py:183} INFO - Processing /opt/airflow/dags/dag_retrain_pipeline.py took 0.069 seconds
[2026-06-03T15:15:15.044+0000] {processor.py:161} INFO - Started process (PID=2492) to work on /opt/airflow/dags/dag_retrain_pipeline.py
[2026-06-03T15:15:15.045+0000] {processor.py:830} INFO - Processing file /opt/airflow/dags/dag_retrain_pipeline.py for tasks to queue
[2026-06-03T15:15:15.047+0000] {logging_mixin.py:188} INFO - [2026-06-03T15:15:15.047+0000] {dagbag.py:540} INFO - Filling up the DagBag from /opt/airflow/dags/dag_retrain_pipeline.py
[2026-06-03T15:15:15.104+0000] {processor.py:840} INFO - DAG(s) 'neuralretail_retrain_pipeline' retrieved from /opt/airflow/dags/dag_retrain_pipeline.py
[2026-06-03T15:15:15.125+0000] {logging_mixin.py:188} INFO - [2026-06-03T15:15:15.125+0000] {dag.py:3096} INFO - Sync 1 DAGs
[2026-06-03T15:15:15.136+0000] {logging_mixin.py:188} INFO - [2026-06-03T15:15:15.135+0000] {dag.py:3954} INFO - Setting next_dagrun for neuralretail_retrain_pipeline to None, run_after=None
[2026-06-03T15:15:15.187+0000] {processor.py:183} INFO - Processing /opt/airflow/dags/dag_retrain_pipeline.py took 0.154 seconds
