[2026-06-03T05:58:00.896+0000] {processor.py:161} INFO - Started process (PID=182) to work on /opt/airflow/dags/dag_dq_checkpoint.py
[2026-06-03T05:58:00.902+0000] {processor.py:830} INFO - Processing file /opt/airflow/dags/dag_dq_checkpoint.py for tasks to queue
[2026-06-03T05:58:00.910+0000] {logging_mixin.py:188} INFO - [2026-06-03T05:58:00.909+0000] {dagbag.py:540} INFO - Filling up the DagBag from /opt/airflow/dags/dag_dq_checkpoint.py
[2026-06-03T05:58:01.243+0000] {processor.py:840} INFO - DAG(s) 'neuralretail_dq_checkpoint' retrieved from /opt/airflow/dags/dag_dq_checkpoint.py
[2026-06-03T05:58:01.449+0000] {logging_mixin.py:188} INFO - [2026-06-03T05:58:01.449+0000] {dag.py:3096} INFO - Sync 1 DAGs
[2026-06-03T05:58:01.488+0000] {logging_mixin.py:188} INFO - [2026-06-03T05:58:01.488+0000] {dag.py:3954} INFO - Setting next_dagrun for neuralretail_dq_checkpoint to None, run_after=None
[2026-06-03T05:58:01.539+0000] {processor.py:183} INFO - Processing /opt/airflow/dags/dag_dq_checkpoint.py took 0.653 seconds
[2026-06-03T05:58:31.741+0000] {processor.py:161} INFO - Started process (PID=202) to work on /opt/airflow/dags/dag_dq_checkpoint.py
[2026-06-03T05:58:31.742+0000] {processor.py:830} INFO - Processing file /opt/airflow/dags/dag_dq_checkpoint.py for tasks to queue
[2026-06-03T05:58:31.744+0000] {logging_mixin.py:188} INFO - [2026-06-03T05:58:31.744+0000] {dagbag.py:540} INFO - Filling up the DagBag from /opt/airflow/dags/dag_dq_checkpoint.py
[2026-06-03T05:58:31.850+0000] {processor.py:840} INFO - DAG(s) 'neuralretail_dq_checkpoint' retrieved from /opt/airflow/dags/dag_dq_checkpoint.py
[2026-06-03T05:58:31.926+0000] {logging_mixin.py:188} INFO - [2026-06-03T05:58:31.925+0000] {dag.py:3096} INFO - Sync 1 DAGs
[2026-06-03T05:58:31.946+0000] {logging_mixin.py:188} INFO - [2026-06-03T05:58:31.945+0000] {dag.py:3954} INFO - Setting next_dagrun for neuralretail_dq_checkpoint to None, run_after=None
[2026-06-03T05:58:31.977+0000] {processor.py:183} INFO - Processing /opt/airflow/dags/dag_dq_checkpoint.py took 0.243 seconds
[2026-06-03T05:59:02.878+0000] {processor.py:161} INFO - Started process (PID=222) to work on /opt/airflow/dags/dag_dq_checkpoint.py
[2026-06-03T05:59:02.894+0000] {processor.py:830} INFO - Processing file /opt/airflow/dags/dag_dq_checkpoint.py for tasks to queue
[2026-06-03T05:59:02.904+0000] {logging_mixin.py:188} INFO - [2026-06-03T05:59:02.904+0000] {dagbag.py:540} INFO - Filling up the DagBag from /opt/airflow/dags/dag_dq_checkpoint.py
[2026-06-03T05:59:03.107+0000] {processor.py:840} INFO - DAG(s) 'neuralretail_dq_checkpoint' retrieved from /opt/airflow/dags/dag_dq_checkpoint.py
[2026-06-03T05:59:03.239+0000] {logging_mixin.py:188} INFO - [2026-06-03T05:59:03.238+0000] {dag.py:3096} INFO - Sync 1 DAGs
[2026-06-03T05:59:03.264+0000] {logging_mixin.py:188} INFO - [2026-06-03T05:59:03.264+0000] {dag.py:3954} INFO - Setting next_dagrun for neuralretail_dq_checkpoint to None, run_after=None
[2026-06-03T05:59:03.319+0000] {processor.py:183} INFO - Processing /opt/airflow/dags/dag_dq_checkpoint.py took 0.457 seconds
[2026-06-03T05:59:34.021+0000] {processor.py:161} INFO - Started process (PID=240) to work on /opt/airflow/dags/dag_dq_checkpoint.py
[2026-06-03T05:59:34.025+0000] {processor.py:830} INFO - Processing file /opt/airflow/dags/dag_dq_checkpoint.py for tasks to queue
[2026-06-03T05:59:34.029+0000] {logging_mixin.py:188} INFO - [2026-06-03T05:59:34.029+0000] {dagbag.py:540} INFO - Filling up the DagBag from /opt/airflow/dags/dag_dq_checkpoint.py
[2026-06-03T05:59:34.086+0000] {processor.py:840} INFO - DAG(s) 'neuralretail_dq_checkpoint' retrieved from /opt/airflow/dags/dag_dq_checkpoint.py
[2026-06-03T05:59:34.171+0000] {logging_mixin.py:188} INFO - [2026-06-03T05:59:34.171+0000] {dag.py:3096} INFO - Sync 1 DAGs
[2026-06-03T05:59:34.198+0000] {logging_mixin.py:188} INFO - [2026-06-03T05:59:34.198+0000] {dag.py:3954} INFO - Setting next_dagrun for neuralretail_dq_checkpoint to None, run_after=None
[2026-06-03T05:59:34.262+0000] {processor.py:183} INFO - Processing /opt/airflow/dags/dag_dq_checkpoint.py took 0.249 seconds
[2026-06-03T06:00:06.644+0000] {processor.py:161} INFO - Started process (PID=262) to work on /opt/airflow/dags/dag_dq_checkpoint.py
[2026-06-03T06:00:06.655+0000] {processor.py:830} INFO - Processing file /opt/airflow/dags/dag_dq_checkpoint.py for tasks to queue
[2026-06-03T06:00:06.661+0000] {logging_mixin.py:188} INFO - [2026-06-03T06:00:06.660+0000] {dagbag.py:540} INFO - Filling up the DagBag from /opt/airflow/dags/dag_dq_checkpoint.py
[2026-06-03T06:00:06.797+0000] {processor.py:840} INFO - DAG(s) 'neuralretail_dq_checkpoint' retrieved from /opt/airflow/dags/dag_dq_checkpoint.py
[2026-06-03T06:00:06.884+0000] {logging_mixin.py:188} INFO - [2026-06-03T06:00:06.883+0000] {dag.py:3096} INFO - Sync 1 DAGs
[2026-06-03T06:00:06.908+0000] {logging_mixin.py:188} INFO - [2026-06-03T06:00:06.908+0000] {dag.py:3954} INFO - Setting next_dagrun for neuralretail_dq_checkpoint to None, run_after=None
[2026-06-03T06:00:06.963+0000] {processor.py:183} INFO - Processing /opt/airflow/dags/dag_dq_checkpoint.py took 0.327 seconds
[2026-06-03T06:00:38.224+0000] {processor.py:161} INFO - Started process (PID=282) to work on /opt/airflow/dags/dag_dq_checkpoint.py
[2026-06-03T06:00:38.227+0000] {processor.py:830} INFO - Processing file /opt/airflow/dags/dag_dq_checkpoint.py for tasks to queue
[2026-06-03T06:00:38.236+0000] {logging_mixin.py:188} INFO - [2026-06-03T06:00:38.235+0000] {dagbag.py:540} INFO - Filling up the DagBag from /opt/airflow/dags/dag_dq_checkpoint.py
[2026-06-03T06:00:38.396+0000] {processor.py:840} INFO - DAG(s) 'neuralretail_dq_checkpoint' retrieved from /opt/airflow/dags/dag_dq_checkpoint.py
[2026-06-03T06:00:38.510+0000] {logging_mixin.py:188} INFO - [2026-06-03T06:00:38.509+0000] {dag.py:3096} INFO - Sync 1 DAGs
[2026-06-03T06:00:38.524+0000] {logging_mixin.py:188} INFO - [2026-06-03T06:00:38.524+0000] {dag.py:3954} INFO - Setting next_dagrun for neuralretail_dq_checkpoint to None, run_after=None
[2026-06-03T06:00:38.569+0000] {processor.py:183} INFO - Processing /opt/airflow/dags/dag_dq_checkpoint.py took 0.356 seconds
[2026-06-03T06:01:08.798+0000] {processor.py:161} INFO - Started process (PID=302) to work on /opt/airflow/dags/dag_dq_checkpoint.py
[2026-06-03T06:01:08.800+0000] {processor.py:830} INFO - Processing file /opt/airflow/dags/dag_dq_checkpoint.py for tasks to queue
[2026-06-03T06:01:08.803+0000] {logging_mixin.py:188} INFO - [2026-06-03T06:01:08.802+0000] {dagbag.py:540} INFO - Filling up the DagBag from /opt/airflow/dags/dag_dq_checkpoint.py
[2026-06-03T06:01:08.868+0000] {processor.py:840} INFO - DAG(s) 'neuralretail_dq_checkpoint' retrieved from /opt/airflow/dags/dag_dq_checkpoint.py
[2026-06-03T06:01:08.939+0000] {logging_mixin.py:188} INFO - [2026-06-03T06:01:08.938+0000] {dag.py:3096} INFO - Sync 1 DAGs
[2026-06-03T06:01:08.968+0000] {logging_mixin.py:188} INFO - [2026-06-03T06:01:08.967+0000] {dag.py:3954} INFO - Setting next_dagrun for neuralretail_dq_checkpoint to None, run_after=None
[2026-06-03T06:01:09.012+0000] {processor.py:183} INFO - Processing /opt/airflow/dags/dag_dq_checkpoint.py took 0.223 seconds
[2026-06-03T06:01:40.123+0000] {processor.py:161} INFO - Started process (PID=322) to work on /opt/airflow/dags/dag_dq_checkpoint.py
[2026-06-03T06:01:40.126+0000] {processor.py:830} INFO - Processing file /opt/airflow/dags/dag_dq_checkpoint.py for tasks to queue
[2026-06-03T06:01:40.136+0000] {logging_mixin.py:188} INFO - [2026-06-03T06:01:40.135+0000] {dagbag.py:540} INFO - Filling up the DagBag from /opt/airflow/dags/dag_dq_checkpoint.py
[2026-06-03T06:01:40.406+0000] {processor.py:840} INFO - DAG(s) 'neuralretail_dq_checkpoint' retrieved from /opt/airflow/dags/dag_dq_checkpoint.py
[2026-06-03T06:01:40.542+0000] {logging_mixin.py:188} INFO - [2026-06-03T06:01:40.542+0000] {dag.py:3096} INFO - Sync 1 DAGs
[2026-06-03T06:01:40.559+0000] {logging_mixin.py:188} INFO - [2026-06-03T06:01:40.559+0000] {dag.py:3954} INFO - Setting next_dagrun for neuralretail_dq_checkpoint to None, run_after=None
[2026-06-03T06:01:40.586+0000] {processor.py:183} INFO - Processing /opt/airflow/dags/dag_dq_checkpoint.py took 0.474 seconds
[2026-06-03T06:02:11.324+0000] {processor.py:161} INFO - Started process (PID=342) to work on /opt/airflow/dags/dag_dq_checkpoint.py
[2026-06-03T06:02:11.327+0000] {processor.py:830} INFO - Processing file /opt/airflow/dags/dag_dq_checkpoint.py for tasks to queue
[2026-06-03T06:02:11.331+0000] {logging_mixin.py:188} INFO - [2026-06-03T06:02:11.331+0000] {dagbag.py:540} INFO - Filling up the DagBag from /opt/airflow/dags/dag_dq_checkpoint.py
[2026-06-03T06:02:11.404+0000] {processor.py:840} INFO - DAG(s) 'neuralretail_dq_checkpoint' retrieved from /opt/airflow/dags/dag_dq_checkpoint.py
[2026-06-03T06:02:11.452+0000] {logging_mixin.py:188} INFO - [2026-06-03T06:02:11.452+0000] {dag.py:3096} INFO - Sync 1 DAGs
[2026-06-03T06:02:11.475+0000] {logging_mixin.py:188} INFO - [2026-06-03T06:02:11.475+0000] {dag.py:3954} INFO - Setting next_dagrun for neuralretail_dq_checkpoint to None, run_after=None
[2026-06-03T06:02:11.502+0000] {processor.py:183} INFO - Processing /opt/airflow/dags/dag_dq_checkpoint.py took 0.183 seconds
[2026-06-03T06:02:42.047+0000] {processor.py:161} INFO - Started process (PID=362) to work on /opt/airflow/dags/dag_dq_checkpoint.py
[2026-06-03T06:02:42.050+0000] {processor.py:830} INFO - Processing file /opt/airflow/dags/dag_dq_checkpoint.py for tasks to queue
[2026-06-03T06:02:42.052+0000] {logging_mixin.py:188} INFO - [2026-06-03T06:02:42.052+0000] {dagbag.py:540} INFO - Filling up the DagBag from /opt/airflow/dags/dag_dq_checkpoint.py
[2026-06-03T06:02:42.121+0000] {processor.py:840} INFO - DAG(s) 'neuralretail_dq_checkpoint' retrieved from /opt/airflow/dags/dag_dq_checkpoint.py
[2026-06-03T06:02:42.221+0000] {logging_mixin.py:188} INFO - [2026-06-03T06:02:42.221+0000] {dag.py:3096} INFO - Sync 1 DAGs
[2026-06-03T06:02:42.240+0000] {logging_mixin.py:188} INFO - [2026-06-03T06:02:42.240+0000] {dag.py:3954} INFO - Setting next_dagrun for neuralretail_dq_checkpoint to None, run_after=None
[2026-06-03T06:02:42.318+0000] {processor.py:183} INFO - Processing /opt/airflow/dags/dag_dq_checkpoint.py took 0.278 seconds
[2026-06-03T06:03:12.886+0000] {processor.py:161} INFO - Started process (PID=382) to work on /opt/airflow/dags/dag_dq_checkpoint.py
[2026-06-03T06:03:12.888+0000] {processor.py:830} INFO - Processing file /opt/airflow/dags/dag_dq_checkpoint.py for tasks to queue
[2026-06-03T06:03:12.890+0000] {logging_mixin.py:188} INFO - [2026-06-03T06:03:12.890+0000] {dagbag.py:540} INFO - Filling up the DagBag from /opt/airflow/dags/dag_dq_checkpoint.py
[2026-06-03T06:03:12.952+0000] {processor.py:840} INFO - DAG(s) 'neuralretail_dq_checkpoint' retrieved from /opt/airflow/dags/dag_dq_checkpoint.py
[2026-06-03T06:03:12.998+0000] {logging_mixin.py:188} INFO - [2026-06-03T06:03:12.998+0000] {dag.py:3096} INFO - Sync 1 DAGs
[2026-06-03T06:03:13.011+0000] {logging_mixin.py:188} INFO - [2026-06-03T06:03:13.011+0000] {dag.py:3954} INFO - Setting next_dagrun for neuralretail_dq_checkpoint to None, run_after=None
[2026-06-03T06:03:13.042+0000] {processor.py:183} INFO - Processing /opt/airflow/dags/dag_dq_checkpoint.py took 0.162 seconds
[2026-06-03T06:03:43.348+0000] {processor.py:161} INFO - Started process (PID=402) to work on /opt/airflow/dags/dag_dq_checkpoint.py
[2026-06-03T06:03:43.351+0000] {processor.py:830} INFO - Processing file /opt/airflow/dags/dag_dq_checkpoint.py for tasks to queue
[2026-06-03T06:03:43.358+0000] {logging_mixin.py:188} INFO - [2026-06-03T06:03:43.357+0000] {dagbag.py:540} INFO - Filling up the DagBag from /opt/airflow/dags/dag_dq_checkpoint.py
[2026-06-03T06:03:43.456+0000] {processor.py:840} INFO - DAG(s) 'neuralretail_dq_checkpoint' retrieved from /opt/airflow/dags/dag_dq_checkpoint.py
[2026-06-03T06:03:43.514+0000] {logging_mixin.py:188} INFO - [2026-06-03T06:03:43.514+0000] {dag.py:3096} INFO - Sync 1 DAGs
[2026-06-03T06:03:43.528+0000] {logging_mixin.py:188} INFO - [2026-06-03T06:03:43.528+0000] {dag.py:3954} INFO - Setting next_dagrun for neuralretail_dq_checkpoint to None, run_after=None
[2026-06-03T06:03:43.555+0000] {processor.py:183} INFO - Processing /opt/airflow/dags/dag_dq_checkpoint.py took 0.219 seconds
[2026-06-03T06:04:14.336+0000] {processor.py:161} INFO - Started process (PID=422) to work on /opt/airflow/dags/dag_dq_checkpoint.py
[2026-06-03T06:04:14.344+0000] {processor.py:830} INFO - Processing file /opt/airflow/dags/dag_dq_checkpoint.py for tasks to queue
[2026-06-03T06:04:14.351+0000] {logging_mixin.py:188} INFO - [2026-06-03T06:04:14.351+0000] {dagbag.py:540} INFO - Filling up the DagBag from /opt/airflow/dags/dag_dq_checkpoint.py
[2026-06-03T06:04:14.461+0000] {processor.py:840} INFO - DAG(s) 'neuralretail_dq_checkpoint' retrieved from /opt/airflow/dags/dag_dq_checkpoint.py
[2026-06-03T06:04:14.586+0000] {logging_mixin.py:188} INFO - [2026-06-03T06:04:14.586+0000] {dag.py:3096} INFO - Sync 1 DAGs
[2026-06-03T06:04:14.601+0000] {logging_mixin.py:188} INFO - [2026-06-03T06:04:14.601+0000] {dag.py:3954} INFO - Setting next_dagrun for neuralretail_dq_checkpoint to None, run_after=None
[2026-06-03T06:04:14.670+0000] {processor.py:183} INFO - Processing /opt/airflow/dags/dag_dq_checkpoint.py took 0.341 seconds
[2026-06-03T06:04:45.569+0000] {processor.py:161} INFO - Started process (PID=442) to work on /opt/airflow/dags/dag_dq_checkpoint.py
[2026-06-03T06:04:45.572+0000] {processor.py:830} INFO - Processing file /opt/airflow/dags/dag_dq_checkpoint.py for tasks to queue
[2026-06-03T06:04:45.573+0000] {logging_mixin.py:188} INFO - [2026-06-03T06:04:45.573+0000] {dagbag.py:540} INFO - Filling up the DagBag from /opt/airflow/dags/dag_dq_checkpoint.py
[2026-06-03T06:04:45.673+0000] {processor.py:840} INFO - DAG(s) 'neuralretail_dq_checkpoint' retrieved from /opt/airflow/dags/dag_dq_checkpoint.py
[2026-06-03T06:04:45.740+0000] {logging_mixin.py:188} INFO - [2026-06-03T06:04:45.739+0000] {dag.py:3096} INFO - Sync 1 DAGs
[2026-06-03T06:04:45.802+0000] {logging_mixin.py:188} INFO - [2026-06-03T06:04:45.802+0000] {dag.py:3954} INFO - Setting next_dagrun for neuralretail_dq_checkpoint to None, run_after=None
[2026-06-03T06:04:45.921+0000] {processor.py:183} INFO - Processing /opt/airflow/dags/dag_dq_checkpoint.py took 0.359 seconds
[2026-06-03T06:05:16.454+0000] {processor.py:161} INFO - Started process (PID=462) to work on /opt/airflow/dags/dag_dq_checkpoint.py
[2026-06-03T06:05:16.456+0000] {processor.py:830} INFO - Processing file /opt/airflow/dags/dag_dq_checkpoint.py for tasks to queue
[2026-06-03T06:05:16.458+0000] {logging_mixin.py:188} INFO - [2026-06-03T06:05:16.458+0000] {dagbag.py:540} INFO - Filling up the DagBag from /opt/airflow/dags/dag_dq_checkpoint.py
[2026-06-03T06:05:16.576+0000] {processor.py:840} INFO - DAG(s) 'neuralretail_dq_checkpoint' retrieved from /opt/airflow/dags/dag_dq_checkpoint.py
[2026-06-03T06:05:16.681+0000] {logging_mixin.py:188} INFO - [2026-06-03T06:05:16.681+0000] {dag.py:3096} INFO - Sync 1 DAGs
[2026-06-03T06:05:16.698+0000] {logging_mixin.py:188} INFO - [2026-06-03T06:05:16.698+0000] {dag.py:3954} INFO - Setting next_dagrun for neuralretail_dq_checkpoint to None, run_after=None
[2026-06-03T06:05:16.733+0000] {processor.py:183} INFO - Processing /opt/airflow/dags/dag_dq_checkpoint.py took 0.288 seconds
[2026-06-03T06:05:47.689+0000] {processor.py:161} INFO - Started process (PID=487) to work on /opt/airflow/dags/dag_dq_checkpoint.py
[2026-06-03T06:05:47.690+0000] {processor.py:830} INFO - Processing file /opt/airflow/dags/dag_dq_checkpoint.py for tasks to queue
[2026-06-03T06:05:47.692+0000] {logging_mixin.py:188} INFO - [2026-06-03T06:05:47.691+0000] {dagbag.py:540} INFO - Filling up the DagBag from /opt/airflow/dags/dag_dq_checkpoint.py
[2026-06-03T06:05:47.773+0000] {processor.py:840} INFO - DAG(s) 'neuralretail_dq_checkpoint' retrieved from /opt/airflow/dags/dag_dq_checkpoint.py
[2026-06-03T06:05:47.888+0000] {logging_mixin.py:188} INFO - [2026-06-03T06:05:47.888+0000] {dag.py:3096} INFO - Sync 1 DAGs
[2026-06-03T06:05:47.917+0000] {logging_mixin.py:188} INFO - [2026-06-03T06:05:47.916+0000] {dag.py:3954} INFO - Setting next_dagrun for neuralretail_dq_checkpoint to None, run_after=None
[2026-06-03T06:05:47.984+0000] {processor.py:183} INFO - Processing /opt/airflow/dags/dag_dq_checkpoint.py took 0.309 seconds
[2026-06-03T06:06:18.769+0000] {processor.py:161} INFO - Started process (PID=507) to work on /opt/airflow/dags/dag_dq_checkpoint.py
[2026-06-03T06:06:18.772+0000] {processor.py:830} INFO - Processing file /opt/airflow/dags/dag_dq_checkpoint.py for tasks to queue
[2026-06-03T06:06:18.781+0000] {logging_mixin.py:188} INFO - [2026-06-03T06:06:18.781+0000] {dagbag.py:540} INFO - Filling up the DagBag from /opt/airflow/dags/dag_dq_checkpoint.py
[2026-06-03T06:06:18.858+0000] {processor.py:840} INFO - DAG(s) 'neuralretail_dq_checkpoint' retrieved from /opt/airflow/dags/dag_dq_checkpoint.py
[2026-06-03T06:06:18.950+0000] {logging_mixin.py:188} INFO - [2026-06-03T06:06:18.950+0000] {dag.py:3096} INFO - Sync 1 DAGs
[2026-06-03T06:06:18.972+0000] {logging_mixin.py:188} INFO - [2026-06-03T06:06:18.971+0000] {dag.py:3954} INFO - Setting next_dagrun for neuralretail_dq_checkpoint to None, run_after=None
[2026-06-03T06:06:19.001+0000] {processor.py:183} INFO - Processing /opt/airflow/dags/dag_dq_checkpoint.py took 0.244 seconds
[2026-06-03T06:06:49.683+0000] {processor.py:161} INFO - Started process (PID=527) to work on /opt/airflow/dags/dag_dq_checkpoint.py
[2026-06-03T06:06:49.691+0000] {processor.py:830} INFO - Processing file /opt/airflow/dags/dag_dq_checkpoint.py for tasks to queue
[2026-06-03T06:06:49.711+0000] {logging_mixin.py:188} INFO - [2026-06-03T06:06:49.710+0000] {dagbag.py:540} INFO - Filling up the DagBag from /opt/airflow/dags/dag_dq_checkpoint.py
[2026-06-03T06:06:49.897+0000] {processor.py:840} INFO - DAG(s) 'neuralretail_dq_checkpoint' retrieved from /opt/airflow/dags/dag_dq_checkpoint.py
[2026-06-03T06:06:50.000+0000] {logging_mixin.py:188} INFO - [2026-06-03T06:06:50.000+0000] {dag.py:3096} INFO - Sync 1 DAGs
[2026-06-03T06:06:50.029+0000] {logging_mixin.py:188} INFO - [2026-06-03T06:06:50.029+0000] {dag.py:3954} INFO - Setting next_dagrun for neuralretail_dq_checkpoint to None, run_after=None
[2026-06-03T06:06:50.131+0000] {processor.py:183} INFO - Processing /opt/airflow/dags/dag_dq_checkpoint.py took 0.464 seconds
[2026-06-03T06:07:20.358+0000] {processor.py:161} INFO - Started process (PID=542) to work on /opt/airflow/dags/dag_dq_checkpoint.py
[2026-06-03T06:07:20.366+0000] {processor.py:830} INFO - Processing file /opt/airflow/dags/dag_dq_checkpoint.py for tasks to queue
[2026-06-03T06:07:20.376+0000] {logging_mixin.py:188} INFO - [2026-06-03T06:07:20.375+0000] {dagbag.py:540} INFO - Filling up the DagBag from /opt/airflow/dags/dag_dq_checkpoint.py
[2026-06-03T06:07:20.523+0000] {processor.py:840} INFO - DAG(s) 'neuralretail_dq_checkpoint' retrieved from /opt/airflow/dags/dag_dq_checkpoint.py
[2026-06-03T06:07:20.625+0000] {logging_mixin.py:188} INFO - [2026-06-03T06:07:20.625+0000] {dag.py:3096} INFO - Sync 1 DAGs
[2026-06-03T06:07:20.646+0000] {logging_mixin.py:188} INFO - [2026-06-03T06:07:20.646+0000] {dag.py:3954} INFO - Setting next_dagrun for neuralretail_dq_checkpoint to None, run_after=None
[2026-06-03T06:07:20.682+0000] {processor.py:183} INFO - Processing /opt/airflow/dags/dag_dq_checkpoint.py took 0.346 seconds
[2026-06-03T06:07:51.065+0000] {processor.py:161} INFO - Started process (PID=562) to work on /opt/airflow/dags/dag_dq_checkpoint.py
[2026-06-03T06:07:51.072+0000] {processor.py:830} INFO - Processing file /opt/airflow/dags/dag_dq_checkpoint.py for tasks to queue
[2026-06-03T06:07:51.077+0000] {logging_mixin.py:188} INFO - [2026-06-03T06:07:51.076+0000] {dagbag.py:540} INFO - Filling up the DagBag from /opt/airflow/dags/dag_dq_checkpoint.py
[2026-06-03T06:07:51.278+0000] {processor.py:840} INFO - DAG(s) 'neuralretail_dq_checkpoint' retrieved from /opt/airflow/dags/dag_dq_checkpoint.py
[2026-06-03T06:07:51.383+0000] {logging_mixin.py:188} INFO - [2026-06-03T06:07:51.382+0000] {dag.py:3096} INFO - Sync 1 DAGs
[2026-06-03T06:07:51.406+0000] {logging_mixin.py:188} INFO - [2026-06-03T06:07:51.405+0000] {dag.py:3954} INFO - Setting next_dagrun for neuralretail_dq_checkpoint to None, run_after=None
[2026-06-03T06:07:51.564+0000] {processor.py:183} INFO - Processing /opt/airflow/dags/dag_dq_checkpoint.py took 0.514 seconds
[2026-06-03T06:08:21.771+0000] {processor.py:161} INFO - Started process (PID=582) to work on /opt/airflow/dags/dag_dq_checkpoint.py
[2026-06-03T06:08:21.776+0000] {processor.py:830} INFO - Processing file /opt/airflow/dags/dag_dq_checkpoint.py for tasks to queue
[2026-06-03T06:08:21.788+0000] {logging_mixin.py:188} INFO - [2026-06-03T06:08:21.787+0000] {dagbag.py:540} INFO - Filling up the DagBag from /opt/airflow/dags/dag_dq_checkpoint.py
[2026-06-03T06:08:22.006+0000] {processor.py:840} INFO - DAG(s) 'neuralretail_dq_checkpoint' retrieved from /opt/airflow/dags/dag_dq_checkpoint.py
[2026-06-03T06:08:22.091+0000] {logging_mixin.py:188} INFO - [2026-06-03T06:08:22.090+0000] {dag.py:3096} INFO - Sync 1 DAGs
[2026-06-03T06:08:22.121+0000] {logging_mixin.py:188} INFO - [2026-06-03T06:08:22.120+0000] {dag.py:3954} INFO - Setting next_dagrun for neuralretail_dq_checkpoint to None, run_after=None
[2026-06-03T06:08:22.184+0000] {processor.py:183} INFO - Processing /opt/airflow/dags/dag_dq_checkpoint.py took 0.424 seconds
[2026-06-03T06:08:53.325+0000] {processor.py:161} INFO - Started process (PID=602) to work on /opt/airflow/dags/dag_dq_checkpoint.py
[2026-06-03T06:08:53.331+0000] {processor.py:830} INFO - Processing file /opt/airflow/dags/dag_dq_checkpoint.py for tasks to queue
[2026-06-03T06:08:53.339+0000] {logging_mixin.py:188} INFO - [2026-06-03T06:08:53.338+0000] {dagbag.py:540} INFO - Filling up the DagBag from /opt/airflow/dags/dag_dq_checkpoint.py
[2026-06-03T06:08:53.412+0000] {processor.py:840} INFO - DAG(s) 'neuralretail_dq_checkpoint' retrieved from /opt/airflow/dags/dag_dq_checkpoint.py
[2026-06-03T06:08:53.463+0000] {logging_mixin.py:188} INFO - [2026-06-03T06:08:53.463+0000] {dag.py:3096} INFO - Sync 1 DAGs
[2026-06-03T06:08:53.488+0000] {logging_mixin.py:188} INFO - [2026-06-03T06:08:53.487+0000] {dag.py:3954} INFO - Setting next_dagrun for neuralretail_dq_checkpoint to None, run_after=None
[2026-06-03T06:08:53.536+0000] {processor.py:183} INFO - Processing /opt/airflow/dags/dag_dq_checkpoint.py took 0.226 seconds
[2026-06-03T06:09:24.335+0000] {processor.py:161} INFO - Started process (PID=627) to work on /opt/airflow/dags/dag_dq_checkpoint.py
[2026-06-03T06:09:24.338+0000] {processor.py:830} INFO - Processing file /opt/airflow/dags/dag_dq_checkpoint.py for tasks to queue
[2026-06-03T06:09:24.341+0000] {logging_mixin.py:188} INFO - [2026-06-03T06:09:24.341+0000] {dagbag.py:540} INFO - Filling up the DagBag from /opt/airflow/dags/dag_dq_checkpoint.py
[2026-06-03T06:09:24.451+0000] {processor.py:840} INFO - DAG(s) 'neuralretail_dq_checkpoint' retrieved from /opt/airflow/dags/dag_dq_checkpoint.py
[2026-06-03T06:09:24.535+0000] {logging_mixin.py:188} INFO - [2026-06-03T06:09:24.534+0000] {dag.py:3096} INFO - Sync 1 DAGs
[2026-06-03T06:09:24.567+0000] {logging_mixin.py:188} INFO - [2026-06-03T06:09:24.566+0000] {dag.py:3954} INFO - Setting next_dagrun for neuralretail_dq_checkpoint to None, run_after=None
[2026-06-03T06:09:24.622+0000] {processor.py:183} INFO - Processing /opt/airflow/dags/dag_dq_checkpoint.py took 0.295 seconds
[2026-06-03T06:09:54.876+0000] {processor.py:161} INFO - Started process (PID=645) to work on /opt/airflow/dags/dag_dq_checkpoint.py
[2026-06-03T06:09:54.878+0000] {processor.py:830} INFO - Processing file /opt/airflow/dags/dag_dq_checkpoint.py for tasks to queue
[2026-06-03T06:09:54.882+0000] {logging_mixin.py:188} INFO - [2026-06-03T06:09:54.882+0000] {dagbag.py:540} INFO - Filling up the DagBag from /opt/airflow/dags/dag_dq_checkpoint.py
[2026-06-03T06:09:55.057+0000] {processor.py:840} INFO - DAG(s) 'neuralretail_dq_checkpoint' retrieved from /opt/airflow/dags/dag_dq_checkpoint.py
[2026-06-03T06:09:55.128+0000] {logging_mixin.py:188} INFO - [2026-06-03T06:09:55.128+0000] {dag.py:3096} INFO - Sync 1 DAGs
[2026-06-03T06:09:55.174+0000] {logging_mixin.py:188} INFO - [2026-06-03T06:09:55.173+0000] {dag.py:3954} INFO - Setting next_dagrun for neuralretail_dq_checkpoint to None, run_after=None
[2026-06-03T06:09:55.213+0000] {processor.py:183} INFO - Processing /opt/airflow/dags/dag_dq_checkpoint.py took 0.345 seconds
[2026-06-03T06:10:25.458+0000] {processor.py:161} INFO - Started process (PID=665) to work on /opt/airflow/dags/dag_dq_checkpoint.py
[2026-06-03T06:10:25.461+0000] {processor.py:830} INFO - Processing file /opt/airflow/dags/dag_dq_checkpoint.py for tasks to queue
[2026-06-03T06:10:25.467+0000] {logging_mixin.py:188} INFO - [2026-06-03T06:10:25.465+0000] {dagbag.py:540} INFO - Filling up the DagBag from /opt/airflow/dags/dag_dq_checkpoint.py
[2026-06-03T06:10:25.571+0000] {processor.py:840} INFO - DAG(s) 'neuralretail_dq_checkpoint' retrieved from /opt/airflow/dags/dag_dq_checkpoint.py
[2026-06-03T06:10:25.683+0000] {logging_mixin.py:188} INFO - [2026-06-03T06:10:25.682+0000] {dag.py:3096} INFO - Sync 1 DAGs
[2026-06-03T06:10:25.711+0000] {logging_mixin.py:188} INFO - [2026-06-03T06:10:25.711+0000] {dag.py:3954} INFO - Setting next_dagrun for neuralretail_dq_checkpoint to None, run_after=None
[2026-06-03T06:10:25.902+0000] {processor.py:183} INFO - Processing /opt/airflow/dags/dag_dq_checkpoint.py took 0.458 seconds
[2026-06-03T06:10:56.295+0000] {processor.py:161} INFO - Started process (PID=682) to work on /opt/airflow/dags/dag_dq_checkpoint.py
[2026-06-03T06:10:56.300+0000] {processor.py:830} INFO - Processing file /opt/airflow/dags/dag_dq_checkpoint.py for tasks to queue
[2026-06-03T06:10:56.309+0000] {logging_mixin.py:188} INFO - [2026-06-03T06:10:56.309+0000] {dagbag.py:540} INFO - Filling up the DagBag from /opt/airflow/dags/dag_dq_checkpoint.py
[2026-06-03T06:10:56.485+0000] {processor.py:840} INFO - DAG(s) 'neuralretail_dq_checkpoint' retrieved from /opt/airflow/dags/dag_dq_checkpoint.py
[2026-06-03T06:10:56.545+0000] {logging_mixin.py:188} INFO - [2026-06-03T06:10:56.545+0000] {dag.py:3096} INFO - Sync 1 DAGs
[2026-06-03T06:10:56.579+0000] {logging_mixin.py:188} INFO - [2026-06-03T06:10:56.579+0000] {dag.py:3954} INFO - Setting next_dagrun for neuralretail_dq_checkpoint to None, run_after=None
[2026-06-03T06:10:56.633+0000] {processor.py:183} INFO - Processing /opt/airflow/dags/dag_dq_checkpoint.py took 0.346 seconds
[2026-06-03T06:11:27.448+0000] {processor.py:161} INFO - Started process (PID=702) to work on /opt/airflow/dags/dag_dq_checkpoint.py
[2026-06-03T06:11:27.449+0000] {processor.py:830} INFO - Processing file /opt/airflow/dags/dag_dq_checkpoint.py for tasks to queue
[2026-06-03T06:11:27.456+0000] {logging_mixin.py:188} INFO - [2026-06-03T06:11:27.455+0000] {dagbag.py:540} INFO - Filling up the DagBag from /opt/airflow/dags/dag_dq_checkpoint.py
[2026-06-03T06:11:27.621+0000] {processor.py:840} INFO - DAG(s) 'neuralretail_dq_checkpoint' retrieved from /opt/airflow/dags/dag_dq_checkpoint.py
[2026-06-03T06:11:27.803+0000] {logging_mixin.py:188} INFO - [2026-06-03T06:11:27.802+0000] {dag.py:3096} INFO - Sync 1 DAGs
[2026-06-03T06:11:27.829+0000] {logging_mixin.py:188} INFO - [2026-06-03T06:11:27.829+0000] {dag.py:3954} INFO - Setting next_dagrun for neuralretail_dq_checkpoint to None, run_after=None
[2026-06-03T06:11:27.858+0000] {processor.py:183} INFO - Processing /opt/airflow/dags/dag_dq_checkpoint.py took 0.418 seconds
[2026-06-03T06:11:58.487+0000] {processor.py:161} INFO - Started process (PID=722) to work on /opt/airflow/dags/dag_dq_checkpoint.py
[2026-06-03T06:11:58.490+0000] {processor.py:830} INFO - Processing file /opt/airflow/dags/dag_dq_checkpoint.py for tasks to queue
[2026-06-03T06:11:58.492+0000] {logging_mixin.py:188} INFO - [2026-06-03T06:11:58.492+0000] {dagbag.py:540} INFO - Filling up the DagBag from /opt/airflow/dags/dag_dq_checkpoint.py
[2026-06-03T06:11:58.575+0000] {processor.py:840} INFO - DAG(s) 'neuralretail_dq_checkpoint' retrieved from /opt/airflow/dags/dag_dq_checkpoint.py
[2026-06-03T06:11:58.619+0000] {logging_mixin.py:188} INFO - [2026-06-03T06:11:58.619+0000] {dag.py:3096} INFO - Sync 1 DAGs
[2026-06-03T06:11:58.642+0000] {logging_mixin.py:188} INFO - [2026-06-03T06:11:58.642+0000] {dag.py:3954} INFO - Setting next_dagrun for neuralretail_dq_checkpoint to None, run_after=None
[2026-06-03T06:11:58.672+0000] {processor.py:183} INFO - Processing /opt/airflow/dags/dag_dq_checkpoint.py took 0.199 seconds
[2026-06-03T06:12:29.347+0000] {processor.py:161} INFO - Started process (PID=742) to work on /opt/airflow/dags/dag_dq_checkpoint.py
[2026-06-03T06:12:29.361+0000] {processor.py:830} INFO - Processing file /opt/airflow/dags/dag_dq_checkpoint.py for tasks to queue
[2026-06-03T06:12:29.369+0000] {logging_mixin.py:188} INFO - [2026-06-03T06:12:29.368+0000] {dagbag.py:540} INFO - Filling up the DagBag from /opt/airflow/dags/dag_dq_checkpoint.py
[2026-06-03T06:12:29.471+0000] {processor.py:840} INFO - DAG(s) 'neuralretail_dq_checkpoint' retrieved from /opt/airflow/dags/dag_dq_checkpoint.py
[2026-06-03T06:12:29.555+0000] {logging_mixin.py:188} INFO - [2026-06-03T06:12:29.555+0000] {dag.py:3096} INFO - Sync 1 DAGs
[2026-06-03T06:12:29.571+0000] {logging_mixin.py:188} INFO - [2026-06-03T06:12:29.570+0000] {dag.py:3954} INFO - Setting next_dagrun for neuralretail_dq_checkpoint to None, run_after=None
[2026-06-03T06:12:29.598+0000] {processor.py:183} INFO - Processing /opt/airflow/dags/dag_dq_checkpoint.py took 0.263 seconds
[2026-06-03T06:13:00.727+0000] {processor.py:161} INFO - Started process (PID=762) to work on /opt/airflow/dags/dag_dq_checkpoint.py
[2026-06-03T06:13:00.729+0000] {processor.py:830} INFO - Processing file /opt/airflow/dags/dag_dq_checkpoint.py for tasks to queue
[2026-06-03T06:13:00.734+0000] {logging_mixin.py:188} INFO - [2026-06-03T06:13:00.734+0000] {dagbag.py:540} INFO - Filling up the DagBag from /opt/airflow/dags/dag_dq_checkpoint.py
[2026-06-03T06:13:00.849+0000] {processor.py:840} INFO - DAG(s) 'neuralretail_dq_checkpoint' retrieved from /opt/airflow/dags/dag_dq_checkpoint.py
[2026-06-03T06:13:00.972+0000] {logging_mixin.py:188} INFO - [2026-06-03T06:13:00.971+0000] {dag.py:3096} INFO - Sync 1 DAGs
[2026-06-03T06:13:00.999+0000] {logging_mixin.py:188} INFO - [2026-06-03T06:13:00.998+0000] {dag.py:3954} INFO - Setting next_dagrun for neuralretail_dq_checkpoint to None, run_after=None
[2026-06-03T06:13:01.036+0000] {processor.py:183} INFO - Processing /opt/airflow/dags/dag_dq_checkpoint.py took 0.314 seconds
[2026-06-03T06:13:32.075+0000] {processor.py:161} INFO - Started process (PID=782) to work on /opt/airflow/dags/dag_dq_checkpoint.py
[2026-06-03T06:13:32.116+0000] {processor.py:830} INFO - Processing file /opt/airflow/dags/dag_dq_checkpoint.py for tasks to queue
[2026-06-03T06:13:32.125+0000] {logging_mixin.py:188} INFO - [2026-06-03T06:13:32.124+0000] {dagbag.py:540} INFO - Filling up the DagBag from /opt/airflow/dags/dag_dq_checkpoint.py
[2026-06-03T06:13:32.288+0000] {processor.py:840} INFO - DAG(s) 'neuralretail_dq_checkpoint' retrieved from /opt/airflow/dags/dag_dq_checkpoint.py
[2026-06-03T06:13:32.372+0000] {logging_mixin.py:188} INFO - [2026-06-03T06:13:32.372+0000] {dag.py:3096} INFO - Sync 1 DAGs
[2026-06-03T06:13:32.408+0000] {logging_mixin.py:188} INFO - [2026-06-03T06:13:32.407+0000] {dag.py:3954} INFO - Setting next_dagrun for neuralretail_dq_checkpoint to None, run_after=None
[2026-06-03T06:13:32.457+0000] {processor.py:183} INFO - Processing /opt/airflow/dags/dag_dq_checkpoint.py took 0.391 seconds
[2026-06-03T06:14:07.021+0000] {processor.py:161} INFO - Started process (PID=802) to work on /opt/airflow/dags/dag_dq_checkpoint.py
[2026-06-03T06:14:07.045+0000] {processor.py:830} INFO - Processing file /opt/airflow/dags/dag_dq_checkpoint.py for tasks to queue
[2026-06-03T06:14:07.125+0000] {logging_mixin.py:188} INFO - [2026-06-03T06:14:07.124+0000] {dagbag.py:540} INFO - Filling up the DagBag from /opt/airflow/dags/dag_dq_checkpoint.py
[2026-06-03T06:14:08.741+0000] {processor.py:840} INFO - DAG(s) 'neuralretail_dq_checkpoint' retrieved from /opt/airflow/dags/dag_dq_checkpoint.py
[2026-06-03T06:14:09.361+0000] {logging_mixin.py:188} INFO - [2026-06-03T06:14:09.361+0000] {dag.py:3096} INFO - Sync 1 DAGs
[2026-06-03T06:14:09.427+0000] {logging_mixin.py:188} INFO - [2026-06-03T06:14:09.427+0000] {dag.py:3954} INFO - Setting next_dagrun for neuralretail_dq_checkpoint to None, run_after=None
[2026-06-03T06:14:09.512+0000] {processor.py:183} INFO - Processing /opt/airflow/dags/dag_dq_checkpoint.py took 2.503 seconds
[2026-06-03T06:14:41.339+0000] {processor.py:161} INFO - Started process (PID=825) to work on /opt/airflow/dags/dag_dq_checkpoint.py
[2026-06-03T06:14:41.362+0000] {processor.py:830} INFO - Processing file /opt/airflow/dags/dag_dq_checkpoint.py for tasks to queue
[2026-06-03T06:14:41.382+0000] {logging_mixin.py:188} INFO - [2026-06-03T06:14:41.382+0000] {dagbag.py:540} INFO - Filling up the DagBag from /opt/airflow/dags/dag_dq_checkpoint.py
[2026-06-03T06:14:42.490+0000] {processor.py:840} INFO - DAG(s) 'neuralretail_dq_checkpoint' retrieved from /opt/airflow/dags/dag_dq_checkpoint.py
[2026-06-03T06:14:42.938+0000] {logging_mixin.py:188} INFO - [2026-06-03T06:14:42.937+0000] {dag.py:3096} INFO - Sync 1 DAGs
[2026-06-03T06:14:42.975+0000] {logging_mixin.py:188} INFO - [2026-06-03T06:14:42.974+0000] {dag.py:3954} INFO - Setting next_dagrun for neuralretail_dq_checkpoint to None, run_after=None
[2026-06-03T06:14:43.144+0000] {processor.py:183} INFO - Processing /opt/airflow/dags/dag_dq_checkpoint.py took 1.810 seconds
[2026-06-03T06:15:13.521+0000] {processor.py:161} INFO - Started process (PID=845) to work on /opt/airflow/dags/dag_dq_checkpoint.py
[2026-06-03T06:15:13.526+0000] {processor.py:830} INFO - Processing file /opt/airflow/dags/dag_dq_checkpoint.py for tasks to queue
[2026-06-03T06:15:13.534+0000] {logging_mixin.py:188} INFO - [2026-06-03T06:15:13.533+0000] {dagbag.py:540} INFO - Filling up the DagBag from /opt/airflow/dags/dag_dq_checkpoint.py
[2026-06-03T06:15:13.697+0000] {processor.py:840} INFO - DAG(s) 'neuralretail_dq_checkpoint' retrieved from /opt/airflow/dags/dag_dq_checkpoint.py
[2026-06-03T06:15:13.819+0000] {logging_mixin.py:188} INFO - [2026-06-03T06:15:13.818+0000] {dag.py:3096} INFO - Sync 1 DAGs
[2026-06-03T06:15:13.845+0000] {logging_mixin.py:188} INFO - [2026-06-03T06:15:13.845+0000] {dag.py:3954} INFO - Setting next_dagrun for neuralretail_dq_checkpoint to None, run_after=None
[2026-06-03T06:15:13.950+0000] {processor.py:183} INFO - Processing /opt/airflow/dags/dag_dq_checkpoint.py took 0.447 seconds
[2026-06-03T06:15:44.426+0000] {processor.py:161} INFO - Started process (PID=862) to work on /opt/airflow/dags/dag_dq_checkpoint.py
[2026-06-03T06:15:44.440+0000] {processor.py:830} INFO - Processing file /opt/airflow/dags/dag_dq_checkpoint.py for tasks to queue
[2026-06-03T06:15:44.446+0000] {logging_mixin.py:188} INFO - [2026-06-03T06:15:44.446+0000] {dagbag.py:540} INFO - Filling up the DagBag from /opt/airflow/dags/dag_dq_checkpoint.py
[2026-06-03T06:15:44.557+0000] {processor.py:840} INFO - DAG(s) 'neuralretail_dq_checkpoint' retrieved from /opt/airflow/dags/dag_dq_checkpoint.py
[2026-06-03T06:15:44.639+0000] {logging_mixin.py:188} INFO - [2026-06-03T06:15:44.639+0000] {dag.py:3096} INFO - Sync 1 DAGs
[2026-06-03T06:15:44.655+0000] {logging_mixin.py:188} INFO - [2026-06-03T06:15:44.655+0000] {dag.py:3954} INFO - Setting next_dagrun for neuralretail_dq_checkpoint to None, run_after=None
[2026-06-03T06:15:44.711+0000] {processor.py:183} INFO - Processing /opt/airflow/dags/dag_dq_checkpoint.py took 0.294 seconds
[2026-06-03T06:16:15.399+0000] {processor.py:161} INFO - Started process (PID=887) to work on /opt/airflow/dags/dag_dq_checkpoint.py
[2026-06-03T06:16:15.401+0000] {processor.py:830} INFO - Processing file /opt/airflow/dags/dag_dq_checkpoint.py for tasks to queue
[2026-06-03T06:16:15.407+0000] {logging_mixin.py:188} INFO - [2026-06-03T06:16:15.406+0000] {dagbag.py:540} INFO - Filling up the DagBag from /opt/airflow/dags/dag_dq_checkpoint.py
[2026-06-03T06:16:15.564+0000] {processor.py:840} INFO - DAG(s) 'neuralretail_dq_checkpoint' retrieved from /opt/airflow/dags/dag_dq_checkpoint.py
[2026-06-03T06:16:15.714+0000] {logging_mixin.py:188} INFO - [2026-06-03T06:16:15.713+0000] {dag.py:3096} INFO - Sync 1 DAGs
[2026-06-03T06:16:15.747+0000] {logging_mixin.py:188} INFO - [2026-06-03T06:16:15.746+0000] {dag.py:3954} INFO - Setting next_dagrun for neuralretail_dq_checkpoint to None, run_after=None
[2026-06-03T06:16:15.802+0000] {processor.py:183} INFO - Processing /opt/airflow/dags/dag_dq_checkpoint.py took 0.409 seconds
[2026-06-03T06:16:46.182+0000] {processor.py:161} INFO - Started process (PID=902) to work on /opt/airflow/dags/dag_dq_checkpoint.py
[2026-06-03T06:16:46.186+0000] {processor.py:830} INFO - Processing file /opt/airflow/dags/dag_dq_checkpoint.py for tasks to queue
[2026-06-03T06:16:46.190+0000] {logging_mixin.py:188} INFO - [2026-06-03T06:16:46.189+0000] {dagbag.py:540} INFO - Filling up the DagBag from /opt/airflow/dags/dag_dq_checkpoint.py
[2026-06-03T06:16:46.265+0000] {processor.py:840} INFO - DAG(s) 'neuralretail_dq_checkpoint' retrieved from /opt/airflow/dags/dag_dq_checkpoint.py
[2026-06-03T06:16:46.434+0000] {logging_mixin.py:188} INFO - [2026-06-03T06:16:46.434+0000] {dag.py:3096} INFO - Sync 1 DAGs
[2026-06-03T06:16:46.451+0000] {logging_mixin.py:188} INFO - [2026-06-03T06:16:46.451+0000] {dag.py:3954} INFO - Setting next_dagrun for neuralretail_dq_checkpoint to None, run_after=None
[2026-06-03T06:16:46.486+0000] {processor.py:183} INFO - Processing /opt/airflow/dags/dag_dq_checkpoint.py took 0.312 seconds
[2026-06-03T06:17:16.798+0000] {processor.py:161} INFO - Started process (PID=922) to work on /opt/airflow/dags/dag_dq_checkpoint.py
[2026-06-03T06:17:16.801+0000] {processor.py:830} INFO - Processing file /opt/airflow/dags/dag_dq_checkpoint.py for tasks to queue
[2026-06-03T06:17:16.804+0000] {logging_mixin.py:188} INFO - [2026-06-03T06:17:16.804+0000] {dagbag.py:540} INFO - Filling up the DagBag from /opt/airflow/dags/dag_dq_checkpoint.py
[2026-06-03T06:17:16.885+0000] {processor.py:840} INFO - DAG(s) 'neuralretail_dq_checkpoint' retrieved from /opt/airflow/dags/dag_dq_checkpoint.py
[2026-06-03T06:17:17.039+0000] {logging_mixin.py:188} INFO - [2026-06-03T06:17:17.039+0000] {dag.py:3096} INFO - Sync 1 DAGs
[2026-06-03T06:17:17.076+0000] {logging_mixin.py:188} INFO - [2026-06-03T06:17:17.076+0000] {dag.py:3954} INFO - Setting next_dagrun for neuralretail_dq_checkpoint to None, run_after=None
[2026-06-03T06:17:17.132+0000] {processor.py:183} INFO - Processing /opt/airflow/dags/dag_dq_checkpoint.py took 0.341 seconds
[2026-06-03T06:17:47.649+0000] {processor.py:161} INFO - Started process (PID=942) to work on /opt/airflow/dags/dag_dq_checkpoint.py
[2026-06-03T06:17:47.656+0000] {processor.py:830} INFO - Processing file /opt/airflow/dags/dag_dq_checkpoint.py for tasks to queue
[2026-06-03T06:17:47.661+0000] {logging_mixin.py:188} INFO - [2026-06-03T06:17:47.660+0000] {dagbag.py:540} INFO - Filling up the DagBag from /opt/airflow/dags/dag_dq_checkpoint.py
[2026-06-03T06:17:47.787+0000] {processor.py:840} INFO - DAG(s) 'neuralretail_dq_checkpoint' retrieved from /opt/airflow/dags/dag_dq_checkpoint.py
[2026-06-03T06:17:47.882+0000] {logging_mixin.py:188} INFO - [2026-06-03T06:17:47.881+0000] {dag.py:3096} INFO - Sync 1 DAGs
[2026-06-03T06:17:47.911+0000] {logging_mixin.py:188} INFO - [2026-06-03T06:17:47.910+0000] {dag.py:3954} INFO - Setting next_dagrun for neuralretail_dq_checkpoint to None, run_after=None
[2026-06-03T06:17:47.972+0000] {processor.py:183} INFO - Processing /opt/airflow/dags/dag_dq_checkpoint.py took 0.330 seconds
[2026-06-03T06:18:18.241+0000] {processor.py:161} INFO - Started process (PID=962) to work on /opt/airflow/dags/dag_dq_checkpoint.py
[2026-06-03T06:18:18.245+0000] {processor.py:830} INFO - Processing file /opt/airflow/dags/dag_dq_checkpoint.py for tasks to queue
[2026-06-03T06:18:18.251+0000] {logging_mixin.py:188} INFO - [2026-06-03T06:18:18.251+0000] {dagbag.py:540} INFO - Filling up the DagBag from /opt/airflow/dags/dag_dq_checkpoint.py
[2026-06-03T06:18:18.377+0000] {processor.py:840} INFO - DAG(s) 'neuralretail_dq_checkpoint' retrieved from /opt/airflow/dags/dag_dq_checkpoint.py
[2026-06-03T06:18:18.491+0000] {logging_mixin.py:188} INFO - [2026-06-03T06:18:18.491+0000] {dag.py:3096} INFO - Sync 1 DAGs
[2026-06-03T06:18:18.513+0000] {logging_mixin.py:188} INFO - [2026-06-03T06:18:18.513+0000] {dag.py:3954} INFO - Setting next_dagrun for neuralretail_dq_checkpoint to None, run_after=None
[2026-06-03T06:18:18.553+0000] {processor.py:183} INFO - Processing /opt/airflow/dags/dag_dq_checkpoint.py took 0.319 seconds
[2026-06-03T06:18:48.878+0000] {processor.py:161} INFO - Started process (PID=982) to work on /opt/airflow/dags/dag_dq_checkpoint.py
[2026-06-03T06:18:48.881+0000] {processor.py:830} INFO - Processing file /opt/airflow/dags/dag_dq_checkpoint.py for tasks to queue
[2026-06-03T06:18:48.886+0000] {logging_mixin.py:188} INFO - [2026-06-03T06:18:48.885+0000] {dagbag.py:540} INFO - Filling up the DagBag from /opt/airflow/dags/dag_dq_checkpoint.py
[2026-06-03T06:18:49.003+0000] {processor.py:840} INFO - DAG(s) 'neuralretail_dq_checkpoint' retrieved from /opt/airflow/dags/dag_dq_checkpoint.py
[2026-06-03T06:18:49.107+0000] {logging_mixin.py:188} INFO - [2026-06-03T06:18:49.106+0000] {dag.py:3096} INFO - Sync 1 DAGs
[2026-06-03T06:18:49.357+0000] {logging_mixin.py:188} INFO - [2026-06-03T06:18:49.357+0000] {dag.py:3954} INFO - Setting next_dagrun for neuralretail_dq_checkpoint to None, run_after=None
[2026-06-03T06:18:49.403+0000] {processor.py:183} INFO - Processing /opt/airflow/dags/dag_dq_checkpoint.py took 0.543 seconds
[2026-06-03T06:19:19.694+0000] {processor.py:161} INFO - Started process (PID=1002) to work on /opt/airflow/dags/dag_dq_checkpoint.py
[2026-06-03T06:19:19.696+0000] {processor.py:830} INFO - Processing file /opt/airflow/dags/dag_dq_checkpoint.py for tasks to queue
[2026-06-03T06:19:19.700+0000] {logging_mixin.py:188} INFO - [2026-06-03T06:19:19.699+0000] {dagbag.py:540} INFO - Filling up the DagBag from /opt/airflow/dags/dag_dq_checkpoint.py
[2026-06-03T06:19:19.813+0000] {processor.py:840} INFO - DAG(s) 'neuralretail_dq_checkpoint' retrieved from /opt/airflow/dags/dag_dq_checkpoint.py
[2026-06-03T06:19:19.926+0000] {logging_mixin.py:188} INFO - [2026-06-03T06:19:19.925+0000] {dag.py:3096} INFO - Sync 1 DAGs
[2026-06-03T06:19:19.946+0000] {logging_mixin.py:188} INFO - [2026-06-03T06:19:19.946+0000] {dag.py:3954} INFO - Setting next_dagrun for neuralretail_dq_checkpoint to None, run_after=None
[2026-06-03T06:19:19.980+0000] {processor.py:183} INFO - Processing /opt/airflow/dags/dag_dq_checkpoint.py took 0.292 seconds
[2026-06-03T06:19:50.746+0000] {processor.py:161} INFO - Started process (PID=1022) to work on /opt/airflow/dags/dag_dq_checkpoint.py
[2026-06-03T06:19:50.749+0000] {processor.py:830} INFO - Processing file /opt/airflow/dags/dag_dq_checkpoint.py for tasks to queue
[2026-06-03T06:19:50.756+0000] {logging_mixin.py:188} INFO - [2026-06-03T06:19:50.755+0000] {dagbag.py:540} INFO - Filling up the DagBag from /opt/airflow/dags/dag_dq_checkpoint.py
[2026-06-03T06:19:50.909+0000] {processor.py:840} INFO - DAG(s) 'neuralretail_dq_checkpoint' retrieved from /opt/airflow/dags/dag_dq_checkpoint.py
[2026-06-03T06:19:51.006+0000] {logging_mixin.py:188} INFO - [2026-06-03T06:19:51.006+0000] {dag.py:3096} INFO - Sync 1 DAGs
[2026-06-03T06:19:51.090+0000] {logging_mixin.py:188} INFO - [2026-06-03T06:19:51.089+0000] {dag.py:3954} INFO - Setting next_dagrun for neuralretail_dq_checkpoint to None, run_after=None
[2026-06-03T06:19:51.140+0000] {processor.py:183} INFO - Processing /opt/airflow/dags/dag_dq_checkpoint.py took 0.415 seconds
[2026-06-03T06:20:22.048+0000] {processor.py:161} INFO - Started process (PID=1047) to work on /opt/airflow/dags/dag_dq_checkpoint.py
[2026-06-03T06:20:22.051+0000] {processor.py:830} INFO - Processing file /opt/airflow/dags/dag_dq_checkpoint.py for tasks to queue
[2026-06-03T06:20:22.056+0000] {logging_mixin.py:188} INFO - [2026-06-03T06:20:22.055+0000] {dagbag.py:540} INFO - Filling up the DagBag from /opt/airflow/dags/dag_dq_checkpoint.py
[2026-06-03T06:20:22.243+0000] {processor.py:840} INFO - DAG(s) 'neuralretail_dq_checkpoint' retrieved from /opt/airflow/dags/dag_dq_checkpoint.py
[2026-06-03T06:20:22.341+0000] {logging_mixin.py:188} INFO - [2026-06-03T06:20:22.340+0000] {dag.py:3096} INFO - Sync 1 DAGs
[2026-06-03T06:20:22.379+0000] {logging_mixin.py:188} INFO - [2026-06-03T06:20:22.378+0000] {dag.py:3954} INFO - Setting next_dagrun for neuralretail_dq_checkpoint to None, run_after=None
[2026-06-03T06:20:22.441+0000] {processor.py:183} INFO - Processing /opt/airflow/dags/dag_dq_checkpoint.py took 0.410 seconds
[2026-06-03T06:20:52.735+0000] {processor.py:161} INFO - Started process (PID=1062) to work on /opt/airflow/dags/dag_dq_checkpoint.py
[2026-06-03T06:20:52.739+0000] {processor.py:830} INFO - Processing file /opt/airflow/dags/dag_dq_checkpoint.py for tasks to queue
[2026-06-03T06:20:52.740+0000] {logging_mixin.py:188} INFO - [2026-06-03T06:20:52.740+0000] {dagbag.py:540} INFO - Filling up the DagBag from /opt/airflow/dags/dag_dq_checkpoint.py
[2026-06-03T06:20:52.897+0000] {processor.py:840} INFO - DAG(s) 'neuralretail_dq_checkpoint' retrieved from /opt/airflow/dags/dag_dq_checkpoint.py
[2026-06-03T06:20:52.956+0000] {logging_mixin.py:188} INFO - [2026-06-03T06:20:52.956+0000] {dag.py:3096} INFO - Sync 1 DAGs
[2026-06-03T06:20:52.970+0000] {logging_mixin.py:188} INFO - [2026-06-03T06:20:52.970+0000] {dag.py:3954} INFO - Setting next_dagrun for neuralretail_dq_checkpoint to None, run_after=None
[2026-06-03T06:20:52.995+0000] {processor.py:183} INFO - Processing /opt/airflow/dags/dag_dq_checkpoint.py took 0.278 seconds
[2026-06-03T06:21:23.339+0000] {processor.py:161} INFO - Started process (PID=1082) to work on /opt/airflow/dags/dag_dq_checkpoint.py
[2026-06-03T06:21:23.345+0000] {processor.py:830} INFO - Processing file /opt/airflow/dags/dag_dq_checkpoint.py for tasks to queue
[2026-06-03T06:21:23.358+0000] {logging_mixin.py:188} INFO - [2026-06-03T06:21:23.357+0000] {dagbag.py:540} INFO - Filling up the DagBag from /opt/airflow/dags/dag_dq_checkpoint.py
[2026-06-03T06:21:23.581+0000] {processor.py:840} INFO - DAG(s) 'neuralretail_dq_checkpoint' retrieved from /opt/airflow/dags/dag_dq_checkpoint.py
[2026-06-03T06:21:23.706+0000] {logging_mixin.py:188} INFO - [2026-06-03T06:21:23.706+0000] {dag.py:3096} INFO - Sync 1 DAGs
[2026-06-03T06:21:23.750+0000] {logging_mixin.py:188} INFO - [2026-06-03T06:21:23.750+0000] {dag.py:3954} INFO - Setting next_dagrun for neuralretail_dq_checkpoint to None, run_after=None
[2026-06-03T06:21:23.800+0000] {processor.py:183} INFO - Processing /opt/airflow/dags/dag_dq_checkpoint.py took 0.472 seconds
[2026-06-03T06:21:54.564+0000] {processor.py:161} INFO - Started process (PID=1102) to work on /opt/airflow/dags/dag_dq_checkpoint.py
[2026-06-03T06:21:54.568+0000] {processor.py:830} INFO - Processing file /opt/airflow/dags/dag_dq_checkpoint.py for tasks to queue
[2026-06-03T06:21:54.571+0000] {logging_mixin.py:188} INFO - [2026-06-03T06:21:54.570+0000] {dagbag.py:540} INFO - Filling up the DagBag from /opt/airflow/dags/dag_dq_checkpoint.py
[2026-06-03T06:21:54.680+0000] {processor.py:840} INFO - DAG(s) 'neuralretail_dq_checkpoint' retrieved from /opt/airflow/dags/dag_dq_checkpoint.py
[2026-06-03T06:21:54.789+0000] {logging_mixin.py:188} INFO - [2026-06-03T06:21:54.789+0000] {dag.py:3096} INFO - Sync 1 DAGs
[2026-06-03T06:21:54.819+0000] {logging_mixin.py:188} INFO - [2026-06-03T06:21:54.819+0000] {dag.py:3954} INFO - Setting next_dagrun for neuralretail_dq_checkpoint to None, run_after=None
[2026-06-03T06:21:54.881+0000] {processor.py:183} INFO - Processing /opt/airflow/dags/dag_dq_checkpoint.py took 0.325 seconds
[2026-06-03T06:22:25.286+0000] {processor.py:161} INFO - Started process (PID=1122) to work on /opt/airflow/dags/dag_dq_checkpoint.py
[2026-06-03T06:22:25.289+0000] {processor.py:830} INFO - Processing file /opt/airflow/dags/dag_dq_checkpoint.py for tasks to queue
[2026-06-03T06:22:25.295+0000] {logging_mixin.py:188} INFO - [2026-06-03T06:22:25.295+0000] {dagbag.py:540} INFO - Filling up the DagBag from /opt/airflow/dags/dag_dq_checkpoint.py
[2026-06-03T06:22:25.402+0000] {processor.py:840} INFO - DAG(s) 'neuralretail_dq_checkpoint' retrieved from /opt/airflow/dags/dag_dq_checkpoint.py
[2026-06-03T06:22:25.453+0000] {logging_mixin.py:188} INFO - [2026-06-03T06:22:25.452+0000] {dag.py:3096} INFO - Sync 1 DAGs
[2026-06-03T06:22:25.470+0000] {logging_mixin.py:188} INFO - [2026-06-03T06:22:25.470+0000] {dag.py:3954} INFO - Setting next_dagrun for neuralretail_dq_checkpoint to None, run_after=None
[2026-06-03T06:22:25.495+0000] {processor.py:183} INFO - Processing /opt/airflow/dags/dag_dq_checkpoint.py took 0.220 seconds
[2026-06-03T06:22:57.034+0000] {processor.py:161} INFO - Started process (PID=1142) to work on /opt/airflow/dags/dag_dq_checkpoint.py
[2026-06-03T06:22:57.039+0000] {processor.py:830} INFO - Processing file /opt/airflow/dags/dag_dq_checkpoint.py for tasks to queue
[2026-06-03T06:22:57.057+0000] {logging_mixin.py:188} INFO - [2026-06-03T06:22:57.056+0000] {dagbag.py:540} INFO - Filling up the DagBag from /opt/airflow/dags/dag_dq_checkpoint.py
[2026-06-03T06:22:57.309+0000] {processor.py:840} INFO - DAG(s) 'neuralretail_dq_checkpoint' retrieved from /opt/airflow/dags/dag_dq_checkpoint.py
[2026-06-03T06:22:57.570+0000] {logging_mixin.py:188} INFO - [2026-06-03T06:22:57.570+0000] {dag.py:3096} INFO - Sync 1 DAGs
[2026-06-03T06:22:57.592+0000] {logging_mixin.py:188} INFO - [2026-06-03T06:22:57.592+0000] {dag.py:3954} INFO - Setting next_dagrun for neuralretail_dq_checkpoint to None, run_after=None
[2026-06-03T06:22:57.632+0000] {processor.py:183} INFO - Processing /opt/airflow/dags/dag_dq_checkpoint.py took 0.608 seconds
[2026-06-03T06:23:28.472+0000] {processor.py:161} INFO - Started process (PID=1162) to work on /opt/airflow/dags/dag_dq_checkpoint.py
[2026-06-03T06:23:28.473+0000] {processor.py:830} INFO - Processing file /opt/airflow/dags/dag_dq_checkpoint.py for tasks to queue
[2026-06-03T06:23:28.478+0000] {logging_mixin.py:188} INFO - [2026-06-03T06:23:28.477+0000] {dagbag.py:540} INFO - Filling up the DagBag from /opt/airflow/dags/dag_dq_checkpoint.py
[2026-06-03T06:23:28.523+0000] {processor.py:840} INFO - DAG(s) 'neuralretail_dq_checkpoint' retrieved from /opt/airflow/dags/dag_dq_checkpoint.py
[2026-06-03T06:23:28.582+0000] {logging_mixin.py:188} INFO - [2026-06-03T06:23:28.581+0000] {dag.py:3096} INFO - Sync 1 DAGs
[2026-06-03T06:23:28.602+0000] {logging_mixin.py:188} INFO - [2026-06-03T06:23:28.602+0000] {dag.py:3954} INFO - Setting next_dagrun for neuralretail_dq_checkpoint to None, run_after=None
[2026-06-03T06:23:28.677+0000] {processor.py:183} INFO - Processing /opt/airflow/dags/dag_dq_checkpoint.py took 0.211 seconds
[2026-06-03T06:23:59.532+0000] {processor.py:161} INFO - Started process (PID=1182) to work on /opt/airflow/dags/dag_dq_checkpoint.py
[2026-06-03T06:23:59.539+0000] {processor.py:830} INFO - Processing file /opt/airflow/dags/dag_dq_checkpoint.py for tasks to queue
[2026-06-03T06:23:59.546+0000] {logging_mixin.py:188} INFO - [2026-06-03T06:23:59.546+0000] {dagbag.py:540} INFO - Filling up the DagBag from /opt/airflow/dags/dag_dq_checkpoint.py
[2026-06-03T06:23:59.689+0000] {processor.py:840} INFO - DAG(s) 'neuralretail_dq_checkpoint' retrieved from /opt/airflow/dags/dag_dq_checkpoint.py
[2026-06-03T06:23:59.860+0000] {logging_mixin.py:188} INFO - [2026-06-03T06:23:59.860+0000] {dag.py:3096} INFO - Sync 1 DAGs
[2026-06-03T06:23:59.968+0000] {logging_mixin.py:188} INFO - [2026-06-03T06:23:59.967+0000] {dag.py:3954} INFO - Setting next_dagrun for neuralretail_dq_checkpoint to None, run_after=None
[2026-06-03T06:24:00.042+0000] {processor.py:183} INFO - Processing /opt/airflow/dags/dag_dq_checkpoint.py took 0.519 seconds
[2026-06-03T06:24:30.645+0000] {processor.py:161} INFO - Started process (PID=1202) to work on /opt/airflow/dags/dag_dq_checkpoint.py
[2026-06-03T06:24:30.649+0000] {processor.py:830} INFO - Processing file /opt/airflow/dags/dag_dq_checkpoint.py for tasks to queue
[2026-06-03T06:24:30.658+0000] {logging_mixin.py:188} INFO - [2026-06-03T06:24:30.657+0000] {dagbag.py:540} INFO - Filling up the DagBag from /opt/airflow/dags/dag_dq_checkpoint.py
[2026-06-03T06:24:30.783+0000] {processor.py:840} INFO - DAG(s) 'neuralretail_dq_checkpoint' retrieved from /opt/airflow/dags/dag_dq_checkpoint.py
[2026-06-03T06:24:30.854+0000] {logging_mixin.py:188} INFO - [2026-06-03T06:24:30.854+0000] {dag.py:3096} INFO - Sync 1 DAGs
[2026-06-03T06:24:30.871+0000] {logging_mixin.py:188} INFO - [2026-06-03T06:24:30.871+0000] {dag.py:3954} INFO - Setting next_dagrun for neuralretail_dq_checkpoint to None, run_after=None
[2026-06-03T06:24:30.919+0000] {processor.py:183} INFO - Processing /opt/airflow/dags/dag_dq_checkpoint.py took 0.285 seconds
[2026-06-03T06:25:01.733+0000] {processor.py:161} INFO - Started process (PID=1222) to work on /opt/airflow/dags/dag_dq_checkpoint.py
[2026-06-03T06:25:01.738+0000] {processor.py:830} INFO - Processing file /opt/airflow/dags/dag_dq_checkpoint.py for tasks to queue
[2026-06-03T06:25:01.747+0000] {logging_mixin.py:188} INFO - [2026-06-03T06:25:01.745+0000] {dagbag.py:540} INFO - Filling up the DagBag from /opt/airflow/dags/dag_dq_checkpoint.py
[2026-06-03T06:25:01.913+0000] {processor.py:840} INFO - DAG(s) 'neuralretail_dq_checkpoint' retrieved from /opt/airflow/dags/dag_dq_checkpoint.py
[2026-06-03T06:25:02.045+0000] {logging_mixin.py:188} INFO - [2026-06-03T06:25:02.045+0000] {dag.py:3096} INFO - Sync 1 DAGs
[2026-06-03T06:25:02.060+0000] {logging_mixin.py:188} INFO - [2026-06-03T06:25:02.060+0000] {dag.py:3954} INFO - Setting next_dagrun for neuralretail_dq_checkpoint to None, run_after=None
[2026-06-03T06:25:02.118+0000] {processor.py:183} INFO - Processing /opt/airflow/dags/dag_dq_checkpoint.py took 0.393 seconds
[2026-06-03T06:25:33.409+0000] {processor.py:161} INFO - Started process (PID=1242) to work on /opt/airflow/dags/dag_dq_checkpoint.py
[2026-06-03T06:25:33.412+0000] {processor.py:830} INFO - Processing file /opt/airflow/dags/dag_dq_checkpoint.py for tasks to queue
[2026-06-03T06:25:33.426+0000] {logging_mixin.py:188} INFO - [2026-06-03T06:25:33.425+0000] {dagbag.py:540} INFO - Filling up the DagBag from /opt/airflow/dags/dag_dq_checkpoint.py
[2026-06-03T06:25:33.900+0000] {processor.py:840} INFO - DAG(s) 'neuralretail_dq_checkpoint' retrieved from /opt/airflow/dags/dag_dq_checkpoint.py
[2026-06-03T06:25:34.138+0000] {logging_mixin.py:188} INFO - [2026-06-03T06:25:34.138+0000] {dag.py:3096} INFO - Sync 1 DAGs
[2026-06-03T06:25:34.158+0000] {logging_mixin.py:188} INFO - [2026-06-03T06:25:34.158+0000] {dag.py:3954} INFO - Setting next_dagrun for neuralretail_dq_checkpoint to None, run_after=None
[2026-06-03T06:25:34.263+0000] {processor.py:183} INFO - Processing /opt/airflow/dags/dag_dq_checkpoint.py took 0.861 seconds
[2026-06-03T06:26:05.111+0000] {processor.py:161} INFO - Started process (PID=1262) to work on /opt/airflow/dags/dag_dq_checkpoint.py
[2026-06-03T06:26:05.115+0000] {processor.py:830} INFO - Processing file /opt/airflow/dags/dag_dq_checkpoint.py for tasks to queue
[2026-06-03T06:26:05.120+0000] {logging_mixin.py:188} INFO - [2026-06-03T06:26:05.119+0000] {dagbag.py:540} INFO - Filling up the DagBag from /opt/airflow/dags/dag_dq_checkpoint.py
[2026-06-03T06:26:05.325+0000] {processor.py:840} INFO - DAG(s) 'neuralretail_dq_checkpoint' retrieved from /opt/airflow/dags/dag_dq_checkpoint.py
[2026-06-03T06:26:05.618+0000] {logging_mixin.py:188} INFO - [2026-06-03T06:26:05.617+0000] {dag.py:3096} INFO - Sync 1 DAGs
[2026-06-03T06:26:05.658+0000] {logging_mixin.py:188} INFO - [2026-06-03T06:26:05.657+0000] {dag.py:3954} INFO - Setting next_dagrun for neuralretail_dq_checkpoint to None, run_after=None
[2026-06-03T06:26:05.772+0000] {processor.py:183} INFO - Processing /opt/airflow/dags/dag_dq_checkpoint.py took 0.670 seconds
[2026-06-03T06:26:36.868+0000] {processor.py:161} INFO - Started process (PID=1287) to work on /opt/airflow/dags/dag_dq_checkpoint.py
[2026-06-03T06:26:36.880+0000] {processor.py:830} INFO - Processing file /opt/airflow/dags/dag_dq_checkpoint.py for tasks to queue
[2026-06-03T06:26:36.889+0000] {logging_mixin.py:188} INFO - [2026-06-03T06:26:36.889+0000] {dagbag.py:540} INFO - Filling up the DagBag from /opt/airflow/dags/dag_dq_checkpoint.py
[2026-06-03T06:26:36.967+0000] {processor.py:840} INFO - DAG(s) 'neuralretail_dq_checkpoint' retrieved from /opt/airflow/dags/dag_dq_checkpoint.py
[2026-06-03T06:26:37.029+0000] {logging_mixin.py:188} INFO - [2026-06-03T06:26:37.029+0000] {dag.py:3096} INFO - Sync 1 DAGs
[2026-06-03T06:26:37.052+0000] {logging_mixin.py:188} INFO - [2026-06-03T06:26:37.051+0000] {dag.py:3954} INFO - Setting next_dagrun for neuralretail_dq_checkpoint to None, run_after=None
[2026-06-03T06:26:37.092+0000] {processor.py:183} INFO - Processing /opt/airflow/dags/dag_dq_checkpoint.py took 0.234 seconds
[2026-06-03T06:27:07.394+0000] {processor.py:161} INFO - Started process (PID=1302) to work on /opt/airflow/dags/dag_dq_checkpoint.py
[2026-06-03T06:27:07.405+0000] {processor.py:830} INFO - Processing file /opt/airflow/dags/dag_dq_checkpoint.py for tasks to queue
[2026-06-03T06:27:07.409+0000] {logging_mixin.py:188} INFO - [2026-06-03T06:27:07.408+0000] {dagbag.py:540} INFO - Filling up the DagBag from /opt/airflow/dags/dag_dq_checkpoint.py
[2026-06-03T06:27:07.468+0000] {processor.py:840} INFO - DAG(s) 'neuralretail_dq_checkpoint' retrieved from /opt/airflow/dags/dag_dq_checkpoint.py
[2026-06-03T06:27:07.524+0000] {logging_mixin.py:188} INFO - [2026-06-03T06:27:07.523+0000] {dag.py:3096} INFO - Sync 1 DAGs
[2026-06-03T06:27:07.538+0000] {logging_mixin.py:188} INFO - [2026-06-03T06:27:07.538+0000] {dag.py:3954} INFO - Setting next_dagrun for neuralretail_dq_checkpoint to None, run_after=None
[2026-06-03T06:27:07.597+0000] {processor.py:183} INFO - Processing /opt/airflow/dags/dag_dq_checkpoint.py took 0.210 seconds
[2026-06-03T06:27:38.017+0000] {processor.py:161} INFO - Started process (PID=1322) to work on /opt/airflow/dags/dag_dq_checkpoint.py
[2026-06-03T06:27:38.021+0000] {processor.py:830} INFO - Processing file /opt/airflow/dags/dag_dq_checkpoint.py for tasks to queue
[2026-06-03T06:27:38.023+0000] {logging_mixin.py:188} INFO - [2026-06-03T06:27:38.023+0000] {dagbag.py:540} INFO - Filling up the DagBag from /opt/airflow/dags/dag_dq_checkpoint.py
[2026-06-03T06:27:38.122+0000] {processor.py:840} INFO - DAG(s) 'neuralretail_dq_checkpoint' retrieved from /opt/airflow/dags/dag_dq_checkpoint.py
[2026-06-03T06:27:38.201+0000] {logging_mixin.py:188} INFO - [2026-06-03T06:27:38.201+0000] {dag.py:3096} INFO - Sync 1 DAGs
[2026-06-03T06:27:38.218+0000] {logging_mixin.py:188} INFO - [2026-06-03T06:27:38.218+0000] {dag.py:3954} INFO - Setting next_dagrun for neuralretail_dq_checkpoint to None, run_after=None
[2026-06-03T06:27:38.252+0000] {processor.py:183} INFO - Processing /opt/airflow/dags/dag_dq_checkpoint.py took 0.244 seconds
[2026-06-03T06:28:08.549+0000] {processor.py:161} INFO - Started process (PID=1345) to work on /opt/airflow/dags/dag_dq_checkpoint.py
[2026-06-03T06:28:08.555+0000] {processor.py:830} INFO - Processing file /opt/airflow/dags/dag_dq_checkpoint.py for tasks to queue
[2026-06-03T06:28:08.561+0000] {logging_mixin.py:188} INFO - [2026-06-03T06:28:08.560+0000] {dagbag.py:540} INFO - Filling up the DagBag from /opt/airflow/dags/dag_dq_checkpoint.py
[2026-06-03T06:28:08.647+0000] {processor.py:840} INFO - DAG(s) 'neuralretail_dq_checkpoint' retrieved from /opt/airflow/dags/dag_dq_checkpoint.py
[2026-06-03T06:28:08.798+0000] {logging_mixin.py:188} INFO - [2026-06-03T06:28:08.797+0000] {dag.py:3096} INFO - Sync 1 DAGs
[2026-06-03T06:28:08.815+0000] {logging_mixin.py:188} INFO - [2026-06-03T06:28:08.815+0000] {dag.py:3954} INFO - Setting next_dagrun for neuralretail_dq_checkpoint to None, run_after=None
[2026-06-03T06:28:08.884+0000] {processor.py:183} INFO - Processing /opt/airflow/dags/dag_dq_checkpoint.py took 0.346 seconds
[2026-06-03T06:28:39.857+0000] {processor.py:161} INFO - Started process (PID=1362) to work on /opt/airflow/dags/dag_dq_checkpoint.py
[2026-06-03T06:28:39.862+0000] {processor.py:830} INFO - Processing file /opt/airflow/dags/dag_dq_checkpoint.py for tasks to queue
[2026-06-03T06:28:39.867+0000] {logging_mixin.py:188} INFO - [2026-06-03T06:28:39.867+0000] {dagbag.py:540} INFO - Filling up the DagBag from /opt/airflow/dags/dag_dq_checkpoint.py
[2026-06-03T06:28:39.990+0000] {processor.py:840} INFO - DAG(s) 'neuralretail_dq_checkpoint' retrieved from /opt/airflow/dags/dag_dq_checkpoint.py
[2026-06-03T06:28:40.134+0000] {logging_mixin.py:188} INFO - [2026-06-03T06:28:40.133+0000] {dag.py:3096} INFO - Sync 1 DAGs
[2026-06-03T06:28:40.165+0000] {logging_mixin.py:188} INFO - [2026-06-03T06:28:40.164+0000] {dag.py:3954} INFO - Setting next_dagrun for neuralretail_dq_checkpoint to None, run_after=None
[2026-06-03T06:28:40.244+0000] {processor.py:183} INFO - Processing /opt/airflow/dags/dag_dq_checkpoint.py took 0.393 seconds
[2026-06-03T06:29:10.550+0000] {processor.py:161} INFO - Started process (PID=1382) to work on /opt/airflow/dags/dag_dq_checkpoint.py
[2026-06-03T06:29:10.552+0000] {processor.py:830} INFO - Processing file /opt/airflow/dags/dag_dq_checkpoint.py for tasks to queue
[2026-06-03T06:29:10.556+0000] {logging_mixin.py:188} INFO - [2026-06-03T06:29:10.556+0000] {dagbag.py:540} INFO - Filling up the DagBag from /opt/airflow/dags/dag_dq_checkpoint.py
[2026-06-03T06:29:10.691+0000] {processor.py:840} INFO - DAG(s) 'neuralretail_dq_checkpoint' retrieved from /opt/airflow/dags/dag_dq_checkpoint.py
[2026-06-03T06:29:10.809+0000] {logging_mixin.py:188} INFO - [2026-06-03T06:29:10.808+0000] {dag.py:3096} INFO - Sync 1 DAGs
[2026-06-03T06:29:10.833+0000] {logging_mixin.py:188} INFO - [2026-06-03T06:29:10.832+0000] {dag.py:3954} INFO - Setting next_dagrun for neuralretail_dq_checkpoint to None, run_after=None
[2026-06-03T06:29:10.918+0000] {processor.py:183} INFO - Processing /opt/airflow/dags/dag_dq_checkpoint.py took 0.378 seconds
[2026-06-03T06:29:41.878+0000] {processor.py:161} INFO - Started process (PID=1402) to work on /opt/airflow/dags/dag_dq_checkpoint.py
[2026-06-03T06:29:41.881+0000] {processor.py:830} INFO - Processing file /opt/airflow/dags/dag_dq_checkpoint.py for tasks to queue
[2026-06-03T06:29:41.886+0000] {logging_mixin.py:188} INFO - [2026-06-03T06:29:41.886+0000] {dagbag.py:540} INFO - Filling up the DagBag from /opt/airflow/dags/dag_dq_checkpoint.py
[2026-06-03T06:29:41.981+0000] {processor.py:840} INFO - DAG(s) 'neuralretail_dq_checkpoint' retrieved from /opt/airflow/dags/dag_dq_checkpoint.py
[2026-06-03T06:29:42.044+0000] {logging_mixin.py:188} INFO - [2026-06-03T06:29:42.044+0000] {dag.py:3096} INFO - Sync 1 DAGs
[2026-06-03T06:29:42.057+0000] {logging_mixin.py:188} INFO - [2026-06-03T06:29:42.057+0000] {dag.py:3954} INFO - Setting next_dagrun for neuralretail_dq_checkpoint to None, run_after=None
[2026-06-03T06:29:42.091+0000] {processor.py:183} INFO - Processing /opt/airflow/dags/dag_dq_checkpoint.py took 0.226 seconds
[2026-06-03T06:30:13.660+0000] {processor.py:161} INFO - Started process (PID=1422) to work on /opt/airflow/dags/dag_dq_checkpoint.py
[2026-06-03T06:30:13.663+0000] {processor.py:830} INFO - Processing file /opt/airflow/dags/dag_dq_checkpoint.py for tasks to queue
[2026-06-03T06:30:13.669+0000] {logging_mixin.py:188} INFO - [2026-06-03T06:30:13.668+0000] {dagbag.py:540} INFO - Filling up the DagBag from /opt/airflow/dags/dag_dq_checkpoint.py
[2026-06-03T06:30:14.230+0000] {processor.py:840} INFO - DAG(s) 'neuralretail_dq_checkpoint' retrieved from /opt/airflow/dags/dag_dq_checkpoint.py
[2026-06-03T06:30:14.979+0000] {logging_mixin.py:188} INFO - [2026-06-03T06:30:14.979+0000] {dag.py:3096} INFO - Sync 1 DAGs
[2026-06-03T06:30:15.032+0000] {logging_mixin.py:188} INFO - [2026-06-03T06:30:15.031+0000] {dag.py:3954} INFO - Setting next_dagrun for neuralretail_dq_checkpoint to None, run_after=None
[2026-06-03T06:30:15.125+0000] {processor.py:183} INFO - Processing /opt/airflow/dags/dag_dq_checkpoint.py took 1.477 seconds
[2026-06-03T06:30:46.457+0000] {processor.py:161} INFO - Started process (PID=1445) to work on /opt/airflow/dags/dag_dq_checkpoint.py
[2026-06-03T06:30:46.466+0000] {processor.py:830} INFO - Processing file /opt/airflow/dags/dag_dq_checkpoint.py for tasks to queue
[2026-06-03T06:30:46.490+0000] {logging_mixin.py:188} INFO - [2026-06-03T06:30:46.490+0000] {dagbag.py:540} INFO - Filling up the DagBag from /opt/airflow/dags/dag_dq_checkpoint.py
[2026-06-03T06:30:46.832+0000] {processor.py:840} INFO - DAG(s) 'neuralretail_dq_checkpoint' retrieved from /opt/airflow/dags/dag_dq_checkpoint.py
[2026-06-03T06:30:47.003+0000] {logging_mixin.py:188} INFO - [2026-06-03T06:30:47.002+0000] {dag.py:3096} INFO - Sync 1 DAGs
[2026-06-03T06:30:47.027+0000] {logging_mixin.py:188} INFO - [2026-06-03T06:30:47.027+0000] {dag.py:3954} INFO - Setting next_dagrun for neuralretail_dq_checkpoint to None, run_after=None
[2026-06-03T06:30:47.084+0000] {processor.py:183} INFO - Processing /opt/airflow/dags/dag_dq_checkpoint.py took 0.635 seconds
[2026-06-03T06:31:17.799+0000] {processor.py:161} INFO - Started process (PID=1462) to work on /opt/airflow/dags/dag_dq_checkpoint.py
[2026-06-03T06:31:17.814+0000] {processor.py:830} INFO - Processing file /opt/airflow/dags/dag_dq_checkpoint.py for tasks to queue
[2026-06-03T06:31:17.819+0000] {logging_mixin.py:188} INFO - [2026-06-03T06:31:17.818+0000] {dagbag.py:540} INFO - Filling up the DagBag from /opt/airflow/dags/dag_dq_checkpoint.py
[2026-06-03T06:31:18.048+0000] {processor.py:840} INFO - DAG(s) 'neuralretail_dq_checkpoint' retrieved from /opt/airflow/dags/dag_dq_checkpoint.py
[2026-06-03T06:31:18.250+0000] {logging_mixin.py:188} INFO - [2026-06-03T06:31:18.250+0000] {dag.py:3096} INFO - Sync 1 DAGs
[2026-06-03T06:31:18.272+0000] {logging_mixin.py:188} INFO - [2026-06-03T06:31:18.271+0000] {dag.py:3954} INFO - Setting next_dagrun for neuralretail_dq_checkpoint to None, run_after=None
[2026-06-03T06:31:18.396+0000] {processor.py:183} INFO - Processing /opt/airflow/dags/dag_dq_checkpoint.py took 0.611 seconds
[2026-06-03T06:31:49.575+0000] {processor.py:161} INFO - Started process (PID=1485) to work on /opt/airflow/dags/dag_dq_checkpoint.py
[2026-06-03T06:31:49.588+0000] {processor.py:830} INFO - Processing file /opt/airflow/dags/dag_dq_checkpoint.py for tasks to queue
[2026-06-03T06:31:49.612+0000] {logging_mixin.py:188} INFO - [2026-06-03T06:31:49.612+0000] {dagbag.py:540} INFO - Filling up the DagBag from /opt/airflow/dags/dag_dq_checkpoint.py
[2026-06-03T06:31:50.024+0000] {processor.py:840} INFO - DAG(s) 'neuralretail_dq_checkpoint' retrieved from /opt/airflow/dags/dag_dq_checkpoint.py
[2026-06-03T06:31:50.230+0000] {logging_mixin.py:188} INFO - [2026-06-03T06:31:50.230+0000] {dag.py:3096} INFO - Sync 1 DAGs
[2026-06-03T06:31:50.260+0000] {logging_mixin.py:188} INFO - [2026-06-03T06:31:50.260+0000] {dag.py:3954} INFO - Setting next_dagrun for neuralretail_dq_checkpoint to None, run_after=None
[2026-06-03T06:31:50.327+0000] {processor.py:183} INFO - Processing /opt/airflow/dags/dag_dq_checkpoint.py took 0.764 seconds
[2026-06-03T06:32:21.479+0000] {processor.py:161} INFO - Started process (PID=1507) to work on /opt/airflow/dags/dag_dq_checkpoint.py
[2026-06-03T06:32:21.483+0000] {processor.py:830} INFO - Processing file /opt/airflow/dags/dag_dq_checkpoint.py for tasks to queue
[2026-06-03T06:32:21.486+0000] {logging_mixin.py:188} INFO - [2026-06-03T06:32:21.486+0000] {dagbag.py:540} INFO - Filling up the DagBag from /opt/airflow/dags/dag_dq_checkpoint.py
[2026-06-03T06:32:21.597+0000] {processor.py:840} INFO - DAG(s) 'neuralretail_dq_checkpoint' retrieved from /opt/airflow/dags/dag_dq_checkpoint.py
[2026-06-03T06:32:21.695+0000] {logging_mixin.py:188} INFO - [2026-06-03T06:32:21.694+0000] {dag.py:3096} INFO - Sync 1 DAGs
[2026-06-03T06:32:21.722+0000] {logging_mixin.py:188} INFO - [2026-06-03T06:32:21.722+0000] {dag.py:3954} INFO - Setting next_dagrun for neuralretail_dq_checkpoint to None, run_after=None
[2026-06-03T06:32:21.793+0000] {processor.py:183} INFO - Processing /opt/airflow/dags/dag_dq_checkpoint.py took 0.326 seconds
[2026-06-03T06:32:52.059+0000] {processor.py:161} INFO - Started process (PID=1525) to work on /opt/airflow/dags/dag_dq_checkpoint.py
[2026-06-03T06:32:52.063+0000] {processor.py:830} INFO - Processing file /opt/airflow/dags/dag_dq_checkpoint.py for tasks to queue
[2026-06-03T06:32:52.070+0000] {logging_mixin.py:188} INFO - [2026-06-03T06:32:52.070+0000] {dagbag.py:540} INFO - Filling up the DagBag from /opt/airflow/dags/dag_dq_checkpoint.py
[2026-06-03T06:32:52.172+0000] {processor.py:840} INFO - DAG(s) 'neuralretail_dq_checkpoint' retrieved from /opt/airflow/dags/dag_dq_checkpoint.py
[2026-06-03T06:32:52.231+0000] {logging_mixin.py:188} INFO - [2026-06-03T06:32:52.231+0000] {dag.py:3096} INFO - Sync 1 DAGs
[2026-06-03T06:32:52.258+0000] {logging_mixin.py:188} INFO - [2026-06-03T06:32:52.257+0000] {dag.py:3954} INFO - Setting next_dagrun for neuralretail_dq_checkpoint to None, run_after=None
[2026-06-03T06:32:52.311+0000] {processor.py:183} INFO - Processing /opt/airflow/dags/dag_dq_checkpoint.py took 0.265 seconds
[2026-06-03T06:33:23.116+0000] {processor.py:161} INFO - Started process (PID=1547) to work on /opt/airflow/dags/dag_dq_checkpoint.py
[2026-06-03T06:33:23.118+0000] {processor.py:830} INFO - Processing file /opt/airflow/dags/dag_dq_checkpoint.py for tasks to queue
[2026-06-03T06:33:23.122+0000] {logging_mixin.py:188} INFO - [2026-06-03T06:33:23.121+0000] {dagbag.py:540} INFO - Filling up the DagBag from /opt/airflow/dags/dag_dq_checkpoint.py
[2026-06-03T06:33:23.350+0000] {processor.py:840} INFO - DAG(s) 'neuralretail_dq_checkpoint' retrieved from /opt/airflow/dags/dag_dq_checkpoint.py
[2026-06-03T06:33:23.542+0000] {logging_mixin.py:188} INFO - [2026-06-03T06:33:23.542+0000] {dag.py:3096} INFO - Sync 1 DAGs
[2026-06-03T06:33:23.559+0000] {logging_mixin.py:188} INFO - [2026-06-03T06:33:23.558+0000] {dag.py:3954} INFO - Setting next_dagrun for neuralretail_dq_checkpoint to None, run_after=None
[2026-06-03T06:33:23.593+0000] {processor.py:183} INFO - Processing /opt/airflow/dags/dag_dq_checkpoint.py took 0.489 seconds
[2026-06-03T06:33:53.874+0000] {processor.py:161} INFO - Started process (PID=1567) to work on /opt/airflow/dags/dag_dq_checkpoint.py
[2026-06-03T06:33:53.876+0000] {processor.py:830} INFO - Processing file /opt/airflow/dags/dag_dq_checkpoint.py for tasks to queue
[2026-06-03T06:33:53.880+0000] {logging_mixin.py:188} INFO - [2026-06-03T06:33:53.879+0000] {dagbag.py:540} INFO - Filling up the DagBag from /opt/airflow/dags/dag_dq_checkpoint.py
[2026-06-03T06:33:53.941+0000] {processor.py:840} INFO - DAG(s) 'neuralretail_dq_checkpoint' retrieved from /opt/airflow/dags/dag_dq_checkpoint.py
[2026-06-03T06:33:54.007+0000] {logging_mixin.py:188} INFO - [2026-06-03T06:33:54.007+0000] {dag.py:3096} INFO - Sync 1 DAGs
[2026-06-03T06:33:54.030+0000] {logging_mixin.py:188} INFO - [2026-06-03T06:33:54.030+0000] {dag.py:3954} INFO - Setting next_dagrun for neuralretail_dq_checkpoint to None, run_after=None
[2026-06-03T06:33:54.072+0000] {processor.py:183} INFO - Processing /opt/airflow/dags/dag_dq_checkpoint.py took 0.208 seconds
[2026-06-03T06:34:24.466+0000] {processor.py:161} INFO - Started process (PID=1587) to work on /opt/airflow/dags/dag_dq_checkpoint.py
[2026-06-03T06:34:24.469+0000] {processor.py:830} INFO - Processing file /opt/airflow/dags/dag_dq_checkpoint.py for tasks to queue
[2026-06-03T06:34:24.475+0000] {logging_mixin.py:188} INFO - [2026-06-03T06:34:24.474+0000] {dagbag.py:540} INFO - Filling up the DagBag from /opt/airflow/dags/dag_dq_checkpoint.py
[2026-06-03T06:34:24.648+0000] {processor.py:840} INFO - DAG(s) 'neuralretail_dq_checkpoint' retrieved from /opt/airflow/dags/dag_dq_checkpoint.py
[2026-06-03T06:34:24.721+0000] {logging_mixin.py:188} INFO - [2026-06-03T06:34:24.720+0000] {dag.py:3096} INFO - Sync 1 DAGs
[2026-06-03T06:34:24.745+0000] {logging_mixin.py:188} INFO - [2026-06-03T06:34:24.744+0000] {dag.py:3954} INFO - Setting next_dagrun for neuralretail_dq_checkpoint to None, run_after=None
[2026-06-03T06:34:24.779+0000] {processor.py:183} INFO - Processing /opt/airflow/dags/dag_dq_checkpoint.py took 0.327 seconds
[2026-06-03T06:34:55.785+0000] {processor.py:161} INFO - Started process (PID=1602) to work on /opt/airflow/dags/dag_dq_checkpoint.py
[2026-06-03T06:34:55.801+0000] {processor.py:830} INFO - Processing file /opt/airflow/dags/dag_dq_checkpoint.py for tasks to queue
[2026-06-03T06:34:55.821+0000] {logging_mixin.py:188} INFO - [2026-06-03T06:34:55.820+0000] {dagbag.py:540} INFO - Filling up the DagBag from /opt/airflow/dags/dag_dq_checkpoint.py
[2026-06-03T06:34:56.305+0000] {processor.py:840} INFO - DAG(s) 'neuralretail_dq_checkpoint' retrieved from /opt/airflow/dags/dag_dq_checkpoint.py
[2026-06-03T06:34:56.626+0000] {logging_mixin.py:188} INFO - [2026-06-03T06:34:56.626+0000] {dag.py:3096} INFO - Sync 1 DAGs
[2026-06-03T06:34:56.647+0000] {logging_mixin.py:188} INFO - [2026-06-03T06:34:56.647+0000] {dag.py:3954} INFO - Setting next_dagrun for neuralretail_dq_checkpoint to None, run_after=None
[2026-06-03T06:34:56.734+0000] {processor.py:183} INFO - Processing /opt/airflow/dags/dag_dq_checkpoint.py took 0.962 seconds
[2026-06-03T06:35:27.026+0000] {processor.py:161} INFO - Started process (PID=1622) to work on /opt/airflow/dags/dag_dq_checkpoint.py
[2026-06-03T06:35:27.032+0000] {processor.py:830} INFO - Processing file /opt/airflow/dags/dag_dq_checkpoint.py for tasks to queue
[2026-06-03T06:35:27.039+0000] {logging_mixin.py:188} INFO - [2026-06-03T06:35:27.037+0000] {dagbag.py:540} INFO - Filling up the DagBag from /opt/airflow/dags/dag_dq_checkpoint.py
[2026-06-03T06:35:27.135+0000] {processor.py:840} INFO - DAG(s) 'neuralretail_dq_checkpoint' retrieved from /opt/airflow/dags/dag_dq_checkpoint.py
[2026-06-03T06:35:27.258+0000] {logging_mixin.py:188} INFO - [2026-06-03T06:35:27.257+0000] {dag.py:3096} INFO - Sync 1 DAGs
[2026-06-03T06:35:27.275+0000] {logging_mixin.py:188} INFO - [2026-06-03T06:35:27.275+0000] {dag.py:3954} INFO - Setting next_dagrun for neuralretail_dq_checkpoint to None, run_after=None
[2026-06-03T06:35:27.321+0000] {processor.py:183} INFO - Processing /opt/airflow/dags/dag_dq_checkpoint.py took 0.309 seconds
[2026-06-03T06:35:58.096+0000] {processor.py:161} INFO - Started process (PID=1642) to work on /opt/airflow/dags/dag_dq_checkpoint.py
[2026-06-03T06:35:58.103+0000] {processor.py:830} INFO - Processing file /opt/airflow/dags/dag_dq_checkpoint.py for tasks to queue
[2026-06-03T06:35:58.110+0000] {logging_mixin.py:188} INFO - [2026-06-03T06:35:58.109+0000] {dagbag.py:540} INFO - Filling up the DagBag from /opt/airflow/dags/dag_dq_checkpoint.py
[2026-06-03T06:35:58.275+0000] {processor.py:840} INFO - DAG(s) 'neuralretail_dq_checkpoint' retrieved from /opt/airflow/dags/dag_dq_checkpoint.py
[2026-06-03T06:35:58.355+0000] {logging_mixin.py:188} INFO - [2026-06-03T06:35:58.355+0000] {dag.py:3096} INFO - Sync 1 DAGs
[2026-06-03T06:35:58.375+0000] {logging_mixin.py:188} INFO - [2026-06-03T06:35:58.375+0000] {dag.py:3954} INFO - Setting next_dagrun for neuralretail_dq_checkpoint to None, run_after=None
[2026-06-03T06:35:58.418+0000] {processor.py:183} INFO - Processing /opt/airflow/dags/dag_dq_checkpoint.py took 0.337 seconds
[2026-06-03T06:36:28.892+0000] {processor.py:161} INFO - Started process (PID=1662) to work on /opt/airflow/dags/dag_dq_checkpoint.py
[2026-06-03T06:36:28.896+0000] {processor.py:830} INFO - Processing file /opt/airflow/dags/dag_dq_checkpoint.py for tasks to queue
[2026-06-03T06:36:28.899+0000] {logging_mixin.py:188} INFO - [2026-06-03T06:36:28.899+0000] {dagbag.py:540} INFO - Filling up the DagBag from /opt/airflow/dags/dag_dq_checkpoint.py
[2026-06-03T06:36:28.979+0000] {processor.py:840} INFO - DAG(s) 'neuralretail_dq_checkpoint' retrieved from /opt/airflow/dags/dag_dq_checkpoint.py
[2026-06-03T06:36:29.042+0000] {logging_mixin.py:188} INFO - [2026-06-03T06:36:29.042+0000] {dag.py:3096} INFO - Sync 1 DAGs
[2026-06-03T06:36:29.062+0000] {logging_mixin.py:188} INFO - [2026-06-03T06:36:29.062+0000] {dag.py:3954} INFO - Setting next_dagrun for neuralretail_dq_checkpoint to None, run_after=None
[2026-06-03T06:36:29.095+0000] {processor.py:183} INFO - Processing /opt/airflow/dags/dag_dq_checkpoint.py took 0.216 seconds
[2026-06-03T06:37:00.322+0000] {processor.py:161} INFO - Started process (PID=1682) to work on /opt/airflow/dags/dag_dq_checkpoint.py
[2026-06-03T06:37:00.331+0000] {processor.py:830} INFO - Processing file /opt/airflow/dags/dag_dq_checkpoint.py for tasks to queue
[2026-06-03T06:37:00.352+0000] {logging_mixin.py:188} INFO - [2026-06-03T06:37:00.351+0000] {dagbag.py:540} INFO - Filling up the DagBag from /opt/airflow/dags/dag_dq_checkpoint.py
[2026-06-03T06:37:00.446+0000] {processor.py:840} INFO - DAG(s) 'neuralretail_dq_checkpoint' retrieved from /opt/airflow/dags/dag_dq_checkpoint.py
[2026-06-03T06:37:00.605+0000] {logging_mixin.py:188} INFO - [2026-06-03T06:37:00.605+0000] {dag.py:3096} INFO - Sync 1 DAGs
[2026-06-03T06:37:00.634+0000] {logging_mixin.py:188} INFO - [2026-06-03T06:37:00.634+0000] {dag.py:3954} INFO - Setting next_dagrun for neuralretail_dq_checkpoint to None, run_after=None
[2026-06-03T06:37:00.675+0000] {processor.py:183} INFO - Processing /opt/airflow/dags/dag_dq_checkpoint.py took 0.361 seconds
[2026-06-03T06:37:30.879+0000] {processor.py:161} INFO - Started process (PID=1702) to work on /opt/airflow/dags/dag_dq_checkpoint.py
[2026-06-03T06:37:30.882+0000] {processor.py:830} INFO - Processing file /opt/airflow/dags/dag_dq_checkpoint.py for tasks to queue
[2026-06-03T06:37:30.885+0000] {logging_mixin.py:188} INFO - [2026-06-03T06:37:30.884+0000] {dagbag.py:540} INFO - Filling up the DagBag from /opt/airflow/dags/dag_dq_checkpoint.py
[2026-06-03T06:37:30.971+0000] {processor.py:840} INFO - DAG(s) 'neuralretail_dq_checkpoint' retrieved from /opt/airflow/dags/dag_dq_checkpoint.py
[2026-06-03T06:37:31.041+0000] {logging_mixin.py:188} INFO - [2026-06-03T06:37:31.041+0000] {dag.py:3096} INFO - Sync 1 DAGs
[2026-06-03T06:37:31.071+0000] {logging_mixin.py:188} INFO - [2026-06-03T06:37:31.070+0000] {dag.py:3954} INFO - Setting next_dagrun for neuralretail_dq_checkpoint to None, run_after=None
[2026-06-03T06:37:31.112+0000] {processor.py:183} INFO - Processing /opt/airflow/dags/dag_dq_checkpoint.py took 0.239 seconds
[2026-06-03T06:38:02.149+0000] {processor.py:161} INFO - Started process (PID=1722) to work on /opt/airflow/dags/dag_dq_checkpoint.py
[2026-06-03T06:38:02.158+0000] {processor.py:830} INFO - Processing file /opt/airflow/dags/dag_dq_checkpoint.py for tasks to queue
[2026-06-03T06:38:02.162+0000] {logging_mixin.py:188} INFO - [2026-06-03T06:38:02.162+0000] {dagbag.py:540} INFO - Filling up the DagBag from /opt/airflow/dags/dag_dq_checkpoint.py
[2026-06-03T06:38:02.495+0000] {processor.py:840} INFO - DAG(s) 'neuralretail_dq_checkpoint' retrieved from /opt/airflow/dags/dag_dq_checkpoint.py
[2026-06-03T06:38:02.788+0000] {logging_mixin.py:188} INFO - [2026-06-03T06:38:02.788+0000] {dag.py:3096} INFO - Sync 1 DAGs
[2026-06-03T06:38:02.807+0000] {logging_mixin.py:188} INFO - [2026-06-03T06:38:02.807+0000] {dag.py:3954} INFO - Setting next_dagrun for neuralretail_dq_checkpoint to None, run_after=None
[2026-06-03T06:38:02.942+0000] {processor.py:183} INFO - Processing /opt/airflow/dags/dag_dq_checkpoint.py took 0.804 seconds
[2026-06-03T06:38:33.972+0000] {processor.py:161} INFO - Started process (PID=1742) to work on /opt/airflow/dags/dag_dq_checkpoint.py
[2026-06-03T06:38:33.974+0000] {processor.py:830} INFO - Processing file /opt/airflow/dags/dag_dq_checkpoint.py for tasks to queue
[2026-06-03T06:38:33.976+0000] {logging_mixin.py:188} INFO - [2026-06-03T06:38:33.976+0000] {dagbag.py:540} INFO - Filling up the DagBag from /opt/airflow/dags/dag_dq_checkpoint.py
[2026-06-03T06:38:34.041+0000] {processor.py:840} INFO - DAG(s) 'neuralretail_dq_checkpoint' retrieved from /opt/airflow/dags/dag_dq_checkpoint.py
[2026-06-03T06:38:34.108+0000] {logging_mixin.py:188} INFO - [2026-06-03T06:38:34.108+0000] {dag.py:3096} INFO - Sync 1 DAGs
[2026-06-03T06:38:34.122+0000] {logging_mixin.py:188} INFO - [2026-06-03T06:38:34.122+0000] {dag.py:3954} INFO - Setting next_dagrun for neuralretail_dq_checkpoint to None, run_after=None
[2026-06-03T06:38:34.144+0000] {processor.py:183} INFO - Processing /opt/airflow/dags/dag_dq_checkpoint.py took 0.180 seconds
[2026-06-03T06:39:04.482+0000] {processor.py:161} INFO - Started process (PID=1762) to work on /opt/airflow/dags/dag_dq_checkpoint.py
[2026-06-03T06:39:04.485+0000] {processor.py:830} INFO - Processing file /opt/airflow/dags/dag_dq_checkpoint.py for tasks to queue
[2026-06-03T06:39:04.492+0000] {logging_mixin.py:188} INFO - [2026-06-03T06:39:04.490+0000] {dagbag.py:540} INFO - Filling up the DagBag from /opt/airflow/dags/dag_dq_checkpoint.py
[2026-06-03T06:39:04.642+0000] {processor.py:840} INFO - DAG(s) 'neuralretail_dq_checkpoint' retrieved from /opt/airflow/dags/dag_dq_checkpoint.py
[2026-06-03T06:39:04.724+0000] {logging_mixin.py:188} INFO - [2026-06-03T06:39:04.723+0000] {dag.py:3096} INFO - Sync 1 DAGs
[2026-06-03T06:39:04.740+0000] {logging_mixin.py:188} INFO - [2026-06-03T06:39:04.740+0000] {dag.py:3954} INFO - Setting next_dagrun for neuralretail_dq_checkpoint to None, run_after=None
[2026-06-03T06:39:04.771+0000] {processor.py:183} INFO - Processing /opt/airflow/dags/dag_dq_checkpoint.py took 0.302 seconds
[2026-06-03T06:39:35.341+0000] {processor.py:161} INFO - Started process (PID=1782) to work on /opt/airflow/dags/dag_dq_checkpoint.py
[2026-06-03T06:39:35.345+0000] {processor.py:830} INFO - Processing file /opt/airflow/dags/dag_dq_checkpoint.py for tasks to queue
[2026-06-03T06:39:35.350+0000] {logging_mixin.py:188} INFO - [2026-06-03T06:39:35.350+0000] {dagbag.py:540} INFO - Filling up the DagBag from /opt/airflow/dags/dag_dq_checkpoint.py
[2026-06-03T06:39:35.459+0000] {processor.py:840} INFO - DAG(s) 'neuralretail_dq_checkpoint' retrieved from /opt/airflow/dags/dag_dq_checkpoint.py
[2026-06-03T06:39:35.537+0000] {logging_mixin.py:188} INFO - [2026-06-03T06:39:35.536+0000] {dag.py:3096} INFO - Sync 1 DAGs
[2026-06-03T06:39:35.558+0000] {logging_mixin.py:188} INFO - [2026-06-03T06:39:35.557+0000] {dag.py:3954} INFO - Setting next_dagrun for neuralretail_dq_checkpoint to None, run_after=None
[2026-06-03T06:39:35.593+0000] {processor.py:183} INFO - Processing /opt/airflow/dags/dag_dq_checkpoint.py took 0.267 seconds
[2026-06-03T06:40:06.359+0000] {processor.py:161} INFO - Started process (PID=1802) to work on /opt/airflow/dags/dag_dq_checkpoint.py
[2026-06-03T06:40:06.361+0000] {processor.py:830} INFO - Processing file /opt/airflow/dags/dag_dq_checkpoint.py for tasks to queue
[2026-06-03T06:40:06.365+0000] {logging_mixin.py:188} INFO - [2026-06-03T06:40:06.365+0000] {dagbag.py:540} INFO - Filling up the DagBag from /opt/airflow/dags/dag_dq_checkpoint.py
[2026-06-03T06:40:06.467+0000] {processor.py:840} INFO - DAG(s) 'neuralretail_dq_checkpoint' retrieved from /opt/airflow/dags/dag_dq_checkpoint.py
[2026-06-03T06:40:06.548+0000] {logging_mixin.py:188} INFO - [2026-06-03T06:40:06.547+0000] {dag.py:3096} INFO - Sync 1 DAGs
[2026-06-03T06:40:06.575+0000] {logging_mixin.py:188} INFO - [2026-06-03T06:40:06.575+0000] {dag.py:3954} INFO - Setting next_dagrun for neuralretail_dq_checkpoint to None, run_after=None
[2026-06-03T06:40:06.631+0000] {processor.py:183} INFO - Processing /opt/airflow/dags/dag_dq_checkpoint.py took 0.277 seconds
[2026-06-03T06:40:37.315+0000] {processor.py:161} INFO - Started process (PID=1822) to work on /opt/airflow/dags/dag_dq_checkpoint.py
[2026-06-03T06:40:37.319+0000] {processor.py:830} INFO - Processing file /opt/airflow/dags/dag_dq_checkpoint.py for tasks to queue
[2026-06-03T06:40:37.325+0000] {logging_mixin.py:188} INFO - [2026-06-03T06:40:37.324+0000] {dagbag.py:540} INFO - Filling up the DagBag from /opt/airflow/dags/dag_dq_checkpoint.py
[2026-06-03T06:40:37.492+0000] {processor.py:840} INFO - DAG(s) 'neuralretail_dq_checkpoint' retrieved from /opt/airflow/dags/dag_dq_checkpoint.py
[2026-06-03T06:40:37.564+0000] {logging_mixin.py:188} INFO - [2026-06-03T06:40:37.564+0000] {dag.py:3096} INFO - Sync 1 DAGs
[2026-06-03T06:40:37.587+0000] {logging_mixin.py:188} INFO - [2026-06-03T06:40:37.586+0000] {dag.py:3954} INFO - Setting next_dagrun for neuralretail_dq_checkpoint to None, run_after=None
[2026-06-03T06:40:37.623+0000] {processor.py:183} INFO - Processing /opt/airflow/dags/dag_dq_checkpoint.py took 0.322 seconds
[2026-06-03T06:41:08.113+0000] {processor.py:161} INFO - Started process (PID=1842) to work on /opt/airflow/dags/dag_dq_checkpoint.py
[2026-06-03T06:41:08.115+0000] {processor.py:830} INFO - Processing file /opt/airflow/dags/dag_dq_checkpoint.py for tasks to queue
[2026-06-03T06:41:08.125+0000] {logging_mixin.py:188} INFO - [2026-06-03T06:41:08.125+0000] {dagbag.py:540} INFO - Filling up the DagBag from /opt/airflow/dags/dag_dq_checkpoint.py
[2026-06-03T06:41:08.212+0000] {processor.py:840} INFO - DAG(s) 'neuralretail_dq_checkpoint' retrieved from /opt/airflow/dags/dag_dq_checkpoint.py
[2026-06-03T06:41:08.298+0000] {logging_mixin.py:188} INFO - [2026-06-03T06:41:08.297+0000] {dag.py:3096} INFO - Sync 1 DAGs
[2026-06-03T06:41:08.320+0000] {logging_mixin.py:188} INFO - [2026-06-03T06:41:08.320+0000] {dag.py:3954} INFO - Setting next_dagrun for neuralretail_dq_checkpoint to None, run_after=None
[2026-06-03T06:41:08.346+0000] {processor.py:183} INFO - Processing /opt/airflow/dags/dag_dq_checkpoint.py took 0.242 seconds
[2026-06-03T06:41:38.741+0000] {processor.py:161} INFO - Started process (PID=1865) to work on /opt/airflow/dags/dag_dq_checkpoint.py
[2026-06-03T06:41:38.747+0000] {processor.py:830} INFO - Processing file /opt/airflow/dags/dag_dq_checkpoint.py for tasks to queue
[2026-06-03T06:41:38.755+0000] {logging_mixin.py:188} INFO - [2026-06-03T06:41:38.755+0000] {dagbag.py:540} INFO - Filling up the DagBag from /opt/airflow/dags/dag_dq_checkpoint.py
[2026-06-03T06:41:38.904+0000] {processor.py:840} INFO - DAG(s) 'neuralretail_dq_checkpoint' retrieved from /opt/airflow/dags/dag_dq_checkpoint.py
[2026-06-03T06:41:39.011+0000] {logging_mixin.py:188} INFO - [2026-06-03T06:41:39.010+0000] {dag.py:3096} INFO - Sync 1 DAGs
[2026-06-03T06:41:39.039+0000] {logging_mixin.py:188} INFO - [2026-06-03T06:41:39.039+0000] {dag.py:3954} INFO - Setting next_dagrun for neuralretail_dq_checkpoint to None, run_after=None
[2026-06-03T06:41:39.109+0000] {processor.py:183} INFO - Processing /opt/airflow/dags/dag_dq_checkpoint.py took 0.382 seconds
[2026-06-03T06:42:09.342+0000] {processor.py:161} INFO - Started process (PID=1882) to work on /opt/airflow/dags/dag_dq_checkpoint.py
[2026-06-03T06:42:09.345+0000] {processor.py:830} INFO - Processing file /opt/airflow/dags/dag_dq_checkpoint.py for tasks to queue
[2026-06-03T06:42:09.351+0000] {logging_mixin.py:188} INFO - [2026-06-03T06:42:09.350+0000] {dagbag.py:540} INFO - Filling up the DagBag from /opt/airflow/dags/dag_dq_checkpoint.py
[2026-06-03T06:42:09.428+0000] {processor.py:840} INFO - DAG(s) 'neuralretail_dq_checkpoint' retrieved from /opt/airflow/dags/dag_dq_checkpoint.py
[2026-06-03T06:42:09.488+0000] {logging_mixin.py:188} INFO - [2026-06-03T06:42:09.488+0000] {dag.py:3096} INFO - Sync 1 DAGs
[2026-06-03T06:42:09.505+0000] {logging_mixin.py:188} INFO - [2026-06-03T06:42:09.505+0000] {dag.py:3954} INFO - Setting next_dagrun for neuralretail_dq_checkpoint to None, run_after=None
[2026-06-03T06:42:09.529+0000] {processor.py:183} INFO - Processing /opt/airflow/dags/dag_dq_checkpoint.py took 0.201 seconds
[2026-06-03T06:42:39.978+0000] {processor.py:161} INFO - Started process (PID=1902) to work on /opt/airflow/dags/dag_dq_checkpoint.py
[2026-06-03T06:42:39.979+0000] {processor.py:830} INFO - Processing file /opt/airflow/dags/dag_dq_checkpoint.py for tasks to queue
[2026-06-03T06:42:39.982+0000] {logging_mixin.py:188} INFO - [2026-06-03T06:42:39.981+0000] {dagbag.py:540} INFO - Filling up the DagBag from /opt/airflow/dags/dag_dq_checkpoint.py
[2026-06-03T06:42:40.071+0000] {processor.py:840} INFO - DAG(s) 'neuralretail_dq_checkpoint' retrieved from /opt/airflow/dags/dag_dq_checkpoint.py
[2026-06-03T06:42:40.138+0000] {logging_mixin.py:188} INFO - [2026-06-03T06:42:40.138+0000] {dag.py:3096} INFO - Sync 1 DAGs
[2026-06-03T06:42:40.156+0000] {logging_mixin.py:188} INFO - [2026-06-03T06:42:40.156+0000] {dag.py:3954} INFO - Setting next_dagrun for neuralretail_dq_checkpoint to None, run_after=None
[2026-06-03T06:42:40.189+0000] {processor.py:183} INFO - Processing /opt/airflow/dags/dag_dq_checkpoint.py took 0.217 seconds
[2026-06-03T06:43:11.411+0000] {processor.py:161} INFO - Started process (PID=1922) to work on /opt/airflow/dags/dag_dq_checkpoint.py
[2026-06-03T06:43:11.422+0000] {processor.py:830} INFO - Processing file /opt/airflow/dags/dag_dq_checkpoint.py for tasks to queue
[2026-06-03T06:43:11.429+0000] {logging_mixin.py:188} INFO - [2026-06-03T06:43:11.428+0000] {dagbag.py:540} INFO - Filling up the DagBag from /opt/airflow/dags/dag_dq_checkpoint.py
[2026-06-03T06:43:11.904+0000] {processor.py:840} INFO - DAG(s) 'neuralretail_dq_checkpoint' retrieved from /opt/airflow/dags/dag_dq_checkpoint.py
[2026-06-03T06:43:12.094+0000] {logging_mixin.py:188} INFO - [2026-06-03T06:43:12.093+0000] {dag.py:3096} INFO - Sync 1 DAGs
[2026-06-03T06:43:12.142+0000] {logging_mixin.py:188} INFO - [2026-06-03T06:43:12.142+0000] {dag.py:3954} INFO - Setting next_dagrun for neuralretail_dq_checkpoint to None, run_after=None
[2026-06-03T06:43:12.272+0000] {processor.py:183} INFO - Processing /opt/airflow/dags/dag_dq_checkpoint.py took 0.871 seconds
[2026-06-03T06:43:43.158+0000] {processor.py:161} INFO - Started process (PID=1942) to work on /opt/airflow/dags/dag_dq_checkpoint.py
[2026-06-03T06:43:43.160+0000] {processor.py:830} INFO - Processing file /opt/airflow/dags/dag_dq_checkpoint.py for tasks to queue
[2026-06-03T06:43:43.163+0000] {logging_mixin.py:188} INFO - [2026-06-03T06:43:43.163+0000] {dagbag.py:540} INFO - Filling up the DagBag from /opt/airflow/dags/dag_dq_checkpoint.py
[2026-06-03T06:43:43.246+0000] {processor.py:840} INFO - DAG(s) 'neuralretail_dq_checkpoint' retrieved from /opt/airflow/dags/dag_dq_checkpoint.py
[2026-06-03T06:43:43.326+0000] {logging_mixin.py:188} INFO - [2026-06-03T06:43:43.326+0000] {dag.py:3096} INFO - Sync 1 DAGs
[2026-06-03T06:43:43.349+0000] {logging_mixin.py:188} INFO - [2026-06-03T06:43:43.349+0000] {dag.py:3954} INFO - Setting next_dagrun for neuralretail_dq_checkpoint to None, run_after=None
[2026-06-03T06:43:43.381+0000] {processor.py:183} INFO - Processing /opt/airflow/dags/dag_dq_checkpoint.py took 0.230 seconds
[2026-06-03T06:44:13.786+0000] {processor.py:161} INFO - Started process (PID=1962) to work on /opt/airflow/dags/dag_dq_checkpoint.py
[2026-06-03T06:44:13.789+0000] {processor.py:830} INFO - Processing file /opt/airflow/dags/dag_dq_checkpoint.py for tasks to queue
[2026-06-03T06:44:13.798+0000] {logging_mixin.py:188} INFO - [2026-06-03T06:44:13.797+0000] {dagbag.py:540} INFO - Filling up the DagBag from /opt/airflow/dags/dag_dq_checkpoint.py
[2026-06-03T06:44:13.878+0000] {processor.py:840} INFO - DAG(s) 'neuralretail_dq_checkpoint' retrieved from /opt/airflow/dags/dag_dq_checkpoint.py
[2026-06-03T06:44:13.937+0000] {logging_mixin.py:188} INFO - [2026-06-03T06:44:13.937+0000] {dag.py:3096} INFO - Sync 1 DAGs
[2026-06-03T06:44:13.959+0000] {logging_mixin.py:188} INFO - [2026-06-03T06:44:13.959+0000] {dag.py:3954} INFO - Setting next_dagrun for neuralretail_dq_checkpoint to None, run_after=None
[2026-06-03T06:44:13.990+0000] {processor.py:183} INFO - Processing /opt/airflow/dags/dag_dq_checkpoint.py took 0.218 seconds
[2026-06-03T06:44:44.307+0000] {processor.py:161} INFO - Started process (PID=1982) to work on /opt/airflow/dags/dag_dq_checkpoint.py
[2026-06-03T06:44:44.310+0000] {processor.py:830} INFO - Processing file /opt/airflow/dags/dag_dq_checkpoint.py for tasks to queue
[2026-06-03T06:44:44.312+0000] {logging_mixin.py:188} INFO - [2026-06-03T06:44:44.311+0000] {dagbag.py:540} INFO - Filling up the DagBag from /opt/airflow/dags/dag_dq_checkpoint.py
[2026-06-03T06:44:44.367+0000] {processor.py:840} INFO - DAG(s) 'neuralretail_dq_checkpoint' retrieved from /opt/airflow/dags/dag_dq_checkpoint.py
[2026-06-03T06:44:44.410+0000] {logging_mixin.py:188} INFO - [2026-06-03T06:44:44.409+0000] {dag.py:3096} INFO - Sync 1 DAGs
[2026-06-03T06:44:44.424+0000] {logging_mixin.py:188} INFO - [2026-06-03T06:44:44.424+0000] {dag.py:3954} INFO - Setting next_dagrun for neuralretail_dq_checkpoint to None, run_after=None
[2026-06-03T06:44:44.461+0000] {processor.py:183} INFO - Processing /opt/airflow/dags/dag_dq_checkpoint.py took 0.160 seconds
[2026-06-03T06:45:15.125+0000] {processor.py:161} INFO - Started process (PID=2002) to work on /opt/airflow/dags/dag_dq_checkpoint.py
[2026-06-03T06:45:15.128+0000] {processor.py:830} INFO - Processing file /opt/airflow/dags/dag_dq_checkpoint.py for tasks to queue
[2026-06-03T06:45:15.134+0000] {logging_mixin.py:188} INFO - [2026-06-03T06:45:15.134+0000] {dagbag.py:540} INFO - Filling up the DagBag from /opt/airflow/dags/dag_dq_checkpoint.py
[2026-06-03T06:45:15.208+0000] {processor.py:840} INFO - DAG(s) 'neuralretail_dq_checkpoint' retrieved from /opt/airflow/dags/dag_dq_checkpoint.py
[2026-06-03T06:45:15.353+0000] {logging_mixin.py:188} INFO - [2026-06-03T06:45:15.352+0000] {dag.py:3096} INFO - Sync 1 DAGs
[2026-06-03T06:45:15.404+0000] {logging_mixin.py:188} INFO - [2026-06-03T06:45:15.403+0000] {dag.py:3954} INFO - Setting next_dagrun for neuralretail_dq_checkpoint to None, run_after=None
[2026-06-03T06:45:15.442+0000] {processor.py:183} INFO - Processing /opt/airflow/dags/dag_dq_checkpoint.py took 0.329 seconds
[2026-06-03T06:45:45.964+0000] {processor.py:161} INFO - Started process (PID=2022) to work on /opt/airflow/dags/dag_dq_checkpoint.py
[2026-06-03T06:45:45.966+0000] {processor.py:830} INFO - Processing file /opt/airflow/dags/dag_dq_checkpoint.py for tasks to queue
[2026-06-03T06:45:45.970+0000] {logging_mixin.py:188} INFO - [2026-06-03T06:45:45.969+0000] {dagbag.py:540} INFO - Filling up the DagBag from /opt/airflow/dags/dag_dq_checkpoint.py
[2026-06-03T06:45:46.038+0000] {processor.py:840} INFO - DAG(s) 'neuralretail_dq_checkpoint' retrieved from /opt/airflow/dags/dag_dq_checkpoint.py
[2026-06-03T06:45:46.072+0000] {logging_mixin.py:188} INFO - [2026-06-03T06:45:46.072+0000] {dag.py:3096} INFO - Sync 1 DAGs
[2026-06-03T06:45:46.088+0000] {logging_mixin.py:188} INFO - [2026-06-03T06:45:46.087+0000] {dag.py:3954} INFO - Setting next_dagrun for neuralretail_dq_checkpoint to None, run_after=None
[2026-06-03T06:45:46.114+0000] {processor.py:183} INFO - Processing /opt/airflow/dags/dag_dq_checkpoint.py took 0.158 seconds
[2026-06-03T06:46:16.661+0000] {processor.py:161} INFO - Started process (PID=2042) to work on /opt/airflow/dags/dag_dq_checkpoint.py
[2026-06-03T06:46:16.665+0000] {processor.py:830} INFO - Processing file /opt/airflow/dags/dag_dq_checkpoint.py for tasks to queue
[2026-06-03T06:46:16.671+0000] {logging_mixin.py:188} INFO - [2026-06-03T06:46:16.670+0000] {dagbag.py:540} INFO - Filling up the DagBag from /opt/airflow/dags/dag_dq_checkpoint.py
[2026-06-03T06:46:16.728+0000] {processor.py:840} INFO - DAG(s) 'neuralretail_dq_checkpoint' retrieved from /opt/airflow/dags/dag_dq_checkpoint.py
[2026-06-03T06:46:16.770+0000] {logging_mixin.py:188} INFO - [2026-06-03T06:46:16.769+0000] {dag.py:3096} INFO - Sync 1 DAGs
[2026-06-03T06:46:16.780+0000] {logging_mixin.py:188} INFO - [2026-06-03T06:46:16.780+0000] {dag.py:3954} INFO - Setting next_dagrun for neuralretail_dq_checkpoint to None, run_after=None
[2026-06-03T06:46:16.798+0000] {processor.py:183} INFO - Processing /opt/airflow/dags/dag_dq_checkpoint.py took 0.149 seconds
[2026-06-03T06:46:47.425+0000] {processor.py:161} INFO - Started process (PID=2062) to work on /opt/airflow/dags/dag_dq_checkpoint.py
[2026-06-03T06:46:47.427+0000] {processor.py:830} INFO - Processing file /opt/airflow/dags/dag_dq_checkpoint.py for tasks to queue
[2026-06-03T06:46:47.430+0000] {logging_mixin.py:188} INFO - [2026-06-03T06:46:47.430+0000] {dagbag.py:540} INFO - Filling up the DagBag from /opt/airflow/dags/dag_dq_checkpoint.py
[2026-06-03T06:46:47.478+0000] {processor.py:840} INFO - DAG(s) 'neuralretail_dq_checkpoint' retrieved from /opt/airflow/dags/dag_dq_checkpoint.py
[2026-06-03T06:46:47.554+0000] {logging_mixin.py:188} INFO - [2026-06-03T06:46:47.554+0000] {dag.py:3096} INFO - Sync 1 DAGs
[2026-06-03T06:46:47.565+0000] {logging_mixin.py:188} INFO - [2026-06-03T06:46:47.565+0000] {dag.py:3954} INFO - Setting next_dagrun for neuralretail_dq_checkpoint to None, run_after=None
[2026-06-03T06:46:47.597+0000] {processor.py:183} INFO - Processing /opt/airflow/dags/dag_dq_checkpoint.py took 0.177 seconds
[2026-06-03T06:47:17.996+0000] {processor.py:161} INFO - Started process (PID=2082) to work on /opt/airflow/dags/dag_dq_checkpoint.py
[2026-06-03T06:47:17.999+0000] {processor.py:830} INFO - Processing file /opt/airflow/dags/dag_dq_checkpoint.py for tasks to queue
[2026-06-03T06:47:18.005+0000] {logging_mixin.py:188} INFO - [2026-06-03T06:47:18.004+0000] {dagbag.py:540} INFO - Filling up the DagBag from /opt/airflow/dags/dag_dq_checkpoint.py
[2026-06-03T06:47:18.250+0000] {processor.py:840} INFO - DAG(s) 'neuralretail_dq_checkpoint' retrieved from /opt/airflow/dags/dag_dq_checkpoint.py
[2026-06-03T06:47:18.351+0000] {logging_mixin.py:188} INFO - [2026-06-03T06:47:18.350+0000] {dag.py:3096} INFO - Sync 1 DAGs
[2026-06-03T06:47:18.382+0000] {logging_mixin.py:188} INFO - [2026-06-03T06:47:18.381+0000] {dag.py:3954} INFO - Setting next_dagrun for neuralretail_dq_checkpoint to None, run_after=None
[2026-06-03T06:47:18.445+0000] {processor.py:183} INFO - Processing /opt/airflow/dags/dag_dq_checkpoint.py took 0.459 seconds
[2026-06-03T06:47:48.943+0000] {processor.py:161} INFO - Started process (PID=2102) to work on /opt/airflow/dags/dag_dq_checkpoint.py
[2026-06-03T06:47:48.950+0000] {processor.py:830} INFO - Processing file /opt/airflow/dags/dag_dq_checkpoint.py for tasks to queue
[2026-06-03T06:47:48.955+0000] {logging_mixin.py:188} INFO - [2026-06-03T06:47:48.954+0000] {dagbag.py:540} INFO - Filling up the DagBag from /opt/airflow/dags/dag_dq_checkpoint.py
[2026-06-03T06:47:49.047+0000] {processor.py:840} INFO - DAG(s) 'neuralretail_dq_checkpoint' retrieved from /opt/airflow/dags/dag_dq_checkpoint.py
[2026-06-03T06:47:49.086+0000] {logging_mixin.py:188} INFO - [2026-06-03T06:47:49.086+0000] {dag.py:3096} INFO - Sync 1 DAGs
[2026-06-03T06:47:49.098+0000] {logging_mixin.py:188} INFO - [2026-06-03T06:47:49.098+0000] {dag.py:3954} INFO - Setting next_dagrun for neuralretail_dq_checkpoint to None, run_after=None
[2026-06-03T06:47:49.126+0000] {processor.py:183} INFO - Processing /opt/airflow/dags/dag_dq_checkpoint.py took 0.189 seconds
[2026-06-03T06:48:20.104+0000] {processor.py:161} INFO - Started process (PID=2122) to work on /opt/airflow/dags/dag_dq_checkpoint.py
[2026-06-03T06:48:20.116+0000] {processor.py:830} INFO - Processing file /opt/airflow/dags/dag_dq_checkpoint.py for tasks to queue
[2026-06-03T06:48:20.129+0000] {logging_mixin.py:188} INFO - [2026-06-03T06:48:20.129+0000] {dagbag.py:540} INFO - Filling up the DagBag from /opt/airflow/dags/dag_dq_checkpoint.py
[2026-06-03T06:48:20.270+0000] {processor.py:840} INFO - DAG(s) 'neuralretail_dq_checkpoint' retrieved from /opt/airflow/dags/dag_dq_checkpoint.py
[2026-06-03T06:48:20.343+0000] {logging_mixin.py:188} INFO - [2026-06-03T06:48:20.343+0000] {dag.py:3096} INFO - Sync 1 DAGs
[2026-06-03T06:48:20.357+0000] {logging_mixin.py:188} INFO - [2026-06-03T06:48:20.357+0000] {dag.py:3954} INFO - Setting next_dagrun for neuralretail_dq_checkpoint to None, run_after=None
[2026-06-03T06:48:20.383+0000] {processor.py:183} INFO - Processing /opt/airflow/dags/dag_dq_checkpoint.py took 0.296 seconds
[2026-06-03T06:48:50.663+0000] {processor.py:161} INFO - Started process (PID=2142) to work on /opt/airflow/dags/dag_dq_checkpoint.py
[2026-06-03T06:48:50.672+0000] {processor.py:830} INFO - Processing file /opt/airflow/dags/dag_dq_checkpoint.py for tasks to queue
[2026-06-03T06:48:50.678+0000] {logging_mixin.py:188} INFO - [2026-06-03T06:48:50.677+0000] {dagbag.py:540} INFO - Filling up the DagBag from /opt/airflow/dags/dag_dq_checkpoint.py
[2026-06-03T06:48:50.769+0000] {processor.py:840} INFO - DAG(s) 'neuralretail_dq_checkpoint' retrieved from /opt/airflow/dags/dag_dq_checkpoint.py
[2026-06-03T06:48:50.868+0000] {logging_mixin.py:188} INFO - [2026-06-03T06:48:50.868+0000] {dag.py:3096} INFO - Sync 1 DAGs
[2026-06-03T06:48:50.974+0000] {logging_mixin.py:188} INFO - [2026-06-03T06:48:50.974+0000] {dag.py:3954} INFO - Setting next_dagrun for neuralretail_dq_checkpoint to None, run_after=None
[2026-06-03T06:48:51.013+0000] {processor.py:183} INFO - Processing /opt/airflow/dags/dag_dq_checkpoint.py took 0.366 seconds
[2026-06-03T09:47:11.978+0000] {processor.py:161} INFO - Started process (PID=182) to work on /opt/airflow/dags/dag_dq_checkpoint.py
[2026-06-03T09:47:11.984+0000] {processor.py:830} INFO - Processing file /opt/airflow/dags/dag_dq_checkpoint.py for tasks to queue
[2026-06-03T09:47:11.990+0000] {logging_mixin.py:188} INFO - [2026-06-03T09:47:11.989+0000] {dagbag.py:540} INFO - Filling up the DagBag from /opt/airflow/dags/dag_dq_checkpoint.py
[2026-06-03T09:47:12.158+0000] {processor.py:840} INFO - DAG(s) 'neuralretail_dq_checkpoint' retrieved from /opt/airflow/dags/dag_dq_checkpoint.py
[2026-06-03T09:47:12.250+0000] {logging_mixin.py:188} INFO - [2026-06-03T09:47:12.250+0000] {dag.py:3096} INFO - Sync 1 DAGs
[2026-06-03T09:47:12.261+0000] {logging_mixin.py:188} INFO - [2026-06-03T09:47:12.261+0000] {dag.py:3954} INFO - Setting next_dagrun for neuralretail_dq_checkpoint to None, run_after=None
[2026-06-03T09:47:12.302+0000] {processor.py:183} INFO - Processing /opt/airflow/dags/dag_dq_checkpoint.py took 0.332 seconds
[2026-06-03T09:47:42.393+0000] {processor.py:161} INFO - Started process (PID=202) to work on /opt/airflow/dags/dag_dq_checkpoint.py
[2026-06-03T09:47:42.395+0000] {processor.py:830} INFO - Processing file /opt/airflow/dags/dag_dq_checkpoint.py for tasks to queue
[2026-06-03T09:47:42.397+0000] {logging_mixin.py:188} INFO - [2026-06-03T09:47:42.397+0000] {dagbag.py:540} INFO - Filling up the DagBag from /opt/airflow/dags/dag_dq_checkpoint.py
[2026-06-03T09:47:42.458+0000] {processor.py:840} INFO - DAG(s) 'neuralretail_dq_checkpoint' retrieved from /opt/airflow/dags/dag_dq_checkpoint.py
[2026-06-03T09:47:42.504+0000] {logging_mixin.py:188} INFO - [2026-06-03T09:47:42.504+0000] {dag.py:3096} INFO - Sync 1 DAGs
[2026-06-03T09:47:42.517+0000] {logging_mixin.py:188} INFO - [2026-06-03T09:47:42.516+0000] {dag.py:3954} INFO - Setting next_dagrun for neuralretail_dq_checkpoint to None, run_after=None
[2026-06-03T09:47:42.544+0000] {processor.py:183} INFO - Processing /opt/airflow/dags/dag_dq_checkpoint.py took 0.162 seconds
[2026-06-03T09:48:13.082+0000] {processor.py:161} INFO - Started process (PID=222) to work on /opt/airflow/dags/dag_dq_checkpoint.py
[2026-06-03T09:48:13.083+0000] {processor.py:830} INFO - Processing file /opt/airflow/dags/dag_dq_checkpoint.py for tasks to queue
[2026-06-03T09:48:13.087+0000] {logging_mixin.py:188} INFO - [2026-06-03T09:48:13.086+0000] {dagbag.py:540} INFO - Filling up the DagBag from /opt/airflow/dags/dag_dq_checkpoint.py
[2026-06-03T09:48:13.147+0000] {processor.py:840} INFO - DAG(s) 'neuralretail_dq_checkpoint' retrieved from /opt/airflow/dags/dag_dq_checkpoint.py
[2026-06-03T09:48:13.210+0000] {logging_mixin.py:188} INFO - [2026-06-03T09:48:13.210+0000] {dag.py:3096} INFO - Sync 1 DAGs
[2026-06-03T09:48:13.235+0000] {logging_mixin.py:188} INFO - [2026-06-03T09:48:13.235+0000] {dag.py:3954} INFO - Setting next_dagrun for neuralretail_dq_checkpoint to None, run_after=None
[2026-06-03T09:48:13.286+0000] {processor.py:183} INFO - Processing /opt/airflow/dags/dag_dq_checkpoint.py took 0.210 seconds
[2026-06-03T09:48:44.192+0000] {processor.py:161} INFO - Started process (PID=240) to work on /opt/airflow/dags/dag_dq_checkpoint.py
[2026-06-03T09:48:44.194+0000] {processor.py:830} INFO - Processing file /opt/airflow/dags/dag_dq_checkpoint.py for tasks to queue
[2026-06-03T09:48:44.196+0000] {logging_mixin.py:188} INFO - [2026-06-03T09:48:44.196+0000] {dagbag.py:540} INFO - Filling up the DagBag from /opt/airflow/dags/dag_dq_checkpoint.py
[2026-06-03T09:48:44.245+0000] {processor.py:840} INFO - DAG(s) 'neuralretail_dq_checkpoint' retrieved from /opt/airflow/dags/dag_dq_checkpoint.py
[2026-06-03T09:48:44.287+0000] {logging_mixin.py:188} INFO - [2026-06-03T09:48:44.287+0000] {dag.py:3096} INFO - Sync 1 DAGs
[2026-06-03T09:48:44.303+0000] {logging_mixin.py:188} INFO - [2026-06-03T09:48:44.303+0000] {dag.py:3954} INFO - Setting next_dagrun for neuralretail_dq_checkpoint to None, run_after=None
[2026-06-03T09:48:44.323+0000] {processor.py:183} INFO - Processing /opt/airflow/dags/dag_dq_checkpoint.py took 0.136 seconds
[2026-06-03T09:49:15.232+0000] {processor.py:161} INFO - Started process (PID=262) to work on /opt/airflow/dags/dag_dq_checkpoint.py
[2026-06-03T09:49:15.240+0000] {processor.py:830} INFO - Processing file /opt/airflow/dags/dag_dq_checkpoint.py for tasks to queue
[2026-06-03T09:49:15.247+0000] {logging_mixin.py:188} INFO - [2026-06-03T09:49:15.246+0000] {dagbag.py:540} INFO - Filling up the DagBag from /opt/airflow/dags/dag_dq_checkpoint.py
[2026-06-03T09:49:15.415+0000] {processor.py:840} INFO - DAG(s) 'neuralretail_dq_checkpoint' retrieved from /opt/airflow/dags/dag_dq_checkpoint.py
[2026-06-03T09:49:15.510+0000] {logging_mixin.py:188} INFO - [2026-06-03T09:49:15.509+0000] {dag.py:3096} INFO - Sync 1 DAGs
[2026-06-03T09:49:15.536+0000] {logging_mixin.py:188} INFO - [2026-06-03T09:49:15.536+0000] {dag.py:3954} INFO - Setting next_dagrun for neuralretail_dq_checkpoint to None, run_after=None
[2026-06-03T09:49:15.588+0000] {processor.py:183} INFO - Processing /opt/airflow/dags/dag_dq_checkpoint.py took 0.367 seconds
[2026-06-03T09:49:46.196+0000] {processor.py:161} INFO - Started process (PID=282) to work on /opt/airflow/dags/dag_dq_checkpoint.py
[2026-06-03T09:49:46.198+0000] {processor.py:830} INFO - Processing file /opt/airflow/dags/dag_dq_checkpoint.py for tasks to queue
[2026-06-03T09:49:46.200+0000] {logging_mixin.py:188} INFO - [2026-06-03T09:49:46.200+0000] {dagbag.py:540} INFO - Filling up the DagBag from /opt/airflow/dags/dag_dq_checkpoint.py
[2026-06-03T09:49:46.247+0000] {processor.py:840} INFO - DAG(s) 'neuralretail_dq_checkpoint' retrieved from /opt/airflow/dags/dag_dq_checkpoint.py
[2026-06-03T09:49:46.297+0000] {logging_mixin.py:188} INFO - [2026-06-03T09:49:46.297+0000] {dag.py:3096} INFO - Sync 1 DAGs
[2026-06-03T09:49:46.313+0000] {logging_mixin.py:188} INFO - [2026-06-03T09:49:46.312+0000] {dag.py:3954} INFO - Setting next_dagrun for neuralretail_dq_checkpoint to None, run_after=None
[2026-06-03T09:49:46.340+0000] {processor.py:183} INFO - Processing /opt/airflow/dags/dag_dq_checkpoint.py took 0.155 seconds
[2026-06-03T09:50:16.698+0000] {processor.py:161} INFO - Started process (PID=302) to work on /opt/airflow/dags/dag_dq_checkpoint.py
[2026-06-03T09:50:16.699+0000] {processor.py:830} INFO - Processing file /opt/airflow/dags/dag_dq_checkpoint.py for tasks to queue
[2026-06-03T09:50:16.702+0000] {logging_mixin.py:188} INFO - [2026-06-03T09:50:16.701+0000] {dagbag.py:540} INFO - Filling up the DagBag from /opt/airflow/dags/dag_dq_checkpoint.py
[2026-06-03T09:50:16.750+0000] {processor.py:840} INFO - DAG(s) 'neuralretail_dq_checkpoint' retrieved from /opt/airflow/dags/dag_dq_checkpoint.py
[2026-06-03T09:50:16.832+0000] {logging_mixin.py:188} INFO - [2026-06-03T09:50:16.831+0000] {dag.py:3096} INFO - Sync 1 DAGs
[2026-06-03T09:50:16.848+0000] {logging_mixin.py:188} INFO - [2026-06-03T09:50:16.848+0000] {dag.py:3954} INFO - Setting next_dagrun for neuralretail_dq_checkpoint to None, run_after=None
[2026-06-03T09:50:16.902+0000] {processor.py:183} INFO - Processing /opt/airflow/dags/dag_dq_checkpoint.py took 0.213 seconds
[2026-06-03T09:50:47.123+0000] {processor.py:161} INFO - Started process (PID=322) to work on /opt/airflow/dags/dag_dq_checkpoint.py
[2026-06-03T09:50:47.125+0000] {processor.py:830} INFO - Processing file /opt/airflow/dags/dag_dq_checkpoint.py for tasks to queue
[2026-06-03T09:50:47.126+0000] {logging_mixin.py:188} INFO - [2026-06-03T09:50:47.126+0000] {dagbag.py:540} INFO - Filling up the DagBag from /opt/airflow/dags/dag_dq_checkpoint.py
[2026-06-03T09:50:47.207+0000] {processor.py:840} INFO - DAG(s) 'neuralretail_dq_checkpoint' retrieved from /opt/airflow/dags/dag_dq_checkpoint.py
[2026-06-03T09:50:47.275+0000] {logging_mixin.py:188} INFO - [2026-06-03T09:50:47.275+0000] {dag.py:3096} INFO - Sync 1 DAGs
[2026-06-03T09:50:47.290+0000] {logging_mixin.py:188} INFO - [2026-06-03T09:50:47.290+0000] {dag.py:3954} INFO - Setting next_dagrun for neuralretail_dq_checkpoint to None, run_after=None
[2026-06-03T09:50:47.317+0000] {processor.py:183} INFO - Processing /opt/airflow/dags/dag_dq_checkpoint.py took 0.201 seconds
[2026-06-03T09:51:17.713+0000] {processor.py:161} INFO - Started process (PID=342) to work on /opt/airflow/dags/dag_dq_checkpoint.py
[2026-06-03T09:51:17.716+0000] {processor.py:830} INFO - Processing file /opt/airflow/dags/dag_dq_checkpoint.py for tasks to queue
[2026-06-03T09:51:17.722+0000] {logging_mixin.py:188} INFO - [2026-06-03T09:51:17.721+0000] {dagbag.py:540} INFO - Filling up the DagBag from /opt/airflow/dags/dag_dq_checkpoint.py
[2026-06-03T09:51:17.825+0000] {processor.py:840} INFO - DAG(s) 'neuralretail_dq_checkpoint' retrieved from /opt/airflow/dags/dag_dq_checkpoint.py
[2026-06-03T09:51:17.922+0000] {logging_mixin.py:188} INFO - [2026-06-03T09:51:17.921+0000] {dag.py:3096} INFO - Sync 1 DAGs
[2026-06-03T09:51:17.950+0000] {logging_mixin.py:188} INFO - [2026-06-03T09:51:17.949+0000] {dag.py:3954} INFO - Setting next_dagrun for neuralretail_dq_checkpoint to None, run_after=None
[2026-06-03T09:51:18.006+0000] {processor.py:183} INFO - Processing /opt/airflow/dags/dag_dq_checkpoint.py took 0.312 seconds
[2026-06-03T09:51:48.512+0000] {processor.py:161} INFO - Started process (PID=360) to work on /opt/airflow/dags/dag_dq_checkpoint.py
[2026-06-03T09:51:48.514+0000] {processor.py:830} INFO - Processing file /opt/airflow/dags/dag_dq_checkpoint.py for tasks to queue
[2026-06-03T09:51:48.518+0000] {logging_mixin.py:188} INFO - [2026-06-03T09:51:48.517+0000] {dagbag.py:540} INFO - Filling up the DagBag from /opt/airflow/dags/dag_dq_checkpoint.py
[2026-06-03T09:51:48.610+0000] {processor.py:840} INFO - DAG(s) 'neuralretail_dq_checkpoint' retrieved from /opt/airflow/dags/dag_dq_checkpoint.py
[2026-06-03T09:51:48.676+0000] {logging_mixin.py:188} INFO - [2026-06-03T09:51:48.676+0000] {dag.py:3096} INFO - Sync 1 DAGs
[2026-06-03T09:51:48.686+0000] {logging_mixin.py:188} INFO - [2026-06-03T09:51:48.686+0000] {dag.py:3954} INFO - Setting next_dagrun for neuralretail_dq_checkpoint to None, run_after=None
[2026-06-03T09:51:48.718+0000] {processor.py:183} INFO - Processing /opt/airflow/dags/dag_dq_checkpoint.py took 0.210 seconds
[2026-06-03T09:52:19.346+0000] {processor.py:161} INFO - Started process (PID=382) to work on /opt/airflow/dags/dag_dq_checkpoint.py
[2026-06-03T09:52:19.348+0000] {processor.py:830} INFO - Processing file /opt/airflow/dags/dag_dq_checkpoint.py for tasks to queue
[2026-06-03T09:52:19.352+0000] {logging_mixin.py:188} INFO - [2026-06-03T09:52:19.351+0000] {dagbag.py:540} INFO - Filling up the DagBag from /opt/airflow/dags/dag_dq_checkpoint.py
[2026-06-03T09:52:19.434+0000] {processor.py:840} INFO - DAG(s) 'neuralretail_dq_checkpoint' retrieved from /opt/airflow/dags/dag_dq_checkpoint.py
[2026-06-03T09:52:19.499+0000] {logging_mixin.py:188} INFO - [2026-06-03T09:52:19.499+0000] {dag.py:3096} INFO - Sync 1 DAGs
[2026-06-03T09:52:19.515+0000] {logging_mixin.py:188} INFO - [2026-06-03T09:52:19.515+0000] {dag.py:3954} INFO - Setting next_dagrun for neuralretail_dq_checkpoint to None, run_after=None
[2026-06-03T09:52:19.541+0000] {processor.py:183} INFO - Processing /opt/airflow/dags/dag_dq_checkpoint.py took 0.209 seconds
[2026-06-03T09:52:49.804+0000] {processor.py:161} INFO - Started process (PID=402) to work on /opt/airflow/dags/dag_dq_checkpoint.py
[2026-06-03T09:52:49.805+0000] {processor.py:830} INFO - Processing file /opt/airflow/dags/dag_dq_checkpoint.py for tasks to queue
[2026-06-03T09:52:49.807+0000] {logging_mixin.py:188} INFO - [2026-06-03T09:52:49.807+0000] {dagbag.py:540} INFO - Filling up the DagBag from /opt/airflow/dags/dag_dq_checkpoint.py
[2026-06-03T09:52:49.839+0000] {processor.py:840} INFO - DAG(s) 'neuralretail_dq_checkpoint' retrieved from /opt/airflow/dags/dag_dq_checkpoint.py
[2026-06-03T09:52:49.889+0000] {logging_mixin.py:188} INFO - [2026-06-03T09:52:49.889+0000] {dag.py:3096} INFO - Sync 1 DAGs
[2026-06-03T09:52:49.903+0000] {logging_mixin.py:188} INFO - [2026-06-03T09:52:49.903+0000] {dag.py:3954} INFO - Setting next_dagrun for neuralretail_dq_checkpoint to None, run_after=None
[2026-06-03T09:52:49.937+0000] {processor.py:183} INFO - Processing /opt/airflow/dags/dag_dq_checkpoint.py took 0.139 seconds
[2026-06-03T09:53:20.654+0000] {processor.py:161} INFO - Started process (PID=422) to work on /opt/airflow/dags/dag_dq_checkpoint.py
[2026-06-03T09:53:20.661+0000] {processor.py:830} INFO - Processing file /opt/airflow/dags/dag_dq_checkpoint.py for tasks to queue
[2026-06-03T09:53:20.673+0000] {logging_mixin.py:188} INFO - [2026-06-03T09:53:20.672+0000] {dagbag.py:540} INFO - Filling up the DagBag from /opt/airflow/dags/dag_dq_checkpoint.py
[2026-06-03T09:53:20.916+0000] {processor.py:840} INFO - DAG(s) 'neuralretail_dq_checkpoint' retrieved from /opt/airflow/dags/dag_dq_checkpoint.py
[2026-06-03T09:53:21.091+0000] {logging_mixin.py:188} INFO - [2026-06-03T09:53:21.091+0000] {dag.py:3096} INFO - Sync 1 DAGs
[2026-06-03T09:53:21.106+0000] {logging_mixin.py:188} INFO - [2026-06-03T09:53:21.106+0000] {dag.py:3954} INFO - Setting next_dagrun for neuralretail_dq_checkpoint to None, run_after=None
[2026-06-03T09:53:21.154+0000] {processor.py:183} INFO - Processing /opt/airflow/dags/dag_dq_checkpoint.py took 0.512 seconds
[2026-06-03T09:53:51.639+0000] {processor.py:161} INFO - Started process (PID=442) to work on /opt/airflow/dags/dag_dq_checkpoint.py
[2026-06-03T09:53:51.641+0000] {processor.py:830} INFO - Processing file /opt/airflow/dags/dag_dq_checkpoint.py for tasks to queue
[2026-06-03T09:53:51.644+0000] {logging_mixin.py:188} INFO - [2026-06-03T09:53:51.644+0000] {dagbag.py:540} INFO - Filling up the DagBag from /opt/airflow/dags/dag_dq_checkpoint.py
[2026-06-03T09:53:51.721+0000] {processor.py:840} INFO - DAG(s) 'neuralretail_dq_checkpoint' retrieved from /opt/airflow/dags/dag_dq_checkpoint.py
[2026-06-03T09:53:51.797+0000] {logging_mixin.py:188} INFO - [2026-06-03T09:53:51.797+0000] {dag.py:3096} INFO - Sync 1 DAGs
[2026-06-03T09:53:51.823+0000] {logging_mixin.py:188} INFO - [2026-06-03T09:53:51.822+0000] {dag.py:3954} INFO - Setting next_dagrun for neuralretail_dq_checkpoint to None, run_after=None
[2026-06-03T09:53:51.860+0000] {processor.py:183} INFO - Processing /opt/airflow/dags/dag_dq_checkpoint.py took 0.228 seconds
[2026-06-03T09:54:22.233+0000] {processor.py:161} INFO - Started process (PID=462) to work on /opt/airflow/dags/dag_dq_checkpoint.py
[2026-06-03T09:54:22.234+0000] {processor.py:830} INFO - Processing file /opt/airflow/dags/dag_dq_checkpoint.py for tasks to queue
[2026-06-03T09:54:22.237+0000] {logging_mixin.py:188} INFO - [2026-06-03T09:54:22.236+0000] {dagbag.py:540} INFO - Filling up the DagBag from /opt/airflow/dags/dag_dq_checkpoint.py
[2026-06-03T09:54:22.288+0000] {processor.py:840} INFO - DAG(s) 'neuralretail_dq_checkpoint' retrieved from /opt/airflow/dags/dag_dq_checkpoint.py
[2026-06-03T09:54:22.334+0000] {logging_mixin.py:188} INFO - [2026-06-03T09:54:22.334+0000] {dag.py:3096} INFO - Sync 1 DAGs
[2026-06-03T09:54:22.354+0000] {logging_mixin.py:188} INFO - [2026-06-03T09:54:22.353+0000] {dag.py:3954} INFO - Setting next_dagrun for neuralretail_dq_checkpoint to None, run_after=None
[2026-06-03T09:54:22.385+0000] {processor.py:183} INFO - Processing /opt/airflow/dags/dag_dq_checkpoint.py took 0.160 seconds
[2026-06-03T09:54:52.889+0000] {processor.py:161} INFO - Started process (PID=481) to work on /opt/airflow/dags/dag_dq_checkpoint.py
[2026-06-03T09:54:52.891+0000] {processor.py:830} INFO - Processing file /opt/airflow/dags/dag_dq_checkpoint.py for tasks to queue
[2026-06-03T09:54:52.896+0000] {logging_mixin.py:188} INFO - [2026-06-03T09:54:52.895+0000] {dagbag.py:540} INFO - Filling up the DagBag from /opt/airflow/dags/dag_dq_checkpoint.py
[2026-06-03T09:54:52.959+0000] {processor.py:840} INFO - DAG(s) 'neuralretail_dq_checkpoint' retrieved from /opt/airflow/dags/dag_dq_checkpoint.py
[2026-06-03T09:54:53.019+0000] {logging_mixin.py:188} INFO - [2026-06-03T09:54:53.018+0000] {dag.py:3096} INFO - Sync 1 DAGs
[2026-06-03T09:54:53.038+0000] {logging_mixin.py:188} INFO - [2026-06-03T09:54:53.037+0000] {dag.py:3954} INFO - Setting next_dagrun for neuralretail_dq_checkpoint to None, run_after=None
[2026-06-03T09:54:53.069+0000] {processor.py:183} INFO - Processing /opt/airflow/dags/dag_dq_checkpoint.py took 0.191 seconds
[2026-06-03T09:55:23.308+0000] {processor.py:161} INFO - Started process (PID=502) to work on /opt/airflow/dags/dag_dq_checkpoint.py
[2026-06-03T09:55:23.311+0000] {processor.py:830} INFO - Processing file /opt/airflow/dags/dag_dq_checkpoint.py for tasks to queue
[2026-06-03T09:55:23.317+0000] {logging_mixin.py:188} INFO - [2026-06-03T09:55:23.315+0000] {dagbag.py:540} INFO - Filling up the DagBag from /opt/airflow/dags/dag_dq_checkpoint.py
[2026-06-03T09:55:23.468+0000] {processor.py:840} INFO - DAG(s) 'neuralretail_dq_checkpoint' retrieved from /opt/airflow/dags/dag_dq_checkpoint.py
[2026-06-03T09:55:23.520+0000] {logging_mixin.py:188} INFO - [2026-06-03T09:55:23.520+0000] {dag.py:3096} INFO - Sync 1 DAGs
[2026-06-03T09:55:23.532+0000] {logging_mixin.py:188} INFO - [2026-06-03T09:55:23.532+0000] {dag.py:3954} INFO - Setting next_dagrun for neuralretail_dq_checkpoint to None, run_after=None
[2026-06-03T09:55:23.563+0000] {processor.py:183} INFO - Processing /opt/airflow/dags/dag_dq_checkpoint.py took 0.268 seconds
[2026-06-03T09:55:54.220+0000] {processor.py:161} INFO - Started process (PID=522) to work on /opt/airflow/dags/dag_dq_checkpoint.py
[2026-06-03T09:55:54.222+0000] {processor.py:830} INFO - Processing file /opt/airflow/dags/dag_dq_checkpoint.py for tasks to queue
[2026-06-03T09:55:54.224+0000] {logging_mixin.py:188} INFO - [2026-06-03T09:55:54.223+0000] {dagbag.py:540} INFO - Filling up the DagBag from /opt/airflow/dags/dag_dq_checkpoint.py
[2026-06-03T09:55:54.261+0000] {processor.py:840} INFO - DAG(s) 'neuralretail_dq_checkpoint' retrieved from /opt/airflow/dags/dag_dq_checkpoint.py
[2026-06-03T09:55:54.298+0000] {logging_mixin.py:188} INFO - [2026-06-03T09:55:54.298+0000] {dag.py:3096} INFO - Sync 1 DAGs
[2026-06-03T09:55:54.308+0000] {logging_mixin.py:188} INFO - [2026-06-03T09:55:54.308+0000] {dag.py:3954} INFO - Setting next_dagrun for neuralretail_dq_checkpoint to None, run_after=None
[2026-06-03T09:55:54.324+0000] {processor.py:183} INFO - Processing /opt/airflow/dags/dag_dq_checkpoint.py took 0.109 seconds
[2026-06-03T09:56:24.991+0000] {processor.py:161} INFO - Started process (PID=540) to work on /opt/airflow/dags/dag_dq_checkpoint.py
[2026-06-03T09:56:24.995+0000] {processor.py:830} INFO - Processing file /opt/airflow/dags/dag_dq_checkpoint.py for tasks to queue
[2026-06-03T09:56:25.000+0000] {logging_mixin.py:188} INFO - [2026-06-03T09:56:24.999+0000] {dagbag.py:540} INFO - Filling up the DagBag from /opt/airflow/dags/dag_dq_checkpoint.py
[2026-06-03T09:56:25.059+0000] {processor.py:840} INFO - DAG(s) 'neuralretail_dq_checkpoint' retrieved from /opt/airflow/dags/dag_dq_checkpoint.py
[2026-06-03T09:56:25.157+0000] {logging_mixin.py:188} INFO - [2026-06-03T09:56:25.157+0000] {dag.py:3096} INFO - Sync 1 DAGs
[2026-06-03T09:56:25.190+0000] {logging_mixin.py:188} INFO - [2026-06-03T09:56:25.189+0000] {dag.py:3954} INFO - Setting next_dagrun for neuralretail_dq_checkpoint to None, run_after=None
[2026-06-03T09:56:25.223+0000] {processor.py:183} INFO - Processing /opt/airflow/dags/dag_dq_checkpoint.py took 0.241 seconds
[2026-06-03T09:56:55.598+0000] {processor.py:161} INFO - Started process (PID=562) to work on /opt/airflow/dags/dag_dq_checkpoint.py
[2026-06-03T09:56:55.599+0000] {processor.py:830} INFO - Processing file /opt/airflow/dags/dag_dq_checkpoint.py for tasks to queue
[2026-06-03T09:56:55.603+0000] {logging_mixin.py:188} INFO - [2026-06-03T09:56:55.602+0000] {dagbag.py:540} INFO - Filling up the DagBag from /opt/airflow/dags/dag_dq_checkpoint.py
[2026-06-03T09:56:55.664+0000] {processor.py:840} INFO - DAG(s) 'neuralretail_dq_checkpoint' retrieved from /opt/airflow/dags/dag_dq_checkpoint.py
[2026-06-03T09:56:55.711+0000] {logging_mixin.py:188} INFO - [2026-06-03T09:56:55.710+0000] {dag.py:3096} INFO - Sync 1 DAGs
[2026-06-03T09:56:55.729+0000] {logging_mixin.py:188} INFO - [2026-06-03T09:56:55.729+0000] {dag.py:3954} INFO - Setting next_dagrun for neuralretail_dq_checkpoint to None, run_after=None
[2026-06-03T09:56:55.779+0000] {processor.py:183} INFO - Processing /opt/airflow/dags/dag_dq_checkpoint.py took 0.188 seconds
[2026-06-03T09:57:26.579+0000] {processor.py:161} INFO - Started process (PID=582) to work on /opt/airflow/dags/dag_dq_checkpoint.py
[2026-06-03T09:57:26.582+0000] {processor.py:830} INFO - Processing file /opt/airflow/dags/dag_dq_checkpoint.py for tasks to queue
[2026-06-03T09:57:26.585+0000] {logging_mixin.py:188} INFO - [2026-06-03T09:57:26.584+0000] {dagbag.py:540} INFO - Filling up the DagBag from /opt/airflow/dags/dag_dq_checkpoint.py
[2026-06-03T09:57:26.748+0000] {processor.py:840} INFO - DAG(s) 'neuralretail_dq_checkpoint' retrieved from /opt/airflow/dags/dag_dq_checkpoint.py
[2026-06-03T09:57:26.792+0000] {logging_mixin.py:188} INFO - [2026-06-03T09:57:26.791+0000] {dag.py:3096} INFO - Sync 1 DAGs
[2026-06-03T09:57:26.806+0000] {logging_mixin.py:188} INFO - [2026-06-03T09:57:26.805+0000] {dag.py:3954} INFO - Setting next_dagrun for neuralretail_dq_checkpoint to None, run_after=None
[2026-06-03T09:57:26.831+0000] {processor.py:183} INFO - Processing /opt/airflow/dags/dag_dq_checkpoint.py took 0.259 seconds
[2026-06-03T09:57:57.677+0000] {processor.py:161} INFO - Started process (PID=602) to work on /opt/airflow/dags/dag_dq_checkpoint.py
[2026-06-03T09:57:57.680+0000] {processor.py:830} INFO - Processing file /opt/airflow/dags/dag_dq_checkpoint.py for tasks to queue
[2026-06-03T09:57:57.683+0000] {logging_mixin.py:188} INFO - [2026-06-03T09:57:57.682+0000] {dagbag.py:540} INFO - Filling up the DagBag from /opt/airflow/dags/dag_dq_checkpoint.py
[2026-06-03T09:57:57.737+0000] {processor.py:840} INFO - DAG(s) 'neuralretail_dq_checkpoint' retrieved from /opt/airflow/dags/dag_dq_checkpoint.py
[2026-06-03T09:57:57.788+0000] {logging_mixin.py:188} INFO - [2026-06-03T09:57:57.788+0000] {dag.py:3096} INFO - Sync 1 DAGs
[2026-06-03T09:57:57.811+0000] {logging_mixin.py:188} INFO - [2026-06-03T09:57:57.810+0000] {dag.py:3954} INFO - Setting next_dagrun for neuralretail_dq_checkpoint to None, run_after=None
[2026-06-03T09:57:57.835+0000] {processor.py:183} INFO - Processing /opt/airflow/dags/dag_dq_checkpoint.py took 0.171 seconds
[2026-06-03T09:58:28.982+0000] {processor.py:161} INFO - Started process (PID=622) to work on /opt/airflow/dags/dag_dq_checkpoint.py
[2026-06-03T09:58:28.984+0000] {processor.py:830} INFO - Processing file /opt/airflow/dags/dag_dq_checkpoint.py for tasks to queue
[2026-06-03T09:58:28.989+0000] {logging_mixin.py:188} INFO - [2026-06-03T09:58:28.988+0000] {dagbag.py:540} INFO - Filling up the DagBag from /opt/airflow/dags/dag_dq_checkpoint.py
[2026-06-03T09:58:29.062+0000] {processor.py:840} INFO - DAG(s) 'neuralretail_dq_checkpoint' retrieved from /opt/airflow/dags/dag_dq_checkpoint.py
[2026-06-03T09:58:29.140+0000] {logging_mixin.py:188} INFO - [2026-06-03T09:58:29.140+0000] {dag.py:3096} INFO - Sync 1 DAGs
[2026-06-03T09:58:29.152+0000] {logging_mixin.py:188} INFO - [2026-06-03T09:58:29.151+0000] {dag.py:3954} INFO - Setting next_dagrun for neuralretail_dq_checkpoint to None, run_after=None
[2026-06-03T09:58:29.182+0000] {processor.py:183} INFO - Processing /opt/airflow/dags/dag_dq_checkpoint.py took 0.208 seconds
[2026-06-03T09:58:59.376+0000] {processor.py:161} INFO - Started process (PID=642) to work on /opt/airflow/dags/dag_dq_checkpoint.py
[2026-06-03T09:58:59.378+0000] {processor.py:830} INFO - Processing file /opt/airflow/dags/dag_dq_checkpoint.py for tasks to queue
[2026-06-03T09:58:59.382+0000] {logging_mixin.py:188} INFO - [2026-06-03T09:58:59.382+0000] {dagbag.py:540} INFO - Filling up the DagBag from /opt/airflow/dags/dag_dq_checkpoint.py
[2026-06-03T09:58:59.434+0000] {processor.py:840} INFO - DAG(s) 'neuralretail_dq_checkpoint' retrieved from /opt/airflow/dags/dag_dq_checkpoint.py
[2026-06-03T09:58:59.486+0000] {logging_mixin.py:188} INFO - [2026-06-03T09:58:59.486+0000] {dag.py:3096} INFO - Sync 1 DAGs
[2026-06-03T09:58:59.499+0000] {logging_mixin.py:188} INFO - [2026-06-03T09:58:59.498+0000] {dag.py:3954} INFO - Setting next_dagrun for neuralretail_dq_checkpoint to None, run_after=None
[2026-06-03T09:58:59.528+0000] {processor.py:183} INFO - Processing /opt/airflow/dags/dag_dq_checkpoint.py took 0.162 seconds
[2026-06-03T09:59:29.941+0000] {processor.py:161} INFO - Started process (PID=662) to work on /opt/airflow/dags/dag_dq_checkpoint.py
[2026-06-03T09:59:29.947+0000] {processor.py:830} INFO - Processing file /opt/airflow/dags/dag_dq_checkpoint.py for tasks to queue
[2026-06-03T09:59:29.952+0000] {logging_mixin.py:188} INFO - [2026-06-03T09:59:29.951+0000] {dagbag.py:540} INFO - Filling up the DagBag from /opt/airflow/dags/dag_dq_checkpoint.py
[2026-06-03T09:59:30.041+0000] {processor.py:840} INFO - DAG(s) 'neuralretail_dq_checkpoint' retrieved from /opt/airflow/dags/dag_dq_checkpoint.py
[2026-06-03T09:59:30.078+0000] {logging_mixin.py:188} INFO - [2026-06-03T09:59:30.078+0000] {dag.py:3096} INFO - Sync 1 DAGs
[2026-06-03T09:59:30.092+0000] {logging_mixin.py:188} INFO - [2026-06-03T09:59:30.091+0000] {dag.py:3954} INFO - Setting next_dagrun for neuralretail_dq_checkpoint to None, run_after=None
[2026-06-03T09:59:30.124+0000] {processor.py:183} INFO - Processing /opt/airflow/dags/dag_dq_checkpoint.py took 0.194 seconds
[2026-06-03T10:00:00.495+0000] {processor.py:161} INFO - Started process (PID=680) to work on /opt/airflow/dags/dag_dq_checkpoint.py
[2026-06-03T10:00:00.498+0000] {processor.py:830} INFO - Processing file /opt/airflow/dags/dag_dq_checkpoint.py for tasks to queue
[2026-06-03T10:00:00.503+0000] {logging_mixin.py:188} INFO - [2026-06-03T10:00:00.503+0000] {dagbag.py:540} INFO - Filling up the DagBag from /opt/airflow/dags/dag_dq_checkpoint.py
[2026-06-03T10:00:00.596+0000] {processor.py:840} INFO - DAG(s) 'neuralretail_dq_checkpoint' retrieved from /opt/airflow/dags/dag_dq_checkpoint.py
[2026-06-03T10:00:00.679+0000] {logging_mixin.py:188} INFO - [2026-06-03T10:00:00.678+0000] {dag.py:3096} INFO - Sync 1 DAGs
[2026-06-03T10:00:00.708+0000] {logging_mixin.py:188} INFO - [2026-06-03T10:00:00.707+0000] {dag.py:3954} INFO - Setting next_dagrun for neuralretail_dq_checkpoint to None, run_after=None
[2026-06-03T10:00:00.749+0000] {processor.py:183} INFO - Processing /opt/airflow/dags/dag_dq_checkpoint.py took 0.267 seconds
[2026-06-03T10:00:31.196+0000] {processor.py:161} INFO - Started process (PID=702) to work on /opt/airflow/dags/dag_dq_checkpoint.py
[2026-06-03T10:00:31.207+0000] {processor.py:830} INFO - Processing file /opt/airflow/dags/dag_dq_checkpoint.py for tasks to queue
[2026-06-03T10:00:31.215+0000] {logging_mixin.py:188} INFO - [2026-06-03T10:00:31.215+0000] {dagbag.py:540} INFO - Filling up the DagBag from /opt/airflow/dags/dag_dq_checkpoint.py
[2026-06-03T10:00:31.302+0000] {processor.py:840} INFO - DAG(s) 'neuralretail_dq_checkpoint' retrieved from /opt/airflow/dags/dag_dq_checkpoint.py
[2026-06-03T10:00:31.377+0000] {logging_mixin.py:188} INFO - [2026-06-03T10:00:31.377+0000] {dag.py:3096} INFO - Sync 1 DAGs
[2026-06-03T10:00:31.400+0000] {logging_mixin.py:188} INFO - [2026-06-03T10:00:31.399+0000] {dag.py:3954} INFO - Setting next_dagrun for neuralretail_dq_checkpoint to None, run_after=None
[2026-06-03T10:00:31.445+0000] {processor.py:183} INFO - Processing /opt/airflow/dags/dag_dq_checkpoint.py took 0.262 seconds
[2026-06-03T10:01:01.810+0000] {processor.py:161} INFO - Started process (PID=722) to work on /opt/airflow/dags/dag_dq_checkpoint.py
[2026-06-03T10:01:01.814+0000] {processor.py:830} INFO - Processing file /opt/airflow/dags/dag_dq_checkpoint.py for tasks to queue
[2026-06-03T10:01:01.820+0000] {logging_mixin.py:188} INFO - [2026-06-03T10:01:01.819+0000] {dagbag.py:540} INFO - Filling up the DagBag from /opt/airflow/dags/dag_dq_checkpoint.py
[2026-06-03T10:01:01.930+0000] {processor.py:840} INFO - DAG(s) 'neuralretail_dq_checkpoint' retrieved from /opt/airflow/dags/dag_dq_checkpoint.py
[2026-06-03T10:01:02.033+0000] {logging_mixin.py:188} INFO - [2026-06-03T10:01:02.033+0000] {dag.py:3096} INFO - Sync 1 DAGs
[2026-06-03T10:01:02.061+0000] {logging_mixin.py:188} INFO - [2026-06-03T10:01:02.060+0000] {dag.py:3954} INFO - Setting next_dagrun for neuralretail_dq_checkpoint to None, run_after=None
[2026-06-03T10:01:02.106+0000] {processor.py:183} INFO - Processing /opt/airflow/dags/dag_dq_checkpoint.py took 0.306 seconds
[2026-06-03T10:01:33.263+0000] {processor.py:161} INFO - Started process (PID=742) to work on /opt/airflow/dags/dag_dq_checkpoint.py
[2026-06-03T10:01:33.266+0000] {processor.py:830} INFO - Processing file /opt/airflow/dags/dag_dq_checkpoint.py for tasks to queue
[2026-06-03T10:01:33.271+0000] {logging_mixin.py:188} INFO - [2026-06-03T10:01:33.271+0000] {dagbag.py:540} INFO - Filling up the DagBag from /opt/airflow/dags/dag_dq_checkpoint.py
[2026-06-03T10:01:33.390+0000] {processor.py:840} INFO - DAG(s) 'neuralretail_dq_checkpoint' retrieved from /opt/airflow/dags/dag_dq_checkpoint.py
[2026-06-03T10:01:33.475+0000] {logging_mixin.py:188} INFO - [2026-06-03T10:01:33.475+0000] {dag.py:3096} INFO - Sync 1 DAGs
[2026-06-03T10:01:33.500+0000] {logging_mixin.py:188} INFO - [2026-06-03T10:01:33.500+0000] {dag.py:3954} INFO - Setting next_dagrun for neuralretail_dq_checkpoint to None, run_after=None
[2026-06-03T10:01:33.560+0000] {processor.py:183} INFO - Processing /opt/airflow/dags/dag_dq_checkpoint.py took 0.307 seconds
[2026-06-03T10:02:04.119+0000] {processor.py:161} INFO - Started process (PID=762) to work on /opt/airflow/dags/dag_dq_checkpoint.py
[2026-06-03T10:02:04.121+0000] {processor.py:830} INFO - Processing file /opt/airflow/dags/dag_dq_checkpoint.py for tasks to queue
[2026-06-03T10:02:04.126+0000] {logging_mixin.py:188} INFO - [2026-06-03T10:02:04.125+0000] {dagbag.py:540} INFO - Filling up the DagBag from /opt/airflow/dags/dag_dq_checkpoint.py
[2026-06-03T10:02:04.259+0000] {processor.py:840} INFO - DAG(s) 'neuralretail_dq_checkpoint' retrieved from /opt/airflow/dags/dag_dq_checkpoint.py
[2026-06-03T10:02:04.426+0000] {logging_mixin.py:188} INFO - [2026-06-03T10:02:04.425+0000] {dag.py:3096} INFO - Sync 1 DAGs
[2026-06-03T10:02:04.442+0000] {logging_mixin.py:188} INFO - [2026-06-03T10:02:04.442+0000] {dag.py:3954} INFO - Setting next_dagrun for neuralretail_dq_checkpoint to None, run_after=None
[2026-06-03T10:02:04.492+0000] {processor.py:183} INFO - Processing /opt/airflow/dags/dag_dq_checkpoint.py took 0.385 seconds
[2026-06-03T10:02:34.951+0000] {processor.py:161} INFO - Started process (PID=782) to work on /opt/airflow/dags/dag_dq_checkpoint.py
[2026-06-03T10:02:34.952+0000] {processor.py:830} INFO - Processing file /opt/airflow/dags/dag_dq_checkpoint.py for tasks to queue
[2026-06-03T10:02:34.954+0000] {logging_mixin.py:188} INFO - [2026-06-03T10:02:34.954+0000] {dagbag.py:540} INFO - Filling up the DagBag from /opt/airflow/dags/dag_dq_checkpoint.py
[2026-06-03T10:02:35.020+0000] {processor.py:840} INFO - DAG(s) 'neuralretail_dq_checkpoint' retrieved from /opt/airflow/dags/dag_dq_checkpoint.py
[2026-06-03T10:02:35.082+0000] {logging_mixin.py:188} INFO - [2026-06-03T10:02:35.082+0000] {dag.py:3096} INFO - Sync 1 DAGs
[2026-06-03T10:02:35.097+0000] {logging_mixin.py:188} INFO - [2026-06-03T10:02:35.097+0000] {dag.py:3954} INFO - Setting next_dagrun for neuralretail_dq_checkpoint to None, run_after=None
[2026-06-03T10:02:35.123+0000] {processor.py:183} INFO - Processing /opt/airflow/dags/dag_dq_checkpoint.py took 0.177 seconds
[2026-06-03T10:03:05.448+0000] {processor.py:161} INFO - Started process (PID=802) to work on /opt/airflow/dags/dag_dq_checkpoint.py
[2026-06-03T10:03:05.453+0000] {processor.py:830} INFO - Processing file /opt/airflow/dags/dag_dq_checkpoint.py for tasks to queue
[2026-06-03T10:03:05.457+0000] {logging_mixin.py:188} INFO - [2026-06-03T10:03:05.457+0000] {dagbag.py:540} INFO - Filling up the DagBag from /opt/airflow/dags/dag_dq_checkpoint.py
[2026-06-03T10:03:05.528+0000] {processor.py:840} INFO - DAG(s) 'neuralretail_dq_checkpoint' retrieved from /opt/airflow/dags/dag_dq_checkpoint.py
[2026-06-03T10:03:05.666+0000] {logging_mixin.py:188} INFO - [2026-06-03T10:03:05.665+0000] {dag.py:3096} INFO - Sync 1 DAGs
[2026-06-03T10:03:05.683+0000] {logging_mixin.py:188} INFO - [2026-06-03T10:03:05.682+0000] {dag.py:3954} INFO - Setting next_dagrun for neuralretail_dq_checkpoint to None, run_after=None
[2026-06-03T10:03:05.715+0000] {processor.py:183} INFO - Processing /opt/airflow/dags/dag_dq_checkpoint.py took 0.272 seconds
[2026-06-03T10:03:35.801+0000] {processor.py:161} INFO - Started process (PID=822) to work on /opt/airflow/dags/dag_dq_checkpoint.py
[2026-06-03T10:03:35.803+0000] {processor.py:830} INFO - Processing file /opt/airflow/dags/dag_dq_checkpoint.py for tasks to queue
[2026-06-03T10:03:35.804+0000] {logging_mixin.py:188} INFO - [2026-06-03T10:03:35.804+0000] {dagbag.py:540} INFO - Filling up the DagBag from /opt/airflow/dags/dag_dq_checkpoint.py
[2026-06-03T10:03:35.841+0000] {processor.py:840} INFO - DAG(s) 'neuralretail_dq_checkpoint' retrieved from /opt/airflow/dags/dag_dq_checkpoint.py
[2026-06-03T10:03:35.879+0000] {logging_mixin.py:188} INFO - [2026-06-03T10:03:35.879+0000] {dag.py:3096} INFO - Sync 1 DAGs
[2026-06-03T10:03:35.899+0000] {logging_mixin.py:188} INFO - [2026-06-03T10:03:35.899+0000] {dag.py:3954} INFO - Setting next_dagrun for neuralretail_dq_checkpoint to None, run_after=None
[2026-06-03T10:03:35.923+0000] {processor.py:183} INFO - Processing /opt/airflow/dags/dag_dq_checkpoint.py took 0.128 seconds
[2026-06-03T10:04:06.184+0000] {processor.py:161} INFO - Started process (PID=842) to work on /opt/airflow/dags/dag_dq_checkpoint.py
[2026-06-03T10:04:06.186+0000] {processor.py:830} INFO - Processing file /opt/airflow/dags/dag_dq_checkpoint.py for tasks to queue
[2026-06-03T10:04:06.192+0000] {logging_mixin.py:188} INFO - [2026-06-03T10:04:06.191+0000] {dagbag.py:540} INFO - Filling up the DagBag from /opt/airflow/dags/dag_dq_checkpoint.py
[2026-06-03T10:04:06.243+0000] {processor.py:840} INFO - DAG(s) 'neuralretail_dq_checkpoint' retrieved from /opt/airflow/dags/dag_dq_checkpoint.py
[2026-06-03T10:04:06.296+0000] {logging_mixin.py:188} INFO - [2026-06-03T10:04:06.296+0000] {dag.py:3096} INFO - Sync 1 DAGs
[2026-06-03T10:04:06.310+0000] {logging_mixin.py:188} INFO - [2026-06-03T10:04:06.310+0000] {dag.py:3954} INFO - Setting next_dagrun for neuralretail_dq_checkpoint to None, run_after=None
[2026-06-03T10:04:06.330+0000] {processor.py:183} INFO - Processing /opt/airflow/dags/dag_dq_checkpoint.py took 0.159 seconds
[2026-06-03T10:04:36.675+0000] {processor.py:161} INFO - Started process (PID=862) to work on /opt/airflow/dags/dag_dq_checkpoint.py
[2026-06-03T10:04:36.677+0000] {processor.py:830} INFO - Processing file /opt/airflow/dags/dag_dq_checkpoint.py for tasks to queue
[2026-06-03T10:04:36.681+0000] {logging_mixin.py:188} INFO - [2026-06-03T10:04:36.681+0000] {dagbag.py:540} INFO - Filling up the DagBag from /opt/airflow/dags/dag_dq_checkpoint.py
[2026-06-03T10:04:36.723+0000] {processor.py:840} INFO - DAG(s) 'neuralretail_dq_checkpoint' retrieved from /opt/airflow/dags/dag_dq_checkpoint.py
[2026-06-03T10:04:36.759+0000] {logging_mixin.py:188} INFO - [2026-06-03T10:04:36.759+0000] {dag.py:3096} INFO - Sync 1 DAGs
[2026-06-03T10:04:36.770+0000] {logging_mixin.py:188} INFO - [2026-06-03T10:04:36.770+0000] {dag.py:3954} INFO - Setting next_dagrun for neuralretail_dq_checkpoint to None, run_after=None
[2026-06-03T10:04:36.793+0000] {processor.py:183} INFO - Processing /opt/airflow/dags/dag_dq_checkpoint.py took 0.123 seconds
[2026-06-03T10:05:07.732+0000] {processor.py:161} INFO - Started process (PID=882) to work on /opt/airflow/dags/dag_dq_checkpoint.py
[2026-06-03T10:05:07.734+0000] {processor.py:830} INFO - Processing file /opt/airflow/dags/dag_dq_checkpoint.py for tasks to queue
[2026-06-03T10:05:07.736+0000] {logging_mixin.py:188} INFO - [2026-06-03T10:05:07.736+0000] {dagbag.py:540} INFO - Filling up the DagBag from /opt/airflow/dags/dag_dq_checkpoint.py
[2026-06-03T10:05:07.780+0000] {processor.py:840} INFO - DAG(s) 'neuralretail_dq_checkpoint' retrieved from /opt/airflow/dags/dag_dq_checkpoint.py
[2026-06-03T10:05:07.819+0000] {logging_mixin.py:188} INFO - [2026-06-03T10:05:07.818+0000] {dag.py:3096} INFO - Sync 1 DAGs
[2026-06-03T10:05:07.831+0000] {logging_mixin.py:188} INFO - [2026-06-03T10:05:07.831+0000] {dag.py:3954} INFO - Setting next_dagrun for neuralretail_dq_checkpoint to None, run_after=None
[2026-06-03T10:05:07.867+0000] {processor.py:183} INFO - Processing /opt/airflow/dags/dag_dq_checkpoint.py took 0.142 seconds
[2026-06-03T10:05:39.022+0000] {processor.py:161} INFO - Started process (PID=902) to work on /opt/airflow/dags/dag_dq_checkpoint.py
[2026-06-03T10:05:39.031+0000] {processor.py:830} INFO - Processing file /opt/airflow/dags/dag_dq_checkpoint.py for tasks to queue
[2026-06-03T10:05:39.035+0000] {logging_mixin.py:188} INFO - [2026-06-03T10:05:39.035+0000] {dagbag.py:540} INFO - Filling up the DagBag from /opt/airflow/dags/dag_dq_checkpoint.py
[2026-06-03T10:05:39.298+0000] {processor.py:840} INFO - DAG(s) 'neuralretail_dq_checkpoint' retrieved from /opt/airflow/dags/dag_dq_checkpoint.py
[2026-06-03T10:05:39.452+0000] {logging_mixin.py:188} INFO - [2026-06-03T10:05:39.452+0000] {dag.py:3096} INFO - Sync 1 DAGs
[2026-06-03T10:05:39.473+0000] {logging_mixin.py:188} INFO - [2026-06-03T10:05:39.472+0000] {dag.py:3954} INFO - Setting next_dagrun for neuralretail_dq_checkpoint to None, run_after=None
[2026-06-03T10:05:39.524+0000] {processor.py:183} INFO - Processing /opt/airflow/dags/dag_dq_checkpoint.py took 0.507 seconds
[2026-06-03T10:06:10.336+0000] {processor.py:161} INFO - Started process (PID=922) to work on /opt/airflow/dags/dag_dq_checkpoint.py
[2026-06-03T10:06:10.338+0000] {processor.py:830} INFO - Processing file /opt/airflow/dags/dag_dq_checkpoint.py for tasks to queue
[2026-06-03T10:06:10.341+0000] {logging_mixin.py:188} INFO - [2026-06-03T10:06:10.341+0000] {dagbag.py:540} INFO - Filling up the DagBag from /opt/airflow/dags/dag_dq_checkpoint.py
[2026-06-03T10:06:10.491+0000] {processor.py:840} INFO - DAG(s) 'neuralretail_dq_checkpoint' retrieved from /opt/airflow/dags/dag_dq_checkpoint.py
[2026-06-03T10:06:10.575+0000] {logging_mixin.py:188} INFO - [2026-06-03T10:06:10.575+0000] {dag.py:3096} INFO - Sync 1 DAGs
[2026-06-03T10:06:10.591+0000] {logging_mixin.py:188} INFO - [2026-06-03T10:06:10.590+0000] {dag.py:3954} INFO - Setting next_dagrun for neuralretail_dq_checkpoint to None, run_after=None
[2026-06-03T10:06:10.616+0000] {processor.py:183} INFO - Processing /opt/airflow/dags/dag_dq_checkpoint.py took 0.285 seconds
[2026-06-03T10:06:41.201+0000] {processor.py:161} INFO - Started process (PID=942) to work on /opt/airflow/dags/dag_dq_checkpoint.py
[2026-06-03T10:06:41.202+0000] {processor.py:830} INFO - Processing file /opt/airflow/dags/dag_dq_checkpoint.py for tasks to queue
[2026-06-03T10:06:41.204+0000] {logging_mixin.py:188} INFO - [2026-06-03T10:06:41.204+0000] {dagbag.py:540} INFO - Filling up the DagBag from /opt/airflow/dags/dag_dq_checkpoint.py
[2026-06-03T10:06:41.299+0000] {processor.py:840} INFO - DAG(s) 'neuralretail_dq_checkpoint' retrieved from /opt/airflow/dags/dag_dq_checkpoint.py
[2026-06-03T10:06:41.353+0000] {logging_mixin.py:188} INFO - [2026-06-03T10:06:41.352+0000] {dag.py:3096} INFO - Sync 1 DAGs
[2026-06-03T10:06:41.364+0000] {logging_mixin.py:188} INFO - [2026-06-03T10:06:41.364+0000] {dag.py:3954} INFO - Setting next_dagrun for neuralretail_dq_checkpoint to None, run_after=None
[2026-06-03T10:06:41.473+0000] {processor.py:183} INFO - Processing /opt/airflow/dags/dag_dq_checkpoint.py took 0.282 seconds
[2026-06-03T10:07:11.970+0000] {processor.py:161} INFO - Started process (PID=960) to work on /opt/airflow/dags/dag_dq_checkpoint.py
[2026-06-03T10:07:11.973+0000] {processor.py:830} INFO - Processing file /opt/airflow/dags/dag_dq_checkpoint.py for tasks to queue
[2026-06-03T10:07:11.976+0000] {logging_mixin.py:188} INFO - [2026-06-03T10:07:11.976+0000] {dagbag.py:540} INFO - Filling up the DagBag from /opt/airflow/dags/dag_dq_checkpoint.py
[2026-06-03T10:07:12.040+0000] {processor.py:840} INFO - DAG(s) 'neuralretail_dq_checkpoint' retrieved from /opt/airflow/dags/dag_dq_checkpoint.py
[2026-06-03T10:07:12.080+0000] {logging_mixin.py:188} INFO - [2026-06-03T10:07:12.080+0000] {dag.py:3096} INFO - Sync 1 DAGs
[2026-06-03T10:07:12.092+0000] {logging_mixin.py:188} INFO - [2026-06-03T10:07:12.092+0000] {dag.py:3954} INFO - Setting next_dagrun for neuralretail_dq_checkpoint to None, run_after=None
[2026-06-03T10:07:12.126+0000] {processor.py:183} INFO - Processing /opt/airflow/dags/dag_dq_checkpoint.py took 0.165 seconds
[2026-06-03T10:07:42.724+0000] {processor.py:161} INFO - Started process (PID=980) to work on /opt/airflow/dags/dag_dq_checkpoint.py
[2026-06-03T10:07:42.731+0000] {processor.py:830} INFO - Processing file /opt/airflow/dags/dag_dq_checkpoint.py for tasks to queue
[2026-06-03T10:07:42.734+0000] {logging_mixin.py:188} INFO - [2026-06-03T10:07:42.734+0000] {dagbag.py:540} INFO - Filling up the DagBag from /opt/airflow/dags/dag_dq_checkpoint.py
[2026-06-03T10:07:42.784+0000] {processor.py:840} INFO - DAG(s) 'neuralretail_dq_checkpoint' retrieved from /opt/airflow/dags/dag_dq_checkpoint.py
[2026-06-03T10:07:42.832+0000] {logging_mixin.py:188} INFO - [2026-06-03T10:07:42.831+0000] {dag.py:3096} INFO - Sync 1 DAGs
[2026-06-03T10:07:42.852+0000] {logging_mixin.py:188} INFO - [2026-06-03T10:07:42.851+0000] {dag.py:3954} INFO - Setting next_dagrun for neuralretail_dq_checkpoint to None, run_after=None
[2026-06-03T10:07:42.878+0000] {processor.py:183} INFO - Processing /opt/airflow/dags/dag_dq_checkpoint.py took 0.158 seconds
[2026-06-03T10:08:13.279+0000] {processor.py:161} INFO - Started process (PID=1000) to work on /opt/airflow/dags/dag_dq_checkpoint.py
[2026-06-03T10:08:13.283+0000] {processor.py:830} INFO - Processing file /opt/airflow/dags/dag_dq_checkpoint.py for tasks to queue
[2026-06-03T10:08:13.290+0000] {logging_mixin.py:188} INFO - [2026-06-03T10:08:13.289+0000] {dagbag.py:540} INFO - Filling up the DagBag from /opt/airflow/dags/dag_dq_checkpoint.py
[2026-06-03T10:08:13.376+0000] {processor.py:840} INFO - DAG(s) 'neuralretail_dq_checkpoint' retrieved from /opt/airflow/dags/dag_dq_checkpoint.py
[2026-06-03T10:08:13.437+0000] {logging_mixin.py:188} INFO - [2026-06-03T10:08:13.437+0000] {dag.py:3096} INFO - Sync 1 DAGs
[2026-06-03T10:08:13.449+0000] {logging_mixin.py:188} INFO - [2026-06-03T10:08:13.449+0000] {dag.py:3954} INFO - Setting next_dagrun for neuralretail_dq_checkpoint to None, run_after=None
[2026-06-03T10:08:13.486+0000] {processor.py:183} INFO - Processing /opt/airflow/dags/dag_dq_checkpoint.py took 0.219 seconds
[2026-06-03T10:08:44.224+0000] {processor.py:161} INFO - Started process (PID=1022) to work on /opt/airflow/dags/dag_dq_checkpoint.py
[2026-06-03T10:08:44.228+0000] {processor.py:830} INFO - Processing file /opt/airflow/dags/dag_dq_checkpoint.py for tasks to queue
[2026-06-03T10:08:44.232+0000] {logging_mixin.py:188} INFO - [2026-06-03T10:08:44.231+0000] {dagbag.py:540} INFO - Filling up the DagBag from /opt/airflow/dags/dag_dq_checkpoint.py
[2026-06-03T10:08:44.306+0000] {processor.py:840} INFO - DAG(s) 'neuralretail_dq_checkpoint' retrieved from /opt/airflow/dags/dag_dq_checkpoint.py
[2026-06-03T10:08:44.491+0000] {logging_mixin.py:188} INFO - [2026-06-03T10:08:44.491+0000] {dag.py:3096} INFO - Sync 1 DAGs
[2026-06-03T10:08:44.500+0000] {logging_mixin.py:188} INFO - [2026-06-03T10:08:44.499+0000] {dag.py:3954} INFO - Setting next_dagrun for neuralretail_dq_checkpoint to None, run_after=None
[2026-06-03T10:08:44.519+0000] {processor.py:183} INFO - Processing /opt/airflow/dags/dag_dq_checkpoint.py took 0.311 seconds
[2026-06-03T10:09:15.071+0000] {processor.py:161} INFO - Started process (PID=1042) to work on /opt/airflow/dags/dag_dq_checkpoint.py
[2026-06-03T10:09:15.072+0000] {processor.py:830} INFO - Processing file /opt/airflow/dags/dag_dq_checkpoint.py for tasks to queue
[2026-06-03T10:09:15.074+0000] {logging_mixin.py:188} INFO - [2026-06-03T10:09:15.073+0000] {dagbag.py:540} INFO - Filling up the DagBag from /opt/airflow/dags/dag_dq_checkpoint.py
[2026-06-03T10:09:15.122+0000] {processor.py:840} INFO - DAG(s) 'neuralretail_dq_checkpoint' retrieved from /opt/airflow/dags/dag_dq_checkpoint.py
[2026-06-03T10:09:15.197+0000] {logging_mixin.py:188} INFO - [2026-06-03T10:09:15.197+0000] {dag.py:3096} INFO - Sync 1 DAGs
[2026-06-03T10:09:15.219+0000] {logging_mixin.py:188} INFO - [2026-06-03T10:09:15.218+0000] {dag.py:3954} INFO - Setting next_dagrun for neuralretail_dq_checkpoint to None, run_after=None
[2026-06-03T10:09:15.275+0000] {processor.py:183} INFO - Processing /opt/airflow/dags/dag_dq_checkpoint.py took 0.209 seconds
[2026-06-03T10:09:45.618+0000] {processor.py:161} INFO - Started process (PID=1062) to work on /opt/airflow/dags/dag_dq_checkpoint.py
[2026-06-03T10:09:45.620+0000] {processor.py:830} INFO - Processing file /opt/airflow/dags/dag_dq_checkpoint.py for tasks to queue
[2026-06-03T10:09:45.623+0000] {logging_mixin.py:188} INFO - [2026-06-03T10:09:45.623+0000] {dagbag.py:540} INFO - Filling up the DagBag from /opt/airflow/dags/dag_dq_checkpoint.py
[2026-06-03T10:09:45.684+0000] {processor.py:840} INFO - DAG(s) 'neuralretail_dq_checkpoint' retrieved from /opt/airflow/dags/dag_dq_checkpoint.py
[2026-06-03T10:09:45.750+0000] {logging_mixin.py:188} INFO - [2026-06-03T10:09:45.749+0000] {dag.py:3096} INFO - Sync 1 DAGs
[2026-06-03T10:09:45.778+0000] {logging_mixin.py:188} INFO - [2026-06-03T10:09:45.777+0000] {dag.py:3954} INFO - Setting next_dagrun for neuralretail_dq_checkpoint to None, run_after=None
[2026-06-03T10:09:45.818+0000] {processor.py:183} INFO - Processing /opt/airflow/dags/dag_dq_checkpoint.py took 0.207 seconds
[2026-06-03T10:10:16.363+0000] {processor.py:161} INFO - Started process (PID=1082) to work on /opt/airflow/dags/dag_dq_checkpoint.py
[2026-06-03T10:10:16.367+0000] {processor.py:830} INFO - Processing file /opt/airflow/dags/dag_dq_checkpoint.py for tasks to queue
[2026-06-03T10:10:16.371+0000] {logging_mixin.py:188} INFO - [2026-06-03T10:10:16.370+0000] {dagbag.py:540} INFO - Filling up the DagBag from /opt/airflow/dags/dag_dq_checkpoint.py
[2026-06-03T10:10:16.451+0000] {processor.py:840} INFO - DAG(s) 'neuralretail_dq_checkpoint' retrieved from /opt/airflow/dags/dag_dq_checkpoint.py
[2026-06-03T10:10:16.548+0000] {logging_mixin.py:188} INFO - [2026-06-03T10:10:16.547+0000] {dag.py:3096} INFO - Sync 1 DAGs
[2026-06-03T10:10:16.580+0000] {logging_mixin.py:188} INFO - [2026-06-03T10:10:16.579+0000] {dag.py:3954} INFO - Setting next_dagrun for neuralretail_dq_checkpoint to None, run_after=None
[2026-06-03T10:10:16.645+0000] {processor.py:183} INFO - Processing /opt/airflow/dags/dag_dq_checkpoint.py took 0.298 seconds
[2026-06-03T10:10:47.296+0000] {processor.py:161} INFO - Started process (PID=1102) to work on /opt/airflow/dags/dag_dq_checkpoint.py
[2026-06-03T10:10:47.300+0000] {processor.py:830} INFO - Processing file /opt/airflow/dags/dag_dq_checkpoint.py for tasks to queue
[2026-06-03T10:10:47.303+0000] {logging_mixin.py:188} INFO - [2026-06-03T10:10:47.302+0000] {dagbag.py:540} INFO - Filling up the DagBag from /opt/airflow/dags/dag_dq_checkpoint.py
[2026-06-03T10:10:47.396+0000] {processor.py:840} INFO - DAG(s) 'neuralretail_dq_checkpoint' retrieved from /opt/airflow/dags/dag_dq_checkpoint.py
[2026-06-03T10:10:47.465+0000] {logging_mixin.py:188} INFO - [2026-06-03T10:10:47.465+0000] {dag.py:3096} INFO - Sync 1 DAGs
[2026-06-03T10:10:47.508+0000] {logging_mixin.py:188} INFO - [2026-06-03T10:10:47.508+0000] {dag.py:3954} INFO - Setting next_dagrun for neuralretail_dq_checkpoint to None, run_after=None
[2026-06-03T10:10:47.537+0000] {processor.py:183} INFO - Processing /opt/airflow/dags/dag_dq_checkpoint.py took 0.250 seconds
[2026-06-03T10:11:18.067+0000] {processor.py:161} INFO - Started process (PID=1122) to work on /opt/airflow/dags/dag_dq_checkpoint.py
[2026-06-03T10:11:18.070+0000] {processor.py:830} INFO - Processing file /opt/airflow/dags/dag_dq_checkpoint.py for tasks to queue
[2026-06-03T10:11:18.076+0000] {logging_mixin.py:188} INFO - [2026-06-03T10:11:18.075+0000] {dagbag.py:540} INFO - Filling up the DagBag from /opt/airflow/dags/dag_dq_checkpoint.py
[2026-06-03T10:11:18.229+0000] {processor.py:840} INFO - DAG(s) 'neuralretail_dq_checkpoint' retrieved from /opt/airflow/dags/dag_dq_checkpoint.py
[2026-06-03T10:11:18.336+0000] {logging_mixin.py:188} INFO - [2026-06-03T10:11:18.336+0000] {dag.py:3096} INFO - Sync 1 DAGs
[2026-06-03T10:11:18.362+0000] {logging_mixin.py:188} INFO - [2026-06-03T10:11:18.361+0000] {dag.py:3954} INFO - Setting next_dagrun for neuralretail_dq_checkpoint to None, run_after=None
[2026-06-03T10:11:18.393+0000] {processor.py:183} INFO - Processing /opt/airflow/dags/dag_dq_checkpoint.py took 0.345 seconds
[2026-06-03T10:11:49.432+0000] {processor.py:161} INFO - Started process (PID=1142) to work on /opt/airflow/dags/dag_dq_checkpoint.py
[2026-06-03T10:11:49.444+0000] {processor.py:830} INFO - Processing file /opt/airflow/dags/dag_dq_checkpoint.py for tasks to queue
[2026-06-03T10:11:49.451+0000] {logging_mixin.py:188} INFO - [2026-06-03T10:11:49.450+0000] {dagbag.py:540} INFO - Filling up the DagBag from /opt/airflow/dags/dag_dq_checkpoint.py
[2026-06-03T10:11:49.548+0000] {processor.py:840} INFO - DAG(s) 'neuralretail_dq_checkpoint' retrieved from /opt/airflow/dags/dag_dq_checkpoint.py
[2026-06-03T10:11:49.655+0000] {logging_mixin.py:188} INFO - [2026-06-03T10:11:49.654+0000] {dag.py:3096} INFO - Sync 1 DAGs
[2026-06-03T10:11:49.676+0000] {logging_mixin.py:188} INFO - [2026-06-03T10:11:49.675+0000] {dag.py:3954} INFO - Setting next_dagrun for neuralretail_dq_checkpoint to None, run_after=None
[2026-06-03T10:11:49.701+0000] {processor.py:183} INFO - Processing /opt/airflow/dags/dag_dq_checkpoint.py took 0.278 seconds
[2026-06-03T10:12:21.350+0000] {processor.py:161} INFO - Started process (PID=1162) to work on /opt/airflow/dags/dag_dq_checkpoint.py
[2026-06-03T10:12:21.354+0000] {processor.py:830} INFO - Processing file /opt/airflow/dags/dag_dq_checkpoint.py for tasks to queue
[2026-06-03T10:12:21.366+0000] {logging_mixin.py:188} INFO - [2026-06-03T10:12:21.365+0000] {dagbag.py:540} INFO - Filling up the DagBag from /opt/airflow/dags/dag_dq_checkpoint.py
[2026-06-03T10:12:21.715+0000] {processor.py:840} INFO - DAG(s) 'neuralretail_dq_checkpoint' retrieved from /opt/airflow/dags/dag_dq_checkpoint.py
[2026-06-03T10:12:21.770+0000] {logging_mixin.py:188} INFO - [2026-06-03T10:12:21.769+0000] {dag.py:3096} INFO - Sync 1 DAGs
[2026-06-03T10:12:21.784+0000] {logging_mixin.py:188} INFO - [2026-06-03T10:12:21.784+0000] {dag.py:3954} INFO - Setting next_dagrun for neuralretail_dq_checkpoint to None, run_after=None
[2026-06-03T10:12:21.805+0000] {processor.py:183} INFO - Processing /opt/airflow/dags/dag_dq_checkpoint.py took 0.462 seconds
[2026-06-03T10:12:51.978+0000] {processor.py:161} INFO - Started process (PID=1182) to work on /opt/airflow/dags/dag_dq_checkpoint.py
[2026-06-03T10:12:51.980+0000] {processor.py:830} INFO - Processing file /opt/airflow/dags/dag_dq_checkpoint.py for tasks to queue
[2026-06-03T10:12:51.982+0000] {logging_mixin.py:188} INFO - [2026-06-03T10:12:51.982+0000] {dagbag.py:540} INFO - Filling up the DagBag from /opt/airflow/dags/dag_dq_checkpoint.py
[2026-06-03T10:12:52.035+0000] {processor.py:840} INFO - DAG(s) 'neuralretail_dq_checkpoint' retrieved from /opt/airflow/dags/dag_dq_checkpoint.py
[2026-06-03T10:12:52.083+0000] {logging_mixin.py:188} INFO - [2026-06-03T10:12:52.083+0000] {dag.py:3096} INFO - Sync 1 DAGs
[2026-06-03T10:12:52.096+0000] {logging_mixin.py:188} INFO - [2026-06-03T10:12:52.095+0000] {dag.py:3954} INFO - Setting next_dagrun for neuralretail_dq_checkpoint to None, run_after=None
[2026-06-03T10:12:52.117+0000] {processor.py:183} INFO - Processing /opt/airflow/dags/dag_dq_checkpoint.py took 0.147 seconds
[2026-06-03T10:13:22.695+0000] {processor.py:161} INFO - Started process (PID=1202) to work on /opt/airflow/dags/dag_dq_checkpoint.py
[2026-06-03T10:13:22.697+0000] {processor.py:830} INFO - Processing file /opt/airflow/dags/dag_dq_checkpoint.py for tasks to queue
[2026-06-03T10:13:22.700+0000] {logging_mixin.py:188} INFO - [2026-06-03T10:13:22.700+0000] {dagbag.py:540} INFO - Filling up the DagBag from /opt/airflow/dags/dag_dq_checkpoint.py
[2026-06-03T10:13:22.740+0000] {processor.py:840} INFO - DAG(s) 'neuralretail_dq_checkpoint' retrieved from /opt/airflow/dags/dag_dq_checkpoint.py
[2026-06-03T10:13:22.790+0000] {logging_mixin.py:188} INFO - [2026-06-03T10:13:22.789+0000] {dag.py:3096} INFO - Sync 1 DAGs
[2026-06-03T10:13:22.803+0000] {logging_mixin.py:188} INFO - [2026-06-03T10:13:22.803+0000] {dag.py:3954} INFO - Setting next_dagrun for neuralretail_dq_checkpoint to None, run_after=None
[2026-06-03T10:13:22.823+0000] {processor.py:183} INFO - Processing /opt/airflow/dags/dag_dq_checkpoint.py took 0.132 seconds
[2026-06-03T10:13:53.323+0000] {processor.py:161} INFO - Started process (PID=1222) to work on /opt/airflow/dags/dag_dq_checkpoint.py
[2026-06-03T10:13:53.326+0000] {processor.py:830} INFO - Processing file /opt/airflow/dags/dag_dq_checkpoint.py for tasks to queue
[2026-06-03T10:13:53.331+0000] {logging_mixin.py:188} INFO - [2026-06-03T10:13:53.331+0000] {dagbag.py:540} INFO - Filling up the DagBag from /opt/airflow/dags/dag_dq_checkpoint.py
[2026-06-03T10:13:53.390+0000] {processor.py:840} INFO - DAG(s) 'neuralretail_dq_checkpoint' retrieved from /opt/airflow/dags/dag_dq_checkpoint.py
[2026-06-03T10:13:53.488+0000] {logging_mixin.py:188} INFO - [2026-06-03T10:13:53.487+0000] {dag.py:3096} INFO - Sync 1 DAGs
[2026-06-03T10:13:53.514+0000] {logging_mixin.py:188} INFO - [2026-06-03T10:13:53.514+0000] {dag.py:3954} INFO - Setting next_dagrun for neuralretail_dq_checkpoint to None, run_after=None
[2026-06-03T10:13:53.551+0000] {processor.py:183} INFO - Processing /opt/airflow/dags/dag_dq_checkpoint.py took 0.238 seconds
[2026-06-03T10:14:23.757+0000] {processor.py:161} INFO - Started process (PID=1242) to work on /opt/airflow/dags/dag_dq_checkpoint.py
[2026-06-03T10:14:23.759+0000] {processor.py:830} INFO - Processing file /opt/airflow/dags/dag_dq_checkpoint.py for tasks to queue
[2026-06-03T10:14:23.762+0000] {logging_mixin.py:188} INFO - [2026-06-03T10:14:23.761+0000] {dagbag.py:540} INFO - Filling up the DagBag from /opt/airflow/dags/dag_dq_checkpoint.py
[2026-06-03T10:14:23.848+0000] {processor.py:840} INFO - DAG(s) 'neuralretail_dq_checkpoint' retrieved from /opt/airflow/dags/dag_dq_checkpoint.py
[2026-06-03T10:14:23.903+0000] {logging_mixin.py:188} INFO - [2026-06-03T10:14:23.903+0000] {dag.py:3096} INFO - Sync 1 DAGs
[2026-06-03T10:14:23.916+0000] {logging_mixin.py:188} INFO - [2026-06-03T10:14:23.916+0000] {dag.py:3954} INFO - Setting next_dagrun for neuralretail_dq_checkpoint to None, run_after=None
[2026-06-03T10:14:23.939+0000] {processor.py:183} INFO - Processing /opt/airflow/dags/dag_dq_checkpoint.py took 0.193 seconds
[2026-06-03T10:14:54.198+0000] {processor.py:161} INFO - Started process (PID=1262) to work on /opt/airflow/dags/dag_dq_checkpoint.py
[2026-06-03T10:14:54.200+0000] {processor.py:830} INFO - Processing file /opt/airflow/dags/dag_dq_checkpoint.py for tasks to queue
[2026-06-03T10:14:54.202+0000] {logging_mixin.py:188} INFO - [2026-06-03T10:14:54.202+0000] {dagbag.py:540} INFO - Filling up the DagBag from /opt/airflow/dags/dag_dq_checkpoint.py
[2026-06-03T10:14:54.250+0000] {processor.py:840} INFO - DAG(s) 'neuralretail_dq_checkpoint' retrieved from /opt/airflow/dags/dag_dq_checkpoint.py
[2026-06-03T10:14:54.320+0000] {logging_mixin.py:188} INFO - [2026-06-03T10:14:54.320+0000] {dag.py:3096} INFO - Sync 1 DAGs
[2026-06-03T10:14:54.333+0000] {logging_mixin.py:188} INFO - [2026-06-03T10:14:54.333+0000] {dag.py:3954} INFO - Setting next_dagrun for neuralretail_dq_checkpoint to None, run_after=None
[2026-06-03T10:14:54.393+0000] {processor.py:183} INFO - Processing /opt/airflow/dags/dag_dq_checkpoint.py took 0.207 seconds
[2026-06-03T10:15:24.745+0000] {processor.py:161} INFO - Started process (PID=1282) to work on /opt/airflow/dags/dag_dq_checkpoint.py
[2026-06-03T10:15:24.748+0000] {processor.py:830} INFO - Processing file /opt/airflow/dags/dag_dq_checkpoint.py for tasks to queue
[2026-06-03T10:15:24.749+0000] {logging_mixin.py:188} INFO - [2026-06-03T10:15:24.749+0000] {dagbag.py:540} INFO - Filling up the DagBag from /opt/airflow/dags/dag_dq_checkpoint.py
[2026-06-03T10:15:24.840+0000] {processor.py:840} INFO - DAG(s) 'neuralretail_dq_checkpoint' retrieved from /opt/airflow/dags/dag_dq_checkpoint.py
[2026-06-03T10:15:24.952+0000] {logging_mixin.py:188} INFO - [2026-06-03T10:15:24.951+0000] {dag.py:3096} INFO - Sync 1 DAGs
[2026-06-03T10:15:24.988+0000] {logging_mixin.py:188} INFO - [2026-06-03T10:15:24.988+0000] {dag.py:3954} INFO - Setting next_dagrun for neuralretail_dq_checkpoint to None, run_after=None
[2026-06-03T10:15:25.031+0000] {processor.py:183} INFO - Processing /opt/airflow/dags/dag_dq_checkpoint.py took 0.293 seconds
[2026-06-03T10:15:55.177+0000] {processor.py:161} INFO - Started process (PID=1302) to work on /opt/airflow/dags/dag_dq_checkpoint.py
[2026-06-03T10:15:55.179+0000] {processor.py:830} INFO - Processing file /opt/airflow/dags/dag_dq_checkpoint.py for tasks to queue
[2026-06-03T10:15:55.181+0000] {logging_mixin.py:188} INFO - [2026-06-03T10:15:55.181+0000] {dagbag.py:540} INFO - Filling up the DagBag from /opt/airflow/dags/dag_dq_checkpoint.py
[2026-06-03T10:15:55.222+0000] {processor.py:840} INFO - DAG(s) 'neuralretail_dq_checkpoint' retrieved from /opt/airflow/dags/dag_dq_checkpoint.py
[2026-06-03T10:15:55.274+0000] {logging_mixin.py:188} INFO - [2026-06-03T10:15:55.274+0000] {dag.py:3096} INFO - Sync 1 DAGs
[2026-06-03T10:15:55.290+0000] {logging_mixin.py:188} INFO - [2026-06-03T10:15:55.290+0000] {dag.py:3954} INFO - Setting next_dagrun for neuralretail_dq_checkpoint to None, run_after=None
[2026-06-03T10:15:55.330+0000] {processor.py:183} INFO - Processing /opt/airflow/dags/dag_dq_checkpoint.py took 0.160 seconds
[2026-06-03T10:16:25.580+0000] {processor.py:161} INFO - Started process (PID=1322) to work on /opt/airflow/dags/dag_dq_checkpoint.py
[2026-06-03T10:16:25.590+0000] {processor.py:830} INFO - Processing file /opt/airflow/dags/dag_dq_checkpoint.py for tasks to queue
[2026-06-03T10:16:25.594+0000] {logging_mixin.py:188} INFO - [2026-06-03T10:16:25.593+0000] {dagbag.py:540} INFO - Filling up the DagBag from /opt/airflow/dags/dag_dq_checkpoint.py
[2026-06-03T10:16:25.645+0000] {processor.py:840} INFO - DAG(s) 'neuralretail_dq_checkpoint' retrieved from /opt/airflow/dags/dag_dq_checkpoint.py
[2026-06-03T10:16:25.730+0000] {logging_mixin.py:188} INFO - [2026-06-03T10:16:25.730+0000] {dag.py:3096} INFO - Sync 1 DAGs
[2026-06-03T10:16:25.753+0000] {logging_mixin.py:188} INFO - [2026-06-03T10:16:25.753+0000] {dag.py:3954} INFO - Setting next_dagrun for neuralretail_dq_checkpoint to None, run_after=None
[2026-06-03T10:16:25.792+0000] {processor.py:183} INFO - Processing /opt/airflow/dags/dag_dq_checkpoint.py took 0.224 seconds
[2026-06-03T10:16:56.108+0000] {processor.py:161} INFO - Started process (PID=1342) to work on /opt/airflow/dags/dag_dq_checkpoint.py
[2026-06-03T10:16:56.112+0000] {processor.py:830} INFO - Processing file /opt/airflow/dags/dag_dq_checkpoint.py for tasks to queue
[2026-06-03T10:16:56.117+0000] {logging_mixin.py:188} INFO - [2026-06-03T10:16:56.116+0000] {dagbag.py:540} INFO - Filling up the DagBag from /opt/airflow/dags/dag_dq_checkpoint.py
[2026-06-03T10:16:56.245+0000] {processor.py:840} INFO - DAG(s) 'neuralretail_dq_checkpoint' retrieved from /opt/airflow/dags/dag_dq_checkpoint.py
[2026-06-03T10:16:56.361+0000] {logging_mixin.py:188} INFO - [2026-06-03T10:16:56.360+0000] {dag.py:3096} INFO - Sync 1 DAGs
[2026-06-03T10:16:56.390+0000] {logging_mixin.py:188} INFO - [2026-06-03T10:16:56.389+0000] {dag.py:3954} INFO - Setting next_dagrun for neuralretail_dq_checkpoint to None, run_after=None
[2026-06-03T10:16:56.422+0000] {processor.py:183} INFO - Processing /opt/airflow/dags/dag_dq_checkpoint.py took 0.324 seconds
[2026-06-03T10:17:26.701+0000] {processor.py:161} INFO - Started process (PID=1362) to work on /opt/airflow/dags/dag_dq_checkpoint.py
[2026-06-03T10:17:26.703+0000] {processor.py:830} INFO - Processing file /opt/airflow/dags/dag_dq_checkpoint.py for tasks to queue
[2026-06-03T10:17:26.705+0000] {logging_mixin.py:188} INFO - [2026-06-03T10:17:26.705+0000] {dagbag.py:540} INFO - Filling up the DagBag from /opt/airflow/dags/dag_dq_checkpoint.py
[2026-06-03T10:17:26.750+0000] {processor.py:840} INFO - DAG(s) 'neuralretail_dq_checkpoint' retrieved from /opt/airflow/dags/dag_dq_checkpoint.py
[2026-06-03T10:17:26.794+0000] {logging_mixin.py:188} INFO - [2026-06-03T10:17:26.793+0000] {dag.py:3096} INFO - Sync 1 DAGs
[2026-06-03T10:17:26.805+0000] {logging_mixin.py:188} INFO - [2026-06-03T10:17:26.804+0000] {dag.py:3954} INFO - Setting next_dagrun for neuralretail_dq_checkpoint to None, run_after=None
[2026-06-03T10:17:26.825+0000] {processor.py:183} INFO - Processing /opt/airflow/dags/dag_dq_checkpoint.py took 0.131 seconds
[2026-06-03T10:17:57.500+0000] {processor.py:161} INFO - Started process (PID=1382) to work on /opt/airflow/dags/dag_dq_checkpoint.py
[2026-06-03T10:17:57.505+0000] {processor.py:830} INFO - Processing file /opt/airflow/dags/dag_dq_checkpoint.py for tasks to queue
[2026-06-03T10:17:57.514+0000] {logging_mixin.py:188} INFO - [2026-06-03T10:17:57.513+0000] {dagbag.py:540} INFO - Filling up the DagBag from /opt/airflow/dags/dag_dq_checkpoint.py
[2026-06-03T10:17:57.793+0000] {processor.py:840} INFO - DAG(s) 'neuralretail_dq_checkpoint' retrieved from /opt/airflow/dags/dag_dq_checkpoint.py
[2026-06-03T10:17:57.829+0000] {logging_mixin.py:188} INFO - [2026-06-03T10:17:57.829+0000] {dag.py:3096} INFO - Sync 1 DAGs
[2026-06-03T10:17:57.844+0000] {logging_mixin.py:188} INFO - [2026-06-03T10:17:57.844+0000] {dag.py:3954} INFO - Setting next_dagrun for neuralretail_dq_checkpoint to None, run_after=None
[2026-06-03T10:17:57.864+0000] {processor.py:183} INFO - Processing /opt/airflow/dags/dag_dq_checkpoint.py took 0.373 seconds
[2026-06-03T10:18:28.840+0000] {processor.py:161} INFO - Started process (PID=1402) to work on /opt/airflow/dags/dag_dq_checkpoint.py
[2026-06-03T10:18:28.841+0000] {processor.py:830} INFO - Processing file /opt/airflow/dags/dag_dq_checkpoint.py for tasks to queue
[2026-06-03T10:18:28.845+0000] {logging_mixin.py:188} INFO - [2026-06-03T10:18:28.844+0000] {dagbag.py:540} INFO - Filling up the DagBag from /opt/airflow/dags/dag_dq_checkpoint.py
[2026-06-03T10:18:28.955+0000] {processor.py:840} INFO - DAG(s) 'neuralretail_dq_checkpoint' retrieved from /opt/airflow/dags/dag_dq_checkpoint.py
[2026-06-03T10:18:29.032+0000] {logging_mixin.py:188} INFO - [2026-06-03T10:18:29.031+0000] {dag.py:3096} INFO - Sync 1 DAGs
[2026-06-03T10:18:29.061+0000] {logging_mixin.py:188} INFO - [2026-06-03T10:18:29.061+0000] {dag.py:3954} INFO - Setting next_dagrun for neuralretail_dq_checkpoint to None, run_after=None
[2026-06-03T10:18:29.102+0000] {processor.py:183} INFO - Processing /opt/airflow/dags/dag_dq_checkpoint.py took 0.273 seconds
[2026-06-03T10:18:59.289+0000] {processor.py:161} INFO - Started process (PID=1422) to work on /opt/airflow/dags/dag_dq_checkpoint.py
[2026-06-03T10:18:59.294+0000] {processor.py:830} INFO - Processing file /opt/airflow/dags/dag_dq_checkpoint.py for tasks to queue
[2026-06-03T10:18:59.300+0000] {logging_mixin.py:188} INFO - [2026-06-03T10:18:59.299+0000] {dagbag.py:540} INFO - Filling up the DagBag from /opt/airflow/dags/dag_dq_checkpoint.py
[2026-06-03T10:18:59.419+0000] {processor.py:840} INFO - DAG(s) 'neuralretail_dq_checkpoint' retrieved from /opt/airflow/dags/dag_dq_checkpoint.py
[2026-06-03T10:18:59.492+0000] {logging_mixin.py:188} INFO - [2026-06-03T10:18:59.492+0000] {dag.py:3096} INFO - Sync 1 DAGs
[2026-06-03T10:18:59.507+0000] {logging_mixin.py:188} INFO - [2026-06-03T10:18:59.507+0000] {dag.py:3954} INFO - Setting next_dagrun for neuralretail_dq_checkpoint to None, run_after=None
[2026-06-03T10:18:59.530+0000] {processor.py:183} INFO - Processing /opt/airflow/dags/dag_dq_checkpoint.py took 0.256 seconds
[2026-06-03T10:19:30.077+0000] {processor.py:161} INFO - Started process (PID=1442) to work on /opt/airflow/dags/dag_dq_checkpoint.py
[2026-06-03T10:19:30.082+0000] {processor.py:830} INFO - Processing file /opt/airflow/dags/dag_dq_checkpoint.py for tasks to queue
[2026-06-03T10:19:30.087+0000] {logging_mixin.py:188} INFO - [2026-06-03T10:19:30.086+0000] {dagbag.py:540} INFO - Filling up the DagBag from /opt/airflow/dags/dag_dq_checkpoint.py
[2026-06-03T10:19:30.189+0000] {processor.py:840} INFO - DAG(s) 'neuralretail_dq_checkpoint' retrieved from /opt/airflow/dags/dag_dq_checkpoint.py
[2026-06-03T10:19:30.280+0000] {logging_mixin.py:188} INFO - [2026-06-03T10:19:30.280+0000] {dag.py:3096} INFO - Sync 1 DAGs
[2026-06-03T10:19:30.321+0000] {logging_mixin.py:188} INFO - [2026-06-03T10:19:30.320+0000] {dag.py:3954} INFO - Setting next_dagrun for neuralretail_dq_checkpoint to None, run_after=None
[2026-06-03T10:19:30.359+0000] {processor.py:183} INFO - Processing /opt/airflow/dags/dag_dq_checkpoint.py took 0.290 seconds
[2026-06-03T10:20:00.537+0000] {processor.py:161} INFO - Started process (PID=1462) to work on /opt/airflow/dags/dag_dq_checkpoint.py
[2026-06-03T10:20:00.542+0000] {processor.py:830} INFO - Processing file /opt/airflow/dags/dag_dq_checkpoint.py for tasks to queue
[2026-06-03T10:20:00.544+0000] {logging_mixin.py:188} INFO - [2026-06-03T10:20:00.544+0000] {dagbag.py:540} INFO - Filling up the DagBag from /opt/airflow/dags/dag_dq_checkpoint.py
[2026-06-03T10:20:00.604+0000] {processor.py:840} INFO - DAG(s) 'neuralretail_dq_checkpoint' retrieved from /opt/airflow/dags/dag_dq_checkpoint.py
[2026-06-03T10:20:00.658+0000] {logging_mixin.py:188} INFO - [2026-06-03T10:20:00.658+0000] {dag.py:3096} INFO - Sync 1 DAGs
[2026-06-03T10:20:00.674+0000] {logging_mixin.py:188} INFO - [2026-06-03T10:20:00.674+0000] {dag.py:3954} INFO - Setting next_dagrun for neuralretail_dq_checkpoint to None, run_after=None
[2026-06-03T10:20:00.706+0000] {processor.py:183} INFO - Processing /opt/airflow/dags/dag_dq_checkpoint.py took 0.176 seconds
[2026-06-03T10:20:31.042+0000] {processor.py:161} INFO - Started process (PID=1482) to work on /opt/airflow/dags/dag_dq_checkpoint.py
[2026-06-03T10:20:31.044+0000] {processor.py:830} INFO - Processing file /opt/airflow/dags/dag_dq_checkpoint.py for tasks to queue
[2026-06-03T10:20:31.047+0000] {logging_mixin.py:188} INFO - [2026-06-03T10:20:31.046+0000] {dagbag.py:540} INFO - Filling up the DagBag from /opt/airflow/dags/dag_dq_checkpoint.py
[2026-06-03T10:20:31.092+0000] {processor.py:840} INFO - DAG(s) 'neuralretail_dq_checkpoint' retrieved from /opt/airflow/dags/dag_dq_checkpoint.py
[2026-06-03T10:20:31.135+0000] {logging_mixin.py:188} INFO - [2026-06-03T10:20:31.135+0000] {dag.py:3096} INFO - Sync 1 DAGs
[2026-06-03T10:20:31.148+0000] {logging_mixin.py:188} INFO - [2026-06-03T10:20:31.148+0000] {dag.py:3954} INFO - Setting next_dagrun for neuralretail_dq_checkpoint to None, run_after=None
[2026-06-03T10:20:31.173+0000] {processor.py:183} INFO - Processing /opt/airflow/dags/dag_dq_checkpoint.py took 0.138 seconds
[2026-06-03T10:21:01.601+0000] {processor.py:161} INFO - Started process (PID=1502) to work on /opt/airflow/dags/dag_dq_checkpoint.py
[2026-06-03T10:21:01.603+0000] {processor.py:830} INFO - Processing file /opt/airflow/dags/dag_dq_checkpoint.py for tasks to queue
[2026-06-03T10:21:01.606+0000] {logging_mixin.py:188} INFO - [2026-06-03T10:21:01.606+0000] {dagbag.py:540} INFO - Filling up the DagBag from /opt/airflow/dags/dag_dq_checkpoint.py
[2026-06-03T10:21:01.743+0000] {processor.py:840} INFO - DAG(s) 'neuralretail_dq_checkpoint' retrieved from /opt/airflow/dags/dag_dq_checkpoint.py
[2026-06-03T10:21:01.808+0000] {logging_mixin.py:188} INFO - [2026-06-03T10:21:01.808+0000] {dag.py:3096} INFO - Sync 1 DAGs
[2026-06-03T10:21:01.821+0000] {logging_mixin.py:188} INFO - [2026-06-03T10:21:01.821+0000] {dag.py:3954} INFO - Setting next_dagrun for neuralretail_dq_checkpoint to None, run_after=None
[2026-06-03T10:21:01.840+0000] {processor.py:183} INFO - Processing /opt/airflow/dags/dag_dq_checkpoint.py took 0.244 seconds
[2026-06-03T10:21:32.532+0000] {processor.py:161} INFO - Started process (PID=1522) to work on /opt/airflow/dags/dag_dq_checkpoint.py
[2026-06-03T10:21:32.535+0000] {processor.py:830} INFO - Processing file /opt/airflow/dags/dag_dq_checkpoint.py for tasks to queue
[2026-06-03T10:21:32.540+0000] {logging_mixin.py:188} INFO - [2026-06-03T10:21:32.540+0000] {dagbag.py:540} INFO - Filling up the DagBag from /opt/airflow/dags/dag_dq_checkpoint.py
[2026-06-03T10:21:32.611+0000] {processor.py:840} INFO - DAG(s) 'neuralretail_dq_checkpoint' retrieved from /opt/airflow/dags/dag_dq_checkpoint.py
[2026-06-03T10:21:32.735+0000] {logging_mixin.py:188} INFO - [2026-06-03T10:21:32.734+0000] {dag.py:3096} INFO - Sync 1 DAGs
[2026-06-03T10:21:32.756+0000] {logging_mixin.py:188} INFO - [2026-06-03T10:21:32.755+0000] {dag.py:3954} INFO - Setting next_dagrun for neuralretail_dq_checkpoint to None, run_after=None
[2026-06-03T10:21:32.810+0000] {processor.py:183} INFO - Processing /opt/airflow/dags/dag_dq_checkpoint.py took 0.292 seconds
[2026-06-03T10:22:03.162+0000] {processor.py:161} INFO - Started process (PID=1542) to work on /opt/airflow/dags/dag_dq_checkpoint.py
[2026-06-03T10:22:03.165+0000] {processor.py:830} INFO - Processing file /opt/airflow/dags/dag_dq_checkpoint.py for tasks to queue
[2026-06-03T10:22:03.168+0000] {logging_mixin.py:188} INFO - [2026-06-03T10:22:03.168+0000] {dagbag.py:540} INFO - Filling up the DagBag from /opt/airflow/dags/dag_dq_checkpoint.py
[2026-06-03T10:22:03.227+0000] {processor.py:840} INFO - DAG(s) 'neuralretail_dq_checkpoint' retrieved from /opt/airflow/dags/dag_dq_checkpoint.py
[2026-06-03T10:22:03.279+0000] {logging_mixin.py:188} INFO - [2026-06-03T10:22:03.279+0000] {dag.py:3096} INFO - Sync 1 DAGs
[2026-06-03T10:22:03.297+0000] {logging_mixin.py:188} INFO - [2026-06-03T10:22:03.297+0000] {dag.py:3954} INFO - Setting next_dagrun for neuralretail_dq_checkpoint to None, run_after=None
[2026-06-03T10:22:03.326+0000] {processor.py:183} INFO - Processing /opt/airflow/dags/dag_dq_checkpoint.py took 0.173 seconds
[2026-06-03T10:22:33.827+0000] {processor.py:161} INFO - Started process (PID=1562) to work on /opt/airflow/dags/dag_dq_checkpoint.py
[2026-06-03T10:22:33.832+0000] {processor.py:830} INFO - Processing file /opt/airflow/dags/dag_dq_checkpoint.py for tasks to queue
[2026-06-03T10:22:33.837+0000] {logging_mixin.py:188} INFO - [2026-06-03T10:22:33.837+0000] {dagbag.py:540} INFO - Filling up the DagBag from /opt/airflow/dags/dag_dq_checkpoint.py
[2026-06-03T10:22:34.016+0000] {processor.py:840} INFO - DAG(s) 'neuralretail_dq_checkpoint' retrieved from /opt/airflow/dags/dag_dq_checkpoint.py
[2026-06-03T10:22:34.079+0000] {logging_mixin.py:188} INFO - [2026-06-03T10:22:34.078+0000] {dag.py:3096} INFO - Sync 1 DAGs
[2026-06-03T10:22:34.093+0000] {logging_mixin.py:188} INFO - [2026-06-03T10:22:34.093+0000] {dag.py:3954} INFO - Setting next_dagrun for neuralretail_dq_checkpoint to None, run_after=None
[2026-06-03T10:22:34.113+0000] {processor.py:183} INFO - Processing /opt/airflow/dags/dag_dq_checkpoint.py took 0.291 seconds
[2026-06-03T10:23:04.289+0000] {processor.py:161} INFO - Started process (PID=1582) to work on /opt/airflow/dags/dag_dq_checkpoint.py
[2026-06-03T10:23:04.291+0000] {processor.py:830} INFO - Processing file /opt/airflow/dags/dag_dq_checkpoint.py for tasks to queue
[2026-06-03T10:23:04.292+0000] {logging_mixin.py:188} INFO - [2026-06-03T10:23:04.292+0000] {dagbag.py:540} INFO - Filling up the DagBag from /opt/airflow/dags/dag_dq_checkpoint.py
[2026-06-03T10:23:04.339+0000] {processor.py:840} INFO - DAG(s) 'neuralretail_dq_checkpoint' retrieved from /opt/airflow/dags/dag_dq_checkpoint.py
[2026-06-03T10:23:04.393+0000] {logging_mixin.py:188} INFO - [2026-06-03T10:23:04.393+0000] {dag.py:3096} INFO - Sync 1 DAGs
[2026-06-03T10:23:04.407+0000] {logging_mixin.py:188} INFO - [2026-06-03T10:23:04.406+0000] {dag.py:3954} INFO - Setting next_dagrun for neuralretail_dq_checkpoint to None, run_after=None
[2026-06-03T10:23:04.428+0000] {processor.py:183} INFO - Processing /opt/airflow/dags/dag_dq_checkpoint.py took 0.143 seconds
[2026-06-03T10:23:35.186+0000] {processor.py:161} INFO - Started process (PID=1602) to work on /opt/airflow/dags/dag_dq_checkpoint.py
[2026-06-03T10:23:35.190+0000] {processor.py:830} INFO - Processing file /opt/airflow/dags/dag_dq_checkpoint.py for tasks to queue
[2026-06-03T10:23:35.192+0000] {logging_mixin.py:188} INFO - [2026-06-03T10:23:35.191+0000] {dagbag.py:540} INFO - Filling up the DagBag from /opt/airflow/dags/dag_dq_checkpoint.py
[2026-06-03T10:23:35.248+0000] {processor.py:840} INFO - DAG(s) 'neuralretail_dq_checkpoint' retrieved from /opt/airflow/dags/dag_dq_checkpoint.py
[2026-06-03T10:23:35.299+0000] {logging_mixin.py:188} INFO - [2026-06-03T10:23:35.299+0000] {dag.py:3096} INFO - Sync 1 DAGs
[2026-06-03T10:23:35.310+0000] {logging_mixin.py:188} INFO - [2026-06-03T10:23:35.310+0000] {dag.py:3954} INFO - Setting next_dagrun for neuralretail_dq_checkpoint to None, run_after=None
[2026-06-03T10:23:35.354+0000] {processor.py:183} INFO - Processing /opt/airflow/dags/dag_dq_checkpoint.py took 0.173 seconds
[2026-06-03T10:24:05.888+0000] {processor.py:161} INFO - Started process (PID=1622) to work on /opt/airflow/dags/dag_dq_checkpoint.py
[2026-06-03T10:24:05.890+0000] {processor.py:830} INFO - Processing file /opt/airflow/dags/dag_dq_checkpoint.py for tasks to queue
[2026-06-03T10:24:05.892+0000] {logging_mixin.py:188} INFO - [2026-06-03T10:24:05.892+0000] {dagbag.py:540} INFO - Filling up the DagBag from /opt/airflow/dags/dag_dq_checkpoint.py
[2026-06-03T10:24:05.938+0000] {processor.py:840} INFO - DAG(s) 'neuralretail_dq_checkpoint' retrieved from /opt/airflow/dags/dag_dq_checkpoint.py
[2026-06-03T10:24:05.999+0000] {logging_mixin.py:188} INFO - [2026-06-03T10:24:05.999+0000] {dag.py:3096} INFO - Sync 1 DAGs
[2026-06-03T10:24:06.014+0000] {logging_mixin.py:188} INFO - [2026-06-03T10:24:06.014+0000] {dag.py:3954} INFO - Setting next_dagrun for neuralretail_dq_checkpoint to None, run_after=None
[2026-06-03T10:24:06.045+0000] {processor.py:183} INFO - Processing /opt/airflow/dags/dag_dq_checkpoint.py took 0.163 seconds
[2026-06-03T10:24:36.636+0000] {processor.py:161} INFO - Started process (PID=1642) to work on /opt/airflow/dags/dag_dq_checkpoint.py
[2026-06-03T10:24:36.637+0000] {processor.py:830} INFO - Processing file /opt/airflow/dags/dag_dq_checkpoint.py for tasks to queue
[2026-06-03T10:24:36.639+0000] {logging_mixin.py:188} INFO - [2026-06-03T10:24:36.638+0000] {dagbag.py:540} INFO - Filling up the DagBag from /opt/airflow/dags/dag_dq_checkpoint.py
[2026-06-03T10:24:36.706+0000] {processor.py:840} INFO - DAG(s) 'neuralretail_dq_checkpoint' retrieved from /opt/airflow/dags/dag_dq_checkpoint.py
[2026-06-03T10:24:36.747+0000] {logging_mixin.py:188} INFO - [2026-06-03T10:24:36.746+0000] {dag.py:3096} INFO - Sync 1 DAGs
[2026-06-03T10:24:36.767+0000] {logging_mixin.py:188} INFO - [2026-06-03T10:24:36.766+0000] {dag.py:3954} INFO - Setting next_dagrun for neuralretail_dq_checkpoint to None, run_after=None
[2026-06-03T10:24:36.799+0000] {processor.py:183} INFO - Processing /opt/airflow/dags/dag_dq_checkpoint.py took 0.168 seconds
[2026-06-03T10:25:06.916+0000] {processor.py:161} INFO - Started process (PID=1662) to work on /opt/airflow/dags/dag_dq_checkpoint.py
[2026-06-03T10:25:06.920+0000] {processor.py:830} INFO - Processing file /opt/airflow/dags/dag_dq_checkpoint.py for tasks to queue
[2026-06-03T10:25:06.923+0000] {logging_mixin.py:188} INFO - [2026-06-03T10:25:06.922+0000] {dagbag.py:540} INFO - Filling up the DagBag from /opt/airflow/dags/dag_dq_checkpoint.py
[2026-06-03T10:25:06.977+0000] {processor.py:840} INFO - DAG(s) 'neuralretail_dq_checkpoint' retrieved from /opt/airflow/dags/dag_dq_checkpoint.py
[2026-06-03T10:25:07.028+0000] {logging_mixin.py:188} INFO - [2026-06-03T10:25:07.028+0000] {dag.py:3096} INFO - Sync 1 DAGs
[2026-06-03T10:25:07.064+0000] {logging_mixin.py:188} INFO - [2026-06-03T10:25:07.064+0000] {dag.py:3954} INFO - Setting next_dagrun for neuralretail_dq_checkpoint to None, run_after=None
[2026-06-03T10:25:07.109+0000] {processor.py:183} INFO - Processing /opt/airflow/dags/dag_dq_checkpoint.py took 0.198 seconds
[2026-06-03T10:25:37.281+0000] {processor.py:161} INFO - Started process (PID=1682) to work on /opt/airflow/dags/dag_dq_checkpoint.py
[2026-06-03T10:25:37.284+0000] {processor.py:830} INFO - Processing file /opt/airflow/dags/dag_dq_checkpoint.py for tasks to queue
[2026-06-03T10:25:37.286+0000] {logging_mixin.py:188} INFO - [2026-06-03T10:25:37.285+0000] {dagbag.py:540} INFO - Filling up the DagBag from /opt/airflow/dags/dag_dq_checkpoint.py
[2026-06-03T10:25:37.361+0000] {processor.py:840} INFO - DAG(s) 'neuralretail_dq_checkpoint' retrieved from /opt/airflow/dags/dag_dq_checkpoint.py
[2026-06-03T10:25:37.469+0000] {logging_mixin.py:188} INFO - [2026-06-03T10:25:37.469+0000] {dag.py:3096} INFO - Sync 1 DAGs
[2026-06-03T10:25:37.511+0000] {logging_mixin.py:188} INFO - [2026-06-03T10:25:37.510+0000] {dag.py:3954} INFO - Setting next_dagrun for neuralretail_dq_checkpoint to None, run_after=None
[2026-06-03T10:25:37.547+0000] {processor.py:183} INFO - Processing /opt/airflow/dags/dag_dq_checkpoint.py took 0.280 seconds
[2026-06-03T10:26:07.987+0000] {processor.py:161} INFO - Started process (PID=1702) to work on /opt/airflow/dags/dag_dq_checkpoint.py
[2026-06-03T10:26:07.991+0000] {processor.py:830} INFO - Processing file /opt/airflow/dags/dag_dq_checkpoint.py for tasks to queue
[2026-06-03T10:26:07.993+0000] {logging_mixin.py:188} INFO - [2026-06-03T10:26:07.993+0000] {dagbag.py:540} INFO - Filling up the DagBag from /opt/airflow/dags/dag_dq_checkpoint.py
[2026-06-03T10:26:08.047+0000] {processor.py:840} INFO - DAG(s) 'neuralretail_dq_checkpoint' retrieved from /opt/airflow/dags/dag_dq_checkpoint.py
[2026-06-03T10:26:08.223+0000] {logging_mixin.py:188} INFO - [2026-06-03T10:26:08.223+0000] {dag.py:3096} INFO - Sync 1 DAGs
[2026-06-03T10:26:08.236+0000] {logging_mixin.py:188} INFO - [2026-06-03T10:26:08.236+0000] {dag.py:3954} INFO - Setting next_dagrun for neuralretail_dq_checkpoint to None, run_after=None
[2026-06-03T10:26:08.259+0000] {processor.py:183} INFO - Processing /opt/airflow/dags/dag_dq_checkpoint.py took 0.277 seconds
[2026-06-03T10:26:38.466+0000] {processor.py:161} INFO - Started process (PID=1722) to work on /opt/airflow/dags/dag_dq_checkpoint.py
[2026-06-03T10:26:38.468+0000] {processor.py:830} INFO - Processing file /opt/airflow/dags/dag_dq_checkpoint.py for tasks to queue
[2026-06-03T10:26:38.470+0000] {logging_mixin.py:188} INFO - [2026-06-03T10:26:38.469+0000] {dagbag.py:540} INFO - Filling up the DagBag from /opt/airflow/dags/dag_dq_checkpoint.py
[2026-06-03T10:26:38.528+0000] {processor.py:840} INFO - DAG(s) 'neuralretail_dq_checkpoint' retrieved from /opt/airflow/dags/dag_dq_checkpoint.py
[2026-06-03T10:26:38.597+0000] {logging_mixin.py:188} INFO - [2026-06-03T10:26:38.597+0000] {dag.py:3096} INFO - Sync 1 DAGs
[2026-06-03T10:26:38.608+0000] {logging_mixin.py:188} INFO - [2026-06-03T10:26:38.607+0000] {dag.py:3954} INFO - Setting next_dagrun for neuralretail_dq_checkpoint to None, run_after=None
[2026-06-03T10:26:38.629+0000] {processor.py:183} INFO - Processing /opt/airflow/dags/dag_dq_checkpoint.py took 0.169 seconds
[2026-06-03T10:27:08.847+0000] {processor.py:161} INFO - Started process (PID=1742) to work on /opt/airflow/dags/dag_dq_checkpoint.py
[2026-06-03T10:27:08.849+0000] {processor.py:830} INFO - Processing file /opt/airflow/dags/dag_dq_checkpoint.py for tasks to queue
[2026-06-03T10:27:08.851+0000] {logging_mixin.py:188} INFO - [2026-06-03T10:27:08.851+0000] {dagbag.py:540} INFO - Filling up the DagBag from /opt/airflow/dags/dag_dq_checkpoint.py
[2026-06-03T10:27:08.905+0000] {processor.py:840} INFO - DAG(s) 'neuralretail_dq_checkpoint' retrieved from /opt/airflow/dags/dag_dq_checkpoint.py
[2026-06-03T10:27:08.984+0000] {logging_mixin.py:188} INFO - [2026-06-03T10:27:08.984+0000] {dag.py:3096} INFO - Sync 1 DAGs
[2026-06-03T10:27:09.006+0000] {logging_mixin.py:188} INFO - [2026-06-03T10:27:09.006+0000] {dag.py:3954} INFO - Setting next_dagrun for neuralretail_dq_checkpoint to None, run_after=None
[2026-06-03T10:27:09.027+0000] {processor.py:183} INFO - Processing /opt/airflow/dags/dag_dq_checkpoint.py took 0.185 seconds
[2026-06-03T10:27:39.657+0000] {processor.py:161} INFO - Started process (PID=1762) to work on /opt/airflow/dags/dag_dq_checkpoint.py
[2026-06-03T10:27:39.664+0000] {processor.py:830} INFO - Processing file /opt/airflow/dags/dag_dq_checkpoint.py for tasks to queue
[2026-06-03T10:27:39.666+0000] {logging_mixin.py:188} INFO - [2026-06-03T10:27:39.666+0000] {dagbag.py:540} INFO - Filling up the DagBag from /opt/airflow/dags/dag_dq_checkpoint.py
[2026-06-03T10:27:39.847+0000] {processor.py:840} INFO - DAG(s) 'neuralretail_dq_checkpoint' retrieved from /opt/airflow/dags/dag_dq_checkpoint.py
[2026-06-03T10:27:39.896+0000] {logging_mixin.py:188} INFO - [2026-06-03T10:27:39.896+0000] {dag.py:3096} INFO - Sync 1 DAGs
[2026-06-03T10:27:39.911+0000] {logging_mixin.py:188} INFO - [2026-06-03T10:27:39.911+0000] {dag.py:3954} INFO - Setting next_dagrun for neuralretail_dq_checkpoint to None, run_after=None
[2026-06-03T10:27:39.942+0000] {processor.py:183} INFO - Processing /opt/airflow/dags/dag_dq_checkpoint.py took 0.291 seconds
[2026-06-03T10:28:10.855+0000] {processor.py:161} INFO - Started process (PID=1782) to work on /opt/airflow/dags/dag_dq_checkpoint.py
[2026-06-03T10:28:10.859+0000] {processor.py:830} INFO - Processing file /opt/airflow/dags/dag_dq_checkpoint.py for tasks to queue
[2026-06-03T10:28:10.865+0000] {logging_mixin.py:188} INFO - [2026-06-03T10:28:10.863+0000] {dagbag.py:540} INFO - Filling up the DagBag from /opt/airflow/dags/dag_dq_checkpoint.py
[2026-06-03T10:28:10.964+0000] {processor.py:840} INFO - DAG(s) 'neuralretail_dq_checkpoint' retrieved from /opt/airflow/dags/dag_dq_checkpoint.py
[2026-06-03T10:28:11.068+0000] {logging_mixin.py:188} INFO - [2026-06-03T10:28:11.068+0000] {dag.py:3096} INFO - Sync 1 DAGs
[2026-06-03T10:28:11.087+0000] {logging_mixin.py:188} INFO - [2026-06-03T10:28:11.087+0000] {dag.py:3954} INFO - Setting next_dagrun for neuralretail_dq_checkpoint to None, run_after=None
[2026-06-03T10:28:11.115+0000] {processor.py:183} INFO - Processing /opt/airflow/dags/dag_dq_checkpoint.py took 0.281 seconds
[2026-06-03T10:28:41.312+0000] {processor.py:161} INFO - Started process (PID=1802) to work on /opt/airflow/dags/dag_dq_checkpoint.py
[2026-06-03T10:28:41.314+0000] {processor.py:830} INFO - Processing file /opt/airflow/dags/dag_dq_checkpoint.py for tasks to queue
[2026-06-03T10:28:41.316+0000] {logging_mixin.py:188} INFO - [2026-06-03T10:28:41.316+0000] {dagbag.py:540} INFO - Filling up the DagBag from /opt/airflow/dags/dag_dq_checkpoint.py
[2026-06-03T10:28:41.353+0000] {processor.py:840} INFO - DAG(s) 'neuralretail_dq_checkpoint' retrieved from /opt/airflow/dags/dag_dq_checkpoint.py
[2026-06-03T10:28:41.389+0000] {logging_mixin.py:188} INFO - [2026-06-03T10:28:41.388+0000] {dag.py:3096} INFO - Sync 1 DAGs
[2026-06-03T10:28:41.407+0000] {logging_mixin.py:188} INFO - [2026-06-03T10:28:41.407+0000] {dag.py:3954} INFO - Setting next_dagrun for neuralretail_dq_checkpoint to None, run_after=None
[2026-06-03T10:28:41.431+0000] {processor.py:183} INFO - Processing /opt/airflow/dags/dag_dq_checkpoint.py took 0.124 seconds
[2026-06-03T10:29:11.908+0000] {processor.py:161} INFO - Started process (PID=1822) to work on /opt/airflow/dags/dag_dq_checkpoint.py
[2026-06-03T10:29:11.912+0000] {processor.py:830} INFO - Processing file /opt/airflow/dags/dag_dq_checkpoint.py for tasks to queue
[2026-06-03T10:29:11.919+0000] {logging_mixin.py:188} INFO - [2026-06-03T10:29:11.918+0000] {dagbag.py:540} INFO - Filling up the DagBag from /opt/airflow/dags/dag_dq_checkpoint.py
[2026-06-03T10:29:11.999+0000] {processor.py:840} INFO - DAG(s) 'neuralretail_dq_checkpoint' retrieved from /opt/airflow/dags/dag_dq_checkpoint.py
[2026-06-03T10:29:12.063+0000] {logging_mixin.py:188} INFO - [2026-06-03T10:29:12.063+0000] {dag.py:3096} INFO - Sync 1 DAGs
[2026-06-03T10:29:12.078+0000] {logging_mixin.py:188} INFO - [2026-06-03T10:29:12.078+0000] {dag.py:3954} INFO - Setting next_dagrun for neuralretail_dq_checkpoint to None, run_after=None
[2026-06-03T10:29:12.102+0000] {processor.py:183} INFO - Processing /opt/airflow/dags/dag_dq_checkpoint.py took 0.203 seconds
[2026-06-03T10:29:42.433+0000] {processor.py:161} INFO - Started process (PID=1842) to work on /opt/airflow/dags/dag_dq_checkpoint.py
[2026-06-03T10:29:42.437+0000] {processor.py:830} INFO - Processing file /opt/airflow/dags/dag_dq_checkpoint.py for tasks to queue
[2026-06-03T10:29:42.440+0000] {logging_mixin.py:188} INFO - [2026-06-03T10:29:42.440+0000] {dagbag.py:540} INFO - Filling up the DagBag from /opt/airflow/dags/dag_dq_checkpoint.py
[2026-06-03T10:29:42.488+0000] {processor.py:840} INFO - DAG(s) 'neuralretail_dq_checkpoint' retrieved from /opt/airflow/dags/dag_dq_checkpoint.py
[2026-06-03T10:29:42.563+0000] {logging_mixin.py:188} INFO - [2026-06-03T10:29:42.562+0000] {dag.py:3096} INFO - Sync 1 DAGs
[2026-06-03T10:29:42.584+0000] {logging_mixin.py:188} INFO - [2026-06-03T10:29:42.584+0000] {dag.py:3954} INFO - Setting next_dagrun for neuralretail_dq_checkpoint to None, run_after=None
[2026-06-03T10:29:42.638+0000] {processor.py:183} INFO - Processing /opt/airflow/dags/dag_dq_checkpoint.py took 0.212 seconds
[2026-06-03T10:30:12.918+0000] {processor.py:161} INFO - Started process (PID=1862) to work on /opt/airflow/dags/dag_dq_checkpoint.py
[2026-06-03T10:30:12.922+0000] {processor.py:830} INFO - Processing file /opt/airflow/dags/dag_dq_checkpoint.py for tasks to queue
[2026-06-03T10:30:12.929+0000] {logging_mixin.py:188} INFO - [2026-06-03T10:30:12.928+0000] {dagbag.py:540} INFO - Filling up the DagBag from /opt/airflow/dags/dag_dq_checkpoint.py
[2026-06-03T10:30:13.048+0000] {processor.py:840} INFO - DAG(s) 'neuralretail_dq_checkpoint' retrieved from /opt/airflow/dags/dag_dq_checkpoint.py
[2026-06-03T10:30:13.148+0000] {logging_mixin.py:188} INFO - [2026-06-03T10:30:13.147+0000] {dag.py:3096} INFO - Sync 1 DAGs
[2026-06-03T10:30:13.176+0000] {logging_mixin.py:188} INFO - [2026-06-03T10:30:13.176+0000] {dag.py:3954} INFO - Setting next_dagrun for neuralretail_dq_checkpoint to None, run_after=None
[2026-06-03T10:30:13.232+0000] {processor.py:183} INFO - Processing /opt/airflow/dags/dag_dq_checkpoint.py took 0.324 seconds
[2026-06-03T10:30:43.484+0000] {processor.py:161} INFO - Started process (PID=1885) to work on /opt/airflow/dags/dag_dq_checkpoint.py
[2026-06-03T10:30:43.486+0000] {processor.py:830} INFO - Processing file /opt/airflow/dags/dag_dq_checkpoint.py for tasks to queue
[2026-06-03T10:30:43.495+0000] {logging_mixin.py:188} INFO - [2026-06-03T10:30:43.495+0000] {dagbag.py:540} INFO - Filling up the DagBag from /opt/airflow/dags/dag_dq_checkpoint.py
[2026-06-03T10:30:43.595+0000] {processor.py:840} INFO - DAG(s) 'neuralretail_dq_checkpoint' retrieved from /opt/airflow/dags/dag_dq_checkpoint.py
[2026-06-03T10:30:43.663+0000] {logging_mixin.py:188} INFO - [2026-06-03T10:30:43.663+0000] {dag.py:3096} INFO - Sync 1 DAGs
[2026-06-03T10:30:43.679+0000] {logging_mixin.py:188} INFO - [2026-06-03T10:30:43.679+0000] {dag.py:3954} INFO - Setting next_dagrun for neuralretail_dq_checkpoint to None, run_after=None
[2026-06-03T10:30:43.718+0000] {processor.py:183} INFO - Processing /opt/airflow/dags/dag_dq_checkpoint.py took 0.253 seconds
[2026-06-03T10:31:13.885+0000] {processor.py:161} INFO - Started process (PID=1902) to work on /opt/airflow/dags/dag_dq_checkpoint.py
[2026-06-03T10:31:13.887+0000] {processor.py:830} INFO - Processing file /opt/airflow/dags/dag_dq_checkpoint.py for tasks to queue
[2026-06-03T10:31:13.890+0000] {logging_mixin.py:188} INFO - [2026-06-03T10:31:13.890+0000] {dagbag.py:540} INFO - Filling up the DagBag from /opt/airflow/dags/dag_dq_checkpoint.py
[2026-06-03T10:31:13.957+0000] {processor.py:840} INFO - DAG(s) 'neuralretail_dq_checkpoint' retrieved from /opt/airflow/dags/dag_dq_checkpoint.py
[2026-06-03T10:31:14.018+0000] {logging_mixin.py:188} INFO - [2026-06-03T10:31:14.017+0000] {dag.py:3096} INFO - Sync 1 DAGs
[2026-06-03T10:31:14.039+0000] {logging_mixin.py:188} INFO - [2026-06-03T10:31:14.038+0000] {dag.py:3954} INFO - Setting next_dagrun for neuralretail_dq_checkpoint to None, run_after=None
[2026-06-03T10:31:14.058+0000] {processor.py:183} INFO - Processing /opt/airflow/dags/dag_dq_checkpoint.py took 0.181 seconds
[2026-06-03T10:31:44.473+0000] {processor.py:161} INFO - Started process (PID=1922) to work on /opt/airflow/dags/dag_dq_checkpoint.py
[2026-06-03T10:31:44.477+0000] {processor.py:830} INFO - Processing file /opt/airflow/dags/dag_dq_checkpoint.py for tasks to queue
[2026-06-03T10:31:44.482+0000] {logging_mixin.py:188} INFO - [2026-06-03T10:31:44.481+0000] {dagbag.py:540} INFO - Filling up the DagBag from /opt/airflow/dags/dag_dq_checkpoint.py
[2026-06-03T10:31:44.565+0000] {processor.py:840} INFO - DAG(s) 'neuralretail_dq_checkpoint' retrieved from /opt/airflow/dags/dag_dq_checkpoint.py
[2026-06-03T10:31:44.653+0000] {logging_mixin.py:188} INFO - [2026-06-03T10:31:44.653+0000] {dag.py:3096} INFO - Sync 1 DAGs
[2026-06-03T10:31:44.669+0000] {logging_mixin.py:188} INFO - [2026-06-03T10:31:44.669+0000] {dag.py:3954} INFO - Setting next_dagrun for neuralretail_dq_checkpoint to None, run_after=None
[2026-06-03T10:31:44.718+0000] {processor.py:183} INFO - Processing /opt/airflow/dags/dag_dq_checkpoint.py took 0.254 seconds
[2026-06-03T10:32:15.531+0000] {processor.py:161} INFO - Started process (PID=1942) to work on /opt/airflow/dags/dag_dq_checkpoint.py
[2026-06-03T10:32:15.533+0000] {processor.py:830} INFO - Processing file /opt/airflow/dags/dag_dq_checkpoint.py for tasks to queue
[2026-06-03T10:32:15.539+0000] {logging_mixin.py:188} INFO - [2026-06-03T10:32:15.538+0000] {dagbag.py:540} INFO - Filling up the DagBag from /opt/airflow/dags/dag_dq_checkpoint.py
[2026-06-03T10:32:15.590+0000] {processor.py:840} INFO - DAG(s) 'neuralretail_dq_checkpoint' retrieved from /opt/airflow/dags/dag_dq_checkpoint.py
[2026-06-03T10:32:15.643+0000] {logging_mixin.py:188} INFO - [2026-06-03T10:32:15.643+0000] {dag.py:3096} INFO - Sync 1 DAGs
[2026-06-03T10:32:15.660+0000] {logging_mixin.py:188} INFO - [2026-06-03T10:32:15.659+0000] {dag.py:3954} INFO - Setting next_dagrun for neuralretail_dq_checkpoint to None, run_after=None
[2026-06-03T10:32:15.680+0000] {processor.py:183} INFO - Processing /opt/airflow/dags/dag_dq_checkpoint.py took 0.157 seconds
[2026-06-03T10:32:45.876+0000] {processor.py:161} INFO - Started process (PID=1962) to work on /opt/airflow/dags/dag_dq_checkpoint.py
[2026-06-03T10:32:45.879+0000] {processor.py:830} INFO - Processing file /opt/airflow/dags/dag_dq_checkpoint.py for tasks to queue
[2026-06-03T10:32:45.883+0000] {logging_mixin.py:188} INFO - [2026-06-03T10:32:45.882+0000] {dagbag.py:540} INFO - Filling up the DagBag from /opt/airflow/dags/dag_dq_checkpoint.py
[2026-06-03T10:32:45.977+0000] {processor.py:840} INFO - DAG(s) 'neuralretail_dq_checkpoint' retrieved from /opt/airflow/dags/dag_dq_checkpoint.py
[2026-06-03T10:32:46.091+0000] {logging_mixin.py:188} INFO - [2026-06-03T10:32:46.091+0000] {dag.py:3096} INFO - Sync 1 DAGs
[2026-06-03T10:32:46.110+0000] {logging_mixin.py:188} INFO - [2026-06-03T10:32:46.110+0000] {dag.py:3954} INFO - Setting next_dagrun for neuralretail_dq_checkpoint to None, run_after=None
[2026-06-03T10:32:46.172+0000] {processor.py:183} INFO - Processing /opt/airflow/dags/dag_dq_checkpoint.py took 0.302 seconds
[2026-06-03T10:33:16.909+0000] {processor.py:161} INFO - Started process (PID=1982) to work on /opt/airflow/dags/dag_dq_checkpoint.py
[2026-06-03T10:33:16.914+0000] {processor.py:830} INFO - Processing file /opt/airflow/dags/dag_dq_checkpoint.py for tasks to queue
[2026-06-03T10:33:16.923+0000] {logging_mixin.py:188} INFO - [2026-06-03T10:33:16.921+0000] {dagbag.py:540} INFO - Filling up the DagBag from /opt/airflow/dags/dag_dq_checkpoint.py
[2026-06-03T10:33:17.024+0000] {processor.py:840} INFO - DAG(s) 'neuralretail_dq_checkpoint' retrieved from /opt/airflow/dags/dag_dq_checkpoint.py
[2026-06-03T10:33:17.073+0000] {logging_mixin.py:188} INFO - [2026-06-03T10:33:17.073+0000] {dag.py:3096} INFO - Sync 1 DAGs
[2026-06-03T10:33:17.088+0000] {logging_mixin.py:188} INFO - [2026-06-03T10:33:17.087+0000] {dag.py:3954} INFO - Setting next_dagrun for neuralretail_dq_checkpoint to None, run_after=None
[2026-06-03T10:33:17.116+0000] {processor.py:183} INFO - Processing /opt/airflow/dags/dag_dq_checkpoint.py took 0.226 seconds
[2026-06-03T10:33:48.122+0000] {processor.py:161} INFO - Started process (PID=2002) to work on /opt/airflow/dags/dag_dq_checkpoint.py
[2026-06-03T10:33:48.125+0000] {processor.py:830} INFO - Processing file /opt/airflow/dags/dag_dq_checkpoint.py for tasks to queue
[2026-06-03T10:33:48.130+0000] {logging_mixin.py:188} INFO - [2026-06-03T10:33:48.129+0000] {dagbag.py:540} INFO - Filling up the DagBag from /opt/airflow/dags/dag_dq_checkpoint.py
[2026-06-03T10:33:48.264+0000] {processor.py:840} INFO - DAG(s) 'neuralretail_dq_checkpoint' retrieved from /opt/airflow/dags/dag_dq_checkpoint.py
[2026-06-03T10:33:48.313+0000] {logging_mixin.py:188} INFO - [2026-06-03T10:33:48.312+0000] {dag.py:3096} INFO - Sync 1 DAGs
[2026-06-03T10:33:48.330+0000] {logging_mixin.py:188} INFO - [2026-06-03T10:33:48.330+0000] {dag.py:3954} INFO - Setting next_dagrun for neuralretail_dq_checkpoint to None, run_after=None
[2026-06-03T10:33:48.354+0000] {processor.py:183} INFO - Processing /opt/airflow/dags/dag_dq_checkpoint.py took 0.239 seconds
[2026-06-03T10:34:18.768+0000] {processor.py:161} INFO - Started process (PID=2022) to work on /opt/airflow/dags/dag_dq_checkpoint.py
[2026-06-03T10:34:18.769+0000] {processor.py:830} INFO - Processing file /opt/airflow/dags/dag_dq_checkpoint.py for tasks to queue
[2026-06-03T10:34:18.771+0000] {logging_mixin.py:188} INFO - [2026-06-03T10:34:18.771+0000] {dagbag.py:540} INFO - Filling up the DagBag from /opt/airflow/dags/dag_dq_checkpoint.py
[2026-06-03T10:34:18.833+0000] {processor.py:840} INFO - DAG(s) 'neuralretail_dq_checkpoint' retrieved from /opt/airflow/dags/dag_dq_checkpoint.py
[2026-06-03T10:34:18.888+0000] {logging_mixin.py:188} INFO - [2026-06-03T10:34:18.888+0000] {dag.py:3096} INFO - Sync 1 DAGs
[2026-06-03T10:34:18.904+0000] {logging_mixin.py:188} INFO - [2026-06-03T10:34:18.904+0000] {dag.py:3954} INFO - Setting next_dagrun for neuralretail_dq_checkpoint to None, run_after=None
[2026-06-03T10:34:18.929+0000] {processor.py:183} INFO - Processing /opt/airflow/dags/dag_dq_checkpoint.py took 0.166 seconds
[2026-06-03T10:34:49.195+0000] {processor.py:161} INFO - Started process (PID=2042) to work on /opt/airflow/dags/dag_dq_checkpoint.py
[2026-06-03T10:34:49.197+0000] {processor.py:830} INFO - Processing file /opt/airflow/dags/dag_dq_checkpoint.py for tasks to queue
[2026-06-03T10:34:49.201+0000] {logging_mixin.py:188} INFO - [2026-06-03T10:34:49.201+0000] {dagbag.py:540} INFO - Filling up the DagBag from /opt/airflow/dags/dag_dq_checkpoint.py
[2026-06-03T10:34:49.278+0000] {processor.py:840} INFO - DAG(s) 'neuralretail_dq_checkpoint' retrieved from /opt/airflow/dags/dag_dq_checkpoint.py
[2026-06-03T10:34:49.351+0000] {logging_mixin.py:188} INFO - [2026-06-03T10:34:49.350+0000] {dag.py:3096} INFO - Sync 1 DAGs
[2026-06-03T10:34:49.387+0000] {logging_mixin.py:188} INFO - [2026-06-03T10:34:49.387+0000] {dag.py:3954} INFO - Setting next_dagrun for neuralretail_dq_checkpoint to None, run_after=None
[2026-06-03T10:34:49.433+0000] {processor.py:183} INFO - Processing /opt/airflow/dags/dag_dq_checkpoint.py took 0.248 seconds
[2026-06-03T10:35:19.732+0000] {processor.py:161} INFO - Started process (PID=2062) to work on /opt/airflow/dags/dag_dq_checkpoint.py
[2026-06-03T10:35:19.734+0000] {processor.py:830} INFO - Processing file /opt/airflow/dags/dag_dq_checkpoint.py for tasks to queue
[2026-06-03T10:35:19.737+0000] {logging_mixin.py:188} INFO - [2026-06-03T10:35:19.736+0000] {dagbag.py:540} INFO - Filling up the DagBag from /opt/airflow/dags/dag_dq_checkpoint.py
[2026-06-03T10:35:19.820+0000] {processor.py:840} INFO - DAG(s) 'neuralretail_dq_checkpoint' retrieved from /opt/airflow/dags/dag_dq_checkpoint.py
[2026-06-03T10:35:19.903+0000] {logging_mixin.py:188} INFO - [2026-06-03T10:35:19.902+0000] {dag.py:3096} INFO - Sync 1 DAGs
[2026-06-03T10:35:19.936+0000] {logging_mixin.py:188} INFO - [2026-06-03T10:35:19.936+0000] {dag.py:3954} INFO - Setting next_dagrun for neuralretail_dq_checkpoint to None, run_after=None
[2026-06-03T10:35:19.986+0000] {processor.py:183} INFO - Processing /opt/airflow/dags/dag_dq_checkpoint.py took 0.268 seconds
[2026-06-03T10:35:50.374+0000] {processor.py:161} INFO - Started process (PID=2082) to work on /opt/airflow/dags/dag_dq_checkpoint.py
[2026-06-03T10:35:50.376+0000] {processor.py:830} INFO - Processing file /opt/airflow/dags/dag_dq_checkpoint.py for tasks to queue
[2026-06-03T10:35:50.379+0000] {logging_mixin.py:188} INFO - [2026-06-03T10:35:50.379+0000] {dagbag.py:540} INFO - Filling up the DagBag from /opt/airflow/dags/dag_dq_checkpoint.py
[2026-06-03T10:35:50.452+0000] {processor.py:840} INFO - DAG(s) 'neuralretail_dq_checkpoint' retrieved from /opt/airflow/dags/dag_dq_checkpoint.py
[2026-06-03T10:35:50.484+0000] {logging_mixin.py:188} INFO - [2026-06-03T10:35:50.484+0000] {dag.py:3096} INFO - Sync 1 DAGs
[2026-06-03T10:35:50.497+0000] {logging_mixin.py:188} INFO - [2026-06-03T10:35:50.497+0000] {dag.py:3954} INFO - Setting next_dagrun for neuralretail_dq_checkpoint to None, run_after=None
[2026-06-03T10:35:50.523+0000] {processor.py:183} INFO - Processing /opt/airflow/dags/dag_dq_checkpoint.py took 0.155 seconds
[2026-06-03T10:36:21.464+0000] {processor.py:161} INFO - Started process (PID=2102) to work on /opt/airflow/dags/dag_dq_checkpoint.py
[2026-06-03T10:36:21.467+0000] {processor.py:830} INFO - Processing file /opt/airflow/dags/dag_dq_checkpoint.py for tasks to queue
[2026-06-03T10:36:21.473+0000] {logging_mixin.py:188} INFO - [2026-06-03T10:36:21.473+0000] {dagbag.py:540} INFO - Filling up the DagBag from /opt/airflow/dags/dag_dq_checkpoint.py
[2026-06-03T10:36:21.652+0000] {processor.py:840} INFO - DAG(s) 'neuralretail_dq_checkpoint' retrieved from /opt/airflow/dags/dag_dq_checkpoint.py
[2026-06-03T10:36:21.691+0000] {logging_mixin.py:188} INFO - [2026-06-03T10:36:21.690+0000] {dag.py:3096} INFO - Sync 1 DAGs
[2026-06-03T10:36:21.707+0000] {logging_mixin.py:188} INFO - [2026-06-03T10:36:21.707+0000] {dag.py:3954} INFO - Setting next_dagrun for neuralretail_dq_checkpoint to None, run_after=None
[2026-06-03T10:36:21.728+0000] {processor.py:183} INFO - Processing /opt/airflow/dags/dag_dq_checkpoint.py took 0.272 seconds
[2026-06-03T10:36:52.557+0000] {processor.py:161} INFO - Started process (PID=2122) to work on /opt/airflow/dags/dag_dq_checkpoint.py
[2026-06-03T10:36:52.562+0000] {processor.py:830} INFO - Processing file /opt/airflow/dags/dag_dq_checkpoint.py for tasks to queue
[2026-06-03T10:36:52.566+0000] {logging_mixin.py:188} INFO - [2026-06-03T10:36:52.565+0000] {dagbag.py:540} INFO - Filling up the DagBag from /opt/airflow/dags/dag_dq_checkpoint.py
[2026-06-03T10:36:52.621+0000] {processor.py:840} INFO - DAG(s) 'neuralretail_dq_checkpoint' retrieved from /opt/airflow/dags/dag_dq_checkpoint.py
[2026-06-03T10:36:52.670+0000] {logging_mixin.py:188} INFO - [2026-06-03T10:36:52.670+0000] {dag.py:3096} INFO - Sync 1 DAGs
[2026-06-03T10:36:52.682+0000] {logging_mixin.py:188} INFO - [2026-06-03T10:36:52.681+0000] {dag.py:3954} INFO - Setting next_dagrun for neuralretail_dq_checkpoint to None, run_after=None
[2026-06-03T10:36:52.701+0000] {processor.py:183} INFO - Processing /opt/airflow/dags/dag_dq_checkpoint.py took 0.157 seconds
[2026-06-03T10:37:23.010+0000] {processor.py:161} INFO - Started process (PID=2142) to work on /opt/airflow/dags/dag_dq_checkpoint.py
[2026-06-03T10:37:23.011+0000] {processor.py:830} INFO - Processing file /opt/airflow/dags/dag_dq_checkpoint.py for tasks to queue
[2026-06-03T10:37:23.014+0000] {logging_mixin.py:188} INFO - [2026-06-03T10:37:23.014+0000] {dagbag.py:540} INFO - Filling up the DagBag from /opt/airflow/dags/dag_dq_checkpoint.py
[2026-06-03T10:37:23.086+0000] {processor.py:840} INFO - DAG(s) 'neuralretail_dq_checkpoint' retrieved from /opt/airflow/dags/dag_dq_checkpoint.py
[2026-06-03T10:37:23.179+0000] {logging_mixin.py:188} INFO - [2026-06-03T10:37:23.178+0000] {dag.py:3096} INFO - Sync 1 DAGs
[2026-06-03T10:37:23.227+0000] {logging_mixin.py:188} INFO - [2026-06-03T10:37:23.226+0000] {dag.py:3954} INFO - Setting next_dagrun for neuralretail_dq_checkpoint to None, run_after=None
[2026-06-03T10:37:23.260+0000] {processor.py:183} INFO - Processing /opt/airflow/dags/dag_dq_checkpoint.py took 0.257 seconds
[2026-06-03T10:37:53.673+0000] {processor.py:161} INFO - Started process (PID=2162) to work on /opt/airflow/dags/dag_dq_checkpoint.py
[2026-06-03T10:37:53.675+0000] {processor.py:830} INFO - Processing file /opt/airflow/dags/dag_dq_checkpoint.py for tasks to queue
[2026-06-03T10:37:53.678+0000] {logging_mixin.py:188} INFO - [2026-06-03T10:37:53.678+0000] {dagbag.py:540} INFO - Filling up the DagBag from /opt/airflow/dags/dag_dq_checkpoint.py
[2026-06-03T10:37:53.736+0000] {processor.py:840} INFO - DAG(s) 'neuralretail_dq_checkpoint' retrieved from /opt/airflow/dags/dag_dq_checkpoint.py
[2026-06-03T10:37:53.808+0000] {logging_mixin.py:188} INFO - [2026-06-03T10:37:53.808+0000] {dag.py:3096} INFO - Sync 1 DAGs
[2026-06-03T10:37:53.824+0000] {logging_mixin.py:188} INFO - [2026-06-03T10:37:53.823+0000] {dag.py:3954} INFO - Setting next_dagrun for neuralretail_dq_checkpoint to None, run_after=None
[2026-06-03T10:37:53.841+0000] {processor.py:183} INFO - Processing /opt/airflow/dags/dag_dq_checkpoint.py took 0.176 seconds
[2026-06-03T10:38:24.745+0000] {processor.py:161} INFO - Started process (PID=2182) to work on /opt/airflow/dags/dag_dq_checkpoint.py
[2026-06-03T10:38:24.752+0000] {processor.py:830} INFO - Processing file /opt/airflow/dags/dag_dq_checkpoint.py for tasks to queue
[2026-06-03T10:38:24.757+0000] {logging_mixin.py:188} INFO - [2026-06-03T10:38:24.756+0000] {dagbag.py:540} INFO - Filling up the DagBag from /opt/airflow/dags/dag_dq_checkpoint.py
[2026-06-03T10:38:24.848+0000] {processor.py:840} INFO - DAG(s) 'neuralretail_dq_checkpoint' retrieved from /opt/airflow/dags/dag_dq_checkpoint.py
[2026-06-03T10:38:24.892+0000] {logging_mixin.py:188} INFO - [2026-06-03T10:38:24.892+0000] {dag.py:3096} INFO - Sync 1 DAGs
[2026-06-03T10:38:24.904+0000] {logging_mixin.py:188} INFO - [2026-06-03T10:38:24.904+0000] {dag.py:3954} INFO - Setting next_dagrun for neuralretail_dq_checkpoint to None, run_after=None
[2026-06-03T10:38:24.923+0000] {processor.py:183} INFO - Processing /opt/airflow/dags/dag_dq_checkpoint.py took 0.187 seconds
[2026-06-03T10:38:55.378+0000] {processor.py:161} INFO - Started process (PID=2207) to work on /opt/airflow/dags/dag_dq_checkpoint.py
[2026-06-03T10:38:55.380+0000] {processor.py:830} INFO - Processing file /opt/airflow/dags/dag_dq_checkpoint.py for tasks to queue
[2026-06-03T10:38:55.390+0000] {logging_mixin.py:188} INFO - [2026-06-03T10:38:55.389+0000] {dagbag.py:540} INFO - Filling up the DagBag from /opt/airflow/dags/dag_dq_checkpoint.py
[2026-06-03T10:38:55.490+0000] {processor.py:840} INFO - DAG(s) 'neuralretail_dq_checkpoint' retrieved from /opt/airflow/dags/dag_dq_checkpoint.py
[2026-06-03T10:38:55.569+0000] {logging_mixin.py:188} INFO - [2026-06-03T10:38:55.569+0000] {dag.py:3096} INFO - Sync 1 DAGs
[2026-06-03T10:38:55.596+0000] {logging_mixin.py:188} INFO - [2026-06-03T10:38:55.595+0000] {dag.py:3954} INFO - Setting next_dagrun for neuralretail_dq_checkpoint to None, run_after=None
[2026-06-03T10:38:55.656+0000] {processor.py:183} INFO - Processing /opt/airflow/dags/dag_dq_checkpoint.py took 0.293 seconds
[2026-06-03T10:39:25.879+0000] {processor.py:161} INFO - Started process (PID=2225) to work on /opt/airflow/dags/dag_dq_checkpoint.py
[2026-06-03T10:39:25.881+0000] {processor.py:830} INFO - Processing file /opt/airflow/dags/dag_dq_checkpoint.py for tasks to queue
[2026-06-03T10:39:25.883+0000] {logging_mixin.py:188} INFO - [2026-06-03T10:39:25.883+0000] {dagbag.py:540} INFO - Filling up the DagBag from /opt/airflow/dags/dag_dq_checkpoint.py
[2026-06-03T10:39:26.011+0000] {processor.py:840} INFO - DAG(s) 'neuralretail_dq_checkpoint' retrieved from /opt/airflow/dags/dag_dq_checkpoint.py
[2026-06-03T10:39:26.353+0000] {logging_mixin.py:188} INFO - [2026-06-03T10:39:26.352+0000] {dag.py:3096} INFO - Sync 1 DAGs
[2026-06-03T10:39:26.382+0000] {logging_mixin.py:188} INFO - [2026-06-03T10:39:26.381+0000] {dag.py:3954} INFO - Setting next_dagrun for neuralretail_dq_checkpoint to None, run_after=None
[2026-06-03T10:39:26.428+0000] {processor.py:183} INFO - Processing /opt/airflow/dags/dag_dq_checkpoint.py took 0.562 seconds
[2026-06-03T10:39:56.641+0000] {processor.py:161} INFO - Started process (PID=2242) to work on /opt/airflow/dags/dag_dq_checkpoint.py
[2026-06-03T10:39:56.644+0000] {processor.py:830} INFO - Processing file /opt/airflow/dags/dag_dq_checkpoint.py for tasks to queue
[2026-06-03T10:39:56.657+0000] {logging_mixin.py:188} INFO - [2026-06-03T10:39:56.656+0000] {dagbag.py:540} INFO - Filling up the DagBag from /opt/airflow/dags/dag_dq_checkpoint.py
[2026-06-03T10:39:56.750+0000] {processor.py:840} INFO - DAG(s) 'neuralretail_dq_checkpoint' retrieved from /opt/airflow/dags/dag_dq_checkpoint.py
[2026-06-03T10:39:56.816+0000] {logging_mixin.py:188} INFO - [2026-06-03T10:39:56.816+0000] {dag.py:3096} INFO - Sync 1 DAGs
[2026-06-03T10:39:56.828+0000] {logging_mixin.py:188} INFO - [2026-06-03T10:39:56.828+0000] {dag.py:3954} INFO - Setting next_dagrun for neuralretail_dq_checkpoint to None, run_after=None
[2026-06-03T10:39:56.846+0000] {processor.py:183} INFO - Processing /opt/airflow/dags/dag_dq_checkpoint.py took 0.222 seconds
[2026-06-03T10:40:26.994+0000] {processor.py:161} INFO - Started process (PID=2262) to work on /opt/airflow/dags/dag_dq_checkpoint.py
[2026-06-03T10:40:26.998+0000] {processor.py:830} INFO - Processing file /opt/airflow/dags/dag_dq_checkpoint.py for tasks to queue
[2026-06-03T10:40:27.004+0000] {logging_mixin.py:188} INFO - [2026-06-03T10:40:27.003+0000] {dagbag.py:540} INFO - Filling up the DagBag from /opt/airflow/dags/dag_dq_checkpoint.py
[2026-06-03T10:40:27.048+0000] {processor.py:840} INFO - DAG(s) 'neuralretail_dq_checkpoint' retrieved from /opt/airflow/dags/dag_dq_checkpoint.py
[2026-06-03T10:40:27.100+0000] {logging_mixin.py:188} INFO - [2026-06-03T10:40:27.100+0000] {dag.py:3096} INFO - Sync 1 DAGs
[2026-06-03T10:40:27.115+0000] {logging_mixin.py:188} INFO - [2026-06-03T10:40:27.115+0000] {dag.py:3954} INFO - Setting next_dagrun for neuralretail_dq_checkpoint to None, run_after=None
[2026-06-03T10:40:27.145+0000] {processor.py:183} INFO - Processing /opt/airflow/dags/dag_dq_checkpoint.py took 0.169 seconds
[2026-06-03T10:40:57.550+0000] {processor.py:161} INFO - Started process (PID=2282) to work on /opt/airflow/dags/dag_dq_checkpoint.py
[2026-06-03T10:40:57.562+0000] {processor.py:830} INFO - Processing file /opt/airflow/dags/dag_dq_checkpoint.py for tasks to queue
[2026-06-03T10:40:57.565+0000] {logging_mixin.py:188} INFO - [2026-06-03T10:40:57.565+0000] {dagbag.py:540} INFO - Filling up the DagBag from /opt/airflow/dags/dag_dq_checkpoint.py
[2026-06-03T10:40:57.720+0000] {processor.py:840} INFO - DAG(s) 'neuralretail_dq_checkpoint' retrieved from /opt/airflow/dags/dag_dq_checkpoint.py
[2026-06-03T10:40:57.790+0000] {logging_mixin.py:188} INFO - [2026-06-03T10:40:57.790+0000] {dag.py:3096} INFO - Sync 1 DAGs
[2026-06-03T10:40:57.813+0000] {logging_mixin.py:188} INFO - [2026-06-03T10:40:57.812+0000] {dag.py:3954} INFO - Setting next_dagrun for neuralretail_dq_checkpoint to None, run_after=None
[2026-06-03T10:40:57.842+0000] {processor.py:183} INFO - Processing /opt/airflow/dags/dag_dq_checkpoint.py took 0.297 seconds
[2026-06-03T10:41:28.034+0000] {processor.py:161} INFO - Started process (PID=2302) to work on /opt/airflow/dags/dag_dq_checkpoint.py
[2026-06-03T10:41:28.036+0000] {processor.py:830} INFO - Processing file /opt/airflow/dags/dag_dq_checkpoint.py for tasks to queue
[2026-06-03T10:41:28.039+0000] {logging_mixin.py:188} INFO - [2026-06-03T10:41:28.039+0000] {dagbag.py:540} INFO - Filling up the DagBag from /opt/airflow/dags/dag_dq_checkpoint.py
[2026-06-03T10:41:28.113+0000] {processor.py:840} INFO - DAG(s) 'neuralretail_dq_checkpoint' retrieved from /opt/airflow/dags/dag_dq_checkpoint.py
[2026-06-03T10:41:28.185+0000] {logging_mixin.py:188} INFO - [2026-06-03T10:41:28.184+0000] {dag.py:3096} INFO - Sync 1 DAGs
[2026-06-03T10:41:28.222+0000] {logging_mixin.py:188} INFO - [2026-06-03T10:41:28.222+0000] {dag.py:3954} INFO - Setting next_dagrun for neuralretail_dq_checkpoint to None, run_after=None
[2026-06-03T10:41:28.263+0000] {processor.py:183} INFO - Processing /opt/airflow/dags/dag_dq_checkpoint.py took 0.237 seconds
[2026-06-03T10:41:58.430+0000] {processor.py:161} INFO - Started process (PID=2322) to work on /opt/airflow/dags/dag_dq_checkpoint.py
[2026-06-03T10:41:58.432+0000] {processor.py:830} INFO - Processing file /opt/airflow/dags/dag_dq_checkpoint.py for tasks to queue
[2026-06-03T10:41:58.434+0000] {logging_mixin.py:188} INFO - [2026-06-03T10:41:58.434+0000] {dagbag.py:540} INFO - Filling up the DagBag from /opt/airflow/dags/dag_dq_checkpoint.py
[2026-06-03T10:41:58.488+0000] {processor.py:840} INFO - DAG(s) 'neuralretail_dq_checkpoint' retrieved from /opt/airflow/dags/dag_dq_checkpoint.py
[2026-06-03T10:41:58.540+0000] {logging_mixin.py:188} INFO - [2026-06-03T10:41:58.539+0000] {dag.py:3096} INFO - Sync 1 DAGs
[2026-06-03T10:41:58.556+0000] {logging_mixin.py:188} INFO - [2026-06-03T10:41:58.556+0000] {dag.py:3954} INFO - Setting next_dagrun for neuralretail_dq_checkpoint to None, run_after=None
[2026-06-03T10:41:58.589+0000] {processor.py:183} INFO - Processing /opt/airflow/dags/dag_dq_checkpoint.py took 0.166 seconds
[2026-06-03T10:42:29.111+0000] {processor.py:161} INFO - Started process (PID=2342) to work on /opt/airflow/dags/dag_dq_checkpoint.py
[2026-06-03T10:42:29.112+0000] {processor.py:830} INFO - Processing file /opt/airflow/dags/dag_dq_checkpoint.py for tasks to queue
[2026-06-03T10:42:29.113+0000] {logging_mixin.py:188} INFO - [2026-06-03T10:42:29.113+0000] {dagbag.py:540} INFO - Filling up the DagBag from /opt/airflow/dags/dag_dq_checkpoint.py
[2026-06-03T10:42:29.165+0000] {processor.py:840} INFO - DAG(s) 'neuralretail_dq_checkpoint' retrieved from /opt/airflow/dags/dag_dq_checkpoint.py
[2026-06-03T10:42:29.209+0000] {logging_mixin.py:188} INFO - [2026-06-03T10:42:29.209+0000] {dag.py:3096} INFO - Sync 1 DAGs
[2026-06-03T10:42:29.222+0000] {logging_mixin.py:188} INFO - [2026-06-03T10:42:29.222+0000] {dag.py:3954} INFO - Setting next_dagrun for neuralretail_dq_checkpoint to None, run_after=None
[2026-06-03T10:42:29.242+0000] {processor.py:183} INFO - Processing /opt/airflow/dags/dag_dq_checkpoint.py took 0.136 seconds
[2026-06-03T10:42:59.670+0000] {processor.py:161} INFO - Started process (PID=2362) to work on /opt/airflow/dags/dag_dq_checkpoint.py
[2026-06-03T10:42:59.674+0000] {processor.py:830} INFO - Processing file /opt/airflow/dags/dag_dq_checkpoint.py for tasks to queue
[2026-06-03T10:42:59.680+0000] {logging_mixin.py:188} INFO - [2026-06-03T10:42:59.679+0000] {dagbag.py:540} INFO - Filling up the DagBag from /opt/airflow/dags/dag_dq_checkpoint.py
[2026-06-03T10:42:59.733+0000] {processor.py:840} INFO - DAG(s) 'neuralretail_dq_checkpoint' retrieved from /opt/airflow/dags/dag_dq_checkpoint.py
[2026-06-03T10:42:59.762+0000] {logging_mixin.py:188} INFO - [2026-06-03T10:42:59.762+0000] {dag.py:3096} INFO - Sync 1 DAGs
[2026-06-03T10:42:59.774+0000] {logging_mixin.py:188} INFO - [2026-06-03T10:42:59.774+0000] {dag.py:3954} INFO - Setting next_dagrun for neuralretail_dq_checkpoint to None, run_after=None
[2026-06-03T10:42:59.790+0000] {processor.py:183} INFO - Processing /opt/airflow/dags/dag_dq_checkpoint.py took 0.136 seconds
[2026-06-03T10:43:30.338+0000] {processor.py:161} INFO - Started process (PID=2382) to work on /opt/airflow/dags/dag_dq_checkpoint.py
[2026-06-03T10:43:30.341+0000] {processor.py:830} INFO - Processing file /opt/airflow/dags/dag_dq_checkpoint.py for tasks to queue
[2026-06-03T10:43:30.346+0000] {logging_mixin.py:188} INFO - [2026-06-03T10:43:30.346+0000] {dagbag.py:540} INFO - Filling up the DagBag from /opt/airflow/dags/dag_dq_checkpoint.py
[2026-06-03T10:43:30.428+0000] {processor.py:840} INFO - DAG(s) 'neuralretail_dq_checkpoint' retrieved from /opt/airflow/dags/dag_dq_checkpoint.py
[2026-06-03T10:43:30.575+0000] {logging_mixin.py:188} INFO - [2026-06-03T10:43:30.575+0000] {dag.py:3096} INFO - Sync 1 DAGs
[2026-06-03T10:43:30.595+0000] {logging_mixin.py:188} INFO - [2026-06-03T10:43:30.595+0000] {dag.py:3954} INFO - Setting next_dagrun for neuralretail_dq_checkpoint to None, run_after=None
[2026-06-03T10:43:30.613+0000] {processor.py:183} INFO - Processing /opt/airflow/dags/dag_dq_checkpoint.py took 0.283 seconds
[2026-06-03T10:44:00.946+0000] {processor.py:161} INFO - Started process (PID=2402) to work on /opt/airflow/dags/dag_dq_checkpoint.py
[2026-06-03T10:44:00.950+0000] {processor.py:830} INFO - Processing file /opt/airflow/dags/dag_dq_checkpoint.py for tasks to queue
[2026-06-03T10:44:00.953+0000] {logging_mixin.py:188} INFO - [2026-06-03T10:44:00.952+0000] {dagbag.py:540} INFO - Filling up the DagBag from /opt/airflow/dags/dag_dq_checkpoint.py
[2026-06-03T10:44:01.003+0000] {processor.py:840} INFO - DAG(s) 'neuralretail_dq_checkpoint' retrieved from /opt/airflow/dags/dag_dq_checkpoint.py
[2026-06-03T10:44:01.065+0000] {logging_mixin.py:188} INFO - [2026-06-03T10:44:01.065+0000] {dag.py:3096} INFO - Sync 1 DAGs
[2026-06-03T10:44:01.093+0000] {logging_mixin.py:188} INFO - [2026-06-03T10:44:01.093+0000] {dag.py:3954} INFO - Setting next_dagrun for neuralretail_dq_checkpoint to None, run_after=None
[2026-06-03T10:44:01.127+0000] {processor.py:183} INFO - Processing /opt/airflow/dags/dag_dq_checkpoint.py took 0.194 seconds
[2026-06-03T10:44:31.741+0000] {processor.py:161} INFO - Started process (PID=2422) to work on /opt/airflow/dags/dag_dq_checkpoint.py
[2026-06-03T10:44:31.742+0000] {processor.py:830} INFO - Processing file /opt/airflow/dags/dag_dq_checkpoint.py for tasks to queue
[2026-06-03T10:44:31.744+0000] {logging_mixin.py:188} INFO - [2026-06-03T10:44:31.743+0000] {dagbag.py:540} INFO - Filling up the DagBag from /opt/airflow/dags/dag_dq_checkpoint.py
[2026-06-03T10:44:31.787+0000] {processor.py:840} INFO - DAG(s) 'neuralretail_dq_checkpoint' retrieved from /opt/airflow/dags/dag_dq_checkpoint.py
[2026-06-03T10:44:31.849+0000] {logging_mixin.py:188} INFO - [2026-06-03T10:44:31.848+0000] {dag.py:3096} INFO - Sync 1 DAGs
[2026-06-03T10:44:31.867+0000] {logging_mixin.py:188} INFO - [2026-06-03T10:44:31.867+0000] {dag.py:3954} INFO - Setting next_dagrun for neuralretail_dq_checkpoint to None, run_after=None
[2026-06-03T10:44:31.893+0000] {processor.py:183} INFO - Processing /opt/airflow/dags/dag_dq_checkpoint.py took 0.158 seconds
[2026-06-03T10:45:02.353+0000] {processor.py:161} INFO - Started process (PID=2442) to work on /opt/airflow/dags/dag_dq_checkpoint.py
[2026-06-03T10:45:02.354+0000] {processor.py:830} INFO - Processing file /opt/airflow/dags/dag_dq_checkpoint.py for tasks to queue
[2026-06-03T10:45:02.358+0000] {logging_mixin.py:188} INFO - [2026-06-03T10:45:02.358+0000] {dagbag.py:540} INFO - Filling up the DagBag from /opt/airflow/dags/dag_dq_checkpoint.py
[2026-06-03T10:45:02.427+0000] {processor.py:840} INFO - DAG(s) 'neuralretail_dq_checkpoint' retrieved from /opt/airflow/dags/dag_dq_checkpoint.py
[2026-06-03T10:45:02.581+0000] {logging_mixin.py:188} INFO - [2026-06-03T10:45:02.580+0000] {dag.py:3096} INFO - Sync 1 DAGs
[2026-06-03T10:45:02.604+0000] {logging_mixin.py:188} INFO - [2026-06-03T10:45:02.604+0000] {dag.py:3954} INFO - Setting next_dagrun for neuralretail_dq_checkpoint to None, run_after=None
[2026-06-03T10:45:02.637+0000] {processor.py:183} INFO - Processing /opt/airflow/dags/dag_dq_checkpoint.py took 0.289 seconds
[2026-06-03T10:45:33.077+0000] {processor.py:161} INFO - Started process (PID=2462) to work on /opt/airflow/dags/dag_dq_checkpoint.py
[2026-06-03T10:45:33.079+0000] {processor.py:830} INFO - Processing file /opt/airflow/dags/dag_dq_checkpoint.py for tasks to queue
[2026-06-03T10:45:33.081+0000] {logging_mixin.py:188} INFO - [2026-06-03T10:45:33.081+0000] {dagbag.py:540} INFO - Filling up the DagBag from /opt/airflow/dags/dag_dq_checkpoint.py
[2026-06-03T10:45:33.135+0000] {processor.py:840} INFO - DAG(s) 'neuralretail_dq_checkpoint' retrieved from /opt/airflow/dags/dag_dq_checkpoint.py
[2026-06-03T10:45:33.177+0000] {logging_mixin.py:188} INFO - [2026-06-03T10:45:33.176+0000] {dag.py:3096} INFO - Sync 1 DAGs
[2026-06-03T10:45:33.196+0000] {logging_mixin.py:188} INFO - [2026-06-03T10:45:33.195+0000] {dag.py:3954} INFO - Setting next_dagrun for neuralretail_dq_checkpoint to None, run_after=None
[2026-06-03T10:45:33.248+0000] {processor.py:183} INFO - Processing /opt/airflow/dags/dag_dq_checkpoint.py took 0.175 seconds
[2026-06-03T10:46:03.966+0000] {processor.py:161} INFO - Started process (PID=2482) to work on /opt/airflow/dags/dag_dq_checkpoint.py
[2026-06-03T10:46:03.967+0000] {processor.py:830} INFO - Processing file /opt/airflow/dags/dag_dq_checkpoint.py for tasks to queue
[2026-06-03T10:46:03.969+0000] {logging_mixin.py:188} INFO - [2026-06-03T10:46:03.969+0000] {dagbag.py:540} INFO - Filling up the DagBag from /opt/airflow/dags/dag_dq_checkpoint.py
[2026-06-03T10:46:04.020+0000] {processor.py:840} INFO - DAG(s) 'neuralretail_dq_checkpoint' retrieved from /opt/airflow/dags/dag_dq_checkpoint.py
[2026-06-03T10:46:04.057+0000] {logging_mixin.py:188} INFO - [2026-06-03T10:46:04.057+0000] {dag.py:3096} INFO - Sync 1 DAGs
[2026-06-03T10:46:04.087+0000] {logging_mixin.py:188} INFO - [2026-06-03T10:46:04.087+0000] {dag.py:3954} INFO - Setting next_dagrun for neuralretail_dq_checkpoint to None, run_after=None
[2026-06-03T10:46:04.108+0000] {processor.py:183} INFO - Processing /opt/airflow/dags/dag_dq_checkpoint.py took 0.149 seconds
[2026-06-03T10:46:34.351+0000] {processor.py:161} INFO - Started process (PID=2502) to work on /opt/airflow/dags/dag_dq_checkpoint.py
[2026-06-03T10:46:34.355+0000] {processor.py:830} INFO - Processing file /opt/airflow/dags/dag_dq_checkpoint.py for tasks to queue
[2026-06-03T10:46:34.360+0000] {logging_mixin.py:188} INFO - [2026-06-03T10:46:34.359+0000] {dagbag.py:540} INFO - Filling up the DagBag from /opt/airflow/dags/dag_dq_checkpoint.py
[2026-06-03T10:46:34.431+0000] {processor.py:840} INFO - DAG(s) 'neuralretail_dq_checkpoint' retrieved from /opt/airflow/dags/dag_dq_checkpoint.py
[2026-06-03T10:46:34.467+0000] {logging_mixin.py:188} INFO - [2026-06-03T10:46:34.466+0000] {dag.py:3096} INFO - Sync 1 DAGs
[2026-06-03T10:46:34.479+0000] {logging_mixin.py:188} INFO - [2026-06-03T10:46:34.479+0000] {dag.py:3954} INFO - Setting next_dagrun for neuralretail_dq_checkpoint to None, run_after=None
[2026-06-03T10:46:34.497+0000] {processor.py:183} INFO - Processing /opt/airflow/dags/dag_dq_checkpoint.py took 0.163 seconds
[2026-06-03T10:47:04.781+0000] {processor.py:161} INFO - Started process (PID=2522) to work on /opt/airflow/dags/dag_dq_checkpoint.py
[2026-06-03T10:47:04.784+0000] {processor.py:830} INFO - Processing file /opt/airflow/dags/dag_dq_checkpoint.py for tasks to queue
[2026-06-03T10:47:04.786+0000] {logging_mixin.py:188} INFO - [2026-06-03T10:47:04.786+0000] {dagbag.py:540} INFO - Filling up the DagBag from /opt/airflow/dags/dag_dq_checkpoint.py
[2026-06-03T10:47:04.843+0000] {processor.py:840} INFO - DAG(s) 'neuralretail_dq_checkpoint' retrieved from /opt/airflow/dags/dag_dq_checkpoint.py
[2026-06-03T10:47:04.897+0000] {logging_mixin.py:188} INFO - [2026-06-03T10:47:04.896+0000] {dag.py:3096} INFO - Sync 1 DAGs
[2026-06-03T10:47:04.911+0000] {logging_mixin.py:188} INFO - [2026-06-03T10:47:04.911+0000] {dag.py:3954} INFO - Setting next_dagrun for neuralretail_dq_checkpoint to None, run_after=None
[2026-06-03T10:47:04.935+0000] {processor.py:183} INFO - Processing /opt/airflow/dags/dag_dq_checkpoint.py took 0.160 seconds
[2026-06-03T10:47:35.204+0000] {processor.py:161} INFO - Started process (PID=2542) to work on /opt/airflow/dags/dag_dq_checkpoint.py
[2026-06-03T10:47:35.212+0000] {processor.py:830} INFO - Processing file /opt/airflow/dags/dag_dq_checkpoint.py for tasks to queue
[2026-06-03T10:47:35.223+0000] {logging_mixin.py:188} INFO - [2026-06-03T10:47:35.221+0000] {dagbag.py:540} INFO - Filling up the DagBag from /opt/airflow/dags/dag_dq_checkpoint.py
[2026-06-03T10:47:35.345+0000] {processor.py:840} INFO - DAG(s) 'neuralretail_dq_checkpoint' retrieved from /opt/airflow/dags/dag_dq_checkpoint.py
[2026-06-03T10:47:35.398+0000] {logging_mixin.py:188} INFO - [2026-06-03T10:47:35.398+0000] {dag.py:3096} INFO - Sync 1 DAGs
[2026-06-03T10:47:35.413+0000] {logging_mixin.py:188} INFO - [2026-06-03T10:47:35.413+0000] {dag.py:3954} INFO - Setting next_dagrun for neuralretail_dq_checkpoint to None, run_after=None
[2026-06-03T10:47:35.446+0000] {processor.py:183} INFO - Processing /opt/airflow/dags/dag_dq_checkpoint.py took 0.251 seconds
[2026-06-03T10:48:05.721+0000] {processor.py:161} INFO - Started process (PID=2562) to work on /opt/airflow/dags/dag_dq_checkpoint.py
[2026-06-03T10:48:05.722+0000] {processor.py:830} INFO - Processing file /opt/airflow/dags/dag_dq_checkpoint.py for tasks to queue
[2026-06-03T10:48:05.724+0000] {logging_mixin.py:188} INFO - [2026-06-03T10:48:05.723+0000] {dagbag.py:540} INFO - Filling up the DagBag from /opt/airflow/dags/dag_dq_checkpoint.py
[2026-06-03T10:48:05.756+0000] {processor.py:840} INFO - DAG(s) 'neuralretail_dq_checkpoint' retrieved from /opt/airflow/dags/dag_dq_checkpoint.py
[2026-06-03T10:48:05.800+0000] {logging_mixin.py:188} INFO - [2026-06-03T10:48:05.800+0000] {dag.py:3096} INFO - Sync 1 DAGs
[2026-06-03T10:48:05.811+0000] {logging_mixin.py:188} INFO - [2026-06-03T10:48:05.811+0000] {dag.py:3954} INFO - Setting next_dagrun for neuralretail_dq_checkpoint to None, run_after=None
[2026-06-03T10:48:05.830+0000] {processor.py:183} INFO - Processing /opt/airflow/dags/dag_dq_checkpoint.py took 0.115 seconds
[2026-06-03T10:48:36.668+0000] {processor.py:161} INFO - Started process (PID=2582) to work on /opt/airflow/dags/dag_dq_checkpoint.py
[2026-06-03T10:48:36.671+0000] {processor.py:830} INFO - Processing file /opt/airflow/dags/dag_dq_checkpoint.py for tasks to queue
[2026-06-03T10:48:36.675+0000] {logging_mixin.py:188} INFO - [2026-06-03T10:48:36.674+0000] {dagbag.py:540} INFO - Filling up the DagBag from /opt/airflow/dags/dag_dq_checkpoint.py
[2026-06-03T10:48:36.742+0000] {processor.py:840} INFO - DAG(s) 'neuralretail_dq_checkpoint' retrieved from /opt/airflow/dags/dag_dq_checkpoint.py
[2026-06-03T10:48:36.811+0000] {logging_mixin.py:188} INFO - [2026-06-03T10:48:36.811+0000] {dag.py:3096} INFO - Sync 1 DAGs
[2026-06-03T10:48:36.834+0000] {logging_mixin.py:188} INFO - [2026-06-03T10:48:36.834+0000] {dag.py:3954} INFO - Setting next_dagrun for neuralretail_dq_checkpoint to None, run_after=None
[2026-06-03T10:48:36.877+0000] {processor.py:183} INFO - Processing /opt/airflow/dags/dag_dq_checkpoint.py took 0.220 seconds
[2026-06-03T10:49:07.075+0000] {processor.py:161} INFO - Started process (PID=2602) to work on /opt/airflow/dags/dag_dq_checkpoint.py
[2026-06-03T10:49:07.077+0000] {processor.py:830} INFO - Processing file /opt/airflow/dags/dag_dq_checkpoint.py for tasks to queue
[2026-06-03T10:49:07.079+0000] {logging_mixin.py:188} INFO - [2026-06-03T10:49:07.079+0000] {dagbag.py:540} INFO - Filling up the DagBag from /opt/airflow/dags/dag_dq_checkpoint.py
[2026-06-03T10:49:07.117+0000] {processor.py:840} INFO - DAG(s) 'neuralretail_dq_checkpoint' retrieved from /opt/airflow/dags/dag_dq_checkpoint.py
[2026-06-03T10:49:07.150+0000] {logging_mixin.py:188} INFO - [2026-06-03T10:49:07.149+0000] {dag.py:3096} INFO - Sync 1 DAGs
[2026-06-03T10:49:07.160+0000] {logging_mixin.py:188} INFO - [2026-06-03T10:49:07.160+0000] {dag.py:3954} INFO - Setting next_dagrun for neuralretail_dq_checkpoint to None, run_after=None
[2026-06-03T10:49:07.178+0000] {processor.py:183} INFO - Processing /opt/airflow/dags/dag_dq_checkpoint.py took 0.108 seconds
[2026-06-03T10:49:37.600+0000] {processor.py:161} INFO - Started process (PID=2622) to work on /opt/airflow/dags/dag_dq_checkpoint.py
[2026-06-03T10:49:37.601+0000] {processor.py:830} INFO - Processing file /opt/airflow/dags/dag_dq_checkpoint.py for tasks to queue
[2026-06-03T10:49:37.603+0000] {logging_mixin.py:188} INFO - [2026-06-03T10:49:37.603+0000] {dagbag.py:540} INFO - Filling up the DagBag from /opt/airflow/dags/dag_dq_checkpoint.py
[2026-06-03T10:49:37.648+0000] {processor.py:840} INFO - DAG(s) 'neuralretail_dq_checkpoint' retrieved from /opt/airflow/dags/dag_dq_checkpoint.py
[2026-06-03T10:49:37.683+0000] {logging_mixin.py:188} INFO - [2026-06-03T10:49:37.683+0000] {dag.py:3096} INFO - Sync 1 DAGs
[2026-06-03T10:49:37.694+0000] {logging_mixin.py:188} INFO - [2026-06-03T10:49:37.694+0000] {dag.py:3954} INFO - Setting next_dagrun for neuralretail_dq_checkpoint to None, run_after=None
[2026-06-03T10:49:37.710+0000] {processor.py:183} INFO - Processing /opt/airflow/dags/dag_dq_checkpoint.py took 0.116 seconds
[2026-06-03T10:50:08.805+0000] {processor.py:161} INFO - Started process (PID=2642) to work on /opt/airflow/dags/dag_dq_checkpoint.py
[2026-06-03T10:50:08.807+0000] {processor.py:830} INFO - Processing file /opt/airflow/dags/dag_dq_checkpoint.py for tasks to queue
[2026-06-03T10:50:08.810+0000] {logging_mixin.py:188} INFO - [2026-06-03T10:50:08.809+0000] {dagbag.py:540} INFO - Filling up the DagBag from /opt/airflow/dags/dag_dq_checkpoint.py
[2026-06-03T10:50:08.861+0000] {processor.py:840} INFO - DAG(s) 'neuralretail_dq_checkpoint' retrieved from /opt/airflow/dags/dag_dq_checkpoint.py
[2026-06-03T10:50:08.927+0000] {logging_mixin.py:188} INFO - [2026-06-03T10:50:08.927+0000] {dag.py:3096} INFO - Sync 1 DAGs
[2026-06-03T10:50:08.945+0000] {logging_mixin.py:188} INFO - [2026-06-03T10:50:08.944+0000] {dag.py:3954} INFO - Setting next_dagrun for neuralretail_dq_checkpoint to None, run_after=None
[2026-06-03T10:50:08.972+0000] {processor.py:183} INFO - Processing /opt/airflow/dags/dag_dq_checkpoint.py took 0.176 seconds
[2026-06-03T10:50:39.060+0000] {processor.py:161} INFO - Started process (PID=2662) to work on /opt/airflow/dags/dag_dq_checkpoint.py
[2026-06-03T10:50:39.063+0000] {processor.py:830} INFO - Processing file /opt/airflow/dags/dag_dq_checkpoint.py for tasks to queue
[2026-06-03T10:50:39.066+0000] {logging_mixin.py:188} INFO - [2026-06-03T10:50:39.066+0000] {dagbag.py:540} INFO - Filling up the DagBag from /opt/airflow/dags/dag_dq_checkpoint.py
[2026-06-03T10:50:39.144+0000] {processor.py:840} INFO - DAG(s) 'neuralretail_dq_checkpoint' retrieved from /opt/airflow/dags/dag_dq_checkpoint.py
[2026-06-03T10:50:39.185+0000] {logging_mixin.py:188} INFO - [2026-06-03T10:50:39.185+0000] {dag.py:3096} INFO - Sync 1 DAGs
[2026-06-03T10:50:39.198+0000] {logging_mixin.py:188} INFO - [2026-06-03T10:50:39.198+0000] {dag.py:3954} INFO - Setting next_dagrun for neuralretail_dq_checkpoint to None, run_after=None
[2026-06-03T10:50:39.217+0000] {processor.py:183} INFO - Processing /opt/airflow/dags/dag_dq_checkpoint.py took 0.162 seconds
[2026-06-03T10:51:10.164+0000] {processor.py:161} INFO - Started process (PID=2682) to work on /opt/airflow/dags/dag_dq_checkpoint.py
[2026-06-03T10:51:10.166+0000] {processor.py:830} INFO - Processing file /opt/airflow/dags/dag_dq_checkpoint.py for tasks to queue
[2026-06-03T10:51:10.169+0000] {logging_mixin.py:188} INFO - [2026-06-03T10:51:10.169+0000] {dagbag.py:540} INFO - Filling up the DagBag from /opt/airflow/dags/dag_dq_checkpoint.py
[2026-06-03T10:51:10.287+0000] {processor.py:840} INFO - DAG(s) 'neuralretail_dq_checkpoint' retrieved from /opt/airflow/dags/dag_dq_checkpoint.py
[2026-06-03T10:51:10.368+0000] {logging_mixin.py:188} INFO - [2026-06-03T10:51:10.368+0000] {dag.py:3096} INFO - Sync 1 DAGs
[2026-06-03T10:51:10.393+0000] {logging_mixin.py:188} INFO - [2026-06-03T10:51:10.392+0000] {dag.py:3954} INFO - Setting next_dagrun for neuralretail_dq_checkpoint to None, run_after=None
[2026-06-03T10:51:10.430+0000] {processor.py:183} INFO - Processing /opt/airflow/dags/dag_dq_checkpoint.py took 0.277 seconds
[2026-06-03T10:51:41.229+0000] {processor.py:161} INFO - Started process (PID=2702) to work on /opt/airflow/dags/dag_dq_checkpoint.py
[2026-06-03T10:51:41.233+0000] {processor.py:830} INFO - Processing file /opt/airflow/dags/dag_dq_checkpoint.py for tasks to queue
[2026-06-03T10:51:41.238+0000] {logging_mixin.py:188} INFO - [2026-06-03T10:51:41.236+0000] {dagbag.py:540} INFO - Filling up the DagBag from /opt/airflow/dags/dag_dq_checkpoint.py
[2026-06-03T10:51:41.317+0000] {processor.py:840} INFO - DAG(s) 'neuralretail_dq_checkpoint' retrieved from /opt/airflow/dags/dag_dq_checkpoint.py
[2026-06-03T10:51:41.374+0000] {logging_mixin.py:188} INFO - [2026-06-03T10:51:41.374+0000] {dag.py:3096} INFO - Sync 1 DAGs
[2026-06-03T10:51:41.390+0000] {logging_mixin.py:188} INFO - [2026-06-03T10:51:41.390+0000] {dag.py:3954} INFO - Setting next_dagrun for neuralretail_dq_checkpoint to None, run_after=None
[2026-06-03T10:51:41.414+0000] {processor.py:183} INFO - Processing /opt/airflow/dags/dag_dq_checkpoint.py took 0.191 seconds
[2026-06-03T10:52:11.628+0000] {processor.py:161} INFO - Started process (PID=2722) to work on /opt/airflow/dags/dag_dq_checkpoint.py
[2026-06-03T10:52:11.630+0000] {processor.py:830} INFO - Processing file /opt/airflow/dags/dag_dq_checkpoint.py for tasks to queue
[2026-06-03T10:52:11.632+0000] {logging_mixin.py:188} INFO - [2026-06-03T10:52:11.631+0000] {dagbag.py:540} INFO - Filling up the DagBag from /opt/airflow/dags/dag_dq_checkpoint.py
[2026-06-03T10:52:11.689+0000] {processor.py:840} INFO - DAG(s) 'neuralretail_dq_checkpoint' retrieved from /opt/airflow/dags/dag_dq_checkpoint.py
[2026-06-03T10:52:11.729+0000] {logging_mixin.py:188} INFO - [2026-06-03T10:52:11.729+0000] {dag.py:3096} INFO - Sync 1 DAGs
[2026-06-03T10:52:11.748+0000] {logging_mixin.py:188} INFO - [2026-06-03T10:52:11.748+0000] {dag.py:3954} INFO - Setting next_dagrun for neuralretail_dq_checkpoint to None, run_after=None
[2026-06-03T10:52:11.778+0000] {processor.py:183} INFO - Processing /opt/airflow/dags/dag_dq_checkpoint.py took 0.155 seconds
[2026-06-03T10:52:42.521+0000] {processor.py:161} INFO - Started process (PID=2742) to work on /opt/airflow/dags/dag_dq_checkpoint.py
[2026-06-03T10:52:42.524+0000] {processor.py:830} INFO - Processing file /opt/airflow/dags/dag_dq_checkpoint.py for tasks to queue
[2026-06-03T10:52:42.526+0000] {logging_mixin.py:188} INFO - [2026-06-03T10:52:42.526+0000] {dagbag.py:540} INFO - Filling up the DagBag from /opt/airflow/dags/dag_dq_checkpoint.py
[2026-06-03T10:52:42.597+0000] {processor.py:840} INFO - DAG(s) 'neuralretail_dq_checkpoint' retrieved from /opt/airflow/dags/dag_dq_checkpoint.py
[2026-06-03T10:52:42.682+0000] {logging_mixin.py:188} INFO - [2026-06-03T10:52:42.681+0000] {dag.py:3096} INFO - Sync 1 DAGs
[2026-06-03T10:52:42.705+0000] {logging_mixin.py:188} INFO - [2026-06-03T10:52:42.704+0000] {dag.py:3954} INFO - Setting next_dagrun for neuralretail_dq_checkpoint to None, run_after=None
[2026-06-03T10:52:42.726+0000] {processor.py:183} INFO - Processing /opt/airflow/dags/dag_dq_checkpoint.py took 0.212 seconds
[2026-06-03T10:53:13.814+0000] {processor.py:161} INFO - Started process (PID=2762) to work on /opt/airflow/dags/dag_dq_checkpoint.py
[2026-06-03T10:53:13.818+0000] {processor.py:830} INFO - Processing file /opt/airflow/dags/dag_dq_checkpoint.py for tasks to queue
[2026-06-03T10:53:13.821+0000] {logging_mixin.py:188} INFO - [2026-06-03T10:53:13.820+0000] {dagbag.py:540} INFO - Filling up the DagBag from /opt/airflow/dags/dag_dq_checkpoint.py
[2026-06-03T10:53:13.877+0000] {processor.py:840} INFO - DAG(s) 'neuralretail_dq_checkpoint' retrieved from /opt/airflow/dags/dag_dq_checkpoint.py
[2026-06-03T10:53:13.911+0000] {logging_mixin.py:188} INFO - [2026-06-03T10:53:13.911+0000] {dag.py:3096} INFO - Sync 1 DAGs
[2026-06-03T10:53:13.925+0000] {logging_mixin.py:188} INFO - [2026-06-03T10:53:13.925+0000] {dag.py:3954} INFO - Setting next_dagrun for neuralretail_dq_checkpoint to None, run_after=None
[2026-06-03T10:53:13.944+0000] {processor.py:183} INFO - Processing /opt/airflow/dags/dag_dq_checkpoint.py took 0.135 seconds
[2026-06-03T10:53:44.364+0000] {processor.py:161} INFO - Started process (PID=2782) to work on /opt/airflow/dags/dag_dq_checkpoint.py
[2026-06-03T10:53:44.366+0000] {processor.py:830} INFO - Processing file /opt/airflow/dags/dag_dq_checkpoint.py for tasks to queue
[2026-06-03T10:53:44.371+0000] {logging_mixin.py:188} INFO - [2026-06-03T10:53:44.370+0000] {dagbag.py:540} INFO - Filling up the DagBag from /opt/airflow/dags/dag_dq_checkpoint.py
[2026-06-03T10:53:44.444+0000] {processor.py:840} INFO - DAG(s) 'neuralretail_dq_checkpoint' retrieved from /opt/airflow/dags/dag_dq_checkpoint.py
[2026-06-03T10:53:44.519+0000] {logging_mixin.py:188} INFO - [2026-06-03T10:53:44.518+0000] {dag.py:3096} INFO - Sync 1 DAGs
[2026-06-03T10:53:44.530+0000] {logging_mixin.py:188} INFO - [2026-06-03T10:53:44.530+0000] {dag.py:3954} INFO - Setting next_dagrun for neuralretail_dq_checkpoint to None, run_after=None
[2026-06-03T10:53:44.551+0000] {processor.py:183} INFO - Processing /opt/airflow/dags/dag_dq_checkpoint.py took 0.204 seconds
[2026-06-03T10:54:14.964+0000] {processor.py:161} INFO - Started process (PID=2802) to work on /opt/airflow/dags/dag_dq_checkpoint.py
[2026-06-03T10:54:14.965+0000] {processor.py:830} INFO - Processing file /opt/airflow/dags/dag_dq_checkpoint.py for tasks to queue
[2026-06-03T10:54:14.971+0000] {logging_mixin.py:188} INFO - [2026-06-03T10:54:14.970+0000] {dagbag.py:540} INFO - Filling up the DagBag from /opt/airflow/dags/dag_dq_checkpoint.py
[2026-06-03T10:54:15.054+0000] {processor.py:840} INFO - DAG(s) 'neuralretail_dq_checkpoint' retrieved from /opt/airflow/dags/dag_dq_checkpoint.py
[2026-06-03T10:54:15.101+0000] {logging_mixin.py:188} INFO - [2026-06-03T10:54:15.101+0000] {dag.py:3096} INFO - Sync 1 DAGs
[2026-06-03T10:54:15.117+0000] {logging_mixin.py:188} INFO - [2026-06-03T10:54:15.117+0000] {dag.py:3954} INFO - Setting next_dagrun for neuralretail_dq_checkpoint to None, run_after=None
[2026-06-03T10:54:15.170+0000] {processor.py:183} INFO - Processing /opt/airflow/dags/dag_dq_checkpoint.py took 0.218 seconds
[2026-06-03T10:54:45.309+0000] {processor.py:161} INFO - Started process (PID=2822) to work on /opt/airflow/dags/dag_dq_checkpoint.py
[2026-06-03T10:54:45.312+0000] {processor.py:830} INFO - Processing file /opt/airflow/dags/dag_dq_checkpoint.py for tasks to queue
[2026-06-03T10:54:45.314+0000] {logging_mixin.py:188} INFO - [2026-06-03T10:54:45.314+0000] {dagbag.py:540} INFO - Filling up the DagBag from /opt/airflow/dags/dag_dq_checkpoint.py
[2026-06-03T10:54:45.344+0000] {processor.py:840} INFO - DAG(s) 'neuralretail_dq_checkpoint' retrieved from /opt/airflow/dags/dag_dq_checkpoint.py
[2026-06-03T10:54:45.409+0000] {logging_mixin.py:188} INFO - [2026-06-03T10:54:45.409+0000] {dag.py:3096} INFO - Sync 1 DAGs
[2026-06-03T10:54:45.423+0000] {logging_mixin.py:188} INFO - [2026-06-03T10:54:45.423+0000] {dag.py:3954} INFO - Setting next_dagrun for neuralretail_dq_checkpoint to None, run_after=None
[2026-06-03T10:54:45.446+0000] {processor.py:183} INFO - Processing /opt/airflow/dags/dag_dq_checkpoint.py took 0.145 seconds
[2026-06-03T10:55:15.694+0000] {processor.py:161} INFO - Started process (PID=2842) to work on /opt/airflow/dags/dag_dq_checkpoint.py
[2026-06-03T10:55:15.696+0000] {processor.py:830} INFO - Processing file /opt/airflow/dags/dag_dq_checkpoint.py for tasks to queue
[2026-06-03T10:55:15.698+0000] {logging_mixin.py:188} INFO - [2026-06-03T10:55:15.697+0000] {dagbag.py:540} INFO - Filling up the DagBag from /opt/airflow/dags/dag_dq_checkpoint.py
[2026-06-03T10:55:15.766+0000] {processor.py:840} INFO - DAG(s) 'neuralretail_dq_checkpoint' retrieved from /opt/airflow/dags/dag_dq_checkpoint.py
[2026-06-03T10:55:15.861+0000] {logging_mixin.py:188} INFO - [2026-06-03T10:55:15.860+0000] {dag.py:3096} INFO - Sync 1 DAGs
[2026-06-03T10:55:15.875+0000] {logging_mixin.py:188} INFO - [2026-06-03T10:55:15.875+0000] {dag.py:3954} INFO - Setting next_dagrun for neuralretail_dq_checkpoint to None, run_after=None
[2026-06-03T10:55:15.905+0000] {processor.py:183} INFO - Processing /opt/airflow/dags/dag_dq_checkpoint.py took 0.217 seconds
[2026-06-03T10:55:46.102+0000] {processor.py:161} INFO - Started process (PID=2862) to work on /opt/airflow/dags/dag_dq_checkpoint.py
[2026-06-03T10:55:46.106+0000] {processor.py:830} INFO - Processing file /opt/airflow/dags/dag_dq_checkpoint.py for tasks to queue
[2026-06-03T10:55:46.110+0000] {logging_mixin.py:188} INFO - [2026-06-03T10:55:46.110+0000] {dagbag.py:540} INFO - Filling up the DagBag from /opt/airflow/dags/dag_dq_checkpoint.py
[2026-06-03T10:55:46.249+0000] {processor.py:840} INFO - DAG(s) 'neuralretail_dq_checkpoint' retrieved from /opt/airflow/dags/dag_dq_checkpoint.py
[2026-06-03T10:55:46.303+0000] {logging_mixin.py:188} INFO - [2026-06-03T10:55:46.303+0000] {dag.py:3096} INFO - Sync 1 DAGs
[2026-06-03T10:55:46.317+0000] {logging_mixin.py:188} INFO - [2026-06-03T10:55:46.317+0000] {dag.py:3954} INFO - Setting next_dagrun for neuralretail_dq_checkpoint to None, run_after=None
[2026-06-03T10:55:46.342+0000] {processor.py:183} INFO - Processing /opt/airflow/dags/dag_dq_checkpoint.py took 0.252 seconds
[2026-06-03T10:56:16.600+0000] {processor.py:161} INFO - Started process (PID=2882) to work on /opt/airflow/dags/dag_dq_checkpoint.py
[2026-06-03T10:56:16.601+0000] {processor.py:830} INFO - Processing file /opt/airflow/dags/dag_dq_checkpoint.py for tasks to queue
[2026-06-03T10:56:16.603+0000] {logging_mixin.py:188} INFO - [2026-06-03T10:56:16.603+0000] {dagbag.py:540} INFO - Filling up the DagBag from /opt/airflow/dags/dag_dq_checkpoint.py
[2026-06-03T10:56:16.684+0000] {processor.py:840} INFO - DAG(s) 'neuralretail_dq_checkpoint' retrieved from /opt/airflow/dags/dag_dq_checkpoint.py
[2026-06-03T10:56:16.725+0000] {logging_mixin.py:188} INFO - [2026-06-03T10:56:16.724+0000] {dag.py:3096} INFO - Sync 1 DAGs
[2026-06-03T10:56:16.738+0000] {logging_mixin.py:188} INFO - [2026-06-03T10:56:16.738+0000] {dag.py:3954} INFO - Setting next_dagrun for neuralretail_dq_checkpoint to None, run_after=None
[2026-06-03T10:56:16.759+0000] {processor.py:183} INFO - Processing /opt/airflow/dags/dag_dq_checkpoint.py took 0.166 seconds
[2026-06-03T10:56:47.609+0000] {processor.py:161} INFO - Started process (PID=2902) to work on /opt/airflow/dags/dag_dq_checkpoint.py
[2026-06-03T10:56:47.612+0000] {processor.py:830} INFO - Processing file /opt/airflow/dags/dag_dq_checkpoint.py for tasks to queue
[2026-06-03T10:56:47.614+0000] {logging_mixin.py:188} INFO - [2026-06-03T10:56:47.614+0000] {dagbag.py:540} INFO - Filling up the DagBag from /opt/airflow/dags/dag_dq_checkpoint.py
[2026-06-03T10:56:47.675+0000] {processor.py:840} INFO - DAG(s) 'neuralretail_dq_checkpoint' retrieved from /opt/airflow/dags/dag_dq_checkpoint.py
[2026-06-03T10:56:47.748+0000] {logging_mixin.py:188} INFO - [2026-06-03T10:56:47.747+0000] {dag.py:3096} INFO - Sync 1 DAGs
[2026-06-03T10:56:47.767+0000] {logging_mixin.py:188} INFO - [2026-06-03T10:56:47.767+0000] {dag.py:3954} INFO - Setting next_dagrun for neuralretail_dq_checkpoint to None, run_after=None
[2026-06-03T10:56:47.899+0000] {processor.py:183} INFO - Processing /opt/airflow/dags/dag_dq_checkpoint.py took 0.298 seconds
[2026-06-03T10:57:18.512+0000] {processor.py:161} INFO - Started process (PID=2922) to work on /opt/airflow/dags/dag_dq_checkpoint.py
[2026-06-03T10:57:18.515+0000] {processor.py:830} INFO - Processing file /opt/airflow/dags/dag_dq_checkpoint.py for tasks to queue
[2026-06-03T10:57:18.519+0000] {logging_mixin.py:188} INFO - [2026-06-03T10:57:18.519+0000] {dagbag.py:540} INFO - Filling up the DagBag from /opt/airflow/dags/dag_dq_checkpoint.py
[2026-06-03T10:57:18.593+0000] {processor.py:840} INFO - DAG(s) 'neuralretail_dq_checkpoint' retrieved from /opt/airflow/dags/dag_dq_checkpoint.py
[2026-06-03T10:57:18.646+0000] {logging_mixin.py:188} INFO - [2026-06-03T10:57:18.646+0000] {dag.py:3096} INFO - Sync 1 DAGs
[2026-06-03T10:57:18.658+0000] {logging_mixin.py:188} INFO - [2026-06-03T10:57:18.658+0000] {dag.py:3954} INFO - Setting next_dagrun for neuralretail_dq_checkpoint to None, run_after=None
[2026-06-03T10:57:18.687+0000] {processor.py:183} INFO - Processing /opt/airflow/dags/dag_dq_checkpoint.py took 0.182 seconds
[2026-06-03T10:57:48.942+0000] {processor.py:161} INFO - Started process (PID=2942) to work on /opt/airflow/dags/dag_dq_checkpoint.py
[2026-06-03T10:57:48.944+0000] {processor.py:830} INFO - Processing file /opt/airflow/dags/dag_dq_checkpoint.py for tasks to queue
[2026-06-03T10:57:48.948+0000] {logging_mixin.py:188} INFO - [2026-06-03T10:57:48.948+0000] {dagbag.py:540} INFO - Filling up the DagBag from /opt/airflow/dags/dag_dq_checkpoint.py
[2026-06-03T10:57:48.992+0000] {processor.py:840} INFO - DAG(s) 'neuralretail_dq_checkpoint' retrieved from /opt/airflow/dags/dag_dq_checkpoint.py
[2026-06-03T10:57:49.037+0000] {logging_mixin.py:188} INFO - [2026-06-03T10:57:49.036+0000] {dag.py:3096} INFO - Sync 1 DAGs
[2026-06-03T10:57:49.052+0000] {logging_mixin.py:188} INFO - [2026-06-03T10:57:49.052+0000] {dag.py:3954} INFO - Setting next_dagrun for neuralretail_dq_checkpoint to None, run_after=None
[2026-06-03T10:57:49.077+0000] {processor.py:183} INFO - Processing /opt/airflow/dags/dag_dq_checkpoint.py took 0.143 seconds
[2026-06-03T10:58:19.953+0000] {processor.py:161} INFO - Started process (PID=2962) to work on /opt/airflow/dags/dag_dq_checkpoint.py
[2026-06-03T10:58:19.954+0000] {processor.py:830} INFO - Processing file /opt/airflow/dags/dag_dq_checkpoint.py for tasks to queue
[2026-06-03T10:58:19.957+0000] {logging_mixin.py:188} INFO - [2026-06-03T10:58:19.956+0000] {dagbag.py:540} INFO - Filling up the DagBag from /opt/airflow/dags/dag_dq_checkpoint.py
[2026-06-03T10:58:19.990+0000] {processor.py:840} INFO - DAG(s) 'neuralretail_dq_checkpoint' retrieved from /opt/airflow/dags/dag_dq_checkpoint.py
[2026-06-03T10:58:20.158+0000] {logging_mixin.py:188} INFO - [2026-06-03T10:58:20.158+0000] {dag.py:3096} INFO - Sync 1 DAGs
[2026-06-03T10:58:20.167+0000] {logging_mixin.py:188} INFO - [2026-06-03T10:58:20.167+0000] {dag.py:3954} INFO - Setting next_dagrun for neuralretail_dq_checkpoint to None, run_after=None
[2026-06-03T10:58:20.190+0000] {processor.py:183} INFO - Processing /opt/airflow/dags/dag_dq_checkpoint.py took 0.243 seconds
[2026-06-03T10:58:50.617+0000] {processor.py:161} INFO - Started process (PID=2987) to work on /opt/airflow/dags/dag_dq_checkpoint.py
[2026-06-03T10:58:50.623+0000] {processor.py:830} INFO - Processing file /opt/airflow/dags/dag_dq_checkpoint.py for tasks to queue
[2026-06-03T10:58:50.626+0000] {logging_mixin.py:188} INFO - [2026-06-03T10:58:50.625+0000] {dagbag.py:540} INFO - Filling up the DagBag from /opt/airflow/dags/dag_dq_checkpoint.py
[2026-06-03T10:58:50.688+0000] {processor.py:840} INFO - DAG(s) 'neuralretail_dq_checkpoint' retrieved from /opt/airflow/dags/dag_dq_checkpoint.py
[2026-06-03T10:58:50.738+0000] {logging_mixin.py:188} INFO - [2026-06-03T10:58:50.738+0000] {dag.py:3096} INFO - Sync 1 DAGs
[2026-06-03T10:58:50.752+0000] {logging_mixin.py:188} INFO - [2026-06-03T10:58:50.752+0000] {dag.py:3954} INFO - Setting next_dagrun for neuralretail_dq_checkpoint to None, run_after=None
[2026-06-03T10:58:50.775+0000] {processor.py:183} INFO - Processing /opt/airflow/dags/dag_dq_checkpoint.py took 0.169 seconds
[2026-06-03T10:59:21.039+0000] {processor.py:161} INFO - Started process (PID=3002) to work on /opt/airflow/dags/dag_dq_checkpoint.py
[2026-06-03T10:59:21.042+0000] {processor.py:830} INFO - Processing file /opt/airflow/dags/dag_dq_checkpoint.py for tasks to queue
[2026-06-03T10:59:21.046+0000] {logging_mixin.py:188} INFO - [2026-06-03T10:59:21.045+0000] {dagbag.py:540} INFO - Filling up the DagBag from /opt/airflow/dags/dag_dq_checkpoint.py
[2026-06-03T10:59:21.095+0000] {processor.py:840} INFO - DAG(s) 'neuralretail_dq_checkpoint' retrieved from /opt/airflow/dags/dag_dq_checkpoint.py
[2026-06-03T10:59:21.151+0000] {logging_mixin.py:188} INFO - [2026-06-03T10:59:21.151+0000] {dag.py:3096} INFO - Sync 1 DAGs
[2026-06-03T10:59:21.295+0000] {logging_mixin.py:188} INFO - [2026-06-03T10:59:21.295+0000] {dag.py:3954} INFO - Setting next_dagrun for neuralretail_dq_checkpoint to None, run_after=None
[2026-06-03T10:59:21.323+0000] {processor.py:183} INFO - Processing /opt/airflow/dags/dag_dq_checkpoint.py took 0.296 seconds
[2026-06-03T10:59:51.773+0000] {processor.py:161} INFO - Started process (PID=3022) to work on /opt/airflow/dags/dag_dq_checkpoint.py
[2026-06-03T10:59:51.774+0000] {processor.py:830} INFO - Processing file /opt/airflow/dags/dag_dq_checkpoint.py for tasks to queue
[2026-06-03T10:59:51.777+0000] {logging_mixin.py:188} INFO - [2026-06-03T10:59:51.777+0000] {dagbag.py:540} INFO - Filling up the DagBag from /opt/airflow/dags/dag_dq_checkpoint.py
[2026-06-03T10:59:51.842+0000] {processor.py:840} INFO - DAG(s) 'neuralretail_dq_checkpoint' retrieved from /opt/airflow/dags/dag_dq_checkpoint.py
[2026-06-03T10:59:51.924+0000] {logging_mixin.py:188} INFO - [2026-06-03T10:59:51.924+0000] {dag.py:3096} INFO - Sync 1 DAGs
[2026-06-03T10:59:51.942+0000] {logging_mixin.py:188} INFO - [2026-06-03T10:59:51.941+0000] {dag.py:3954} INFO - Setting next_dagrun for neuralretail_dq_checkpoint to None, run_after=None
[2026-06-03T10:59:51.981+0000] {processor.py:183} INFO - Processing /opt/airflow/dags/dag_dq_checkpoint.py took 0.217 seconds
[2026-06-03T11:00:22.929+0000] {processor.py:161} INFO - Started process (PID=3042) to work on /opt/airflow/dags/dag_dq_checkpoint.py
[2026-06-03T11:00:22.931+0000] {processor.py:830} INFO - Processing file /opt/airflow/dags/dag_dq_checkpoint.py for tasks to queue
[2026-06-03T11:00:22.936+0000] {logging_mixin.py:188} INFO - [2026-06-03T11:00:22.935+0000] {dagbag.py:540} INFO - Filling up the DagBag from /opt/airflow/dags/dag_dq_checkpoint.py
[2026-06-03T11:00:22.988+0000] {processor.py:840} INFO - DAG(s) 'neuralretail_dq_checkpoint' retrieved from /opt/airflow/dags/dag_dq_checkpoint.py
[2026-06-03T11:00:23.040+0000] {logging_mixin.py:188} INFO - [2026-06-03T11:00:23.040+0000] {dag.py:3096} INFO - Sync 1 DAGs
[2026-06-03T11:00:23.057+0000] {logging_mixin.py:188} INFO - [2026-06-03T11:00:23.057+0000] {dag.py:3954} INFO - Setting next_dagrun for neuralretail_dq_checkpoint to None, run_after=None
[2026-06-03T11:00:23.079+0000] {processor.py:183} INFO - Processing /opt/airflow/dags/dag_dq_checkpoint.py took 0.157 seconds
[2026-06-03T11:00:53.255+0000] {processor.py:161} INFO - Started process (PID=3065) to work on /opt/airflow/dags/dag_dq_checkpoint.py
[2026-06-03T11:00:53.258+0000] {processor.py:830} INFO - Processing file /opt/airflow/dags/dag_dq_checkpoint.py for tasks to queue
[2026-06-03T11:00:53.260+0000] {logging_mixin.py:188} INFO - [2026-06-03T11:00:53.260+0000] {dagbag.py:540} INFO - Filling up the DagBag from /opt/airflow/dags/dag_dq_checkpoint.py
[2026-06-03T11:00:53.305+0000] {processor.py:840} INFO - DAG(s) 'neuralretail_dq_checkpoint' retrieved from /opt/airflow/dags/dag_dq_checkpoint.py
[2026-06-03T11:00:53.348+0000] {logging_mixin.py:188} INFO - [2026-06-03T11:00:53.348+0000] {dag.py:3096} INFO - Sync 1 DAGs
[2026-06-03T11:00:53.364+0000] {logging_mixin.py:188} INFO - [2026-06-03T11:00:53.364+0000] {dag.py:3954} INFO - Setting next_dagrun for neuralretail_dq_checkpoint to None, run_after=None
[2026-06-03T11:00:53.389+0000] {processor.py:183} INFO - Processing /opt/airflow/dags/dag_dq_checkpoint.py took 0.143 seconds
[2026-06-03T11:01:24.082+0000] {processor.py:161} INFO - Started process (PID=3082) to work on /opt/airflow/dags/dag_dq_checkpoint.py
[2026-06-03T11:01:24.084+0000] {processor.py:830} INFO - Processing file /opt/airflow/dags/dag_dq_checkpoint.py for tasks to queue
[2026-06-03T11:01:24.088+0000] {logging_mixin.py:188} INFO - [2026-06-03T11:01:24.087+0000] {dagbag.py:540} INFO - Filling up the DagBag from /opt/airflow/dags/dag_dq_checkpoint.py
[2026-06-03T11:01:24.159+0000] {processor.py:840} INFO - DAG(s) 'neuralretail_dq_checkpoint' retrieved from /opt/airflow/dags/dag_dq_checkpoint.py
[2026-06-03T11:01:24.210+0000] {logging_mixin.py:188} INFO - [2026-06-03T11:01:24.210+0000] {dag.py:3096} INFO - Sync 1 DAGs
[2026-06-03T11:01:24.221+0000] {logging_mixin.py:188} INFO - [2026-06-03T11:01:24.221+0000] {dag.py:3954} INFO - Setting next_dagrun for neuralretail_dq_checkpoint to None, run_after=None
[2026-06-03T11:01:24.259+0000] {processor.py:183} INFO - Processing /opt/airflow/dags/dag_dq_checkpoint.py took 0.190 seconds
[2026-06-03T11:01:55.005+0000] {processor.py:161} INFO - Started process (PID=3102) to work on /opt/airflow/dags/dag_dq_checkpoint.py
[2026-06-03T11:01:55.007+0000] {processor.py:830} INFO - Processing file /opt/airflow/dags/dag_dq_checkpoint.py for tasks to queue
[2026-06-03T11:01:55.014+0000] {logging_mixin.py:188} INFO - [2026-06-03T11:01:55.013+0000] {dagbag.py:540} INFO - Filling up the DagBag from /opt/airflow/dags/dag_dq_checkpoint.py
[2026-06-03T11:01:55.082+0000] {processor.py:840} INFO - DAG(s) 'neuralretail_dq_checkpoint' retrieved from /opt/airflow/dags/dag_dq_checkpoint.py
[2026-06-03T11:01:55.150+0000] {logging_mixin.py:188} INFO - [2026-06-03T11:01:55.149+0000] {dag.py:3096} INFO - Sync 1 DAGs
[2026-06-03T11:01:55.166+0000] {logging_mixin.py:188} INFO - [2026-06-03T11:01:55.166+0000] {dag.py:3954} INFO - Setting next_dagrun for neuralretail_dq_checkpoint to None, run_after=None
[2026-06-03T11:01:55.188+0000] {processor.py:183} INFO - Processing /opt/airflow/dags/dag_dq_checkpoint.py took 0.194 seconds
[2026-06-03T11:02:25.570+0000] {processor.py:161} INFO - Started process (PID=3122) to work on /opt/airflow/dags/dag_dq_checkpoint.py
[2026-06-03T11:02:25.573+0000] {processor.py:830} INFO - Processing file /opt/airflow/dags/dag_dq_checkpoint.py for tasks to queue
[2026-06-03T11:02:25.577+0000] {logging_mixin.py:188} INFO - [2026-06-03T11:02:25.576+0000] {dagbag.py:540} INFO - Filling up the DagBag from /opt/airflow/dags/dag_dq_checkpoint.py
[2026-06-03T11:02:25.648+0000] {processor.py:840} INFO - DAG(s) 'neuralretail_dq_checkpoint' retrieved from /opt/airflow/dags/dag_dq_checkpoint.py
[2026-06-03T11:02:25.731+0000] {logging_mixin.py:188} INFO - [2026-06-03T11:02:25.730+0000] {dag.py:3096} INFO - Sync 1 DAGs
[2026-06-03T11:02:25.745+0000] {logging_mixin.py:188} INFO - [2026-06-03T11:02:25.744+0000] {dag.py:3954} INFO - Setting next_dagrun for neuralretail_dq_checkpoint to None, run_after=None
[2026-06-03T11:02:25.764+0000] {processor.py:183} INFO - Processing /opt/airflow/dags/dag_dq_checkpoint.py took 0.203 seconds
[2026-06-03T11:02:56.165+0000] {processor.py:161} INFO - Started process (PID=3142) to work on /opt/airflow/dags/dag_dq_checkpoint.py
[2026-06-03T11:02:56.167+0000] {processor.py:830} INFO - Processing file /opt/airflow/dags/dag_dq_checkpoint.py for tasks to queue
[2026-06-03T11:02:56.168+0000] {logging_mixin.py:188} INFO - [2026-06-03T11:02:56.168+0000] {dagbag.py:540} INFO - Filling up the DagBag from /opt/airflow/dags/dag_dq_checkpoint.py
[2026-06-03T11:02:56.212+0000] {processor.py:840} INFO - DAG(s) 'neuralretail_dq_checkpoint' retrieved from /opt/airflow/dags/dag_dq_checkpoint.py
[2026-06-03T11:02:56.247+0000] {logging_mixin.py:188} INFO - [2026-06-03T11:02:56.246+0000] {dag.py:3096} INFO - Sync 1 DAGs
[2026-06-03T11:02:56.260+0000] {logging_mixin.py:188} INFO - [2026-06-03T11:02:56.260+0000] {dag.py:3954} INFO - Setting next_dagrun for neuralretail_dq_checkpoint to None, run_after=None
[2026-06-03T11:02:56.282+0000] {processor.py:183} INFO - Processing /opt/airflow/dags/dag_dq_checkpoint.py took 0.125 seconds
[2026-06-03T11:03:26.630+0000] {processor.py:161} INFO - Started process (PID=3162) to work on /opt/airflow/dags/dag_dq_checkpoint.py
[2026-06-03T11:03:26.632+0000] {processor.py:830} INFO - Processing file /opt/airflow/dags/dag_dq_checkpoint.py for tasks to queue
[2026-06-03T11:03:26.635+0000] {logging_mixin.py:188} INFO - [2026-06-03T11:03:26.635+0000] {dagbag.py:540} INFO - Filling up the DagBag from /opt/airflow/dags/dag_dq_checkpoint.py
[2026-06-03T11:03:26.697+0000] {processor.py:840} INFO - DAG(s) 'neuralretail_dq_checkpoint' retrieved from /opt/airflow/dags/dag_dq_checkpoint.py
[2026-06-03T11:03:26.772+0000] {logging_mixin.py:188} INFO - [2026-06-03T11:03:26.772+0000] {dag.py:3096} INFO - Sync 1 DAGs
[2026-06-03T11:03:26.810+0000] {logging_mixin.py:188} INFO - [2026-06-03T11:03:26.809+0000] {dag.py:3954} INFO - Setting next_dagrun for neuralretail_dq_checkpoint to None, run_after=None
[2026-06-03T11:03:26.846+0000] {processor.py:183} INFO - Processing /opt/airflow/dags/dag_dq_checkpoint.py took 0.221 seconds
[2026-06-03T11:03:57.102+0000] {processor.py:161} INFO - Started process (PID=3182) to work on /opt/airflow/dags/dag_dq_checkpoint.py
[2026-06-03T11:03:57.105+0000] {processor.py:830} INFO - Processing file /opt/airflow/dags/dag_dq_checkpoint.py for tasks to queue
[2026-06-03T11:03:57.111+0000] {logging_mixin.py:188} INFO - [2026-06-03T11:03:57.110+0000] {dagbag.py:540} INFO - Filling up the DagBag from /opt/airflow/dags/dag_dq_checkpoint.py
[2026-06-03T11:03:57.196+0000] {processor.py:840} INFO - DAG(s) 'neuralretail_dq_checkpoint' retrieved from /opt/airflow/dags/dag_dq_checkpoint.py
[2026-06-03T11:03:57.254+0000] {logging_mixin.py:188} INFO - [2026-06-03T11:03:57.253+0000] {dag.py:3096} INFO - Sync 1 DAGs
[2026-06-03T11:03:57.274+0000] {logging_mixin.py:188} INFO - [2026-06-03T11:03:57.274+0000] {dag.py:3954} INFO - Setting next_dagrun for neuralretail_dq_checkpoint to None, run_after=None
[2026-06-03T11:03:57.306+0000] {processor.py:183} INFO - Processing /opt/airflow/dags/dag_dq_checkpoint.py took 0.212 seconds
[2026-06-03T11:04:28.358+0000] {processor.py:161} INFO - Started process (PID=3202) to work on /opt/airflow/dags/dag_dq_checkpoint.py
[2026-06-03T11:04:28.364+0000] {processor.py:830} INFO - Processing file /opt/airflow/dags/dag_dq_checkpoint.py for tasks to queue
[2026-06-03T11:04:28.374+0000] {logging_mixin.py:188} INFO - [2026-06-03T11:04:28.373+0000] {dagbag.py:540} INFO - Filling up the DagBag from /opt/airflow/dags/dag_dq_checkpoint.py
[2026-06-03T11:04:28.662+0000] {processor.py:840} INFO - DAG(s) 'neuralretail_dq_checkpoint' retrieved from /opt/airflow/dags/dag_dq_checkpoint.py
[2026-06-03T11:04:28.798+0000] {logging_mixin.py:188} INFO - [2026-06-03T11:04:28.798+0000] {dag.py:3096} INFO - Sync 1 DAGs
[2026-06-03T11:04:28.815+0000] {logging_mixin.py:188} INFO - [2026-06-03T11:04:28.815+0000] {dag.py:3954} INFO - Setting next_dagrun for neuralretail_dq_checkpoint to None, run_after=None
[2026-06-03T11:04:28.844+0000] {processor.py:183} INFO - Processing /opt/airflow/dags/dag_dq_checkpoint.py took 0.491 seconds
[2026-06-03T11:04:59.073+0000] {processor.py:161} INFO - Started process (PID=3222) to work on /opt/airflow/dags/dag_dq_checkpoint.py
[2026-06-03T11:04:59.074+0000] {processor.py:830} INFO - Processing file /opt/airflow/dags/dag_dq_checkpoint.py for tasks to queue
[2026-06-03T11:04:59.080+0000] {logging_mixin.py:188} INFO - [2026-06-03T11:04:59.079+0000] {dagbag.py:540} INFO - Filling up the DagBag from /opt/airflow/dags/dag_dq_checkpoint.py
[2026-06-03T11:04:59.142+0000] {processor.py:840} INFO - DAG(s) 'neuralretail_dq_checkpoint' retrieved from /opt/airflow/dags/dag_dq_checkpoint.py
[2026-06-03T11:04:59.204+0000] {logging_mixin.py:188} INFO - [2026-06-03T11:04:59.203+0000] {dag.py:3096} INFO - Sync 1 DAGs
[2026-06-03T11:04:59.217+0000] {logging_mixin.py:188} INFO - [2026-06-03T11:04:59.217+0000] {dag.py:3954} INFO - Setting next_dagrun for neuralretail_dq_checkpoint to None, run_after=None
[2026-06-03T11:04:59.240+0000] {processor.py:183} INFO - Processing /opt/airflow/dags/dag_dq_checkpoint.py took 0.176 seconds
[2026-06-03T11:05:29.455+0000] {processor.py:161} INFO - Started process (PID=3242) to work on /opt/airflow/dags/dag_dq_checkpoint.py
[2026-06-03T11:05:29.462+0000] {processor.py:830} INFO - Processing file /opt/airflow/dags/dag_dq_checkpoint.py for tasks to queue
[2026-06-03T11:05:29.467+0000] {logging_mixin.py:188} INFO - [2026-06-03T11:05:29.467+0000] {dagbag.py:540} INFO - Filling up the DagBag from /opt/airflow/dags/dag_dq_checkpoint.py
[2026-06-03T11:05:29.567+0000] {processor.py:840} INFO - DAG(s) 'neuralretail_dq_checkpoint' retrieved from /opt/airflow/dags/dag_dq_checkpoint.py
[2026-06-03T11:05:29.605+0000] {logging_mixin.py:188} INFO - [2026-06-03T11:05:29.605+0000] {dag.py:3096} INFO - Sync 1 DAGs
[2026-06-03T11:05:29.616+0000] {logging_mixin.py:188} INFO - [2026-06-03T11:05:29.616+0000] {dag.py:3954} INFO - Setting next_dagrun for neuralretail_dq_checkpoint to None, run_after=None
[2026-06-03T11:05:29.636+0000] {processor.py:183} INFO - Processing /opt/airflow/dags/dag_dq_checkpoint.py took 0.185 seconds
[2026-06-03T11:05:59.996+0000] {processor.py:161} INFO - Started process (PID=3262) to work on /opt/airflow/dags/dag_dq_checkpoint.py
[2026-06-03T11:05:59.997+0000] {processor.py:830} INFO - Processing file /opt/airflow/dags/dag_dq_checkpoint.py for tasks to queue
[2026-06-03T11:05:59.999+0000] {logging_mixin.py:188} INFO - [2026-06-03T11:05:59.999+0000] {dagbag.py:540} INFO - Filling up the DagBag from /opt/airflow/dags/dag_dq_checkpoint.py
[2026-06-03T11:06:00.050+0000] {processor.py:840} INFO - DAG(s) 'neuralretail_dq_checkpoint' retrieved from /opt/airflow/dags/dag_dq_checkpoint.py
[2026-06-03T11:06:00.103+0000] {logging_mixin.py:188} INFO - [2026-06-03T11:06:00.103+0000] {dag.py:3096} INFO - Sync 1 DAGs
[2026-06-03T11:06:00.120+0000] {logging_mixin.py:188} INFO - [2026-06-03T11:06:00.120+0000] {dag.py:3954} INFO - Setting next_dagrun for neuralretail_dq_checkpoint to None, run_after=None
[2026-06-03T11:06:00.143+0000] {processor.py:183} INFO - Processing /opt/airflow/dags/dag_dq_checkpoint.py took 0.152 seconds
[2026-06-03T11:06:31.289+0000] {processor.py:161} INFO - Started process (PID=3282) to work on /opt/airflow/dags/dag_dq_checkpoint.py
[2026-06-03T11:06:31.295+0000] {processor.py:830} INFO - Processing file /opt/airflow/dags/dag_dq_checkpoint.py for tasks to queue
[2026-06-03T11:06:31.300+0000] {logging_mixin.py:188} INFO - [2026-06-03T11:06:31.299+0000] {dagbag.py:540} INFO - Filling up the DagBag from /opt/airflow/dags/dag_dq_checkpoint.py
[2026-06-03T11:06:31.408+0000] {processor.py:840} INFO - DAG(s) 'neuralretail_dq_checkpoint' retrieved from /opt/airflow/dags/dag_dq_checkpoint.py
[2026-06-03T11:06:31.710+0000] {logging_mixin.py:188} INFO - [2026-06-03T11:06:31.708+0000] {dag.py:3096} INFO - Sync 1 DAGs
[2026-06-03T11:06:31.766+0000] {logging_mixin.py:188} INFO - [2026-06-03T11:06:31.765+0000] {dag.py:3954} INFO - Setting next_dagrun for neuralretail_dq_checkpoint to None, run_after=None
[2026-06-03T11:06:31.829+0000] {processor.py:183} INFO - Processing /opt/airflow/dags/dag_dq_checkpoint.py took 0.552 seconds
[2026-06-03T11:07:02.631+0000] {processor.py:161} INFO - Started process (PID=3302) to work on /opt/airflow/dags/dag_dq_checkpoint.py
[2026-06-03T11:07:02.637+0000] {processor.py:830} INFO - Processing file /opt/airflow/dags/dag_dq_checkpoint.py for tasks to queue
[2026-06-03T11:07:02.641+0000] {logging_mixin.py:188} INFO - [2026-06-03T11:07:02.640+0000] {dagbag.py:540} INFO - Filling up the DagBag from /opt/airflow/dags/dag_dq_checkpoint.py
[2026-06-03T11:07:02.703+0000] {processor.py:840} INFO - DAG(s) 'neuralretail_dq_checkpoint' retrieved from /opt/airflow/dags/dag_dq_checkpoint.py
[2026-06-03T11:07:02.968+0000] {logging_mixin.py:188} INFO - [2026-06-03T11:07:02.967+0000] {dag.py:3096} INFO - Sync 1 DAGs
[2026-06-03T11:07:03.055+0000] {logging_mixin.py:188} INFO - [2026-06-03T11:07:03.054+0000] {dag.py:3954} INFO - Setting next_dagrun for neuralretail_dq_checkpoint to None, run_after=None
[2026-06-03T11:07:03.333+0000] {processor.py:183} INFO - Processing /opt/airflow/dags/dag_dq_checkpoint.py took 0.719 seconds
[2026-06-03T11:07:33.949+0000] {processor.py:161} INFO - Started process (PID=3322) to work on /opt/airflow/dags/dag_dq_checkpoint.py
[2026-06-03T11:07:33.978+0000] {processor.py:830} INFO - Processing file /opt/airflow/dags/dag_dq_checkpoint.py for tasks to queue
[2026-06-03T11:07:33.989+0000] {logging_mixin.py:188} INFO - [2026-06-03T11:07:33.989+0000] {dagbag.py:540} INFO - Filling up the DagBag from /opt/airflow/dags/dag_dq_checkpoint.py
[2026-06-03T11:07:34.232+0000] {processor.py:840} INFO - DAG(s) 'neuralretail_dq_checkpoint' retrieved from /opt/airflow/dags/dag_dq_checkpoint.py
[2026-06-03T11:07:34.330+0000] {logging_mixin.py:188} INFO - [2026-06-03T11:07:34.329+0000] {dag.py:3096} INFO - Sync 1 DAGs
[2026-06-03T11:07:34.369+0000] {logging_mixin.py:188} INFO - [2026-06-03T11:07:34.369+0000] {dag.py:3954} INFO - Setting next_dagrun for neuralretail_dq_checkpoint to None, run_after=None
[2026-06-03T11:07:34.415+0000] {processor.py:183} INFO - Processing /opt/airflow/dags/dag_dq_checkpoint.py took 0.476 seconds
[2026-06-03T11:08:04.689+0000] {processor.py:161} INFO - Started process (PID=3342) to work on /opt/airflow/dags/dag_dq_checkpoint.py
[2026-06-03T11:08:04.701+0000] {processor.py:830} INFO - Processing file /opt/airflow/dags/dag_dq_checkpoint.py for tasks to queue
[2026-06-03T11:08:04.716+0000] {logging_mixin.py:188} INFO - [2026-06-03T11:08:04.715+0000] {dagbag.py:540} INFO - Filling up the DagBag from /opt/airflow/dags/dag_dq_checkpoint.py
[2026-06-03T11:08:05.491+0000] {processor.py:840} INFO - DAG(s) 'neuralretail_dq_checkpoint' retrieved from /opt/airflow/dags/dag_dq_checkpoint.py
[2026-06-03T11:08:05.571+0000] {logging_mixin.py:188} INFO - [2026-06-03T11:08:05.571+0000] {dag.py:3096} INFO - Sync 1 DAGs
[2026-06-03T11:08:05.591+0000] {logging_mixin.py:188} INFO - [2026-06-03T11:08:05.591+0000] {dag.py:3954} INFO - Setting next_dagrun for neuralretail_dq_checkpoint to None, run_after=None
[2026-06-03T11:08:05.649+0000] {processor.py:183} INFO - Processing /opt/airflow/dags/dag_dq_checkpoint.py took 0.983 seconds
[2026-06-03T11:08:35.900+0000] {processor.py:161} INFO - Started process (PID=3362) to work on /opt/airflow/dags/dag_dq_checkpoint.py
[2026-06-03T11:08:35.902+0000] {processor.py:830} INFO - Processing file /opt/airflow/dags/dag_dq_checkpoint.py for tasks to queue
[2026-06-03T11:08:35.905+0000] {logging_mixin.py:188} INFO - [2026-06-03T11:08:35.904+0000] {dagbag.py:540} INFO - Filling up the DagBag from /opt/airflow/dags/dag_dq_checkpoint.py
[2026-06-03T11:08:35.992+0000] {processor.py:840} INFO - DAG(s) 'neuralretail_dq_checkpoint' retrieved from /opt/airflow/dags/dag_dq_checkpoint.py
[2026-06-03T11:08:36.171+0000] {logging_mixin.py:188} INFO - [2026-06-03T11:08:36.170+0000] {dag.py:3096} INFO - Sync 1 DAGs
[2026-06-03T11:08:36.210+0000] {logging_mixin.py:188} INFO - [2026-06-03T11:08:36.210+0000] {dag.py:3954} INFO - Setting next_dagrun for neuralretail_dq_checkpoint to None, run_after=None
[2026-06-03T11:08:36.265+0000] {processor.py:183} INFO - Processing /opt/airflow/dags/dag_dq_checkpoint.py took 0.378 seconds
[2026-06-03T11:09:07.294+0000] {processor.py:161} INFO - Started process (PID=3382) to work on /opt/airflow/dags/dag_dq_checkpoint.py
[2026-06-03T11:09:07.298+0000] {processor.py:830} INFO - Processing file /opt/airflow/dags/dag_dq_checkpoint.py for tasks to queue
[2026-06-03T11:09:07.303+0000] {logging_mixin.py:188} INFO - [2026-06-03T11:09:07.303+0000] {dagbag.py:540} INFO - Filling up the DagBag from /opt/airflow/dags/dag_dq_checkpoint.py
[2026-06-03T11:09:07.411+0000] {processor.py:840} INFO - DAG(s) 'neuralretail_dq_checkpoint' retrieved from /opt/airflow/dags/dag_dq_checkpoint.py
[2026-06-03T11:09:07.521+0000] {logging_mixin.py:188} INFO - [2026-06-03T11:09:07.521+0000] {dag.py:3096} INFO - Sync 1 DAGs
[2026-06-03T11:09:07.558+0000] {logging_mixin.py:188} INFO - [2026-06-03T11:09:07.558+0000] {dag.py:3954} INFO - Setting next_dagrun for neuralretail_dq_checkpoint to None, run_after=None
[2026-06-03T11:09:07.606+0000] {processor.py:183} INFO - Processing /opt/airflow/dags/dag_dq_checkpoint.py took 0.325 seconds
[2026-06-03T11:09:37.883+0000] {processor.py:161} INFO - Started process (PID=3402) to work on /opt/airflow/dags/dag_dq_checkpoint.py
[2026-06-03T11:09:37.889+0000] {processor.py:830} INFO - Processing file /opt/airflow/dags/dag_dq_checkpoint.py for tasks to queue
[2026-06-03T11:09:37.895+0000] {logging_mixin.py:188} INFO - [2026-06-03T11:09:37.895+0000] {dagbag.py:540} INFO - Filling up the DagBag from /opt/airflow/dags/dag_dq_checkpoint.py
[2026-06-03T11:09:37.973+0000] {processor.py:840} INFO - DAG(s) 'neuralretail_dq_checkpoint' retrieved from /opt/airflow/dags/dag_dq_checkpoint.py
[2026-06-03T11:09:38.062+0000] {logging_mixin.py:188} INFO - [2026-06-03T11:09:38.062+0000] {dag.py:3096} INFO - Sync 1 DAGs
[2026-06-03T11:09:38.108+0000] {logging_mixin.py:188} INFO - [2026-06-03T11:09:38.107+0000] {dag.py:3954} INFO - Setting next_dagrun for neuralretail_dq_checkpoint to None, run_after=None
[2026-06-03T11:09:38.174+0000] {processor.py:183} INFO - Processing /opt/airflow/dags/dag_dq_checkpoint.py took 0.306 seconds
[2026-06-03T11:10:08.824+0000] {processor.py:161} INFO - Started process (PID=3422) to work on /opt/airflow/dags/dag_dq_checkpoint.py
[2026-06-03T11:10:08.825+0000] {processor.py:830} INFO - Processing file /opt/airflow/dags/dag_dq_checkpoint.py for tasks to queue
[2026-06-03T11:10:08.828+0000] {logging_mixin.py:188} INFO - [2026-06-03T11:10:08.828+0000] {dagbag.py:540} INFO - Filling up the DagBag from /opt/airflow/dags/dag_dq_checkpoint.py
[2026-06-03T11:10:08.929+0000] {processor.py:840} INFO - DAG(s) 'neuralretail_dq_checkpoint' retrieved from /opt/airflow/dags/dag_dq_checkpoint.py
[2026-06-03T11:10:09.076+0000] {logging_mixin.py:188} INFO - [2026-06-03T11:10:09.075+0000] {dag.py:3096} INFO - Sync 1 DAGs
[2026-06-03T11:10:09.097+0000] {logging_mixin.py:188} INFO - [2026-06-03T11:10:09.096+0000] {dag.py:3954} INFO - Setting next_dagrun for neuralretail_dq_checkpoint to None, run_after=None
[2026-06-03T11:10:09.133+0000] {processor.py:183} INFO - Processing /opt/airflow/dags/dag_dq_checkpoint.py took 0.321 seconds
[2026-06-03T11:10:40.227+0000] {processor.py:161} INFO - Started process (PID=3442) to work on /opt/airflow/dags/dag_dq_checkpoint.py
[2026-06-03T11:10:40.231+0000] {processor.py:830} INFO - Processing file /opt/airflow/dags/dag_dq_checkpoint.py for tasks to queue
[2026-06-03T11:10:40.239+0000] {logging_mixin.py:188} INFO - [2026-06-03T11:10:40.238+0000] {dagbag.py:540} INFO - Filling up the DagBag from /opt/airflow/dags/dag_dq_checkpoint.py
[2026-06-03T11:10:40.333+0000] {processor.py:840} INFO - DAG(s) 'neuralretail_dq_checkpoint' retrieved from /opt/airflow/dags/dag_dq_checkpoint.py
[2026-06-03T11:10:40.426+0000] {logging_mixin.py:188} INFO - [2026-06-03T11:10:40.425+0000] {dag.py:3096} INFO - Sync 1 DAGs
[2026-06-03T11:10:40.454+0000] {logging_mixin.py:188} INFO - [2026-06-03T11:10:40.453+0000] {dag.py:3954} INFO - Setting next_dagrun for neuralretail_dq_checkpoint to None, run_after=None
[2026-06-03T11:10:40.521+0000] {processor.py:183} INFO - Processing /opt/airflow/dags/dag_dq_checkpoint.py took 0.311 seconds
[2026-06-03T11:11:11.368+0000] {processor.py:161} INFO - Started process (PID=3462) to work on /opt/airflow/dags/dag_dq_checkpoint.py
[2026-06-03T11:11:11.380+0000] {processor.py:830} INFO - Processing file /opt/airflow/dags/dag_dq_checkpoint.py for tasks to queue
[2026-06-03T11:11:11.387+0000] {logging_mixin.py:188} INFO - [2026-06-03T11:11:11.386+0000] {dagbag.py:540} INFO - Filling up the DagBag from /opt/airflow/dags/dag_dq_checkpoint.py
[2026-06-03T11:11:11.487+0000] {processor.py:840} INFO - DAG(s) 'neuralretail_dq_checkpoint' retrieved from /opt/airflow/dags/dag_dq_checkpoint.py
[2026-06-03T11:11:11.607+0000] {logging_mixin.py:188} INFO - [2026-06-03T11:11:11.606+0000] {dag.py:3096} INFO - Sync 1 DAGs
[2026-06-03T11:11:11.640+0000] {logging_mixin.py:188} INFO - [2026-06-03T11:11:11.639+0000] {dag.py:3954} INFO - Setting next_dagrun for neuralretail_dq_checkpoint to None, run_after=None
[2026-06-03T11:11:11.691+0000] {processor.py:183} INFO - Processing /opt/airflow/dags/dag_dq_checkpoint.py took 0.336 seconds
[2026-06-03T11:11:42.716+0000] {processor.py:161} INFO - Started process (PID=3482) to work on /opt/airflow/dags/dag_dq_checkpoint.py
[2026-06-03T11:11:42.725+0000] {processor.py:830} INFO - Processing file /opt/airflow/dags/dag_dq_checkpoint.py for tasks to queue
[2026-06-03T11:11:42.733+0000] {logging_mixin.py:188} INFO - [2026-06-03T11:11:42.732+0000] {dagbag.py:540} INFO - Filling up the DagBag from /opt/airflow/dags/dag_dq_checkpoint.py
[2026-06-03T11:11:42.851+0000] {processor.py:840} INFO - DAG(s) 'neuralretail_dq_checkpoint' retrieved from /opt/airflow/dags/dag_dq_checkpoint.py
[2026-06-03T11:11:43.064+0000] {logging_mixin.py:188} INFO - [2026-06-03T11:11:43.061+0000] {dag.py:3096} INFO - Sync 1 DAGs
[2026-06-03T11:11:43.120+0000] {logging_mixin.py:188} INFO - [2026-06-03T11:11:43.119+0000] {dag.py:3954} INFO - Setting next_dagrun for neuralretail_dq_checkpoint to None, run_after=None
[2026-06-03T11:11:43.208+0000] {processor.py:183} INFO - Processing /opt/airflow/dags/dag_dq_checkpoint.py took 0.515 seconds
[2026-06-03T11:12:13.720+0000] {processor.py:161} INFO - Started process (PID=3502) to work on /opt/airflow/dags/dag_dq_checkpoint.py
[2026-06-03T11:12:13.725+0000] {processor.py:830} INFO - Processing file /opt/airflow/dags/dag_dq_checkpoint.py for tasks to queue
[2026-06-03T11:12:13.729+0000] {logging_mixin.py:188} INFO - [2026-06-03T11:12:13.729+0000] {dagbag.py:540} INFO - Filling up the DagBag from /opt/airflow/dags/dag_dq_checkpoint.py
[2026-06-03T11:12:13.820+0000] {processor.py:840} INFO - DAG(s) 'neuralretail_dq_checkpoint' retrieved from /opt/airflow/dags/dag_dq_checkpoint.py
[2026-06-03T11:12:13.909+0000] {logging_mixin.py:188} INFO - [2026-06-03T11:12:13.908+0000] {dag.py:3096} INFO - Sync 1 DAGs
[2026-06-03T11:12:13.940+0000] {logging_mixin.py:188} INFO - [2026-06-03T11:12:13.939+0000] {dag.py:3954} INFO - Setting next_dagrun for neuralretail_dq_checkpoint to None, run_after=None
[2026-06-03T11:12:13.990+0000] {processor.py:183} INFO - Processing /opt/airflow/dags/dag_dq_checkpoint.py took 0.289 seconds
[2026-06-03T11:12:44.197+0000] {processor.py:161} INFO - Started process (PID=3522) to work on /opt/airflow/dags/dag_dq_checkpoint.py
[2026-06-03T11:12:44.200+0000] {processor.py:830} INFO - Processing file /opt/airflow/dags/dag_dq_checkpoint.py for tasks to queue
[2026-06-03T11:12:44.208+0000] {logging_mixin.py:188} INFO - [2026-06-03T11:12:44.207+0000] {dagbag.py:540} INFO - Filling up the DagBag from /opt/airflow/dags/dag_dq_checkpoint.py
[2026-06-03T11:12:44.297+0000] {processor.py:840} INFO - DAG(s) 'neuralretail_dq_checkpoint' retrieved from /opt/airflow/dags/dag_dq_checkpoint.py
[2026-06-03T11:12:44.386+0000] {logging_mixin.py:188} INFO - [2026-06-03T11:12:44.386+0000] {dag.py:3096} INFO - Sync 1 DAGs
[2026-06-03T11:12:44.419+0000] {logging_mixin.py:188} INFO - [2026-06-03T11:12:44.418+0000] {dag.py:3954} INFO - Setting next_dagrun for neuralretail_dq_checkpoint to None, run_after=None
[2026-06-03T11:12:44.472+0000] {processor.py:183} INFO - Processing /opt/airflow/dags/dag_dq_checkpoint.py took 0.290 seconds
[2026-06-03T11:13:14.887+0000] {processor.py:161} INFO - Started process (PID=3542) to work on /opt/airflow/dags/dag_dq_checkpoint.py
[2026-06-03T11:13:14.890+0000] {processor.py:830} INFO - Processing file /opt/airflow/dags/dag_dq_checkpoint.py for tasks to queue
[2026-06-03T11:13:14.893+0000] {logging_mixin.py:188} INFO - [2026-06-03T11:13:14.892+0000] {dagbag.py:540} INFO - Filling up the DagBag from /opt/airflow/dags/dag_dq_checkpoint.py
[2026-06-03T11:13:14.995+0000] {processor.py:840} INFO - DAG(s) 'neuralretail_dq_checkpoint' retrieved from /opt/airflow/dags/dag_dq_checkpoint.py
[2026-06-03T11:13:15.111+0000] {logging_mixin.py:188} INFO - [2026-06-03T11:13:15.111+0000] {dag.py:3096} INFO - Sync 1 DAGs
[2026-06-03T11:13:15.148+0000] {logging_mixin.py:188} INFO - [2026-06-03T11:13:15.147+0000] {dag.py:3954} INFO - Setting next_dagrun for neuralretail_dq_checkpoint to None, run_after=None
[2026-06-03T11:13:15.208+0000] {processor.py:183} INFO - Processing /opt/airflow/dags/dag_dq_checkpoint.py took 0.337 seconds
[2026-06-03T11:13:46.081+0000] {processor.py:161} INFO - Started process (PID=3562) to work on /opt/airflow/dags/dag_dq_checkpoint.py
[2026-06-03T11:13:46.084+0000] {processor.py:830} INFO - Processing file /opt/airflow/dags/dag_dq_checkpoint.py for tasks to queue
[2026-06-03T11:13:46.090+0000] {logging_mixin.py:188} INFO - [2026-06-03T11:13:46.089+0000] {dagbag.py:540} INFO - Filling up the DagBag from /opt/airflow/dags/dag_dq_checkpoint.py
[2026-06-03T11:13:46.153+0000] {processor.py:840} INFO - DAG(s) 'neuralretail_dq_checkpoint' retrieved from /opt/airflow/dags/dag_dq_checkpoint.py
[2026-06-03T11:13:46.227+0000] {logging_mixin.py:188} INFO - [2026-06-03T11:13:46.226+0000] {dag.py:3096} INFO - Sync 1 DAGs
[2026-06-03T11:13:46.251+0000] {logging_mixin.py:188} INFO - [2026-06-03T11:13:46.250+0000] {dag.py:3954} INFO - Setting next_dagrun for neuralretail_dq_checkpoint to None, run_after=None
[2026-06-03T11:13:46.287+0000] {processor.py:183} INFO - Processing /opt/airflow/dags/dag_dq_checkpoint.py took 0.217 seconds
[2026-06-03T11:14:16.542+0000] {processor.py:161} INFO - Started process (PID=3582) to work on /opt/airflow/dags/dag_dq_checkpoint.py
[2026-06-03T11:14:16.545+0000] {processor.py:830} INFO - Processing file /opt/airflow/dags/dag_dq_checkpoint.py for tasks to queue
[2026-06-03T11:14:16.551+0000] {logging_mixin.py:188} INFO - [2026-06-03T11:14:16.550+0000] {dagbag.py:540} INFO - Filling up the DagBag from /opt/airflow/dags/dag_dq_checkpoint.py
[2026-06-03T11:14:16.626+0000] {processor.py:840} INFO - DAG(s) 'neuralretail_dq_checkpoint' retrieved from /opt/airflow/dags/dag_dq_checkpoint.py
[2026-06-03T11:14:16.701+0000] {logging_mixin.py:188} INFO - [2026-06-03T11:14:16.700+0000] {dag.py:3096} INFO - Sync 1 DAGs
[2026-06-03T11:14:16.731+0000] {logging_mixin.py:188} INFO - [2026-06-03T11:14:16.730+0000] {dag.py:3954} INFO - Setting next_dagrun for neuralretail_dq_checkpoint to None, run_after=None
[2026-06-03T11:14:16.778+0000] {processor.py:183} INFO - Processing /opt/airflow/dags/dag_dq_checkpoint.py took 0.244 seconds
[2026-06-03T11:14:46.993+0000] {processor.py:161} INFO - Started process (PID=3602) to work on /opt/airflow/dags/dag_dq_checkpoint.py
[2026-06-03T11:14:46.995+0000] {processor.py:830} INFO - Processing file /opt/airflow/dags/dag_dq_checkpoint.py for tasks to queue
[2026-06-03T11:14:46.997+0000] {logging_mixin.py:188} INFO - [2026-06-03T11:14:46.997+0000] {dagbag.py:540} INFO - Filling up the DagBag from /opt/airflow/dags/dag_dq_checkpoint.py
[2026-06-03T11:14:47.064+0000] {processor.py:840} INFO - DAG(s) 'neuralretail_dq_checkpoint' retrieved from /opt/airflow/dags/dag_dq_checkpoint.py
[2026-06-03T11:14:47.115+0000] {logging_mixin.py:188} INFO - [2026-06-03T11:14:47.114+0000] {dag.py:3096} INFO - Sync 1 DAGs
[2026-06-03T11:14:47.132+0000] {logging_mixin.py:188} INFO - [2026-06-03T11:14:47.132+0000] {dag.py:3954} INFO - Setting next_dagrun for neuralretail_dq_checkpoint to None, run_after=None
[2026-06-03T11:14:47.167+0000] {processor.py:183} INFO - Processing /opt/airflow/dags/dag_dq_checkpoint.py took 0.182 seconds
[2026-06-03T11:15:17.618+0000] {processor.py:161} INFO - Started process (PID=3622) to work on /opt/airflow/dags/dag_dq_checkpoint.py
[2026-06-03T11:15:17.620+0000] {processor.py:830} INFO - Processing file /opt/airflow/dags/dag_dq_checkpoint.py for tasks to queue
[2026-06-03T11:15:17.623+0000] {logging_mixin.py:188} INFO - [2026-06-03T11:15:17.622+0000] {dagbag.py:540} INFO - Filling up the DagBag from /opt/airflow/dags/dag_dq_checkpoint.py
[2026-06-03T11:15:17.750+0000] {processor.py:840} INFO - DAG(s) 'neuralretail_dq_checkpoint' retrieved from /opt/airflow/dags/dag_dq_checkpoint.py
[2026-06-03T11:15:17.809+0000] {logging_mixin.py:188} INFO - [2026-06-03T11:15:17.809+0000] {dag.py:3096} INFO - Sync 1 DAGs
[2026-06-03T11:15:17.825+0000] {logging_mixin.py:188} INFO - [2026-06-03T11:15:17.825+0000] {dag.py:3954} INFO - Setting next_dagrun for neuralretail_dq_checkpoint to None, run_after=None
[2026-06-03T11:15:17.849+0000] {processor.py:183} INFO - Processing /opt/airflow/dags/dag_dq_checkpoint.py took 0.240 seconds
[2026-06-03T11:15:48.077+0000] {processor.py:161} INFO - Started process (PID=3642) to work on /opt/airflow/dags/dag_dq_checkpoint.py
[2026-06-03T11:15:48.080+0000] {processor.py:830} INFO - Processing file /opt/airflow/dags/dag_dq_checkpoint.py for tasks to queue
[2026-06-03T11:15:48.086+0000] {logging_mixin.py:188} INFO - [2026-06-03T11:15:48.085+0000] {dagbag.py:540} INFO - Filling up the DagBag from /opt/airflow/dags/dag_dq_checkpoint.py
[2026-06-03T11:15:48.171+0000] {processor.py:840} INFO - DAG(s) 'neuralretail_dq_checkpoint' retrieved from /opt/airflow/dags/dag_dq_checkpoint.py
[2026-06-03T11:15:48.262+0000] {logging_mixin.py:188} INFO - [2026-06-03T11:15:48.262+0000] {dag.py:3096} INFO - Sync 1 DAGs
[2026-06-03T11:15:48.279+0000] {logging_mixin.py:188} INFO - [2026-06-03T11:15:48.279+0000] {dag.py:3954} INFO - Setting next_dagrun for neuralretail_dq_checkpoint to None, run_after=None
[2026-06-03T11:15:48.337+0000] {processor.py:183} INFO - Processing /opt/airflow/dags/dag_dq_checkpoint.py took 0.274 seconds
[2026-06-03T11:16:19.420+0000] {processor.py:161} INFO - Started process (PID=3662) to work on /opt/airflow/dags/dag_dq_checkpoint.py
[2026-06-03T11:16:19.424+0000] {processor.py:830} INFO - Processing file /opt/airflow/dags/dag_dq_checkpoint.py for tasks to queue
[2026-06-03T11:16:19.427+0000] {logging_mixin.py:188} INFO - [2026-06-03T11:16:19.427+0000] {dagbag.py:540} INFO - Filling up the DagBag from /opt/airflow/dags/dag_dq_checkpoint.py
[2026-06-03T11:16:19.503+0000] {processor.py:840} INFO - DAG(s) 'neuralretail_dq_checkpoint' retrieved from /opt/airflow/dags/dag_dq_checkpoint.py
[2026-06-03T11:16:19.565+0000] {logging_mixin.py:188} INFO - [2026-06-03T11:16:19.564+0000] {dag.py:3096} INFO - Sync 1 DAGs
[2026-06-03T11:16:19.585+0000] {logging_mixin.py:188} INFO - [2026-06-03T11:16:19.584+0000] {dag.py:3954} INFO - Setting next_dagrun for neuralretail_dq_checkpoint to None, run_after=None
[2026-06-03T11:16:19.620+0000] {processor.py:183} INFO - Processing /opt/airflow/dags/dag_dq_checkpoint.py took 0.212 seconds
[2026-06-03T11:16:50.145+0000] {processor.py:161} INFO - Started process (PID=3682) to work on /opt/airflow/dags/dag_dq_checkpoint.py
[2026-06-03T11:16:50.147+0000] {processor.py:830} INFO - Processing file /opt/airflow/dags/dag_dq_checkpoint.py for tasks to queue
[2026-06-03T11:16:50.149+0000] {logging_mixin.py:188} INFO - [2026-06-03T11:16:50.148+0000] {dagbag.py:540} INFO - Filling up the DagBag from /opt/airflow/dags/dag_dq_checkpoint.py
[2026-06-03T11:16:50.187+0000] {processor.py:840} INFO - DAG(s) 'neuralretail_dq_checkpoint' retrieved from /opt/airflow/dags/dag_dq_checkpoint.py
[2026-06-03T11:16:50.233+0000] {logging_mixin.py:188} INFO - [2026-06-03T11:16:50.233+0000] {dag.py:3096} INFO - Sync 1 DAGs
[2026-06-03T11:16:50.247+0000] {logging_mixin.py:188} INFO - [2026-06-03T11:16:50.247+0000] {dag.py:3954} INFO - Setting next_dagrun for neuralretail_dq_checkpoint to None, run_after=None
[2026-06-03T11:16:50.269+0000] {processor.py:183} INFO - Processing /opt/airflow/dags/dag_dq_checkpoint.py took 0.129 seconds
[2026-06-03T11:17:20.690+0000] {processor.py:161} INFO - Started process (PID=3702) to work on /opt/airflow/dags/dag_dq_checkpoint.py
[2026-06-03T11:17:20.692+0000] {processor.py:830} INFO - Processing file /opt/airflow/dags/dag_dq_checkpoint.py for tasks to queue
[2026-06-03T11:17:20.697+0000] {logging_mixin.py:188} INFO - [2026-06-03T11:17:20.696+0000] {dagbag.py:540} INFO - Filling up the DagBag from /opt/airflow/dags/dag_dq_checkpoint.py
[2026-06-03T11:17:20.740+0000] {processor.py:840} INFO - DAG(s) 'neuralretail_dq_checkpoint' retrieved from /opt/airflow/dags/dag_dq_checkpoint.py
[2026-06-03T11:17:20.792+0000] {logging_mixin.py:188} INFO - [2026-06-03T11:17:20.792+0000] {dag.py:3096} INFO - Sync 1 DAGs
[2026-06-03T11:17:20.806+0000] {logging_mixin.py:188} INFO - [2026-06-03T11:17:20.806+0000] {dag.py:3954} INFO - Setting next_dagrun for neuralretail_dq_checkpoint to None, run_after=None
[2026-06-03T11:17:20.829+0000] {processor.py:183} INFO - Processing /opt/airflow/dags/dag_dq_checkpoint.py took 0.146 seconds
[2026-06-03T11:17:51.148+0000] {processor.py:161} INFO - Started process (PID=3722) to work on /opt/airflow/dags/dag_dq_checkpoint.py
[2026-06-03T11:17:51.149+0000] {processor.py:830} INFO - Processing file /opt/airflow/dags/dag_dq_checkpoint.py for tasks to queue
[2026-06-03T11:17:51.151+0000] {logging_mixin.py:188} INFO - [2026-06-03T11:17:51.151+0000] {dagbag.py:540} INFO - Filling up the DagBag from /opt/airflow/dags/dag_dq_checkpoint.py
[2026-06-03T11:17:51.199+0000] {processor.py:840} INFO - DAG(s) 'neuralretail_dq_checkpoint' retrieved from /opt/airflow/dags/dag_dq_checkpoint.py
[2026-06-03T11:17:51.243+0000] {logging_mixin.py:188} INFO - [2026-06-03T11:17:51.242+0000] {dag.py:3096} INFO - Sync 1 DAGs
[2026-06-03T11:17:51.263+0000] {logging_mixin.py:188} INFO - [2026-06-03T11:17:51.262+0000] {dag.py:3954} INFO - Setting next_dagrun for neuralretail_dq_checkpoint to None, run_after=None
[2026-06-03T11:17:51.287+0000] {processor.py:183} INFO - Processing /opt/airflow/dags/dag_dq_checkpoint.py took 0.145 seconds
[2026-06-03T11:18:21.432+0000] {processor.py:161} INFO - Started process (PID=3742) to work on /opt/airflow/dags/dag_dq_checkpoint.py
[2026-06-03T11:18:21.433+0000] {processor.py:830} INFO - Processing file /opt/airflow/dags/dag_dq_checkpoint.py for tasks to queue
[2026-06-03T11:18:21.435+0000] {logging_mixin.py:188} INFO - [2026-06-03T11:18:21.435+0000] {dagbag.py:540} INFO - Filling up the DagBag from /opt/airflow/dags/dag_dq_checkpoint.py
[2026-06-03T11:18:21.476+0000] {processor.py:840} INFO - DAG(s) 'neuralretail_dq_checkpoint' retrieved from /opt/airflow/dags/dag_dq_checkpoint.py
[2026-06-03T11:18:21.519+0000] {logging_mixin.py:188} INFO - [2026-06-03T11:18:21.519+0000] {dag.py:3096} INFO - Sync 1 DAGs
[2026-06-03T11:18:21.535+0000] {logging_mixin.py:188} INFO - [2026-06-03T11:18:21.535+0000] {dag.py:3954} INFO - Setting next_dagrun for neuralretail_dq_checkpoint to None, run_after=None
[2026-06-03T11:18:21.558+0000] {processor.py:183} INFO - Processing /opt/airflow/dags/dag_dq_checkpoint.py took 0.131 seconds
[2026-06-03T11:18:51.757+0000] {processor.py:161} INFO - Started process (PID=3762) to work on /opt/airflow/dags/dag_dq_checkpoint.py
[2026-06-03T11:18:51.760+0000] {processor.py:830} INFO - Processing file /opt/airflow/dags/dag_dq_checkpoint.py for tasks to queue
[2026-06-03T11:18:51.764+0000] {logging_mixin.py:188} INFO - [2026-06-03T11:18:51.764+0000] {dagbag.py:540} INFO - Filling up the DagBag from /opt/airflow/dags/dag_dq_checkpoint.py
[2026-06-03T11:18:51.812+0000] {processor.py:840} INFO - DAG(s) 'neuralretail_dq_checkpoint' retrieved from /opt/airflow/dags/dag_dq_checkpoint.py
[2026-06-03T11:18:51.849+0000] {logging_mixin.py:188} INFO - [2026-06-03T11:18:51.849+0000] {dag.py:3096} INFO - Sync 1 DAGs
[2026-06-03T11:18:51.861+0000] {logging_mixin.py:188} INFO - [2026-06-03T11:18:51.861+0000] {dag.py:3954} INFO - Setting next_dagrun for neuralretail_dq_checkpoint to None, run_after=None
[2026-06-03T11:18:51.879+0000] {processor.py:183} INFO - Processing /opt/airflow/dags/dag_dq_checkpoint.py took 0.127 seconds
[2026-06-03T11:19:22.159+0000] {processor.py:161} INFO - Started process (PID=3782) to work on /opt/airflow/dags/dag_dq_checkpoint.py
[2026-06-03T11:19:22.160+0000] {processor.py:830} INFO - Processing file /opt/airflow/dags/dag_dq_checkpoint.py for tasks to queue
[2026-06-03T11:19:22.162+0000] {logging_mixin.py:188} INFO - [2026-06-03T11:19:22.162+0000] {dagbag.py:540} INFO - Filling up the DagBag from /opt/airflow/dags/dag_dq_checkpoint.py
[2026-06-03T11:19:22.208+0000] {processor.py:840} INFO - DAG(s) 'neuralretail_dq_checkpoint' retrieved from /opt/airflow/dags/dag_dq_checkpoint.py
[2026-06-03T11:19:22.257+0000] {logging_mixin.py:188} INFO - [2026-06-03T11:19:22.257+0000] {dag.py:3096} INFO - Sync 1 DAGs
[2026-06-03T11:19:22.272+0000] {logging_mixin.py:188} INFO - [2026-06-03T11:19:22.272+0000] {dag.py:3954} INFO - Setting next_dagrun for neuralretail_dq_checkpoint to None, run_after=None
[2026-06-03T11:19:22.295+0000] {processor.py:183} INFO - Processing /opt/airflow/dags/dag_dq_checkpoint.py took 0.141 seconds
[2026-06-03T11:19:52.574+0000] {processor.py:161} INFO - Started process (PID=3802) to work on /opt/airflow/dags/dag_dq_checkpoint.py
[2026-06-03T11:19:52.576+0000] {processor.py:830} INFO - Processing file /opt/airflow/dags/dag_dq_checkpoint.py for tasks to queue
[2026-06-03T11:19:52.579+0000] {logging_mixin.py:188} INFO - [2026-06-03T11:19:52.578+0000] {dagbag.py:540} INFO - Filling up the DagBag from /opt/airflow/dags/dag_dq_checkpoint.py
[2026-06-03T11:19:52.619+0000] {processor.py:840} INFO - DAG(s) 'neuralretail_dq_checkpoint' retrieved from /opt/airflow/dags/dag_dq_checkpoint.py
[2026-06-03T11:19:52.656+0000] {logging_mixin.py:188} INFO - [2026-06-03T11:19:52.656+0000] {dag.py:3096} INFO - Sync 1 DAGs
[2026-06-03T11:19:52.669+0000] {logging_mixin.py:188} INFO - [2026-06-03T11:19:52.668+0000] {dag.py:3954} INFO - Setting next_dagrun for neuralretail_dq_checkpoint to None, run_after=None
[2026-06-03T11:19:52.690+0000] {processor.py:183} INFO - Processing /opt/airflow/dags/dag_dq_checkpoint.py took 0.124 seconds
[2026-06-03T11:20:23.198+0000] {processor.py:161} INFO - Started process (PID=3822) to work on /opt/airflow/dags/dag_dq_checkpoint.py
[2026-06-03T11:20:23.199+0000] {processor.py:830} INFO - Processing file /opt/airflow/dags/dag_dq_checkpoint.py for tasks to queue
[2026-06-03T11:20:23.202+0000] {logging_mixin.py:188} INFO - [2026-06-03T11:20:23.201+0000] {dagbag.py:540} INFO - Filling up the DagBag from /opt/airflow/dags/dag_dq_checkpoint.py
[2026-06-03T11:20:23.253+0000] {processor.py:840} INFO - DAG(s) 'neuralretail_dq_checkpoint' retrieved from /opt/airflow/dags/dag_dq_checkpoint.py
[2026-06-03T11:20:23.308+0000] {logging_mixin.py:188} INFO - [2026-06-03T11:20:23.308+0000] {dag.py:3096} INFO - Sync 1 DAGs
[2026-06-03T11:20:23.320+0000] {logging_mixin.py:188} INFO - [2026-06-03T11:20:23.319+0000] {dag.py:3954} INFO - Setting next_dagrun for neuralretail_dq_checkpoint to None, run_after=None
[2026-06-03T11:20:23.341+0000] {processor.py:183} INFO - Processing /opt/airflow/dags/dag_dq_checkpoint.py took 0.149 seconds
[2026-06-03T11:20:54.197+0000] {processor.py:161} INFO - Started process (PID=3842) to work on /opt/airflow/dags/dag_dq_checkpoint.py
[2026-06-03T11:20:54.199+0000] {processor.py:830} INFO - Processing file /opt/airflow/dags/dag_dq_checkpoint.py for tasks to queue
[2026-06-03T11:20:54.201+0000] {logging_mixin.py:188} INFO - [2026-06-03T11:20:54.201+0000] {dagbag.py:540} INFO - Filling up the DagBag from /opt/airflow/dags/dag_dq_checkpoint.py
[2026-06-03T11:20:54.265+0000] {processor.py:840} INFO - DAG(s) 'neuralretail_dq_checkpoint' retrieved from /opt/airflow/dags/dag_dq_checkpoint.py
[2026-06-03T11:20:54.324+0000] {logging_mixin.py:188} INFO - [2026-06-03T11:20:54.324+0000] {dag.py:3096} INFO - Sync 1 DAGs
[2026-06-03T11:20:54.339+0000] {logging_mixin.py:188} INFO - [2026-06-03T11:20:54.339+0000] {dag.py:3954} INFO - Setting next_dagrun for neuralretail_dq_checkpoint to None, run_after=None
[2026-06-03T11:20:54.361+0000] {processor.py:183} INFO - Processing /opt/airflow/dags/dag_dq_checkpoint.py took 0.169 seconds
[2026-06-03T11:21:25.486+0000] {processor.py:161} INFO - Started process (PID=3862) to work on /opt/airflow/dags/dag_dq_checkpoint.py
[2026-06-03T11:21:25.488+0000] {processor.py:830} INFO - Processing file /opt/airflow/dags/dag_dq_checkpoint.py for tasks to queue
[2026-06-03T11:21:25.491+0000] {logging_mixin.py:188} INFO - [2026-06-03T11:21:25.490+0000] {dagbag.py:540} INFO - Filling up the DagBag from /opt/airflow/dags/dag_dq_checkpoint.py
[2026-06-03T11:21:25.528+0000] {processor.py:840} INFO - DAG(s) 'neuralretail_dq_checkpoint' retrieved from /opt/airflow/dags/dag_dq_checkpoint.py
[2026-06-03T11:21:25.567+0000] {logging_mixin.py:188} INFO - [2026-06-03T11:21:25.566+0000] {dag.py:3096} INFO - Sync 1 DAGs
[2026-06-03T11:21:25.580+0000] {logging_mixin.py:188} INFO - [2026-06-03T11:21:25.580+0000] {dag.py:3954} INFO - Setting next_dagrun for neuralretail_dq_checkpoint to None, run_after=None
[2026-06-03T11:21:25.602+0000] {processor.py:183} INFO - Processing /opt/airflow/dags/dag_dq_checkpoint.py took 0.121 seconds
[2026-06-03T11:21:55.842+0000] {processor.py:161} INFO - Started process (PID=3882) to work on /opt/airflow/dags/dag_dq_checkpoint.py
[2026-06-03T11:21:55.845+0000] {processor.py:830} INFO - Processing file /opt/airflow/dags/dag_dq_checkpoint.py for tasks to queue
[2026-06-03T11:21:55.849+0000] {logging_mixin.py:188} INFO - [2026-06-03T11:21:55.848+0000] {dagbag.py:540} INFO - Filling up the DagBag from /opt/airflow/dags/dag_dq_checkpoint.py
[2026-06-03T11:21:55.926+0000] {processor.py:840} INFO - DAG(s) 'neuralretail_dq_checkpoint' retrieved from /opt/airflow/dags/dag_dq_checkpoint.py
[2026-06-03T11:21:56.002+0000] {logging_mixin.py:188} INFO - [2026-06-03T11:21:56.001+0000] {dag.py:3096} INFO - Sync 1 DAGs
[2026-06-03T11:21:56.018+0000] {logging_mixin.py:188} INFO - [2026-06-03T11:21:56.018+0000] {dag.py:3954} INFO - Setting next_dagrun for neuralretail_dq_checkpoint to None, run_after=None
[2026-06-03T11:21:56.058+0000] {processor.py:183} INFO - Processing /opt/airflow/dags/dag_dq_checkpoint.py took 0.220 seconds
[2026-06-03T11:22:26.393+0000] {processor.py:161} INFO - Started process (PID=3902) to work on /opt/airflow/dags/dag_dq_checkpoint.py
[2026-06-03T11:22:26.395+0000] {processor.py:830} INFO - Processing file /opt/airflow/dags/dag_dq_checkpoint.py for tasks to queue
[2026-06-03T11:22:26.396+0000] {logging_mixin.py:188} INFO - [2026-06-03T11:22:26.396+0000] {dagbag.py:540} INFO - Filling up the DagBag from /opt/airflow/dags/dag_dq_checkpoint.py
[2026-06-03T11:22:26.456+0000] {processor.py:840} INFO - DAG(s) 'neuralretail_dq_checkpoint' retrieved from /opt/airflow/dags/dag_dq_checkpoint.py
[2026-06-03T11:22:26.524+0000] {logging_mixin.py:188} INFO - [2026-06-03T11:22:26.524+0000] {dag.py:3096} INFO - Sync 1 DAGs
[2026-06-03T11:22:26.551+0000] {logging_mixin.py:188} INFO - [2026-06-03T11:22:26.550+0000] {dag.py:3954} INFO - Setting next_dagrun for neuralretail_dq_checkpoint to None, run_after=None
[2026-06-03T11:22:26.586+0000] {processor.py:183} INFO - Processing /opt/airflow/dags/dag_dq_checkpoint.py took 0.197 seconds
[2026-06-03T11:22:56.856+0000] {processor.py:161} INFO - Started process (PID=3922) to work on /opt/airflow/dags/dag_dq_checkpoint.py
[2026-06-03T11:22:56.858+0000] {processor.py:830} INFO - Processing file /opt/airflow/dags/dag_dq_checkpoint.py for tasks to queue
[2026-06-03T11:22:56.860+0000] {logging_mixin.py:188} INFO - [2026-06-03T11:22:56.860+0000] {dagbag.py:540} INFO - Filling up the DagBag from /opt/airflow/dags/dag_dq_checkpoint.py
[2026-06-03T11:22:56.957+0000] {processor.py:840} INFO - DAG(s) 'neuralretail_dq_checkpoint' retrieved from /opt/airflow/dags/dag_dq_checkpoint.py
[2026-06-03T11:22:57.012+0000] {logging_mixin.py:188} INFO - [2026-06-03T11:22:57.011+0000] {dag.py:3096} INFO - Sync 1 DAGs
[2026-06-03T11:22:57.026+0000] {logging_mixin.py:188} INFO - [2026-06-03T11:22:57.026+0000] {dag.py:3954} INFO - Setting next_dagrun for neuralretail_dq_checkpoint to None, run_after=None
[2026-06-03T11:22:57.046+0000] {processor.py:183} INFO - Processing /opt/airflow/dags/dag_dq_checkpoint.py took 0.196 seconds
[2026-06-03T11:23:27.811+0000] {processor.py:161} INFO - Started process (PID=3942) to work on /opt/airflow/dags/dag_dq_checkpoint.py
[2026-06-03T11:23:27.813+0000] {processor.py:830} INFO - Processing file /opt/airflow/dags/dag_dq_checkpoint.py for tasks to queue
[2026-06-03T11:23:27.817+0000] {logging_mixin.py:188} INFO - [2026-06-03T11:23:27.816+0000] {dagbag.py:540} INFO - Filling up the DagBag from /opt/airflow/dags/dag_dq_checkpoint.py
[2026-06-03T11:23:27.874+0000] {processor.py:840} INFO - DAG(s) 'neuralretail_dq_checkpoint' retrieved from /opt/airflow/dags/dag_dq_checkpoint.py
[2026-06-03T11:23:27.952+0000] {logging_mixin.py:188} INFO - [2026-06-03T11:23:27.951+0000] {dag.py:3096} INFO - Sync 1 DAGs
[2026-06-03T11:23:27.985+0000] {logging_mixin.py:188} INFO - [2026-06-03T11:23:27.984+0000] {dag.py:3954} INFO - Setting next_dagrun for neuralretail_dq_checkpoint to None, run_after=None
[2026-06-03T11:23:28.066+0000] {processor.py:183} INFO - Processing /opt/airflow/dags/dag_dq_checkpoint.py took 0.267 seconds
[2026-06-03T11:23:59.110+0000] {processor.py:161} INFO - Started process (PID=3962) to work on /opt/airflow/dags/dag_dq_checkpoint.py
[2026-06-03T11:23:59.112+0000] {processor.py:830} INFO - Processing file /opt/airflow/dags/dag_dq_checkpoint.py for tasks to queue
[2026-06-03T11:23:59.120+0000] {logging_mixin.py:188} INFO - [2026-06-03T11:23:59.119+0000] {dagbag.py:540} INFO - Filling up the DagBag from /opt/airflow/dags/dag_dq_checkpoint.py
[2026-06-03T11:23:59.207+0000] {processor.py:840} INFO - DAG(s) 'neuralretail_dq_checkpoint' retrieved from /opt/airflow/dags/dag_dq_checkpoint.py
[2026-06-03T11:23:59.318+0000] {logging_mixin.py:188} INFO - [2026-06-03T11:23:59.317+0000] {dag.py:3096} INFO - Sync 1 DAGs
[2026-06-03T11:23:59.338+0000] {logging_mixin.py:188} INFO - [2026-06-03T11:23:59.337+0000] {dag.py:3954} INFO - Setting next_dagrun for neuralretail_dq_checkpoint to None, run_after=None
[2026-06-03T11:23:59.372+0000] {processor.py:183} INFO - Processing /opt/airflow/dags/dag_dq_checkpoint.py took 0.270 seconds
[2026-06-03T11:24:30.067+0000] {processor.py:161} INFO - Started process (PID=3982) to work on /opt/airflow/dags/dag_dq_checkpoint.py
[2026-06-03T11:24:30.071+0000] {processor.py:830} INFO - Processing file /opt/airflow/dags/dag_dq_checkpoint.py for tasks to queue
[2026-06-03T11:24:30.077+0000] {logging_mixin.py:188} INFO - [2026-06-03T11:24:30.076+0000] {dagbag.py:540} INFO - Filling up the DagBag from /opt/airflow/dags/dag_dq_checkpoint.py
[2026-06-03T11:24:30.186+0000] {processor.py:840} INFO - DAG(s) 'neuralretail_dq_checkpoint' retrieved from /opt/airflow/dags/dag_dq_checkpoint.py
[2026-06-03T11:24:30.277+0000] {logging_mixin.py:188} INFO - [2026-06-03T11:24:30.277+0000] {dag.py:3096} INFO - Sync 1 DAGs
[2026-06-03T11:24:30.309+0000] {logging_mixin.py:188} INFO - [2026-06-03T11:24:30.308+0000] {dag.py:3954} INFO - Setting next_dagrun for neuralretail_dq_checkpoint to None, run_after=None
[2026-06-03T11:24:30.365+0000] {processor.py:183} INFO - Processing /opt/airflow/dags/dag_dq_checkpoint.py took 0.310 seconds
[2026-06-03T11:25:00.813+0000] {processor.py:161} INFO - Started process (PID=4002) to work on /opt/airflow/dags/dag_dq_checkpoint.py
[2026-06-03T11:25:00.818+0000] {processor.py:830} INFO - Processing file /opt/airflow/dags/dag_dq_checkpoint.py for tasks to queue
[2026-06-03T11:25:00.827+0000] {logging_mixin.py:188} INFO - [2026-06-03T11:25:00.826+0000] {dagbag.py:540} INFO - Filling up the DagBag from /opt/airflow/dags/dag_dq_checkpoint.py
[2026-06-03T11:25:00.956+0000] {processor.py:840} INFO - DAG(s) 'neuralretail_dq_checkpoint' retrieved from /opt/airflow/dags/dag_dq_checkpoint.py
[2026-06-03T11:25:01.013+0000] {logging_mixin.py:188} INFO - [2026-06-03T11:25:01.013+0000] {dag.py:3096} INFO - Sync 1 DAGs
[2026-06-03T11:25:01.032+0000] {logging_mixin.py:188} INFO - [2026-06-03T11:25:01.032+0000] {dag.py:3954} INFO - Setting next_dagrun for neuralretail_dq_checkpoint to None, run_after=None
[2026-06-03T11:25:01.057+0000] {processor.py:183} INFO - Processing /opt/airflow/dags/dag_dq_checkpoint.py took 0.260 seconds
[2026-06-03T11:25:31.193+0000] {processor.py:161} INFO - Started process (PID=4022) to work on /opt/airflow/dags/dag_dq_checkpoint.py
[2026-06-03T11:25:31.195+0000] {processor.py:830} INFO - Processing file /opt/airflow/dags/dag_dq_checkpoint.py for tasks to queue
[2026-06-03T11:25:31.197+0000] {logging_mixin.py:188} INFO - [2026-06-03T11:25:31.196+0000] {dagbag.py:540} INFO - Filling up the DagBag from /opt/airflow/dags/dag_dq_checkpoint.py
[2026-06-03T11:25:31.238+0000] {processor.py:840} INFO - DAG(s) 'neuralretail_dq_checkpoint' retrieved from /opt/airflow/dags/dag_dq_checkpoint.py
[2026-06-03T11:25:31.275+0000] {logging_mixin.py:188} INFO - [2026-06-03T11:25:31.275+0000] {dag.py:3096} INFO - Sync 1 DAGs
[2026-06-03T11:25:31.289+0000] {logging_mixin.py:188} INFO - [2026-06-03T11:25:31.289+0000] {dag.py:3954} INFO - Setting next_dagrun for neuralretail_dq_checkpoint to None, run_after=None
[2026-06-03T11:25:31.315+0000] {processor.py:183} INFO - Processing /opt/airflow/dags/dag_dq_checkpoint.py took 0.126 seconds
[2026-06-03T11:26:02.287+0000] {processor.py:161} INFO - Started process (PID=4042) to work on /opt/airflow/dags/dag_dq_checkpoint.py
[2026-06-03T11:26:02.288+0000] {processor.py:830} INFO - Processing file /opt/airflow/dags/dag_dq_checkpoint.py for tasks to queue
[2026-06-03T11:26:02.291+0000] {logging_mixin.py:188} INFO - [2026-06-03T11:26:02.290+0000] {dagbag.py:540} INFO - Filling up the DagBag from /opt/airflow/dags/dag_dq_checkpoint.py
[2026-06-03T11:26:02.421+0000] {processor.py:840} INFO - DAG(s) 'neuralretail_dq_checkpoint' retrieved from /opt/airflow/dags/dag_dq_checkpoint.py
[2026-06-03T11:26:02.473+0000] {logging_mixin.py:188} INFO - [2026-06-03T11:26:02.473+0000] {dag.py:3096} INFO - Sync 1 DAGs
[2026-06-03T11:26:02.488+0000] {logging_mixin.py:188} INFO - [2026-06-03T11:26:02.488+0000] {dag.py:3954} INFO - Setting next_dagrun for neuralretail_dq_checkpoint to None, run_after=None
[2026-06-03T11:26:02.514+0000] {processor.py:183} INFO - Processing /opt/airflow/dags/dag_dq_checkpoint.py took 0.237 seconds
[2026-06-03T11:26:33.375+0000] {processor.py:161} INFO - Started process (PID=4062) to work on /opt/airflow/dags/dag_dq_checkpoint.py
[2026-06-03T11:26:33.376+0000] {processor.py:830} INFO - Processing file /opt/airflow/dags/dag_dq_checkpoint.py for tasks to queue
[2026-06-03T11:26:33.379+0000] {logging_mixin.py:188} INFO - [2026-06-03T11:26:33.378+0000] {dagbag.py:540} INFO - Filling up the DagBag from /opt/airflow/dags/dag_dq_checkpoint.py
[2026-06-03T11:26:33.424+0000] {processor.py:840} INFO - DAG(s) 'neuralretail_dq_checkpoint' retrieved from /opt/airflow/dags/dag_dq_checkpoint.py
[2026-06-03T11:26:33.491+0000] {logging_mixin.py:188} INFO - [2026-06-03T11:26:33.491+0000] {dag.py:3096} INFO - Sync 1 DAGs
[2026-06-03T11:26:33.512+0000] {logging_mixin.py:188} INFO - [2026-06-03T11:26:33.511+0000] {dag.py:3954} INFO - Setting next_dagrun for neuralretail_dq_checkpoint to None, run_after=None
[2026-06-03T11:26:33.547+0000] {processor.py:183} INFO - Processing /opt/airflow/dags/dag_dq_checkpoint.py took 0.180 seconds
[2026-06-03T11:27:04.002+0000] {processor.py:161} INFO - Started process (PID=4082) to work on /opt/airflow/dags/dag_dq_checkpoint.py
[2026-06-03T11:27:04.003+0000] {processor.py:830} INFO - Processing file /opt/airflow/dags/dag_dq_checkpoint.py for tasks to queue
[2026-06-03T11:27:04.006+0000] {logging_mixin.py:188} INFO - [2026-06-03T11:27:04.005+0000] {dagbag.py:540} INFO - Filling up the DagBag from /opt/airflow/dags/dag_dq_checkpoint.py
[2026-06-03T11:27:04.117+0000] {processor.py:840} INFO - DAG(s) 'neuralretail_dq_checkpoint' retrieved from /opt/airflow/dags/dag_dq_checkpoint.py
[2026-06-03T11:27:04.179+0000] {logging_mixin.py:188} INFO - [2026-06-03T11:27:04.179+0000] {dag.py:3096} INFO - Sync 1 DAGs
[2026-06-03T11:27:04.199+0000] {logging_mixin.py:188} INFO - [2026-06-03T11:27:04.199+0000] {dag.py:3954} INFO - Setting next_dagrun for neuralretail_dq_checkpoint to None, run_after=None
[2026-06-03T11:27:04.233+0000] {processor.py:183} INFO - Processing /opt/airflow/dags/dag_dq_checkpoint.py took 0.237 seconds
[2026-06-03T11:27:34.566+0000] {processor.py:161} INFO - Started process (PID=4102) to work on /opt/airflow/dags/dag_dq_checkpoint.py
[2026-06-03T11:27:34.568+0000] {processor.py:830} INFO - Processing file /opt/airflow/dags/dag_dq_checkpoint.py for tasks to queue
[2026-06-03T11:27:34.572+0000] {logging_mixin.py:188} INFO - [2026-06-03T11:27:34.572+0000] {dagbag.py:540} INFO - Filling up the DagBag from /opt/airflow/dags/dag_dq_checkpoint.py
[2026-06-03T11:27:34.643+0000] {processor.py:840} INFO - DAG(s) 'neuralretail_dq_checkpoint' retrieved from /opt/airflow/dags/dag_dq_checkpoint.py
[2026-06-03T11:27:34.706+0000] {logging_mixin.py:188} INFO - [2026-06-03T11:27:34.705+0000] {dag.py:3096} INFO - Sync 1 DAGs
[2026-06-03T11:27:34.732+0000] {logging_mixin.py:188} INFO - [2026-06-03T11:27:34.731+0000] {dag.py:3954} INFO - Setting next_dagrun for neuralretail_dq_checkpoint to None, run_after=None
[2026-06-03T11:27:34.763+0000] {processor.py:183} INFO - Processing /opt/airflow/dags/dag_dq_checkpoint.py took 0.207 seconds
[2026-06-03T11:28:05.767+0000] {processor.py:161} INFO - Started process (PID=4122) to work on /opt/airflow/dags/dag_dq_checkpoint.py
[2026-06-03T11:28:05.769+0000] {processor.py:830} INFO - Processing file /opt/airflow/dags/dag_dq_checkpoint.py for tasks to queue
[2026-06-03T11:28:05.773+0000] {logging_mixin.py:188} INFO - [2026-06-03T11:28:05.772+0000] {dagbag.py:540} INFO - Filling up the DagBag from /opt/airflow/dags/dag_dq_checkpoint.py
[2026-06-03T11:28:05.826+0000] {processor.py:840} INFO - DAG(s) 'neuralretail_dq_checkpoint' retrieved from /opt/airflow/dags/dag_dq_checkpoint.py
[2026-06-03T11:28:05.878+0000] {logging_mixin.py:188} INFO - [2026-06-03T11:28:05.878+0000] {dag.py:3096} INFO - Sync 1 DAGs
[2026-06-03T11:28:05.898+0000] {logging_mixin.py:188} INFO - [2026-06-03T11:28:05.897+0000] {dag.py:3954} INFO - Setting next_dagrun for neuralretail_dq_checkpoint to None, run_after=None
[2026-06-03T11:28:05.931+0000] {processor.py:183} INFO - Processing /opt/airflow/dags/dag_dq_checkpoint.py took 0.170 seconds
[2026-06-03T11:28:36.648+0000] {processor.py:161} INFO - Started process (PID=4142) to work on /opt/airflow/dags/dag_dq_checkpoint.py
[2026-06-03T11:28:36.649+0000] {processor.py:830} INFO - Processing file /opt/airflow/dags/dag_dq_checkpoint.py for tasks to queue
[2026-06-03T11:28:36.651+0000] {logging_mixin.py:188} INFO - [2026-06-03T11:28:36.651+0000] {dagbag.py:540} INFO - Filling up the DagBag from /opt/airflow/dags/dag_dq_checkpoint.py
[2026-06-03T11:28:36.690+0000] {processor.py:840} INFO - DAG(s) 'neuralretail_dq_checkpoint' retrieved from /opt/airflow/dags/dag_dq_checkpoint.py
[2026-06-03T11:28:36.729+0000] {logging_mixin.py:188} INFO - [2026-06-03T11:28:36.729+0000] {dag.py:3096} INFO - Sync 1 DAGs
[2026-06-03T11:28:36.740+0000] {logging_mixin.py:188} INFO - [2026-06-03T11:28:36.740+0000] {dag.py:3954} INFO - Setting next_dagrun for neuralretail_dq_checkpoint to None, run_after=None
[2026-06-03T11:28:36.761+0000] {processor.py:183} INFO - Processing /opt/airflow/dags/dag_dq_checkpoint.py took 0.120 seconds
[2026-06-03T11:29:07.570+0000] {processor.py:161} INFO - Started process (PID=4162) to work on /opt/airflow/dags/dag_dq_checkpoint.py
[2026-06-03T11:29:07.571+0000] {processor.py:830} INFO - Processing file /opt/airflow/dags/dag_dq_checkpoint.py for tasks to queue
[2026-06-03T11:29:07.572+0000] {logging_mixin.py:188} INFO - [2026-06-03T11:29:07.572+0000] {dagbag.py:540} INFO - Filling up the DagBag from /opt/airflow/dags/dag_dq_checkpoint.py
[2026-06-03T11:29:07.616+0000] {processor.py:840} INFO - DAG(s) 'neuralretail_dq_checkpoint' retrieved from /opt/airflow/dags/dag_dq_checkpoint.py
[2026-06-03T11:29:07.661+0000] {logging_mixin.py:188} INFO - [2026-06-03T11:29:07.661+0000] {dag.py:3096} INFO - Sync 1 DAGs
[2026-06-03T11:29:07.676+0000] {logging_mixin.py:188} INFO - [2026-06-03T11:29:07.676+0000] {dag.py:3954} INFO - Setting next_dagrun for neuralretail_dq_checkpoint to None, run_after=None
[2026-06-03T11:29:07.701+0000] {processor.py:183} INFO - Processing /opt/airflow/dags/dag_dq_checkpoint.py took 0.136 seconds
[2026-06-03T11:29:38.670+0000] {processor.py:161} INFO - Started process (PID=4182) to work on /opt/airflow/dags/dag_dq_checkpoint.py
[2026-06-03T11:29:38.672+0000] {processor.py:830} INFO - Processing file /opt/airflow/dags/dag_dq_checkpoint.py for tasks to queue
[2026-06-03T11:29:38.675+0000] {logging_mixin.py:188} INFO - [2026-06-03T11:29:38.674+0000] {dagbag.py:540} INFO - Filling up the DagBag from /opt/airflow/dags/dag_dq_checkpoint.py
[2026-06-03T11:29:38.740+0000] {processor.py:840} INFO - DAG(s) 'neuralretail_dq_checkpoint' retrieved from /opt/airflow/dags/dag_dq_checkpoint.py
[2026-06-03T11:29:38.784+0000] {logging_mixin.py:188} INFO - [2026-06-03T11:29:38.783+0000] {dag.py:3096} INFO - Sync 1 DAGs
[2026-06-03T11:29:38.796+0000] {logging_mixin.py:188} INFO - [2026-06-03T11:29:38.796+0000] {dag.py:3954} INFO - Setting next_dagrun for neuralretail_dq_checkpoint to None, run_after=None
[2026-06-03T11:29:38.817+0000] {processor.py:183} INFO - Processing /opt/airflow/dags/dag_dq_checkpoint.py took 0.154 seconds
[2026-06-03T11:30:09.528+0000] {processor.py:161} INFO - Started process (PID=4202) to work on /opt/airflow/dags/dag_dq_checkpoint.py
[2026-06-03T11:30:09.530+0000] {processor.py:830} INFO - Processing file /opt/airflow/dags/dag_dq_checkpoint.py for tasks to queue
[2026-06-03T11:30:09.532+0000] {logging_mixin.py:188} INFO - [2026-06-03T11:30:09.532+0000] {dagbag.py:540} INFO - Filling up the DagBag from /opt/airflow/dags/dag_dq_checkpoint.py
[2026-06-03T11:30:09.566+0000] {processor.py:840} INFO - DAG(s) 'neuralretail_dq_checkpoint' retrieved from /opt/airflow/dags/dag_dq_checkpoint.py
[2026-06-03T11:30:09.601+0000] {logging_mixin.py:188} INFO - [2026-06-03T11:30:09.600+0000] {dag.py:3096} INFO - Sync 1 DAGs
[2026-06-03T11:30:09.612+0000] {logging_mixin.py:188} INFO - [2026-06-03T11:30:09.612+0000] {dag.py:3954} INFO - Setting next_dagrun for neuralretail_dq_checkpoint to None, run_after=None
[2026-06-03T11:30:09.631+0000] {processor.py:183} INFO - Processing /opt/airflow/dags/dag_dq_checkpoint.py took 0.108 seconds
[2026-06-03T11:30:40.628+0000] {processor.py:161} INFO - Started process (PID=4222) to work on /opt/airflow/dags/dag_dq_checkpoint.py
[2026-06-03T11:30:40.630+0000] {processor.py:830} INFO - Processing file /opt/airflow/dags/dag_dq_checkpoint.py for tasks to queue
[2026-06-03T11:30:40.634+0000] {logging_mixin.py:188} INFO - [2026-06-03T11:30:40.633+0000] {dagbag.py:540} INFO - Filling up the DagBag from /opt/airflow/dags/dag_dq_checkpoint.py
[2026-06-03T11:30:40.678+0000] {processor.py:840} INFO - DAG(s) 'neuralretail_dq_checkpoint' retrieved from /opt/airflow/dags/dag_dq_checkpoint.py
[2026-06-03T11:30:40.741+0000] {logging_mixin.py:188} INFO - [2026-06-03T11:30:40.741+0000] {dag.py:3096} INFO - Sync 1 DAGs
[2026-06-03T11:30:40.761+0000] {logging_mixin.py:188} INFO - [2026-06-03T11:30:40.761+0000] {dag.py:3954} INFO - Setting next_dagrun for neuralretail_dq_checkpoint to None, run_after=None
[2026-06-03T11:30:40.797+0000] {processor.py:183} INFO - Processing /opt/airflow/dags/dag_dq_checkpoint.py took 0.177 seconds
[2026-06-03T11:31:11.106+0000] {processor.py:161} INFO - Started process (PID=4242) to work on /opt/airflow/dags/dag_dq_checkpoint.py
[2026-06-03T11:31:11.108+0000] {processor.py:830} INFO - Processing file /opt/airflow/dags/dag_dq_checkpoint.py for tasks to queue
[2026-06-03T11:31:11.110+0000] {logging_mixin.py:188} INFO - [2026-06-03T11:31:11.109+0000] {dagbag.py:540} INFO - Filling up the DagBag from /opt/airflow/dags/dag_dq_checkpoint.py
[2026-06-03T11:31:11.137+0000] {processor.py:840} INFO - DAG(s) 'neuralretail_dq_checkpoint' retrieved from /opt/airflow/dags/dag_dq_checkpoint.py
[2026-06-03T11:31:11.170+0000] {logging_mixin.py:188} INFO - [2026-06-03T11:31:11.170+0000] {dag.py:3096} INFO - Sync 1 DAGs
[2026-06-03T11:31:11.183+0000] {logging_mixin.py:188} INFO - [2026-06-03T11:31:11.182+0000] {dag.py:3954} INFO - Setting next_dagrun for neuralretail_dq_checkpoint to None, run_after=None
[2026-06-03T11:31:11.202+0000] {processor.py:183} INFO - Processing /opt/airflow/dags/dag_dq_checkpoint.py took 0.102 seconds
[2026-06-03T11:31:42.170+0000] {processor.py:161} INFO - Started process (PID=4262) to work on /opt/airflow/dags/dag_dq_checkpoint.py
[2026-06-03T11:31:42.174+0000] {processor.py:830} INFO - Processing file /opt/airflow/dags/dag_dq_checkpoint.py for tasks to queue
[2026-06-03T11:31:42.177+0000] {logging_mixin.py:188} INFO - [2026-06-03T11:31:42.177+0000] {dagbag.py:540} INFO - Filling up the DagBag from /opt/airflow/dags/dag_dq_checkpoint.py
[2026-06-03T11:31:42.244+0000] {processor.py:840} INFO - DAG(s) 'neuralretail_dq_checkpoint' retrieved from /opt/airflow/dags/dag_dq_checkpoint.py
[2026-06-03T11:31:42.292+0000] {logging_mixin.py:188} INFO - [2026-06-03T11:31:42.291+0000] {dag.py:3096} INFO - Sync 1 DAGs
[2026-06-03T11:31:42.307+0000] {logging_mixin.py:188} INFO - [2026-06-03T11:31:42.307+0000] {dag.py:3954} INFO - Setting next_dagrun for neuralretail_dq_checkpoint to None, run_after=None
[2026-06-03T11:31:42.327+0000] {processor.py:183} INFO - Processing /opt/airflow/dags/dag_dq_checkpoint.py took 0.162 seconds
[2026-06-03T11:32:12.419+0000] {processor.py:161} INFO - Started process (PID=4282) to work on /opt/airflow/dags/dag_dq_checkpoint.py
[2026-06-03T11:32:12.421+0000] {processor.py:830} INFO - Processing file /opt/airflow/dags/dag_dq_checkpoint.py for tasks to queue
[2026-06-03T11:32:12.423+0000] {logging_mixin.py:188} INFO - [2026-06-03T11:32:12.423+0000] {dagbag.py:540} INFO - Filling up the DagBag from /opt/airflow/dags/dag_dq_checkpoint.py
[2026-06-03T11:32:12.466+0000] {processor.py:840} INFO - DAG(s) 'neuralretail_dq_checkpoint' retrieved from /opt/airflow/dags/dag_dq_checkpoint.py
[2026-06-03T11:32:12.506+0000] {logging_mixin.py:188} INFO - [2026-06-03T11:32:12.505+0000] {dag.py:3096} INFO - Sync 1 DAGs
[2026-06-03T11:32:12.521+0000] {logging_mixin.py:188} INFO - [2026-06-03T11:32:12.521+0000] {dag.py:3954} INFO - Setting next_dagrun for neuralretail_dq_checkpoint to None, run_after=None
[2026-06-03T11:32:12.547+0000] {processor.py:183} INFO - Processing /opt/airflow/dags/dag_dq_checkpoint.py took 0.133 seconds
[2026-06-03T11:32:42.949+0000] {processor.py:161} INFO - Started process (PID=4302) to work on /opt/airflow/dags/dag_dq_checkpoint.py
[2026-06-03T11:32:42.951+0000] {processor.py:830} INFO - Processing file /opt/airflow/dags/dag_dq_checkpoint.py for tasks to queue
[2026-06-03T11:32:42.953+0000] {logging_mixin.py:188} INFO - [2026-06-03T11:32:42.953+0000] {dagbag.py:540} INFO - Filling up the DagBag from /opt/airflow/dags/dag_dq_checkpoint.py
[2026-06-03T11:32:42.990+0000] {processor.py:840} INFO - DAG(s) 'neuralretail_dq_checkpoint' retrieved from /opt/airflow/dags/dag_dq_checkpoint.py
[2026-06-03T11:32:43.027+0000] {logging_mixin.py:188} INFO - [2026-06-03T11:32:43.027+0000] {dag.py:3096} INFO - Sync 1 DAGs
[2026-06-03T11:32:43.040+0000] {logging_mixin.py:188} INFO - [2026-06-03T11:32:43.040+0000] {dag.py:3954} INFO - Setting next_dagrun for neuralretail_dq_checkpoint to None, run_after=None
[2026-06-03T11:32:43.060+0000] {processor.py:183} INFO - Processing /opt/airflow/dags/dag_dq_checkpoint.py took 0.118 seconds
[2026-06-03T11:33:13.212+0000] {processor.py:161} INFO - Started process (PID=4322) to work on /opt/airflow/dags/dag_dq_checkpoint.py
[2026-06-03T11:33:13.213+0000] {processor.py:830} INFO - Processing file /opt/airflow/dags/dag_dq_checkpoint.py for tasks to queue
[2026-06-03T11:33:13.215+0000] {logging_mixin.py:188} INFO - [2026-06-03T11:33:13.215+0000] {dagbag.py:540} INFO - Filling up the DagBag from /opt/airflow/dags/dag_dq_checkpoint.py
[2026-06-03T11:33:13.280+0000] {processor.py:840} INFO - DAG(s) 'neuralretail_dq_checkpoint' retrieved from /opt/airflow/dags/dag_dq_checkpoint.py
[2026-06-03T11:33:13.395+0000] {logging_mixin.py:188} INFO - [2026-06-03T11:33:13.394+0000] {dag.py:3096} INFO - Sync 1 DAGs
[2026-06-03T11:33:13.411+0000] {logging_mixin.py:188} INFO - [2026-06-03T11:33:13.411+0000] {dag.py:3954} INFO - Setting next_dagrun for neuralretail_dq_checkpoint to None, run_after=None
[2026-06-03T11:33:13.463+0000] {processor.py:183} INFO - Processing /opt/airflow/dags/dag_dq_checkpoint.py took 0.262 seconds
[2026-06-03T11:33:43.699+0000] {processor.py:161} INFO - Started process (PID=4342) to work on /opt/airflow/dags/dag_dq_checkpoint.py
[2026-06-03T11:33:43.707+0000] {processor.py:830} INFO - Processing file /opt/airflow/dags/dag_dq_checkpoint.py for tasks to queue
[2026-06-03T11:33:43.711+0000] {logging_mixin.py:188} INFO - [2026-06-03T11:33:43.711+0000] {dagbag.py:540} INFO - Filling up the DagBag from /opt/airflow/dags/dag_dq_checkpoint.py
[2026-06-03T11:33:43.771+0000] {processor.py:840} INFO - DAG(s) 'neuralretail_dq_checkpoint' retrieved from /opt/airflow/dags/dag_dq_checkpoint.py
[2026-06-03T11:33:43.819+0000] {logging_mixin.py:188} INFO - [2026-06-03T11:33:43.819+0000] {dag.py:3096} INFO - Sync 1 DAGs
[2026-06-03T11:33:43.831+0000] {logging_mixin.py:188} INFO - [2026-06-03T11:33:43.831+0000] {dag.py:3954} INFO - Setting next_dagrun for neuralretail_dq_checkpoint to None, run_after=None
[2026-06-03T11:33:43.853+0000] {processor.py:183} INFO - Processing /opt/airflow/dags/dag_dq_checkpoint.py took 0.169 seconds
[2026-06-03T11:34:14.276+0000] {processor.py:161} INFO - Started process (PID=4362) to work on /opt/airflow/dags/dag_dq_checkpoint.py
[2026-06-03T11:34:14.279+0000] {processor.py:830} INFO - Processing file /opt/airflow/dags/dag_dq_checkpoint.py for tasks to queue
[2026-06-03T11:34:14.282+0000] {logging_mixin.py:188} INFO - [2026-06-03T11:34:14.281+0000] {dagbag.py:540} INFO - Filling up the DagBag from /opt/airflow/dags/dag_dq_checkpoint.py
[2026-06-03T11:34:14.365+0000] {processor.py:840} INFO - DAG(s) 'neuralretail_dq_checkpoint' retrieved from /opt/airflow/dags/dag_dq_checkpoint.py
[2026-06-03T11:34:14.459+0000] {logging_mixin.py:188} INFO - [2026-06-03T11:34:14.458+0000] {dag.py:3096} INFO - Sync 1 DAGs
[2026-06-03T11:34:14.484+0000] {logging_mixin.py:188} INFO - [2026-06-03T11:34:14.483+0000] {dag.py:3954} INFO - Setting next_dagrun for neuralretail_dq_checkpoint to None, run_after=None
[2026-06-03T11:34:14.515+0000] {processor.py:183} INFO - Processing /opt/airflow/dags/dag_dq_checkpoint.py took 0.254 seconds
[2026-06-03T11:34:44.854+0000] {processor.py:161} INFO - Started process (PID=4382) to work on /opt/airflow/dags/dag_dq_checkpoint.py
[2026-06-03T11:34:44.863+0000] {processor.py:830} INFO - Processing file /opt/airflow/dags/dag_dq_checkpoint.py for tasks to queue
[2026-06-03T11:34:44.896+0000] {logging_mixin.py:188} INFO - [2026-06-03T11:34:44.895+0000] {dagbag.py:540} INFO - Filling up the DagBag from /opt/airflow/dags/dag_dq_checkpoint.py
[2026-06-03T11:34:44.943+0000] {processor.py:840} INFO - DAG(s) 'neuralretail_dq_checkpoint' retrieved from /opt/airflow/dags/dag_dq_checkpoint.py
[2026-06-03T11:34:45.016+0000] {logging_mixin.py:188} INFO - [2026-06-03T11:34:45.015+0000] {dag.py:3096} INFO - Sync 1 DAGs
[2026-06-03T11:34:45.032+0000] {logging_mixin.py:188} INFO - [2026-06-03T11:34:45.032+0000] {dag.py:3954} INFO - Setting next_dagrun for neuralretail_dq_checkpoint to None, run_after=None
[2026-06-03T11:34:45.052+0000] {processor.py:183} INFO - Processing /opt/airflow/dags/dag_dq_checkpoint.py took 0.206 seconds
[2026-06-03T11:35:15.570+0000] {processor.py:161} INFO - Started process (PID=4402) to work on /opt/airflow/dags/dag_dq_checkpoint.py
[2026-06-03T11:35:15.580+0000] {processor.py:830} INFO - Processing file /opt/airflow/dags/dag_dq_checkpoint.py for tasks to queue
[2026-06-03T11:35:15.584+0000] {logging_mixin.py:188} INFO - [2026-06-03T11:35:15.584+0000] {dagbag.py:540} INFO - Filling up the DagBag from /opt/airflow/dags/dag_dq_checkpoint.py
[2026-06-03T11:35:15.629+0000] {processor.py:840} INFO - DAG(s) 'neuralretail_dq_checkpoint' retrieved from /opt/airflow/dags/dag_dq_checkpoint.py
[2026-06-03T11:35:15.695+0000] {logging_mixin.py:188} INFO - [2026-06-03T11:35:15.694+0000] {dag.py:3096} INFO - Sync 1 DAGs
[2026-06-03T11:35:15.708+0000] {logging_mixin.py:188} INFO - [2026-06-03T11:35:15.708+0000] {dag.py:3954} INFO - Setting next_dagrun for neuralretail_dq_checkpoint to None, run_after=None
[2026-06-03T11:35:15.731+0000] {processor.py:183} INFO - Processing /opt/airflow/dags/dag_dq_checkpoint.py took 0.171 seconds
[2026-06-03T11:35:45.888+0000] {processor.py:161} INFO - Started process (PID=4425) to work on /opt/airflow/dags/dag_dq_checkpoint.py
[2026-06-03T11:35:45.891+0000] {processor.py:830} INFO - Processing file /opt/airflow/dags/dag_dq_checkpoint.py for tasks to queue
[2026-06-03T11:35:45.898+0000] {logging_mixin.py:188} INFO - [2026-06-03T11:35:45.898+0000] {dagbag.py:540} INFO - Filling up the DagBag from /opt/airflow/dags/dag_dq_checkpoint.py
[2026-06-03T11:35:45.983+0000] {processor.py:840} INFO - DAG(s) 'neuralretail_dq_checkpoint' retrieved from /opt/airflow/dags/dag_dq_checkpoint.py
[2026-06-03T11:35:46.057+0000] {logging_mixin.py:188} INFO - [2026-06-03T11:35:46.056+0000] {dag.py:3096} INFO - Sync 1 DAGs
[2026-06-03T11:35:46.081+0000] {logging_mixin.py:188} INFO - [2026-06-03T11:35:46.080+0000] {dag.py:3954} INFO - Setting next_dagrun for neuralretail_dq_checkpoint to None, run_after=None
[2026-06-03T11:35:46.114+0000] {processor.py:183} INFO - Processing /opt/airflow/dags/dag_dq_checkpoint.py took 0.246 seconds
[2026-06-03T11:36:17.015+0000] {processor.py:161} INFO - Started process (PID=4447) to work on /opt/airflow/dags/dag_dq_checkpoint.py
[2026-06-03T11:36:17.019+0000] {processor.py:830} INFO - Processing file /opt/airflow/dags/dag_dq_checkpoint.py for tasks to queue
[2026-06-03T11:36:17.025+0000] {logging_mixin.py:188} INFO - [2026-06-03T11:36:17.024+0000] {dagbag.py:540} INFO - Filling up the DagBag from /opt/airflow/dags/dag_dq_checkpoint.py
[2026-06-03T11:36:17.126+0000] {processor.py:840} INFO - DAG(s) 'neuralretail_dq_checkpoint' retrieved from /opt/airflow/dags/dag_dq_checkpoint.py
[2026-06-03T11:36:17.212+0000] {logging_mixin.py:188} INFO - [2026-06-03T11:36:17.211+0000] {dag.py:3096} INFO - Sync 1 DAGs
[2026-06-03T11:36:17.236+0000] {logging_mixin.py:188} INFO - [2026-06-03T11:36:17.235+0000] {dag.py:3954} INFO - Setting next_dagrun for neuralretail_dq_checkpoint to None, run_after=None
[2026-06-03T11:36:17.281+0000] {processor.py:183} INFO - Processing /opt/airflow/dags/dag_dq_checkpoint.py took 0.284 seconds
[2026-06-03T11:36:47.515+0000] {processor.py:161} INFO - Started process (PID=4462) to work on /opt/airflow/dags/dag_dq_checkpoint.py
[2026-06-03T11:36:47.517+0000] {processor.py:830} INFO - Processing file /opt/airflow/dags/dag_dq_checkpoint.py for tasks to queue
[2026-06-03T11:36:47.520+0000] {logging_mixin.py:188} INFO - [2026-06-03T11:36:47.519+0000] {dagbag.py:540} INFO - Filling up the DagBag from /opt/airflow/dags/dag_dq_checkpoint.py
[2026-06-03T11:36:47.554+0000] {processor.py:840} INFO - DAG(s) 'neuralretail_dq_checkpoint' retrieved from /opt/airflow/dags/dag_dq_checkpoint.py
[2026-06-03T11:36:47.593+0000] {logging_mixin.py:188} INFO - [2026-06-03T11:36:47.593+0000] {dag.py:3096} INFO - Sync 1 DAGs
[2026-06-03T11:36:47.604+0000] {logging_mixin.py:188} INFO - [2026-06-03T11:36:47.604+0000] {dag.py:3954} INFO - Setting next_dagrun for neuralretail_dq_checkpoint to None, run_after=None
[2026-06-03T11:36:47.624+0000] {processor.py:183} INFO - Processing /opt/airflow/dags/dag_dq_checkpoint.py took 0.116 seconds
[2026-06-03T11:37:17.893+0000] {processor.py:161} INFO - Started process (PID=4482) to work on /opt/airflow/dags/dag_dq_checkpoint.py
[2026-06-03T11:37:17.896+0000] {processor.py:830} INFO - Processing file /opt/airflow/dags/dag_dq_checkpoint.py for tasks to queue
[2026-06-03T11:37:17.903+0000] {logging_mixin.py:188} INFO - [2026-06-03T11:37:17.902+0000] {dagbag.py:540} INFO - Filling up the DagBag from /opt/airflow/dags/dag_dq_checkpoint.py
[2026-06-03T11:37:18.008+0000] {processor.py:840} INFO - DAG(s) 'neuralretail_dq_checkpoint' retrieved from /opt/airflow/dags/dag_dq_checkpoint.py
[2026-06-03T11:37:18.094+0000] {logging_mixin.py:188} INFO - [2026-06-03T11:37:18.094+0000] {dag.py:3096} INFO - Sync 1 DAGs
[2026-06-03T11:37:18.109+0000] {logging_mixin.py:188} INFO - [2026-06-03T11:37:18.109+0000] {dag.py:3954} INFO - Setting next_dagrun for neuralretail_dq_checkpoint to None, run_after=None
[2026-06-03T11:37:18.164+0000] {processor.py:183} INFO - Processing /opt/airflow/dags/dag_dq_checkpoint.py took 0.290 seconds
[2026-06-03T11:37:48.721+0000] {processor.py:161} INFO - Started process (PID=4502) to work on /opt/airflow/dags/dag_dq_checkpoint.py
[2026-06-03T11:37:48.722+0000] {processor.py:830} INFO - Processing file /opt/airflow/dags/dag_dq_checkpoint.py for tasks to queue
[2026-06-03T11:37:48.724+0000] {logging_mixin.py:188} INFO - [2026-06-03T11:37:48.724+0000] {dagbag.py:540} INFO - Filling up the DagBag from /opt/airflow/dags/dag_dq_checkpoint.py
[2026-06-03T11:37:48.769+0000] {processor.py:840} INFO - DAG(s) 'neuralretail_dq_checkpoint' retrieved from /opt/airflow/dags/dag_dq_checkpoint.py
[2026-06-03T11:37:48.833+0000] {logging_mixin.py:188} INFO - [2026-06-03T11:37:48.833+0000] {dag.py:3096} INFO - Sync 1 DAGs
[2026-06-03T11:37:48.843+0000] {logging_mixin.py:188} INFO - [2026-06-03T11:37:48.843+0000] {dag.py:3954} INFO - Setting next_dagrun for neuralretail_dq_checkpoint to None, run_after=None
[2026-06-03T11:37:48.861+0000] {processor.py:183} INFO - Processing /opt/airflow/dags/dag_dq_checkpoint.py took 0.144 seconds
[2026-06-03T11:39:36.821+0000] {processor.py:161} INFO - Started process (PID=4522) to work on /opt/airflow/dags/dag_dq_checkpoint.py
[2026-06-03T11:39:36.822+0000] {processor.py:830} INFO - Processing file /opt/airflow/dags/dag_dq_checkpoint.py for tasks to queue
[2026-06-03T11:39:36.824+0000] {logging_mixin.py:188} INFO - [2026-06-03T11:39:36.824+0000] {dagbag.py:540} INFO - Filling up the DagBag from /opt/airflow/dags/dag_dq_checkpoint.py
[2026-06-03T11:39:36.850+0000] {processor.py:840} INFO - DAG(s) 'neuralretail_dq_checkpoint' retrieved from /opt/airflow/dags/dag_dq_checkpoint.py
[2026-06-03T11:39:36.904+0000] {logging_mixin.py:188} INFO - [2026-06-03T11:39:36.903+0000] {dag.py:3096} INFO - Sync 1 DAGs
[2026-06-03T11:39:36.914+0000] {logging_mixin.py:188} INFO - [2026-06-03T11:39:36.914+0000] {dag.py:3954} INFO - Setting next_dagrun for neuralretail_dq_checkpoint to None, run_after=None
[2026-06-03T11:39:36.934+0000] {processor.py:183} INFO - Processing /opt/airflow/dags/dag_dq_checkpoint.py took 0.119 seconds
[2026-06-03T12:00:46.681+0000] {processor.py:161} INFO - Started process (PID=4544) to work on /opt/airflow/dags/dag_dq_checkpoint.py
[2026-06-03T12:00:46.682+0000] {processor.py:830} INFO - Processing file /opt/airflow/dags/dag_dq_checkpoint.py for tasks to queue
[2026-06-03T12:00:46.684+0000] {logging_mixin.py:188} INFO - [2026-06-03T12:00:46.684+0000] {dagbag.py:540} INFO - Filling up the DagBag from /opt/airflow/dags/dag_dq_checkpoint.py
[2026-06-03T12:00:46.722+0000] {processor.py:840} INFO - DAG(s) 'neuralretail_dq_checkpoint' retrieved from /opt/airflow/dags/dag_dq_checkpoint.py
[2026-06-03T12:00:46.760+0000] {logging_mixin.py:188} INFO - [2026-06-03T12:00:46.760+0000] {dag.py:3096} INFO - Sync 1 DAGs
[2026-06-03T12:00:46.772+0000] {logging_mixin.py:188} INFO - [2026-06-03T12:00:46.772+0000] {dag.py:3954} INFO - Setting next_dagrun for neuralretail_dq_checkpoint to None, run_after=None
[2026-06-03T12:00:46.791+0000] {processor.py:183} INFO - Processing /opt/airflow/dags/dag_dq_checkpoint.py took 0.116 seconds
[2026-06-03T12:01:17.640+0000] {processor.py:161} INFO - Started process (PID=4566) to work on /opt/airflow/dags/dag_dq_checkpoint.py
[2026-06-03T12:01:17.647+0000] {processor.py:830} INFO - Processing file /opt/airflow/dags/dag_dq_checkpoint.py for tasks to queue
[2026-06-03T12:01:17.656+0000] {logging_mixin.py:188} INFO - [2026-06-03T12:01:17.655+0000] {dagbag.py:540} INFO - Filling up the DagBag from /opt/airflow/dags/dag_dq_checkpoint.py
[2026-06-03T12:01:17.783+0000] {processor.py:840} INFO - DAG(s) 'neuralretail_dq_checkpoint' retrieved from /opt/airflow/dags/dag_dq_checkpoint.py
[2026-06-03T12:01:17.821+0000] {logging_mixin.py:188} INFO - [2026-06-03T12:01:17.821+0000] {dag.py:3096} INFO - Sync 1 DAGs
[2026-06-03T12:01:17.833+0000] {logging_mixin.py:188} INFO - [2026-06-03T12:01:17.832+0000] {dag.py:3954} INFO - Setting next_dagrun for neuralretail_dq_checkpoint to None, run_after=None
[2026-06-03T12:01:17.859+0000] {processor.py:183} INFO - Processing /opt/airflow/dags/dag_dq_checkpoint.py took 0.228 seconds
[2026-06-03T12:01:48.244+0000] {processor.py:161} INFO - Started process (PID=4586) to work on /opt/airflow/dags/dag_dq_checkpoint.py
[2026-06-03T12:01:48.247+0000] {processor.py:830} INFO - Processing file /opt/airflow/dags/dag_dq_checkpoint.py for tasks to queue
[2026-06-03T12:01:48.253+0000] {logging_mixin.py:188} INFO - [2026-06-03T12:01:48.252+0000] {dagbag.py:540} INFO - Filling up the DagBag from /opt/airflow/dags/dag_dq_checkpoint.py
[2026-06-03T12:01:48.306+0000] {processor.py:840} INFO - DAG(s) 'neuralretail_dq_checkpoint' retrieved from /opt/airflow/dags/dag_dq_checkpoint.py
[2026-06-03T12:01:48.357+0000] {logging_mixin.py:188} INFO - [2026-06-03T12:01:48.356+0000] {dag.py:3096} INFO - Sync 1 DAGs
[2026-06-03T12:01:48.370+0000] {logging_mixin.py:188} INFO - [2026-06-03T12:01:48.370+0000] {dag.py:3954} INFO - Setting next_dagrun for neuralretail_dq_checkpoint to None, run_after=None
[2026-06-03T12:01:48.403+0000] {processor.py:183} INFO - Processing /opt/airflow/dags/dag_dq_checkpoint.py took 0.172 seconds
[2026-06-03T12:02:19.056+0000] {processor.py:161} INFO - Started process (PID=4606) to work on /opt/airflow/dags/dag_dq_checkpoint.py
[2026-06-03T12:02:19.059+0000] {processor.py:830} INFO - Processing file /opt/airflow/dags/dag_dq_checkpoint.py for tasks to queue
[2026-06-03T12:02:19.063+0000] {logging_mixin.py:188} INFO - [2026-06-03T12:02:19.062+0000] {dagbag.py:540} INFO - Filling up the DagBag from /opt/airflow/dags/dag_dq_checkpoint.py
[2026-06-03T12:02:19.114+0000] {processor.py:840} INFO - DAG(s) 'neuralretail_dq_checkpoint' retrieved from /opt/airflow/dags/dag_dq_checkpoint.py
[2026-06-03T12:02:19.175+0000] {logging_mixin.py:188} INFO - [2026-06-03T12:02:19.175+0000] {dag.py:3096} INFO - Sync 1 DAGs
[2026-06-03T12:02:19.189+0000] {logging_mixin.py:188} INFO - [2026-06-03T12:02:19.189+0000] {dag.py:3954} INFO - Setting next_dagrun for neuralretail_dq_checkpoint to None, run_after=None
[2026-06-03T12:02:19.213+0000] {processor.py:183} INFO - Processing /opt/airflow/dags/dag_dq_checkpoint.py took 0.166 seconds
[2026-06-03T12:02:49.593+0000] {processor.py:161} INFO - Started process (PID=4624) to work on /opt/airflow/dags/dag_dq_checkpoint.py
[2026-06-03T12:02:49.596+0000] {processor.py:830} INFO - Processing file /opt/airflow/dags/dag_dq_checkpoint.py for tasks to queue
[2026-06-03T12:02:49.599+0000] {logging_mixin.py:188} INFO - [2026-06-03T12:02:49.599+0000] {dagbag.py:540} INFO - Filling up the DagBag from /opt/airflow/dags/dag_dq_checkpoint.py
[2026-06-03T12:02:49.652+0000] {processor.py:840} INFO - DAG(s) 'neuralretail_dq_checkpoint' retrieved from /opt/airflow/dags/dag_dq_checkpoint.py
[2026-06-03T12:02:49.684+0000] {logging_mixin.py:188} INFO - [2026-06-03T12:02:49.684+0000] {dag.py:3096} INFO - Sync 1 DAGs
[2026-06-03T12:02:49.698+0000] {logging_mixin.py:188} INFO - [2026-06-03T12:02:49.698+0000] {dag.py:3954} INFO - Setting next_dagrun for neuralretail_dq_checkpoint to None, run_after=None
[2026-06-03T12:02:49.720+0000] {processor.py:183} INFO - Processing /opt/airflow/dags/dag_dq_checkpoint.py took 0.138 seconds
[2026-06-03T12:03:19.981+0000] {processor.py:161} INFO - Started process (PID=4646) to work on /opt/airflow/dags/dag_dq_checkpoint.py
[2026-06-03T12:03:19.982+0000] {processor.py:830} INFO - Processing file /opt/airflow/dags/dag_dq_checkpoint.py for tasks to queue
[2026-06-03T12:03:19.986+0000] {logging_mixin.py:188} INFO - [2026-06-03T12:03:19.986+0000] {dagbag.py:540} INFO - Filling up the DagBag from /opt/airflow/dags/dag_dq_checkpoint.py
[2026-06-03T12:03:20.048+0000] {processor.py:840} INFO - DAG(s) 'neuralretail_dq_checkpoint' retrieved from /opt/airflow/dags/dag_dq_checkpoint.py
[2026-06-03T12:03:20.124+0000] {logging_mixin.py:188} INFO - [2026-06-03T12:03:20.124+0000] {dag.py:3096} INFO - Sync 1 DAGs
[2026-06-03T12:03:20.145+0000] {logging_mixin.py:188} INFO - [2026-06-03T12:03:20.144+0000] {dag.py:3954} INFO - Setting next_dagrun for neuralretail_dq_checkpoint to None, run_after=None
[2026-06-03T12:03:20.184+0000] {processor.py:183} INFO - Processing /opt/airflow/dags/dag_dq_checkpoint.py took 0.209 seconds
[2026-06-03T12:03:51.301+0000] {processor.py:161} INFO - Started process (PID=4666) to work on /opt/airflow/dags/dag_dq_checkpoint.py
[2026-06-03T12:03:51.303+0000] {processor.py:830} INFO - Processing file /opt/airflow/dags/dag_dq_checkpoint.py for tasks to queue
[2026-06-03T12:03:51.310+0000] {logging_mixin.py:188} INFO - [2026-06-03T12:03:51.308+0000] {dagbag.py:540} INFO - Filling up the DagBag from /opt/airflow/dags/dag_dq_checkpoint.py
[2026-06-03T12:03:51.424+0000] {processor.py:840} INFO - DAG(s) 'neuralretail_dq_checkpoint' retrieved from /opt/airflow/dags/dag_dq_checkpoint.py
[2026-06-03T12:03:51.487+0000] {logging_mixin.py:188} INFO - [2026-06-03T12:03:51.486+0000] {dag.py:3096} INFO - Sync 1 DAGs
[2026-06-03T12:03:51.502+0000] {logging_mixin.py:188} INFO - [2026-06-03T12:03:51.502+0000] {dag.py:3954} INFO - Setting next_dagrun for neuralretail_dq_checkpoint to None, run_after=None
[2026-06-03T12:03:51.535+0000] {processor.py:183} INFO - Processing /opt/airflow/dags/dag_dq_checkpoint.py took 0.251 seconds
[2026-06-03T12:04:21.685+0000] {processor.py:161} INFO - Started process (PID=4686) to work on /opt/airflow/dags/dag_dq_checkpoint.py
[2026-06-03T12:04:21.688+0000] {processor.py:830} INFO - Processing file /opt/airflow/dags/dag_dq_checkpoint.py for tasks to queue
[2026-06-03T12:04:21.692+0000] {logging_mixin.py:188} INFO - [2026-06-03T12:04:21.692+0000] {dagbag.py:540} INFO - Filling up the DagBag from /opt/airflow/dags/dag_dq_checkpoint.py
[2026-06-03T12:04:21.757+0000] {processor.py:840} INFO - DAG(s) 'neuralretail_dq_checkpoint' retrieved from /opt/airflow/dags/dag_dq_checkpoint.py
[2026-06-03T12:04:21.826+0000] {logging_mixin.py:188} INFO - [2026-06-03T12:04:21.826+0000] {dag.py:3096} INFO - Sync 1 DAGs
[2026-06-03T12:04:21.855+0000] {logging_mixin.py:188} INFO - [2026-06-03T12:04:21.855+0000] {dag.py:3954} INFO - Setting next_dagrun for neuralretail_dq_checkpoint to None, run_after=None
[2026-06-03T12:04:21.894+0000] {processor.py:183} INFO - Processing /opt/airflow/dags/dag_dq_checkpoint.py took 0.222 seconds
[2026-06-03T12:04:52.386+0000] {processor.py:161} INFO - Started process (PID=4706) to work on /opt/airflow/dags/dag_dq_checkpoint.py
[2026-06-03T12:04:52.387+0000] {processor.py:830} INFO - Processing file /opt/airflow/dags/dag_dq_checkpoint.py for tasks to queue
[2026-06-03T12:04:52.389+0000] {logging_mixin.py:188} INFO - [2026-06-03T12:04:52.388+0000] {dagbag.py:540} INFO - Filling up the DagBag from /opt/airflow/dags/dag_dq_checkpoint.py
[2026-06-03T12:04:52.428+0000] {processor.py:840} INFO - DAG(s) 'neuralretail_dq_checkpoint' retrieved from /opt/airflow/dags/dag_dq_checkpoint.py
[2026-06-03T12:04:52.474+0000] {logging_mixin.py:188} INFO - [2026-06-03T12:04:52.474+0000] {dag.py:3096} INFO - Sync 1 DAGs
[2026-06-03T12:04:52.488+0000] {logging_mixin.py:188} INFO - [2026-06-03T12:04:52.488+0000] {dag.py:3954} INFO - Setting next_dagrun for neuralretail_dq_checkpoint to None, run_after=None
[2026-06-03T12:04:52.532+0000] {processor.py:183} INFO - Processing /opt/airflow/dags/dag_dq_checkpoint.py took 0.153 seconds
[2026-06-03T12:05:22.805+0000] {processor.py:161} INFO - Started process (PID=4726) to work on /opt/airflow/dags/dag_dq_checkpoint.py
[2026-06-03T12:05:22.807+0000] {processor.py:830} INFO - Processing file /opt/airflow/dags/dag_dq_checkpoint.py for tasks to queue
[2026-06-03T12:05:22.809+0000] {logging_mixin.py:188} INFO - [2026-06-03T12:05:22.809+0000] {dagbag.py:540} INFO - Filling up the DagBag from /opt/airflow/dags/dag_dq_checkpoint.py
[2026-06-03T12:05:22.848+0000] {processor.py:840} INFO - DAG(s) 'neuralretail_dq_checkpoint' retrieved from /opt/airflow/dags/dag_dq_checkpoint.py
[2026-06-03T12:05:22.889+0000] {logging_mixin.py:188} INFO - [2026-06-03T12:05:22.888+0000] {dag.py:3096} INFO - Sync 1 DAGs
[2026-06-03T12:05:22.901+0000] {logging_mixin.py:188} INFO - [2026-06-03T12:05:22.901+0000] {dag.py:3954} INFO - Setting next_dagrun for neuralretail_dq_checkpoint to None, run_after=None
[2026-06-03T12:05:22.921+0000] {processor.py:183} INFO - Processing /opt/airflow/dags/dag_dq_checkpoint.py took 0.121 seconds
[2026-06-03T12:05:53.409+0000] {processor.py:161} INFO - Started process (PID=4746) to work on /opt/airflow/dags/dag_dq_checkpoint.py
[2026-06-03T12:05:53.411+0000] {processor.py:830} INFO - Processing file /opt/airflow/dags/dag_dq_checkpoint.py for tasks to queue
[2026-06-03T12:05:53.413+0000] {logging_mixin.py:188} INFO - [2026-06-03T12:05:53.412+0000] {dagbag.py:540} INFO - Filling up the DagBag from /opt/airflow/dags/dag_dq_checkpoint.py
[2026-06-03T12:05:53.489+0000] {processor.py:840} INFO - DAG(s) 'neuralretail_dq_checkpoint' retrieved from /opt/airflow/dags/dag_dq_checkpoint.py
[2026-06-03T12:05:53.572+0000] {logging_mixin.py:188} INFO - [2026-06-03T12:05:53.572+0000] {dag.py:3096} INFO - Sync 1 DAGs
[2026-06-03T12:05:53.589+0000] {logging_mixin.py:188} INFO - [2026-06-03T12:05:53.589+0000] {dag.py:3954} INFO - Setting next_dagrun for neuralretail_dq_checkpoint to None, run_after=None
[2026-06-03T12:05:53.611+0000] {processor.py:183} INFO - Processing /opt/airflow/dags/dag_dq_checkpoint.py took 0.210 seconds
[2026-06-03T12:06:24.002+0000] {processor.py:161} INFO - Started process (PID=4764) to work on /opt/airflow/dags/dag_dq_checkpoint.py
[2026-06-03T12:06:24.005+0000] {processor.py:830} INFO - Processing file /opt/airflow/dags/dag_dq_checkpoint.py for tasks to queue
[2026-06-03T12:06:24.008+0000] {logging_mixin.py:188} INFO - [2026-06-03T12:06:24.008+0000] {dagbag.py:540} INFO - Filling up the DagBag from /opt/airflow/dags/dag_dq_checkpoint.py
[2026-06-03T12:06:24.050+0000] {processor.py:840} INFO - DAG(s) 'neuralretail_dq_checkpoint' retrieved from /opt/airflow/dags/dag_dq_checkpoint.py
[2026-06-03T12:06:24.096+0000] {logging_mixin.py:188} INFO - [2026-06-03T12:06:24.096+0000] {dag.py:3096} INFO - Sync 1 DAGs
[2026-06-03T12:06:24.108+0000] {logging_mixin.py:188} INFO - [2026-06-03T12:06:24.108+0000] {dag.py:3954} INFO - Setting next_dagrun for neuralretail_dq_checkpoint to None, run_after=None
[2026-06-03T12:06:24.127+0000] {processor.py:183} INFO - Processing /opt/airflow/dags/dag_dq_checkpoint.py took 0.137 seconds
[2026-06-03T12:06:54.386+0000] {processor.py:161} INFO - Started process (PID=4786) to work on /opt/airflow/dags/dag_dq_checkpoint.py
[2026-06-03T12:06:54.389+0000] {processor.py:830} INFO - Processing file /opt/airflow/dags/dag_dq_checkpoint.py for tasks to queue
[2026-06-03T12:06:54.394+0000] {logging_mixin.py:188} INFO - [2026-06-03T12:06:54.393+0000] {dagbag.py:540} INFO - Filling up the DagBag from /opt/airflow/dags/dag_dq_checkpoint.py
[2026-06-03T12:06:54.487+0000] {processor.py:840} INFO - DAG(s) 'neuralretail_dq_checkpoint' retrieved from /opt/airflow/dags/dag_dq_checkpoint.py
[2026-06-03T12:06:54.587+0000] {logging_mixin.py:188} INFO - [2026-06-03T12:06:54.586+0000] {dag.py:3096} INFO - Sync 1 DAGs
[2026-06-03T12:06:54.622+0000] {logging_mixin.py:188} INFO - [2026-06-03T12:06:54.621+0000] {dag.py:3954} INFO - Setting next_dagrun for neuralretail_dq_checkpoint to None, run_after=None
[2026-06-03T12:06:54.679+0000] {processor.py:183} INFO - Processing /opt/airflow/dags/dag_dq_checkpoint.py took 0.308 seconds
[2026-06-03T12:07:25.841+0000] {processor.py:161} INFO - Started process (PID=4806) to work on /opt/airflow/dags/dag_dq_checkpoint.py
[2026-06-03T12:07:25.843+0000] {processor.py:830} INFO - Processing file /opt/airflow/dags/dag_dq_checkpoint.py for tasks to queue
[2026-06-03T12:07:25.848+0000] {logging_mixin.py:188} INFO - [2026-06-03T12:07:25.847+0000] {dagbag.py:540} INFO - Filling up the DagBag from /opt/airflow/dags/dag_dq_checkpoint.py
[2026-06-03T12:07:25.924+0000] {processor.py:840} INFO - DAG(s) 'neuralretail_dq_checkpoint' retrieved from /opt/airflow/dags/dag_dq_checkpoint.py
[2026-06-03T12:07:25.963+0000] {logging_mixin.py:188} INFO - [2026-06-03T12:07:25.963+0000] {dag.py:3096} INFO - Sync 1 DAGs
[2026-06-03T12:07:25.976+0000] {logging_mixin.py:188} INFO - [2026-06-03T12:07:25.976+0000] {dag.py:3954} INFO - Setting next_dagrun for neuralretail_dq_checkpoint to None, run_after=None
[2026-06-03T12:07:25.994+0000] {processor.py:183} INFO - Processing /opt/airflow/dags/dag_dq_checkpoint.py took 0.163 seconds
[2026-06-03T12:07:56.237+0000] {processor.py:161} INFO - Started process (PID=4826) to work on /opt/airflow/dags/dag_dq_checkpoint.py
[2026-06-03T12:07:56.240+0000] {processor.py:830} INFO - Processing file /opt/airflow/dags/dag_dq_checkpoint.py for tasks to queue
[2026-06-03T12:07:56.247+0000] {logging_mixin.py:188} INFO - [2026-06-03T12:07:56.246+0000] {dagbag.py:540} INFO - Filling up the DagBag from /opt/airflow/dags/dag_dq_checkpoint.py
[2026-06-03T12:07:56.378+0000] {processor.py:840} INFO - DAG(s) 'neuralretail_dq_checkpoint' retrieved from /opt/airflow/dags/dag_dq_checkpoint.py
[2026-06-03T12:07:56.447+0000] {logging_mixin.py:188} INFO - [2026-06-03T12:07:56.447+0000] {dag.py:3096} INFO - Sync 1 DAGs
[2026-06-03T12:07:56.475+0000] {logging_mixin.py:188} INFO - [2026-06-03T12:07:56.474+0000] {dag.py:3954} INFO - Setting next_dagrun for neuralretail_dq_checkpoint to None, run_after=None
[2026-06-03T12:07:56.523+0000] {processor.py:183} INFO - Processing /opt/airflow/dags/dag_dq_checkpoint.py took 0.300 seconds
[2026-06-03T12:08:26.863+0000] {processor.py:161} INFO - Started process (PID=4846) to work on /opt/airflow/dags/dag_dq_checkpoint.py
[2026-06-03T12:08:26.864+0000] {processor.py:830} INFO - Processing file /opt/airflow/dags/dag_dq_checkpoint.py for tasks to queue
[2026-06-03T12:08:26.868+0000] {logging_mixin.py:188} INFO - [2026-06-03T12:08:26.867+0000] {dagbag.py:540} INFO - Filling up the DagBag from /opt/airflow/dags/dag_dq_checkpoint.py
[2026-06-03T12:08:27.027+0000] {processor.py:840} INFO - DAG(s) 'neuralretail_dq_checkpoint' retrieved from /opt/airflow/dags/dag_dq_checkpoint.py
[2026-06-03T12:08:27.063+0000] {logging_mixin.py:188} INFO - [2026-06-03T12:08:27.063+0000] {dag.py:3096} INFO - Sync 1 DAGs
[2026-06-03T12:08:27.074+0000] {logging_mixin.py:188} INFO - [2026-06-03T12:08:27.074+0000] {dag.py:3954} INFO - Setting next_dagrun for neuralretail_dq_checkpoint to None, run_after=None
[2026-06-03T12:08:27.112+0000] {processor.py:183} INFO - Processing /opt/airflow/dags/dag_dq_checkpoint.py took 0.258 seconds
[2026-06-03T12:08:57.326+0000] {processor.py:161} INFO - Started process (PID=4866) to work on /opt/airflow/dags/dag_dq_checkpoint.py
[2026-06-03T12:08:57.328+0000] {processor.py:830} INFO - Processing file /opt/airflow/dags/dag_dq_checkpoint.py for tasks to queue
[2026-06-03T12:08:57.334+0000] {logging_mixin.py:188} INFO - [2026-06-03T12:08:57.333+0000] {dagbag.py:540} INFO - Filling up the DagBag from /opt/airflow/dags/dag_dq_checkpoint.py
[2026-06-03T12:08:57.415+0000] {processor.py:840} INFO - DAG(s) 'neuralretail_dq_checkpoint' retrieved from /opt/airflow/dags/dag_dq_checkpoint.py
[2026-06-03T12:08:57.530+0000] {logging_mixin.py:188} INFO - [2026-06-03T12:08:57.529+0000] {dag.py:3096} INFO - Sync 1 DAGs
[2026-06-03T12:08:57.561+0000] {logging_mixin.py:188} INFO - [2026-06-03T12:08:57.560+0000] {dag.py:3954} INFO - Setting next_dagrun for neuralretail_dq_checkpoint to None, run_after=None
[2026-06-03T12:08:57.610+0000] {processor.py:183} INFO - Processing /opt/airflow/dags/dag_dq_checkpoint.py took 0.303 seconds
[2026-06-03T12:09:28.184+0000] {processor.py:161} INFO - Started process (PID=4886) to work on /opt/airflow/dags/dag_dq_checkpoint.py
[2026-06-03T12:09:28.186+0000] {processor.py:830} INFO - Processing file /opt/airflow/dags/dag_dq_checkpoint.py for tasks to queue
[2026-06-03T12:09:28.191+0000] {logging_mixin.py:188} INFO - [2026-06-03T12:09:28.190+0000] {dagbag.py:540} INFO - Filling up the DagBag from /opt/airflow/dags/dag_dq_checkpoint.py
[2026-06-03T12:09:28.292+0000] {processor.py:840} INFO - DAG(s) 'neuralretail_dq_checkpoint' retrieved from /opt/airflow/dags/dag_dq_checkpoint.py
[2026-06-03T12:09:28.397+0000] {logging_mixin.py:188} INFO - [2026-06-03T12:09:28.397+0000] {dag.py:3096} INFO - Sync 1 DAGs
[2026-06-03T12:09:28.418+0000] {logging_mixin.py:188} INFO - [2026-06-03T12:09:28.417+0000] {dag.py:3954} INFO - Setting next_dagrun for neuralretail_dq_checkpoint to None, run_after=None
[2026-06-03T12:09:28.491+0000] {processor.py:183} INFO - Processing /opt/airflow/dags/dag_dq_checkpoint.py took 0.315 seconds
[2026-06-03T12:09:58.764+0000] {processor.py:161} INFO - Started process (PID=4906) to work on /opt/airflow/dags/dag_dq_checkpoint.py
[2026-06-03T12:09:58.768+0000] {processor.py:830} INFO - Processing file /opt/airflow/dags/dag_dq_checkpoint.py for tasks to queue
[2026-06-03T12:09:58.775+0000] {logging_mixin.py:188} INFO - [2026-06-03T12:09:58.774+0000] {dagbag.py:540} INFO - Filling up the DagBag from /opt/airflow/dags/dag_dq_checkpoint.py
[2026-06-03T12:09:58.894+0000] {processor.py:840} INFO - DAG(s) 'neuralretail_dq_checkpoint' retrieved from /opt/airflow/dags/dag_dq_checkpoint.py
[2026-06-03T12:09:58.968+0000] {logging_mixin.py:188} INFO - [2026-06-03T12:09:58.968+0000] {dag.py:3096} INFO - Sync 1 DAGs
[2026-06-03T12:09:58.994+0000] {logging_mixin.py:188} INFO - [2026-06-03T12:09:58.994+0000] {dag.py:3954} INFO - Setting next_dagrun for neuralretail_dq_checkpoint to None, run_after=None
[2026-06-03T12:09:59.049+0000] {processor.py:183} INFO - Processing /opt/airflow/dags/dag_dq_checkpoint.py took 0.303 seconds
[2026-06-03T12:10:29.531+0000] {processor.py:161} INFO - Started process (PID=4926) to work on /opt/airflow/dags/dag_dq_checkpoint.py
[2026-06-03T12:10:29.534+0000] {processor.py:830} INFO - Processing file /opt/airflow/dags/dag_dq_checkpoint.py for tasks to queue
[2026-06-03T12:10:29.539+0000] {logging_mixin.py:188} INFO - [2026-06-03T12:10:29.539+0000] {dagbag.py:540} INFO - Filling up the DagBag from /opt/airflow/dags/dag_dq_checkpoint.py
[2026-06-03T12:10:29.611+0000] {processor.py:840} INFO - DAG(s) 'neuralretail_dq_checkpoint' retrieved from /opt/airflow/dags/dag_dq_checkpoint.py
[2026-06-03T12:10:29.754+0000] {logging_mixin.py:188} INFO - [2026-06-03T12:10:29.753+0000] {dag.py:3096} INFO - Sync 1 DAGs
[2026-06-03T12:10:29.783+0000] {logging_mixin.py:188} INFO - [2026-06-03T12:10:29.782+0000] {dag.py:3954} INFO - Setting next_dagrun for neuralretail_dq_checkpoint to None, run_after=None
[2026-06-03T12:10:29.821+0000] {processor.py:183} INFO - Processing /opt/airflow/dags/dag_dq_checkpoint.py took 0.304 seconds
[2026-06-03T12:11:00.850+0000] {processor.py:161} INFO - Started process (PID=4946) to work on /opt/airflow/dags/dag_dq_checkpoint.py
[2026-06-03T12:11:00.855+0000] {processor.py:830} INFO - Processing file /opt/airflow/dags/dag_dq_checkpoint.py for tasks to queue
[2026-06-03T12:11:00.858+0000] {logging_mixin.py:188} INFO - [2026-06-03T12:11:00.857+0000] {dagbag.py:540} INFO - Filling up the DagBag from /opt/airflow/dags/dag_dq_checkpoint.py
[2026-06-03T12:11:01.017+0000] {processor.py:840} INFO - DAG(s) 'neuralretail_dq_checkpoint' retrieved from /opt/airflow/dags/dag_dq_checkpoint.py
[2026-06-03T12:11:01.157+0000] {logging_mixin.py:188} INFO - [2026-06-03T12:11:01.156+0000] {dag.py:3096} INFO - Sync 1 DAGs
[2026-06-03T12:11:01.198+0000] {logging_mixin.py:188} INFO - [2026-06-03T12:11:01.197+0000] {dag.py:3954} INFO - Setting next_dagrun for neuralretail_dq_checkpoint to None, run_after=None
[2026-06-03T12:11:01.279+0000] {processor.py:183} INFO - Processing /opt/airflow/dags/dag_dq_checkpoint.py took 0.441 seconds
[2026-06-03T12:11:31.759+0000] {processor.py:161} INFO - Started process (PID=4966) to work on /opt/airflow/dags/dag_dq_checkpoint.py
[2026-06-03T12:11:31.761+0000] {processor.py:830} INFO - Processing file /opt/airflow/dags/dag_dq_checkpoint.py for tasks to queue
[2026-06-03T12:11:31.763+0000] {logging_mixin.py:188} INFO - [2026-06-03T12:11:31.762+0000] {dagbag.py:540} INFO - Filling up the DagBag from /opt/airflow/dags/dag_dq_checkpoint.py
[2026-06-03T12:11:31.823+0000] {processor.py:840} INFO - DAG(s) 'neuralretail_dq_checkpoint' retrieved from /opt/airflow/dags/dag_dq_checkpoint.py
[2026-06-03T12:11:31.869+0000] {logging_mixin.py:188} INFO - [2026-06-03T12:11:31.868+0000] {dag.py:3096} INFO - Sync 1 DAGs
[2026-06-03T12:11:31.879+0000] {logging_mixin.py:188} INFO - [2026-06-03T12:11:31.879+0000] {dag.py:3954} INFO - Setting next_dagrun for neuralretail_dq_checkpoint to None, run_after=None
[2026-06-03T12:11:31.899+0000] {processor.py:183} INFO - Processing /opt/airflow/dags/dag_dq_checkpoint.py took 0.151 seconds
[2026-06-03T12:12:02.218+0000] {processor.py:161} INFO - Started process (PID=4986) to work on /opt/airflow/dags/dag_dq_checkpoint.py
[2026-06-03T12:12:02.219+0000] {processor.py:830} INFO - Processing file /opt/airflow/dags/dag_dq_checkpoint.py for tasks to queue
[2026-06-03T12:12:02.222+0000] {logging_mixin.py:188} INFO - [2026-06-03T12:12:02.222+0000] {dagbag.py:540} INFO - Filling up the DagBag from /opt/airflow/dags/dag_dq_checkpoint.py
[2026-06-03T12:12:02.256+0000] {processor.py:840} INFO - DAG(s) 'neuralretail_dq_checkpoint' retrieved from /opt/airflow/dags/dag_dq_checkpoint.py
[2026-06-03T12:12:02.293+0000] {logging_mixin.py:188} INFO - [2026-06-03T12:12:02.293+0000] {dag.py:3096} INFO - Sync 1 DAGs
[2026-06-03T12:12:02.303+0000] {logging_mixin.py:188} INFO - [2026-06-03T12:12:02.303+0000] {dag.py:3954} INFO - Setting next_dagrun for neuralretail_dq_checkpoint to None, run_after=None
[2026-06-03T12:12:02.321+0000] {processor.py:183} INFO - Processing /opt/airflow/dags/dag_dq_checkpoint.py took 0.108 seconds
[2026-06-03T12:12:32.700+0000] {processor.py:161} INFO - Started process (PID=5006) to work on /opt/airflow/dags/dag_dq_checkpoint.py
[2026-06-03T12:12:32.703+0000] {processor.py:830} INFO - Processing file /opt/airflow/dags/dag_dq_checkpoint.py for tasks to queue
[2026-06-03T12:12:32.707+0000] {logging_mixin.py:188} INFO - [2026-06-03T12:12:32.706+0000] {dagbag.py:540} INFO - Filling up the DagBag from /opt/airflow/dags/dag_dq_checkpoint.py
[2026-06-03T12:12:32.781+0000] {processor.py:840} INFO - DAG(s) 'neuralretail_dq_checkpoint' retrieved from /opt/airflow/dags/dag_dq_checkpoint.py
[2026-06-03T12:12:32.821+0000] {logging_mixin.py:188} INFO - [2026-06-03T12:12:32.821+0000] {dag.py:3096} INFO - Sync 1 DAGs
[2026-06-03T12:12:32.831+0000] {logging_mixin.py:188} INFO - [2026-06-03T12:12:32.831+0000] {dag.py:3954} INFO - Setting next_dagrun for neuralretail_dq_checkpoint to None, run_after=None
[2026-06-03T12:12:32.858+0000] {processor.py:183} INFO - Processing /opt/airflow/dags/dag_dq_checkpoint.py took 0.165 seconds
[2026-06-03T12:13:03.405+0000] {processor.py:161} INFO - Started process (PID=5026) to work on /opt/airflow/dags/dag_dq_checkpoint.py
[2026-06-03T12:13:03.409+0000] {processor.py:830} INFO - Processing file /opt/airflow/dags/dag_dq_checkpoint.py for tasks to queue
[2026-06-03T12:13:03.416+0000] {logging_mixin.py:188} INFO - [2026-06-03T12:13:03.414+0000] {dagbag.py:540} INFO - Filling up the DagBag from /opt/airflow/dags/dag_dq_checkpoint.py
[2026-06-03T12:13:03.685+0000] {processor.py:840} INFO - DAG(s) 'neuralretail_dq_checkpoint' retrieved from /opt/airflow/dags/dag_dq_checkpoint.py
[2026-06-03T12:13:03.753+0000] {logging_mixin.py:188} INFO - [2026-06-03T12:13:03.753+0000] {dag.py:3096} INFO - Sync 1 DAGs
[2026-06-03T12:13:03.902+0000] {logging_mixin.py:188} INFO - [2026-06-03T12:13:03.902+0000] {dag.py:3954} INFO - Setting next_dagrun for neuralretail_dq_checkpoint to None, run_after=None
[2026-06-03T12:13:03.922+0000] {processor.py:183} INFO - Processing /opt/airflow/dags/dag_dq_checkpoint.py took 0.530 seconds
[2026-06-03T12:13:34.043+0000] {processor.py:161} INFO - Started process (PID=5046) to work on /opt/airflow/dags/dag_dq_checkpoint.py
[2026-06-03T12:13:34.045+0000] {processor.py:830} INFO - Processing file /opt/airflow/dags/dag_dq_checkpoint.py for tasks to queue
[2026-06-03T12:13:34.048+0000] {logging_mixin.py:188} INFO - [2026-06-03T12:13:34.047+0000] {dagbag.py:540} INFO - Filling up the DagBag from /opt/airflow/dags/dag_dq_checkpoint.py
[2026-06-03T12:13:34.106+0000] {processor.py:840} INFO - DAG(s) 'neuralretail_dq_checkpoint' retrieved from /opt/airflow/dags/dag_dq_checkpoint.py
[2026-06-03T12:13:34.169+0000] {logging_mixin.py:188} INFO - [2026-06-03T12:13:34.168+0000] {dag.py:3096} INFO - Sync 1 DAGs
[2026-06-03T12:13:34.190+0000] {logging_mixin.py:188} INFO - [2026-06-03T12:13:34.190+0000] {dag.py:3954} INFO - Setting next_dagrun for neuralretail_dq_checkpoint to None, run_after=None
[2026-06-03T12:13:34.237+0000] {processor.py:183} INFO - Processing /opt/airflow/dags/dag_dq_checkpoint.py took 0.201 seconds
[2026-06-03T12:14:04.672+0000] {processor.py:161} INFO - Started process (PID=5066) to work on /opt/airflow/dags/dag_dq_checkpoint.py
[2026-06-03T12:14:04.674+0000] {processor.py:830} INFO - Processing file /opt/airflow/dags/dag_dq_checkpoint.py for tasks to queue
[2026-06-03T12:14:04.675+0000] {logging_mixin.py:188} INFO - [2026-06-03T12:14:04.675+0000] {dagbag.py:540} INFO - Filling up the DagBag from /opt/airflow/dags/dag_dq_checkpoint.py
[2026-06-03T12:14:04.742+0000] {processor.py:840} INFO - DAG(s) 'neuralretail_dq_checkpoint' retrieved from /opt/airflow/dags/dag_dq_checkpoint.py
[2026-06-03T12:14:04.816+0000] {logging_mixin.py:188} INFO - [2026-06-03T12:14:04.816+0000] {dag.py:3096} INFO - Sync 1 DAGs
[2026-06-03T12:14:04.839+0000] {logging_mixin.py:188} INFO - [2026-06-03T12:14:04.839+0000] {dag.py:3954} INFO - Setting next_dagrun for neuralretail_dq_checkpoint to None, run_after=None
[2026-06-03T12:14:04.890+0000] {processor.py:183} INFO - Processing /opt/airflow/dags/dag_dq_checkpoint.py took 0.224 seconds
[2026-06-03T12:14:35.187+0000] {processor.py:161} INFO - Started process (PID=5086) to work on /opt/airflow/dags/dag_dq_checkpoint.py
[2026-06-03T12:14:35.191+0000] {processor.py:830} INFO - Processing file /opt/airflow/dags/dag_dq_checkpoint.py for tasks to queue
[2026-06-03T12:14:35.195+0000] {logging_mixin.py:188} INFO - [2026-06-03T12:14:35.194+0000] {dagbag.py:540} INFO - Filling up the DagBag from /opt/airflow/dags/dag_dq_checkpoint.py
[2026-06-03T12:14:35.265+0000] {processor.py:840} INFO - DAG(s) 'neuralretail_dq_checkpoint' retrieved from /opt/airflow/dags/dag_dq_checkpoint.py
[2026-06-03T12:14:35.333+0000] {logging_mixin.py:188} INFO - [2026-06-03T12:14:35.333+0000] {dag.py:3096} INFO - Sync 1 DAGs
[2026-06-03T12:14:35.366+0000] {logging_mixin.py:188} INFO - [2026-06-03T12:14:35.365+0000] {dag.py:3954} INFO - Setting next_dagrun for neuralretail_dq_checkpoint to None, run_after=None
[2026-06-03T12:14:35.419+0000] {processor.py:183} INFO - Processing /opt/airflow/dags/dag_dq_checkpoint.py took 0.248 seconds
[2026-06-03T12:15:05.948+0000] {processor.py:161} INFO - Started process (PID=5106) to work on /opt/airflow/dags/dag_dq_checkpoint.py
[2026-06-03T12:15:05.951+0000] {processor.py:830} INFO - Processing file /opt/airflow/dags/dag_dq_checkpoint.py for tasks to queue
[2026-06-03T12:15:05.955+0000] {logging_mixin.py:188} INFO - [2026-06-03T12:15:05.954+0000] {dagbag.py:540} INFO - Filling up the DagBag from /opt/airflow/dags/dag_dq_checkpoint.py
[2026-06-03T12:15:06.214+0000] {processor.py:840} INFO - DAG(s) 'neuralretail_dq_checkpoint' retrieved from /opt/airflow/dags/dag_dq_checkpoint.py
[2026-06-03T12:15:06.293+0000] {logging_mixin.py:188} INFO - [2026-06-03T12:15:06.293+0000] {dag.py:3096} INFO - Sync 1 DAGs
[2026-06-03T12:15:06.310+0000] {logging_mixin.py:188} INFO - [2026-06-03T12:15:06.310+0000] {dag.py:3954} INFO - Setting next_dagrun for neuralretail_dq_checkpoint to None, run_after=None
[2026-06-03T12:15:06.334+0000] {processor.py:183} INFO - Processing /opt/airflow/dags/dag_dq_checkpoint.py took 0.391 seconds
[2026-06-03T12:15:36.713+0000] {processor.py:161} INFO - Started process (PID=5129) to work on /opt/airflow/dags/dag_dq_checkpoint.py
[2026-06-03T12:15:36.718+0000] {processor.py:830} INFO - Processing file /opt/airflow/dags/dag_dq_checkpoint.py for tasks to queue
[2026-06-03T12:15:36.722+0000] {logging_mixin.py:188} INFO - [2026-06-03T12:15:36.722+0000] {dagbag.py:540} INFO - Filling up the DagBag from /opt/airflow/dags/dag_dq_checkpoint.py
[2026-06-03T12:15:36.919+0000] {processor.py:840} INFO - DAG(s) 'neuralretail_dq_checkpoint' retrieved from /opt/airflow/dags/dag_dq_checkpoint.py
[2026-06-03T12:15:36.968+0000] {logging_mixin.py:188} INFO - [2026-06-03T12:15:36.967+0000] {dag.py:3096} INFO - Sync 1 DAGs
[2026-06-03T12:15:36.981+0000] {logging_mixin.py:188} INFO - [2026-06-03T12:15:36.981+0000] {dag.py:3954} INFO - Setting next_dagrun for neuralretail_dq_checkpoint to None, run_after=None
[2026-06-03T12:15:37.000+0000] {processor.py:183} INFO - Processing /opt/airflow/dags/dag_dq_checkpoint.py took 0.293 seconds
[2026-06-03T12:16:07.322+0000] {processor.py:161} INFO - Started process (PID=5146) to work on /opt/airflow/dags/dag_dq_checkpoint.py
[2026-06-03T12:16:07.324+0000] {processor.py:830} INFO - Processing file /opt/airflow/dags/dag_dq_checkpoint.py for tasks to queue
[2026-06-03T12:16:07.328+0000] {logging_mixin.py:188} INFO - [2026-06-03T12:16:07.328+0000] {dagbag.py:540} INFO - Filling up the DagBag from /opt/airflow/dags/dag_dq_checkpoint.py
[2026-06-03T12:16:07.371+0000] {processor.py:840} INFO - DAG(s) 'neuralretail_dq_checkpoint' retrieved from /opt/airflow/dags/dag_dq_checkpoint.py
[2026-06-03T12:16:07.496+0000] {logging_mixin.py:188} INFO - [2026-06-03T12:16:07.496+0000] {dag.py:3096} INFO - Sync 1 DAGs
[2026-06-03T12:16:07.515+0000] {logging_mixin.py:188} INFO - [2026-06-03T12:16:07.514+0000] {dag.py:3954} INFO - Setting next_dagrun for neuralretail_dq_checkpoint to None, run_after=None
[2026-06-03T12:16:07.553+0000] {processor.py:183} INFO - Processing /opt/airflow/dags/dag_dq_checkpoint.py took 0.236 seconds
[2026-06-03T12:16:37.987+0000] {processor.py:161} INFO - Started process (PID=5166) to work on /opt/airflow/dags/dag_dq_checkpoint.py
[2026-06-03T12:16:37.990+0000] {processor.py:830} INFO - Processing file /opt/airflow/dags/dag_dq_checkpoint.py for tasks to queue
[2026-06-03T12:16:37.995+0000] {logging_mixin.py:188} INFO - [2026-06-03T12:16:37.995+0000] {dagbag.py:540} INFO - Filling up the DagBag from /opt/airflow/dags/dag_dq_checkpoint.py
[2026-06-03T12:16:38.218+0000] {processor.py:840} INFO - DAG(s) 'neuralretail_dq_checkpoint' retrieved from /opt/airflow/dags/dag_dq_checkpoint.py
[2026-06-03T12:16:38.378+0000] {logging_mixin.py:188} INFO - [2026-06-03T12:16:38.378+0000] {dag.py:3096} INFO - Sync 1 DAGs
[2026-06-03T12:16:38.392+0000] {logging_mixin.py:188} INFO - [2026-06-03T12:16:38.392+0000] {dag.py:3954} INFO - Setting next_dagrun for neuralretail_dq_checkpoint to None, run_after=None
[2026-06-03T12:16:38.440+0000] {processor.py:183} INFO - Processing /opt/airflow/dags/dag_dq_checkpoint.py took 0.467 seconds
[2026-06-03T12:17:09.062+0000] {processor.py:161} INFO - Started process (PID=5186) to work on /opt/airflow/dags/dag_dq_checkpoint.py
[2026-06-03T12:17:09.065+0000] {processor.py:830} INFO - Processing file /opt/airflow/dags/dag_dq_checkpoint.py for tasks to queue
[2026-06-03T12:17:09.075+0000] {logging_mixin.py:188} INFO - [2026-06-03T12:17:09.073+0000] {dagbag.py:540} INFO - Filling up the DagBag from /opt/airflow/dags/dag_dq_checkpoint.py
[2026-06-03T12:17:09.199+0000] {processor.py:840} INFO - DAG(s) 'neuralretail_dq_checkpoint' retrieved from /opt/airflow/dags/dag_dq_checkpoint.py
[2026-06-03T12:17:09.256+0000] {logging_mixin.py:188} INFO - [2026-06-03T12:17:09.256+0000] {dag.py:3096} INFO - Sync 1 DAGs
[2026-06-03T12:17:09.270+0000] {logging_mixin.py:188} INFO - [2026-06-03T12:17:09.270+0000] {dag.py:3954} INFO - Setting next_dagrun for neuralretail_dq_checkpoint to None, run_after=None
[2026-06-03T12:17:09.292+0000] {processor.py:183} INFO - Processing /opt/airflow/dags/dag_dq_checkpoint.py took 0.242 seconds
[2026-06-03T12:17:39.665+0000] {processor.py:161} INFO - Started process (PID=5206) to work on /opt/airflow/dags/dag_dq_checkpoint.py
[2026-06-03T12:17:39.667+0000] {processor.py:830} INFO - Processing file /opt/airflow/dags/dag_dq_checkpoint.py for tasks to queue
[2026-06-03T12:17:39.669+0000] {logging_mixin.py:188} INFO - [2026-06-03T12:17:39.669+0000] {dagbag.py:540} INFO - Filling up the DagBag from /opt/airflow/dags/dag_dq_checkpoint.py
[2026-06-03T12:17:39.731+0000] {processor.py:840} INFO - DAG(s) 'neuralretail_dq_checkpoint' retrieved from /opt/airflow/dags/dag_dq_checkpoint.py
[2026-06-03T12:17:39.789+0000] {logging_mixin.py:188} INFO - [2026-06-03T12:17:39.789+0000] {dag.py:3096} INFO - Sync 1 DAGs
[2026-06-03T12:17:39.801+0000] {logging_mixin.py:188} INFO - [2026-06-03T12:17:39.801+0000] {dag.py:3954} INFO - Setting next_dagrun for neuralretail_dq_checkpoint to None, run_after=None
[2026-06-03T12:17:39.824+0000] {processor.py:183} INFO - Processing /opt/airflow/dags/dag_dq_checkpoint.py took 0.168 seconds
[2026-06-03T12:18:10.055+0000] {processor.py:161} INFO - Started process (PID=5226) to work on /opt/airflow/dags/dag_dq_checkpoint.py
[2026-06-03T12:18:10.059+0000] {processor.py:830} INFO - Processing file /opt/airflow/dags/dag_dq_checkpoint.py for tasks to queue
[2026-06-03T12:18:10.064+0000] {logging_mixin.py:188} INFO - [2026-06-03T12:18:10.063+0000] {dagbag.py:540} INFO - Filling up the DagBag from /opt/airflow/dags/dag_dq_checkpoint.py
[2026-06-03T12:18:10.127+0000] {processor.py:840} INFO - DAG(s) 'neuralretail_dq_checkpoint' retrieved from /opt/airflow/dags/dag_dq_checkpoint.py
[2026-06-03T12:18:10.178+0000] {logging_mixin.py:188} INFO - [2026-06-03T12:18:10.177+0000] {dag.py:3096} INFO - Sync 1 DAGs
[2026-06-03T12:18:10.192+0000] {logging_mixin.py:188} INFO - [2026-06-03T12:18:10.192+0000] {dag.py:3954} INFO - Setting next_dagrun for neuralretail_dq_checkpoint to None, run_after=None
[2026-06-03T12:18:10.255+0000] {processor.py:183} INFO - Processing /opt/airflow/dags/dag_dq_checkpoint.py took 0.213 seconds
[2026-06-03T12:18:40.666+0000] {processor.py:161} INFO - Started process (PID=5246) to work on /opt/airflow/dags/dag_dq_checkpoint.py
[2026-06-03T12:18:40.671+0000] {processor.py:830} INFO - Processing file /opt/airflow/dags/dag_dq_checkpoint.py for tasks to queue
[2026-06-03T12:18:40.675+0000] {logging_mixin.py:188} INFO - [2026-06-03T12:18:40.675+0000] {dagbag.py:540} INFO - Filling up the DagBag from /opt/airflow/dags/dag_dq_checkpoint.py
[2026-06-03T12:18:40.736+0000] {processor.py:840} INFO - DAG(s) 'neuralretail_dq_checkpoint' retrieved from /opt/airflow/dags/dag_dq_checkpoint.py
[2026-06-03T12:18:40.781+0000] {logging_mixin.py:188} INFO - [2026-06-03T12:18:40.780+0000] {dag.py:3096} INFO - Sync 1 DAGs
[2026-06-03T12:18:40.791+0000] {logging_mixin.py:188} INFO - [2026-06-03T12:18:40.791+0000] {dag.py:3954} INFO - Setting next_dagrun for neuralretail_dq_checkpoint to None, run_after=None
[2026-06-03T12:18:40.816+0000] {processor.py:183} INFO - Processing /opt/airflow/dags/dag_dq_checkpoint.py took 0.155 seconds
[2026-06-03T12:19:11.041+0000] {processor.py:161} INFO - Started process (PID=5266) to work on /opt/airflow/dags/dag_dq_checkpoint.py
[2026-06-03T12:19:11.043+0000] {processor.py:830} INFO - Processing file /opt/airflow/dags/dag_dq_checkpoint.py for tasks to queue
[2026-06-03T12:19:11.046+0000] {logging_mixin.py:188} INFO - [2026-06-03T12:19:11.045+0000] {dagbag.py:540} INFO - Filling up the DagBag from /opt/airflow/dags/dag_dq_checkpoint.py
[2026-06-03T12:19:11.134+0000] {processor.py:840} INFO - DAG(s) 'neuralretail_dq_checkpoint' retrieved from /opt/airflow/dags/dag_dq_checkpoint.py
[2026-06-03T12:19:11.222+0000] {logging_mixin.py:188} INFO - [2026-06-03T12:19:11.222+0000] {dag.py:3096} INFO - Sync 1 DAGs
[2026-06-03T12:19:11.233+0000] {logging_mixin.py:188} INFO - [2026-06-03T12:19:11.233+0000] {dag.py:3954} INFO - Setting next_dagrun for neuralretail_dq_checkpoint to None, run_after=None
[2026-06-03T12:19:11.264+0000] {processor.py:183} INFO - Processing /opt/airflow/dags/dag_dq_checkpoint.py took 0.230 seconds
[2026-06-03T12:19:41.513+0000] {processor.py:161} INFO - Started process (PID=5286) to work on /opt/airflow/dags/dag_dq_checkpoint.py
[2026-06-03T12:19:41.528+0000] {processor.py:830} INFO - Processing file /opt/airflow/dags/dag_dq_checkpoint.py for tasks to queue
[2026-06-03T12:19:41.533+0000] {logging_mixin.py:188} INFO - [2026-06-03T12:19:41.533+0000] {dagbag.py:540} INFO - Filling up the DagBag from /opt/airflow/dags/dag_dq_checkpoint.py
[2026-06-03T12:19:41.670+0000] {processor.py:840} INFO - DAG(s) 'neuralretail_dq_checkpoint' retrieved from /opt/airflow/dags/dag_dq_checkpoint.py
[2026-06-03T12:19:41.759+0000] {logging_mixin.py:188} INFO - [2026-06-03T12:19:41.759+0000] {dag.py:3096} INFO - Sync 1 DAGs
[2026-06-03T12:19:41.775+0000] {logging_mixin.py:188} INFO - [2026-06-03T12:19:41.774+0000] {dag.py:3954} INFO - Setting next_dagrun for neuralretail_dq_checkpoint to None, run_after=None
[2026-06-03T12:19:41.802+0000] {processor.py:183} INFO - Processing /opt/airflow/dags/dag_dq_checkpoint.py took 0.306 seconds
[2026-06-03T12:20:12.308+0000] {processor.py:161} INFO - Started process (PID=5306) to work on /opt/airflow/dags/dag_dq_checkpoint.py
[2026-06-03T12:20:12.328+0000] {processor.py:830} INFO - Processing file /opt/airflow/dags/dag_dq_checkpoint.py for tasks to queue
[2026-06-03T12:20:12.337+0000] {logging_mixin.py:188} INFO - [2026-06-03T12:20:12.336+0000] {dagbag.py:540} INFO - Filling up the DagBag from /opt/airflow/dags/dag_dq_checkpoint.py
[2026-06-03T12:20:12.493+0000] {processor.py:840} INFO - DAG(s) 'neuralretail_dq_checkpoint' retrieved from /opt/airflow/dags/dag_dq_checkpoint.py
[2026-06-03T12:20:12.548+0000] {logging_mixin.py:188} INFO - [2026-06-03T12:20:12.547+0000] {dag.py:3096} INFO - Sync 1 DAGs
[2026-06-03T12:20:12.569+0000] {logging_mixin.py:188} INFO - [2026-06-03T12:20:12.569+0000] {dag.py:3954} INFO - Setting next_dagrun for neuralretail_dq_checkpoint to None, run_after=None
[2026-06-03T12:20:12.608+0000] {processor.py:183} INFO - Processing /opt/airflow/dags/dag_dq_checkpoint.py took 0.307 seconds
[2026-06-03T12:20:42.804+0000] {processor.py:161} INFO - Started process (PID=5326) to work on /opt/airflow/dags/dag_dq_checkpoint.py
[2026-06-03T12:20:42.807+0000] {processor.py:830} INFO - Processing file /opt/airflow/dags/dag_dq_checkpoint.py for tasks to queue
[2026-06-03T12:20:42.814+0000] {logging_mixin.py:188} INFO - [2026-06-03T12:20:42.812+0000] {dagbag.py:540} INFO - Filling up the DagBag from /opt/airflow/dags/dag_dq_checkpoint.py
[2026-06-03T12:20:42.900+0000] {processor.py:840} INFO - DAG(s) 'neuralretail_dq_checkpoint' retrieved from /opt/airflow/dags/dag_dq_checkpoint.py
[2026-06-03T12:20:43.067+0000] {logging_mixin.py:188} INFO - [2026-06-03T12:20:43.067+0000] {dag.py:3096} INFO - Sync 1 DAGs
[2026-06-03T12:20:43.087+0000] {logging_mixin.py:188} INFO - [2026-06-03T12:20:43.087+0000] {dag.py:3954} INFO - Setting next_dagrun for neuralretail_dq_checkpoint to None, run_after=None
[2026-06-03T12:20:43.120+0000] {processor.py:183} INFO - Processing /opt/airflow/dags/dag_dq_checkpoint.py took 0.333 seconds
[2026-06-03T12:21:13.679+0000] {processor.py:161} INFO - Started process (PID=5346) to work on /opt/airflow/dags/dag_dq_checkpoint.py
[2026-06-03T12:21:13.681+0000] {processor.py:830} INFO - Processing file /opt/airflow/dags/dag_dq_checkpoint.py for tasks to queue
[2026-06-03T12:21:13.683+0000] {logging_mixin.py:188} INFO - [2026-06-03T12:21:13.683+0000] {dagbag.py:540} INFO - Filling up the DagBag from /opt/airflow/dags/dag_dq_checkpoint.py
[2026-06-03T12:21:13.750+0000] {processor.py:840} INFO - DAG(s) 'neuralretail_dq_checkpoint' retrieved from /opt/airflow/dags/dag_dq_checkpoint.py
[2026-06-03T12:21:13.817+0000] {logging_mixin.py:188} INFO - [2026-06-03T12:21:13.816+0000] {dag.py:3096} INFO - Sync 1 DAGs
[2026-06-03T12:21:13.831+0000] {logging_mixin.py:188} INFO - [2026-06-03T12:21:13.831+0000] {dag.py:3954} INFO - Setting next_dagrun for neuralretail_dq_checkpoint to None, run_after=None
[2026-06-03T12:21:13.857+0000] {processor.py:183} INFO - Processing /opt/airflow/dags/dag_dq_checkpoint.py took 0.190 seconds
[2026-06-03T12:21:44.180+0000] {processor.py:161} INFO - Started process (PID=5366) to work on /opt/airflow/dags/dag_dq_checkpoint.py
[2026-06-03T12:21:44.181+0000] {processor.py:830} INFO - Processing file /opt/airflow/dags/dag_dq_checkpoint.py for tasks to queue
[2026-06-03T12:21:44.186+0000] {logging_mixin.py:188} INFO - [2026-06-03T12:21:44.185+0000] {dagbag.py:540} INFO - Filling up the DagBag from /opt/airflow/dags/dag_dq_checkpoint.py
[2026-06-03T12:21:44.290+0000] {processor.py:840} INFO - DAG(s) 'neuralretail_dq_checkpoint' retrieved from /opt/airflow/dags/dag_dq_checkpoint.py
[2026-06-03T12:21:44.329+0000] {logging_mixin.py:188} INFO - [2026-06-03T12:21:44.329+0000] {dag.py:3096} INFO - Sync 1 DAGs
[2026-06-03T12:21:44.343+0000] {logging_mixin.py:188} INFO - [2026-06-03T12:21:44.342+0000] {dag.py:3954} INFO - Setting next_dagrun for neuralretail_dq_checkpoint to None, run_after=None
[2026-06-03T12:21:44.362+0000] {processor.py:183} INFO - Processing /opt/airflow/dags/dag_dq_checkpoint.py took 0.189 seconds
[2026-06-03T12:22:14.754+0000] {processor.py:161} INFO - Started process (PID=5386) to work on /opt/airflow/dags/dag_dq_checkpoint.py
[2026-06-03T12:22:14.757+0000] {processor.py:830} INFO - Processing file /opt/airflow/dags/dag_dq_checkpoint.py for tasks to queue
[2026-06-03T12:22:14.763+0000] {logging_mixin.py:188} INFO - [2026-06-03T12:22:14.762+0000] {dagbag.py:540} INFO - Filling up the DagBag from /opt/airflow/dags/dag_dq_checkpoint.py
[2026-06-03T12:22:14.845+0000] {processor.py:840} INFO - DAG(s) 'neuralretail_dq_checkpoint' retrieved from /opt/airflow/dags/dag_dq_checkpoint.py
[2026-06-03T12:22:14.940+0000] {logging_mixin.py:188} INFO - [2026-06-03T12:22:14.940+0000] {dag.py:3096} INFO - Sync 1 DAGs
[2026-06-03T12:22:14.952+0000] {logging_mixin.py:188} INFO - [2026-06-03T12:22:14.952+0000] {dag.py:3954} INFO - Setting next_dagrun for neuralretail_dq_checkpoint to None, run_after=None
[2026-06-03T12:22:14.978+0000] {processor.py:183} INFO - Processing /opt/airflow/dags/dag_dq_checkpoint.py took 0.232 seconds
[2026-06-03T12:22:45.248+0000] {processor.py:161} INFO - Started process (PID=5406) to work on /opt/airflow/dags/dag_dq_checkpoint.py
[2026-06-03T12:22:45.250+0000] {processor.py:830} INFO - Processing file /opt/airflow/dags/dag_dq_checkpoint.py for tasks to queue
[2026-06-03T12:22:45.256+0000] {logging_mixin.py:188} INFO - [2026-06-03T12:22:45.256+0000] {dagbag.py:540} INFO - Filling up the DagBag from /opt/airflow/dags/dag_dq_checkpoint.py
[2026-06-03T12:22:45.418+0000] {processor.py:840} INFO - DAG(s) 'neuralretail_dq_checkpoint' retrieved from /opt/airflow/dags/dag_dq_checkpoint.py
[2026-06-03T12:22:45.524+0000] {logging_mixin.py:188} INFO - [2026-06-03T12:22:45.524+0000] {dag.py:3096} INFO - Sync 1 DAGs
[2026-06-03T12:22:45.543+0000] {logging_mixin.py:188} INFO - [2026-06-03T12:22:45.543+0000] {dag.py:3954} INFO - Setting next_dagrun for neuralretail_dq_checkpoint to None, run_after=None
[2026-06-03T12:22:45.577+0000] {processor.py:183} INFO - Processing /opt/airflow/dags/dag_dq_checkpoint.py took 0.337 seconds
[2026-06-03T12:23:15.868+0000] {processor.py:161} INFO - Started process (PID=5426) to work on /opt/airflow/dags/dag_dq_checkpoint.py
[2026-06-03T12:23:15.880+0000] {processor.py:830} INFO - Processing file /opt/airflow/dags/dag_dq_checkpoint.py for tasks to queue
[2026-06-03T12:23:15.890+0000] {logging_mixin.py:188} INFO - [2026-06-03T12:23:15.889+0000] {dagbag.py:540} INFO - Filling up the DagBag from /opt/airflow/dags/dag_dq_checkpoint.py
[2026-06-03T12:23:16.130+0000] {processor.py:840} INFO - DAG(s) 'neuralretail_dq_checkpoint' retrieved from /opt/airflow/dags/dag_dq_checkpoint.py
[2026-06-03T12:23:16.215+0000] {logging_mixin.py:188} INFO - [2026-06-03T12:23:16.214+0000] {dag.py:3096} INFO - Sync 1 DAGs
[2026-06-03T12:23:16.236+0000] {logging_mixin.py:188} INFO - [2026-06-03T12:23:16.236+0000] {dag.py:3954} INFO - Setting next_dagrun for neuralretail_dq_checkpoint to None, run_after=None
[2026-06-03T12:23:16.281+0000] {processor.py:183} INFO - Processing /opt/airflow/dags/dag_dq_checkpoint.py took 0.423 seconds
[2026-06-03T12:23:46.856+0000] {processor.py:161} INFO - Started process (PID=5446) to work on /opt/airflow/dags/dag_dq_checkpoint.py
[2026-06-03T12:23:46.867+0000] {processor.py:830} INFO - Processing file /opt/airflow/dags/dag_dq_checkpoint.py for tasks to queue
[2026-06-03T12:23:46.871+0000] {logging_mixin.py:188} INFO - [2026-06-03T12:23:46.871+0000] {dagbag.py:540} INFO - Filling up the DagBag from /opt/airflow/dags/dag_dq_checkpoint.py
[2026-06-03T12:23:46.959+0000] {processor.py:840} INFO - DAG(s) 'neuralretail_dq_checkpoint' retrieved from /opt/airflow/dags/dag_dq_checkpoint.py
[2026-06-03T12:23:47.003+0000] {logging_mixin.py:188} INFO - [2026-06-03T12:23:47.002+0000] {dag.py:3096} INFO - Sync 1 DAGs
[2026-06-03T12:23:47.015+0000] {logging_mixin.py:188} INFO - [2026-06-03T12:23:47.015+0000] {dag.py:3954} INFO - Setting next_dagrun for neuralretail_dq_checkpoint to None, run_after=None
[2026-06-03T12:23:47.036+0000] {processor.py:183} INFO - Processing /opt/airflow/dags/dag_dq_checkpoint.py took 0.185 seconds
[2026-06-03T12:24:17.243+0000] {processor.py:161} INFO - Started process (PID=5466) to work on /opt/airflow/dags/dag_dq_checkpoint.py
[2026-06-03T12:24:17.250+0000] {processor.py:830} INFO - Processing file /opt/airflow/dags/dag_dq_checkpoint.py for tasks to queue
[2026-06-03T12:24:17.255+0000] {logging_mixin.py:188} INFO - [2026-06-03T12:24:17.255+0000] {dagbag.py:540} INFO - Filling up the DagBag from /opt/airflow/dags/dag_dq_checkpoint.py
[2026-06-03T12:24:17.321+0000] {processor.py:840} INFO - DAG(s) 'neuralretail_dq_checkpoint' retrieved from /opt/airflow/dags/dag_dq_checkpoint.py
[2026-06-03T12:24:17.367+0000] {logging_mixin.py:188} INFO - [2026-06-03T12:24:17.367+0000] {dag.py:3096} INFO - Sync 1 DAGs
[2026-06-03T12:24:17.377+0000] {logging_mixin.py:188} INFO - [2026-06-03T12:24:17.377+0000] {dag.py:3954} INFO - Setting next_dagrun for neuralretail_dq_checkpoint to None, run_after=None
[2026-06-03T12:24:17.394+0000] {processor.py:183} INFO - Processing /opt/airflow/dags/dag_dq_checkpoint.py took 0.161 seconds
[2026-06-03T12:24:47.736+0000] {processor.py:161} INFO - Started process (PID=5486) to work on /opt/airflow/dags/dag_dq_checkpoint.py
[2026-06-03T12:24:47.738+0000] {processor.py:830} INFO - Processing file /opt/airflow/dags/dag_dq_checkpoint.py for tasks to queue
[2026-06-03T12:24:47.742+0000] {logging_mixin.py:188} INFO - [2026-06-03T12:24:47.741+0000] {dagbag.py:540} INFO - Filling up the DagBag from /opt/airflow/dags/dag_dq_checkpoint.py
[2026-06-03T12:24:47.801+0000] {processor.py:840} INFO - DAG(s) 'neuralretail_dq_checkpoint' retrieved from /opt/airflow/dags/dag_dq_checkpoint.py
[2026-06-03T12:24:47.890+0000] {logging_mixin.py:188} INFO - [2026-06-03T12:24:47.890+0000] {dag.py:3096} INFO - Sync 1 DAGs
[2026-06-03T12:24:47.913+0000] {logging_mixin.py:188} INFO - [2026-06-03T12:24:47.912+0000] {dag.py:3954} INFO - Setting next_dagrun for neuralretail_dq_checkpoint to None, run_after=None
[2026-06-03T12:24:47.948+0000] {processor.py:183} INFO - Processing /opt/airflow/dags/dag_dq_checkpoint.py took 0.218 seconds
[2026-06-03T12:25:18.219+0000] {processor.py:161} INFO - Started process (PID=5506) to work on /opt/airflow/dags/dag_dq_checkpoint.py
[2026-06-03T12:25:18.223+0000] {processor.py:830} INFO - Processing file /opt/airflow/dags/dag_dq_checkpoint.py for tasks to queue
[2026-06-03T12:25:18.226+0000] {logging_mixin.py:188} INFO - [2026-06-03T12:25:18.225+0000] {dagbag.py:540} INFO - Filling up the DagBag from /opt/airflow/dags/dag_dq_checkpoint.py
[2026-06-03T12:25:18.276+0000] {processor.py:840} INFO - DAG(s) 'neuralretail_dq_checkpoint' retrieved from /opt/airflow/dags/dag_dq_checkpoint.py
[2026-06-03T12:25:18.310+0000] {logging_mixin.py:188} INFO - [2026-06-03T12:25:18.310+0000] {dag.py:3096} INFO - Sync 1 DAGs
[2026-06-03T12:25:18.322+0000] {logging_mixin.py:188} INFO - [2026-06-03T12:25:18.321+0000] {dag.py:3954} INFO - Setting next_dagrun for neuralretail_dq_checkpoint to None, run_after=None
[2026-06-03T12:25:18.343+0000] {processor.py:183} INFO - Processing /opt/airflow/dags/dag_dq_checkpoint.py took 0.131 seconds
[2026-06-03T12:25:48.853+0000] {processor.py:161} INFO - Started process (PID=5526) to work on /opt/airflow/dags/dag_dq_checkpoint.py
[2026-06-03T12:25:48.856+0000] {processor.py:830} INFO - Processing file /opt/airflow/dags/dag_dq_checkpoint.py for tasks to queue
[2026-06-03T12:25:48.860+0000] {logging_mixin.py:188} INFO - [2026-06-03T12:25:48.859+0000] {dagbag.py:540} INFO - Filling up the DagBag from /opt/airflow/dags/dag_dq_checkpoint.py
[2026-06-03T12:25:48.907+0000] {processor.py:840} INFO - DAG(s) 'neuralretail_dq_checkpoint' retrieved from /opt/airflow/dags/dag_dq_checkpoint.py
[2026-06-03T12:25:48.948+0000] {logging_mixin.py:188} INFO - [2026-06-03T12:25:48.947+0000] {dag.py:3096} INFO - Sync 1 DAGs
[2026-06-03T12:25:48.961+0000] {logging_mixin.py:188} INFO - [2026-06-03T12:25:48.961+0000] {dag.py:3954} INFO - Setting next_dagrun for neuralretail_dq_checkpoint to None, run_after=None
[2026-06-03T12:25:48.988+0000] {processor.py:183} INFO - Processing /opt/airflow/dags/dag_dq_checkpoint.py took 0.141 seconds
[2026-06-03T12:26:19.385+0000] {processor.py:161} INFO - Started process (PID=5546) to work on /opt/airflow/dags/dag_dq_checkpoint.py
[2026-06-03T12:26:19.387+0000] {processor.py:830} INFO - Processing file /opt/airflow/dags/dag_dq_checkpoint.py for tasks to queue
[2026-06-03T12:26:19.389+0000] {logging_mixin.py:188} INFO - [2026-06-03T12:26:19.389+0000] {dagbag.py:540} INFO - Filling up the DagBag from /opt/airflow/dags/dag_dq_checkpoint.py
[2026-06-03T12:26:19.437+0000] {processor.py:840} INFO - DAG(s) 'neuralretail_dq_checkpoint' retrieved from /opt/airflow/dags/dag_dq_checkpoint.py
[2026-06-03T12:26:19.481+0000] {logging_mixin.py:188} INFO - [2026-06-03T12:26:19.481+0000] {dag.py:3096} INFO - Sync 1 DAGs
[2026-06-03T12:26:19.493+0000] {logging_mixin.py:188} INFO - [2026-06-03T12:26:19.493+0000] {dag.py:3954} INFO - Setting next_dagrun for neuralretail_dq_checkpoint to None, run_after=None
[2026-06-03T12:26:19.518+0000] {processor.py:183} INFO - Processing /opt/airflow/dags/dag_dq_checkpoint.py took 0.139 seconds
[2026-06-03T12:26:50.158+0000] {processor.py:161} INFO - Started process (PID=5566) to work on /opt/airflow/dags/dag_dq_checkpoint.py
[2026-06-03T12:26:50.160+0000] {processor.py:830} INFO - Processing file /opt/airflow/dags/dag_dq_checkpoint.py for tasks to queue
[2026-06-03T12:26:50.163+0000] {logging_mixin.py:188} INFO - [2026-06-03T12:26:50.162+0000] {dagbag.py:540} INFO - Filling up the DagBag from /opt/airflow/dags/dag_dq_checkpoint.py
[2026-06-03T12:26:50.288+0000] {processor.py:840} INFO - DAG(s) 'neuralretail_dq_checkpoint' retrieved from /opt/airflow/dags/dag_dq_checkpoint.py
[2026-06-03T12:26:50.353+0000] {logging_mixin.py:188} INFO - [2026-06-03T12:26:50.353+0000] {dag.py:3096} INFO - Sync 1 DAGs
[2026-06-03T12:26:50.374+0000] {logging_mixin.py:188} INFO - [2026-06-03T12:26:50.374+0000] {dag.py:3954} INFO - Setting next_dagrun for neuralretail_dq_checkpoint to None, run_after=None
[2026-06-03T12:26:50.436+0000] {processor.py:183} INFO - Processing /opt/airflow/dags/dag_dq_checkpoint.py took 0.286 seconds
[2026-06-03T12:27:21.133+0000] {processor.py:161} INFO - Started process (PID=5586) to work on /opt/airflow/dags/dag_dq_checkpoint.py
[2026-06-03T12:27:21.141+0000] {processor.py:830} INFO - Processing file /opt/airflow/dags/dag_dq_checkpoint.py for tasks to queue
[2026-06-03T12:27:21.150+0000] {logging_mixin.py:188} INFO - [2026-06-03T12:27:21.149+0000] {dagbag.py:540} INFO - Filling up the DagBag from /opt/airflow/dags/dag_dq_checkpoint.py
[2026-06-03T12:27:21.424+0000] {processor.py:840} INFO - DAG(s) 'neuralretail_dq_checkpoint' retrieved from /opt/airflow/dags/dag_dq_checkpoint.py
[2026-06-03T12:27:21.477+0000] {logging_mixin.py:188} INFO - [2026-06-03T12:27:21.476+0000] {dag.py:3096} INFO - Sync 1 DAGs
[2026-06-03T12:27:21.493+0000] {logging_mixin.py:188} INFO - [2026-06-03T12:27:21.493+0000] {dag.py:3954} INFO - Setting next_dagrun for neuralretail_dq_checkpoint to None, run_after=None
[2026-06-03T12:27:21.536+0000] {processor.py:183} INFO - Processing /opt/airflow/dags/dag_dq_checkpoint.py took 0.415 seconds
[2026-06-03T12:27:52.007+0000] {processor.py:161} INFO - Started process (PID=5606) to work on /opt/airflow/dags/dag_dq_checkpoint.py
[2026-06-03T12:27:52.010+0000] {processor.py:830} INFO - Processing file /opt/airflow/dags/dag_dq_checkpoint.py for tasks to queue
[2026-06-03T12:27:52.013+0000] {logging_mixin.py:188} INFO - [2026-06-03T12:27:52.013+0000] {dagbag.py:540} INFO - Filling up the DagBag from /opt/airflow/dags/dag_dq_checkpoint.py
[2026-06-03T12:27:52.083+0000] {processor.py:840} INFO - DAG(s) 'neuralretail_dq_checkpoint' retrieved from /opt/airflow/dags/dag_dq_checkpoint.py
[2026-06-03T12:27:52.213+0000] {logging_mixin.py:188} INFO - [2026-06-03T12:27:52.213+0000] {dag.py:3096} INFO - Sync 1 DAGs
[2026-06-03T12:27:52.229+0000] {logging_mixin.py:188} INFO - [2026-06-03T12:27:52.229+0000] {dag.py:3954} INFO - Setting next_dagrun for neuralretail_dq_checkpoint to None, run_after=None
[2026-06-03T12:27:52.284+0000] {processor.py:183} INFO - Processing /opt/airflow/dags/dag_dq_checkpoint.py took 0.285 seconds
[2026-06-03T12:28:22.447+0000] {processor.py:161} INFO - Started process (PID=5626) to work on /opt/airflow/dags/dag_dq_checkpoint.py
[2026-06-03T12:28:22.452+0000] {processor.py:830} INFO - Processing file /opt/airflow/dags/dag_dq_checkpoint.py for tasks to queue
[2026-06-03T12:28:22.457+0000] {logging_mixin.py:188} INFO - [2026-06-03T12:28:22.457+0000] {dagbag.py:540} INFO - Filling up the DagBag from /opt/airflow/dags/dag_dq_checkpoint.py
[2026-06-03T12:28:22.548+0000] {processor.py:840} INFO - DAG(s) 'neuralretail_dq_checkpoint' retrieved from /opt/airflow/dags/dag_dq_checkpoint.py
[2026-06-03T12:28:22.621+0000] {logging_mixin.py:188} INFO - [2026-06-03T12:28:22.621+0000] {dag.py:3096} INFO - Sync 1 DAGs
[2026-06-03T12:28:22.642+0000] {logging_mixin.py:188} INFO - [2026-06-03T12:28:22.642+0000] {dag.py:3954} INFO - Setting next_dagrun for neuralretail_dq_checkpoint to None, run_after=None
[2026-06-03T12:28:22.706+0000] {processor.py:183} INFO - Processing /opt/airflow/dags/dag_dq_checkpoint.py took 0.267 seconds
[2026-06-03T12:28:53.224+0000] {processor.py:161} INFO - Started process (PID=5646) to work on /opt/airflow/dags/dag_dq_checkpoint.py
[2026-06-03T12:28:53.227+0000] {processor.py:830} INFO - Processing file /opt/airflow/dags/dag_dq_checkpoint.py for tasks to queue
[2026-06-03T12:28:53.230+0000] {logging_mixin.py:188} INFO - [2026-06-03T12:28:53.230+0000] {dagbag.py:540} INFO - Filling up the DagBag from /opt/airflow/dags/dag_dq_checkpoint.py
[2026-06-03T12:28:53.306+0000] {processor.py:840} INFO - DAG(s) 'neuralretail_dq_checkpoint' retrieved from /opt/airflow/dags/dag_dq_checkpoint.py
[2026-06-03T12:28:53.458+0000] {logging_mixin.py:188} INFO - [2026-06-03T12:28:53.457+0000] {dag.py:3096} INFO - Sync 1 DAGs
[2026-06-03T12:28:53.477+0000] {logging_mixin.py:188} INFO - [2026-06-03T12:28:53.477+0000] {dag.py:3954} INFO - Setting next_dagrun for neuralretail_dq_checkpoint to None, run_after=None
[2026-06-03T12:28:53.501+0000] {processor.py:183} INFO - Processing /opt/airflow/dags/dag_dq_checkpoint.py took 0.293 seconds
[2026-06-03T12:29:23.779+0000] {processor.py:161} INFO - Started process (PID=5666) to work on /opt/airflow/dags/dag_dq_checkpoint.py
[2026-06-03T12:29:23.783+0000] {processor.py:830} INFO - Processing file /opt/airflow/dags/dag_dq_checkpoint.py for tasks to queue
[2026-06-03T12:29:23.789+0000] {logging_mixin.py:188} INFO - [2026-06-03T12:29:23.788+0000] {dagbag.py:540} INFO - Filling up the DagBag from /opt/airflow/dags/dag_dq_checkpoint.py
[2026-06-03T12:29:23.930+0000] {processor.py:840} INFO - DAG(s) 'neuralretail_dq_checkpoint' retrieved from /opt/airflow/dags/dag_dq_checkpoint.py
[2026-06-03T12:29:24.070+0000] {logging_mixin.py:188} INFO - [2026-06-03T12:29:24.070+0000] {dag.py:3096} INFO - Sync 1 DAGs
[2026-06-03T12:29:24.084+0000] {logging_mixin.py:188} INFO - [2026-06-03T12:29:24.084+0000] {dag.py:3954} INFO - Setting next_dagrun for neuralretail_dq_checkpoint to None, run_after=None
[2026-06-03T12:29:24.108+0000] {processor.py:183} INFO - Processing /opt/airflow/dags/dag_dq_checkpoint.py took 0.347 seconds
[2026-06-03T12:29:54.496+0000] {processor.py:161} INFO - Started process (PID=5686) to work on /opt/airflow/dags/dag_dq_checkpoint.py
[2026-06-03T12:29:54.498+0000] {processor.py:830} INFO - Processing file /opt/airflow/dags/dag_dq_checkpoint.py for tasks to queue
[2026-06-03T12:29:54.505+0000] {logging_mixin.py:188} INFO - [2026-06-03T12:29:54.504+0000] {dagbag.py:540} INFO - Filling up the DagBag from /opt/airflow/dags/dag_dq_checkpoint.py
[2026-06-03T12:29:54.579+0000] {processor.py:840} INFO - DAG(s) 'neuralretail_dq_checkpoint' retrieved from /opt/airflow/dags/dag_dq_checkpoint.py
[2026-06-03T12:29:54.661+0000] {logging_mixin.py:188} INFO - [2026-06-03T12:29:54.661+0000] {dag.py:3096} INFO - Sync 1 DAGs
[2026-06-03T12:29:54.687+0000] {logging_mixin.py:188} INFO - [2026-06-03T12:29:54.687+0000] {dag.py:3954} INFO - Setting next_dagrun for neuralretail_dq_checkpoint to None, run_after=None
[2026-06-03T12:29:54.738+0000] {processor.py:183} INFO - Processing /opt/airflow/dags/dag_dq_checkpoint.py took 0.257 seconds
[2026-06-03T12:30:25.030+0000] {processor.py:161} INFO - Started process (PID=5706) to work on /opt/airflow/dags/dag_dq_checkpoint.py
[2026-06-03T12:30:25.032+0000] {processor.py:830} INFO - Processing file /opt/airflow/dags/dag_dq_checkpoint.py for tasks to queue
[2026-06-03T12:30:25.037+0000] {logging_mixin.py:188} INFO - [2026-06-03T12:30:25.036+0000] {dagbag.py:540} INFO - Filling up the DagBag from /opt/airflow/dags/dag_dq_checkpoint.py
[2026-06-03T12:30:25.106+0000] {processor.py:840} INFO - DAG(s) 'neuralretail_dq_checkpoint' retrieved from /opt/airflow/dags/dag_dq_checkpoint.py
[2026-06-03T12:30:25.155+0000] {logging_mixin.py:188} INFO - [2026-06-03T12:30:25.154+0000] {dag.py:3096} INFO - Sync 1 DAGs
[2026-06-03T12:30:25.168+0000] {logging_mixin.py:188} INFO - [2026-06-03T12:30:25.168+0000] {dag.py:3954} INFO - Setting next_dagrun for neuralretail_dq_checkpoint to None, run_after=None
[2026-06-03T12:30:25.188+0000] {processor.py:183} INFO - Processing /opt/airflow/dags/dag_dq_checkpoint.py took 0.174 seconds
[2026-06-03T12:30:55.577+0000] {processor.py:161} INFO - Started process (PID=5726) to work on /opt/airflow/dags/dag_dq_checkpoint.py
[2026-06-03T12:30:55.581+0000] {processor.py:830} INFO - Processing file /opt/airflow/dags/dag_dq_checkpoint.py for tasks to queue
[2026-06-03T12:30:55.586+0000] {logging_mixin.py:188} INFO - [2026-06-03T12:30:55.585+0000] {dagbag.py:540} INFO - Filling up the DagBag from /opt/airflow/dags/dag_dq_checkpoint.py
[2026-06-03T12:30:55.679+0000] {processor.py:840} INFO - DAG(s) 'neuralretail_dq_checkpoint' retrieved from /opt/airflow/dags/dag_dq_checkpoint.py
[2026-06-03T12:30:55.755+0000] {logging_mixin.py:188} INFO - [2026-06-03T12:30:55.755+0000] {dag.py:3096} INFO - Sync 1 DAGs
[2026-06-03T12:30:55.790+0000] {logging_mixin.py:188} INFO - [2026-06-03T12:30:55.790+0000] {dag.py:3954} INFO - Setting next_dagrun for neuralretail_dq_checkpoint to None, run_after=None
[2026-06-03T12:30:55.825+0000] {processor.py:183} INFO - Processing /opt/airflow/dags/dag_dq_checkpoint.py took 0.265 seconds
[2026-06-03T12:31:26.284+0000] {processor.py:161} INFO - Started process (PID=5746) to work on /opt/airflow/dags/dag_dq_checkpoint.py
[2026-06-03T12:31:26.286+0000] {processor.py:830} INFO - Processing file /opt/airflow/dags/dag_dq_checkpoint.py for tasks to queue
[2026-06-03T12:31:26.288+0000] {logging_mixin.py:188} INFO - [2026-06-03T12:31:26.287+0000] {dagbag.py:540} INFO - Filling up the DagBag from /opt/airflow/dags/dag_dq_checkpoint.py
[2026-06-03T12:31:26.330+0000] {processor.py:840} INFO - DAG(s) 'neuralretail_dq_checkpoint' retrieved from /opt/airflow/dags/dag_dq_checkpoint.py
[2026-06-03T12:31:26.391+0000] {logging_mixin.py:188} INFO - [2026-06-03T12:31:26.391+0000] {dag.py:3096} INFO - Sync 1 DAGs
[2026-06-03T12:31:26.412+0000] {logging_mixin.py:188} INFO - [2026-06-03T12:31:26.411+0000] {dag.py:3954} INFO - Setting next_dagrun for neuralretail_dq_checkpoint to None, run_after=None
[2026-06-03T12:31:26.439+0000] {processor.py:183} INFO - Processing /opt/airflow/dags/dag_dq_checkpoint.py took 0.160 seconds
[2026-06-03T12:31:56.740+0000] {processor.py:161} INFO - Started process (PID=5766) to work on /opt/airflow/dags/dag_dq_checkpoint.py
[2026-06-03T12:31:56.743+0000] {processor.py:830} INFO - Processing file /opt/airflow/dags/dag_dq_checkpoint.py for tasks to queue
[2026-06-03T12:31:56.745+0000] {logging_mixin.py:188} INFO - [2026-06-03T12:31:56.745+0000] {dagbag.py:540} INFO - Filling up the DagBag from /opt/airflow/dags/dag_dq_checkpoint.py
[2026-06-03T12:31:56.832+0000] {processor.py:840} INFO - DAG(s) 'neuralretail_dq_checkpoint' retrieved from /opt/airflow/dags/dag_dq_checkpoint.py
[2026-06-03T12:31:56.947+0000] {logging_mixin.py:188} INFO - [2026-06-03T12:31:56.947+0000] {dag.py:3096} INFO - Sync 1 DAGs
[2026-06-03T12:31:56.964+0000] {logging_mixin.py:188} INFO - [2026-06-03T12:31:56.964+0000] {dag.py:3954} INFO - Setting next_dagrun for neuralretail_dq_checkpoint to None, run_after=None
[2026-06-03T12:31:56.992+0000] {processor.py:183} INFO - Processing /opt/airflow/dags/dag_dq_checkpoint.py took 0.259 seconds
[2026-06-03T12:32:27.265+0000] {processor.py:161} INFO - Started process (PID=5786) to work on /opt/airflow/dags/dag_dq_checkpoint.py
[2026-06-03T12:32:27.268+0000] {processor.py:830} INFO - Processing file /opt/airflow/dags/dag_dq_checkpoint.py for tasks to queue
[2026-06-03T12:32:27.273+0000] {logging_mixin.py:188} INFO - [2026-06-03T12:32:27.272+0000] {dagbag.py:540} INFO - Filling up the DagBag from /opt/airflow/dags/dag_dq_checkpoint.py
[2026-06-03T12:32:27.439+0000] {processor.py:840} INFO - DAG(s) 'neuralretail_dq_checkpoint' retrieved from /opt/airflow/dags/dag_dq_checkpoint.py
[2026-06-03T12:32:27.537+0000] {logging_mixin.py:188} INFO - [2026-06-03T12:32:27.537+0000] {dag.py:3096} INFO - Sync 1 DAGs
[2026-06-03T12:32:27.552+0000] {logging_mixin.py:188} INFO - [2026-06-03T12:32:27.552+0000] {dag.py:3954} INFO - Setting next_dagrun for neuralretail_dq_checkpoint to None, run_after=None
[2026-06-03T12:32:27.574+0000] {processor.py:183} INFO - Processing /opt/airflow/dags/dag_dq_checkpoint.py took 0.314 seconds
[2026-06-03T12:32:58.024+0000] {processor.py:161} INFO - Started process (PID=5806) to work on /opt/airflow/dags/dag_dq_checkpoint.py
[2026-06-03T12:32:58.028+0000] {processor.py:830} INFO - Processing file /opt/airflow/dags/dag_dq_checkpoint.py for tasks to queue
[2026-06-03T12:32:58.031+0000] {logging_mixin.py:188} INFO - [2026-06-03T12:32:58.030+0000] {dagbag.py:540} INFO - Filling up the DagBag from /opt/airflow/dags/dag_dq_checkpoint.py
[2026-06-03T12:32:58.193+0000] {processor.py:840} INFO - DAG(s) 'neuralretail_dq_checkpoint' retrieved from /opt/airflow/dags/dag_dq_checkpoint.py
[2026-06-03T12:32:58.293+0000] {logging_mixin.py:188} INFO - [2026-06-03T12:32:58.293+0000] {dag.py:3096} INFO - Sync 1 DAGs
[2026-06-03T12:32:58.319+0000] {logging_mixin.py:188} INFO - [2026-06-03T12:32:58.319+0000] {dag.py:3954} INFO - Setting next_dagrun for neuralretail_dq_checkpoint to None, run_after=None
[2026-06-03T12:32:58.382+0000] {processor.py:183} INFO - Processing /opt/airflow/dags/dag_dq_checkpoint.py took 0.363 seconds
[2026-06-03T12:33:28.912+0000] {processor.py:161} INFO - Started process (PID=5826) to work on /opt/airflow/dags/dag_dq_checkpoint.py
[2026-06-03T12:33:28.915+0000] {processor.py:830} INFO - Processing file /opt/airflow/dags/dag_dq_checkpoint.py for tasks to queue
[2026-06-03T12:33:28.920+0000] {logging_mixin.py:188} INFO - [2026-06-03T12:33:28.920+0000] {dagbag.py:540} INFO - Filling up the DagBag from /opt/airflow/dags/dag_dq_checkpoint.py
[2026-06-03T12:33:29.008+0000] {processor.py:840} INFO - DAG(s) 'neuralretail_dq_checkpoint' retrieved from /opt/airflow/dags/dag_dq_checkpoint.py
[2026-06-03T12:33:29.052+0000] {logging_mixin.py:188} INFO - [2026-06-03T12:33:29.052+0000] {dag.py:3096} INFO - Sync 1 DAGs
[2026-06-03T12:33:29.066+0000] {logging_mixin.py:188} INFO - [2026-06-03T12:33:29.066+0000] {dag.py:3954} INFO - Setting next_dagrun for neuralretail_dq_checkpoint to None, run_after=None
[2026-06-03T12:33:29.089+0000] {processor.py:183} INFO - Processing /opt/airflow/dags/dag_dq_checkpoint.py took 0.187 seconds
[2026-06-03T12:33:59.251+0000] {processor.py:161} INFO - Started process (PID=5846) to work on /opt/airflow/dags/dag_dq_checkpoint.py
[2026-06-03T12:33:59.251+0000] {processor.py:830} INFO - Processing file /opt/airflow/dags/dag_dq_checkpoint.py for tasks to queue
[2026-06-03T12:33:59.254+0000] {logging_mixin.py:188} INFO - [2026-06-03T12:33:59.253+0000] {dagbag.py:540} INFO - Filling up the DagBag from /opt/airflow/dags/dag_dq_checkpoint.py
[2026-06-03T12:33:59.316+0000] {processor.py:840} INFO - DAG(s) 'neuralretail_dq_checkpoint' retrieved from /opt/airflow/dags/dag_dq_checkpoint.py
[2026-06-03T12:33:59.366+0000] {logging_mixin.py:188} INFO - [2026-06-03T12:33:59.366+0000] {dag.py:3096} INFO - Sync 1 DAGs
[2026-06-03T12:33:59.381+0000] {logging_mixin.py:188} INFO - [2026-06-03T12:33:59.381+0000] {dag.py:3954} INFO - Setting next_dagrun for neuralretail_dq_checkpoint to None, run_after=None
[2026-06-03T12:33:59.420+0000] {processor.py:183} INFO - Processing /opt/airflow/dags/dag_dq_checkpoint.py took 0.177 seconds
[2026-06-03T12:34:29.673+0000] {processor.py:161} INFO - Started process (PID=5866) to work on /opt/airflow/dags/dag_dq_checkpoint.py
[2026-06-03T12:34:29.675+0000] {processor.py:830} INFO - Processing file /opt/airflow/dags/dag_dq_checkpoint.py for tasks to queue
[2026-06-03T12:34:29.677+0000] {logging_mixin.py:188} INFO - [2026-06-03T12:34:29.677+0000] {dagbag.py:540} INFO - Filling up the DagBag from /opt/airflow/dags/dag_dq_checkpoint.py
[2026-06-03T12:34:29.742+0000] {processor.py:840} INFO - DAG(s) 'neuralretail_dq_checkpoint' retrieved from /opt/airflow/dags/dag_dq_checkpoint.py
[2026-06-03T12:34:29.806+0000] {logging_mixin.py:188} INFO - [2026-06-03T12:34:29.806+0000] {dag.py:3096} INFO - Sync 1 DAGs
[2026-06-03T12:34:29.823+0000] {logging_mixin.py:188} INFO - [2026-06-03T12:34:29.823+0000] {dag.py:3954} INFO - Setting next_dagrun for neuralretail_dq_checkpoint to None, run_after=None
[2026-06-03T12:34:29.851+0000] {processor.py:183} INFO - Processing /opt/airflow/dags/dag_dq_checkpoint.py took 0.184 seconds
[2026-06-03T12:35:00.507+0000] {processor.py:161} INFO - Started process (PID=5886) to work on /opt/airflow/dags/dag_dq_checkpoint.py
[2026-06-03T12:35:00.526+0000] {processor.py:830} INFO - Processing file /opt/airflow/dags/dag_dq_checkpoint.py for tasks to queue
[2026-06-03T12:35:00.543+0000] {logging_mixin.py:188} INFO - [2026-06-03T12:35:00.542+0000] {dagbag.py:540} INFO - Filling up the DagBag from /opt/airflow/dags/dag_dq_checkpoint.py
[2026-06-03T12:35:00.671+0000] {processor.py:840} INFO - DAG(s) 'neuralretail_dq_checkpoint' retrieved from /opt/airflow/dags/dag_dq_checkpoint.py
[2026-06-03T12:35:00.788+0000] {logging_mixin.py:188} INFO - [2026-06-03T12:35:00.788+0000] {dag.py:3096} INFO - Sync 1 DAGs
[2026-06-03T12:35:00.800+0000] {logging_mixin.py:188} INFO - [2026-06-03T12:35:00.799+0000] {dag.py:3954} INFO - Setting next_dagrun for neuralretail_dq_checkpoint to None, run_after=None
[2026-06-03T12:35:00.818+0000] {processor.py:183} INFO - Processing /opt/airflow/dags/dag_dq_checkpoint.py took 0.335 seconds
[2026-06-03T12:35:31.120+0000] {processor.py:161} INFO - Started process (PID=5906) to work on /opt/airflow/dags/dag_dq_checkpoint.py
[2026-06-03T12:35:31.123+0000] {processor.py:830} INFO - Processing file /opt/airflow/dags/dag_dq_checkpoint.py for tasks to queue
[2026-06-03T12:35:31.126+0000] {logging_mixin.py:188} INFO - [2026-06-03T12:35:31.126+0000] {dagbag.py:540} INFO - Filling up the DagBag from /opt/airflow/dags/dag_dq_checkpoint.py
[2026-06-03T12:35:31.174+0000] {processor.py:840} INFO - DAG(s) 'neuralretail_dq_checkpoint' retrieved from /opt/airflow/dags/dag_dq_checkpoint.py
[2026-06-03T12:35:31.213+0000] {logging_mixin.py:188} INFO - [2026-06-03T12:35:31.213+0000] {dag.py:3096} INFO - Sync 1 DAGs
[2026-06-03T12:35:31.224+0000] {logging_mixin.py:188} INFO - [2026-06-03T12:35:31.223+0000] {dag.py:3954} INFO - Setting next_dagrun for neuralretail_dq_checkpoint to None, run_after=None
[2026-06-03T12:35:31.244+0000] {processor.py:183} INFO - Processing /opt/airflow/dags/dag_dq_checkpoint.py took 0.130 seconds
[2026-06-03T12:36:01.652+0000] {processor.py:161} INFO - Started process (PID=5926) to work on /opt/airflow/dags/dag_dq_checkpoint.py
[2026-06-03T12:36:01.654+0000] {processor.py:830} INFO - Processing file /opt/airflow/dags/dag_dq_checkpoint.py for tasks to queue
[2026-06-03T12:36:01.656+0000] {logging_mixin.py:188} INFO - [2026-06-03T12:36:01.656+0000] {dagbag.py:540} INFO - Filling up the DagBag from /opt/airflow/dags/dag_dq_checkpoint.py
[2026-06-03T12:36:01.815+0000] {processor.py:840} INFO - DAG(s) 'neuralretail_dq_checkpoint' retrieved from /opt/airflow/dags/dag_dq_checkpoint.py
[2026-06-03T12:36:01.908+0000] {logging_mixin.py:188} INFO - [2026-06-03T12:36:01.907+0000] {dag.py:3096} INFO - Sync 1 DAGs
[2026-06-03T12:36:01.937+0000] {logging_mixin.py:188} INFO - [2026-06-03T12:36:01.936+0000] {dag.py:3954} INFO - Setting next_dagrun for neuralretail_dq_checkpoint to None, run_after=None
[2026-06-03T12:36:01.988+0000] {processor.py:183} INFO - Processing /opt/airflow/dags/dag_dq_checkpoint.py took 0.342 seconds
[2026-06-03T12:36:32.254+0000] {processor.py:161} INFO - Started process (PID=5946) to work on /opt/airflow/dags/dag_dq_checkpoint.py
[2026-06-03T12:36:32.257+0000] {processor.py:830} INFO - Processing file /opt/airflow/dags/dag_dq_checkpoint.py for tasks to queue
[2026-06-03T12:36:32.259+0000] {logging_mixin.py:188} INFO - [2026-06-03T12:36:32.259+0000] {dagbag.py:540} INFO - Filling up the DagBag from /opt/airflow/dags/dag_dq_checkpoint.py
[2026-06-03T12:36:32.338+0000] {processor.py:840} INFO - DAG(s) 'neuralretail_dq_checkpoint' retrieved from /opt/airflow/dags/dag_dq_checkpoint.py
[2026-06-03T12:36:32.393+0000] {logging_mixin.py:188} INFO - [2026-06-03T12:36:32.393+0000] {dag.py:3096} INFO - Sync 1 DAGs
[2026-06-03T12:36:32.406+0000] {logging_mixin.py:188} INFO - [2026-06-03T12:36:32.406+0000] {dag.py:3954} INFO - Setting next_dagrun for neuralretail_dq_checkpoint to None, run_after=None
[2026-06-03T12:36:32.427+0000] {processor.py:183} INFO - Processing /opt/airflow/dags/dag_dq_checkpoint.py took 0.184 seconds
[2026-06-03T12:37:03.483+0000] {processor.py:161} INFO - Started process (PID=5966) to work on /opt/airflow/dags/dag_dq_checkpoint.py
[2026-06-03T12:37:03.485+0000] {processor.py:830} INFO - Processing file /opt/airflow/dags/dag_dq_checkpoint.py for tasks to queue
[2026-06-03T12:37:03.488+0000] {logging_mixin.py:188} INFO - [2026-06-03T12:37:03.487+0000] {dagbag.py:540} INFO - Filling up the DagBag from /opt/airflow/dags/dag_dq_checkpoint.py
[2026-06-03T12:37:03.549+0000] {processor.py:840} INFO - DAG(s) 'neuralretail_dq_checkpoint' retrieved from /opt/airflow/dags/dag_dq_checkpoint.py
[2026-06-03T12:37:03.598+0000] {logging_mixin.py:188} INFO - [2026-06-03T12:37:03.598+0000] {dag.py:3096} INFO - Sync 1 DAGs
[2026-06-03T12:37:03.611+0000] {logging_mixin.py:188} INFO - [2026-06-03T12:37:03.610+0000] {dag.py:3954} INFO - Setting next_dagrun for neuralretail_dq_checkpoint to None, run_after=None
[2026-06-03T12:37:03.630+0000] {processor.py:183} INFO - Processing /opt/airflow/dags/dag_dq_checkpoint.py took 0.154 seconds
[2026-06-03T12:37:33.790+0000] {processor.py:161} INFO - Started process (PID=5986) to work on /opt/airflow/dags/dag_dq_checkpoint.py
[2026-06-03T12:37:33.796+0000] {processor.py:830} INFO - Processing file /opt/airflow/dags/dag_dq_checkpoint.py for tasks to queue
[2026-06-03T12:37:33.799+0000] {logging_mixin.py:188} INFO - [2026-06-03T12:37:33.798+0000] {dagbag.py:540} INFO - Filling up the DagBag from /opt/airflow/dags/dag_dq_checkpoint.py
[2026-06-03T12:37:33.904+0000] {processor.py:840} INFO - DAG(s) 'neuralretail_dq_checkpoint' retrieved from /opt/airflow/dags/dag_dq_checkpoint.py
[2026-06-03T12:37:33.944+0000] {logging_mixin.py:188} INFO - [2026-06-03T12:37:33.944+0000] {dag.py:3096} INFO - Sync 1 DAGs
[2026-06-03T12:37:33.963+0000] {logging_mixin.py:188} INFO - [2026-06-03T12:37:33.963+0000] {dag.py:3954} INFO - Setting next_dagrun for neuralretail_dq_checkpoint to None, run_after=None
[2026-06-03T12:37:34.004+0000] {processor.py:183} INFO - Processing /opt/airflow/dags/dag_dq_checkpoint.py took 0.220 seconds
[2026-06-03T12:38:04.574+0000] {processor.py:161} INFO - Started process (PID=6006) to work on /opt/airflow/dags/dag_dq_checkpoint.py
[2026-06-03T12:38:04.579+0000] {processor.py:830} INFO - Processing file /opt/airflow/dags/dag_dq_checkpoint.py for tasks to queue
[2026-06-03T12:38:04.584+0000] {logging_mixin.py:188} INFO - [2026-06-03T12:38:04.584+0000] {dagbag.py:540} INFO - Filling up the DagBag from /opt/airflow/dags/dag_dq_checkpoint.py
[2026-06-03T12:38:04.754+0000] {processor.py:840} INFO - DAG(s) 'neuralretail_dq_checkpoint' retrieved from /opt/airflow/dags/dag_dq_checkpoint.py
[2026-06-03T12:38:04.787+0000] {logging_mixin.py:188} INFO - [2026-06-03T12:38:04.787+0000] {dag.py:3096} INFO - Sync 1 DAGs
[2026-06-03T12:38:04.798+0000] {logging_mixin.py:188} INFO - [2026-06-03T12:38:04.797+0000] {dag.py:3954} INFO - Setting next_dagrun for neuralretail_dq_checkpoint to None, run_after=None
[2026-06-03T12:38:04.815+0000] {processor.py:183} INFO - Processing /opt/airflow/dags/dag_dq_checkpoint.py took 0.246 seconds
[2026-06-03T12:38:35.025+0000] {processor.py:161} INFO - Started process (PID=6026) to work on /opt/airflow/dags/dag_dq_checkpoint.py
[2026-06-03T12:38:35.027+0000] {processor.py:830} INFO - Processing file /opt/airflow/dags/dag_dq_checkpoint.py for tasks to queue
[2026-06-03T12:38:35.029+0000] {logging_mixin.py:188} INFO - [2026-06-03T12:38:35.028+0000] {dagbag.py:540} INFO - Filling up the DagBag from /opt/airflow/dags/dag_dq_checkpoint.py
[2026-06-03T12:38:35.073+0000] {processor.py:840} INFO - DAG(s) 'neuralretail_dq_checkpoint' retrieved from /opt/airflow/dags/dag_dq_checkpoint.py
[2026-06-03T12:38:35.124+0000] {logging_mixin.py:188} INFO - [2026-06-03T12:38:35.123+0000] {dag.py:3096} INFO - Sync 1 DAGs
[2026-06-03T12:38:35.143+0000] {logging_mixin.py:188} INFO - [2026-06-03T12:38:35.143+0000] {dag.py:3954} INFO - Setting next_dagrun for neuralretail_dq_checkpoint to None, run_after=None
[2026-06-03T12:38:35.180+0000] {processor.py:183} INFO - Processing /opt/airflow/dags/dag_dq_checkpoint.py took 0.161 seconds
[2026-06-03T12:39:05.368+0000] {processor.py:161} INFO - Started process (PID=6046) to work on /opt/airflow/dags/dag_dq_checkpoint.py
[2026-06-03T12:39:05.370+0000] {processor.py:830} INFO - Processing file /opt/airflow/dags/dag_dq_checkpoint.py for tasks to queue
[2026-06-03T12:39:05.371+0000] {logging_mixin.py:188} INFO - [2026-06-03T12:39:05.371+0000] {dagbag.py:540} INFO - Filling up the DagBag from /opt/airflow/dags/dag_dq_checkpoint.py
[2026-06-03T12:39:05.443+0000] {processor.py:840} INFO - DAG(s) 'neuralretail_dq_checkpoint' retrieved from /opt/airflow/dags/dag_dq_checkpoint.py
[2026-06-03T12:39:05.557+0000] {logging_mixin.py:188} INFO - [2026-06-03T12:39:05.557+0000] {dag.py:3096} INFO - Sync 1 DAGs
[2026-06-03T12:39:05.572+0000] {logging_mixin.py:188} INFO - [2026-06-03T12:39:05.572+0000] {dag.py:3954} INFO - Setting next_dagrun for neuralretail_dq_checkpoint to None, run_after=None
[2026-06-03T12:39:05.606+0000] {processor.py:183} INFO - Processing /opt/airflow/dags/dag_dq_checkpoint.py took 0.242 seconds
[2026-06-03T12:39:35.958+0000] {processor.py:161} INFO - Started process (PID=6066) to work on /opt/airflow/dags/dag_dq_checkpoint.py
[2026-06-03T12:39:35.961+0000] {processor.py:830} INFO - Processing file /opt/airflow/dags/dag_dq_checkpoint.py for tasks to queue
[2026-06-03T12:39:35.968+0000] {logging_mixin.py:188} INFO - [2026-06-03T12:39:35.967+0000] {dagbag.py:540} INFO - Filling up the DagBag from /opt/airflow/dags/dag_dq_checkpoint.py
[2026-06-03T12:39:36.134+0000] {processor.py:840} INFO - DAG(s) 'neuralretail_dq_checkpoint' retrieved from /opt/airflow/dags/dag_dq_checkpoint.py
[2026-06-03T12:39:36.258+0000] {logging_mixin.py:188} INFO - [2026-06-03T12:39:36.257+0000] {dag.py:3096} INFO - Sync 1 DAGs
[2026-06-03T12:39:36.294+0000] {logging_mixin.py:188} INFO - [2026-06-03T12:39:36.293+0000] {dag.py:3954} INFO - Setting next_dagrun for neuralretail_dq_checkpoint to None, run_after=None
[2026-06-03T12:39:36.316+0000] {processor.py:183} INFO - Processing /opt/airflow/dags/dag_dq_checkpoint.py took 0.370 seconds
[2026-06-03T12:40:07.070+0000] {processor.py:161} INFO - Started process (PID=6086) to work on /opt/airflow/dags/dag_dq_checkpoint.py
[2026-06-03T12:40:07.076+0000] {processor.py:830} INFO - Processing file /opt/airflow/dags/dag_dq_checkpoint.py for tasks to queue
[2026-06-03T12:40:07.082+0000] {logging_mixin.py:188} INFO - [2026-06-03T12:40:07.081+0000] {dagbag.py:540} INFO - Filling up the DagBag from /opt/airflow/dags/dag_dq_checkpoint.py
[2026-06-03T12:40:07.166+0000] {processor.py:840} INFO - DAG(s) 'neuralretail_dq_checkpoint' retrieved from /opt/airflow/dags/dag_dq_checkpoint.py
[2026-06-03T12:40:07.275+0000] {logging_mixin.py:188} INFO - [2026-06-03T12:40:07.275+0000] {dag.py:3096} INFO - Sync 1 DAGs
[2026-06-03T12:40:07.297+0000] {logging_mixin.py:188} INFO - [2026-06-03T12:40:07.296+0000] {dag.py:3954} INFO - Setting next_dagrun for neuralretail_dq_checkpoint to None, run_after=None
[2026-06-03T12:40:07.332+0000] {processor.py:183} INFO - Processing /opt/airflow/dags/dag_dq_checkpoint.py took 0.283 seconds
[2026-06-03T12:40:37.772+0000] {processor.py:161} INFO - Started process (PID=6111) to work on /opt/airflow/dags/dag_dq_checkpoint.py
[2026-06-03T12:40:37.774+0000] {processor.py:830} INFO - Processing file /opt/airflow/dags/dag_dq_checkpoint.py for tasks to queue
[2026-06-03T12:40:37.776+0000] {logging_mixin.py:188} INFO - [2026-06-03T12:40:37.776+0000] {dagbag.py:540} INFO - Filling up the DagBag from /opt/airflow/dags/dag_dq_checkpoint.py
[2026-06-03T12:40:37.864+0000] {processor.py:840} INFO - DAG(s) 'neuralretail_dq_checkpoint' retrieved from /opt/airflow/dags/dag_dq_checkpoint.py
[2026-06-03T12:40:37.945+0000] {logging_mixin.py:188} INFO - [2026-06-03T12:40:37.944+0000] {dag.py:3096} INFO - Sync 1 DAGs
[2026-06-03T12:40:37.982+0000] {logging_mixin.py:188} INFO - [2026-06-03T12:40:37.982+0000] {dag.py:3954} INFO - Setting next_dagrun for neuralretail_dq_checkpoint to None, run_after=None
[2026-06-03T12:40:38.062+0000] {processor.py:183} INFO - Processing /opt/airflow/dags/dag_dq_checkpoint.py took 0.302 seconds
[2026-06-03T12:41:08.272+0000] {processor.py:161} INFO - Started process (PID=6126) to work on /opt/airflow/dags/dag_dq_checkpoint.py
[2026-06-03T12:41:08.274+0000] {processor.py:830} INFO - Processing file /opt/airflow/dags/dag_dq_checkpoint.py for tasks to queue
[2026-06-03T12:41:08.276+0000] {logging_mixin.py:188} INFO - [2026-06-03T12:41:08.276+0000] {dagbag.py:540} INFO - Filling up the DagBag from /opt/airflow/dags/dag_dq_checkpoint.py
[2026-06-03T12:41:08.329+0000] {processor.py:840} INFO - DAG(s) 'neuralretail_dq_checkpoint' retrieved from /opt/airflow/dags/dag_dq_checkpoint.py
[2026-06-03T12:41:08.381+0000] {logging_mixin.py:188} INFO - [2026-06-03T12:41:08.381+0000] {dag.py:3096} INFO - Sync 1 DAGs
[2026-06-03T12:41:08.395+0000] {logging_mixin.py:188} INFO - [2026-06-03T12:41:08.394+0000] {dag.py:3954} INFO - Setting next_dagrun for neuralretail_dq_checkpoint to None, run_after=None
[2026-06-03T12:41:08.413+0000] {processor.py:183} INFO - Processing /opt/airflow/dags/dag_dq_checkpoint.py took 0.149 seconds
[2026-06-03T12:41:38.616+0000] {processor.py:161} INFO - Started process (PID=6146) to work on /opt/airflow/dags/dag_dq_checkpoint.py
[2026-06-03T12:41:38.619+0000] {processor.py:830} INFO - Processing file /opt/airflow/dags/dag_dq_checkpoint.py for tasks to queue
[2026-06-03T12:41:38.622+0000] {logging_mixin.py:188} INFO - [2026-06-03T12:41:38.622+0000] {dagbag.py:540} INFO - Filling up the DagBag from /opt/airflow/dags/dag_dq_checkpoint.py
[2026-06-03T12:41:38.696+0000] {processor.py:840} INFO - DAG(s) 'neuralretail_dq_checkpoint' retrieved from /opt/airflow/dags/dag_dq_checkpoint.py
[2026-06-03T12:41:38.761+0000] {logging_mixin.py:188} INFO - [2026-06-03T12:41:38.761+0000] {dag.py:3096} INFO - Sync 1 DAGs
[2026-06-03T12:41:38.781+0000] {logging_mixin.py:188} INFO - [2026-06-03T12:41:38.781+0000] {dag.py:3954} INFO - Setting next_dagrun for neuralretail_dq_checkpoint to None, run_after=None
[2026-06-03T12:41:38.813+0000] {processor.py:183} INFO - Processing /opt/airflow/dags/dag_dq_checkpoint.py took 0.206 seconds
[2026-06-03T12:42:09.261+0000] {processor.py:161} INFO - Started process (PID=6166) to work on /opt/airflow/dags/dag_dq_checkpoint.py
[2026-06-03T12:42:09.266+0000] {processor.py:830} INFO - Processing file /opt/airflow/dags/dag_dq_checkpoint.py for tasks to queue
[2026-06-03T12:42:09.271+0000] {logging_mixin.py:188} INFO - [2026-06-03T12:42:09.270+0000] {dagbag.py:540} INFO - Filling up the DagBag from /opt/airflow/dags/dag_dq_checkpoint.py
[2026-06-03T12:42:09.384+0000] {processor.py:840} INFO - DAG(s) 'neuralretail_dq_checkpoint' retrieved from /opt/airflow/dags/dag_dq_checkpoint.py
[2026-06-03T12:42:09.493+0000] {logging_mixin.py:188} INFO - [2026-06-03T12:42:09.492+0000] {dag.py:3096} INFO - Sync 1 DAGs
[2026-06-03T12:42:09.517+0000] {logging_mixin.py:188} INFO - [2026-06-03T12:42:09.517+0000] {dag.py:3954} INFO - Setting next_dagrun for neuralretail_dq_checkpoint to None, run_after=None
[2026-06-03T12:42:09.541+0000] {processor.py:183} INFO - Processing /opt/airflow/dags/dag_dq_checkpoint.py took 0.289 seconds
[2026-06-03T12:42:40.072+0000] {processor.py:161} INFO - Started process (PID=6186) to work on /opt/airflow/dags/dag_dq_checkpoint.py
[2026-06-03T12:42:40.073+0000] {processor.py:830} INFO - Processing file /opt/airflow/dags/dag_dq_checkpoint.py for tasks to queue
[2026-06-03T12:42:40.076+0000] {logging_mixin.py:188} INFO - [2026-06-03T12:42:40.076+0000] {dagbag.py:540} INFO - Filling up the DagBag from /opt/airflow/dags/dag_dq_checkpoint.py
[2026-06-03T12:42:40.139+0000] {processor.py:840} INFO - DAG(s) 'neuralretail_dq_checkpoint' retrieved from /opt/airflow/dags/dag_dq_checkpoint.py
[2026-06-03T12:42:40.203+0000] {logging_mixin.py:188} INFO - [2026-06-03T12:42:40.202+0000] {dag.py:3096} INFO - Sync 1 DAGs
[2026-06-03T12:42:40.230+0000] {logging_mixin.py:188} INFO - [2026-06-03T12:42:40.229+0000] {dag.py:3954} INFO - Setting next_dagrun for neuralretail_dq_checkpoint to None, run_after=None
[2026-06-03T12:42:40.261+0000] {processor.py:183} INFO - Processing /opt/airflow/dags/dag_dq_checkpoint.py took 0.199 seconds
[2026-06-03T12:43:10.626+0000] {processor.py:161} INFO - Started process (PID=6206) to work on /opt/airflow/dags/dag_dq_checkpoint.py
[2026-06-03T12:43:10.628+0000] {processor.py:830} INFO - Processing file /opt/airflow/dags/dag_dq_checkpoint.py for tasks to queue
[2026-06-03T12:43:10.630+0000] {logging_mixin.py:188} INFO - [2026-06-03T12:43:10.630+0000] {dagbag.py:540} INFO - Filling up the DagBag from /opt/airflow/dags/dag_dq_checkpoint.py
[2026-06-03T12:43:10.676+0000] {processor.py:840} INFO - DAG(s) 'neuralretail_dq_checkpoint' retrieved from /opt/airflow/dags/dag_dq_checkpoint.py
[2026-06-03T12:43:10.731+0000] {logging_mixin.py:188} INFO - [2026-06-03T12:43:10.731+0000] {dag.py:3096} INFO - Sync 1 DAGs
[2026-06-03T12:43:10.744+0000] {logging_mixin.py:188} INFO - [2026-06-03T12:43:10.743+0000] {dag.py:3954} INFO - Setting next_dagrun for neuralretail_dq_checkpoint to None, run_after=None
[2026-06-03T12:43:10.766+0000] {processor.py:183} INFO - Processing /opt/airflow/dags/dag_dq_checkpoint.py took 0.145 seconds
[2026-06-03T12:43:40.902+0000] {processor.py:161} INFO - Started process (PID=6226) to work on /opt/airflow/dags/dag_dq_checkpoint.py
[2026-06-03T12:43:40.910+0000] {processor.py:830} INFO - Processing file /opt/airflow/dags/dag_dq_checkpoint.py for tasks to queue
[2026-06-03T12:43:40.912+0000] {logging_mixin.py:188} INFO - [2026-06-03T12:43:40.912+0000] {dagbag.py:540} INFO - Filling up the DagBag from /opt/airflow/dags/dag_dq_checkpoint.py
[2026-06-03T12:43:40.969+0000] {processor.py:840} INFO - DAG(s) 'neuralretail_dq_checkpoint' retrieved from /opt/airflow/dags/dag_dq_checkpoint.py
[2026-06-03T12:43:41.011+0000] {logging_mixin.py:188} INFO - [2026-06-03T12:43:41.011+0000] {dag.py:3096} INFO - Sync 1 DAGs
[2026-06-03T12:43:41.034+0000] {logging_mixin.py:188} INFO - [2026-06-03T12:43:41.034+0000] {dag.py:3954} INFO - Setting next_dagrun for neuralretail_dq_checkpoint to None, run_after=None
[2026-06-03T12:43:41.057+0000] {processor.py:183} INFO - Processing /opt/airflow/dags/dag_dq_checkpoint.py took 0.162 seconds
[2026-06-03T12:44:11.340+0000] {processor.py:161} INFO - Started process (PID=6246) to work on /opt/airflow/dags/dag_dq_checkpoint.py
[2026-06-03T12:44:11.344+0000] {processor.py:830} INFO - Processing file /opt/airflow/dags/dag_dq_checkpoint.py for tasks to queue
[2026-06-03T12:44:11.349+0000] {logging_mixin.py:188} INFO - [2026-06-03T12:44:11.348+0000] {dagbag.py:540} INFO - Filling up the DagBag from /opt/airflow/dags/dag_dq_checkpoint.py
[2026-06-03T12:44:11.450+0000] {processor.py:840} INFO - DAG(s) 'neuralretail_dq_checkpoint' retrieved from /opt/airflow/dags/dag_dq_checkpoint.py
[2026-06-03T12:44:11.540+0000] {logging_mixin.py:188} INFO - [2026-06-03T12:44:11.539+0000] {dag.py:3096} INFO - Sync 1 DAGs
[2026-06-03T12:44:11.563+0000] {logging_mixin.py:188} INFO - [2026-06-03T12:44:11.563+0000] {dag.py:3954} INFO - Setting next_dagrun for neuralretail_dq_checkpoint to None, run_after=None
[2026-06-03T12:44:11.629+0000] {processor.py:183} INFO - Processing /opt/airflow/dags/dag_dq_checkpoint.py took 0.307 seconds
[2026-06-03T12:44:41.868+0000] {processor.py:161} INFO - Started process (PID=6266) to work on /opt/airflow/dags/dag_dq_checkpoint.py
[2026-06-03T12:44:41.870+0000] {processor.py:830} INFO - Processing file /opt/airflow/dags/dag_dq_checkpoint.py for tasks to queue
[2026-06-03T12:44:41.874+0000] {logging_mixin.py:188} INFO - [2026-06-03T12:44:41.873+0000] {dagbag.py:540} INFO - Filling up the DagBag from /opt/airflow/dags/dag_dq_checkpoint.py
[2026-06-03T12:44:41.929+0000] {processor.py:840} INFO - DAG(s) 'neuralretail_dq_checkpoint' retrieved from /opt/airflow/dags/dag_dq_checkpoint.py
[2026-06-03T12:44:41.967+0000] {logging_mixin.py:188} INFO - [2026-06-03T12:44:41.966+0000] {dag.py:3096} INFO - Sync 1 DAGs
[2026-06-03T12:44:41.982+0000] {logging_mixin.py:188} INFO - [2026-06-03T12:44:41.982+0000] {dag.py:3954} INFO - Setting next_dagrun for neuralretail_dq_checkpoint to None, run_after=None
[2026-06-03T12:44:42.004+0000] {processor.py:183} INFO - Processing /opt/airflow/dags/dag_dq_checkpoint.py took 0.146 seconds
[2026-06-03T12:45:12.395+0000] {processor.py:161} INFO - Started process (PID=6286) to work on /opt/airflow/dags/dag_dq_checkpoint.py
[2026-06-03T12:45:12.397+0000] {processor.py:830} INFO - Processing file /opt/airflow/dags/dag_dq_checkpoint.py for tasks to queue
[2026-06-03T12:45:12.399+0000] {logging_mixin.py:188} INFO - [2026-06-03T12:45:12.399+0000] {dagbag.py:540} INFO - Filling up the DagBag from /opt/airflow/dags/dag_dq_checkpoint.py
[2026-06-03T12:45:12.449+0000] {processor.py:840} INFO - DAG(s) 'neuralretail_dq_checkpoint' retrieved from /opt/airflow/dags/dag_dq_checkpoint.py
[2026-06-03T12:45:12.487+0000] {logging_mixin.py:188} INFO - [2026-06-03T12:45:12.487+0000] {dag.py:3096} INFO - Sync 1 DAGs
[2026-06-03T12:45:12.500+0000] {logging_mixin.py:188} INFO - [2026-06-03T12:45:12.500+0000] {dag.py:3954} INFO - Setting next_dagrun for neuralretail_dq_checkpoint to None, run_after=None
[2026-06-03T12:45:12.526+0000] {processor.py:183} INFO - Processing /opt/airflow/dags/dag_dq_checkpoint.py took 0.139 seconds
[2026-06-03T12:45:42.994+0000] {processor.py:161} INFO - Started process (PID=6306) to work on /opt/airflow/dags/dag_dq_checkpoint.py
[2026-06-03T12:45:42.998+0000] {processor.py:830} INFO - Processing file /opt/airflow/dags/dag_dq_checkpoint.py for tasks to queue
[2026-06-03T12:45:43.002+0000] {logging_mixin.py:188} INFO - [2026-06-03T12:45:43.001+0000] {dagbag.py:540} INFO - Filling up the DagBag from /opt/airflow/dags/dag_dq_checkpoint.py
[2026-06-03T12:45:43.060+0000] {processor.py:840} INFO - DAG(s) 'neuralretail_dq_checkpoint' retrieved from /opt/airflow/dags/dag_dq_checkpoint.py
[2026-06-03T12:45:43.105+0000] {logging_mixin.py:188} INFO - [2026-06-03T12:45:43.105+0000] {dag.py:3096} INFO - Sync 1 DAGs
[2026-06-03T12:45:43.119+0000] {logging_mixin.py:188} INFO - [2026-06-03T12:45:43.119+0000] {dag.py:3954} INFO - Setting next_dagrun for neuralretail_dq_checkpoint to None, run_after=None
[2026-06-03T12:45:43.146+0000] {processor.py:183} INFO - Processing /opt/airflow/dags/dag_dq_checkpoint.py took 0.158 seconds
[2026-06-03T12:46:13.822+0000] {processor.py:161} INFO - Started process (PID=6326) to work on /opt/airflow/dags/dag_dq_checkpoint.py
[2026-06-03T12:46:13.823+0000] {processor.py:830} INFO - Processing file /opt/airflow/dags/dag_dq_checkpoint.py for tasks to queue
[2026-06-03T12:46:13.826+0000] {logging_mixin.py:188} INFO - [2026-06-03T12:46:13.826+0000] {dagbag.py:540} INFO - Filling up the DagBag from /opt/airflow/dags/dag_dq_checkpoint.py
[2026-06-03T12:46:13.872+0000] {processor.py:840} INFO - DAG(s) 'neuralretail_dq_checkpoint' retrieved from /opt/airflow/dags/dag_dq_checkpoint.py
[2026-06-03T12:46:13.943+0000] {logging_mixin.py:188} INFO - [2026-06-03T12:46:13.943+0000] {dag.py:3096} INFO - Sync 1 DAGs
[2026-06-03T12:46:13.956+0000] {logging_mixin.py:188} INFO - [2026-06-03T12:46:13.956+0000] {dag.py:3954} INFO - Setting next_dagrun for neuralretail_dq_checkpoint to None, run_after=None
[2026-06-03T12:46:13.983+0000] {processor.py:183} INFO - Processing /opt/airflow/dags/dag_dq_checkpoint.py took 0.170 seconds
[2026-06-03T12:46:44.437+0000] {processor.py:161} INFO - Started process (PID=6346) to work on /opt/airflow/dags/dag_dq_checkpoint.py
[2026-06-03T12:46:44.444+0000] {processor.py:830} INFO - Processing file /opt/airflow/dags/dag_dq_checkpoint.py for tasks to queue
[2026-06-03T12:46:44.495+0000] {logging_mixin.py:188} INFO - [2026-06-03T12:46:44.494+0000] {dagbag.py:540} INFO - Filling up the DagBag from /opt/airflow/dags/dag_dq_checkpoint.py
[2026-06-03T12:46:44.668+0000] {processor.py:840} INFO - DAG(s) 'neuralretail_dq_checkpoint' retrieved from /opt/airflow/dags/dag_dq_checkpoint.py
[2026-06-03T12:46:44.716+0000] {logging_mixin.py:188} INFO - [2026-06-03T12:46:44.716+0000] {dag.py:3096} INFO - Sync 1 DAGs
[2026-06-03T12:46:44.730+0000] {logging_mixin.py:188} INFO - [2026-06-03T12:46:44.730+0000] {dag.py:3954} INFO - Setting next_dagrun for neuralretail_dq_checkpoint to None, run_after=None
[2026-06-03T12:46:44.763+0000] {processor.py:183} INFO - Processing /opt/airflow/dags/dag_dq_checkpoint.py took 0.333 seconds
[2026-06-03T12:47:15.301+0000] {processor.py:161} INFO - Started process (PID=6366) to work on /opt/airflow/dags/dag_dq_checkpoint.py
[2026-06-03T12:47:15.306+0000] {processor.py:830} INFO - Processing file /opt/airflow/dags/dag_dq_checkpoint.py for tasks to queue
[2026-06-03T12:47:15.309+0000] {logging_mixin.py:188} INFO - [2026-06-03T12:47:15.309+0000] {dagbag.py:540} INFO - Filling up the DagBag from /opt/airflow/dags/dag_dq_checkpoint.py
[2026-06-03T12:47:15.357+0000] {processor.py:840} INFO - DAG(s) 'neuralretail_dq_checkpoint' retrieved from /opt/airflow/dags/dag_dq_checkpoint.py
[2026-06-03T12:47:15.393+0000] {logging_mixin.py:188} INFO - [2026-06-03T12:47:15.393+0000] {dag.py:3096} INFO - Sync 1 DAGs
[2026-06-03T12:47:15.403+0000] {logging_mixin.py:188} INFO - [2026-06-03T12:47:15.403+0000] {dag.py:3954} INFO - Setting next_dagrun for neuralretail_dq_checkpoint to None, run_after=None
[2026-06-03T12:47:15.424+0000] {processor.py:183} INFO - Processing /opt/airflow/dags/dag_dq_checkpoint.py took 0.129 seconds
[2026-06-03T12:47:45.775+0000] {processor.py:161} INFO - Started process (PID=6386) to work on /opt/airflow/dags/dag_dq_checkpoint.py
[2026-06-03T12:47:45.778+0000] {processor.py:830} INFO - Processing file /opt/airflow/dags/dag_dq_checkpoint.py for tasks to queue
[2026-06-03T12:47:45.782+0000] {logging_mixin.py:188} INFO - [2026-06-03T12:47:45.781+0000] {dagbag.py:540} INFO - Filling up the DagBag from /opt/airflow/dags/dag_dq_checkpoint.py
[2026-06-03T12:47:45.840+0000] {processor.py:840} INFO - DAG(s) 'neuralretail_dq_checkpoint' retrieved from /opt/airflow/dags/dag_dq_checkpoint.py
[2026-06-03T12:47:45.886+0000] {logging_mixin.py:188} INFO - [2026-06-03T12:47:45.886+0000] {dag.py:3096} INFO - Sync 1 DAGs
[2026-06-03T12:47:45.898+0000] {logging_mixin.py:188} INFO - [2026-06-03T12:47:45.897+0000] {dag.py:3954} INFO - Setting next_dagrun for neuralretail_dq_checkpoint to None, run_after=None
[2026-06-03T12:47:45.926+0000] {processor.py:183} INFO - Processing /opt/airflow/dags/dag_dq_checkpoint.py took 0.168 seconds
[2026-06-03T12:48:16.187+0000] {processor.py:161} INFO - Started process (PID=6404) to work on /opt/airflow/dags/dag_dq_checkpoint.py
[2026-06-03T12:48:16.193+0000] {processor.py:830} INFO - Processing file /opt/airflow/dags/dag_dq_checkpoint.py for tasks to queue
[2026-06-03T12:48:16.198+0000] {logging_mixin.py:188} INFO - [2026-06-03T12:48:16.198+0000] {dagbag.py:540} INFO - Filling up the DagBag from /opt/airflow/dags/dag_dq_checkpoint.py
[2026-06-03T12:48:16.264+0000] {processor.py:840} INFO - DAG(s) 'neuralretail_dq_checkpoint' retrieved from /opt/airflow/dags/dag_dq_checkpoint.py
[2026-06-03T12:48:16.321+0000] {logging_mixin.py:188} INFO - [2026-06-03T12:48:16.320+0000] {dag.py:3096} INFO - Sync 1 DAGs
[2026-06-03T12:48:16.341+0000] {logging_mixin.py:188} INFO - [2026-06-03T12:48:16.341+0000] {dag.py:3954} INFO - Setting next_dagrun for neuralretail_dq_checkpoint to None, run_after=None
[2026-06-03T12:48:16.361+0000] {processor.py:183} INFO - Processing /opt/airflow/dags/dag_dq_checkpoint.py took 0.185 seconds
[2026-06-03T12:48:47.141+0000] {processor.py:161} INFO - Started process (PID=6426) to work on /opt/airflow/dags/dag_dq_checkpoint.py
[2026-06-03T12:48:47.147+0000] {processor.py:830} INFO - Processing file /opt/airflow/dags/dag_dq_checkpoint.py for tasks to queue
[2026-06-03T12:48:47.162+0000] {logging_mixin.py:188} INFO - [2026-06-03T12:48:47.161+0000] {dagbag.py:540} INFO - Filling up the DagBag from /opt/airflow/dags/dag_dq_checkpoint.py
[2026-06-03T12:48:47.262+0000] {processor.py:840} INFO - DAG(s) 'neuralretail_dq_checkpoint' retrieved from /opt/airflow/dags/dag_dq_checkpoint.py
[2026-06-03T12:48:47.332+0000] {logging_mixin.py:188} INFO - [2026-06-03T12:48:47.332+0000] {dag.py:3096} INFO - Sync 1 DAGs
[2026-06-03T12:48:47.348+0000] {logging_mixin.py:188} INFO - [2026-06-03T12:48:47.347+0000] {dag.py:3954} INFO - Setting next_dagrun for neuralretail_dq_checkpoint to None, run_after=None
[2026-06-03T12:48:47.390+0000] {processor.py:183} INFO - Processing /opt/airflow/dags/dag_dq_checkpoint.py took 0.260 seconds
[2026-06-03T12:49:17.562+0000] {processor.py:161} INFO - Started process (PID=6446) to work on /opt/airflow/dags/dag_dq_checkpoint.py
[2026-06-03T12:49:17.565+0000] {processor.py:830} INFO - Processing file /opt/airflow/dags/dag_dq_checkpoint.py for tasks to queue
[2026-06-03T12:49:17.568+0000] {logging_mixin.py:188} INFO - [2026-06-03T12:49:17.568+0000] {dagbag.py:540} INFO - Filling up the DagBag from /opt/airflow/dags/dag_dq_checkpoint.py
[2026-06-03T12:49:17.620+0000] {processor.py:840} INFO - DAG(s) 'neuralretail_dq_checkpoint' retrieved from /opt/airflow/dags/dag_dq_checkpoint.py
[2026-06-03T12:49:17.659+0000] {logging_mixin.py:188} INFO - [2026-06-03T12:49:17.658+0000] {dag.py:3096} INFO - Sync 1 DAGs
[2026-06-03T12:49:17.670+0000] {logging_mixin.py:188} INFO - [2026-06-03T12:49:17.670+0000] {dag.py:3954} INFO - Setting next_dagrun for neuralretail_dq_checkpoint to None, run_after=None
[2026-06-03T12:49:17.692+0000] {processor.py:183} INFO - Processing /opt/airflow/dags/dag_dq_checkpoint.py took 0.136 seconds
[2026-06-03T12:49:47.889+0000] {processor.py:161} INFO - Started process (PID=6464) to work on /opt/airflow/dags/dag_dq_checkpoint.py
[2026-06-03T12:49:47.892+0000] {processor.py:830} INFO - Processing file /opt/airflow/dags/dag_dq_checkpoint.py for tasks to queue
[2026-06-03T12:49:47.897+0000] {logging_mixin.py:188} INFO - [2026-06-03T12:49:47.896+0000] {dagbag.py:540} INFO - Filling up the DagBag from /opt/airflow/dags/dag_dq_checkpoint.py
[2026-06-03T12:49:47.987+0000] {processor.py:840} INFO - DAG(s) 'neuralretail_dq_checkpoint' retrieved from /opt/airflow/dags/dag_dq_checkpoint.py
[2026-06-03T12:49:48.033+0000] {logging_mixin.py:188} INFO - [2026-06-03T12:49:48.032+0000] {dag.py:3096} INFO - Sync 1 DAGs
[2026-06-03T12:49:48.047+0000] {logging_mixin.py:188} INFO - [2026-06-03T12:49:48.046+0000] {dag.py:3954} INFO - Setting next_dagrun for neuralretail_dq_checkpoint to None, run_after=None
[2026-06-03T12:49:48.069+0000] {processor.py:183} INFO - Processing /opt/airflow/dags/dag_dq_checkpoint.py took 0.190 seconds
[2026-06-03T12:50:18.309+0000] {processor.py:161} INFO - Started process (PID=6484) to work on /opt/airflow/dags/dag_dq_checkpoint.py
[2026-06-03T12:50:18.311+0000] {processor.py:830} INFO - Processing file /opt/airflow/dags/dag_dq_checkpoint.py for tasks to queue
[2026-06-03T12:50:18.318+0000] {logging_mixin.py:188} INFO - [2026-06-03T12:50:18.317+0000] {dagbag.py:540} INFO - Filling up the DagBag from /opt/airflow/dags/dag_dq_checkpoint.py
[2026-06-03T12:50:18.382+0000] {processor.py:840} INFO - DAG(s) 'neuralretail_dq_checkpoint' retrieved from /opt/airflow/dags/dag_dq_checkpoint.py
[2026-06-03T12:50:18.466+0000] {logging_mixin.py:188} INFO - [2026-06-03T12:50:18.465+0000] {dag.py:3096} INFO - Sync 1 DAGs
[2026-06-03T12:50:18.496+0000] {logging_mixin.py:188} INFO - [2026-06-03T12:50:18.495+0000] {dag.py:3954} INFO - Setting next_dagrun for neuralretail_dq_checkpoint to None, run_after=None
[2026-06-03T12:50:18.546+0000] {processor.py:183} INFO - Processing /opt/airflow/dags/dag_dq_checkpoint.py took 0.246 seconds
[2026-06-03T12:50:49.062+0000] {processor.py:161} INFO - Started process (PID=6506) to work on /opt/airflow/dags/dag_dq_checkpoint.py
[2026-06-03T12:50:49.070+0000] {processor.py:830} INFO - Processing file /opt/airflow/dags/dag_dq_checkpoint.py for tasks to queue
[2026-06-03T12:50:49.072+0000] {logging_mixin.py:188} INFO - [2026-06-03T12:50:49.072+0000] {dagbag.py:540} INFO - Filling up the DagBag from /opt/airflow/dags/dag_dq_checkpoint.py
[2026-06-03T12:50:49.143+0000] {processor.py:840} INFO - DAG(s) 'neuralretail_dq_checkpoint' retrieved from /opt/airflow/dags/dag_dq_checkpoint.py
[2026-06-03T12:50:49.250+0000] {logging_mixin.py:188} INFO - [2026-06-03T12:50:49.250+0000] {dag.py:3096} INFO - Sync 1 DAGs
[2026-06-03T12:50:49.283+0000] {logging_mixin.py:188} INFO - [2026-06-03T12:50:49.283+0000] {dag.py:3954} INFO - Setting next_dagrun for neuralretail_dq_checkpoint to None, run_after=None
[2026-06-03T12:50:49.338+0000] {processor.py:183} INFO - Processing /opt/airflow/dags/dag_dq_checkpoint.py took 0.289 seconds
[2026-06-03T12:51:19.437+0000] {processor.py:161} INFO - Started process (PID=6526) to work on /opt/airflow/dags/dag_dq_checkpoint.py
[2026-06-03T12:51:19.440+0000] {processor.py:830} INFO - Processing file /opt/airflow/dags/dag_dq_checkpoint.py for tasks to queue
[2026-06-03T12:51:19.444+0000] {logging_mixin.py:188} INFO - [2026-06-03T12:51:19.444+0000] {dagbag.py:540} INFO - Filling up the DagBag from /opt/airflow/dags/dag_dq_checkpoint.py
[2026-06-03T12:51:19.494+0000] {processor.py:840} INFO - DAG(s) 'neuralretail_dq_checkpoint' retrieved from /opt/airflow/dags/dag_dq_checkpoint.py
[2026-06-03T12:51:19.570+0000] {logging_mixin.py:188} INFO - [2026-06-03T12:51:19.569+0000] {dag.py:3096} INFO - Sync 1 DAGs
[2026-06-03T12:51:19.589+0000] {logging_mixin.py:188} INFO - [2026-06-03T12:51:19.588+0000] {dag.py:3954} INFO - Setting next_dagrun for neuralretail_dq_checkpoint to None, run_after=None
[2026-06-03T12:51:19.619+0000] {processor.py:183} INFO - Processing /opt/airflow/dags/dag_dq_checkpoint.py took 0.192 seconds
[2026-06-03T12:51:50.136+0000] {processor.py:161} INFO - Started process (PID=6545) to work on /opt/airflow/dags/dag_dq_checkpoint.py
[2026-06-03T12:51:50.137+0000] {processor.py:830} INFO - Processing file /opt/airflow/dags/dag_dq_checkpoint.py for tasks to queue
[2026-06-03T12:51:50.139+0000] {logging_mixin.py:188} INFO - [2026-06-03T12:51:50.139+0000] {dagbag.py:540} INFO - Filling up the DagBag from /opt/airflow/dags/dag_dq_checkpoint.py
[2026-06-03T12:51:50.186+0000] {processor.py:840} INFO - DAG(s) 'neuralretail_dq_checkpoint' retrieved from /opt/airflow/dags/dag_dq_checkpoint.py
[2026-06-03T12:51:50.246+0000] {logging_mixin.py:188} INFO - [2026-06-03T12:51:50.245+0000] {dag.py:3096} INFO - Sync 1 DAGs
[2026-06-03T12:51:50.264+0000] {logging_mixin.py:188} INFO - [2026-06-03T12:51:50.263+0000] {dag.py:3954} INFO - Setting next_dagrun for neuralretail_dq_checkpoint to None, run_after=None
[2026-06-03T12:51:50.285+0000] {processor.py:183} INFO - Processing /opt/airflow/dags/dag_dq_checkpoint.py took 0.156 seconds
[2026-06-03T12:52:20.815+0000] {processor.py:161} INFO - Started process (PID=6564) to work on /opt/airflow/dags/dag_dq_checkpoint.py
[2026-06-03T12:52:20.816+0000] {processor.py:830} INFO - Processing file /opt/airflow/dags/dag_dq_checkpoint.py for tasks to queue
[2026-06-03T12:52:20.818+0000] {logging_mixin.py:188} INFO - [2026-06-03T12:52:20.818+0000] {dagbag.py:540} INFO - Filling up the DagBag from /opt/airflow/dags/dag_dq_checkpoint.py
[2026-06-03T12:52:20.869+0000] {processor.py:840} INFO - DAG(s) 'neuralretail_dq_checkpoint' retrieved from /opt/airflow/dags/dag_dq_checkpoint.py
[2026-06-03T12:52:20.955+0000] {logging_mixin.py:188} INFO - [2026-06-03T12:52:20.954+0000] {dag.py:3096} INFO - Sync 1 DAGs
[2026-06-03T12:52:20.987+0000] {logging_mixin.py:188} INFO - [2026-06-03T12:52:20.987+0000] {dag.py:3954} INFO - Setting next_dagrun for neuralretail_dq_checkpoint to None, run_after=None
[2026-06-03T12:52:21.024+0000] {processor.py:183} INFO - Processing /opt/airflow/dags/dag_dq_checkpoint.py took 0.213 seconds
[2026-06-03T12:52:52.307+0000] {processor.py:161} INFO - Started process (PID=6586) to work on /opt/airflow/dags/dag_dq_checkpoint.py
[2026-06-03T12:52:52.309+0000] {processor.py:830} INFO - Processing file /opt/airflow/dags/dag_dq_checkpoint.py for tasks to queue
[2026-06-03T12:52:52.311+0000] {logging_mixin.py:188} INFO - [2026-06-03T12:52:52.310+0000] {dagbag.py:540} INFO - Filling up the DagBag from /opt/airflow/dags/dag_dq_checkpoint.py
[2026-06-03T12:52:52.402+0000] {processor.py:840} INFO - DAG(s) 'neuralretail_dq_checkpoint' retrieved from /opt/airflow/dags/dag_dq_checkpoint.py
[2026-06-03T12:52:52.476+0000] {logging_mixin.py:188} INFO - [2026-06-03T12:52:52.476+0000] {dag.py:3096} INFO - Sync 1 DAGs
[2026-06-03T12:52:52.497+0000] {logging_mixin.py:188} INFO - [2026-06-03T12:52:52.497+0000] {dag.py:3954} INFO - Setting next_dagrun for neuralretail_dq_checkpoint to None, run_after=None
[2026-06-03T12:52:52.529+0000] {processor.py:183} INFO - Processing /opt/airflow/dags/dag_dq_checkpoint.py took 0.235 seconds
[2026-06-03T12:53:23.262+0000] {processor.py:161} INFO - Started process (PID=6606) to work on /opt/airflow/dags/dag_dq_checkpoint.py
[2026-06-03T12:53:23.264+0000] {processor.py:830} INFO - Processing file /opt/airflow/dags/dag_dq_checkpoint.py for tasks to queue
[2026-06-03T12:53:23.266+0000] {logging_mixin.py:188} INFO - [2026-06-03T12:53:23.266+0000] {dagbag.py:540} INFO - Filling up the DagBag from /opt/airflow/dags/dag_dq_checkpoint.py
[2026-06-03T12:53:23.362+0000] {processor.py:840} INFO - DAG(s) 'neuralretail_dq_checkpoint' retrieved from /opt/airflow/dags/dag_dq_checkpoint.py
[2026-06-03T12:53:23.477+0000] {logging_mixin.py:188} INFO - [2026-06-03T12:53:23.477+0000] {dag.py:3096} INFO - Sync 1 DAGs
[2026-06-03T12:53:23.514+0000] {logging_mixin.py:188} INFO - [2026-06-03T12:53:23.513+0000] {dag.py:3954} INFO - Setting next_dagrun for neuralretail_dq_checkpoint to None, run_after=None
[2026-06-03T12:53:23.560+0000] {processor.py:183} INFO - Processing /opt/airflow/dags/dag_dq_checkpoint.py took 0.303 seconds
[2026-06-03T12:53:54.104+0000] {processor.py:161} INFO - Started process (PID=6626) to work on /opt/airflow/dags/dag_dq_checkpoint.py
[2026-06-03T12:53:54.106+0000] {processor.py:830} INFO - Processing file /opt/airflow/dags/dag_dq_checkpoint.py for tasks to queue
[2026-06-03T12:53:54.109+0000] {logging_mixin.py:188} INFO - [2026-06-03T12:53:54.108+0000] {dagbag.py:540} INFO - Filling up the DagBag from /opt/airflow/dags/dag_dq_checkpoint.py
[2026-06-03T12:53:54.218+0000] {processor.py:840} INFO - DAG(s) 'neuralretail_dq_checkpoint' retrieved from /opt/airflow/dags/dag_dq_checkpoint.py
[2026-06-03T12:53:54.304+0000] {logging_mixin.py:188} INFO - [2026-06-03T12:53:54.303+0000] {dag.py:3096} INFO - Sync 1 DAGs
[2026-06-03T12:53:54.329+0000] {logging_mixin.py:188} INFO - [2026-06-03T12:53:54.329+0000] {dag.py:3954} INFO - Setting next_dagrun for neuralretail_dq_checkpoint to None, run_after=None
[2026-06-03T12:53:54.370+0000] {processor.py:183} INFO - Processing /opt/airflow/dags/dag_dq_checkpoint.py took 0.277 seconds
[2026-06-03T12:54:24.839+0000] {processor.py:161} INFO - Started process (PID=6646) to work on /opt/airflow/dags/dag_dq_checkpoint.py
[2026-06-03T12:54:24.848+0000] {processor.py:830} INFO - Processing file /opt/airflow/dags/dag_dq_checkpoint.py for tasks to queue
[2026-06-03T12:54:24.854+0000] {logging_mixin.py:188} INFO - [2026-06-03T12:54:24.853+0000] {dagbag.py:540} INFO - Filling up the DagBag from /opt/airflow/dags/dag_dq_checkpoint.py
[2026-06-03T12:54:24.924+0000] {processor.py:840} INFO - DAG(s) 'neuralretail_dq_checkpoint' retrieved from /opt/airflow/dags/dag_dq_checkpoint.py
[2026-06-03T12:54:24.988+0000] {logging_mixin.py:188} INFO - [2026-06-03T12:54:24.988+0000] {dag.py:3096} INFO - Sync 1 DAGs
[2026-06-03T12:54:25.010+0000] {logging_mixin.py:188} INFO - [2026-06-03T12:54:25.010+0000] {dag.py:3954} INFO - Setting next_dagrun for neuralretail_dq_checkpoint to None, run_after=None
[2026-06-03T12:54:25.054+0000] {processor.py:183} INFO - Processing /opt/airflow/dags/dag_dq_checkpoint.py took 0.231 seconds
[2026-06-03T12:54:55.608+0000] {processor.py:161} INFO - Started process (PID=6664) to work on /opt/airflow/dags/dag_dq_checkpoint.py
[2026-06-03T12:54:55.609+0000] {processor.py:830} INFO - Processing file /opt/airflow/dags/dag_dq_checkpoint.py for tasks to queue
[2026-06-03T12:54:55.611+0000] {logging_mixin.py:188} INFO - [2026-06-03T12:54:55.610+0000] {dagbag.py:540} INFO - Filling up the DagBag from /opt/airflow/dags/dag_dq_checkpoint.py
[2026-06-03T12:54:55.665+0000] {processor.py:840} INFO - DAG(s) 'neuralretail_dq_checkpoint' retrieved from /opt/airflow/dags/dag_dq_checkpoint.py
[2026-06-03T12:54:55.707+0000] {logging_mixin.py:188} INFO - [2026-06-03T12:54:55.707+0000] {dag.py:3096} INFO - Sync 1 DAGs
[2026-06-03T12:54:55.719+0000] {logging_mixin.py:188} INFO - [2026-06-03T12:54:55.719+0000] {dag.py:3954} INFO - Setting next_dagrun for neuralretail_dq_checkpoint to None, run_after=None
[2026-06-03T12:54:55.741+0000] {processor.py:183} INFO - Processing /opt/airflow/dags/dag_dq_checkpoint.py took 0.139 seconds
[2026-06-03T12:55:26.084+0000] {processor.py:161} INFO - Started process (PID=6679) to work on /opt/airflow/dags/dag_dq_checkpoint.py
[2026-06-03T12:55:26.085+0000] {processor.py:830} INFO - Processing file /opt/airflow/dags/dag_dq_checkpoint.py for tasks to queue
[2026-06-03T12:55:26.088+0000] {logging_mixin.py:188} INFO - [2026-06-03T12:55:26.087+0000] {dagbag.py:540} INFO - Filling up the DagBag from /opt/airflow/dags/dag_dq_checkpoint.py
[2026-06-03T12:55:26.132+0000] {processor.py:840} INFO - DAG(s) 'neuralretail_dq_checkpoint' retrieved from /opt/airflow/dags/dag_dq_checkpoint.py
[2026-06-03T12:55:26.181+0000] {logging_mixin.py:188} INFO - [2026-06-03T12:55:26.181+0000] {dag.py:3096} INFO - Sync 1 DAGs
[2026-06-03T12:55:26.196+0000] {logging_mixin.py:188} INFO - [2026-06-03T12:55:26.196+0000] {dag.py:3954} INFO - Setting next_dagrun for neuralretail_dq_checkpoint to None, run_after=None
[2026-06-03T12:55:26.215+0000] {processor.py:183} INFO - Processing /opt/airflow/dags/dag_dq_checkpoint.py took 0.137 seconds
[2026-06-03T12:55:56.637+0000] {processor.py:161} INFO - Started process (PID=6699) to work on /opt/airflow/dags/dag_dq_checkpoint.py
[2026-06-03T12:55:56.640+0000] {processor.py:830} INFO - Processing file /opt/airflow/dags/dag_dq_checkpoint.py for tasks to queue
[2026-06-03T12:55:56.647+0000] {logging_mixin.py:188} INFO - [2026-06-03T12:55:56.646+0000] {dagbag.py:540} INFO - Filling up the DagBag from /opt/airflow/dags/dag_dq_checkpoint.py
[2026-06-03T12:55:56.710+0000] {processor.py:840} INFO - DAG(s) 'neuralretail_dq_checkpoint' retrieved from /opt/airflow/dags/dag_dq_checkpoint.py
[2026-06-03T12:55:56.754+0000] {logging_mixin.py:188} INFO - [2026-06-03T12:55:56.753+0000] {dag.py:3096} INFO - Sync 1 DAGs
[2026-06-03T12:55:56.765+0000] {logging_mixin.py:188} INFO - [2026-06-03T12:55:56.764+0000] {dag.py:3954} INFO - Setting next_dagrun for neuralretail_dq_checkpoint to None, run_after=None
[2026-06-03T12:55:56.783+0000] {processor.py:183} INFO - Processing /opt/airflow/dags/dag_dq_checkpoint.py took 0.155 seconds
[2026-06-03T12:56:27.988+0000] {processor.py:161} INFO - Started process (PID=6724) to work on /opt/airflow/dags/dag_dq_checkpoint.py
[2026-06-03T12:56:27.991+0000] {processor.py:830} INFO - Processing file /opt/airflow/dags/dag_dq_checkpoint.py for tasks to queue
[2026-06-03T12:56:27.994+0000] {logging_mixin.py:188} INFO - [2026-06-03T12:56:27.994+0000] {dagbag.py:540} INFO - Filling up the DagBag from /opt/airflow/dags/dag_dq_checkpoint.py
[2026-06-03T12:56:28.077+0000] {processor.py:840} INFO - DAG(s) 'neuralretail_dq_checkpoint' retrieved from /opt/airflow/dags/dag_dq_checkpoint.py
[2026-06-03T12:56:28.156+0000] {logging_mixin.py:188} INFO - [2026-06-03T12:56:28.155+0000] {dag.py:3096} INFO - Sync 1 DAGs
[2026-06-03T12:56:28.175+0000] {logging_mixin.py:188} INFO - [2026-06-03T12:56:28.175+0000] {dag.py:3954} INFO - Setting next_dagrun for neuralretail_dq_checkpoint to None, run_after=None
[2026-06-03T12:56:28.197+0000] {processor.py:183} INFO - Processing /opt/airflow/dags/dag_dq_checkpoint.py took 0.222 seconds
[2026-06-03T12:56:58.685+0000] {processor.py:161} INFO - Started process (PID=6744) to work on /opt/airflow/dags/dag_dq_checkpoint.py
[2026-06-03T12:56:58.687+0000] {processor.py:830} INFO - Processing file /opt/airflow/dags/dag_dq_checkpoint.py for tasks to queue
[2026-06-03T12:56:58.689+0000] {logging_mixin.py:188} INFO - [2026-06-03T12:56:58.689+0000] {dagbag.py:540} INFO - Filling up the DagBag from /opt/airflow/dags/dag_dq_checkpoint.py
[2026-06-03T12:56:58.755+0000] {processor.py:840} INFO - DAG(s) 'neuralretail_dq_checkpoint' retrieved from /opt/airflow/dags/dag_dq_checkpoint.py
[2026-06-03T12:56:58.854+0000] {logging_mixin.py:188} INFO - [2026-06-03T12:56:58.853+0000] {dag.py:3096} INFO - Sync 1 DAGs
[2026-06-03T12:56:58.875+0000] {logging_mixin.py:188} INFO - [2026-06-03T12:56:58.874+0000] {dag.py:3954} INFO - Setting next_dagrun for neuralretail_dq_checkpoint to None, run_after=None
[2026-06-03T12:56:58.916+0000] {processor.py:183} INFO - Processing /opt/airflow/dags/dag_dq_checkpoint.py took 0.238 seconds
[2026-06-03T12:57:29.525+0000] {processor.py:161} INFO - Started process (PID=6766) to work on /opt/airflow/dags/dag_dq_checkpoint.py
[2026-06-03T12:57:29.528+0000] {processor.py:830} INFO - Processing file /opt/airflow/dags/dag_dq_checkpoint.py for tasks to queue
[2026-06-03T12:57:29.533+0000] {logging_mixin.py:188} INFO - [2026-06-03T12:57:29.532+0000] {dagbag.py:540} INFO - Filling up the DagBag from /opt/airflow/dags/dag_dq_checkpoint.py
[2026-06-03T12:57:29.671+0000] {processor.py:840} INFO - DAG(s) 'neuralretail_dq_checkpoint' retrieved from /opt/airflow/dags/dag_dq_checkpoint.py
[2026-06-03T12:57:29.735+0000] {logging_mixin.py:188} INFO - [2026-06-03T12:57:29.734+0000] {dag.py:3096} INFO - Sync 1 DAGs
[2026-06-03T12:57:29.887+0000] {logging_mixin.py:188} INFO - [2026-06-03T12:57:29.887+0000] {dag.py:3954} INFO - Setting next_dagrun for neuralretail_dq_checkpoint to None, run_after=None
[2026-06-03T12:57:29.925+0000] {processor.py:183} INFO - Processing /opt/airflow/dags/dag_dq_checkpoint.py took 0.411 seconds
[2026-06-03T12:58:00.676+0000] {processor.py:161} INFO - Started process (PID=6786) to work on /opt/airflow/dags/dag_dq_checkpoint.py
[2026-06-03T12:58:00.684+0000] {processor.py:830} INFO - Processing file /opt/airflow/dags/dag_dq_checkpoint.py for tasks to queue
[2026-06-03T12:58:00.691+0000] {logging_mixin.py:188} INFO - [2026-06-03T12:58:00.690+0000] {dagbag.py:540} INFO - Filling up the DagBag from /opt/airflow/dags/dag_dq_checkpoint.py
[2026-06-03T12:58:00.767+0000] {processor.py:840} INFO - DAG(s) 'neuralretail_dq_checkpoint' retrieved from /opt/airflow/dags/dag_dq_checkpoint.py
[2026-06-03T12:58:00.833+0000] {logging_mixin.py:188} INFO - [2026-06-03T12:58:00.833+0000] {dag.py:3096} INFO - Sync 1 DAGs
[2026-06-03T12:58:00.852+0000] {logging_mixin.py:188} INFO - [2026-06-03T12:58:00.852+0000] {dag.py:3954} INFO - Setting next_dagrun for neuralretail_dq_checkpoint to None, run_after=None
[2026-06-03T12:58:00.874+0000] {processor.py:183} INFO - Processing /opt/airflow/dags/dag_dq_checkpoint.py took 0.210 seconds
[2026-06-03T12:58:31.448+0000] {processor.py:161} INFO - Started process (PID=6806) to work on /opt/airflow/dags/dag_dq_checkpoint.py
[2026-06-03T12:58:31.450+0000] {processor.py:830} INFO - Processing file /opt/airflow/dags/dag_dq_checkpoint.py for tasks to queue
[2026-06-03T12:58:31.453+0000] {logging_mixin.py:188} INFO - [2026-06-03T12:58:31.453+0000] {dagbag.py:540} INFO - Filling up the DagBag from /opt/airflow/dags/dag_dq_checkpoint.py
[2026-06-03T12:58:31.524+0000] {processor.py:840} INFO - DAG(s) 'neuralretail_dq_checkpoint' retrieved from /opt/airflow/dags/dag_dq_checkpoint.py
[2026-06-03T12:58:31.690+0000] {logging_mixin.py:188} INFO - [2026-06-03T12:58:31.689+0000] {dag.py:3096} INFO - Sync 1 DAGs
[2026-06-03T12:58:31.715+0000] {logging_mixin.py:188} INFO - [2026-06-03T12:58:31.715+0000] {dag.py:3954} INFO - Setting next_dagrun for neuralretail_dq_checkpoint to None, run_after=None
[2026-06-03T12:58:31.761+0000] {processor.py:183} INFO - Processing /opt/airflow/dags/dag_dq_checkpoint.py took 0.320 seconds
[2026-06-03T12:59:02.176+0000] {processor.py:161} INFO - Started process (PID=6826) to work on /opt/airflow/dags/dag_dq_checkpoint.py
[2026-06-03T12:59:02.178+0000] {processor.py:830} INFO - Processing file /opt/airflow/dags/dag_dq_checkpoint.py for tasks to queue
[2026-06-03T12:59:02.180+0000] {logging_mixin.py:188} INFO - [2026-06-03T12:59:02.180+0000] {dagbag.py:540} INFO - Filling up the DagBag from /opt/airflow/dags/dag_dq_checkpoint.py
[2026-06-03T12:59:02.258+0000] {processor.py:840} INFO - DAG(s) 'neuralretail_dq_checkpoint' retrieved from /opt/airflow/dags/dag_dq_checkpoint.py
[2026-06-03T12:59:02.328+0000] {logging_mixin.py:188} INFO - [2026-06-03T12:59:02.327+0000] {dag.py:3096} INFO - Sync 1 DAGs
[2026-06-03T12:59:02.350+0000] {logging_mixin.py:188} INFO - [2026-06-03T12:59:02.349+0000] {dag.py:3954} INFO - Setting next_dagrun for neuralretail_dq_checkpoint to None, run_after=None
[2026-06-03T12:59:02.391+0000] {processor.py:183} INFO - Processing /opt/airflow/dags/dag_dq_checkpoint.py took 0.224 seconds
[2026-06-03T12:59:33.250+0000] {processor.py:161} INFO - Started process (PID=6846) to work on /opt/airflow/dags/dag_dq_checkpoint.py
[2026-06-03T12:59:33.252+0000] {processor.py:830} INFO - Processing file /opt/airflow/dags/dag_dq_checkpoint.py for tasks to queue
[2026-06-03T12:59:33.258+0000] {logging_mixin.py:188} INFO - [2026-06-03T12:59:33.257+0000] {dagbag.py:540} INFO - Filling up the DagBag from /opt/airflow/dags/dag_dq_checkpoint.py
[2026-06-03T12:59:33.300+0000] {processor.py:840} INFO - DAG(s) 'neuralretail_dq_checkpoint' retrieved from /opt/airflow/dags/dag_dq_checkpoint.py
[2026-06-03T12:59:33.359+0000] {logging_mixin.py:188} INFO - [2026-06-03T12:59:33.359+0000] {dag.py:3096} INFO - Sync 1 DAGs
[2026-06-03T12:59:33.374+0000] {logging_mixin.py:188} INFO - [2026-06-03T12:59:33.374+0000] {dag.py:3954} INFO - Setting next_dagrun for neuralretail_dq_checkpoint to None, run_after=None
[2026-06-03T12:59:33.400+0000] {processor.py:183} INFO - Processing /opt/airflow/dags/dag_dq_checkpoint.py took 0.161 seconds
[2026-06-03T13:00:04.397+0000] {processor.py:161} INFO - Started process (PID=6866) to work on /opt/airflow/dags/dag_dq_checkpoint.py
[2026-06-03T13:00:04.398+0000] {processor.py:830} INFO - Processing file /opt/airflow/dags/dag_dq_checkpoint.py for tasks to queue
[2026-06-03T13:00:04.402+0000] {logging_mixin.py:188} INFO - [2026-06-03T13:00:04.401+0000] {dagbag.py:540} INFO - Filling up the DagBag from /opt/airflow/dags/dag_dq_checkpoint.py
[2026-06-03T13:00:04.479+0000] {processor.py:840} INFO - DAG(s) 'neuralretail_dq_checkpoint' retrieved from /opt/airflow/dags/dag_dq_checkpoint.py
[2026-06-03T13:00:04.529+0000] {logging_mixin.py:188} INFO - [2026-06-03T13:00:04.529+0000] {dag.py:3096} INFO - Sync 1 DAGs
[2026-06-03T13:00:04.539+0000] {logging_mixin.py:188} INFO - [2026-06-03T13:00:04.539+0000] {dag.py:3954} INFO - Setting next_dagrun for neuralretail_dq_checkpoint to None, run_after=None
[2026-06-03T13:00:04.563+0000] {processor.py:183} INFO - Processing /opt/airflow/dags/dag_dq_checkpoint.py took 0.175 seconds
[2026-06-03T13:00:35.312+0000] {processor.py:161} INFO - Started process (PID=6886) to work on /opt/airflow/dags/dag_dq_checkpoint.py
[2026-06-03T13:00:35.316+0000] {processor.py:830} INFO - Processing file /opt/airflow/dags/dag_dq_checkpoint.py for tasks to queue
[2026-06-03T13:00:35.321+0000] {logging_mixin.py:188} INFO - [2026-06-03T13:00:35.320+0000] {dagbag.py:540} INFO - Filling up the DagBag from /opt/airflow/dags/dag_dq_checkpoint.py
[2026-06-03T13:00:35.499+0000] {processor.py:840} INFO - DAG(s) 'neuralretail_dq_checkpoint' retrieved from /opt/airflow/dags/dag_dq_checkpoint.py
[2026-06-03T13:00:35.584+0000] {logging_mixin.py:188} INFO - [2026-06-03T13:00:35.583+0000] {dag.py:3096} INFO - Sync 1 DAGs
[2026-06-03T13:00:35.601+0000] {logging_mixin.py:188} INFO - [2026-06-03T13:00:35.601+0000] {dag.py:3954} INFO - Setting next_dagrun for neuralretail_dq_checkpoint to None, run_after=None
[2026-06-03T13:00:35.650+0000] {processor.py:183} INFO - Processing /opt/airflow/dags/dag_dq_checkpoint.py took 0.347 seconds
[2026-06-03T13:01:06.312+0000] {processor.py:161} INFO - Started process (PID=6906) to work on /opt/airflow/dags/dag_dq_checkpoint.py
[2026-06-03T13:01:06.315+0000] {processor.py:830} INFO - Processing file /opt/airflow/dags/dag_dq_checkpoint.py for tasks to queue
[2026-06-03T13:01:06.317+0000] {logging_mixin.py:188} INFO - [2026-06-03T13:01:06.317+0000] {dagbag.py:540} INFO - Filling up the DagBag from /opt/airflow/dags/dag_dq_checkpoint.py
[2026-06-03T13:01:06.380+0000] {processor.py:840} INFO - DAG(s) 'neuralretail_dq_checkpoint' retrieved from /opt/airflow/dags/dag_dq_checkpoint.py
[2026-06-03T13:01:06.425+0000] {logging_mixin.py:188} INFO - [2026-06-03T13:01:06.425+0000] {dag.py:3096} INFO - Sync 1 DAGs
[2026-06-03T13:01:06.443+0000] {logging_mixin.py:188} INFO - [2026-06-03T13:01:06.443+0000] {dag.py:3954} INFO - Setting next_dagrun for neuralretail_dq_checkpoint to None, run_after=None
[2026-06-03T13:01:06.470+0000] {processor.py:183} INFO - Processing /opt/airflow/dags/dag_dq_checkpoint.py took 0.167 seconds
[2026-06-03T13:01:37.548+0000] {processor.py:161} INFO - Started process (PID=6926) to work on /opt/airflow/dags/dag_dq_checkpoint.py
[2026-06-03T13:01:37.550+0000] {processor.py:830} INFO - Processing file /opt/airflow/dags/dag_dq_checkpoint.py for tasks to queue
[2026-06-03T13:01:37.553+0000] {logging_mixin.py:188} INFO - [2026-06-03T13:01:37.551+0000] {dagbag.py:540} INFO - Filling up the DagBag from /opt/airflow/dags/dag_dq_checkpoint.py
[2026-06-03T13:01:37.615+0000] {processor.py:840} INFO - DAG(s) 'neuralretail_dq_checkpoint' retrieved from /opt/airflow/dags/dag_dq_checkpoint.py
[2026-06-03T13:01:37.672+0000] {logging_mixin.py:188} INFO - [2026-06-03T13:01:37.672+0000] {dag.py:3096} INFO - Sync 1 DAGs
[2026-06-03T13:01:37.695+0000] {logging_mixin.py:188} INFO - [2026-06-03T13:01:37.695+0000] {dag.py:3954} INFO - Setting next_dagrun for neuralretail_dq_checkpoint to None, run_after=None
[2026-06-03T13:01:37.746+0000] {processor.py:183} INFO - Processing /opt/airflow/dags/dag_dq_checkpoint.py took 0.207 seconds
[2026-06-03T13:02:09.207+0000] {processor.py:161} INFO - Started process (PID=6946) to work on /opt/airflow/dags/dag_dq_checkpoint.py
[2026-06-03T13:02:09.213+0000] {processor.py:830} INFO - Processing file /opt/airflow/dags/dag_dq_checkpoint.py for tasks to queue
[2026-06-03T13:02:09.219+0000] {logging_mixin.py:188} INFO - [2026-06-03T13:02:09.218+0000] {dagbag.py:540} INFO - Filling up the DagBag from /opt/airflow/dags/dag_dq_checkpoint.py
[2026-06-03T13:02:09.328+0000] {processor.py:840} INFO - DAG(s) 'neuralretail_dq_checkpoint' retrieved from /opt/airflow/dags/dag_dq_checkpoint.py
[2026-06-03T13:02:09.422+0000] {logging_mixin.py:188} INFO - [2026-06-03T13:02:09.421+0000] {dag.py:3096} INFO - Sync 1 DAGs
[2026-06-03T13:02:09.453+0000] {logging_mixin.py:188} INFO - [2026-06-03T13:02:09.453+0000] {dag.py:3954} INFO - Setting next_dagrun for neuralretail_dq_checkpoint to None, run_after=None
[2026-06-03T13:02:09.508+0000] {processor.py:183} INFO - Processing /opt/airflow/dags/dag_dq_checkpoint.py took 0.312 seconds
[2026-06-03T13:02:39.884+0000] {processor.py:161} INFO - Started process (PID=6966) to work on /opt/airflow/dags/dag_dq_checkpoint.py
[2026-06-03T13:02:39.886+0000] {processor.py:830} INFO - Processing file /opt/airflow/dags/dag_dq_checkpoint.py for tasks to queue
[2026-06-03T13:02:39.890+0000] {logging_mixin.py:188} INFO - [2026-06-03T13:02:39.889+0000] {dagbag.py:540} INFO - Filling up the DagBag from /opt/airflow/dags/dag_dq_checkpoint.py
[2026-06-03T13:02:39.932+0000] {processor.py:840} INFO - DAG(s) 'neuralretail_dq_checkpoint' retrieved from /opt/airflow/dags/dag_dq_checkpoint.py
[2026-06-03T13:02:40.014+0000] {logging_mixin.py:188} INFO - [2026-06-03T13:02:40.014+0000] {dag.py:3096} INFO - Sync 1 DAGs
[2026-06-03T13:02:40.032+0000] {logging_mixin.py:188} INFO - [2026-06-03T13:02:40.032+0000] {dag.py:3954} INFO - Setting next_dagrun for neuralretail_dq_checkpoint to None, run_after=None
[2026-06-03T13:02:40.066+0000] {processor.py:183} INFO - Processing /opt/airflow/dags/dag_dq_checkpoint.py took 0.188 seconds
[2026-06-03T13:03:11.160+0000] {processor.py:161} INFO - Started process (PID=6986) to work on /opt/airflow/dags/dag_dq_checkpoint.py
[2026-06-03T13:03:11.162+0000] {processor.py:830} INFO - Processing file /opt/airflow/dags/dag_dq_checkpoint.py for tasks to queue
[2026-06-03T13:03:11.166+0000] {logging_mixin.py:188} INFO - [2026-06-03T13:03:11.165+0000] {dagbag.py:540} INFO - Filling up the DagBag from /opt/airflow/dags/dag_dq_checkpoint.py
[2026-06-03T13:03:11.312+0000] {processor.py:840} INFO - DAG(s) 'neuralretail_dq_checkpoint' retrieved from /opt/airflow/dags/dag_dq_checkpoint.py
[2026-06-03T13:03:11.400+0000] {logging_mixin.py:188} INFO - [2026-06-03T13:03:11.399+0000] {dag.py:3096} INFO - Sync 1 DAGs
[2026-06-03T13:03:11.432+0000] {logging_mixin.py:188} INFO - [2026-06-03T13:03:11.432+0000] {dag.py:3954} INFO - Setting next_dagrun for neuralretail_dq_checkpoint to None, run_after=None
[2026-06-03T13:03:11.489+0000] {processor.py:183} INFO - Processing /opt/airflow/dags/dag_dq_checkpoint.py took 0.347 seconds
[2026-06-03T13:03:41.933+0000] {processor.py:161} INFO - Started process (PID=7006) to work on /opt/airflow/dags/dag_dq_checkpoint.py
[2026-06-03T13:03:41.942+0000] {processor.py:830} INFO - Processing file /opt/airflow/dags/dag_dq_checkpoint.py for tasks to queue
[2026-06-03T13:03:41.949+0000] {logging_mixin.py:188} INFO - [2026-06-03T13:03:41.949+0000] {dagbag.py:540} INFO - Filling up the DagBag from /opt/airflow/dags/dag_dq_checkpoint.py
[2026-06-03T13:03:42.096+0000] {processor.py:840} INFO - DAG(s) 'neuralretail_dq_checkpoint' retrieved from /opt/airflow/dags/dag_dq_checkpoint.py
[2026-06-03T13:03:42.173+0000] {logging_mixin.py:188} INFO - [2026-06-03T13:03:42.172+0000] {dag.py:3096} INFO - Sync 1 DAGs
[2026-06-03T13:03:42.188+0000] {logging_mixin.py:188} INFO - [2026-06-03T13:03:42.187+0000] {dag.py:3954} INFO - Setting next_dagrun for neuralretail_dq_checkpoint to None, run_after=None
[2026-06-03T13:03:42.218+0000] {processor.py:183} INFO - Processing /opt/airflow/dags/dag_dq_checkpoint.py took 0.299 seconds
[2026-06-03T13:04:12.608+0000] {processor.py:161} INFO - Started process (PID=7026) to work on /opt/airflow/dags/dag_dq_checkpoint.py
[2026-06-03T13:04:12.609+0000] {processor.py:830} INFO - Processing file /opt/airflow/dags/dag_dq_checkpoint.py for tasks to queue
[2026-06-03T13:04:12.611+0000] {logging_mixin.py:188} INFO - [2026-06-03T13:04:12.611+0000] {dagbag.py:540} INFO - Filling up the DagBag from /opt/airflow/dags/dag_dq_checkpoint.py
[2026-06-03T13:04:12.660+0000] {processor.py:840} INFO - DAG(s) 'neuralretail_dq_checkpoint' retrieved from /opt/airflow/dags/dag_dq_checkpoint.py
[2026-06-03T13:04:12.716+0000] {logging_mixin.py:188} INFO - [2026-06-03T13:04:12.716+0000] {dag.py:3096} INFO - Sync 1 DAGs
[2026-06-03T13:04:12.743+0000] {logging_mixin.py:188} INFO - [2026-06-03T13:04:12.742+0000] {dag.py:3954} INFO - Setting next_dagrun for neuralretail_dq_checkpoint to None, run_after=None
[2026-06-03T13:04:12.789+0000] {processor.py:183} INFO - Processing /opt/airflow/dags/dag_dq_checkpoint.py took 0.189 seconds
[2026-06-03T13:04:43.273+0000] {processor.py:161} INFO - Started process (PID=7046) to work on /opt/airflow/dags/dag_dq_checkpoint.py
[2026-06-03T13:04:43.276+0000] {processor.py:830} INFO - Processing file /opt/airflow/dags/dag_dq_checkpoint.py for tasks to queue
[2026-06-03T13:04:43.280+0000] {logging_mixin.py:188} INFO - [2026-06-03T13:04:43.279+0000] {dagbag.py:540} INFO - Filling up the DagBag from /opt/airflow/dags/dag_dq_checkpoint.py
[2026-06-03T13:04:43.343+0000] {processor.py:840} INFO - DAG(s) 'neuralretail_dq_checkpoint' retrieved from /opt/airflow/dags/dag_dq_checkpoint.py
[2026-06-03T13:04:43.397+0000] {logging_mixin.py:188} INFO - [2026-06-03T13:04:43.397+0000] {dag.py:3096} INFO - Sync 1 DAGs
[2026-06-03T13:04:43.414+0000] {logging_mixin.py:188} INFO - [2026-06-03T13:04:43.414+0000] {dag.py:3954} INFO - Setting next_dagrun for neuralretail_dq_checkpoint to None, run_after=None
[2026-06-03T13:04:43.436+0000] {processor.py:183} INFO - Processing /opt/airflow/dags/dag_dq_checkpoint.py took 0.170 seconds
[2026-06-03T13:05:14.614+0000] {processor.py:161} INFO - Started process (PID=7066) to work on /opt/airflow/dags/dag_dq_checkpoint.py
[2026-06-03T13:05:14.618+0000] {processor.py:830} INFO - Processing file /opt/airflow/dags/dag_dq_checkpoint.py for tasks to queue
[2026-06-03T13:05:14.624+0000] {logging_mixin.py:188} INFO - [2026-06-03T13:05:14.623+0000] {dagbag.py:540} INFO - Filling up the DagBag from /opt/airflow/dags/dag_dq_checkpoint.py
[2026-06-03T13:05:14.754+0000] {processor.py:840} INFO - DAG(s) 'neuralretail_dq_checkpoint' retrieved from /opt/airflow/dags/dag_dq_checkpoint.py
[2026-06-03T13:05:14.855+0000] {logging_mixin.py:188} INFO - [2026-06-03T13:05:14.855+0000] {dag.py:3096} INFO - Sync 1 DAGs
[2026-06-03T13:05:14.886+0000] {logging_mixin.py:188} INFO - [2026-06-03T13:05:14.885+0000] {dag.py:3954} INFO - Setting next_dagrun for neuralretail_dq_checkpoint to None, run_after=None
[2026-06-03T13:05:14.935+0000] {processor.py:183} INFO - Processing /opt/airflow/dags/dag_dq_checkpoint.py took 0.334 seconds
[2026-06-03T13:05:45.447+0000] {processor.py:161} INFO - Started process (PID=7086) to work on /opt/airflow/dags/dag_dq_checkpoint.py
[2026-06-03T13:05:45.454+0000] {processor.py:830} INFO - Processing file /opt/airflow/dags/dag_dq_checkpoint.py for tasks to queue
[2026-06-03T13:05:45.457+0000] {logging_mixin.py:188} INFO - [2026-06-03T13:05:45.457+0000] {dagbag.py:540} INFO - Filling up the DagBag from /opt/airflow/dags/dag_dq_checkpoint.py
[2026-06-03T13:05:45.583+0000] {processor.py:840} INFO - DAG(s) 'neuralretail_dq_checkpoint' retrieved from /opt/airflow/dags/dag_dq_checkpoint.py
[2026-06-03T13:05:45.735+0000] {logging_mixin.py:188} INFO - [2026-06-03T13:05:45.735+0000] {dag.py:3096} INFO - Sync 1 DAGs
[2026-06-03T13:05:45.752+0000] {logging_mixin.py:188} INFO - [2026-06-03T13:05:45.752+0000] {dag.py:3954} INFO - Setting next_dagrun for neuralretail_dq_checkpoint to None, run_after=None
[2026-06-03T13:05:45.784+0000] {processor.py:183} INFO - Processing /opt/airflow/dags/dag_dq_checkpoint.py took 0.346 seconds
[2026-06-03T13:06:16.191+0000] {processor.py:161} INFO - Started process (PID=7104) to work on /opt/airflow/dags/dag_dq_checkpoint.py
[2026-06-03T13:06:16.193+0000] {processor.py:830} INFO - Processing file /opt/airflow/dags/dag_dq_checkpoint.py for tasks to queue
[2026-06-03T13:06:16.196+0000] {logging_mixin.py:188} INFO - [2026-06-03T13:06:16.196+0000] {dagbag.py:540} INFO - Filling up the DagBag from /opt/airflow/dags/dag_dq_checkpoint.py
[2026-06-03T13:06:16.275+0000] {processor.py:840} INFO - DAG(s) 'neuralretail_dq_checkpoint' retrieved from /opt/airflow/dags/dag_dq_checkpoint.py
[2026-06-03T13:06:16.333+0000] {logging_mixin.py:188} INFO - [2026-06-03T13:06:16.333+0000] {dag.py:3096} INFO - Sync 1 DAGs
[2026-06-03T13:06:16.352+0000] {logging_mixin.py:188} INFO - [2026-06-03T13:06:16.351+0000] {dag.py:3954} INFO - Setting next_dagrun for neuralretail_dq_checkpoint to None, run_after=None
[2026-06-03T13:06:16.389+0000] {processor.py:183} INFO - Processing /opt/airflow/dags/dag_dq_checkpoint.py took 0.205 seconds
[2026-06-03T13:06:47.758+0000] {processor.py:161} INFO - Started process (PID=7126) to work on /opt/airflow/dags/dag_dq_checkpoint.py
[2026-06-03T13:06:47.783+0000] {processor.py:830} INFO - Processing file /opt/airflow/dags/dag_dq_checkpoint.py for tasks to queue
[2026-06-03T13:06:47.803+0000] {logging_mixin.py:188} INFO - [2026-06-03T13:06:47.802+0000] {dagbag.py:540} INFO - Filling up the DagBag from /opt/airflow/dags/dag_dq_checkpoint.py
[2026-06-03T13:06:47.884+0000] {processor.py:840} INFO - DAG(s) 'neuralretail_dq_checkpoint' retrieved from /opt/airflow/dags/dag_dq_checkpoint.py
[2026-06-03T13:06:47.927+0000] {logging_mixin.py:188} INFO - [2026-06-03T13:06:47.927+0000] {dag.py:3096} INFO - Sync 1 DAGs
[2026-06-03T13:06:47.944+0000] {logging_mixin.py:188} INFO - [2026-06-03T13:06:47.944+0000] {dag.py:3954} INFO - Setting next_dagrun for neuralretail_dq_checkpoint to None, run_after=None
[2026-06-03T13:06:47.964+0000] {processor.py:183} INFO - Processing /opt/airflow/dags/dag_dq_checkpoint.py took 0.224 seconds
[2026-06-03T13:07:18.131+0000] {processor.py:161} INFO - Started process (PID=7146) to work on /opt/airflow/dags/dag_dq_checkpoint.py
[2026-06-03T13:07:18.134+0000] {processor.py:830} INFO - Processing file /opt/airflow/dags/dag_dq_checkpoint.py for tasks to queue
[2026-06-03T13:07:18.140+0000] {logging_mixin.py:188} INFO - [2026-06-03T13:07:18.138+0000] {dagbag.py:540} INFO - Filling up the DagBag from /opt/airflow/dags/dag_dq_checkpoint.py
[2026-06-03T13:07:18.213+0000] {processor.py:840} INFO - DAG(s) 'neuralretail_dq_checkpoint' retrieved from /opt/airflow/dags/dag_dq_checkpoint.py
[2026-06-03T13:07:18.266+0000] {logging_mixin.py:188} INFO - [2026-06-03T13:07:18.265+0000] {dag.py:3096} INFO - Sync 1 DAGs
[2026-06-03T13:07:18.276+0000] {logging_mixin.py:188} INFO - [2026-06-03T13:07:18.276+0000] {dag.py:3954} INFO - Setting next_dagrun for neuralretail_dq_checkpoint to None, run_after=None
[2026-06-03T13:07:18.298+0000] {processor.py:183} INFO - Processing /opt/airflow/dags/dag_dq_checkpoint.py took 0.179 seconds
[2026-06-03T13:07:48.694+0000] {processor.py:161} INFO - Started process (PID=7166) to work on /opt/airflow/dags/dag_dq_checkpoint.py
[2026-06-03T13:07:48.696+0000] {processor.py:830} INFO - Processing file /opt/airflow/dags/dag_dq_checkpoint.py for tasks to queue
[2026-06-03T13:07:48.698+0000] {logging_mixin.py:188} INFO - [2026-06-03T13:07:48.698+0000] {dagbag.py:540} INFO - Filling up the DagBag from /opt/airflow/dags/dag_dq_checkpoint.py
[2026-06-03T13:07:48.747+0000] {processor.py:840} INFO - DAG(s) 'neuralretail_dq_checkpoint' retrieved from /opt/airflow/dags/dag_dq_checkpoint.py
[2026-06-03T13:07:48.780+0000] {logging_mixin.py:188} INFO - [2026-06-03T13:07:48.779+0000] {dag.py:3096} INFO - Sync 1 DAGs
[2026-06-03T13:07:48.790+0000] {logging_mixin.py:188} INFO - [2026-06-03T13:07:48.790+0000] {dag.py:3954} INFO - Setting next_dagrun for neuralretail_dq_checkpoint to None, run_after=None
[2026-06-03T13:07:48.809+0000] {processor.py:183} INFO - Processing /opt/airflow/dags/dag_dq_checkpoint.py took 0.121 seconds
[2026-06-03T13:08:21.022+0000] {processor.py:161} INFO - Started process (PID=7186) to work on /opt/airflow/dags/dag_dq_checkpoint.py
[2026-06-03T13:08:21.025+0000] {processor.py:830} INFO - Processing file /opt/airflow/dags/dag_dq_checkpoint.py for tasks to queue
[2026-06-03T13:08:21.032+0000] {logging_mixin.py:188} INFO - [2026-06-03T13:08:21.030+0000] {dagbag.py:540} INFO - Filling up the DagBag from /opt/airflow/dags/dag_dq_checkpoint.py
[2026-06-03T13:08:21.124+0000] {processor.py:840} INFO - DAG(s) 'neuralretail_dq_checkpoint' retrieved from /opt/airflow/dags/dag_dq_checkpoint.py
[2026-06-03T13:08:21.298+0000] {logging_mixin.py:188} INFO - [2026-06-03T13:08:21.298+0000] {dag.py:3096} INFO - Sync 1 DAGs
[2026-06-03T13:08:21.314+0000] {logging_mixin.py:188} INFO - [2026-06-03T13:08:21.314+0000] {dag.py:3954} INFO - Setting next_dagrun for neuralretail_dq_checkpoint to None, run_after=None
[2026-06-03T13:08:21.342+0000] {processor.py:183} INFO - Processing /opt/airflow/dags/dag_dq_checkpoint.py took 0.329 seconds
[2026-06-03T13:08:51.679+0000] {processor.py:161} INFO - Started process (PID=7206) to work on /opt/airflow/dags/dag_dq_checkpoint.py
[2026-06-03T13:08:51.681+0000] {processor.py:830} INFO - Processing file /opt/airflow/dags/dag_dq_checkpoint.py for tasks to queue
[2026-06-03T13:08:51.684+0000] {logging_mixin.py:188} INFO - [2026-06-03T13:08:51.683+0000] {dagbag.py:540} INFO - Filling up the DagBag from /opt/airflow/dags/dag_dq_checkpoint.py
[2026-06-03T13:08:51.749+0000] {processor.py:840} INFO - DAG(s) 'neuralretail_dq_checkpoint' retrieved from /opt/airflow/dags/dag_dq_checkpoint.py
[2026-06-03T13:08:51.862+0000] {logging_mixin.py:188} INFO - [2026-06-03T13:08:51.862+0000] {dag.py:3096} INFO - Sync 1 DAGs
[2026-06-03T13:08:51.875+0000] {logging_mixin.py:188} INFO - [2026-06-03T13:08:51.875+0000] {dag.py:3954} INFO - Setting next_dagrun for neuralretail_dq_checkpoint to None, run_after=None
[2026-06-03T13:08:51.894+0000] {processor.py:183} INFO - Processing /opt/airflow/dags/dag_dq_checkpoint.py took 0.222 seconds
[2026-06-03T13:09:22.365+0000] {processor.py:161} INFO - Started process (PID=7226) to work on /opt/airflow/dags/dag_dq_checkpoint.py
[2026-06-03T13:09:22.367+0000] {processor.py:830} INFO - Processing file /opt/airflow/dags/dag_dq_checkpoint.py for tasks to queue
[2026-06-03T13:09:22.372+0000] {logging_mixin.py:188} INFO - [2026-06-03T13:09:22.371+0000] {dagbag.py:540} INFO - Filling up the DagBag from /opt/airflow/dags/dag_dq_checkpoint.py
[2026-06-03T13:09:22.444+0000] {processor.py:840} INFO - DAG(s) 'neuralretail_dq_checkpoint' retrieved from /opt/airflow/dags/dag_dq_checkpoint.py
[2026-06-03T13:09:22.516+0000] {logging_mixin.py:188} INFO - [2026-06-03T13:09:22.516+0000] {dag.py:3096} INFO - Sync 1 DAGs
[2026-06-03T13:09:22.540+0000] {logging_mixin.py:188} INFO - [2026-06-03T13:09:22.540+0000] {dag.py:3954} INFO - Setting next_dagrun for neuralretail_dq_checkpoint to None, run_after=None
[2026-06-03T13:09:22.571+0000] {processor.py:183} INFO - Processing /opt/airflow/dags/dag_dq_checkpoint.py took 0.219 seconds
[2026-06-03T13:09:53.530+0000] {processor.py:161} INFO - Started process (PID=7246) to work on /opt/airflow/dags/dag_dq_checkpoint.py
[2026-06-03T13:09:53.536+0000] {processor.py:830} INFO - Processing file /opt/airflow/dags/dag_dq_checkpoint.py for tasks to queue
[2026-06-03T13:09:53.549+0000] {logging_mixin.py:188} INFO - [2026-06-03T13:09:53.549+0000] {dagbag.py:540} INFO - Filling up the DagBag from /opt/airflow/dags/dag_dq_checkpoint.py
[2026-06-03T13:09:53.643+0000] {processor.py:840} INFO - DAG(s) 'neuralretail_dq_checkpoint' retrieved from /opt/airflow/dags/dag_dq_checkpoint.py
[2026-06-03T13:09:53.717+0000] {logging_mixin.py:188} INFO - [2026-06-03T13:09:53.716+0000] {dag.py:3096} INFO - Sync 1 DAGs
[2026-06-03T13:09:53.734+0000] {logging_mixin.py:188} INFO - [2026-06-03T13:09:53.734+0000] {dag.py:3954} INFO - Setting next_dagrun for neuralretail_dq_checkpoint to None, run_after=None
[2026-06-03T13:09:53.775+0000] {processor.py:183} INFO - Processing /opt/airflow/dags/dag_dq_checkpoint.py took 0.252 seconds
[2026-06-03T13:10:24.083+0000] {processor.py:161} INFO - Started process (PID=7264) to work on /opt/airflow/dags/dag_dq_checkpoint.py
[2026-06-03T13:10:24.084+0000] {processor.py:830} INFO - Processing file /opt/airflow/dags/dag_dq_checkpoint.py for tasks to queue
[2026-06-03T13:10:24.087+0000] {logging_mixin.py:188} INFO - [2026-06-03T13:10:24.086+0000] {dagbag.py:540} INFO - Filling up the DagBag from /opt/airflow/dags/dag_dq_checkpoint.py
[2026-06-03T13:10:24.337+0000] {processor.py:840} INFO - DAG(s) 'neuralretail_dq_checkpoint' retrieved from /opt/airflow/dags/dag_dq_checkpoint.py
[2026-06-03T13:10:24.440+0000] {logging_mixin.py:188} INFO - [2026-06-03T13:10:24.439+0000] {dag.py:3096} INFO - Sync 1 DAGs
[2026-06-03T13:10:24.458+0000] {logging_mixin.py:188} INFO - [2026-06-03T13:10:24.458+0000] {dag.py:3954} INFO - Setting next_dagrun for neuralretail_dq_checkpoint to None, run_after=None
[2026-06-03T13:10:24.497+0000] {processor.py:183} INFO - Processing /opt/airflow/dags/dag_dq_checkpoint.py took 0.422 seconds
[2026-06-03T13:10:55.331+0000] {processor.py:161} INFO - Started process (PID=7284) to work on /opt/airflow/dags/dag_dq_checkpoint.py
[2026-06-03T13:10:55.333+0000] {processor.py:830} INFO - Processing file /opt/airflow/dags/dag_dq_checkpoint.py for tasks to queue
[2026-06-03T13:10:55.339+0000] {logging_mixin.py:188} INFO - [2026-06-03T13:10:55.339+0000] {dagbag.py:540} INFO - Filling up the DagBag from /opt/airflow/dags/dag_dq_checkpoint.py
[2026-06-03T13:10:55.398+0000] {processor.py:840} INFO - DAG(s) 'neuralretail_dq_checkpoint' retrieved from /opt/airflow/dags/dag_dq_checkpoint.py
[2026-06-03T13:10:55.570+0000] {logging_mixin.py:188} INFO - [2026-06-03T13:10:55.570+0000] {dag.py:3096} INFO - Sync 1 DAGs
[2026-06-03T13:10:55.593+0000] {logging_mixin.py:188} INFO - [2026-06-03T13:10:55.593+0000] {dag.py:3954} INFO - Setting next_dagrun for neuralretail_dq_checkpoint to None, run_after=None
[2026-06-03T13:10:55.642+0000] {processor.py:183} INFO - Processing /opt/airflow/dags/dag_dq_checkpoint.py took 0.317 seconds
[2026-06-03T14:16:09.856+0000] {processor.py:161} INFO - Started process (PID=182) to work on /opt/airflow/dags/dag_dq_checkpoint.py
[2026-06-03T14:16:09.965+0000] {processor.py:830} INFO - Processing file /opt/airflow/dags/dag_dq_checkpoint.py for tasks to queue
[2026-06-03T14:16:10.144+0000] {logging_mixin.py:188} INFO - [2026-06-03T14:16:10.143+0000] {dagbag.py:540} INFO - Filling up the DagBag from /opt/airflow/dags/dag_dq_checkpoint.py
[2026-06-03T14:16:14.170+0000] {processor.py:840} INFO - DAG(s) 'neuralretail_dq_checkpoint' retrieved from /opt/airflow/dags/dag_dq_checkpoint.py
[2026-06-03T14:16:16.134+0000] {logging_mixin.py:188} INFO - [2026-06-03T14:16:16.134+0000] {dag.py:3096} INFO - Sync 1 DAGs
[2026-06-03T14:16:16.284+0000] {logging_mixin.py:188} INFO - [2026-06-03T14:16:16.284+0000] {dag.py:3954} INFO - Setting next_dagrun for neuralretail_dq_checkpoint to None, run_after=None
[2026-06-03T14:16:16.995+0000] {processor.py:183} INFO - Processing /opt/airflow/dags/dag_dq_checkpoint.py took 7.152 seconds
[2026-06-03T14:16:54.388+0000] {processor.py:161} INFO - Started process (PID=202) to work on /opt/airflow/dags/dag_dq_checkpoint.py
[2026-06-03T14:16:54.407+0000] {processor.py:830} INFO - Processing file /opt/airflow/dags/dag_dq_checkpoint.py for tasks to queue
[2026-06-03T14:16:54.441+0000] {logging_mixin.py:188} INFO - [2026-06-03T14:16:54.441+0000] {dagbag.py:540} INFO - Filling up the DagBag from /opt/airflow/dags/dag_dq_checkpoint.py
[2026-06-03T14:16:55.344+0000] {processor.py:840} INFO - DAG(s) 'neuralretail_dq_checkpoint' retrieved from /opt/airflow/dags/dag_dq_checkpoint.py
[2026-06-03T14:16:55.703+0000] {logging_mixin.py:188} INFO - [2026-06-03T14:16:55.702+0000] {dag.py:3096} INFO - Sync 1 DAGs
[2026-06-03T14:16:55.751+0000] {logging_mixin.py:188} INFO - [2026-06-03T14:16:55.750+0000] {dag.py:3954} INFO - Setting next_dagrun for neuralretail_dq_checkpoint to None, run_after=None
[2026-06-03T14:16:55.856+0000] {processor.py:183} INFO - Processing /opt/airflow/dags/dag_dq_checkpoint.py took 1.476 seconds
[2026-06-03T14:17:26.372+0000] {processor.py:161} INFO - Started process (PID=222) to work on /opt/airflow/dags/dag_dq_checkpoint.py
[2026-06-03T14:17:26.388+0000] {processor.py:830} INFO - Processing file /opt/airflow/dags/dag_dq_checkpoint.py for tasks to queue
[2026-06-03T14:17:26.401+0000] {logging_mixin.py:188} INFO - [2026-06-03T14:17:26.400+0000] {dagbag.py:540} INFO - Filling up the DagBag from /opt/airflow/dags/dag_dq_checkpoint.py
[2026-06-03T14:17:26.593+0000] {processor.py:840} INFO - DAG(s) 'neuralretail_dq_checkpoint' retrieved from /opt/airflow/dags/dag_dq_checkpoint.py
[2026-06-03T14:17:26.673+0000] {logging_mixin.py:188} INFO - [2026-06-03T14:17:26.673+0000] {dag.py:3096} INFO - Sync 1 DAGs
[2026-06-03T14:17:26.686+0000] {logging_mixin.py:188} INFO - [2026-06-03T14:17:26.685+0000] {dag.py:3954} INFO - Setting next_dagrun for neuralretail_dq_checkpoint to None, run_after=None
[2026-06-03T14:17:26.714+0000] {processor.py:183} INFO - Processing /opt/airflow/dags/dag_dq_checkpoint.py took 0.349 seconds
[2026-06-03T14:17:57.134+0000] {processor.py:161} INFO - Started process (PID=242) to work on /opt/airflow/dags/dag_dq_checkpoint.py
[2026-06-03T14:17:57.135+0000] {processor.py:830} INFO - Processing file /opt/airflow/dags/dag_dq_checkpoint.py for tasks to queue
[2026-06-03T14:17:57.137+0000] {logging_mixin.py:188} INFO - [2026-06-03T14:17:57.137+0000] {dagbag.py:540} INFO - Filling up the DagBag from /opt/airflow/dags/dag_dq_checkpoint.py
[2026-06-03T14:17:57.210+0000] {processor.py:840} INFO - DAG(s) 'neuralretail_dq_checkpoint' retrieved from /opt/airflow/dags/dag_dq_checkpoint.py
[2026-06-03T14:17:57.280+0000] {logging_mixin.py:188} INFO - [2026-06-03T14:17:57.280+0000] {dag.py:3096} INFO - Sync 1 DAGs
[2026-06-03T14:17:57.290+0000] {logging_mixin.py:188} INFO - [2026-06-03T14:17:57.290+0000] {dag.py:3954} INFO - Setting next_dagrun for neuralretail_dq_checkpoint to None, run_after=None
[2026-06-03T14:17:57.313+0000] {processor.py:183} INFO - Processing /opt/airflow/dags/dag_dq_checkpoint.py took 0.184 seconds
[2026-06-03T14:18:28.482+0000] {processor.py:161} INFO - Started process (PID=260) to work on /opt/airflow/dags/dag_dq_checkpoint.py
[2026-06-03T14:18:28.484+0000] {processor.py:830} INFO - Processing file /opt/airflow/dags/dag_dq_checkpoint.py for tasks to queue
[2026-06-03T14:18:28.489+0000] {logging_mixin.py:188} INFO - [2026-06-03T14:18:28.488+0000] {dagbag.py:540} INFO - Filling up the DagBag from /opt/airflow/dags/dag_dq_checkpoint.py
[2026-06-03T14:18:28.556+0000] {processor.py:840} INFO - DAG(s) 'neuralretail_dq_checkpoint' retrieved from /opt/airflow/dags/dag_dq_checkpoint.py
[2026-06-03T14:18:28.648+0000] {logging_mixin.py:188} INFO - [2026-06-03T14:18:28.647+0000] {dag.py:3096} INFO - Sync 1 DAGs
[2026-06-03T14:18:28.685+0000] {logging_mixin.py:188} INFO - [2026-06-03T14:18:28.684+0000] {dag.py:3954} INFO - Setting next_dagrun for neuralretail_dq_checkpoint to None, run_after=None
[2026-06-03T14:18:30.490+0000] {processor.py:183} INFO - Processing /opt/airflow/dags/dag_dq_checkpoint.py took 2.026 seconds
[2026-06-03T14:19:01.045+0000] {processor.py:161} INFO - Started process (PID=282) to work on /opt/airflow/dags/dag_dq_checkpoint.py
[2026-06-03T14:19:01.047+0000] {processor.py:830} INFO - Processing file /opt/airflow/dags/dag_dq_checkpoint.py for tasks to queue
[2026-06-03T14:19:01.051+0000] {logging_mixin.py:188} INFO - [2026-06-03T14:19:01.050+0000] {dagbag.py:540} INFO - Filling up the DagBag from /opt/airflow/dags/dag_dq_checkpoint.py
[2026-06-03T14:19:01.114+0000] {processor.py:840} INFO - DAG(s) 'neuralretail_dq_checkpoint' retrieved from /opt/airflow/dags/dag_dq_checkpoint.py
[2026-06-03T14:19:01.244+0000] {logging_mixin.py:188} INFO - [2026-06-03T14:19:01.243+0000] {dag.py:3096} INFO - Sync 1 DAGs
[2026-06-03T14:19:01.253+0000] {logging_mixin.py:188} INFO - [2026-06-03T14:19:01.253+0000] {dag.py:3954} INFO - Setting next_dagrun for neuralretail_dq_checkpoint to None, run_after=None
[2026-06-03T14:19:01.282+0000] {processor.py:183} INFO - Processing /opt/airflow/dags/dag_dq_checkpoint.py took 0.246 seconds
[2026-06-03T14:19:31.472+0000] {processor.py:161} INFO - Started process (PID=302) to work on /opt/airflow/dags/dag_dq_checkpoint.py
[2026-06-03T14:19:31.474+0000] {processor.py:830} INFO - Processing file /opt/airflow/dags/dag_dq_checkpoint.py for tasks to queue
[2026-06-03T14:19:31.476+0000] {logging_mixin.py:188} INFO - [2026-06-03T14:19:31.476+0000] {dagbag.py:540} INFO - Filling up the DagBag from /opt/airflow/dags/dag_dq_checkpoint.py
[2026-06-03T14:19:31.577+0000] {processor.py:840} INFO - DAG(s) 'neuralretail_dq_checkpoint' retrieved from /opt/airflow/dags/dag_dq_checkpoint.py
[2026-06-03T14:19:31.651+0000] {logging_mixin.py:188} INFO - [2026-06-03T14:19:31.650+0000] {dag.py:3096} INFO - Sync 1 DAGs
[2026-06-03T14:19:31.666+0000] {logging_mixin.py:188} INFO - [2026-06-03T14:19:31.666+0000] {dag.py:3954} INFO - Setting next_dagrun for neuralretail_dq_checkpoint to None, run_after=None
[2026-06-03T14:19:31.696+0000] {processor.py:183} INFO - Processing /opt/airflow/dags/dag_dq_checkpoint.py took 0.233 seconds
[2026-06-03T14:20:02.260+0000] {processor.py:161} INFO - Started process (PID=322) to work on /opt/airflow/dags/dag_dq_checkpoint.py
[2026-06-03T14:20:02.262+0000] {processor.py:830} INFO - Processing file /opt/airflow/dags/dag_dq_checkpoint.py for tasks to queue
[2026-06-03T14:20:02.267+0000] {logging_mixin.py:188} INFO - [2026-06-03T14:20:02.267+0000] {dagbag.py:540} INFO - Filling up the DagBag from /opt/airflow/dags/dag_dq_checkpoint.py
[2026-06-03T14:20:02.350+0000] {processor.py:840} INFO - DAG(s) 'neuralretail_dq_checkpoint' retrieved from /opt/airflow/dags/dag_dq_checkpoint.py
[2026-06-03T14:20:02.433+0000] {logging_mixin.py:188} INFO - [2026-06-03T14:20:02.432+0000] {dag.py:3096} INFO - Sync 1 DAGs
[2026-06-03T14:20:02.454+0000] {logging_mixin.py:188} INFO - [2026-06-03T14:20:02.454+0000] {dag.py:3954} INFO - Setting next_dagrun for neuralretail_dq_checkpoint to None, run_after=None
[2026-06-03T14:20:02.559+0000] {processor.py:183} INFO - Processing /opt/airflow/dags/dag_dq_checkpoint.py took 0.318 seconds
[2026-06-03T14:20:32.781+0000] {processor.py:161} INFO - Started process (PID=342) to work on /opt/airflow/dags/dag_dq_checkpoint.py
[2026-06-03T14:20:32.784+0000] {processor.py:830} INFO - Processing file /opt/airflow/dags/dag_dq_checkpoint.py for tasks to queue
[2026-06-03T14:20:32.790+0000] {logging_mixin.py:188} INFO - [2026-06-03T14:20:32.789+0000] {dagbag.py:540} INFO - Filling up the DagBag from /opt/airflow/dags/dag_dq_checkpoint.py
[2026-06-03T14:20:32.872+0000] {processor.py:840} INFO - DAG(s) 'neuralretail_dq_checkpoint' retrieved from /opt/airflow/dags/dag_dq_checkpoint.py
[2026-06-03T14:20:32.947+0000] {logging_mixin.py:188} INFO - [2026-06-03T14:20:32.946+0000] {dag.py:3096} INFO - Sync 1 DAGs
[2026-06-03T14:20:32.959+0000] {logging_mixin.py:188} INFO - [2026-06-03T14:20:32.959+0000] {dag.py:3954} INFO - Setting next_dagrun for neuralretail_dq_checkpoint to None, run_after=None
[2026-06-03T14:20:32.978+0000] {processor.py:183} INFO - Processing /opt/airflow/dags/dag_dq_checkpoint.py took 0.214 seconds
[2026-06-03T14:21:03.735+0000] {processor.py:161} INFO - Started process (PID=362) to work on /opt/airflow/dags/dag_dq_checkpoint.py
[2026-06-03T14:21:03.737+0000] {processor.py:830} INFO - Processing file /opt/airflow/dags/dag_dq_checkpoint.py for tasks to queue
[2026-06-03T14:21:03.742+0000] {logging_mixin.py:188} INFO - [2026-06-03T14:21:03.741+0000] {dagbag.py:540} INFO - Filling up the DagBag from /opt/airflow/dags/dag_dq_checkpoint.py
[2026-06-03T14:21:03.805+0000] {processor.py:840} INFO - DAG(s) 'neuralretail_dq_checkpoint' retrieved from /opt/airflow/dags/dag_dq_checkpoint.py
[2026-06-03T14:21:03.872+0000] {logging_mixin.py:188} INFO - [2026-06-03T14:21:03.871+0000] {dag.py:3096} INFO - Sync 1 DAGs
[2026-06-03T14:21:03.893+0000] {logging_mixin.py:188} INFO - [2026-06-03T14:21:03.893+0000] {dag.py:3954} INFO - Setting next_dagrun for neuralretail_dq_checkpoint to None, run_after=None
[2026-06-03T14:21:03.930+0000] {processor.py:183} INFO - Processing /opt/airflow/dags/dag_dq_checkpoint.py took 0.204 seconds
[2026-06-03T14:21:34.360+0000] {processor.py:161} INFO - Started process (PID=382) to work on /opt/airflow/dags/dag_dq_checkpoint.py
[2026-06-03T14:21:34.364+0000] {processor.py:830} INFO - Processing file /opt/airflow/dags/dag_dq_checkpoint.py for tasks to queue
[2026-06-03T14:21:34.367+0000] {logging_mixin.py:188} INFO - [2026-06-03T14:21:34.366+0000] {dagbag.py:540} INFO - Filling up the DagBag from /opt/airflow/dags/dag_dq_checkpoint.py
[2026-06-03T14:21:34.449+0000] {processor.py:840} INFO - DAG(s) 'neuralretail_dq_checkpoint' retrieved from /opt/airflow/dags/dag_dq_checkpoint.py
[2026-06-03T14:21:34.535+0000] {logging_mixin.py:188} INFO - [2026-06-03T14:21:34.534+0000] {dag.py:3096} INFO - Sync 1 DAGs
[2026-06-03T14:21:34.557+0000] {logging_mixin.py:188} INFO - [2026-06-03T14:21:34.557+0000] {dag.py:3954} INFO - Setting next_dagrun for neuralretail_dq_checkpoint to None, run_after=None
[2026-06-03T14:21:34.634+0000] {processor.py:183} INFO - Processing /opt/airflow/dags/dag_dq_checkpoint.py took 0.280 seconds
[2026-06-03T14:22:05.820+0000] {processor.py:161} INFO - Started process (PID=402) to work on /opt/airflow/dags/dag_dq_checkpoint.py
[2026-06-03T14:22:05.827+0000] {processor.py:830} INFO - Processing file /opt/airflow/dags/dag_dq_checkpoint.py for tasks to queue
[2026-06-03T14:22:05.835+0000] {logging_mixin.py:188} INFO - [2026-06-03T14:22:05.834+0000] {dagbag.py:540} INFO - Filling up the DagBag from /opt/airflow/dags/dag_dq_checkpoint.py
[2026-06-03T14:22:06.011+0000] {processor.py:840} INFO - DAG(s) 'neuralretail_dq_checkpoint' retrieved from /opt/airflow/dags/dag_dq_checkpoint.py
[2026-06-03T14:22:06.053+0000] {logging_mixin.py:188} INFO - [2026-06-03T14:22:06.053+0000] {dag.py:3096} INFO - Sync 1 DAGs
[2026-06-03T14:22:06.064+0000] {logging_mixin.py:188} INFO - [2026-06-03T14:22:06.064+0000] {dag.py:3954} INFO - Setting next_dagrun for neuralretail_dq_checkpoint to None, run_after=None
[2026-06-03T14:22:06.083+0000] {processor.py:183} INFO - Processing /opt/airflow/dags/dag_dq_checkpoint.py took 0.277 seconds
[2026-06-03T14:22:36.331+0000] {processor.py:161} INFO - Started process (PID=422) to work on /opt/airflow/dags/dag_dq_checkpoint.py
[2026-06-03T14:22:36.334+0000] {processor.py:830} INFO - Processing file /opt/airflow/dags/dag_dq_checkpoint.py for tasks to queue
[2026-06-03T14:22:36.341+0000] {logging_mixin.py:188} INFO - [2026-06-03T14:22:36.340+0000] {dagbag.py:540} INFO - Filling up the DagBag from /opt/airflow/dags/dag_dq_checkpoint.py
[2026-06-03T14:22:36.402+0000] {processor.py:840} INFO - DAG(s) 'neuralretail_dq_checkpoint' retrieved from /opt/airflow/dags/dag_dq_checkpoint.py
[2026-06-03T14:22:36.441+0000] {logging_mixin.py:188} INFO - [2026-06-03T14:22:36.440+0000] {dag.py:3096} INFO - Sync 1 DAGs
[2026-06-03T14:22:36.450+0000] {logging_mixin.py:188} INFO - [2026-06-03T14:22:36.450+0000] {dag.py:3954} INFO - Setting next_dagrun for neuralretail_dq_checkpoint to None, run_after=None
[2026-06-03T14:22:36.467+0000] {processor.py:183} INFO - Processing /opt/airflow/dags/dag_dq_checkpoint.py took 0.146 seconds
[2026-06-03T14:23:06.806+0000] {processor.py:161} INFO - Started process (PID=442) to work on /opt/airflow/dags/dag_dq_checkpoint.py
[2026-06-03T14:23:06.807+0000] {processor.py:830} INFO - Processing file /opt/airflow/dags/dag_dq_checkpoint.py for tasks to queue
[2026-06-03T14:23:06.809+0000] {logging_mixin.py:188} INFO - [2026-06-03T14:23:06.809+0000] {dagbag.py:540} INFO - Filling up the DagBag from /opt/airflow/dags/dag_dq_checkpoint.py
[2026-06-03T14:23:06.866+0000] {processor.py:840} INFO - DAG(s) 'neuralretail_dq_checkpoint' retrieved from /opt/airflow/dags/dag_dq_checkpoint.py
[2026-06-03T14:23:06.908+0000] {logging_mixin.py:188} INFO - [2026-06-03T14:23:06.908+0000] {dag.py:3096} INFO - Sync 1 DAGs
[2026-06-03T14:23:06.919+0000] {logging_mixin.py:188} INFO - [2026-06-03T14:23:06.919+0000] {dag.py:3954} INFO - Setting next_dagrun for neuralretail_dq_checkpoint to None, run_after=None
[2026-06-03T14:23:06.938+0000] {processor.py:183} INFO - Processing /opt/airflow/dags/dag_dq_checkpoint.py took 0.136 seconds
[2026-06-03T14:23:37.299+0000] {processor.py:161} INFO - Started process (PID=462) to work on /opt/airflow/dags/dag_dq_checkpoint.py
[2026-06-03T14:23:37.300+0000] {processor.py:830} INFO - Processing file /opt/airflow/dags/dag_dq_checkpoint.py for tasks to queue
[2026-06-03T14:23:37.301+0000] {logging_mixin.py:188} INFO - [2026-06-03T14:23:37.301+0000] {dagbag.py:540} INFO - Filling up the DagBag from /opt/airflow/dags/dag_dq_checkpoint.py
[2026-06-03T14:23:37.333+0000] {processor.py:840} INFO - DAG(s) 'neuralretail_dq_checkpoint' retrieved from /opt/airflow/dags/dag_dq_checkpoint.py
[2026-06-03T14:23:37.367+0000] {logging_mixin.py:188} INFO - [2026-06-03T14:23:37.367+0000] {dag.py:3096} INFO - Sync 1 DAGs
[2026-06-03T14:23:37.377+0000] {logging_mixin.py:188} INFO - [2026-06-03T14:23:37.377+0000] {dag.py:3954} INFO - Setting next_dagrun for neuralretail_dq_checkpoint to None, run_after=None
[2026-06-03T14:23:37.394+0000] {processor.py:183} INFO - Processing /opt/airflow/dags/dag_dq_checkpoint.py took 0.100 seconds
[2026-06-03T14:24:07.542+0000] {processor.py:161} INFO - Started process (PID=482) to work on /opt/airflow/dags/dag_dq_checkpoint.py
[2026-06-03T14:24:07.544+0000] {processor.py:830} INFO - Processing file /opt/airflow/dags/dag_dq_checkpoint.py for tasks to queue
[2026-06-03T14:24:07.546+0000] {logging_mixin.py:188} INFO - [2026-06-03T14:24:07.546+0000] {dagbag.py:540} INFO - Filling up the DagBag from /opt/airflow/dags/dag_dq_checkpoint.py
[2026-06-03T14:24:07.611+0000] {processor.py:840} INFO - DAG(s) 'neuralretail_dq_checkpoint' retrieved from /opt/airflow/dags/dag_dq_checkpoint.py
[2026-06-03T14:24:07.666+0000] {logging_mixin.py:188} INFO - [2026-06-03T14:24:07.665+0000] {dag.py:3096} INFO - Sync 1 DAGs
[2026-06-03T14:24:07.678+0000] {logging_mixin.py:188} INFO - [2026-06-03T14:24:07.678+0000] {dag.py:3954} INFO - Setting next_dagrun for neuralretail_dq_checkpoint to None, run_after=None
[2026-06-03T14:24:07.719+0000] {processor.py:183} INFO - Processing /opt/airflow/dags/dag_dq_checkpoint.py took 0.184 seconds
[2026-06-03T14:24:38.624+0000] {processor.py:161} INFO - Started process (PID=502) to work on /opt/airflow/dags/dag_dq_checkpoint.py
[2026-06-03T14:24:38.625+0000] {processor.py:830} INFO - Processing file /opt/airflow/dags/dag_dq_checkpoint.py for tasks to queue
[2026-06-03T14:24:38.627+0000] {logging_mixin.py:188} INFO - [2026-06-03T14:24:38.626+0000] {dagbag.py:540} INFO - Filling up the DagBag from /opt/airflow/dags/dag_dq_checkpoint.py
[2026-06-03T14:24:38.667+0000] {processor.py:840} INFO - DAG(s) 'neuralretail_dq_checkpoint' retrieved from /opt/airflow/dags/dag_dq_checkpoint.py
[2026-06-03T14:24:38.743+0000] {logging_mixin.py:188} INFO - [2026-06-03T14:24:38.743+0000] {dag.py:3096} INFO - Sync 1 DAGs
[2026-06-03T14:24:38.760+0000] {logging_mixin.py:188} INFO - [2026-06-03T14:24:38.760+0000] {dag.py:3954} INFO - Setting next_dagrun for neuralretail_dq_checkpoint to None, run_after=None
[2026-06-03T14:24:38.785+0000] {processor.py:183} INFO - Processing /opt/airflow/dags/dag_dq_checkpoint.py took 0.166 seconds
[2026-06-03T14:25:09.136+0000] {processor.py:161} INFO - Started process (PID=522) to work on /opt/airflow/dags/dag_dq_checkpoint.py
[2026-06-03T14:25:09.138+0000] {processor.py:830} INFO - Processing file /opt/airflow/dags/dag_dq_checkpoint.py for tasks to queue
[2026-06-03T14:25:09.141+0000] {logging_mixin.py:188} INFO - [2026-06-03T14:25:09.140+0000] {dagbag.py:540} INFO - Filling up the DagBag from /opt/airflow/dags/dag_dq_checkpoint.py
[2026-06-03T14:25:09.180+0000] {processor.py:840} INFO - DAG(s) 'neuralretail_dq_checkpoint' retrieved from /opt/airflow/dags/dag_dq_checkpoint.py
[2026-06-03T14:25:09.218+0000] {logging_mixin.py:188} INFO - [2026-06-03T14:25:09.217+0000] {dag.py:3096} INFO - Sync 1 DAGs
[2026-06-03T14:25:09.230+0000] {logging_mixin.py:188} INFO - [2026-06-03T14:25:09.230+0000] {dag.py:3954} INFO - Setting next_dagrun for neuralretail_dq_checkpoint to None, run_after=None
[2026-06-03T14:25:09.248+0000] {processor.py:183} INFO - Processing /opt/airflow/dags/dag_dq_checkpoint.py took 0.116 seconds
[2026-06-03T14:25:39.644+0000] {processor.py:161} INFO - Started process (PID=542) to work on /opt/airflow/dags/dag_dq_checkpoint.py
[2026-06-03T14:25:39.645+0000] {processor.py:830} INFO - Processing file /opt/airflow/dags/dag_dq_checkpoint.py for tasks to queue
[2026-06-03T14:25:39.647+0000] {logging_mixin.py:188} INFO - [2026-06-03T14:25:39.647+0000] {dagbag.py:540} INFO - Filling up the DagBag from /opt/airflow/dags/dag_dq_checkpoint.py
[2026-06-03T14:25:39.692+0000] {processor.py:840} INFO - DAG(s) 'neuralretail_dq_checkpoint' retrieved from /opt/airflow/dags/dag_dq_checkpoint.py
[2026-06-03T14:25:39.719+0000] {logging_mixin.py:188} INFO - [2026-06-03T14:25:39.719+0000] {dag.py:3096} INFO - Sync 1 DAGs
[2026-06-03T14:25:39.728+0000] {logging_mixin.py:188} INFO - [2026-06-03T14:25:39.728+0000] {dag.py:3954} INFO - Setting next_dagrun for neuralretail_dq_checkpoint to None, run_after=None
[2026-06-03T14:25:39.751+0000] {processor.py:183} INFO - Processing /opt/airflow/dags/dag_dq_checkpoint.py took 0.111 seconds
[2026-06-03T14:26:10.238+0000] {processor.py:161} INFO - Started process (PID=562) to work on /opt/airflow/dags/dag_dq_checkpoint.py
[2026-06-03T14:26:10.239+0000] {processor.py:830} INFO - Processing file /opt/airflow/dags/dag_dq_checkpoint.py for tasks to queue
[2026-06-03T14:26:10.241+0000] {logging_mixin.py:188} INFO - [2026-06-03T14:26:10.241+0000] {dagbag.py:540} INFO - Filling up the DagBag from /opt/airflow/dags/dag_dq_checkpoint.py
[2026-06-03T14:26:10.272+0000] {processor.py:840} INFO - DAG(s) 'neuralretail_dq_checkpoint' retrieved from /opt/airflow/dags/dag_dq_checkpoint.py
[2026-06-03T14:26:10.307+0000] {logging_mixin.py:188} INFO - [2026-06-03T14:26:10.306+0000] {dag.py:3096} INFO - Sync 1 DAGs
[2026-06-03T14:26:10.316+0000] {logging_mixin.py:188} INFO - [2026-06-03T14:26:10.316+0000] {dag.py:3954} INFO - Setting next_dagrun for neuralretail_dq_checkpoint to None, run_after=None
[2026-06-03T14:26:10.333+0000] {processor.py:183} INFO - Processing /opt/airflow/dags/dag_dq_checkpoint.py took 0.106 seconds
[2026-06-03T14:26:40.624+0000] {processor.py:161} INFO - Started process (PID=582) to work on /opt/airflow/dags/dag_dq_checkpoint.py
[2026-06-03T14:26:40.625+0000] {processor.py:830} INFO - Processing file /opt/airflow/dags/dag_dq_checkpoint.py for tasks to queue
[2026-06-03T14:26:40.627+0000] {logging_mixin.py:188} INFO - [2026-06-03T14:26:40.627+0000] {dagbag.py:540} INFO - Filling up the DagBag from /opt/airflow/dags/dag_dq_checkpoint.py
[2026-06-03T14:26:40.654+0000] {processor.py:840} INFO - DAG(s) 'neuralretail_dq_checkpoint' retrieved from /opt/airflow/dags/dag_dq_checkpoint.py
[2026-06-03T14:26:40.689+0000] {logging_mixin.py:188} INFO - [2026-06-03T14:26:40.689+0000] {dag.py:3096} INFO - Sync 1 DAGs
[2026-06-03T14:26:40.699+0000] {logging_mixin.py:188} INFO - [2026-06-03T14:26:40.699+0000] {dag.py:3954} INFO - Setting next_dagrun for neuralretail_dq_checkpoint to None, run_after=None
[2026-06-03T14:26:40.717+0000] {processor.py:183} INFO - Processing /opt/airflow/dags/dag_dq_checkpoint.py took 0.105 seconds
[2026-06-03T14:27:11.023+0000] {processor.py:161} INFO - Started process (PID=602) to work on /opt/airflow/dags/dag_dq_checkpoint.py
[2026-06-03T14:27:11.024+0000] {processor.py:830} INFO - Processing file /opt/airflow/dags/dag_dq_checkpoint.py for tasks to queue
[2026-06-03T14:27:11.025+0000] {logging_mixin.py:188} INFO - [2026-06-03T14:27:11.025+0000] {dagbag.py:540} INFO - Filling up the DagBag from /opt/airflow/dags/dag_dq_checkpoint.py
[2026-06-03T14:27:11.095+0000] {processor.py:840} INFO - DAG(s) 'neuralretail_dq_checkpoint' retrieved from /opt/airflow/dags/dag_dq_checkpoint.py
[2026-06-03T14:27:11.130+0000] {logging_mixin.py:188} INFO - [2026-06-03T14:27:11.129+0000] {dag.py:3096} INFO - Sync 1 DAGs
[2026-06-03T14:27:11.139+0000] {logging_mixin.py:188} INFO - [2026-06-03T14:27:11.139+0000] {dag.py:3954} INFO - Setting next_dagrun for neuralretail_dq_checkpoint to None, run_after=None
[2026-06-03T14:27:11.155+0000] {processor.py:183} INFO - Processing /opt/airflow/dags/dag_dq_checkpoint.py took 0.136 seconds
[2026-06-03T14:27:41.398+0000] {processor.py:161} INFO - Started process (PID=622) to work on /opt/airflow/dags/dag_dq_checkpoint.py
[2026-06-03T14:27:41.400+0000] {processor.py:830} INFO - Processing file /opt/airflow/dags/dag_dq_checkpoint.py for tasks to queue
[2026-06-03T14:27:41.401+0000] {logging_mixin.py:188} INFO - [2026-06-03T14:27:41.401+0000] {dagbag.py:540} INFO - Filling up the DagBag from /opt/airflow/dags/dag_dq_checkpoint.py
[2026-06-03T14:27:41.422+0000] {processor.py:840} INFO - DAG(s) 'neuralretail_dq_checkpoint' retrieved from /opt/airflow/dags/dag_dq_checkpoint.py
[2026-06-03T14:27:41.446+0000] {logging_mixin.py:188} INFO - [2026-06-03T14:27:41.446+0000] {dag.py:3096} INFO - Sync 1 DAGs
[2026-06-03T14:27:41.459+0000] {logging_mixin.py:188} INFO - [2026-06-03T14:27:41.459+0000] {dag.py:3954} INFO - Setting next_dagrun for neuralretail_dq_checkpoint to None, run_after=None
[2026-06-03T14:27:41.518+0000] {processor.py:183} INFO - Processing /opt/airflow/dags/dag_dq_checkpoint.py took 0.124 seconds
[2026-06-03T14:28:12.440+0000] {processor.py:161} INFO - Started process (PID=642) to work on /opt/airflow/dags/dag_dq_checkpoint.py
[2026-06-03T14:28:12.442+0000] {processor.py:830} INFO - Processing file /opt/airflow/dags/dag_dq_checkpoint.py for tasks to queue
[2026-06-03T14:28:12.446+0000] {logging_mixin.py:188} INFO - [2026-06-03T14:28:12.445+0000] {dagbag.py:540} INFO - Filling up the DagBag from /opt/airflow/dags/dag_dq_checkpoint.py
[2026-06-03T14:28:12.528+0000] {processor.py:840} INFO - DAG(s) 'neuralretail_dq_checkpoint' retrieved from /opt/airflow/dags/dag_dq_checkpoint.py
[2026-06-03T14:28:12.612+0000] {logging_mixin.py:188} INFO - [2026-06-03T14:28:12.612+0000] {dag.py:3096} INFO - Sync 1 DAGs
[2026-06-03T14:28:12.623+0000] {logging_mixin.py:188} INFO - [2026-06-03T14:28:12.623+0000] {dag.py:3954} INFO - Setting next_dagrun for neuralretail_dq_checkpoint to None, run_after=None
[2026-06-03T14:28:12.642+0000] {processor.py:183} INFO - Processing /opt/airflow/dags/dag_dq_checkpoint.py took 0.215 seconds
[2026-06-03T14:28:43.618+0000] {processor.py:161} INFO - Started process (PID=662) to work on /opt/airflow/dags/dag_dq_checkpoint.py
[2026-06-03T14:28:43.619+0000] {processor.py:830} INFO - Processing file /opt/airflow/dags/dag_dq_checkpoint.py for tasks to queue
[2026-06-03T14:28:43.621+0000] {logging_mixin.py:188} INFO - [2026-06-03T14:28:43.620+0000] {dagbag.py:540} INFO - Filling up the DagBag from /opt/airflow/dags/dag_dq_checkpoint.py
[2026-06-03T14:28:43.639+0000] {processor.py:840} INFO - DAG(s) 'neuralretail_dq_checkpoint' retrieved from /opt/airflow/dags/dag_dq_checkpoint.py
[2026-06-03T14:28:43.672+0000] {logging_mixin.py:188} INFO - [2026-06-03T14:28:43.672+0000] {dag.py:3096} INFO - Sync 1 DAGs
[2026-06-03T14:28:43.681+0000] {logging_mixin.py:188} INFO - [2026-06-03T14:28:43.681+0000] {dag.py:3954} INFO - Setting next_dagrun for neuralretail_dq_checkpoint to None, run_after=None
[2026-06-03T14:28:43.700+0000] {processor.py:183} INFO - Processing /opt/airflow/dags/dag_dq_checkpoint.py took 0.086 seconds
[2026-06-03T14:29:14.031+0000] {processor.py:161} INFO - Started process (PID=682) to work on /opt/airflow/dags/dag_dq_checkpoint.py
[2026-06-03T14:29:14.033+0000] {processor.py:830} INFO - Processing file /opt/airflow/dags/dag_dq_checkpoint.py for tasks to queue
[2026-06-03T14:29:14.034+0000] {logging_mixin.py:188} INFO - [2026-06-03T14:29:14.034+0000] {dagbag.py:540} INFO - Filling up the DagBag from /opt/airflow/dags/dag_dq_checkpoint.py
[2026-06-03T14:29:14.074+0000] {processor.py:840} INFO - DAG(s) 'neuralretail_dq_checkpoint' retrieved from /opt/airflow/dags/dag_dq_checkpoint.py
[2026-06-03T14:29:14.107+0000] {logging_mixin.py:188} INFO - [2026-06-03T14:29:14.107+0000] {dag.py:3096} INFO - Sync 1 DAGs
[2026-06-03T14:29:14.117+0000] {logging_mixin.py:188} INFO - [2026-06-03T14:29:14.117+0000] {dag.py:3954} INFO - Setting next_dagrun for neuralretail_dq_checkpoint to None, run_after=None
[2026-06-03T14:29:14.136+0000] {processor.py:183} INFO - Processing /opt/airflow/dags/dag_dq_checkpoint.py took 0.108 seconds
[2026-06-03T14:29:44.281+0000] {processor.py:161} INFO - Started process (PID=702) to work on /opt/airflow/dags/dag_dq_checkpoint.py
[2026-06-03T14:29:44.282+0000] {processor.py:830} INFO - Processing file /opt/airflow/dags/dag_dq_checkpoint.py for tasks to queue
[2026-06-03T14:29:44.283+0000] {logging_mixin.py:188} INFO - [2026-06-03T14:29:44.283+0000] {dagbag.py:540} INFO - Filling up the DagBag from /opt/airflow/dags/dag_dq_checkpoint.py
[2026-06-03T14:29:44.329+0000] {processor.py:840} INFO - DAG(s) 'neuralretail_dq_checkpoint' retrieved from /opt/airflow/dags/dag_dq_checkpoint.py
[2026-06-03T14:29:44.362+0000] {logging_mixin.py:188} INFO - [2026-06-03T14:29:44.361+0000] {dag.py:3096} INFO - Sync 1 DAGs
[2026-06-03T14:29:44.371+0000] {logging_mixin.py:188} INFO - [2026-06-03T14:29:44.371+0000] {dag.py:3954} INFO - Setting next_dagrun for neuralretail_dq_checkpoint to None, run_after=None
[2026-06-03T14:29:44.395+0000] {processor.py:183} INFO - Processing /opt/airflow/dags/dag_dq_checkpoint.py took 0.118 seconds
[2026-06-03T14:30:14.537+0000] {processor.py:161} INFO - Started process (PID=722) to work on /opt/airflow/dags/dag_dq_checkpoint.py
[2026-06-03T14:30:14.539+0000] {processor.py:830} INFO - Processing file /opt/airflow/dags/dag_dq_checkpoint.py for tasks to queue
[2026-06-03T14:30:14.544+0000] {logging_mixin.py:188} INFO - [2026-06-03T14:30:14.544+0000] {dagbag.py:540} INFO - Filling up the DagBag from /opt/airflow/dags/dag_dq_checkpoint.py
[2026-06-03T14:30:14.647+0000] {processor.py:840} INFO - DAG(s) 'neuralretail_dq_checkpoint' retrieved from /opt/airflow/dags/dag_dq_checkpoint.py
[2026-06-03T14:30:14.750+0000] {logging_mixin.py:188} INFO - [2026-06-03T14:30:14.749+0000] {dag.py:3096} INFO - Sync 1 DAGs
[2026-06-03T14:30:14.766+0000] {logging_mixin.py:188} INFO - [2026-06-03T14:30:14.765+0000] {dag.py:3954} INFO - Setting next_dagrun for neuralretail_dq_checkpoint to None, run_after=None
[2026-06-03T14:30:14.786+0000] {processor.py:183} INFO - Processing /opt/airflow/dags/dag_dq_checkpoint.py took 0.262 seconds
[2026-06-03T14:30:45.827+0000] {processor.py:161} INFO - Started process (PID=742) to work on /opt/airflow/dags/dag_dq_checkpoint.py
[2026-06-03T14:30:45.839+0000] {processor.py:830} INFO - Processing file /opt/airflow/dags/dag_dq_checkpoint.py for tasks to queue
[2026-06-03T14:30:45.858+0000] {logging_mixin.py:188} INFO - [2026-06-03T14:30:45.857+0000] {dagbag.py:540} INFO - Filling up the DagBag from /opt/airflow/dags/dag_dq_checkpoint.py
[2026-06-03T14:30:46.151+0000] {processor.py:840} INFO - DAG(s) 'neuralretail_dq_checkpoint' retrieved from /opt/airflow/dags/dag_dq_checkpoint.py
[2026-06-03T14:30:46.215+0000] {logging_mixin.py:188} INFO - [2026-06-03T14:30:46.214+0000] {dag.py:3096} INFO - Sync 1 DAGs
[2026-06-03T14:30:46.233+0000] {logging_mixin.py:188} INFO - [2026-06-03T14:30:46.233+0000] {dag.py:3954} INFO - Setting next_dagrun for neuralretail_dq_checkpoint to None, run_after=None
[2026-06-03T14:30:46.259+0000] {processor.py:183} INFO - Processing /opt/airflow/dags/dag_dq_checkpoint.py took 0.437 seconds
[2026-06-03T14:31:16.644+0000] {processor.py:161} INFO - Started process (PID=767) to work on /opt/airflow/dags/dag_dq_checkpoint.py
[2026-06-03T14:31:16.645+0000] {processor.py:830} INFO - Processing file /opt/airflow/dags/dag_dq_checkpoint.py for tasks to queue
[2026-06-03T14:31:16.647+0000] {logging_mixin.py:188} INFO - [2026-06-03T14:31:16.647+0000] {dagbag.py:540} INFO - Filling up the DagBag from /opt/airflow/dags/dag_dq_checkpoint.py
[2026-06-03T14:31:16.690+0000] {processor.py:840} INFO - DAG(s) 'neuralretail_dq_checkpoint' retrieved from /opt/airflow/dags/dag_dq_checkpoint.py
[2026-06-03T14:31:16.725+0000] {logging_mixin.py:188} INFO - [2026-06-03T14:31:16.724+0000] {dag.py:3096} INFO - Sync 1 DAGs
[2026-06-03T14:31:16.735+0000] {logging_mixin.py:188} INFO - [2026-06-03T14:31:16.735+0000] {dag.py:3954} INFO - Setting next_dagrun for neuralretail_dq_checkpoint to None, run_after=None
[2026-06-03T14:31:16.756+0000] {processor.py:183} INFO - Processing /opt/airflow/dags/dag_dq_checkpoint.py took 0.117 seconds
[2026-06-03T14:31:47.036+0000] {processor.py:161} INFO - Started process (PID=787) to work on /opt/airflow/dags/dag_dq_checkpoint.py
[2026-06-03T14:31:47.038+0000] {processor.py:830} INFO - Processing file /opt/airflow/dags/dag_dq_checkpoint.py for tasks to queue
[2026-06-03T14:31:47.041+0000] {logging_mixin.py:188} INFO - [2026-06-03T14:31:47.040+0000] {dagbag.py:540} INFO - Filling up the DagBag from /opt/airflow/dags/dag_dq_checkpoint.py
[2026-06-03T14:31:47.082+0000] {processor.py:840} INFO - DAG(s) 'neuralretail_dq_checkpoint' retrieved from /opt/airflow/dags/dag_dq_checkpoint.py
[2026-06-03T14:31:47.108+0000] {logging_mixin.py:188} INFO - [2026-06-03T14:31:47.107+0000] {dag.py:3096} INFO - Sync 1 DAGs
[2026-06-03T14:31:47.118+0000] {logging_mixin.py:188} INFO - [2026-06-03T14:31:47.118+0000] {dag.py:3954} INFO - Setting next_dagrun for neuralretail_dq_checkpoint to None, run_after=None
[2026-06-03T14:31:47.136+0000] {processor.py:183} INFO - Processing /opt/airflow/dags/dag_dq_checkpoint.py took 0.105 seconds
[2026-06-03T14:32:18.107+0000] {processor.py:161} INFO - Started process (PID=807) to work on /opt/airflow/dags/dag_dq_checkpoint.py
[2026-06-03T14:32:18.109+0000] {processor.py:830} INFO - Processing file /opt/airflow/dags/dag_dq_checkpoint.py for tasks to queue
[2026-06-03T14:32:18.112+0000] {logging_mixin.py:188} INFO - [2026-06-03T14:32:18.111+0000] {dagbag.py:540} INFO - Filling up the DagBag from /opt/airflow/dags/dag_dq_checkpoint.py
[2026-06-03T14:32:18.156+0000] {processor.py:840} INFO - DAG(s) 'neuralretail_dq_checkpoint' retrieved from /opt/airflow/dags/dag_dq_checkpoint.py
[2026-06-03T14:32:18.233+0000] {logging_mixin.py:188} INFO - [2026-06-03T14:32:18.232+0000] {dag.py:3096} INFO - Sync 1 DAGs
[2026-06-03T14:32:18.262+0000] {logging_mixin.py:188} INFO - [2026-06-03T14:32:18.261+0000] {dag.py:3954} INFO - Setting next_dagrun for neuralretail_dq_checkpoint to None, run_after=None
[2026-06-03T14:32:18.323+0000] {processor.py:183} INFO - Processing /opt/airflow/dags/dag_dq_checkpoint.py took 0.222 seconds
[2026-06-03T14:32:48.438+0000] {processor.py:161} INFO - Started process (PID=827) to work on /opt/airflow/dags/dag_dq_checkpoint.py
[2026-06-03T14:32:48.439+0000] {processor.py:830} INFO - Processing file /opt/airflow/dags/dag_dq_checkpoint.py for tasks to queue
[2026-06-03T14:32:48.441+0000] {logging_mixin.py:188} INFO - [2026-06-03T14:32:48.441+0000] {dagbag.py:540} INFO - Filling up the DagBag from /opt/airflow/dags/dag_dq_checkpoint.py
[2026-06-03T14:32:48.482+0000] {processor.py:840} INFO - DAG(s) 'neuralretail_dq_checkpoint' retrieved from /opt/airflow/dags/dag_dq_checkpoint.py
[2026-06-03T14:32:48.514+0000] {logging_mixin.py:188} INFO - [2026-06-03T14:32:48.514+0000] {dag.py:3096} INFO - Sync 1 DAGs
[2026-06-03T14:32:48.523+0000] {logging_mixin.py:188} INFO - [2026-06-03T14:32:48.523+0000] {dag.py:3954} INFO - Setting next_dagrun for neuralretail_dq_checkpoint to None, run_after=None
[2026-06-03T14:32:48.541+0000] {processor.py:183} INFO - Processing /opt/airflow/dags/dag_dq_checkpoint.py took 0.109 seconds
[2026-06-03T14:33:19.456+0000] {processor.py:161} INFO - Started process (PID=847) to work on /opt/airflow/dags/dag_dq_checkpoint.py
[2026-06-03T14:33:19.458+0000] {processor.py:830} INFO - Processing file /opt/airflow/dags/dag_dq_checkpoint.py for tasks to queue
[2026-06-03T14:33:19.463+0000] {logging_mixin.py:188} INFO - [2026-06-03T14:33:19.462+0000] {dagbag.py:540} INFO - Filling up the DagBag from /opt/airflow/dags/dag_dq_checkpoint.py
[2026-06-03T14:33:19.622+0000] {processor.py:840} INFO - DAG(s) 'neuralretail_dq_checkpoint' retrieved from /opt/airflow/dags/dag_dq_checkpoint.py
[2026-06-03T14:33:19.664+0000] {logging_mixin.py:188} INFO - [2026-06-03T14:33:19.664+0000] {dag.py:3096} INFO - Sync 1 DAGs
[2026-06-03T14:33:19.674+0000] {logging_mixin.py:188} INFO - [2026-06-03T14:33:19.674+0000] {dag.py:3954} INFO - Setting next_dagrun for neuralretail_dq_checkpoint to None, run_after=None
[2026-06-03T14:33:19.694+0000] {processor.py:183} INFO - Processing /opt/airflow/dags/dag_dq_checkpoint.py took 0.252 seconds
[2026-06-03T14:33:50.642+0000] {processor.py:161} INFO - Started process (PID=867) to work on /opt/airflow/dags/dag_dq_checkpoint.py
[2026-06-03T14:33:50.643+0000] {processor.py:830} INFO - Processing file /opt/airflow/dags/dag_dq_checkpoint.py for tasks to queue
[2026-06-03T14:33:50.645+0000] {logging_mixin.py:188} INFO - [2026-06-03T14:33:50.644+0000] {dagbag.py:540} INFO - Filling up the DagBag from /opt/airflow/dags/dag_dq_checkpoint.py
[2026-06-03T14:33:50.667+0000] {processor.py:840} INFO - DAG(s) 'neuralretail_dq_checkpoint' retrieved from /opt/airflow/dags/dag_dq_checkpoint.py
[2026-06-03T14:33:50.691+0000] {logging_mixin.py:188} INFO - [2026-06-03T14:33:50.691+0000] {dag.py:3096} INFO - Sync 1 DAGs
[2026-06-03T14:33:50.701+0000] {logging_mixin.py:188} INFO - [2026-06-03T14:33:50.701+0000] {dag.py:3954} INFO - Setting next_dagrun for neuralretail_dq_checkpoint to None, run_after=None
[2026-06-03T14:33:50.717+0000] {processor.py:183} INFO - Processing /opt/airflow/dags/dag_dq_checkpoint.py took 0.085 seconds
[2026-06-03T14:34:21.358+0000] {processor.py:161} INFO - Started process (PID=887) to work on /opt/airflow/dags/dag_dq_checkpoint.py
[2026-06-03T14:34:21.370+0000] {processor.py:830} INFO - Processing file /opt/airflow/dags/dag_dq_checkpoint.py for tasks to queue
[2026-06-03T14:34:21.386+0000] {logging_mixin.py:188} INFO - [2026-06-03T14:34:21.385+0000] {dagbag.py:540} INFO - Filling up the DagBag from /opt/airflow/dags/dag_dq_checkpoint.py
[2026-06-03T14:34:21.459+0000] {processor.py:840} INFO - DAG(s) 'neuralretail_dq_checkpoint' retrieved from /opt/airflow/dags/dag_dq_checkpoint.py
[2026-06-03T14:34:21.507+0000] {logging_mixin.py:188} INFO - [2026-06-03T14:34:21.507+0000] {dag.py:3096} INFO - Sync 1 DAGs
[2026-06-03T14:34:21.629+0000] {logging_mixin.py:188} INFO - [2026-06-03T14:34:21.629+0000] {dag.py:3954} INFO - Setting next_dagrun for neuralretail_dq_checkpoint to None, run_after=None
[2026-06-03T14:34:21.861+0000] {processor.py:183} INFO - Processing /opt/airflow/dags/dag_dq_checkpoint.py took 0.512 seconds
[2026-06-03T14:34:52.180+0000] {processor.py:161} INFO - Started process (PID=907) to work on /opt/airflow/dags/dag_dq_checkpoint.py
[2026-06-03T14:34:52.181+0000] {processor.py:830} INFO - Processing file /opt/airflow/dags/dag_dq_checkpoint.py for tasks to queue
[2026-06-03T14:34:52.182+0000] {logging_mixin.py:188} INFO - [2026-06-03T14:34:52.182+0000] {dagbag.py:540} INFO - Filling up the DagBag from /opt/airflow/dags/dag_dq_checkpoint.py
[2026-06-03T14:34:52.218+0000] {processor.py:840} INFO - DAG(s) 'neuralretail_dq_checkpoint' retrieved from /opt/airflow/dags/dag_dq_checkpoint.py
[2026-06-03T14:34:52.248+0000] {logging_mixin.py:188} INFO - [2026-06-03T14:34:52.248+0000] {dag.py:3096} INFO - Sync 1 DAGs
[2026-06-03T14:34:52.261+0000] {logging_mixin.py:188} INFO - [2026-06-03T14:34:52.260+0000] {dag.py:3954} INFO - Setting next_dagrun for neuralretail_dq_checkpoint to None, run_after=None
[2026-06-03T14:34:52.281+0000] {processor.py:183} INFO - Processing /opt/airflow/dags/dag_dq_checkpoint.py took 0.106 seconds
[2026-06-03T14:35:22.421+0000] {processor.py:161} INFO - Started process (PID=925) to work on /opt/airflow/dags/dag_dq_checkpoint.py
[2026-06-03T14:35:22.422+0000] {processor.py:830} INFO - Processing file /opt/airflow/dags/dag_dq_checkpoint.py for tasks to queue
[2026-06-03T14:35:22.424+0000] {logging_mixin.py:188} INFO - [2026-06-03T14:35:22.424+0000] {dagbag.py:540} INFO - Filling up the DagBag from /opt/airflow/dags/dag_dq_checkpoint.py
[2026-06-03T14:35:22.468+0000] {processor.py:840} INFO - DAG(s) 'neuralretail_dq_checkpoint' retrieved from /opt/airflow/dags/dag_dq_checkpoint.py
[2026-06-03T14:35:22.516+0000] {logging_mixin.py:188} INFO - [2026-06-03T14:35:22.516+0000] {dag.py:3096} INFO - Sync 1 DAGs
[2026-06-03T14:35:22.526+0000] {logging_mixin.py:188} INFO - [2026-06-03T14:35:22.526+0000] {dag.py:3954} INFO - Setting next_dagrun for neuralretail_dq_checkpoint to None, run_after=None
[2026-06-03T14:35:22.546+0000] {processor.py:183} INFO - Processing /opt/airflow/dags/dag_dq_checkpoint.py took 0.133 seconds
[2026-06-03T14:35:52.760+0000] {processor.py:161} INFO - Started process (PID=940) to work on /opt/airflow/dags/dag_dq_checkpoint.py
[2026-06-03T14:35:52.761+0000] {processor.py:830} INFO - Processing file /opt/airflow/dags/dag_dq_checkpoint.py for tasks to queue
[2026-06-03T14:35:52.763+0000] {logging_mixin.py:188} INFO - [2026-06-03T14:35:52.762+0000] {dagbag.py:540} INFO - Filling up the DagBag from /opt/airflow/dags/dag_dq_checkpoint.py
[2026-06-03T14:35:52.781+0000] {processor.py:840} INFO - DAG(s) 'neuralretail_dq_checkpoint' retrieved from /opt/airflow/dags/dag_dq_checkpoint.py
[2026-06-03T14:35:52.913+0000] {logging_mixin.py:188} INFO - [2026-06-03T14:35:52.913+0000] {dag.py:3096} INFO - Sync 1 DAGs
[2026-06-03T14:35:52.923+0000] {logging_mixin.py:188} INFO - [2026-06-03T14:35:52.923+0000] {dag.py:3954} INFO - Setting next_dagrun for neuralretail_dq_checkpoint to None, run_after=None
[2026-06-03T14:35:52.937+0000] {processor.py:183} INFO - Processing /opt/airflow/dags/dag_dq_checkpoint.py took 0.180 seconds
[2026-06-03T14:36:23.225+0000] {processor.py:161} INFO - Started process (PID=960) to work on /opt/airflow/dags/dag_dq_checkpoint.py
[2026-06-03T14:36:23.234+0000] {processor.py:830} INFO - Processing file /opt/airflow/dags/dag_dq_checkpoint.py for tasks to queue
[2026-06-03T14:36:23.240+0000] {logging_mixin.py:188} INFO - [2026-06-03T14:36:23.240+0000] {dagbag.py:540} INFO - Filling up the DagBag from /opt/airflow/dags/dag_dq_checkpoint.py
[2026-06-03T14:36:23.371+0000] {processor.py:840} INFO - DAG(s) 'neuralretail_dq_checkpoint' retrieved from /opt/airflow/dags/dag_dq_checkpoint.py
[2026-06-03T14:36:23.473+0000] {logging_mixin.py:188} INFO - [2026-06-03T14:36:23.473+0000] {dag.py:3096} INFO - Sync 1 DAGs
[2026-06-03T14:36:23.495+0000] {logging_mixin.py:188} INFO - [2026-06-03T14:36:23.495+0000] {dag.py:3954} INFO - Setting next_dagrun for neuralretail_dq_checkpoint to None, run_after=None
[2026-06-03T14:36:23.529+0000] {processor.py:183} INFO - Processing /opt/airflow/dags/dag_dq_checkpoint.py took 0.314 seconds
[2026-06-03T14:36:53.778+0000] {processor.py:161} INFO - Started process (PID=980) to work on /opt/airflow/dags/dag_dq_checkpoint.py
[2026-06-03T14:36:53.780+0000] {processor.py:830} INFO - Processing file /opt/airflow/dags/dag_dq_checkpoint.py for tasks to queue
[2026-06-03T14:36:53.782+0000] {logging_mixin.py:188} INFO - [2026-06-03T14:36:53.782+0000] {dagbag.py:540} INFO - Filling up the DagBag from /opt/airflow/dags/dag_dq_checkpoint.py
[2026-06-03T14:36:53.834+0000] {processor.py:840} INFO - DAG(s) 'neuralretail_dq_checkpoint' retrieved from /opt/airflow/dags/dag_dq_checkpoint.py
[2026-06-03T14:36:53.882+0000] {logging_mixin.py:188} INFO - [2026-06-03T14:36:53.881+0000] {dag.py:3096} INFO - Sync 1 DAGs
[2026-06-03T14:36:53.993+0000] {logging_mixin.py:188} INFO - [2026-06-03T14:36:53.993+0000] {dag.py:3954} INFO - Setting next_dagrun for neuralretail_dq_checkpoint to None, run_after=None
[2026-06-03T14:36:54.009+0000] {processor.py:183} INFO - Processing /opt/airflow/dags/dag_dq_checkpoint.py took 0.236 seconds
[2026-06-03T14:37:25.260+0000] {processor.py:161} INFO - Started process (PID=1000) to work on /opt/airflow/dags/dag_dq_checkpoint.py
[2026-06-03T14:37:25.262+0000] {processor.py:830} INFO - Processing file /opt/airflow/dags/dag_dq_checkpoint.py for tasks to queue
[2026-06-03T14:37:25.265+0000] {logging_mixin.py:188} INFO - [2026-06-03T14:37:25.264+0000] {dagbag.py:540} INFO - Filling up the DagBag from /opt/airflow/dags/dag_dq_checkpoint.py
[2026-06-03T14:37:25.412+0000] {processor.py:840} INFO - DAG(s) 'neuralretail_dq_checkpoint' retrieved from /opt/airflow/dags/dag_dq_checkpoint.py
[2026-06-03T14:37:25.469+0000] {logging_mixin.py:188} INFO - [2026-06-03T14:37:25.469+0000] {dag.py:3096} INFO - Sync 1 DAGs
[2026-06-03T14:37:25.485+0000] {logging_mixin.py:188} INFO - [2026-06-03T14:37:25.485+0000] {dag.py:3954} INFO - Setting next_dagrun for neuralretail_dq_checkpoint to None, run_after=None
[2026-06-03T14:37:25.512+0000] {processor.py:183} INFO - Processing /opt/airflow/dags/dag_dq_checkpoint.py took 0.257 seconds
[2026-06-03T14:37:55.750+0000] {processor.py:161} INFO - Started process (PID=1020) to work on /opt/airflow/dags/dag_dq_checkpoint.py
[2026-06-03T14:37:55.751+0000] {processor.py:830} INFO - Processing file /opt/airflow/dags/dag_dq_checkpoint.py for tasks to queue
[2026-06-03T14:37:55.753+0000] {logging_mixin.py:188} INFO - [2026-06-03T14:37:55.753+0000] {dagbag.py:540} INFO - Filling up the DagBag from /opt/airflow/dags/dag_dq_checkpoint.py
[2026-06-03T14:37:55.782+0000] {processor.py:840} INFO - DAG(s) 'neuralretail_dq_checkpoint' retrieved from /opt/airflow/dags/dag_dq_checkpoint.py
[2026-06-03T14:37:55.809+0000] {logging_mixin.py:188} INFO - [2026-06-03T14:37:55.809+0000] {dag.py:3096} INFO - Sync 1 DAGs
[2026-06-03T14:37:55.819+0000] {logging_mixin.py:188} INFO - [2026-06-03T14:37:55.819+0000] {dag.py:3954} INFO - Setting next_dagrun for neuralretail_dq_checkpoint to None, run_after=None
[2026-06-03T14:37:55.836+0000] {processor.py:183} INFO - Processing /opt/airflow/dags/dag_dq_checkpoint.py took 0.092 seconds
[2026-06-03T14:38:25.970+0000] {processor.py:161} INFO - Started process (PID=1040) to work on /opt/airflow/dags/dag_dq_checkpoint.py
[2026-06-03T14:38:25.971+0000] {processor.py:830} INFO - Processing file /opt/airflow/dags/dag_dq_checkpoint.py for tasks to queue
[2026-06-03T14:38:25.973+0000] {logging_mixin.py:188} INFO - [2026-06-03T14:38:25.972+0000] {dagbag.py:540} INFO - Filling up the DagBag from /opt/airflow/dags/dag_dq_checkpoint.py
[2026-06-03T14:38:26.016+0000] {processor.py:840} INFO - DAG(s) 'neuralretail_dq_checkpoint' retrieved from /opt/airflow/dags/dag_dq_checkpoint.py
[2026-06-03T14:38:26.130+0000] {logging_mixin.py:188} INFO - [2026-06-03T14:38:26.129+0000] {dag.py:3096} INFO - Sync 1 DAGs
[2026-06-03T14:38:26.163+0000] {logging_mixin.py:188} INFO - [2026-06-03T14:38:26.162+0000] {dag.py:3954} INFO - Setting next_dagrun for neuralretail_dq_checkpoint to None, run_after=None
[2026-06-03T14:38:26.198+0000] {processor.py:183} INFO - Processing /opt/airflow/dags/dag_dq_checkpoint.py took 0.234 seconds
[2026-06-03T14:38:56.350+0000] {processor.py:161} INFO - Started process (PID=1060) to work on /opt/airflow/dags/dag_dq_checkpoint.py
[2026-06-03T14:38:56.351+0000] {processor.py:830} INFO - Processing file /opt/airflow/dags/dag_dq_checkpoint.py for tasks to queue
[2026-06-03T14:38:56.352+0000] {logging_mixin.py:188} INFO - [2026-06-03T14:38:56.352+0000] {dagbag.py:540} INFO - Filling up the DagBag from /opt/airflow/dags/dag_dq_checkpoint.py
[2026-06-03T14:38:56.382+0000] {processor.py:840} INFO - DAG(s) 'neuralretail_dq_checkpoint' retrieved from /opt/airflow/dags/dag_dq_checkpoint.py
[2026-06-03T14:38:56.407+0000] {logging_mixin.py:188} INFO - [2026-06-03T14:38:56.407+0000] {dag.py:3096} INFO - Sync 1 DAGs
[2026-06-03T14:38:56.416+0000] {logging_mixin.py:188} INFO - [2026-06-03T14:38:56.416+0000] {dag.py:3954} INFO - Setting next_dagrun for neuralretail_dq_checkpoint to None, run_after=None
[2026-06-03T14:38:56.429+0000] {processor.py:183} INFO - Processing /opt/airflow/dags/dag_dq_checkpoint.py took 0.083 seconds
[2026-06-03T14:39:26.863+0000] {processor.py:161} INFO - Started process (PID=1080) to work on /opt/airflow/dags/dag_dq_checkpoint.py
[2026-06-03T14:39:26.865+0000] {processor.py:830} INFO - Processing file /opt/airflow/dags/dag_dq_checkpoint.py for tasks to queue
[2026-06-03T14:39:26.866+0000] {logging_mixin.py:188} INFO - [2026-06-03T14:39:26.866+0000] {dagbag.py:540} INFO - Filling up the DagBag from /opt/airflow/dags/dag_dq_checkpoint.py
[2026-06-03T14:39:26.905+0000] {processor.py:840} INFO - DAG(s) 'neuralretail_dq_checkpoint' retrieved from /opt/airflow/dags/dag_dq_checkpoint.py
[2026-06-03T14:39:26.933+0000] {logging_mixin.py:188} INFO - [2026-06-03T14:39:26.933+0000] {dag.py:3096} INFO - Sync 1 DAGs
[2026-06-03T14:39:26.942+0000] {logging_mixin.py:188} INFO - [2026-06-03T14:39:26.942+0000] {dag.py:3954} INFO - Setting next_dagrun for neuralretail_dq_checkpoint to None, run_after=None
[2026-06-03T14:39:26.967+0000] {processor.py:183} INFO - Processing /opt/airflow/dags/dag_dq_checkpoint.py took 0.109 seconds
[2026-06-03T14:39:58.049+0000] {processor.py:161} INFO - Started process (PID=1100) to work on /opt/airflow/dags/dag_dq_checkpoint.py
[2026-06-03T14:39:58.050+0000] {processor.py:830} INFO - Processing file /opt/airflow/dags/dag_dq_checkpoint.py for tasks to queue
[2026-06-03T14:39:58.052+0000] {logging_mixin.py:188} INFO - [2026-06-03T14:39:58.052+0000] {dagbag.py:540} INFO - Filling up the DagBag from /opt/airflow/dags/dag_dq_checkpoint.py
[2026-06-03T14:39:58.127+0000] {processor.py:840} INFO - DAG(s) 'neuralretail_dq_checkpoint' retrieved from /opt/airflow/dags/dag_dq_checkpoint.py
[2026-06-03T14:39:58.188+0000] {logging_mixin.py:188} INFO - [2026-06-03T14:39:58.188+0000] {dag.py:3096} INFO - Sync 1 DAGs
[2026-06-03T14:39:58.204+0000] {logging_mixin.py:188} INFO - [2026-06-03T14:39:58.203+0000] {dag.py:3954} INFO - Setting next_dagrun for neuralretail_dq_checkpoint to None, run_after=None
[2026-06-03T14:39:58.232+0000] {processor.py:183} INFO - Processing /opt/airflow/dags/dag_dq_checkpoint.py took 0.189 seconds
[2026-06-03T14:40:29.217+0000] {processor.py:161} INFO - Started process (PID=1120) to work on /opt/airflow/dags/dag_dq_checkpoint.py
[2026-06-03T14:40:29.218+0000] {processor.py:830} INFO - Processing file /opt/airflow/dags/dag_dq_checkpoint.py for tasks to queue
[2026-06-03T14:40:29.220+0000] {logging_mixin.py:188} INFO - [2026-06-03T14:40:29.220+0000] {dagbag.py:540} INFO - Filling up the DagBag from /opt/airflow/dags/dag_dq_checkpoint.py
[2026-06-03T14:40:29.241+0000] {processor.py:840} INFO - DAG(s) 'neuralretail_dq_checkpoint' retrieved from /opt/airflow/dags/dag_dq_checkpoint.py
[2026-06-03T14:40:29.266+0000] {logging_mixin.py:188} INFO - [2026-06-03T14:40:29.266+0000] {dag.py:3096} INFO - Sync 1 DAGs
[2026-06-03T14:40:29.277+0000] {logging_mixin.py:188} INFO - [2026-06-03T14:40:29.276+0000] {dag.py:3954} INFO - Setting next_dagrun for neuralretail_dq_checkpoint to None, run_after=None
[2026-06-03T14:40:29.293+0000] {processor.py:183} INFO - Processing /opt/airflow/dags/dag_dq_checkpoint.py took 0.080 seconds
[2026-06-03T14:40:59.853+0000] {processor.py:161} INFO - Started process (PID=1140) to work on /opt/airflow/dags/dag_dq_checkpoint.py
[2026-06-03T14:40:59.857+0000] {processor.py:830} INFO - Processing file /opt/airflow/dags/dag_dq_checkpoint.py for tasks to queue
[2026-06-03T14:40:59.860+0000] {logging_mixin.py:188} INFO - [2026-06-03T14:40:59.860+0000] {dagbag.py:540} INFO - Filling up the DagBag from /opt/airflow/dags/dag_dq_checkpoint.py
[2026-06-03T14:40:59.930+0000] {processor.py:840} INFO - DAG(s) 'neuralretail_dq_checkpoint' retrieved from /opt/airflow/dags/dag_dq_checkpoint.py
[2026-06-03T14:40:59.976+0000] {logging_mixin.py:188} INFO - [2026-06-03T14:40:59.976+0000] {dag.py:3096} INFO - Sync 1 DAGs
[2026-06-03T14:40:59.985+0000] {logging_mixin.py:188} INFO - [2026-06-03T14:40:59.985+0000] {dag.py:3954} INFO - Setting next_dagrun for neuralretail_dq_checkpoint to None, run_after=None
[2026-06-03T14:41:00.004+0000] {processor.py:183} INFO - Processing /opt/airflow/dags/dag_dq_checkpoint.py took 0.157 seconds
[2026-06-03T14:41:30.192+0000] {processor.py:161} INFO - Started process (PID=1160) to work on /opt/airflow/dags/dag_dq_checkpoint.py
[2026-06-03T14:41:30.195+0000] {processor.py:830} INFO - Processing file /opt/airflow/dags/dag_dq_checkpoint.py for tasks to queue
[2026-06-03T14:41:30.199+0000] {logging_mixin.py:188} INFO - [2026-06-03T14:41:30.198+0000] {dagbag.py:540} INFO - Filling up the DagBag from /opt/airflow/dags/dag_dq_checkpoint.py
[2026-06-03T14:41:30.278+0000] {processor.py:840} INFO - DAG(s) 'neuralretail_dq_checkpoint' retrieved from /opt/airflow/dags/dag_dq_checkpoint.py
[2026-06-03T14:41:30.345+0000] {logging_mixin.py:188} INFO - [2026-06-03T14:41:30.345+0000] {dag.py:3096} INFO - Sync 1 DAGs
[2026-06-03T14:41:30.358+0000] {logging_mixin.py:188} INFO - [2026-06-03T14:41:30.358+0000] {dag.py:3954} INFO - Setting next_dagrun for neuralretail_dq_checkpoint to None, run_after=None
[2026-06-03T14:41:30.383+0000] {processor.py:183} INFO - Processing /opt/airflow/dags/dag_dq_checkpoint.py took 0.206 seconds
[2026-06-03T14:42:01.342+0000] {processor.py:161} INFO - Started process (PID=1180) to work on /opt/airflow/dags/dag_dq_checkpoint.py
[2026-06-03T14:42:01.343+0000] {processor.py:830} INFO - Processing file /opt/airflow/dags/dag_dq_checkpoint.py for tasks to queue
[2026-06-03T14:42:01.345+0000] {logging_mixin.py:188} INFO - [2026-06-03T14:42:01.345+0000] {dagbag.py:540} INFO - Filling up the DagBag from /opt/airflow/dags/dag_dq_checkpoint.py
[2026-06-03T14:42:01.390+0000] {processor.py:840} INFO - DAG(s) 'neuralretail_dq_checkpoint' retrieved from /opt/airflow/dags/dag_dq_checkpoint.py
[2026-06-03T14:42:01.455+0000] {logging_mixin.py:188} INFO - [2026-06-03T14:42:01.455+0000] {dag.py:3096} INFO - Sync 1 DAGs
[2026-06-03T14:42:01.467+0000] {logging_mixin.py:188} INFO - [2026-06-03T14:42:01.466+0000] {dag.py:3954} INFO - Setting next_dagrun for neuralretail_dq_checkpoint to None, run_after=None
[2026-06-03T14:42:01.487+0000] {processor.py:183} INFO - Processing /opt/airflow/dags/dag_dq_checkpoint.py took 0.151 seconds
[2026-06-03T14:42:31.750+0000] {processor.py:161} INFO - Started process (PID=1200) to work on /opt/airflow/dags/dag_dq_checkpoint.py
[2026-06-03T14:42:31.752+0000] {processor.py:830} INFO - Processing file /opt/airflow/dags/dag_dq_checkpoint.py for tasks to queue
[2026-06-03T14:42:31.755+0000] {logging_mixin.py:188} INFO - [2026-06-03T14:42:31.754+0000] {dagbag.py:540} INFO - Filling up the DagBag from /opt/airflow/dags/dag_dq_checkpoint.py
[2026-06-03T14:42:31.801+0000] {processor.py:840} INFO - DAG(s) 'neuralretail_dq_checkpoint' retrieved from /opt/airflow/dags/dag_dq_checkpoint.py
[2026-06-03T14:42:31.828+0000] {logging_mixin.py:188} INFO - [2026-06-03T14:42:31.828+0000] {dag.py:3096} INFO - Sync 1 DAGs
[2026-06-03T14:42:31.840+0000] {logging_mixin.py:188} INFO - [2026-06-03T14:42:31.840+0000] {dag.py:3954} INFO - Setting next_dagrun for neuralretail_dq_checkpoint to None, run_after=None
[2026-06-03T14:42:31.860+0000] {processor.py:183} INFO - Processing /opt/airflow/dags/dag_dq_checkpoint.py took 0.122 seconds
[2026-06-03T14:43:02.105+0000] {processor.py:161} INFO - Started process (PID=1220) to work on /opt/airflow/dags/dag_dq_checkpoint.py
[2026-06-03T14:43:02.106+0000] {processor.py:830} INFO - Processing file /opt/airflow/dags/dag_dq_checkpoint.py for tasks to queue
[2026-06-03T14:43:02.108+0000] {logging_mixin.py:188} INFO - [2026-06-03T14:43:02.107+0000] {dagbag.py:540} INFO - Filling up the DagBag from /opt/airflow/dags/dag_dq_checkpoint.py
[2026-06-03T14:43:02.128+0000] {processor.py:840} INFO - DAG(s) 'neuralretail_dq_checkpoint' retrieved from /opt/airflow/dags/dag_dq_checkpoint.py
[2026-06-03T14:43:02.155+0000] {logging_mixin.py:188} INFO - [2026-06-03T14:43:02.155+0000] {dag.py:3096} INFO - Sync 1 DAGs
[2026-06-03T14:43:02.166+0000] {logging_mixin.py:188} INFO - [2026-06-03T14:43:02.166+0000] {dag.py:3954} INFO - Setting next_dagrun for neuralretail_dq_checkpoint to None, run_after=None
[2026-06-03T14:43:02.182+0000] {processor.py:183} INFO - Processing /opt/airflow/dags/dag_dq_checkpoint.py took 0.081 seconds
[2026-06-03T14:43:32.260+0000] {processor.py:161} INFO - Started process (PID=1240) to work on /opt/airflow/dags/dag_dq_checkpoint.py
[2026-06-03T14:43:32.262+0000] {processor.py:830} INFO - Processing file /opt/airflow/dags/dag_dq_checkpoint.py for tasks to queue
[2026-06-03T14:43:32.291+0000] {logging_mixin.py:188} INFO - [2026-06-03T14:43:32.291+0000] {dagbag.py:540} INFO - Filling up the DagBag from /opt/airflow/dags/dag_dq_checkpoint.py
[2026-06-03T14:43:32.358+0000] {processor.py:840} INFO - DAG(s) 'neuralretail_dq_checkpoint' retrieved from /opt/airflow/dags/dag_dq_checkpoint.py
[2026-06-03T14:43:32.399+0000] {logging_mixin.py:188} INFO - [2026-06-03T14:43:32.398+0000] {dag.py:3096} INFO - Sync 1 DAGs
[2026-06-03T14:43:32.412+0000] {logging_mixin.py:188} INFO - [2026-06-03T14:43:32.411+0000] {dag.py:3954} INFO - Setting next_dagrun for neuralretail_dq_checkpoint to None, run_after=None
[2026-06-03T14:43:32.437+0000] {processor.py:183} INFO - Processing /opt/airflow/dags/dag_dq_checkpoint.py took 0.182 seconds
[2026-06-03T14:44:02.570+0000] {processor.py:161} INFO - Started process (PID=1262) to work on /opt/airflow/dags/dag_dq_checkpoint.py
[2026-06-03T14:44:02.571+0000] {processor.py:830} INFO - Processing file /opt/airflow/dags/dag_dq_checkpoint.py for tasks to queue
[2026-06-03T14:44:02.573+0000] {logging_mixin.py:188} INFO - [2026-06-03T14:44:02.572+0000] {dagbag.py:540} INFO - Filling up the DagBag from /opt/airflow/dags/dag_dq_checkpoint.py
[2026-06-03T14:44:02.591+0000] {processor.py:840} INFO - DAG(s) 'neuralretail_dq_checkpoint' retrieved from /opt/airflow/dags/dag_dq_checkpoint.py
[2026-06-03T14:44:02.616+0000] {logging_mixin.py:188} INFO - [2026-06-03T14:44:02.616+0000] {dag.py:3096} INFO - Sync 1 DAGs
[2026-06-03T14:44:02.625+0000] {logging_mixin.py:188} INFO - [2026-06-03T14:44:02.625+0000] {dag.py:3954} INFO - Setting next_dagrun for neuralretail_dq_checkpoint to None, run_after=None
[2026-06-03T14:44:02.641+0000] {processor.py:183} INFO - Processing /opt/airflow/dags/dag_dq_checkpoint.py took 0.077 seconds
[2026-06-03T14:44:32.708+0000] {processor.py:161} INFO - Started process (PID=1280) to work on /opt/airflow/dags/dag_dq_checkpoint.py
[2026-06-03T14:44:32.709+0000] {processor.py:830} INFO - Processing file /opt/airflow/dags/dag_dq_checkpoint.py for tasks to queue
[2026-06-03T14:44:32.711+0000] {logging_mixin.py:188} INFO - [2026-06-03T14:44:32.711+0000] {dagbag.py:540} INFO - Filling up the DagBag from /opt/airflow/dags/dag_dq_checkpoint.py
[2026-06-03T14:44:32.731+0000] {processor.py:840} INFO - DAG(s) 'neuralretail_dq_checkpoint' retrieved from /opt/airflow/dags/dag_dq_checkpoint.py
[2026-06-03T14:44:32.762+0000] {logging_mixin.py:188} INFO - [2026-06-03T14:44:32.762+0000] {dag.py:3096} INFO - Sync 1 DAGs
[2026-06-03T14:44:32.770+0000] {logging_mixin.py:188} INFO - [2026-06-03T14:44:32.770+0000] {dag.py:3954} INFO - Setting next_dagrun for neuralretail_dq_checkpoint to None, run_after=None
[2026-06-03T14:44:32.789+0000] {processor.py:183} INFO - Processing /opt/airflow/dags/dag_dq_checkpoint.py took 0.086 seconds
[2026-06-03T14:45:03.856+0000] {processor.py:161} INFO - Started process (PID=1300) to work on /opt/airflow/dags/dag_dq_checkpoint.py
[2026-06-03T14:45:03.859+0000] {processor.py:830} INFO - Processing file /opt/airflow/dags/dag_dq_checkpoint.py for tasks to queue
[2026-06-03T14:45:03.861+0000] {logging_mixin.py:188} INFO - [2026-06-03T14:45:03.861+0000] {dagbag.py:540} INFO - Filling up the DagBag from /opt/airflow/dags/dag_dq_checkpoint.py
[2026-06-03T14:45:03.920+0000] {processor.py:840} INFO - DAG(s) 'neuralretail_dq_checkpoint' retrieved from /opt/airflow/dags/dag_dq_checkpoint.py
[2026-06-03T14:45:04.005+0000] {logging_mixin.py:188} INFO - [2026-06-03T14:45:04.005+0000] {dag.py:3096} INFO - Sync 1 DAGs
[2026-06-03T14:45:04.015+0000] {logging_mixin.py:188} INFO - [2026-06-03T14:45:04.015+0000] {dag.py:3954} INFO - Setting next_dagrun for neuralretail_dq_checkpoint to None, run_after=None
[2026-06-03T14:45:04.071+0000] {processor.py:183} INFO - Processing /opt/airflow/dags/dag_dq_checkpoint.py took 0.224 seconds
[2026-06-03T14:45:35.081+0000] {processor.py:161} INFO - Started process (PID=1320) to work on /opt/airflow/dags/dag_dq_checkpoint.py
[2026-06-03T14:45:35.082+0000] {processor.py:830} INFO - Processing file /opt/airflow/dags/dag_dq_checkpoint.py for tasks to queue
[2026-06-03T14:45:35.083+0000] {logging_mixin.py:188} INFO - [2026-06-03T14:45:35.083+0000] {dagbag.py:540} INFO - Filling up the DagBag from /opt/airflow/dags/dag_dq_checkpoint.py
[2026-06-03T14:45:35.101+0000] {processor.py:840} INFO - DAG(s) 'neuralretail_dq_checkpoint' retrieved from /opt/airflow/dags/dag_dq_checkpoint.py
[2026-06-03T14:45:35.125+0000] {logging_mixin.py:188} INFO - [2026-06-03T14:45:35.124+0000] {dag.py:3096} INFO - Sync 1 DAGs
[2026-06-03T14:45:35.135+0000] {logging_mixin.py:188} INFO - [2026-06-03T14:45:35.134+0000] {dag.py:3954} INFO - Setting next_dagrun for neuralretail_dq_checkpoint to None, run_after=None
[2026-06-03T14:45:35.149+0000] {processor.py:183} INFO - Processing /opt/airflow/dags/dag_dq_checkpoint.py took 0.073 seconds
[2026-06-03T14:46:06.195+0000] {processor.py:161} INFO - Started process (PID=1340) to work on /opt/airflow/dags/dag_dq_checkpoint.py
[2026-06-03T14:46:06.196+0000] {processor.py:830} INFO - Processing file /opt/airflow/dags/dag_dq_checkpoint.py for tasks to queue
[2026-06-03T14:46:06.199+0000] {logging_mixin.py:188} INFO - [2026-06-03T14:46:06.198+0000] {dagbag.py:540} INFO - Filling up the DagBag from /opt/airflow/dags/dag_dq_checkpoint.py
[2026-06-03T14:46:06.226+0000] {processor.py:840} INFO - DAG(s) 'neuralretail_dq_checkpoint' retrieved from /opt/airflow/dags/dag_dq_checkpoint.py
[2026-06-03T14:46:06.252+0000] {logging_mixin.py:188} INFO - [2026-06-03T14:46:06.252+0000] {dag.py:3096} INFO - Sync 1 DAGs
[2026-06-03T14:46:06.265+0000] {logging_mixin.py:188} INFO - [2026-06-03T14:46:06.264+0000] {dag.py:3954} INFO - Setting next_dagrun for neuralretail_dq_checkpoint to None, run_after=None
[2026-06-03T14:46:06.280+0000] {processor.py:183} INFO - Processing /opt/airflow/dags/dag_dq_checkpoint.py took 0.093 seconds
[2026-06-03T14:46:36.453+0000] {processor.py:161} INFO - Started process (PID=1360) to work on /opt/airflow/dags/dag_dq_checkpoint.py
[2026-06-03T14:46:36.454+0000] {processor.py:830} INFO - Processing file /opt/airflow/dags/dag_dq_checkpoint.py for tasks to queue
[2026-06-03T14:46:36.458+0000] {logging_mixin.py:188} INFO - [2026-06-03T14:46:36.458+0000] {dagbag.py:540} INFO - Filling up the DagBag from /opt/airflow/dags/dag_dq_checkpoint.py
[2026-06-03T14:46:36.504+0000] {processor.py:840} INFO - DAG(s) 'neuralretail_dq_checkpoint' retrieved from /opt/airflow/dags/dag_dq_checkpoint.py
[2026-06-03T14:46:36.530+0000] {logging_mixin.py:188} INFO - [2026-06-03T14:46:36.530+0000] {dag.py:3096} INFO - Sync 1 DAGs
[2026-06-03T14:46:36.540+0000] {logging_mixin.py:188} INFO - [2026-06-03T14:46:36.540+0000] {dag.py:3954} INFO - Setting next_dagrun for neuralretail_dq_checkpoint to None, run_after=None
[2026-06-03T14:46:36.556+0000] {processor.py:183} INFO - Processing /opt/airflow/dags/dag_dq_checkpoint.py took 0.108 seconds
[2026-06-03T14:47:06.788+0000] {processor.py:161} INFO - Started process (PID=1380) to work on /opt/airflow/dags/dag_dq_checkpoint.py
[2026-06-03T14:47:06.790+0000] {processor.py:830} INFO - Processing file /opt/airflow/dags/dag_dq_checkpoint.py for tasks to queue
[2026-06-03T14:47:06.792+0000] {logging_mixin.py:188} INFO - [2026-06-03T14:47:06.792+0000] {dagbag.py:540} INFO - Filling up the DagBag from /opt/airflow/dags/dag_dq_checkpoint.py
[2026-06-03T14:47:06.812+0000] {processor.py:840} INFO - DAG(s) 'neuralretail_dq_checkpoint' retrieved from /opt/airflow/dags/dag_dq_checkpoint.py
[2026-06-03T14:47:06.837+0000] {logging_mixin.py:188} INFO - [2026-06-03T14:47:06.837+0000] {dag.py:3096} INFO - Sync 1 DAGs
[2026-06-03T14:47:06.847+0000] {logging_mixin.py:188} INFO - [2026-06-03T14:47:06.847+0000] {dag.py:3954} INFO - Setting next_dagrun for neuralretail_dq_checkpoint to None, run_after=None
[2026-06-03T14:47:06.861+0000] {processor.py:183} INFO - Processing /opt/airflow/dags/dag_dq_checkpoint.py took 0.080 seconds
[2026-06-03T14:47:37.038+0000] {processor.py:161} INFO - Started process (PID=1400) to work on /opt/airflow/dags/dag_dq_checkpoint.py
[2026-06-03T14:47:37.039+0000] {processor.py:830} INFO - Processing file /opt/airflow/dags/dag_dq_checkpoint.py for tasks to queue
[2026-06-03T14:47:37.041+0000] {logging_mixin.py:188} INFO - [2026-06-03T14:47:37.041+0000] {dagbag.py:540} INFO - Filling up the DagBag from /opt/airflow/dags/dag_dq_checkpoint.py
[2026-06-03T14:47:37.076+0000] {processor.py:840} INFO - DAG(s) 'neuralretail_dq_checkpoint' retrieved from /opt/airflow/dags/dag_dq_checkpoint.py
[2026-06-03T14:47:37.102+0000] {logging_mixin.py:188} INFO - [2026-06-03T14:47:37.102+0000] {dag.py:3096} INFO - Sync 1 DAGs
[2026-06-03T14:47:37.111+0000] {logging_mixin.py:188} INFO - [2026-06-03T14:47:37.111+0000] {dag.py:3954} INFO - Setting next_dagrun for neuralretail_dq_checkpoint to None, run_after=None
[2026-06-03T14:47:37.133+0000] {processor.py:183} INFO - Processing /opt/airflow/dags/dag_dq_checkpoint.py took 0.100 seconds
[2026-06-03T14:48:07.241+0000] {processor.py:161} INFO - Started process (PID=1417) to work on /opt/airflow/dags/dag_dq_checkpoint.py
[2026-06-03T14:48:07.242+0000] {processor.py:830} INFO - Processing file /opt/airflow/dags/dag_dq_checkpoint.py for tasks to queue
[2026-06-03T14:48:07.244+0000] {logging_mixin.py:188} INFO - [2026-06-03T14:48:07.244+0000] {dagbag.py:540} INFO - Filling up the DagBag from /opt/airflow/dags/dag_dq_checkpoint.py
[2026-06-03T14:48:07.264+0000] {processor.py:840} INFO - DAG(s) 'neuralretail_dq_checkpoint' retrieved from /opt/airflow/dags/dag_dq_checkpoint.py
[2026-06-03T14:48:07.288+0000] {logging_mixin.py:188} INFO - [2026-06-03T14:48:07.288+0000] {dag.py:3096} INFO - Sync 1 DAGs
[2026-06-03T14:48:07.299+0000] {logging_mixin.py:188} INFO - [2026-06-03T14:48:07.299+0000] {dag.py:3954} INFO - Setting next_dagrun for neuralretail_dq_checkpoint to None, run_after=None
[2026-06-03T14:48:07.314+0000] {processor.py:183} INFO - Processing /opt/airflow/dags/dag_dq_checkpoint.py took 0.076 seconds
[2026-06-03T14:48:37.575+0000] {processor.py:161} INFO - Started process (PID=1440) to work on /opt/airflow/dags/dag_dq_checkpoint.py
[2026-06-03T14:48:37.589+0000] {processor.py:830} INFO - Processing file /opt/airflow/dags/dag_dq_checkpoint.py for tasks to queue
[2026-06-03T14:48:37.591+0000] {logging_mixin.py:188} INFO - [2026-06-03T14:48:37.591+0000] {dagbag.py:540} INFO - Filling up the DagBag from /opt/airflow/dags/dag_dq_checkpoint.py
[2026-06-03T14:48:37.612+0000] {processor.py:840} INFO - DAG(s) 'neuralretail_dq_checkpoint' retrieved from /opt/airflow/dags/dag_dq_checkpoint.py
[2026-06-03T14:48:37.699+0000] {logging_mixin.py:188} INFO - [2026-06-03T14:48:37.699+0000] {dag.py:3096} INFO - Sync 1 DAGs
[2026-06-03T14:48:37.708+0000] {logging_mixin.py:188} INFO - [2026-06-03T14:48:37.708+0000] {dag.py:3954} INFO - Setting next_dagrun for neuralretail_dq_checkpoint to None, run_after=None
[2026-06-03T14:48:37.723+0000] {processor.py:183} INFO - Processing /opt/airflow/dags/dag_dq_checkpoint.py took 0.156 seconds
[2026-06-03T14:49:07.922+0000] {processor.py:161} INFO - Started process (PID=1460) to work on /opt/airflow/dags/dag_dq_checkpoint.py
[2026-06-03T14:49:07.923+0000] {processor.py:830} INFO - Processing file /opt/airflow/dags/dag_dq_checkpoint.py for tasks to queue
[2026-06-03T14:49:07.925+0000] {logging_mixin.py:188} INFO - [2026-06-03T14:49:07.925+0000] {dagbag.py:540} INFO - Filling up the DagBag from /opt/airflow/dags/dag_dq_checkpoint.py
[2026-06-03T14:49:07.945+0000] {processor.py:840} INFO - DAG(s) 'neuralretail_dq_checkpoint' retrieved from /opt/airflow/dags/dag_dq_checkpoint.py
[2026-06-03T14:49:07.972+0000] {logging_mixin.py:188} INFO - [2026-06-03T14:49:07.971+0000] {dag.py:3096} INFO - Sync 1 DAGs
[2026-06-03T14:49:07.982+0000] {logging_mixin.py:188} INFO - [2026-06-03T14:49:07.982+0000] {dag.py:3954} INFO - Setting next_dagrun for neuralretail_dq_checkpoint to None, run_after=None
[2026-06-03T14:49:08.000+0000] {processor.py:183} INFO - Processing /opt/airflow/dags/dag_dq_checkpoint.py took 0.082 seconds
[2026-06-03T14:49:38.202+0000] {processor.py:161} INFO - Started process (PID=1480) to work on /opt/airflow/dags/dag_dq_checkpoint.py
[2026-06-03T14:49:38.203+0000] {processor.py:830} INFO - Processing file /opt/airflow/dags/dag_dq_checkpoint.py for tasks to queue
[2026-06-03T14:49:38.205+0000] {logging_mixin.py:188} INFO - [2026-06-03T14:49:38.205+0000] {dagbag.py:540} INFO - Filling up the DagBag from /opt/airflow/dags/dag_dq_checkpoint.py
[2026-06-03T14:49:38.227+0000] {processor.py:840} INFO - DAG(s) 'neuralretail_dq_checkpoint' retrieved from /opt/airflow/dags/dag_dq_checkpoint.py
[2026-06-03T14:49:38.253+0000] {logging_mixin.py:188} INFO - [2026-06-03T14:49:38.253+0000] {dag.py:3096} INFO - Sync 1 DAGs
[2026-06-03T14:49:38.266+0000] {logging_mixin.py:188} INFO - [2026-06-03T14:49:38.265+0000] {dag.py:3954} INFO - Setting next_dagrun for neuralretail_dq_checkpoint to None, run_after=None
[2026-06-03T14:49:38.282+0000] {processor.py:183} INFO - Processing /opt/airflow/dags/dag_dq_checkpoint.py took 0.085 seconds
[2026-06-03T14:50:09.277+0000] {processor.py:161} INFO - Started process (PID=1500) to work on /opt/airflow/dags/dag_dq_checkpoint.py
[2026-06-03T14:50:09.278+0000] {processor.py:830} INFO - Processing file /opt/airflow/dags/dag_dq_checkpoint.py for tasks to queue
[2026-06-03T14:50:09.280+0000] {logging_mixin.py:188} INFO - [2026-06-03T14:50:09.279+0000] {dagbag.py:540} INFO - Filling up the DagBag from /opt/airflow/dags/dag_dq_checkpoint.py
[2026-06-03T14:50:09.297+0000] {processor.py:840} INFO - DAG(s) 'neuralretail_dq_checkpoint' retrieved from /opt/airflow/dags/dag_dq_checkpoint.py
[2026-06-03T14:50:09.323+0000] {logging_mixin.py:188} INFO - [2026-06-03T14:50:09.323+0000] {dag.py:3096} INFO - Sync 1 DAGs
[2026-06-03T14:50:09.332+0000] {logging_mixin.py:188} INFO - [2026-06-03T14:50:09.332+0000] {dag.py:3954} INFO - Setting next_dagrun for neuralretail_dq_checkpoint to None, run_after=None
[2026-06-03T14:50:09.348+0000] {processor.py:183} INFO - Processing /opt/airflow/dags/dag_dq_checkpoint.py took 0.075 seconds
[2026-06-03T14:50:39.690+0000] {processor.py:161} INFO - Started process (PID=1520) to work on /opt/airflow/dags/dag_dq_checkpoint.py
[2026-06-03T14:50:39.691+0000] {processor.py:830} INFO - Processing file /opt/airflow/dags/dag_dq_checkpoint.py for tasks to queue
[2026-06-03T14:50:39.693+0000] {logging_mixin.py:188} INFO - [2026-06-03T14:50:39.692+0000] {dagbag.py:540} INFO - Filling up the DagBag from /opt/airflow/dags/dag_dq_checkpoint.py
[2026-06-03T14:50:39.712+0000] {processor.py:840} INFO - DAG(s) 'neuralretail_dq_checkpoint' retrieved from /opt/airflow/dags/dag_dq_checkpoint.py
[2026-06-03T14:50:39.876+0000] {logging_mixin.py:188} INFO - [2026-06-03T14:50:39.876+0000] {dag.py:3096} INFO - Sync 1 DAGs
[2026-06-03T14:50:39.899+0000] {logging_mixin.py:188} INFO - [2026-06-03T14:50:39.899+0000] {dag.py:3954} INFO - Setting next_dagrun for neuralretail_dq_checkpoint to None, run_after=None
[2026-06-03T14:50:39.917+0000] {processor.py:183} INFO - Processing /opt/airflow/dags/dag_dq_checkpoint.py took 0.233 seconds
[2026-06-03T14:51:09.981+0000] {processor.py:161} INFO - Started process (PID=1540) to work on /opt/airflow/dags/dag_dq_checkpoint.py
[2026-06-03T14:51:09.982+0000] {processor.py:830} INFO - Processing file /opt/airflow/dags/dag_dq_checkpoint.py for tasks to queue
[2026-06-03T14:51:09.983+0000] {logging_mixin.py:188} INFO - [2026-06-03T14:51:09.983+0000] {dagbag.py:540} INFO - Filling up the DagBag from /opt/airflow/dags/dag_dq_checkpoint.py
[2026-06-03T14:51:10.002+0000] {processor.py:840} INFO - DAG(s) 'neuralretail_dq_checkpoint' retrieved from /opt/airflow/dags/dag_dq_checkpoint.py
[2026-06-03T14:51:10.030+0000] {logging_mixin.py:188} INFO - [2026-06-03T14:51:10.030+0000] {dag.py:3096} INFO - Sync 1 DAGs
[2026-06-03T14:51:10.039+0000] {logging_mixin.py:188} INFO - [2026-06-03T14:51:10.039+0000] {dag.py:3954} INFO - Setting next_dagrun for neuralretail_dq_checkpoint to None, run_after=None
[2026-06-03T14:51:10.054+0000] {processor.py:183} INFO - Processing /opt/airflow/dags/dag_dq_checkpoint.py took 0.078 seconds
[2026-06-03T14:51:40.371+0000] {processor.py:161} INFO - Started process (PID=1560) to work on /opt/airflow/dags/dag_dq_checkpoint.py
[2026-06-03T14:51:40.372+0000] {processor.py:830} INFO - Processing file /opt/airflow/dags/dag_dq_checkpoint.py for tasks to queue
[2026-06-03T14:51:40.374+0000] {logging_mixin.py:188} INFO - [2026-06-03T14:51:40.374+0000] {dagbag.py:540} INFO - Filling up the DagBag from /opt/airflow/dags/dag_dq_checkpoint.py
[2026-06-03T14:51:40.394+0000] {processor.py:840} INFO - DAG(s) 'neuralretail_dq_checkpoint' retrieved from /opt/airflow/dags/dag_dq_checkpoint.py
[2026-06-03T14:51:40.422+0000] {logging_mixin.py:188} INFO - [2026-06-03T14:51:40.422+0000] {dag.py:3096} INFO - Sync 1 DAGs
[2026-06-03T14:51:40.434+0000] {logging_mixin.py:188} INFO - [2026-06-03T14:51:40.434+0000] {dag.py:3954} INFO - Setting next_dagrun for neuralretail_dq_checkpoint to None, run_after=None
[2026-06-03T14:51:40.452+0000] {processor.py:183} INFO - Processing /opt/airflow/dags/dag_dq_checkpoint.py took 0.086 seconds
[2026-06-03T14:52:10.581+0000] {processor.py:161} INFO - Started process (PID=1580) to work on /opt/airflow/dags/dag_dq_checkpoint.py
[2026-06-03T14:52:10.582+0000] {processor.py:830} INFO - Processing file /opt/airflow/dags/dag_dq_checkpoint.py for tasks to queue
[2026-06-03T14:52:10.584+0000] {logging_mixin.py:188} INFO - [2026-06-03T14:52:10.584+0000] {dagbag.py:540} INFO - Filling up the DagBag from /opt/airflow/dags/dag_dq_checkpoint.py
[2026-06-03T14:52:10.645+0000] {processor.py:840} INFO - DAG(s) 'neuralretail_dq_checkpoint' retrieved from /opt/airflow/dags/dag_dq_checkpoint.py
[2026-06-03T14:52:10.675+0000] {logging_mixin.py:188} INFO - [2026-06-03T14:52:10.675+0000] {dag.py:3096} INFO - Sync 1 DAGs
[2026-06-03T14:52:10.683+0000] {logging_mixin.py:188} INFO - [2026-06-03T14:52:10.683+0000] {dag.py:3954} INFO - Setting next_dagrun for neuralretail_dq_checkpoint to None, run_after=None
[2026-06-03T14:52:10.721+0000] {processor.py:183} INFO - Processing /opt/airflow/dags/dag_dq_checkpoint.py took 0.145 seconds
[2026-06-03T14:52:41.013+0000] {processor.py:161} INFO - Started process (PID=1600) to work on /opt/airflow/dags/dag_dq_checkpoint.py
[2026-06-03T14:52:41.014+0000] {processor.py:830} INFO - Processing file /opt/airflow/dags/dag_dq_checkpoint.py for tasks to queue
[2026-06-03T14:52:41.017+0000] {logging_mixin.py:188} INFO - [2026-06-03T14:52:41.016+0000] {dagbag.py:540} INFO - Filling up the DagBag from /opt/airflow/dags/dag_dq_checkpoint.py
[2026-06-03T14:52:41.059+0000] {processor.py:840} INFO - DAG(s) 'neuralretail_dq_checkpoint' retrieved from /opt/airflow/dags/dag_dq_checkpoint.py
[2026-06-03T14:52:41.108+0000] {logging_mixin.py:188} INFO - [2026-06-03T14:52:41.108+0000] {dag.py:3096} INFO - Sync 1 DAGs
[2026-06-03T14:52:41.117+0000] {logging_mixin.py:188} INFO - [2026-06-03T14:52:41.117+0000] {dag.py:3954} INFO - Setting next_dagrun for neuralretail_dq_checkpoint to None, run_after=None
[2026-06-03T14:52:41.131+0000] {processor.py:183} INFO - Processing /opt/airflow/dags/dag_dq_checkpoint.py took 0.126 seconds
[2026-06-03T14:53:11.396+0000] {processor.py:161} INFO - Started process (PID=1620) to work on /opt/airflow/dags/dag_dq_checkpoint.py
[2026-06-03T14:53:11.397+0000] {processor.py:830} INFO - Processing file /opt/airflow/dags/dag_dq_checkpoint.py for tasks to queue
[2026-06-03T14:53:11.399+0000] {logging_mixin.py:188} INFO - [2026-06-03T14:53:11.399+0000] {dagbag.py:540} INFO - Filling up the DagBag from /opt/airflow/dags/dag_dq_checkpoint.py
[2026-06-03T14:53:11.459+0000] {processor.py:840} INFO - DAG(s) 'neuralretail_dq_checkpoint' retrieved from /opt/airflow/dags/dag_dq_checkpoint.py
[2026-06-03T14:53:11.612+0000] {logging_mixin.py:188} INFO - [2026-06-03T14:53:11.611+0000] {dag.py:3096} INFO - Sync 1 DAGs
[2026-06-03T14:53:11.631+0000] {logging_mixin.py:188} INFO - [2026-06-03T14:53:11.631+0000] {dag.py:3954} INFO - Setting next_dagrun for neuralretail_dq_checkpoint to None, run_after=None
[2026-06-03T14:53:11.686+0000] {processor.py:183} INFO - Processing /opt/airflow/dags/dag_dq_checkpoint.py took 0.295 seconds
[2026-06-03T14:53:41.878+0000] {processor.py:161} INFO - Started process (PID=1642) to work on /opt/airflow/dags/dag_dq_checkpoint.py
[2026-06-03T14:53:41.879+0000] {processor.py:830} INFO - Processing file /opt/airflow/dags/dag_dq_checkpoint.py for tasks to queue
[2026-06-03T14:53:41.880+0000] {logging_mixin.py:188} INFO - [2026-06-03T14:53:41.880+0000] {dagbag.py:540} INFO - Filling up the DagBag from /opt/airflow/dags/dag_dq_checkpoint.py
[2026-06-03T14:53:41.900+0000] {processor.py:840} INFO - DAG(s) 'neuralretail_dq_checkpoint' retrieved from /opt/airflow/dags/dag_dq_checkpoint.py
[2026-06-03T14:53:41.924+0000] {logging_mixin.py:188} INFO - [2026-06-03T14:53:41.923+0000] {dag.py:3096} INFO - Sync 1 DAGs
[2026-06-03T14:53:41.932+0000] {logging_mixin.py:188} INFO - [2026-06-03T14:53:41.932+0000] {dag.py:3954} INFO - Setting next_dagrun for neuralretail_dq_checkpoint to None, run_after=None
[2026-06-03T14:53:41.948+0000] {processor.py:183} INFO - Processing /opt/airflow/dags/dag_dq_checkpoint.py took 0.074 seconds
[2026-06-03T14:54:12.174+0000] {processor.py:161} INFO - Started process (PID=1660) to work on /opt/airflow/dags/dag_dq_checkpoint.py
[2026-06-03T14:54:12.175+0000] {processor.py:830} INFO - Processing file /opt/airflow/dags/dag_dq_checkpoint.py for tasks to queue
[2026-06-03T14:54:12.177+0000] {logging_mixin.py:188} INFO - [2026-06-03T14:54:12.177+0000] {dagbag.py:540} INFO - Filling up the DagBag from /opt/airflow/dags/dag_dq_checkpoint.py
[2026-06-03T14:54:12.195+0000] {processor.py:840} INFO - DAG(s) 'neuralretail_dq_checkpoint' retrieved from /opt/airflow/dags/dag_dq_checkpoint.py
[2026-06-03T14:54:12.220+0000] {logging_mixin.py:188} INFO - [2026-06-03T14:54:12.219+0000] {dag.py:3096} INFO - Sync 1 DAGs
[2026-06-03T14:54:12.229+0000] {logging_mixin.py:188} INFO - [2026-06-03T14:54:12.229+0000] {dag.py:3954} INFO - Setting next_dagrun for neuralretail_dq_checkpoint to None, run_after=None
[2026-06-03T14:54:12.248+0000] {processor.py:183} INFO - Processing /opt/airflow/dags/dag_dq_checkpoint.py took 0.083 seconds
[2026-06-03T14:54:42.424+0000] {processor.py:161} INFO - Started process (PID=1680) to work on /opt/airflow/dags/dag_dq_checkpoint.py
[2026-06-03T14:54:42.425+0000] {processor.py:830} INFO - Processing file /opt/airflow/dags/dag_dq_checkpoint.py for tasks to queue
[2026-06-03T14:54:42.427+0000] {logging_mixin.py:188} INFO - [2026-06-03T14:54:42.426+0000] {dagbag.py:540} INFO - Filling up the DagBag from /opt/airflow/dags/dag_dq_checkpoint.py
[2026-06-03T14:54:42.445+0000] {processor.py:840} INFO - DAG(s) 'neuralretail_dq_checkpoint' retrieved from /opt/airflow/dags/dag_dq_checkpoint.py
[2026-06-03T14:54:42.470+0000] {logging_mixin.py:188} INFO - [2026-06-03T14:54:42.470+0000] {dag.py:3096} INFO - Sync 1 DAGs
[2026-06-03T14:54:42.479+0000] {logging_mixin.py:188} INFO - [2026-06-03T14:54:42.479+0000] {dag.py:3954} INFO - Setting next_dagrun for neuralretail_dq_checkpoint to None, run_after=None
[2026-06-03T14:54:42.497+0000] {processor.py:183} INFO - Processing /opt/airflow/dags/dag_dq_checkpoint.py took 0.078 seconds
[2026-06-03T14:55:13.530+0000] {processor.py:161} INFO - Started process (PID=1700) to work on /opt/airflow/dags/dag_dq_checkpoint.py
[2026-06-03T14:55:13.531+0000] {processor.py:830} INFO - Processing file /opt/airflow/dags/dag_dq_checkpoint.py for tasks to queue
[2026-06-03T14:55:13.532+0000] {logging_mixin.py:188} INFO - [2026-06-03T14:55:13.532+0000] {dagbag.py:540} INFO - Filling up the DagBag from /opt/airflow/dags/dag_dq_checkpoint.py
[2026-06-03T14:55:13.551+0000] {processor.py:840} INFO - DAG(s) 'neuralretail_dq_checkpoint' retrieved from /opt/airflow/dags/dag_dq_checkpoint.py
[2026-06-03T14:55:13.574+0000] {logging_mixin.py:188} INFO - [2026-06-03T14:55:13.574+0000] {dag.py:3096} INFO - Sync 1 DAGs
[2026-06-03T14:55:13.583+0000] {logging_mixin.py:188} INFO - [2026-06-03T14:55:13.583+0000] {dag.py:3954} INFO - Setting next_dagrun for neuralretail_dq_checkpoint to None, run_after=None
[2026-06-03T14:55:13.599+0000] {processor.py:183} INFO - Processing /opt/airflow/dags/dag_dq_checkpoint.py took 0.074 seconds
[2026-06-03T14:55:43.937+0000] {processor.py:161} INFO - Started process (PID=1720) to work on /opt/airflow/dags/dag_dq_checkpoint.py
[2026-06-03T14:55:43.939+0000] {processor.py:830} INFO - Processing file /opt/airflow/dags/dag_dq_checkpoint.py for tasks to queue
[2026-06-03T14:55:43.941+0000] {logging_mixin.py:188} INFO - [2026-06-03T14:55:43.941+0000] {dagbag.py:540} INFO - Filling up the DagBag from /opt/airflow/dags/dag_dq_checkpoint.py
[2026-06-03T14:55:43.995+0000] {processor.py:840} INFO - DAG(s) 'neuralretail_dq_checkpoint' retrieved from /opt/airflow/dags/dag_dq_checkpoint.py
[2026-06-03T14:55:44.019+0000] {logging_mixin.py:188} INFO - [2026-06-03T14:55:44.019+0000] {dag.py:3096} INFO - Sync 1 DAGs
[2026-06-03T14:55:44.029+0000] {logging_mixin.py:188} INFO - [2026-06-03T14:55:44.029+0000] {dag.py:3954} INFO - Setting next_dagrun for neuralretail_dq_checkpoint to None, run_after=None
[2026-06-03T14:55:44.182+0000] {processor.py:183} INFO - Processing /opt/airflow/dags/dag_dq_checkpoint.py took 0.254 seconds
[2026-06-03T14:56:15.109+0000] {processor.py:161} INFO - Started process (PID=1740) to work on /opt/airflow/dags/dag_dq_checkpoint.py
[2026-06-03T14:56:15.110+0000] {processor.py:830} INFO - Processing file /opt/airflow/dags/dag_dq_checkpoint.py for tasks to queue
[2026-06-03T14:56:15.112+0000] {logging_mixin.py:188} INFO - [2026-06-03T14:56:15.111+0000] {dagbag.py:540} INFO - Filling up the DagBag from /opt/airflow/dags/dag_dq_checkpoint.py
[2026-06-03T14:56:15.130+0000] {processor.py:840} INFO - DAG(s) 'neuralretail_dq_checkpoint' retrieved from /opt/airflow/dags/dag_dq_checkpoint.py
[2026-06-03T14:56:15.152+0000] {logging_mixin.py:188} INFO - [2026-06-03T14:56:15.152+0000] {dag.py:3096} INFO - Sync 1 DAGs
[2026-06-03T14:56:15.162+0000] {logging_mixin.py:188} INFO - [2026-06-03T14:56:15.162+0000] {dag.py:3954} INFO - Setting next_dagrun for neuralretail_dq_checkpoint to None, run_after=None
[2026-06-03T14:56:15.178+0000] {processor.py:183} INFO - Processing /opt/airflow/dags/dag_dq_checkpoint.py took 0.072 seconds
[2026-06-03T14:56:45.490+0000] {processor.py:161} INFO - Started process (PID=1760) to work on /opt/airflow/dags/dag_dq_checkpoint.py
[2026-06-03T14:56:45.492+0000] {processor.py:830} INFO - Processing file /opt/airflow/dags/dag_dq_checkpoint.py for tasks to queue
[2026-06-03T14:56:45.494+0000] {logging_mixin.py:188} INFO - [2026-06-03T14:56:45.494+0000] {dagbag.py:540} INFO - Filling up the DagBag from /opt/airflow/dags/dag_dq_checkpoint.py
[2026-06-03T14:56:45.512+0000] {processor.py:840} INFO - DAG(s) 'neuralretail_dq_checkpoint' retrieved from /opt/airflow/dags/dag_dq_checkpoint.py
[2026-06-03T14:56:45.534+0000] {logging_mixin.py:188} INFO - [2026-06-03T14:56:45.534+0000] {dag.py:3096} INFO - Sync 1 DAGs
[2026-06-03T14:56:45.544+0000] {logging_mixin.py:188} INFO - [2026-06-03T14:56:45.543+0000] {dag.py:3954} INFO - Setting next_dagrun for neuralretail_dq_checkpoint to None, run_after=None
[2026-06-03T14:56:45.561+0000] {processor.py:183} INFO - Processing /opt/airflow/dags/dag_dq_checkpoint.py took 0.075 seconds
[2026-06-03T14:57:16.705+0000] {processor.py:161} INFO - Started process (PID=1780) to work on /opt/airflow/dags/dag_dq_checkpoint.py
[2026-06-03T14:57:16.706+0000] {processor.py:830} INFO - Processing file /opt/airflow/dags/dag_dq_checkpoint.py for tasks to queue
[2026-06-03T14:57:16.708+0000] {logging_mixin.py:188} INFO - [2026-06-03T14:57:16.708+0000] {dagbag.py:540} INFO - Filling up the DagBag from /opt/airflow/dags/dag_dq_checkpoint.py
[2026-06-03T14:57:16.733+0000] {processor.py:840} INFO - DAG(s) 'neuralretail_dq_checkpoint' retrieved from /opt/airflow/dags/dag_dq_checkpoint.py
[2026-06-03T14:57:16.763+0000] {logging_mixin.py:188} INFO - [2026-06-03T14:57:16.763+0000] {dag.py:3096} INFO - Sync 1 DAGs
[2026-06-03T14:57:16.773+0000] {logging_mixin.py:188} INFO - [2026-06-03T14:57:16.773+0000] {dag.py:3954} INFO - Setting next_dagrun for neuralretail_dq_checkpoint to None, run_after=None
[2026-06-03T14:57:16.788+0000] {processor.py:183} INFO - Processing /opt/airflow/dags/dag_dq_checkpoint.py took 0.088 seconds
[2026-06-03T14:57:46.931+0000] {processor.py:161} INFO - Started process (PID=1800) to work on /opt/airflow/dags/dag_dq_checkpoint.py
[2026-06-03T14:57:46.933+0000] {processor.py:830} INFO - Processing file /opt/airflow/dags/dag_dq_checkpoint.py for tasks to queue
[2026-06-03T14:57:46.936+0000] {logging_mixin.py:188} INFO - [2026-06-03T14:57:46.935+0000] {dagbag.py:540} INFO - Filling up the DagBag from /opt/airflow/dags/dag_dq_checkpoint.py
[2026-06-03T14:57:46.984+0000] {processor.py:840} INFO - DAG(s) 'neuralretail_dq_checkpoint' retrieved from /opt/airflow/dags/dag_dq_checkpoint.py
[2026-06-03T14:57:47.051+0000] {logging_mixin.py:188} INFO - [2026-06-03T14:57:47.051+0000] {dag.py:3096} INFO - Sync 1 DAGs
[2026-06-03T14:57:47.065+0000] {logging_mixin.py:188} INFO - [2026-06-03T14:57:47.065+0000] {dag.py:3954} INFO - Setting next_dagrun for neuralretail_dq_checkpoint to None, run_after=None
[2026-06-03T14:57:47.080+0000] {processor.py:183} INFO - Processing /opt/airflow/dags/dag_dq_checkpoint.py took 0.156 seconds
[2026-06-03T14:58:17.338+0000] {processor.py:161} INFO - Started process (PID=1820) to work on /opt/airflow/dags/dag_dq_checkpoint.py
[2026-06-03T14:58:17.339+0000] {processor.py:830} INFO - Processing file /opt/airflow/dags/dag_dq_checkpoint.py for tasks to queue
[2026-06-03T14:58:17.341+0000] {logging_mixin.py:188} INFO - [2026-06-03T14:58:17.341+0000] {dagbag.py:540} INFO - Filling up the DagBag from /opt/airflow/dags/dag_dq_checkpoint.py
[2026-06-03T14:58:17.389+0000] {processor.py:840} INFO - DAG(s) 'neuralretail_dq_checkpoint' retrieved from /opt/airflow/dags/dag_dq_checkpoint.py
[2026-06-03T14:58:17.424+0000] {logging_mixin.py:188} INFO - [2026-06-03T14:58:17.424+0000] {dag.py:3096} INFO - Sync 1 DAGs
[2026-06-03T14:58:17.432+0000] {logging_mixin.py:188} INFO - [2026-06-03T14:58:17.432+0000] {dag.py:3954} INFO - Setting next_dagrun for neuralretail_dq_checkpoint to None, run_after=None
[2026-06-03T14:58:17.449+0000] {processor.py:183} INFO - Processing /opt/airflow/dags/dag_dq_checkpoint.py took 0.119 seconds
[2026-06-03T14:58:47.602+0000] {processor.py:161} INFO - Started process (PID=1840) to work on /opt/airflow/dags/dag_dq_checkpoint.py
[2026-06-03T14:58:47.602+0000] {processor.py:830} INFO - Processing file /opt/airflow/dags/dag_dq_checkpoint.py for tasks to queue
[2026-06-03T14:58:47.604+0000] {logging_mixin.py:188} INFO - [2026-06-03T14:58:47.604+0000] {dagbag.py:540} INFO - Filling up the DagBag from /opt/airflow/dags/dag_dq_checkpoint.py
[2026-06-03T14:58:47.622+0000] {processor.py:840} INFO - DAG(s) 'neuralretail_dq_checkpoint' retrieved from /opt/airflow/dags/dag_dq_checkpoint.py
[2026-06-03T14:58:47.715+0000] {logging_mixin.py:188} INFO - [2026-06-03T14:58:47.715+0000] {dag.py:3096} INFO - Sync 1 DAGs
[2026-06-03T14:58:47.724+0000] {logging_mixin.py:188} INFO - [2026-06-03T14:58:47.723+0000] {dag.py:3954} INFO - Setting next_dagrun for neuralretail_dq_checkpoint to None, run_after=None
[2026-06-03T14:58:47.754+0000] {processor.py:183} INFO - Processing /opt/airflow/dags/dag_dq_checkpoint.py took 0.158 seconds
[2026-06-03T14:59:17.820+0000] {processor.py:161} INFO - Started process (PID=1860) to work on /opt/airflow/dags/dag_dq_checkpoint.py
[2026-06-03T14:59:17.821+0000] {processor.py:830} INFO - Processing file /opt/airflow/dags/dag_dq_checkpoint.py for tasks to queue
[2026-06-03T14:59:17.823+0000] {logging_mixin.py:188} INFO - [2026-06-03T14:59:17.823+0000] {dagbag.py:540} INFO - Filling up the DagBag from /opt/airflow/dags/dag_dq_checkpoint.py
[2026-06-03T14:59:17.851+0000] {processor.py:840} INFO - DAG(s) 'neuralretail_dq_checkpoint' retrieved from /opt/airflow/dags/dag_dq_checkpoint.py
[2026-06-03T14:59:17.911+0000] {logging_mixin.py:188} INFO - [2026-06-03T14:59:17.911+0000] {dag.py:3096} INFO - Sync 1 DAGs
[2026-06-03T14:59:17.920+0000] {logging_mixin.py:188} INFO - [2026-06-03T14:59:17.920+0000] {dag.py:3954} INFO - Setting next_dagrun for neuralretail_dq_checkpoint to None, run_after=None
[2026-06-03T14:59:17.934+0000] {processor.py:183} INFO - Processing /opt/airflow/dags/dag_dq_checkpoint.py took 0.119 seconds
[2026-06-03T14:59:48.213+0000] {processor.py:161} INFO - Started process (PID=1880) to work on /opt/airflow/dags/dag_dq_checkpoint.py
[2026-06-03T14:59:48.214+0000] {processor.py:830} INFO - Processing file /opt/airflow/dags/dag_dq_checkpoint.py for tasks to queue
[2026-06-03T14:59:48.216+0000] {logging_mixin.py:188} INFO - [2026-06-03T14:59:48.216+0000] {dagbag.py:540} INFO - Filling up the DagBag from /opt/airflow/dags/dag_dq_checkpoint.py
[2026-06-03T14:59:48.258+0000] {processor.py:840} INFO - DAG(s) 'neuralretail_dq_checkpoint' retrieved from /opt/airflow/dags/dag_dq_checkpoint.py
[2026-06-03T14:59:48.303+0000] {logging_mixin.py:188} INFO - [2026-06-03T14:59:48.303+0000] {dag.py:3096} INFO - Sync 1 DAGs
[2026-06-03T14:59:48.312+0000] {logging_mixin.py:188} INFO - [2026-06-03T14:59:48.312+0000] {dag.py:3954} INFO - Setting next_dagrun for neuralretail_dq_checkpoint to None, run_after=None
[2026-06-03T14:59:48.360+0000] {processor.py:183} INFO - Processing /opt/airflow/dags/dag_dq_checkpoint.py took 0.152 seconds
[2026-06-03T15:00:18.587+0000] {processor.py:161} INFO - Started process (PID=1900) to work on /opt/airflow/dags/dag_dq_checkpoint.py
[2026-06-03T15:00:18.588+0000] {processor.py:830} INFO - Processing file /opt/airflow/dags/dag_dq_checkpoint.py for tasks to queue
[2026-06-03T15:00:18.589+0000] {logging_mixin.py:188} INFO - [2026-06-03T15:00:18.589+0000] {dagbag.py:540} INFO - Filling up the DagBag from /opt/airflow/dags/dag_dq_checkpoint.py
[2026-06-03T15:00:18.610+0000] {processor.py:840} INFO - DAG(s) 'neuralretail_dq_checkpoint' retrieved from /opt/airflow/dags/dag_dq_checkpoint.py
[2026-06-03T15:00:18.635+0000] {logging_mixin.py:188} INFO - [2026-06-03T15:00:18.635+0000] {dag.py:3096} INFO - Sync 1 DAGs
[2026-06-03T15:00:18.644+0000] {logging_mixin.py:188} INFO - [2026-06-03T15:00:18.644+0000] {dag.py:3954} INFO - Setting next_dagrun for neuralretail_dq_checkpoint to None, run_after=None
[2026-06-03T15:00:18.659+0000] {processor.py:183} INFO - Processing /opt/airflow/dags/dag_dq_checkpoint.py took 0.077 seconds
[2026-06-03T15:00:48.978+0000] {processor.py:161} INFO - Started process (PID=1920) to work on /opt/airflow/dags/dag_dq_checkpoint.py
[2026-06-03T15:00:48.979+0000] {processor.py:830} INFO - Processing file /opt/airflow/dags/dag_dq_checkpoint.py for tasks to queue
[2026-06-03T15:00:48.981+0000] {logging_mixin.py:188} INFO - [2026-06-03T15:00:48.980+0000] {dagbag.py:540} INFO - Filling up the DagBag from /opt/airflow/dags/dag_dq_checkpoint.py
[2026-06-03T15:00:49.041+0000] {processor.py:840} INFO - DAG(s) 'neuralretail_dq_checkpoint' retrieved from /opt/airflow/dags/dag_dq_checkpoint.py
[2026-06-03T15:00:49.070+0000] {logging_mixin.py:188} INFO - [2026-06-03T15:00:49.070+0000] {dag.py:3096} INFO - Sync 1 DAGs
[2026-06-03T15:00:49.079+0000] {logging_mixin.py:188} INFO - [2026-06-03T15:00:49.079+0000] {dag.py:3954} INFO - Setting next_dagrun for neuralretail_dq_checkpoint to None, run_after=None
[2026-06-03T15:00:49.094+0000] {processor.py:183} INFO - Processing /opt/airflow/dags/dag_dq_checkpoint.py took 0.128 seconds
[2026-06-03T15:01:19.975+0000] {processor.py:161} INFO - Started process (PID=1940) to work on /opt/airflow/dags/dag_dq_checkpoint.py
[2026-06-03T15:01:19.976+0000] {processor.py:830} INFO - Processing file /opt/airflow/dags/dag_dq_checkpoint.py for tasks to queue
[2026-06-03T15:01:19.978+0000] {logging_mixin.py:188} INFO - [2026-06-03T15:01:19.978+0000] {dagbag.py:540} INFO - Filling up the DagBag from /opt/airflow/dags/dag_dq_checkpoint.py
[2026-06-03T15:01:19.996+0000] {processor.py:840} INFO - DAG(s) 'neuralretail_dq_checkpoint' retrieved from /opt/airflow/dags/dag_dq_checkpoint.py
[2026-06-03T15:01:20.022+0000] {logging_mixin.py:188} INFO - [2026-06-03T15:01:20.022+0000] {dag.py:3096} INFO - Sync 1 DAGs
[2026-06-03T15:01:20.032+0000] {logging_mixin.py:188} INFO - [2026-06-03T15:01:20.031+0000] {dag.py:3954} INFO - Setting next_dagrun for neuralretail_dq_checkpoint to None, run_after=None
[2026-06-03T15:01:20.045+0000] {processor.py:183} INFO - Processing /opt/airflow/dags/dag_dq_checkpoint.py took 0.075 seconds
[2026-06-03T15:01:51.146+0000] {processor.py:161} INFO - Started process (PID=1960) to work on /opt/airflow/dags/dag_dq_checkpoint.py
[2026-06-03T15:01:51.147+0000] {processor.py:830} INFO - Processing file /opt/airflow/dags/dag_dq_checkpoint.py for tasks to queue
[2026-06-03T15:01:51.149+0000] {logging_mixin.py:188} INFO - [2026-06-03T15:01:51.149+0000] {dagbag.py:540} INFO - Filling up the DagBag from /opt/airflow/dags/dag_dq_checkpoint.py
[2026-06-03T15:01:51.166+0000] {processor.py:840} INFO - DAG(s) 'neuralretail_dq_checkpoint' retrieved from /opt/airflow/dags/dag_dq_checkpoint.py
[2026-06-03T15:01:51.189+0000] {logging_mixin.py:188} INFO - [2026-06-03T15:01:51.189+0000] {dag.py:3096} INFO - Sync 1 DAGs
[2026-06-03T15:01:51.199+0000] {logging_mixin.py:188} INFO - [2026-06-03T15:01:51.199+0000] {dag.py:3954} INFO - Setting next_dagrun for neuralretail_dq_checkpoint to None, run_after=None
[2026-06-03T15:01:51.214+0000] {processor.py:183} INFO - Processing /opt/airflow/dags/dag_dq_checkpoint.py took 0.072 seconds
[2026-06-03T15:02:22.054+0000] {processor.py:161} INFO - Started process (PID=1980) to work on /opt/airflow/dags/dag_dq_checkpoint.py
[2026-06-03T15:02:22.055+0000] {processor.py:830} INFO - Processing file /opt/airflow/dags/dag_dq_checkpoint.py for tasks to queue
[2026-06-03T15:02:22.057+0000] {logging_mixin.py:188} INFO - [2026-06-03T15:02:22.056+0000] {dagbag.py:540} INFO - Filling up the DagBag from /opt/airflow/dags/dag_dq_checkpoint.py
[2026-06-03T15:02:22.075+0000] {processor.py:840} INFO - DAG(s) 'neuralretail_dq_checkpoint' retrieved from /opt/airflow/dags/dag_dq_checkpoint.py
[2026-06-03T15:02:22.099+0000] {logging_mixin.py:188} INFO - [2026-06-03T15:02:22.099+0000] {dag.py:3096} INFO - Sync 1 DAGs
[2026-06-03T15:02:22.108+0000] {logging_mixin.py:188} INFO - [2026-06-03T15:02:22.108+0000] {dag.py:3954} INFO - Setting next_dagrun for neuralretail_dq_checkpoint to None, run_after=None
[2026-06-03T15:02:22.123+0000] {processor.py:183} INFO - Processing /opt/airflow/dags/dag_dq_checkpoint.py took 0.074 seconds
[2026-06-03T15:02:52.390+0000] {processor.py:161} INFO - Started process (PID=2000) to work on /opt/airflow/dags/dag_dq_checkpoint.py
[2026-06-03T15:02:52.391+0000] {processor.py:830} INFO - Processing file /opt/airflow/dags/dag_dq_checkpoint.py for tasks to queue
[2026-06-03T15:02:52.392+0000] {logging_mixin.py:188} INFO - [2026-06-03T15:02:52.392+0000] {dagbag.py:540} INFO - Filling up the DagBag from /opt/airflow/dags/dag_dq_checkpoint.py
[2026-06-03T15:02:52.417+0000] {processor.py:840} INFO - DAG(s) 'neuralretail_dq_checkpoint' retrieved from /opt/airflow/dags/dag_dq_checkpoint.py
[2026-06-03T15:02:52.444+0000] {logging_mixin.py:188} INFO - [2026-06-03T15:02:52.444+0000] {dag.py:3096} INFO - Sync 1 DAGs
[2026-06-03T15:02:52.453+0000] {logging_mixin.py:188} INFO - [2026-06-03T15:02:52.453+0000] {dag.py:3954} INFO - Setting next_dagrun for neuralretail_dq_checkpoint to None, run_after=None
[2026-06-03T15:02:52.467+0000] {processor.py:183} INFO - Processing /opt/airflow/dags/dag_dq_checkpoint.py took 0.082 seconds
[2026-06-03T15:03:22.775+0000] {processor.py:161} INFO - Started process (PID=2020) to work on /opt/airflow/dags/dag_dq_checkpoint.py
[2026-06-03T15:03:22.775+0000] {processor.py:830} INFO - Processing file /opt/airflow/dags/dag_dq_checkpoint.py for tasks to queue
[2026-06-03T15:03:22.777+0000] {logging_mixin.py:188} INFO - [2026-06-03T15:03:22.777+0000] {dagbag.py:540} INFO - Filling up the DagBag from /opt/airflow/dags/dag_dq_checkpoint.py
[2026-06-03T15:03:22.795+0000] {processor.py:840} INFO - DAG(s) 'neuralretail_dq_checkpoint' retrieved from /opt/airflow/dags/dag_dq_checkpoint.py
[2026-06-03T15:03:22.818+0000] {logging_mixin.py:188} INFO - [2026-06-03T15:03:22.818+0000] {dag.py:3096} INFO - Sync 1 DAGs
[2026-06-03T15:03:22.828+0000] {logging_mixin.py:188} INFO - [2026-06-03T15:03:22.828+0000] {dag.py:3954} INFO - Setting next_dagrun for neuralretail_dq_checkpoint to None, run_after=None
[2026-06-03T15:03:22.844+0000] {processor.py:183} INFO - Processing /opt/airflow/dags/dag_dq_checkpoint.py took 0.074 seconds
[2026-06-03T15:03:53.691+0000] {processor.py:161} INFO - Started process (PID=2040) to work on /opt/airflow/dags/dag_dq_checkpoint.py
[2026-06-03T15:03:53.692+0000] {processor.py:830} INFO - Processing file /opt/airflow/dags/dag_dq_checkpoint.py for tasks to queue
[2026-06-03T15:03:53.694+0000] {logging_mixin.py:188} INFO - [2026-06-03T15:03:53.694+0000] {dagbag.py:540} INFO - Filling up the DagBag from /opt/airflow/dags/dag_dq_checkpoint.py
[2026-06-03T15:03:53.717+0000] {processor.py:840} INFO - DAG(s) 'neuralretail_dq_checkpoint' retrieved from /opt/airflow/dags/dag_dq_checkpoint.py
[2026-06-03T15:03:53.742+0000] {logging_mixin.py:188} INFO - [2026-06-03T15:03:53.742+0000] {dag.py:3096} INFO - Sync 1 DAGs
[2026-06-03T15:03:53.752+0000] {logging_mixin.py:188} INFO - [2026-06-03T15:03:53.752+0000] {dag.py:3954} INFO - Setting next_dagrun for neuralretail_dq_checkpoint to None, run_after=None
[2026-06-03T15:03:53.766+0000] {processor.py:183} INFO - Processing /opt/airflow/dags/dag_dq_checkpoint.py took 0.079 seconds
[2026-06-03T15:04:23.924+0000] {processor.py:161} INFO - Started process (PID=2060) to work on /opt/airflow/dags/dag_dq_checkpoint.py
[2026-06-03T15:04:23.926+0000] {processor.py:830} INFO - Processing file /opt/airflow/dags/dag_dq_checkpoint.py for tasks to queue
[2026-06-03T15:04:23.928+0000] {logging_mixin.py:188} INFO - [2026-06-03T15:04:23.927+0000] {dagbag.py:540} INFO - Filling up the DagBag from /opt/airflow/dags/dag_dq_checkpoint.py
[2026-06-03T15:04:23.948+0000] {processor.py:840} INFO - DAG(s) 'neuralretail_dq_checkpoint' retrieved from /opt/airflow/dags/dag_dq_checkpoint.py
[2026-06-03T15:04:24.047+0000] {logging_mixin.py:188} INFO - [2026-06-03T15:04:24.047+0000] {dag.py:3096} INFO - Sync 1 DAGs
[2026-06-03T15:04:24.057+0000] {logging_mixin.py:188} INFO - [2026-06-03T15:04:24.057+0000] {dag.py:3954} INFO - Setting next_dagrun for neuralretail_dq_checkpoint to None, run_after=None
[2026-06-03T15:04:24.077+0000] {processor.py:183} INFO - Processing /opt/airflow/dags/dag_dq_checkpoint.py took 0.158 seconds
[2026-06-03T15:04:54.320+0000] {processor.py:161} INFO - Started process (PID=2080) to work on /opt/airflow/dags/dag_dq_checkpoint.py
[2026-06-03T15:04:54.327+0000] {processor.py:830} INFO - Processing file /opt/airflow/dags/dag_dq_checkpoint.py for tasks to queue
[2026-06-03T15:04:54.328+0000] {logging_mixin.py:188} INFO - [2026-06-03T15:04:54.328+0000] {dagbag.py:540} INFO - Filling up the DagBag from /opt/airflow/dags/dag_dq_checkpoint.py
[2026-06-03T15:04:54.380+0000] {processor.py:840} INFO - DAG(s) 'neuralretail_dq_checkpoint' retrieved from /opt/airflow/dags/dag_dq_checkpoint.py
[2026-06-03T15:04:54.413+0000] {logging_mixin.py:188} INFO - [2026-06-03T15:04:54.413+0000] {dag.py:3096} INFO - Sync 1 DAGs
[2026-06-03T15:04:54.423+0000] {logging_mixin.py:188} INFO - [2026-06-03T15:04:54.423+0000] {dag.py:3954} INFO - Setting next_dagrun for neuralretail_dq_checkpoint to None, run_after=None
[2026-06-03T15:04:54.437+0000] {processor.py:183} INFO - Processing /opt/airflow/dags/dag_dq_checkpoint.py took 0.122 seconds
[2026-06-03T15:05:25.197+0000] {processor.py:161} INFO - Started process (PID=2100) to work on /opt/airflow/dags/dag_dq_checkpoint.py
[2026-06-03T15:05:25.198+0000] {processor.py:830} INFO - Processing file /opt/airflow/dags/dag_dq_checkpoint.py for tasks to queue
[2026-06-03T15:05:25.200+0000] {logging_mixin.py:188} INFO - [2026-06-03T15:05:25.200+0000] {dagbag.py:540} INFO - Filling up the DagBag from /opt/airflow/dags/dag_dq_checkpoint.py
[2026-06-03T15:05:25.230+0000] {processor.py:840} INFO - DAG(s) 'neuralretail_dq_checkpoint' retrieved from /opt/airflow/dags/dag_dq_checkpoint.py
[2026-06-03T15:05:25.258+0000] {logging_mixin.py:188} INFO - [2026-06-03T15:05:25.257+0000] {dag.py:3096} INFO - Sync 1 DAGs
[2026-06-03T15:05:25.268+0000] {logging_mixin.py:188} INFO - [2026-06-03T15:05:25.267+0000] {dag.py:3954} INFO - Setting next_dagrun for neuralretail_dq_checkpoint to None, run_after=None
[2026-06-03T15:05:25.283+0000] {processor.py:183} INFO - Processing /opt/airflow/dags/dag_dq_checkpoint.py took 0.091 seconds
[2026-06-03T15:05:55.898+0000] {processor.py:161} INFO - Started process (PID=2120) to work on /opt/airflow/dags/dag_dq_checkpoint.py
[2026-06-03T15:05:55.899+0000] {processor.py:830} INFO - Processing file /opt/airflow/dags/dag_dq_checkpoint.py for tasks to queue
[2026-06-03T15:05:55.900+0000] {logging_mixin.py:188} INFO - [2026-06-03T15:05:55.900+0000] {dagbag.py:540} INFO - Filling up the DagBag from /opt/airflow/dags/dag_dq_checkpoint.py
[2026-06-03T15:05:55.922+0000] {processor.py:840} INFO - DAG(s) 'neuralretail_dq_checkpoint' retrieved from /opt/airflow/dags/dag_dq_checkpoint.py
[2026-06-03T15:05:55.947+0000] {logging_mixin.py:188} INFO - [2026-06-03T15:05:55.947+0000] {dag.py:3096} INFO - Sync 1 DAGs
[2026-06-03T15:05:55.957+0000] {logging_mixin.py:188} INFO - [2026-06-03T15:05:55.957+0000] {dag.py:3954} INFO - Setting next_dagrun for neuralretail_dq_checkpoint to None, run_after=None
[2026-06-03T15:05:55.973+0000] {processor.py:183} INFO - Processing /opt/airflow/dags/dag_dq_checkpoint.py took 0.080 seconds
[2026-06-03T15:06:26.191+0000] {processor.py:161} INFO - Started process (PID=2140) to work on /opt/airflow/dags/dag_dq_checkpoint.py
[2026-06-03T15:06:26.193+0000] {processor.py:830} INFO - Processing file /opt/airflow/dags/dag_dq_checkpoint.py for tasks to queue
[2026-06-03T15:06:26.194+0000] {logging_mixin.py:188} INFO - [2026-06-03T15:06:26.194+0000] {dagbag.py:540} INFO - Filling up the DagBag from /opt/airflow/dags/dag_dq_checkpoint.py
[2026-06-03T15:06:26.230+0000] {processor.py:840} INFO - DAG(s) 'neuralretail_dq_checkpoint' retrieved from /opt/airflow/dags/dag_dq_checkpoint.py
[2026-06-03T15:06:26.267+0000] {logging_mixin.py:188} INFO - [2026-06-03T15:06:26.266+0000] {dag.py:3096} INFO - Sync 1 DAGs
[2026-06-03T15:06:26.277+0000] {logging_mixin.py:188} INFO - [2026-06-03T15:06:26.276+0000] {dag.py:3954} INFO - Setting next_dagrun for neuralretail_dq_checkpoint to None, run_after=None
[2026-06-03T15:06:26.292+0000] {processor.py:183} INFO - Processing /opt/airflow/dags/dag_dq_checkpoint.py took 0.107 seconds
[2026-06-03T15:06:56.408+0000] {processor.py:161} INFO - Started process (PID=2160) to work on /opt/airflow/dags/dag_dq_checkpoint.py
[2026-06-03T15:06:56.409+0000] {processor.py:830} INFO - Processing file /opt/airflow/dags/dag_dq_checkpoint.py for tasks to queue
[2026-06-03T15:06:56.410+0000] {logging_mixin.py:188} INFO - [2026-06-03T15:06:56.410+0000] {dagbag.py:540} INFO - Filling up the DagBag from /opt/airflow/dags/dag_dq_checkpoint.py
[2026-06-03T15:06:56.431+0000] {processor.py:840} INFO - DAG(s) 'neuralretail_dq_checkpoint' retrieved from /opt/airflow/dags/dag_dq_checkpoint.py
[2026-06-03T15:06:56.456+0000] {logging_mixin.py:188} INFO - [2026-06-03T15:06:56.456+0000] {dag.py:3096} INFO - Sync 1 DAGs
[2026-06-03T15:06:56.465+0000] {logging_mixin.py:188} INFO - [2026-06-03T15:06:56.465+0000] {dag.py:3954} INFO - Setting next_dagrun for neuralretail_dq_checkpoint to None, run_after=None
[2026-06-03T15:06:56.482+0000] {processor.py:183} INFO - Processing /opt/airflow/dags/dag_dq_checkpoint.py took 0.080 seconds
[2026-06-03T15:07:26.716+0000] {processor.py:161} INFO - Started process (PID=2180) to work on /opt/airflow/dags/dag_dq_checkpoint.py
[2026-06-03T15:07:26.717+0000] {processor.py:830} INFO - Processing file /opt/airflow/dags/dag_dq_checkpoint.py for tasks to queue
[2026-06-03T15:07:26.718+0000] {logging_mixin.py:188} INFO - [2026-06-03T15:07:26.718+0000] {dagbag.py:540} INFO - Filling up the DagBag from /opt/airflow/dags/dag_dq_checkpoint.py
[2026-06-03T15:07:26.736+0000] {processor.py:840} INFO - DAG(s) 'neuralretail_dq_checkpoint' retrieved from /opt/airflow/dags/dag_dq_checkpoint.py
[2026-06-03T15:07:26.760+0000] {logging_mixin.py:188} INFO - [2026-06-03T15:07:26.760+0000] {dag.py:3096} INFO - Sync 1 DAGs
[2026-06-03T15:07:26.770+0000] {logging_mixin.py:188} INFO - [2026-06-03T15:07:26.770+0000] {dag.py:3954} INFO - Setting next_dagrun for neuralretail_dq_checkpoint to None, run_after=None
[2026-06-03T15:07:26.786+0000] {processor.py:183} INFO - Processing /opt/airflow/dags/dag_dq_checkpoint.py took 0.075 seconds
[2026-06-03T15:07:56.913+0000] {processor.py:161} INFO - Started process (PID=2200) to work on /opt/airflow/dags/dag_dq_checkpoint.py
[2026-06-03T15:07:56.913+0000] {processor.py:830} INFO - Processing file /opt/airflow/dags/dag_dq_checkpoint.py for tasks to queue
[2026-06-03T15:07:56.915+0000] {logging_mixin.py:188} INFO - [2026-06-03T15:07:56.915+0000] {dagbag.py:540} INFO - Filling up the DagBag from /opt/airflow/dags/dag_dq_checkpoint.py
[2026-06-03T15:07:56.936+0000] {processor.py:840} INFO - DAG(s) 'neuralretail_dq_checkpoint' retrieved from /opt/airflow/dags/dag_dq_checkpoint.py
[2026-06-03T15:07:56.960+0000] {logging_mixin.py:188} INFO - [2026-06-03T15:07:56.960+0000] {dag.py:3096} INFO - Sync 1 DAGs
[2026-06-03T15:07:56.969+0000] {logging_mixin.py:188} INFO - [2026-06-03T15:07:56.969+0000] {dag.py:3954} INFO - Setting next_dagrun for neuralretail_dq_checkpoint to None, run_after=None
[2026-06-03T15:07:56.986+0000] {processor.py:183} INFO - Processing /opt/airflow/dags/dag_dq_checkpoint.py took 0.078 seconds
[2026-06-03T15:08:27.172+0000] {processor.py:161} INFO - Started process (PID=2220) to work on /opt/airflow/dags/dag_dq_checkpoint.py
[2026-06-03T15:08:27.173+0000] {processor.py:830} INFO - Processing file /opt/airflow/dags/dag_dq_checkpoint.py for tasks to queue
[2026-06-03T15:08:27.174+0000] {logging_mixin.py:188} INFO - [2026-06-03T15:08:27.174+0000] {dagbag.py:540} INFO - Filling up the DagBag from /opt/airflow/dags/dag_dq_checkpoint.py
[2026-06-03T15:08:27.200+0000] {processor.py:840} INFO - DAG(s) 'neuralretail_dq_checkpoint' retrieved from /opt/airflow/dags/dag_dq_checkpoint.py
[2026-06-03T15:08:27.242+0000] {logging_mixin.py:188} INFO - [2026-06-03T15:08:27.242+0000] {dag.py:3096} INFO - Sync 1 DAGs
[2026-06-03T15:08:27.255+0000] {logging_mixin.py:188} INFO - [2026-06-03T15:08:27.254+0000] {dag.py:3954} INFO - Setting next_dagrun for neuralretail_dq_checkpoint to None, run_after=None
[2026-06-03T15:08:27.270+0000] {processor.py:183} INFO - Processing /opt/airflow/dags/dag_dq_checkpoint.py took 0.103 seconds
[2026-06-03T15:08:57.526+0000] {processor.py:161} INFO - Started process (PID=2240) to work on /opt/airflow/dags/dag_dq_checkpoint.py
[2026-06-03T15:08:57.527+0000] {processor.py:830} INFO - Processing file /opt/airflow/dags/dag_dq_checkpoint.py for tasks to queue
[2026-06-03T15:08:57.529+0000] {logging_mixin.py:188} INFO - [2026-06-03T15:08:57.528+0000] {dagbag.py:540} INFO - Filling up the DagBag from /opt/airflow/dags/dag_dq_checkpoint.py
[2026-06-03T15:08:57.548+0000] {processor.py:840} INFO - DAG(s) 'neuralretail_dq_checkpoint' retrieved from /opt/airflow/dags/dag_dq_checkpoint.py
[2026-06-03T15:08:57.575+0000] {logging_mixin.py:188} INFO - [2026-06-03T15:08:57.575+0000] {dag.py:3096} INFO - Sync 1 DAGs
[2026-06-03T15:08:57.584+0000] {logging_mixin.py:188} INFO - [2026-06-03T15:08:57.584+0000] {dag.py:3954} INFO - Setting next_dagrun for neuralretail_dq_checkpoint to None, run_after=None
[2026-06-03T15:08:57.599+0000] {processor.py:183} INFO - Processing /opt/airflow/dags/dag_dq_checkpoint.py took 0.079 seconds
[2026-06-03T15:09:27.823+0000] {processor.py:161} INFO - Started process (PID=2260) to work on /opt/airflow/dags/dag_dq_checkpoint.py
[2026-06-03T15:09:27.824+0000] {processor.py:830} INFO - Processing file /opt/airflow/dags/dag_dq_checkpoint.py for tasks to queue
[2026-06-03T15:09:27.825+0000] {logging_mixin.py:188} INFO - [2026-06-03T15:09:27.825+0000] {dagbag.py:540} INFO - Filling up the DagBag from /opt/airflow/dags/dag_dq_checkpoint.py
[2026-06-03T15:09:27.844+0000] {processor.py:840} INFO - DAG(s) 'neuralretail_dq_checkpoint' retrieved from /opt/airflow/dags/dag_dq_checkpoint.py
[2026-06-03T15:09:27.867+0000] {logging_mixin.py:188} INFO - [2026-06-03T15:09:27.867+0000] {dag.py:3096} INFO - Sync 1 DAGs
[2026-06-03T15:09:27.876+0000] {logging_mixin.py:188} INFO - [2026-06-03T15:09:27.876+0000] {dag.py:3954} INFO - Setting next_dagrun for neuralretail_dq_checkpoint to None, run_after=None
[2026-06-03T15:09:27.893+0000] {processor.py:183} INFO - Processing /opt/airflow/dags/dag_dq_checkpoint.py took 0.075 seconds
[2026-06-03T15:09:59.128+0000] {processor.py:161} INFO - Started process (PID=2280) to work on /opt/airflow/dags/dag_dq_checkpoint.py
[2026-06-03T15:09:59.129+0000] {processor.py:830} INFO - Processing file /opt/airflow/dags/dag_dq_checkpoint.py for tasks to queue
[2026-06-03T15:09:59.131+0000] {logging_mixin.py:188} INFO - [2026-06-03T15:09:59.131+0000] {dagbag.py:540} INFO - Filling up the DagBag from /opt/airflow/dags/dag_dq_checkpoint.py
[2026-06-03T15:09:59.160+0000] {processor.py:840} INFO - DAG(s) 'neuralretail_dq_checkpoint' retrieved from /opt/airflow/dags/dag_dq_checkpoint.py
[2026-06-03T15:09:59.187+0000] {logging_mixin.py:188} INFO - [2026-06-03T15:09:59.187+0000] {dag.py:3096} INFO - Sync 1 DAGs
[2026-06-03T15:09:59.196+0000] {logging_mixin.py:188} INFO - [2026-06-03T15:09:59.196+0000] {dag.py:3954} INFO - Setting next_dagrun for neuralretail_dq_checkpoint to None, run_after=None
[2026-06-03T15:09:59.213+0000] {processor.py:183} INFO - Processing /opt/airflow/dags/dag_dq_checkpoint.py took 0.095 seconds
[2026-06-03T15:10:29.457+0000] {processor.py:161} INFO - Started process (PID=2300) to work on /opt/airflow/dags/dag_dq_checkpoint.py
[2026-06-03T15:10:29.459+0000] {processor.py:830} INFO - Processing file /opt/airflow/dags/dag_dq_checkpoint.py for tasks to queue
[2026-06-03T15:10:29.461+0000] {logging_mixin.py:188} INFO - [2026-06-03T15:10:29.460+0000] {dagbag.py:540} INFO - Filling up the DagBag from /opt/airflow/dags/dag_dq_checkpoint.py
[2026-06-03T15:10:29.503+0000] {processor.py:840} INFO - DAG(s) 'neuralretail_dq_checkpoint' retrieved from /opt/airflow/dags/dag_dq_checkpoint.py
[2026-06-03T15:10:29.530+0000] {logging_mixin.py:188} INFO - [2026-06-03T15:10:29.529+0000] {dag.py:3096} INFO - Sync 1 DAGs
[2026-06-03T15:10:29.539+0000] {logging_mixin.py:188} INFO - [2026-06-03T15:10:29.539+0000] {dag.py:3954} INFO - Setting next_dagrun for neuralretail_dq_checkpoint to None, run_after=None
[2026-06-03T15:10:29.554+0000] {processor.py:183} INFO - Processing /opt/airflow/dags/dag_dq_checkpoint.py took 0.101 seconds
[2026-06-03T15:10:59.816+0000] {processor.py:161} INFO - Started process (PID=2322) to work on /opt/airflow/dags/dag_dq_checkpoint.py
[2026-06-03T15:10:59.817+0000] {processor.py:830} INFO - Processing file /opt/airflow/dags/dag_dq_checkpoint.py for tasks to queue
[2026-06-03T15:10:59.819+0000] {logging_mixin.py:188} INFO - [2026-06-03T15:10:59.818+0000] {dagbag.py:540} INFO - Filling up the DagBag from /opt/airflow/dags/dag_dq_checkpoint.py
[2026-06-03T15:10:59.836+0000] {processor.py:840} INFO - DAG(s) 'neuralretail_dq_checkpoint' retrieved from /opt/airflow/dags/dag_dq_checkpoint.py
[2026-06-03T15:10:59.859+0000] {logging_mixin.py:188} INFO - [2026-06-03T15:10:59.859+0000] {dag.py:3096} INFO - Sync 1 DAGs
[2026-06-03T15:10:59.868+0000] {logging_mixin.py:188} INFO - [2026-06-03T15:10:59.868+0000] {dag.py:3954} INFO - Setting next_dagrun for neuralretail_dq_checkpoint to None, run_after=None
[2026-06-03T15:10:59.882+0000] {processor.py:183} INFO - Processing /opt/airflow/dags/dag_dq_checkpoint.py took 0.071 seconds
[2026-06-03T15:11:30.066+0000] {processor.py:161} INFO - Started process (PID=2340) to work on /opt/airflow/dags/dag_dq_checkpoint.py
[2026-06-03T15:11:30.066+0000] {processor.py:830} INFO - Processing file /opt/airflow/dags/dag_dq_checkpoint.py for tasks to queue
[2026-06-03T15:11:30.068+0000] {logging_mixin.py:188} INFO - [2026-06-03T15:11:30.068+0000] {dagbag.py:540} INFO - Filling up the DagBag from /opt/airflow/dags/dag_dq_checkpoint.py
[2026-06-03T15:11:30.087+0000] {processor.py:840} INFO - DAG(s) 'neuralretail_dq_checkpoint' retrieved from /opt/airflow/dags/dag_dq_checkpoint.py
[2026-06-03T15:11:30.111+0000] {logging_mixin.py:188} INFO - [2026-06-03T15:11:30.111+0000] {dag.py:3096} INFO - Sync 1 DAGs
[2026-06-03T15:11:30.120+0000] {logging_mixin.py:188} INFO - [2026-06-03T15:11:30.120+0000] {dag.py:3954} INFO - Setting next_dagrun for neuralretail_dq_checkpoint to None, run_after=None
[2026-06-03T15:11:30.136+0000] {processor.py:183} INFO - Processing /opt/airflow/dags/dag_dq_checkpoint.py took 0.076 seconds
[2026-06-03T15:12:00.228+0000] {processor.py:161} INFO - Started process (PID=2357) to work on /opt/airflow/dags/dag_dq_checkpoint.py
[2026-06-03T15:12:00.229+0000] {processor.py:830} INFO - Processing file /opt/airflow/dags/dag_dq_checkpoint.py for tasks to queue
[2026-06-03T15:12:00.231+0000] {logging_mixin.py:188} INFO - [2026-06-03T15:12:00.231+0000] {dagbag.py:540} INFO - Filling up the DagBag from /opt/airflow/dags/dag_dq_checkpoint.py
[2026-06-03T15:12:00.250+0000] {processor.py:840} INFO - DAG(s) 'neuralretail_dq_checkpoint' retrieved from /opt/airflow/dags/dag_dq_checkpoint.py
[2026-06-03T15:12:00.275+0000] {logging_mixin.py:188} INFO - [2026-06-03T15:12:00.274+0000] {dag.py:3096} INFO - Sync 1 DAGs
[2026-06-03T15:12:00.290+0000] {logging_mixin.py:188} INFO - [2026-06-03T15:12:00.290+0000] {dag.py:3954} INFO - Setting next_dagrun for neuralretail_dq_checkpoint to None, run_after=None
[2026-06-03T15:12:00.307+0000] {processor.py:183} INFO - Processing /opt/airflow/dags/dag_dq_checkpoint.py took 0.084 seconds
[2026-06-03T15:12:30.425+0000] {processor.py:161} INFO - Started process (PID=2377) to work on /opt/airflow/dags/dag_dq_checkpoint.py
[2026-06-03T15:12:30.426+0000] {processor.py:830} INFO - Processing file /opt/airflow/dags/dag_dq_checkpoint.py for tasks to queue
[2026-06-03T15:12:30.428+0000] {logging_mixin.py:188} INFO - [2026-06-03T15:12:30.428+0000] {dagbag.py:540} INFO - Filling up the DagBag from /opt/airflow/dags/dag_dq_checkpoint.py
[2026-06-03T15:12:30.450+0000] {processor.py:840} INFO - DAG(s) 'neuralretail_dq_checkpoint' retrieved from /opt/airflow/dags/dag_dq_checkpoint.py
[2026-06-03T15:12:30.477+0000] {logging_mixin.py:188} INFO - [2026-06-03T15:12:30.477+0000] {dag.py:3096} INFO - Sync 1 DAGs
[2026-06-03T15:12:30.487+0000] {logging_mixin.py:188} INFO - [2026-06-03T15:12:30.487+0000] {dag.py:3954} INFO - Setting next_dagrun for neuralretail_dq_checkpoint to None, run_after=None
[2026-06-03T15:12:30.505+0000] {processor.py:183} INFO - Processing /opt/airflow/dags/dag_dq_checkpoint.py took 0.086 seconds
[2026-06-03T15:13:00.698+0000] {processor.py:161} INFO - Started process (PID=2400) to work on /opt/airflow/dags/dag_dq_checkpoint.py
[2026-06-03T15:13:00.699+0000] {processor.py:830} INFO - Processing file /opt/airflow/dags/dag_dq_checkpoint.py for tasks to queue
[2026-06-03T15:13:00.701+0000] {logging_mixin.py:188} INFO - [2026-06-03T15:13:00.701+0000] {dagbag.py:540} INFO - Filling up the DagBag from /opt/airflow/dags/dag_dq_checkpoint.py
[2026-06-03T15:13:00.720+0000] {processor.py:840} INFO - DAG(s) 'neuralretail_dq_checkpoint' retrieved from /opt/airflow/dags/dag_dq_checkpoint.py
[2026-06-03T15:13:00.745+0000] {logging_mixin.py:188} INFO - [2026-06-03T15:13:00.744+0000] {dag.py:3096} INFO - Sync 1 DAGs
[2026-06-03T15:13:00.754+0000] {logging_mixin.py:188} INFO - [2026-06-03T15:13:00.754+0000] {dag.py:3954} INFO - Setting next_dagrun for neuralretail_dq_checkpoint to None, run_after=None
[2026-06-03T15:13:00.771+0000] {processor.py:183} INFO - Processing /opt/airflow/dags/dag_dq_checkpoint.py took 0.077 seconds
[2026-06-03T15:13:31.009+0000] {processor.py:161} INFO - Started process (PID=2420) to work on /opt/airflow/dags/dag_dq_checkpoint.py
[2026-06-03T15:13:31.010+0000] {processor.py:830} INFO - Processing file /opt/airflow/dags/dag_dq_checkpoint.py for tasks to queue
[2026-06-03T15:13:31.012+0000] {logging_mixin.py:188} INFO - [2026-06-03T15:13:31.012+0000] {dagbag.py:540} INFO - Filling up the DagBag from /opt/airflow/dags/dag_dq_checkpoint.py
[2026-06-03T15:13:31.049+0000] {processor.py:840} INFO - DAG(s) 'neuralretail_dq_checkpoint' retrieved from /opt/airflow/dags/dag_dq_checkpoint.py
[2026-06-03T15:13:31.084+0000] {logging_mixin.py:188} INFO - [2026-06-03T15:13:31.084+0000] {dag.py:3096} INFO - Sync 1 DAGs
[2026-06-03T15:13:31.095+0000] {logging_mixin.py:188} INFO - [2026-06-03T15:13:31.095+0000] {dag.py:3954} INFO - Setting next_dagrun for neuralretail_dq_checkpoint to None, run_after=None
[2026-06-03T15:13:31.110+0000] {processor.py:183} INFO - Processing /opt/airflow/dags/dag_dq_checkpoint.py took 0.105 seconds
[2026-06-03T15:14:01.416+0000] {processor.py:161} INFO - Started process (PID=2440) to work on /opt/airflow/dags/dag_dq_checkpoint.py
[2026-06-03T15:14:01.418+0000] {processor.py:830} INFO - Processing file /opt/airflow/dags/dag_dq_checkpoint.py for tasks to queue
[2026-06-03T15:14:01.421+0000] {logging_mixin.py:188} INFO - [2026-06-03T15:14:01.421+0000] {dagbag.py:540} INFO - Filling up the DagBag from /opt/airflow/dags/dag_dq_checkpoint.py
[2026-06-03T15:14:01.652+0000] {processor.py:840} INFO - DAG(s) 'neuralretail_dq_checkpoint' retrieved from /opt/airflow/dags/dag_dq_checkpoint.py
[2026-06-03T15:14:01.781+0000] {logging_mixin.py:188} INFO - [2026-06-03T15:14:01.780+0000] {dag.py:3096} INFO - Sync 1 DAGs
[2026-06-03T15:14:01.790+0000] {logging_mixin.py:188} INFO - [2026-06-03T15:14:01.790+0000] {dag.py:3954} INFO - Setting next_dagrun for neuralretail_dq_checkpoint to None, run_after=None
[2026-06-03T15:14:01.827+0000] {processor.py:183} INFO - Processing /opt/airflow/dags/dag_dq_checkpoint.py took 0.417 seconds
[2026-06-03T15:14:32.099+0000] {processor.py:161} INFO - Started process (PID=2460) to work on /opt/airflow/dags/dag_dq_checkpoint.py
[2026-06-03T15:14:32.100+0000] {processor.py:830} INFO - Processing file /opt/airflow/dags/dag_dq_checkpoint.py for tasks to queue
[2026-06-03T15:14:32.101+0000] {logging_mixin.py:188} INFO - [2026-06-03T15:14:32.101+0000] {dagbag.py:540} INFO - Filling up the DagBag from /opt/airflow/dags/dag_dq_checkpoint.py
[2026-06-03T15:14:32.119+0000] {processor.py:840} INFO - DAG(s) 'neuralretail_dq_checkpoint' retrieved from /opt/airflow/dags/dag_dq_checkpoint.py
[2026-06-03T15:14:32.143+0000] {logging_mixin.py:188} INFO - [2026-06-03T15:14:32.142+0000] {dag.py:3096} INFO - Sync 1 DAGs
[2026-06-03T15:14:32.152+0000] {logging_mixin.py:188} INFO - [2026-06-03T15:14:32.152+0000] {dag.py:3954} INFO - Setting next_dagrun for neuralretail_dq_checkpoint to None, run_after=None
[2026-06-03T15:14:32.169+0000] {processor.py:183} INFO - Processing /opt/airflow/dags/dag_dq_checkpoint.py took 0.074 seconds
[2026-06-03T15:15:02.248+0000] {processor.py:161} INFO - Started process (PID=2480) to work on /opt/airflow/dags/dag_dq_checkpoint.py
[2026-06-03T15:15:02.249+0000] {processor.py:830} INFO - Processing file /opt/airflow/dags/dag_dq_checkpoint.py for tasks to queue
[2026-06-03T15:15:02.251+0000] {logging_mixin.py:188} INFO - [2026-06-03T15:15:02.250+0000] {dagbag.py:540} INFO - Filling up the DagBag from /opt/airflow/dags/dag_dq_checkpoint.py
[2026-06-03T15:15:02.269+0000] {processor.py:840} INFO - DAG(s) 'neuralretail_dq_checkpoint' retrieved from /opt/airflow/dags/dag_dq_checkpoint.py
[2026-06-03T15:15:02.292+0000] {logging_mixin.py:188} INFO - [2026-06-03T15:15:02.292+0000] {dag.py:3096} INFO - Sync 1 DAGs
[2026-06-03T15:15:02.301+0000] {logging_mixin.py:188} INFO - [2026-06-03T15:15:02.301+0000] {dag.py:3954} INFO - Setting next_dagrun for neuralretail_dq_checkpoint to None, run_after=None
[2026-06-03T15:15:02.316+0000] {processor.py:183} INFO - Processing /opt/airflow/dags/dag_dq_checkpoint.py took 0.073 seconds
[2026-06-03T15:15:32.821+0000] {processor.py:161} INFO - Started process (PID=2500) to work on /opt/airflow/dags/dag_dq_checkpoint.py
[2026-06-03T15:15:32.826+0000] {processor.py:830} INFO - Processing file /opt/airflow/dags/dag_dq_checkpoint.py for tasks to queue
[2026-06-03T15:15:32.831+0000] {logging_mixin.py:188} INFO - [2026-06-03T15:15:32.831+0000] {dagbag.py:540} INFO - Filling up the DagBag from /opt/airflow/dags/dag_dq_checkpoint.py
[2026-06-03T15:15:32.924+0000] {processor.py:840} INFO - DAG(s) 'neuralretail_dq_checkpoint' retrieved from /opt/airflow/dags/dag_dq_checkpoint.py
[2026-06-03T15:15:33.005+0000] {logging_mixin.py:188} INFO - [2026-06-03T15:15:33.004+0000] {dag.py:3096} INFO - Sync 1 DAGs
[2026-06-03T15:15:33.031+0000] {logging_mixin.py:188} INFO - [2026-06-03T15:15:33.031+0000] {dag.py:3954} INFO - Setting next_dagrun for neuralretail_dq_checkpoint to None, run_after=None
[2026-06-03T15:15:33.066+0000] {processor.py:183} INFO - Processing /opt/airflow/dags/dag_dq_checkpoint.py took 0.268 seconds
