[2026-06-03T05:58:01.287+0000] {processor.py:161} INFO - Started process (PID=185) to work on /opt/airflow/dags/dag_bronze_ingestion.py
[2026-06-03T05:58:01.292+0000] {processor.py:830} INFO - Processing file /opt/airflow/dags/dag_bronze_ingestion.py for tasks to queue
[2026-06-03T05:58:01.301+0000] {logging_mixin.py:188} INFO - [2026-06-03T05:58:01.300+0000] {dagbag.py:540} INFO - Filling up the DagBag from /opt/airflow/dags/dag_bronze_ingestion.py
[2026-06-03T05:58:01.404+0000] {processor.py:840} INFO - DAG(s) 'neuralretail_bronze_ingestion' retrieved from /opt/airflow/dags/dag_bronze_ingestion.py
[2026-06-03T05:58:01.614+0000] {logging_mixin.py:188} INFO - [2026-06-03T05:58:01.614+0000] {dag.py:3096} INFO - Sync 1 DAGs
[2026-06-03T05:58:01.656+0000] {logging_mixin.py:188} INFO - [2026-06-03T05:58:01.655+0000] {dag.py:3954} INFO - Setting next_dagrun for neuralretail_bronze_ingestion to 2026-06-02 02:00:00+00:00, run_after=2026-06-03 02:00:00+00:00
[2026-06-03T05:58:01.703+0000] {processor.py:183} INFO - Processing /opt/airflow/dags/dag_bronze_ingestion.py took 0.423 seconds
[2026-06-03T05:58:32.098+0000] {processor.py:161} INFO - Started process (PID=207) to work on /opt/airflow/dags/dag_bronze_ingestion.py
[2026-06-03T05:58:32.106+0000] {processor.py:830} INFO - Processing file /opt/airflow/dags/dag_bronze_ingestion.py for tasks to queue
[2026-06-03T05:58:32.113+0000] {logging_mixin.py:188} INFO - [2026-06-03T05:58:32.113+0000] {dagbag.py:540} INFO - Filling up the DagBag from /opt/airflow/dags/dag_bronze_ingestion.py
[2026-06-03T05:58:32.243+0000] {processor.py:840} INFO - DAG(s) 'neuralretail_bronze_ingestion' retrieved from /opt/airflow/dags/dag_bronze_ingestion.py
[2026-06-03T05:58:32.295+0000] {logging_mixin.py:188} INFO - [2026-06-03T05:58:32.295+0000] {dag.py:3096} INFO - Sync 1 DAGs
[2026-06-03T05:58:32.337+0000] {logging_mixin.py:188} INFO - [2026-06-03T05:58:32.336+0000] {dag.py:3954} INFO - Setting next_dagrun for neuralretail_bronze_ingestion to 2026-06-02 02:00:00+00:00, run_after=2026-06-03 02:00:00+00:00
[2026-06-03T05:58:32.372+0000] {processor.py:183} INFO - Processing /opt/airflow/dags/dag_bronze_ingestion.py took 0.281 seconds
[2026-06-03T05:59:03.461+0000] {processor.py:161} INFO - Started process (PID=225) to work on /opt/airflow/dags/dag_bronze_ingestion.py
[2026-06-03T05:59:03.468+0000] {processor.py:830} INFO - Processing file /opt/airflow/dags/dag_bronze_ingestion.py for tasks to queue
[2026-06-03T05:59:03.483+0000] {logging_mixin.py:188} INFO - [2026-06-03T05:59:03.482+0000] {dagbag.py:540} INFO - Filling up the DagBag from /opt/airflow/dags/dag_bronze_ingestion.py
[2026-06-03T05:59:03.688+0000] {processor.py:840} INFO - DAG(s) 'neuralretail_bronze_ingestion' retrieved from /opt/airflow/dags/dag_bronze_ingestion.py
[2026-06-03T05:59:03.740+0000] {logging_mixin.py:188} INFO - [2026-06-03T05:59:03.740+0000] {dag.py:3096} INFO - Sync 1 DAGs
[2026-06-03T05:59:03.783+0000] {logging_mixin.py:188} INFO - [2026-06-03T05:59:03.783+0000] {dag.py:3954} INFO - Setting next_dagrun for neuralretail_bronze_ingestion to 2026-06-02 02:00:00+00:00, run_after=2026-06-03 02:00:00+00:00
[2026-06-03T05:59:03.841+0000] {processor.py:183} INFO - Processing /opt/airflow/dags/dag_bronze_ingestion.py took 0.393 seconds
[2026-06-03T05:59:34.073+0000] {processor.py:161} INFO - Started process (PID=245) to work on /opt/airflow/dags/dag_bronze_ingestion.py
[2026-06-03T05:59:34.077+0000] {processor.py:830} INFO - Processing file /opt/airflow/dags/dag_bronze_ingestion.py for tasks to queue
[2026-06-03T05:59:34.081+0000] {logging_mixin.py:188} INFO - [2026-06-03T05:59:34.081+0000] {dagbag.py:540} INFO - Filling up the DagBag from /opt/airflow/dags/dag_bronze_ingestion.py
[2026-06-03T05:59:34.187+0000] {processor.py:840} INFO - DAG(s) 'neuralretail_bronze_ingestion' retrieved from /opt/airflow/dags/dag_bronze_ingestion.py
[2026-06-03T05:59:34.242+0000] {logging_mixin.py:188} INFO - [2026-06-03T05:59:34.242+0000] {dag.py:3096} INFO - Sync 1 DAGs
[2026-06-03T05:59:34.282+0000] {logging_mixin.py:188} INFO - [2026-06-03T05:59:34.282+0000] {dag.py:3954} INFO - Setting next_dagrun for neuralretail_bronze_ingestion to 2026-06-02 02:00:00+00:00, run_after=2026-06-03 02:00:00+00:00
[2026-06-03T05:59:34.330+0000] {processor.py:183} INFO - Processing /opt/airflow/dags/dag_bronze_ingestion.py took 0.263 seconds
[2026-06-03T06:00:07.196+0000] {processor.py:161} INFO - Started process (PID=267) to work on /opt/airflow/dags/dag_bronze_ingestion.py
[2026-06-03T06:00:07.204+0000] {processor.py:830} INFO - Processing file /opt/airflow/dags/dag_bronze_ingestion.py for tasks to queue
[2026-06-03T06:00:07.212+0000] {logging_mixin.py:188} INFO - [2026-06-03T06:00:07.211+0000] {dagbag.py:540} INFO - Filling up the DagBag from /opt/airflow/dags/dag_bronze_ingestion.py
[2026-06-03T06:00:07.323+0000] {processor.py:840} INFO - DAG(s) 'neuralretail_bronze_ingestion' retrieved from /opt/airflow/dags/dag_bronze_ingestion.py
[2026-06-03T06:00:07.401+0000] {logging_mixin.py:188} INFO - [2026-06-03T06:00:07.401+0000] {dag.py:3096} INFO - Sync 1 DAGs
[2026-06-03T06:00:07.458+0000] {logging_mixin.py:188} INFO - [2026-06-03T06:00:07.458+0000] {dag.py:3954} INFO - Setting next_dagrun for neuralretail_bronze_ingestion to 2026-06-02 02:00:00+00:00, run_after=2026-06-03 02:00:00+00:00
[2026-06-03T06:00:07.513+0000] {processor.py:183} INFO - Processing /opt/airflow/dags/dag_bronze_ingestion.py took 0.335 seconds
[2026-06-03T06:00:38.651+0000] {processor.py:161} INFO - Started process (PID=285) to work on /opt/airflow/dags/dag_bronze_ingestion.py
[2026-06-03T06:00:38.654+0000] {processor.py:830} INFO - Processing file /opt/airflow/dags/dag_bronze_ingestion.py for tasks to queue
[2026-06-03T06:00:38.662+0000] {logging_mixin.py:188} INFO - [2026-06-03T06:00:38.662+0000] {dagbag.py:540} INFO - Filling up the DagBag from /opt/airflow/dags/dag_bronze_ingestion.py
[2026-06-03T06:00:38.812+0000] {processor.py:840} INFO - DAG(s) 'neuralretail_bronze_ingestion' retrieved from /opt/airflow/dags/dag_bronze_ingestion.py
[2026-06-03T06:00:38.857+0000] {logging_mixin.py:188} INFO - [2026-06-03T06:00:38.857+0000] {dag.py:3096} INFO - Sync 1 DAGs
[2026-06-03T06:00:38.890+0000] {logging_mixin.py:188} INFO - [2026-06-03T06:00:38.890+0000] {dag.py:3954} INFO - Setting next_dagrun for neuralretail_bronze_ingestion to 2026-06-02 02:00:00+00:00, run_after=2026-06-03 02:00:00+00:00
[2026-06-03T06:00:38.935+0000] {processor.py:183} INFO - Processing /opt/airflow/dags/dag_bronze_ingestion.py took 0.291 seconds
[2026-06-03T06:01:09.178+0000] {processor.py:161} INFO - Started process (PID=307) to work on /opt/airflow/dags/dag_bronze_ingestion.py
[2026-06-03T06:01:09.181+0000] {processor.py:830} INFO - Processing file /opt/airflow/dags/dag_bronze_ingestion.py for tasks to queue
[2026-06-03T06:01:09.184+0000] {logging_mixin.py:188} INFO - [2026-06-03T06:01:09.183+0000] {dagbag.py:540} INFO - Filling up the DagBag from /opt/airflow/dags/dag_bronze_ingestion.py
[2026-06-03T06:01:09.265+0000] {processor.py:840} INFO - DAG(s) 'neuralretail_bronze_ingestion' retrieved from /opt/airflow/dags/dag_bronze_ingestion.py
[2026-06-03T06:01:09.312+0000] {logging_mixin.py:188} INFO - [2026-06-03T06:01:09.312+0000] {dag.py:3096} INFO - Sync 1 DAGs
[2026-06-03T06:01:09.372+0000] {logging_mixin.py:188} INFO - [2026-06-03T06:01:09.372+0000] {dag.py:3954} INFO - Setting next_dagrun for neuralretail_bronze_ingestion to 2026-06-02 02:00:00+00:00, run_after=2026-06-03 02:00:00+00:00
[2026-06-03T06:01:09.446+0000] {processor.py:183} INFO - Processing /opt/airflow/dags/dag_bronze_ingestion.py took 0.274 seconds
[2026-06-03T06:01:40.174+0000] {processor.py:161} INFO - Started process (PID=325) to work on /opt/airflow/dags/dag_bronze_ingestion.py
[2026-06-03T06:01:40.187+0000] {processor.py:830} INFO - Processing file /opt/airflow/dags/dag_bronze_ingestion.py for tasks to queue
[2026-06-03T06:01:40.199+0000] {logging_mixin.py:188} INFO - [2026-06-03T06:01:40.198+0000] {dagbag.py:540} INFO - Filling up the DagBag from /opt/airflow/dags/dag_bronze_ingestion.py
[2026-06-03T06:01:40.439+0000] {processor.py:840} INFO - DAG(s) 'neuralretail_bronze_ingestion' retrieved from /opt/airflow/dags/dag_bronze_ingestion.py
[2026-06-03T06:01:40.464+0000] {logging_mixin.py:188} INFO - [2026-06-03T06:01:40.464+0000] {dag.py:3096} INFO - Sync 1 DAGs
[2026-06-03T06:01:40.535+0000] {logging_mixin.py:188} INFO - [2026-06-03T06:01:40.534+0000] {dag.py:3954} INFO - Setting next_dagrun for neuralretail_bronze_ingestion to 2026-06-02 02:00:00+00:00, run_after=2026-06-03 02:00:00+00:00
[2026-06-03T06:01:40.567+0000] {processor.py:183} INFO - Processing /opt/airflow/dags/dag_bronze_ingestion.py took 0.410 seconds
[2026-06-03T06:02:11.346+0000] {processor.py:161} INFO - Started process (PID=345) to work on /opt/airflow/dags/dag_bronze_ingestion.py
[2026-06-03T06:02:11.348+0000] {processor.py:830} INFO - Processing file /opt/airflow/dags/dag_bronze_ingestion.py for tasks to queue
[2026-06-03T06:02:11.351+0000] {logging_mixin.py:188} INFO - [2026-06-03T06:02:11.351+0000] {dagbag.py:540} INFO - Filling up the DagBag from /opt/airflow/dags/dag_bronze_ingestion.py
[2026-06-03T06:02:11.426+0000] {processor.py:840} INFO - DAG(s) 'neuralretail_bronze_ingestion' retrieved from /opt/airflow/dags/dag_bronze_ingestion.py
[2026-06-03T06:02:11.456+0000] {logging_mixin.py:188} INFO - [2026-06-03T06:02:11.456+0000] {dag.py:3096} INFO - Sync 1 DAGs
[2026-06-03T06:02:11.495+0000] {logging_mixin.py:188} INFO - [2026-06-03T06:02:11.495+0000] {dag.py:3954} INFO - Setting next_dagrun for neuralretail_bronze_ingestion to 2026-06-02 02:00:00+00:00, run_after=2026-06-03 02:00:00+00:00
[2026-06-03T06:02:11.522+0000] {processor.py:183} INFO - Processing /opt/airflow/dags/dag_bronze_ingestion.py took 0.186 seconds
[2026-06-03T06:02:42.058+0000] {processor.py:161} INFO - Started process (PID=365) to work on /opt/airflow/dags/dag_bronze_ingestion.py
[2026-06-03T06:02:42.060+0000] {processor.py:830} INFO - Processing file /opt/airflow/dags/dag_bronze_ingestion.py for tasks to queue
[2026-06-03T06:02:42.063+0000] {logging_mixin.py:188} INFO - [2026-06-03T06:02:42.063+0000] {dagbag.py:540} INFO - Filling up the DagBag from /opt/airflow/dags/dag_bronze_ingestion.py
[2026-06-03T06:02:42.132+0000] {processor.py:840} INFO - DAG(s) 'neuralretail_bronze_ingestion' retrieved from /opt/airflow/dags/dag_bronze_ingestion.py
[2026-06-03T06:02:42.186+0000] {logging_mixin.py:188} INFO - [2026-06-03T06:02:42.185+0000] {dag.py:3096} INFO - Sync 1 DAGs
[2026-06-03T06:02:42.226+0000] {logging_mixin.py:188} INFO - [2026-06-03T06:02:42.226+0000] {dag.py:3954} INFO - Setting next_dagrun for neuralretail_bronze_ingestion to 2026-06-02 02:00:00+00:00, run_after=2026-06-03 02:00:00+00:00
[2026-06-03T06:02:42.318+0000] {processor.py:183} INFO - Processing /opt/airflow/dags/dag_bronze_ingestion.py took 0.267 seconds
[2026-06-03T06:03:12.893+0000] {processor.py:161} INFO - Started process (PID=385) to work on /opt/airflow/dags/dag_bronze_ingestion.py
[2026-06-03T06:03:12.897+0000] {processor.py:830} INFO - Processing file /opt/airflow/dags/dag_bronze_ingestion.py for tasks to queue
[2026-06-03T06:03:12.899+0000] {logging_mixin.py:188} INFO - [2026-06-03T06:03:12.899+0000] {dagbag.py:540} INFO - Filling up the DagBag from /opt/airflow/dags/dag_bronze_ingestion.py
[2026-06-03T06:03:12.973+0000] {processor.py:840} INFO - DAG(s) 'neuralretail_bronze_ingestion' retrieved from /opt/airflow/dags/dag_bronze_ingestion.py
[2026-06-03T06:03:13.002+0000] {logging_mixin.py:188} INFO - [2026-06-03T06:03:13.001+0000] {dag.py:3096} INFO - Sync 1 DAGs
[2026-06-03T06:03:13.026+0000] {logging_mixin.py:188} INFO - [2026-06-03T06:03:13.026+0000] {dag.py:3954} INFO - Setting next_dagrun for neuralretail_bronze_ingestion to 2026-06-02 02:00:00+00:00, run_after=2026-06-03 02:00:00+00:00
[2026-06-03T06:03:13.050+0000] {processor.py:183} INFO - Processing /opt/airflow/dags/dag_bronze_ingestion.py took 0.163 seconds
[2026-06-03T06:03:43.384+0000] {processor.py:161} INFO - Started process (PID=405) to work on /opt/airflow/dags/dag_bronze_ingestion.py
[2026-06-03T06:03:43.388+0000] {processor.py:830} INFO - Processing file /opt/airflow/dags/dag_bronze_ingestion.py for tasks to queue
[2026-06-03T06:03:43.395+0000] {logging_mixin.py:188} INFO - [2026-06-03T06:03:43.393+0000] {dagbag.py:540} INFO - Filling up the DagBag from /opt/airflow/dags/dag_bronze_ingestion.py
[2026-06-03T06:03:43.478+0000] {processor.py:840} INFO - DAG(s) 'neuralretail_bronze_ingestion' retrieved from /opt/airflow/dags/dag_bronze_ingestion.py
[2026-06-03T06:03:43.512+0000] {logging_mixin.py:188} INFO - [2026-06-03T06:03:43.512+0000] {dag.py:3096} INFO - Sync 1 DAGs
[2026-06-03T06:03:43.537+0000] {logging_mixin.py:188} INFO - [2026-06-03T06:03:43.537+0000] {dag.py:3954} INFO - Setting next_dagrun for neuralretail_bronze_ingestion to 2026-06-02 02:00:00+00:00, run_after=2026-06-03 02:00:00+00:00
[2026-06-03T06:03:43.569+0000] {processor.py:183} INFO - Processing /opt/airflow/dags/dag_bronze_ingestion.py took 0.192 seconds
[2026-06-03T06:04:14.394+0000] {processor.py:161} INFO - Started process (PID=425) to work on /opt/airflow/dags/dag_bronze_ingestion.py
[2026-06-03T06:04:14.398+0000] {processor.py:830} INFO - Processing file /opt/airflow/dags/dag_bronze_ingestion.py for tasks to queue
[2026-06-03T06:04:14.407+0000] {logging_mixin.py:188} INFO - [2026-06-03T06:04:14.406+0000] {dagbag.py:540} INFO - Filling up the DagBag from /opt/airflow/dags/dag_bronze_ingestion.py
[2026-06-03T06:04:14.593+0000] {processor.py:840} INFO - DAG(s) 'neuralretail_bronze_ingestion' retrieved from /opt/airflow/dags/dag_bronze_ingestion.py
[2026-06-03T06:04:14.619+0000] {logging_mixin.py:188} INFO - [2026-06-03T06:04:14.619+0000] {dag.py:3096} INFO - Sync 1 DAGs
[2026-06-03T06:04:14.643+0000] {logging_mixin.py:188} INFO - [2026-06-03T06:04:14.643+0000] {dag.py:3954} INFO - Setting next_dagrun for neuralretail_bronze_ingestion to 2026-06-02 02:00:00+00:00, run_after=2026-06-03 02:00:00+00:00
[2026-06-03T06:04:14.670+0000] {processor.py:183} INFO - Processing /opt/airflow/dags/dag_bronze_ingestion.py took 0.296 seconds
[2026-06-03T06:04:45.588+0000] {processor.py:161} INFO - Started process (PID=445) to work on /opt/airflow/dags/dag_bronze_ingestion.py
[2026-06-03T06:04:45.589+0000] {processor.py:830} INFO - Processing file /opt/airflow/dags/dag_bronze_ingestion.py for tasks to queue
[2026-06-03T06:04:45.595+0000] {logging_mixin.py:188} INFO - [2026-06-03T06:04:45.595+0000] {dagbag.py:540} INFO - Filling up the DagBag from /opt/airflow/dags/dag_bronze_ingestion.py
[2026-06-03T06:04:45.696+0000] {processor.py:840} INFO - DAG(s) 'neuralretail_bronze_ingestion' retrieved from /opt/airflow/dags/dag_bronze_ingestion.py
[2026-06-03T06:04:45.737+0000] {logging_mixin.py:188} INFO - [2026-06-03T06:04:45.736+0000] {dag.py:3096} INFO - Sync 1 DAGs
[2026-06-03T06:04:45.833+0000] {logging_mixin.py:188} INFO - [2026-06-03T06:04:45.833+0000] {dag.py:3954} INFO - Setting next_dagrun for neuralretail_bronze_ingestion to 2026-06-02 02:00:00+00:00, run_after=2026-06-03 02:00:00+00:00
[2026-06-03T06:04:45.921+0000] {processor.py:183} INFO - Processing /opt/airflow/dags/dag_bronze_ingestion.py took 0.342 seconds
[2026-06-03T06:05:16.462+0000] {processor.py:161} INFO - Started process (PID=465) to work on /opt/airflow/dags/dag_bronze_ingestion.py
[2026-06-03T06:05:16.468+0000] {processor.py:830} INFO - Processing file /opt/airflow/dags/dag_bronze_ingestion.py for tasks to queue
[2026-06-03T06:05:16.474+0000] {logging_mixin.py:188} INFO - [2026-06-03T06:05:16.473+0000] {dagbag.py:540} INFO - Filling up the DagBag from /opt/airflow/dags/dag_bronze_ingestion.py
[2026-06-03T06:05:16.589+0000] {processor.py:840} INFO - DAG(s) 'neuralretail_bronze_ingestion' retrieved from /opt/airflow/dags/dag_bronze_ingestion.py
[2026-06-03T06:05:16.646+0000] {logging_mixin.py:188} INFO - [2026-06-03T06:05:16.646+0000] {dag.py:3096} INFO - Sync 1 DAGs
[2026-06-03T06:05:16.689+0000] {logging_mixin.py:188} INFO - [2026-06-03T06:05:16.689+0000] {dag.py:3954} INFO - Setting next_dagrun for neuralretail_bronze_ingestion to 2026-06-02 02:00:00+00:00, run_after=2026-06-03 02:00:00+00:00
[2026-06-03T06:05:16.731+0000] {processor.py:183} INFO - Processing /opt/airflow/dags/dag_bronze_ingestion.py took 0.275 seconds
[2026-06-03T06:05:46.972+0000] {processor.py:161} INFO - Started process (PID=482) to work on /opt/airflow/dags/dag_bronze_ingestion.py
[2026-06-03T06:05:46.975+0000] {processor.py:830} INFO - Processing file /opt/airflow/dags/dag_bronze_ingestion.py for tasks to queue
[2026-06-03T06:05:46.978+0000] {logging_mixin.py:188} INFO - [2026-06-03T06:05:46.977+0000] {dagbag.py:540} INFO - Filling up the DagBag from /opt/airflow/dags/dag_bronze_ingestion.py
[2026-06-03T06:05:47.096+0000] {processor.py:840} INFO - DAG(s) 'neuralretail_bronze_ingestion' retrieved from /opt/airflow/dags/dag_bronze_ingestion.py
[2026-06-03T06:05:47.127+0000] {logging_mixin.py:188} INFO - [2026-06-03T06:05:47.127+0000] {dag.py:3096} INFO - Sync 1 DAGs
[2026-06-03T06:05:47.170+0000] {logging_mixin.py:188} INFO - [2026-06-03T06:05:47.170+0000] {dag.py:3954} INFO - Setting next_dagrun for neuralretail_bronze_ingestion to 2026-06-02 02:00:00+00:00, run_after=2026-06-03 02:00:00+00:00
[2026-06-03T06:05:47.277+0000] {processor.py:183} INFO - Processing /opt/airflow/dags/dag_bronze_ingestion.py took 0.310 seconds
[2026-06-03T06:06:18.231+0000] {processor.py:161} INFO - Started process (PID=502) to work on /opt/airflow/dags/dag_bronze_ingestion.py
[2026-06-03T06:06:18.236+0000] {processor.py:830} INFO - Processing file /opt/airflow/dags/dag_bronze_ingestion.py for tasks to queue
[2026-06-03T06:06:18.243+0000] {logging_mixin.py:188} INFO - [2026-06-03T06:06:18.242+0000] {dagbag.py:540} INFO - Filling up the DagBag from /opt/airflow/dags/dag_bronze_ingestion.py
[2026-06-03T06:06:18.339+0000] {processor.py:840} INFO - DAG(s) 'neuralretail_bronze_ingestion' retrieved from /opt/airflow/dags/dag_bronze_ingestion.py
[2026-06-03T06:06:18.395+0000] {logging_mixin.py:188} INFO - [2026-06-03T06:06:18.395+0000] {dag.py:3096} INFO - Sync 1 DAGs
[2026-06-03T06:06:18.446+0000] {logging_mixin.py:188} INFO - [2026-06-03T06:06:18.445+0000] {dag.py:3954} INFO - Setting next_dagrun for neuralretail_bronze_ingestion to 2026-06-02 02:00:00+00:00, run_after=2026-06-03 02:00:00+00:00
[2026-06-03T06:06:18.507+0000] {processor.py:183} INFO - Processing /opt/airflow/dags/dag_bronze_ingestion.py took 0.288 seconds
[2026-06-03T06:06:49.107+0000] {processor.py:161} INFO - Started process (PID=522) to work on /opt/airflow/dags/dag_bronze_ingestion.py
[2026-06-03T06:06:49.110+0000] {processor.py:830} INFO - Processing file /opt/airflow/dags/dag_bronze_ingestion.py for tasks to queue
[2026-06-03T06:06:49.115+0000] {logging_mixin.py:188} INFO - [2026-06-03T06:06:49.114+0000] {dagbag.py:540} INFO - Filling up the DagBag from /opt/airflow/dags/dag_bronze_ingestion.py
[2026-06-03T06:06:49.193+0000] {processor.py:840} INFO - DAG(s) 'neuralretail_bronze_ingestion' retrieved from /opt/airflow/dags/dag_bronze_ingestion.py
[2026-06-03T06:06:49.239+0000] {logging_mixin.py:188} INFO - [2026-06-03T06:06:49.239+0000] {dag.py:3096} INFO - Sync 1 DAGs
[2026-06-03T06:06:49.293+0000] {logging_mixin.py:188} INFO - [2026-06-03T06:06:49.293+0000] {dag.py:3954} INFO - Setting next_dagrun for neuralretail_bronze_ingestion to 2026-06-02 02:00:00+00:00, run_after=2026-06-03 02:00:00+00:00
[2026-06-03T06:06:49.407+0000] {processor.py:183} INFO - Processing /opt/airflow/dags/dag_bronze_ingestion.py took 0.312 seconds
[2026-06-03T06:07:20.411+0000] {processor.py:161} INFO - Started process (PID=545) to work on /opt/airflow/dags/dag_bronze_ingestion.py
[2026-06-03T06:07:20.420+0000] {processor.py:830} INFO - Processing file /opt/airflow/dags/dag_bronze_ingestion.py for tasks to queue
[2026-06-03T06:07:20.430+0000] {logging_mixin.py:188} INFO - [2026-06-03T06:07:20.429+0000] {dagbag.py:540} INFO - Filling up the DagBag from /opt/airflow/dags/dag_bronze_ingestion.py
[2026-06-03T06:07:20.554+0000] {processor.py:840} INFO - DAG(s) 'neuralretail_bronze_ingestion' retrieved from /opt/airflow/dags/dag_bronze_ingestion.py
[2026-06-03T06:07:20.586+0000] {logging_mixin.py:188} INFO - [2026-06-03T06:07:20.586+0000] {dag.py:3096} INFO - Sync 1 DAGs
[2026-06-03T06:07:20.618+0000] {logging_mixin.py:188} INFO - [2026-06-03T06:07:20.617+0000] {dag.py:3954} INFO - Setting next_dagrun for neuralretail_bronze_ingestion to 2026-06-02 02:00:00+00:00, run_after=2026-06-03 02:00:00+00:00
[2026-06-03T06:07:20.661+0000] {processor.py:183} INFO - Processing /opt/airflow/dags/dag_bronze_ingestion.py took 0.269 seconds
[2026-06-03T06:07:51.104+0000] {processor.py:161} INFO - Started process (PID=565) to work on /opt/airflow/dags/dag_bronze_ingestion.py
[2026-06-03T06:07:51.112+0000] {processor.py:830} INFO - Processing file /opt/airflow/dags/dag_bronze_ingestion.py for tasks to queue
[2026-06-03T06:07:51.120+0000] {logging_mixin.py:188} INFO - [2026-06-03T06:07:51.119+0000] {dagbag.py:540} INFO - Filling up the DagBag from /opt/airflow/dags/dag_bronze_ingestion.py
[2026-06-03T06:07:51.297+0000] {processor.py:840} INFO - DAG(s) 'neuralretail_bronze_ingestion' retrieved from /opt/airflow/dags/dag_bronze_ingestion.py
[2026-06-03T06:07:51.368+0000] {logging_mixin.py:188} INFO - [2026-06-03T06:07:51.368+0000] {dag.py:3096} INFO - Sync 1 DAGs
[2026-06-03T06:07:51.408+0000] {logging_mixin.py:188} INFO - [2026-06-03T06:07:51.408+0000] {dag.py:3954} INFO - Setting next_dagrun for neuralretail_bronze_ingestion to 2026-06-02 02:00:00+00:00, run_after=2026-06-03 02:00:00+00:00
[2026-06-03T06:07:51.565+0000] {processor.py:183} INFO - Processing /opt/airflow/dags/dag_bronze_ingestion.py took 0.477 seconds
[2026-06-03T06:08:22.443+0000] {processor.py:161} INFO - Started process (PID=587) to work on /opt/airflow/dags/dag_bronze_ingestion.py
[2026-06-03T06:08:22.449+0000] {processor.py:830} INFO - Processing file /opt/airflow/dags/dag_bronze_ingestion.py for tasks to queue
[2026-06-03T06:08:22.453+0000] {logging_mixin.py:188} INFO - [2026-06-03T06:08:22.453+0000] {dagbag.py:540} INFO - Filling up the DagBag from /opt/airflow/dags/dag_bronze_ingestion.py
[2026-06-03T06:08:22.512+0000] {processor.py:840} INFO - DAG(s) 'neuralretail_bronze_ingestion' retrieved from /opt/airflow/dags/dag_bronze_ingestion.py
[2026-06-03T06:08:22.542+0000] {logging_mixin.py:188} INFO - [2026-06-03T06:08:22.542+0000] {dag.py:3096} INFO - Sync 1 DAGs
[2026-06-03T06:08:22.585+0000] {logging_mixin.py:188} INFO - [2026-06-03T06:08:22.584+0000] {dag.py:3954} INFO - Setting next_dagrun for neuralretail_bronze_ingestion to 2026-06-02 02:00:00+00:00, run_after=2026-06-03 02:00:00+00:00
[2026-06-03T06:08:22.661+0000] {processor.py:183} INFO - Processing /opt/airflow/dags/dag_bronze_ingestion.py took 0.231 seconds
[2026-06-03T06:08:53.369+0000] {processor.py:161} INFO - Started process (PID=605) to work on /opt/airflow/dags/dag_bronze_ingestion.py
[2026-06-03T06:08:53.377+0000] {processor.py:830} INFO - Processing file /opt/airflow/dags/dag_bronze_ingestion.py for tasks to queue
[2026-06-03T06:08:53.379+0000] {logging_mixin.py:188} INFO - [2026-06-03T06:08:53.379+0000] {dagbag.py:540} INFO - Filling up the DagBag from /opt/airflow/dags/dag_bronze_ingestion.py
[2026-06-03T06:08:53.421+0000] {processor.py:840} INFO - DAG(s) 'neuralretail_bronze_ingestion' retrieved from /opt/airflow/dags/dag_bronze_ingestion.py
[2026-06-03T06:08:53.445+0000] {logging_mixin.py:188} INFO - [2026-06-03T06:08:53.445+0000] {dag.py:3096} INFO - Sync 1 DAGs
[2026-06-03T06:08:53.479+0000] {logging_mixin.py:188} INFO - [2026-06-03T06:08:53.479+0000] {dag.py:3954} INFO - Setting next_dagrun for neuralretail_bronze_ingestion to 2026-06-02 02:00:00+00:00, run_after=2026-06-03 02:00:00+00:00
[2026-06-03T06:08:53.529+0000] {processor.py:183} INFO - Processing /opt/airflow/dags/dag_bronze_ingestion.py took 0.177 seconds
[2026-06-03T06:09:23.674+0000] {processor.py:161} INFO - Started process (PID=622) to work on /opt/airflow/dags/dag_bronze_ingestion.py
[2026-06-03T06:09:23.676+0000] {processor.py:830} INFO - Processing file /opt/airflow/dags/dag_bronze_ingestion.py for tasks to queue
[2026-06-03T06:09:23.678+0000] {logging_mixin.py:188} INFO - [2026-06-03T06:09:23.678+0000] {dagbag.py:540} INFO - Filling up the DagBag from /opt/airflow/dags/dag_bronze_ingestion.py
[2026-06-03T06:09:23.811+0000] {processor.py:840} INFO - DAG(s) 'neuralretail_bronze_ingestion' retrieved from /opt/airflow/dags/dag_bronze_ingestion.py
[2026-06-03T06:09:23.885+0000] {logging_mixin.py:188} INFO - [2026-06-03T06:09:23.884+0000] {dag.py:3096} INFO - Sync 1 DAGs
[2026-06-03T06:09:23.940+0000] {logging_mixin.py:188} INFO - [2026-06-03T06:09:23.940+0000] {dag.py:3954} INFO - Setting next_dagrun for neuralretail_bronze_ingestion to 2026-06-02 02:00:00+00:00, run_after=2026-06-03 02:00:00+00:00
[2026-06-03T06:09:24.009+0000] {processor.py:183} INFO - Processing /opt/airflow/dags/dag_bronze_ingestion.py took 0.344 seconds
[2026-06-03T06:09:54.854+0000] {processor.py:161} INFO - Started process (PID=642) to work on /opt/airflow/dags/dag_bronze_ingestion.py
[2026-06-03T06:09:54.856+0000] {processor.py:830} INFO - Processing file /opt/airflow/dags/dag_bronze_ingestion.py for tasks to queue
[2026-06-03T06:09:54.858+0000] {logging_mixin.py:188} INFO - [2026-06-03T06:09:54.858+0000] {dagbag.py:540} INFO - Filling up the DagBag from /opt/airflow/dags/dag_bronze_ingestion.py
[2026-06-03T06:09:54.898+0000] {processor.py:840} INFO - DAG(s) 'neuralretail_bronze_ingestion' retrieved from /opt/airflow/dags/dag_bronze_ingestion.py
[2026-06-03T06:09:54.919+0000] {logging_mixin.py:188} INFO - [2026-06-03T06:09:54.919+0000] {dag.py:3096} INFO - Sync 1 DAGs
[2026-06-03T06:09:54.938+0000] {logging_mixin.py:188} INFO - [2026-06-03T06:09:54.938+0000] {dag.py:3954} INFO - Setting next_dagrun for neuralretail_bronze_ingestion to 2026-06-02 02:00:00+00:00, run_after=2026-06-03 02:00:00+00:00
[2026-06-03T06:09:54.997+0000] {processor.py:183} INFO - Processing /opt/airflow/dags/dag_bronze_ingestion.py took 0.148 seconds
[2026-06-03T06:10:25.356+0000] {processor.py:161} INFO - Started process (PID=662) to work on /opt/airflow/dags/dag_bronze_ingestion.py
[2026-06-03T06:10:25.368+0000] {processor.py:830} INFO - Processing file /opt/airflow/dags/dag_bronze_ingestion.py for tasks to queue
[2026-06-03T06:10:25.374+0000] {logging_mixin.py:188} INFO - [2026-06-03T06:10:25.374+0000] {dagbag.py:540} INFO - Filling up the DagBag from /opt/airflow/dags/dag_bronze_ingestion.py
[2026-06-03T06:10:25.521+0000] {processor.py:840} INFO - DAG(s) 'neuralretail_bronze_ingestion' retrieved from /opt/airflow/dags/dag_bronze_ingestion.py
[2026-06-03T06:10:25.582+0000] {logging_mixin.py:188} INFO - [2026-06-03T06:10:25.582+0000] {dag.py:3096} INFO - Sync 1 DAGs
[2026-06-03T06:10:25.642+0000] {logging_mixin.py:188} INFO - [2026-06-03T06:10:25.641+0000] {dag.py:3954} INFO - Setting next_dagrun for neuralretail_bronze_ingestion to 2026-06-02 02:00:00+00:00, run_after=2026-06-03 02:00:00+00:00
[2026-06-03T06:10:25.698+0000] {processor.py:183} INFO - Processing /opt/airflow/dags/dag_bronze_ingestion.py took 0.356 seconds
[2026-06-03T06:10:56.363+0000] {processor.py:161} INFO - Started process (PID=685) to work on /opt/airflow/dags/dag_bronze_ingestion.py
[2026-06-03T06:10:56.379+0000] {processor.py:830} INFO - Processing file /opt/airflow/dags/dag_bronze_ingestion.py for tasks to queue
[2026-06-03T06:10:56.393+0000] {logging_mixin.py:188} INFO - [2026-06-03T06:10:56.391+0000] {dagbag.py:540} INFO - Filling up the DagBag from /opt/airflow/dags/dag_bronze_ingestion.py
[2026-06-03T06:10:56.497+0000] {processor.py:840} INFO - DAG(s) 'neuralretail_bronze_ingestion' retrieved from /opt/airflow/dags/dag_bronze_ingestion.py
[2026-06-03T06:10:56.534+0000] {logging_mixin.py:188} INFO - [2026-06-03T06:10:56.533+0000] {dag.py:3096} INFO - Sync 1 DAGs
[2026-06-03T06:10:56.588+0000] {logging_mixin.py:188} INFO - [2026-06-03T06:10:56.588+0000] {dag.py:3954} INFO - Setting next_dagrun for neuralretail_bronze_ingestion to 2026-06-02 02:00:00+00:00, run_after=2026-06-03 02:00:00+00:00
[2026-06-03T06:10:56.641+0000] {processor.py:183} INFO - Processing /opt/airflow/dags/dag_bronze_ingestion.py took 0.299 seconds
[2026-06-03T06:11:27.455+0000] {processor.py:161} INFO - Started process (PID=705) to work on /opt/airflow/dags/dag_bronze_ingestion.py
[2026-06-03T06:11:27.461+0000] {processor.py:830} INFO - Processing file /opt/airflow/dags/dag_bronze_ingestion.py for tasks to queue
[2026-06-03T06:11:27.471+0000] {logging_mixin.py:188} INFO - [2026-06-03T06:11:27.471+0000] {dagbag.py:540} INFO - Filling up the DagBag from /opt/airflow/dags/dag_bronze_ingestion.py
[2026-06-03T06:11:27.628+0000] {processor.py:840} INFO - DAG(s) 'neuralretail_bronze_ingestion' retrieved from /opt/airflow/dags/dag_bronze_ingestion.py
[2026-06-03T06:11:27.671+0000] {logging_mixin.py:188} INFO - [2026-06-03T06:11:27.671+0000] {dag.py:3096} INFO - Sync 1 DAGs
[2026-06-03T06:11:27.744+0000] {logging_mixin.py:188} INFO - [2026-06-03T06:11:27.743+0000] {dag.py:3954} INFO - Setting next_dagrun for neuralretail_bronze_ingestion to 2026-06-02 02:00:00+00:00, run_after=2026-06-03 02:00:00+00:00
[2026-06-03T06:11:27.833+0000] {processor.py:183} INFO - Processing /opt/airflow/dags/dag_bronze_ingestion.py took 0.384 seconds
[2026-06-03T06:11:58.496+0000] {processor.py:161} INFO - Started process (PID=725) to work on /opt/airflow/dags/dag_bronze_ingestion.py
[2026-06-03T06:11:58.500+0000] {processor.py:830} INFO - Processing file /opt/airflow/dags/dag_bronze_ingestion.py for tasks to queue
[2026-06-03T06:11:58.502+0000] {logging_mixin.py:188} INFO - [2026-06-03T06:11:58.502+0000] {dagbag.py:540} INFO - Filling up the DagBag from /opt/airflow/dags/dag_bronze_ingestion.py
[2026-06-03T06:11:58.586+0000] {processor.py:840} INFO - DAG(s) 'neuralretail_bronze_ingestion' retrieved from /opt/airflow/dags/dag_bronze_ingestion.py
[2026-06-03T06:11:58.619+0000] {logging_mixin.py:188} INFO - [2026-06-03T06:11:58.619+0000] {dag.py:3096} INFO - Sync 1 DAGs
[2026-06-03T06:11:58.653+0000] {logging_mixin.py:188} INFO - [2026-06-03T06:11:58.653+0000] {dag.py:3954} INFO - Setting next_dagrun for neuralretail_bronze_ingestion to 2026-06-02 02:00:00+00:00, run_after=2026-06-03 02:00:00+00:00
[2026-06-03T06:11:58.686+0000] {processor.py:183} INFO - Processing /opt/airflow/dags/dag_bronze_ingestion.py took 0.197 seconds
[2026-06-03T06:12:29.397+0000] {processor.py:161} INFO - Started process (PID=745) to work on /opt/airflow/dags/dag_bronze_ingestion.py
[2026-06-03T06:12:29.401+0000] {processor.py:830} INFO - Processing file /opt/airflow/dags/dag_bronze_ingestion.py for tasks to queue
[2026-06-03T06:12:29.407+0000] {logging_mixin.py:188} INFO - [2026-06-03T06:12:29.406+0000] {dagbag.py:540} INFO - Filling up the DagBag from /opt/airflow/dags/dag_bronze_ingestion.py
[2026-06-03T06:12:29.519+0000] {processor.py:840} INFO - DAG(s) 'neuralretail_bronze_ingestion' retrieved from /opt/airflow/dags/dag_bronze_ingestion.py
[2026-06-03T06:12:29.555+0000] {logging_mixin.py:188} INFO - [2026-06-03T06:12:29.555+0000] {dag.py:3096} INFO - Sync 1 DAGs
[2026-06-03T06:12:29.582+0000] {logging_mixin.py:188} INFO - [2026-06-03T06:12:29.581+0000] {dag.py:3954} INFO - Setting next_dagrun for neuralretail_bronze_ingestion to 2026-06-02 02:00:00+00:00, run_after=2026-06-03 02:00:00+00:00
[2026-06-03T06:12:29.605+0000] {processor.py:183} INFO - Processing /opt/airflow/dags/dag_bronze_ingestion.py took 0.225 seconds
[2026-06-03T06:13:00.744+0000] {processor.py:161} INFO - Started process (PID=765) to work on /opt/airflow/dags/dag_bronze_ingestion.py
[2026-06-03T06:13:00.748+0000] {processor.py:830} INFO - Processing file /opt/airflow/dags/dag_bronze_ingestion.py for tasks to queue
[2026-06-03T06:13:00.754+0000] {logging_mixin.py:188} INFO - [2026-06-03T06:13:00.754+0000] {dagbag.py:540} INFO - Filling up the DagBag from /opt/airflow/dags/dag_bronze_ingestion.py
[2026-06-03T06:13:00.863+0000] {processor.py:840} INFO - DAG(s) 'neuralretail_bronze_ingestion' retrieved from /opt/airflow/dags/dag_bronze_ingestion.py
[2026-06-03T06:13:00.941+0000] {logging_mixin.py:188} INFO - [2026-06-03T06:13:00.941+0000] {dag.py:3096} INFO - Sync 1 DAGs
[2026-06-03T06:13:00.994+0000] {logging_mixin.py:188} INFO - [2026-06-03T06:13:00.994+0000] {dag.py:3954} INFO - Setting next_dagrun for neuralretail_bronze_ingestion to 2026-06-02 02:00:00+00:00, run_after=2026-06-03 02:00:00+00:00
[2026-06-03T06:13:01.033+0000] {processor.py:183} INFO - Processing /opt/airflow/dags/dag_bronze_ingestion.py took 0.295 seconds
[2026-06-03T06:13:32.173+0000] {processor.py:161} INFO - Started process (PID=785) to work on /opt/airflow/dags/dag_bronze_ingestion.py
[2026-06-03T06:13:32.179+0000] {processor.py:830} INFO - Processing file /opt/airflow/dags/dag_bronze_ingestion.py for tasks to queue
[2026-06-03T06:13:32.190+0000] {logging_mixin.py:188} INFO - [2026-06-03T06:13:32.189+0000] {dagbag.py:540} INFO - Filling up the DagBag from /opt/airflow/dags/dag_bronze_ingestion.py
[2026-06-03T06:13:32.315+0000] {processor.py:840} INFO - DAG(s) 'neuralretail_bronze_ingestion' retrieved from /opt/airflow/dags/dag_bronze_ingestion.py
[2026-06-03T06:13:32.372+0000] {logging_mixin.py:188} INFO - [2026-06-03T06:13:32.372+0000] {dag.py:3096} INFO - Sync 1 DAGs
[2026-06-03T06:13:32.427+0000] {logging_mixin.py:188} INFO - [2026-06-03T06:13:32.426+0000] {dag.py:3954} INFO - Setting next_dagrun for neuralretail_bronze_ingestion to 2026-06-02 02:00:00+00:00, run_after=2026-06-03 02:00:00+00:00
[2026-06-03T06:13:32.464+0000] {processor.py:183} INFO - Processing /opt/airflow/dags/dag_bronze_ingestion.py took 0.311 seconds
[2026-06-03T06:14:07.643+0000] {processor.py:161} INFO - Started process (PID=805) to work on /opt/airflow/dags/dag_bronze_ingestion.py
[2026-06-03T06:14:07.697+0000] {processor.py:830} INFO - Processing file /opt/airflow/dags/dag_bronze_ingestion.py for tasks to queue
[2026-06-03T06:14:07.741+0000] {logging_mixin.py:188} INFO - [2026-06-03T06:14:07.739+0000] {dagbag.py:540} INFO - Filling up the DagBag from /opt/airflow/dags/dag_bronze_ingestion.py
[2026-06-03T06:14:09.034+0000] {processor.py:840} INFO - DAG(s) 'neuralretail_bronze_ingestion' retrieved from /opt/airflow/dags/dag_bronze_ingestion.py
[2026-06-03T06:14:09.089+0000] {logging_mixin.py:188} INFO - [2026-06-03T06:14:09.089+0000] {dag.py:3096} INFO - Sync 1 DAGs
[2026-06-03T06:14:09.141+0000] {logging_mixin.py:188} INFO - [2026-06-03T06:14:09.141+0000] {dag.py:3954} INFO - Setting next_dagrun for neuralretail_bronze_ingestion to 2026-06-02 02:00:00+00:00, run_after=2026-06-03 02:00:00+00:00
[2026-06-03T06:14:09.320+0000] {processor.py:183} INFO - Processing /opt/airflow/dags/dag_bronze_ingestion.py took 1.692 seconds
[2026-06-03T06:14:40.806+0000] {processor.py:161} INFO - Started process (PID=822) to work on /opt/airflow/dags/dag_bronze_ingestion.py
[2026-06-03T06:14:40.836+0000] {processor.py:830} INFO - Processing file /opt/airflow/dags/dag_bronze_ingestion.py for tasks to queue
[2026-06-03T06:14:40.856+0000] {logging_mixin.py:188} INFO - [2026-06-03T06:14:40.856+0000] {dagbag.py:540} INFO - Filling up the DagBag from /opt/airflow/dags/dag_bronze_ingestion.py
[2026-06-03T06:14:42.022+0000] {processor.py:840} INFO - DAG(s) 'neuralretail_bronze_ingestion' retrieved from /opt/airflow/dags/dag_bronze_ingestion.py
[2026-06-03T06:14:42.111+0000] {logging_mixin.py:188} INFO - [2026-06-03T06:14:42.111+0000] {dag.py:3096} INFO - Sync 1 DAGs
[2026-06-03T06:14:42.165+0000] {logging_mixin.py:188} INFO - [2026-06-03T06:14:42.165+0000] {dag.py:3954} INFO - Setting next_dagrun for neuralretail_bronze_ingestion to 2026-06-02 02:00:00+00:00, run_after=2026-06-03 02:00:00+00:00
[2026-06-03T06:14:42.783+0000] {processor.py:183} INFO - Processing /opt/airflow/dags/dag_bronze_ingestion.py took 1.982 seconds
[2026-06-03T06:15:13.346+0000] {processor.py:161} INFO - Started process (PID=842) to work on /opt/airflow/dags/dag_bronze_ingestion.py
[2026-06-03T06:15:13.359+0000] {processor.py:830} INFO - Processing file /opt/airflow/dags/dag_bronze_ingestion.py for tasks to queue
[2026-06-03T06:15:13.373+0000] {logging_mixin.py:188} INFO - [2026-06-03T06:15:13.373+0000] {dagbag.py:540} INFO - Filling up the DagBag from /opt/airflow/dags/dag_bronze_ingestion.py
[2026-06-03T06:15:13.417+0000] {processor.py:840} INFO - DAG(s) 'neuralretail_bronze_ingestion' retrieved from /opt/airflow/dags/dag_bronze_ingestion.py
[2026-06-03T06:15:13.445+0000] {logging_mixin.py:188} INFO - [2026-06-03T06:15:13.445+0000] {dag.py:3096} INFO - Sync 1 DAGs
[2026-06-03T06:15:13.509+0000] {logging_mixin.py:188} INFO - [2026-06-03T06:15:13.508+0000] {dag.py:3954} INFO - Setting next_dagrun for neuralretail_bronze_ingestion to 2026-06-02 02:00:00+00:00, run_after=2026-06-03 02:00:00+00:00
[2026-06-03T06:15:13.600+0000] {processor.py:183} INFO - Processing /opt/airflow/dags/dag_bronze_ingestion.py took 0.262 seconds
[2026-06-03T06:15:44.434+0000] {processor.py:161} INFO - Started process (PID=865) to work on /opt/airflow/dags/dag_bronze_ingestion.py
[2026-06-03T06:15:44.441+0000] {processor.py:830} INFO - Processing file /opt/airflow/dags/dag_bronze_ingestion.py for tasks to queue
[2026-06-03T06:15:44.446+0000] {logging_mixin.py:188} INFO - [2026-06-03T06:15:44.446+0000] {dagbag.py:540} INFO - Filling up the DagBag from /opt/airflow/dags/dag_bronze_ingestion.py
[2026-06-03T06:15:44.559+0000] {processor.py:840} INFO - DAG(s) 'neuralretail_bronze_ingestion' retrieved from /opt/airflow/dags/dag_bronze_ingestion.py
[2026-06-03T06:15:44.599+0000] {logging_mixin.py:188} INFO - [2026-06-03T06:15:44.599+0000] {dag.py:3096} INFO - Sync 1 DAGs
[2026-06-03T06:15:44.637+0000] {logging_mixin.py:188} INFO - [2026-06-03T06:15:44.637+0000] {dag.py:3954} INFO - Setting next_dagrun for neuralretail_bronze_ingestion to 2026-06-02 02:00:00+00:00, run_after=2026-06-03 02:00:00+00:00
[2026-06-03T06:15:44.668+0000] {processor.py:183} INFO - Processing /opt/airflow/dags/dag_bronze_ingestion.py took 0.245 seconds
[2026-06-03T06:16:14.956+0000] {processor.py:161} INFO - Started process (PID=882) to work on /opt/airflow/dags/dag_bronze_ingestion.py
[2026-06-03T06:16:14.958+0000] {processor.py:830} INFO - Processing file /opt/airflow/dags/dag_bronze_ingestion.py for tasks to queue
[2026-06-03T06:16:14.963+0000] {logging_mixin.py:188} INFO - [2026-06-03T06:16:14.963+0000] {dagbag.py:540} INFO - Filling up the DagBag from /opt/airflow/dags/dag_bronze_ingestion.py
[2026-06-03T06:16:15.021+0000] {processor.py:840} INFO - DAG(s) 'neuralretail_bronze_ingestion' retrieved from /opt/airflow/dags/dag_bronze_ingestion.py
[2026-06-03T06:16:15.066+0000] {logging_mixin.py:188} INFO - [2026-06-03T06:16:15.066+0000] {dag.py:3096} INFO - Sync 1 DAGs
[2026-06-03T06:16:15.116+0000] {logging_mixin.py:188} INFO - [2026-06-03T06:16:15.116+0000] {dag.py:3954} INFO - Setting next_dagrun for neuralretail_bronze_ingestion to 2026-06-02 02:00:00+00:00, run_after=2026-06-03 02:00:00+00:00
[2026-06-03T06:16:15.194+0000] {processor.py:183} INFO - Processing /opt/airflow/dags/dag_bronze_ingestion.py took 0.247 seconds
[2026-06-03T06:16:46.202+0000] {processor.py:161} INFO - Started process (PID=905) to work on /opt/airflow/dags/dag_bronze_ingestion.py
[2026-06-03T06:16:46.205+0000] {processor.py:830} INFO - Processing file /opt/airflow/dags/dag_bronze_ingestion.py for tasks to queue
[2026-06-03T06:16:46.209+0000] {logging_mixin.py:188} INFO - [2026-06-03T06:16:46.208+0000] {dagbag.py:540} INFO - Filling up the DagBag from /opt/airflow/dags/dag_bronze_ingestion.py
[2026-06-03T06:16:46.272+0000] {processor.py:840} INFO - DAG(s) 'neuralretail_bronze_ingestion' retrieved from /opt/airflow/dags/dag_bronze_ingestion.py
[2026-06-03T06:16:46.297+0000] {logging_mixin.py:188} INFO - [2026-06-03T06:16:46.296+0000] {dag.py:3096} INFO - Sync 1 DAGs
[2026-06-03T06:16:46.337+0000] {logging_mixin.py:188} INFO - [2026-06-03T06:16:46.337+0000] {dag.py:3954} INFO - Setting next_dagrun for neuralretail_bronze_ingestion to 2026-06-02 02:00:00+00:00, run_after=2026-06-03 02:00:00+00:00
[2026-06-03T06:16:46.374+0000] {processor.py:183} INFO - Processing /opt/airflow/dags/dag_bronze_ingestion.py took 0.182 seconds
[2026-06-03T06:17:16.813+0000] {processor.py:161} INFO - Started process (PID=925) to work on /opt/airflow/dags/dag_bronze_ingestion.py
[2026-06-03T06:17:16.816+0000] {processor.py:830} INFO - Processing file /opt/airflow/dags/dag_bronze_ingestion.py for tasks to queue
[2026-06-03T06:17:16.819+0000] {logging_mixin.py:188} INFO - [2026-06-03T06:17:16.819+0000] {dagbag.py:540} INFO - Filling up the DagBag from /opt/airflow/dags/dag_bronze_ingestion.py
[2026-06-03T06:17:16.911+0000] {processor.py:840} INFO - DAG(s) 'neuralretail_bronze_ingestion' retrieved from /opt/airflow/dags/dag_bronze_ingestion.py
[2026-06-03T06:17:16.988+0000] {logging_mixin.py:188} INFO - [2026-06-03T06:17:16.987+0000] {dag.py:3096} INFO - Sync 1 DAGs
[2026-06-03T06:17:17.204+0000] {logging_mixin.py:188} INFO - [2026-06-03T06:17:17.204+0000] {dag.py:3954} INFO - Setting next_dagrun for neuralretail_bronze_ingestion to 2026-06-02 02:00:00+00:00, run_after=2026-06-03 02:00:00+00:00
[2026-06-03T06:17:17.297+0000] {processor.py:183} INFO - Processing /opt/airflow/dags/dag_bronze_ingestion.py took 0.491 seconds
[2026-06-03T06:17:47.701+0000] {processor.py:161} INFO - Started process (PID=945) to work on /opt/airflow/dags/dag_bronze_ingestion.py
[2026-06-03T06:17:47.704+0000] {processor.py:830} INFO - Processing file /opt/airflow/dags/dag_bronze_ingestion.py for tasks to queue
[2026-06-03T06:17:47.711+0000] {logging_mixin.py:188} INFO - [2026-06-03T06:17:47.710+0000] {dagbag.py:540} INFO - Filling up the DagBag from /opt/airflow/dags/dag_bronze_ingestion.py
[2026-06-03T06:17:47.829+0000] {processor.py:840} INFO - DAG(s) 'neuralretail_bronze_ingestion' retrieved from /opt/airflow/dags/dag_bronze_ingestion.py
[2026-06-03T06:17:47.897+0000] {logging_mixin.py:188} INFO - [2026-06-03T06:17:47.897+0000] {dag.py:3096} INFO - Sync 1 DAGs
[2026-06-03T06:17:47.961+0000] {logging_mixin.py:188} INFO - [2026-06-03T06:17:47.961+0000] {dag.py:3954} INFO - Setting next_dagrun for neuralretail_bronze_ingestion to 2026-06-02 02:00:00+00:00, run_after=2026-06-03 02:00:00+00:00
[2026-06-03T06:17:48.008+0000] {processor.py:183} INFO - Processing /opt/airflow/dags/dag_bronze_ingestion.py took 0.324 seconds
[2026-06-03T06:18:18.284+0000] {processor.py:161} INFO - Started process (PID=965) to work on /opt/airflow/dags/dag_bronze_ingestion.py
[2026-06-03T06:18:18.288+0000] {processor.py:830} INFO - Processing file /opt/airflow/dags/dag_bronze_ingestion.py for tasks to queue
[2026-06-03T06:18:18.294+0000] {logging_mixin.py:188} INFO - [2026-06-03T06:18:18.293+0000] {dagbag.py:540} INFO - Filling up the DagBag from /opt/airflow/dags/dag_bronze_ingestion.py
[2026-06-03T06:18:18.415+0000] {processor.py:840} INFO - DAG(s) 'neuralretail_bronze_ingestion' retrieved from /opt/airflow/dags/dag_bronze_ingestion.py
[2026-06-03T06:18:18.475+0000] {logging_mixin.py:188} INFO - [2026-06-03T06:18:18.474+0000] {dag.py:3096} INFO - Sync 1 DAGs
[2026-06-03T06:18:18.513+0000] {logging_mixin.py:188} INFO - [2026-06-03T06:18:18.513+0000] {dag.py:3954} INFO - Setting next_dagrun for neuralretail_bronze_ingestion to 2026-06-02 02:00:00+00:00, run_after=2026-06-03 02:00:00+00:00
[2026-06-03T06:18:18.658+0000] {processor.py:183} INFO - Processing /opt/airflow/dags/dag_bronze_ingestion.py took 0.391 seconds
[2026-06-03T06:18:49.057+0000] {processor.py:161} INFO - Started process (PID=985) to work on /opt/airflow/dags/dag_bronze_ingestion.py
[2026-06-03T06:18:49.062+0000] {processor.py:830} INFO - Processing file /opt/airflow/dags/dag_bronze_ingestion.py for tasks to queue
[2026-06-03T06:18:49.070+0000] {logging_mixin.py:188} INFO - [2026-06-03T06:18:49.069+0000] {dagbag.py:540} INFO - Filling up the DagBag from /opt/airflow/dags/dag_bronze_ingestion.py
[2026-06-03T06:18:49.197+0000] {processor.py:840} INFO - DAG(s) 'neuralretail_bronze_ingestion' retrieved from /opt/airflow/dags/dag_bronze_ingestion.py
[2026-06-03T06:18:49.398+0000] {logging_mixin.py:188} INFO - [2026-06-03T06:18:49.397+0000] {dag.py:3096} INFO - Sync 1 DAGs
[2026-06-03T06:18:49.422+0000] {logging_mixin.py:188} INFO - [2026-06-03T06:18:49.422+0000] {dag.py:3954} INFO - Setting next_dagrun for neuralretail_bronze_ingestion to 2026-06-02 02:00:00+00:00, run_after=2026-06-03 02:00:00+00:00
[2026-06-03T06:18:49.464+0000] {processor.py:183} INFO - Processing /opt/airflow/dags/dag_bronze_ingestion.py took 0.424 seconds
[2026-06-03T06:19:19.726+0000] {processor.py:161} INFO - Started process (PID=1005) to work on /opt/airflow/dags/dag_bronze_ingestion.py
[2026-06-03T06:19:19.729+0000] {processor.py:830} INFO - Processing file /opt/airflow/dags/dag_bronze_ingestion.py for tasks to queue
[2026-06-03T06:19:19.734+0000] {logging_mixin.py:188} INFO - [2026-06-03T06:19:19.734+0000] {dagbag.py:540} INFO - Filling up the DagBag from /opt/airflow/dags/dag_bronze_ingestion.py
[2026-06-03T06:19:19.835+0000] {processor.py:840} INFO - DAG(s) 'neuralretail_bronze_ingestion' retrieved from /opt/airflow/dags/dag_bronze_ingestion.py
[2026-06-03T06:19:19.905+0000] {logging_mixin.py:188} INFO - [2026-06-03T06:19:19.905+0000] {dag.py:3096} INFO - Sync 1 DAGs
[2026-06-03T06:19:19.945+0000] {logging_mixin.py:188} INFO - [2026-06-03T06:19:19.945+0000] {dag.py:3954} INFO - Setting next_dagrun for neuralretail_bronze_ingestion to 2026-06-02 02:00:00+00:00, run_after=2026-06-03 02:00:00+00:00
[2026-06-03T06:19:19.982+0000] {processor.py:183} INFO - Processing /opt/airflow/dags/dag_bronze_ingestion.py took 0.274 seconds
[2026-06-03T06:19:50.761+0000] {processor.py:161} INFO - Started process (PID=1025) to work on /opt/airflow/dags/dag_bronze_ingestion.py
[2026-06-03T06:19:50.763+0000] {processor.py:830} INFO - Processing file /opt/airflow/dags/dag_bronze_ingestion.py for tasks to queue
[2026-06-03T06:19:50.771+0000] {logging_mixin.py:188} INFO - [2026-06-03T06:19:50.770+0000] {dagbag.py:540} INFO - Filling up the DagBag from /opt/airflow/dags/dag_bronze_ingestion.py
[2026-06-03T06:19:50.928+0000] {processor.py:840} INFO - DAG(s) 'neuralretail_bronze_ingestion' retrieved from /opt/airflow/dags/dag_bronze_ingestion.py
[2026-06-03T06:19:50.984+0000] {logging_mixin.py:188} INFO - [2026-06-03T06:19:50.983+0000] {dag.py:3096} INFO - Sync 1 DAGs
[2026-06-03T06:19:51.049+0000] {logging_mixin.py:188} INFO - [2026-06-03T06:19:51.049+0000] {dag.py:3954} INFO - Setting next_dagrun for neuralretail_bronze_ingestion to 2026-06-02 02:00:00+00:00, run_after=2026-06-03 02:00:00+00:00
[2026-06-03T06:19:51.132+0000] {processor.py:183} INFO - Processing /opt/airflow/dags/dag_bronze_ingestion.py took 0.390 seconds
[2026-06-03T06:20:21.395+0000] {processor.py:161} INFO - Started process (PID=1042) to work on /opt/airflow/dags/dag_bronze_ingestion.py
[2026-06-03T06:20:21.398+0000] {processor.py:830} INFO - Processing file /opt/airflow/dags/dag_bronze_ingestion.py for tasks to queue
[2026-06-03T06:20:21.401+0000] {logging_mixin.py:188} INFO - [2026-06-03T06:20:21.401+0000] {dagbag.py:540} INFO - Filling up the DagBag from /opt/airflow/dags/dag_bronze_ingestion.py
[2026-06-03T06:20:21.517+0000] {processor.py:840} INFO - DAG(s) 'neuralretail_bronze_ingestion' retrieved from /opt/airflow/dags/dag_bronze_ingestion.py
[2026-06-03T06:20:21.603+0000] {logging_mixin.py:188} INFO - [2026-06-03T06:20:21.602+0000] {dag.py:3096} INFO - Sync 1 DAGs
[2026-06-03T06:20:21.669+0000] {logging_mixin.py:188} INFO - [2026-06-03T06:20:21.668+0000] {dag.py:3954} INFO - Setting next_dagrun for neuralretail_bronze_ingestion to 2026-06-02 02:00:00+00:00, run_after=2026-06-03 02:00:00+00:00
[2026-06-03T06:20:21.711+0000] {processor.py:183} INFO - Processing /opt/airflow/dags/dag_bronze_ingestion.py took 0.333 seconds
[2026-06-03T06:20:52.741+0000] {processor.py:161} INFO - Started process (PID=1065) to work on /opt/airflow/dags/dag_bronze_ingestion.py
[2026-06-03T06:20:52.743+0000] {processor.py:830} INFO - Processing file /opt/airflow/dags/dag_bronze_ingestion.py for tasks to queue
[2026-06-03T06:20:52.750+0000] {logging_mixin.py:188} INFO - [2026-06-03T06:20:52.748+0000] {dagbag.py:540} INFO - Filling up the DagBag from /opt/airflow/dags/dag_bronze_ingestion.py
[2026-06-03T06:20:52.913+0000] {processor.py:840} INFO - DAG(s) 'neuralretail_bronze_ingestion' retrieved from /opt/airflow/dags/dag_bronze_ingestion.py
[2026-06-03T06:20:52.954+0000] {logging_mixin.py:188} INFO - [2026-06-03T06:20:52.954+0000] {dag.py:3096} INFO - Sync 1 DAGs
[2026-06-03T06:20:52.979+0000] {logging_mixin.py:188} INFO - [2026-06-03T06:20:52.979+0000] {dag.py:3954} INFO - Setting next_dagrun for neuralretail_bronze_ingestion to 2026-06-02 02:00:00+00:00, run_after=2026-06-03 02:00:00+00:00
[2026-06-03T06:20:53.010+0000] {processor.py:183} INFO - Processing /opt/airflow/dags/dag_bronze_ingestion.py took 0.280 seconds
[2026-06-03T06:21:23.382+0000] {processor.py:161} INFO - Started process (PID=1085) to work on /opt/airflow/dags/dag_bronze_ingestion.py
[2026-06-03T06:21:23.400+0000] {processor.py:830} INFO - Processing file /opt/airflow/dags/dag_bronze_ingestion.py for tasks to queue
[2026-06-03T06:21:23.418+0000] {logging_mixin.py:188} INFO - [2026-06-03T06:21:23.417+0000] {dagbag.py:540} INFO - Filling up the DagBag from /opt/airflow/dags/dag_bronze_ingestion.py
[2026-06-03T06:21:23.590+0000] {processor.py:840} INFO - DAG(s) 'neuralretail_bronze_ingestion' retrieved from /opt/airflow/dags/dag_bronze_ingestion.py
[2026-06-03T06:21:23.655+0000] {logging_mixin.py:188} INFO - [2026-06-03T06:21:23.654+0000] {dag.py:3096} INFO - Sync 1 DAGs
[2026-06-03T06:21:23.710+0000] {logging_mixin.py:188} INFO - [2026-06-03T06:21:23.709+0000] {dag.py:3954} INFO - Setting next_dagrun for neuralretail_bronze_ingestion to 2026-06-02 02:00:00+00:00, run_after=2026-06-03 02:00:00+00:00
[2026-06-03T06:21:23.781+0000] {processor.py:183} INFO - Processing /opt/airflow/dags/dag_bronze_ingestion.py took 0.416 seconds
[2026-06-03T06:21:54.588+0000] {processor.py:161} INFO - Started process (PID=1105) to work on /opt/airflow/dags/dag_bronze_ingestion.py
[2026-06-03T06:21:54.592+0000] {processor.py:830} INFO - Processing file /opt/airflow/dags/dag_bronze_ingestion.py for tasks to queue
[2026-06-03T06:21:54.595+0000] {logging_mixin.py:188} INFO - [2026-06-03T06:21:54.595+0000] {dagbag.py:540} INFO - Filling up the DagBag from /opt/airflow/dags/dag_bronze_ingestion.py
[2026-06-03T06:21:54.719+0000] {processor.py:840} INFO - DAG(s) 'neuralretail_bronze_ingestion' retrieved from /opt/airflow/dags/dag_bronze_ingestion.py
[2026-06-03T06:21:54.780+0000] {logging_mixin.py:188} INFO - [2026-06-03T06:21:54.779+0000] {dag.py:3096} INFO - Sync 1 DAGs
[2026-06-03T06:21:54.823+0000] {logging_mixin.py:188} INFO - [2026-06-03T06:21:54.823+0000] {dag.py:3954} INFO - Setting next_dagrun for neuralretail_bronze_ingestion to 2026-06-02 02:00:00+00:00, run_after=2026-06-03 02:00:00+00:00
[2026-06-03T06:21:54.901+0000] {processor.py:183} INFO - Processing /opt/airflow/dags/dag_bronze_ingestion.py took 0.324 seconds
[2026-06-03T06:22:25.426+0000] {processor.py:161} INFO - Started process (PID=1125) to work on /opt/airflow/dags/dag_bronze_ingestion.py
[2026-06-03T06:22:25.428+0000] {processor.py:830} INFO - Processing file /opt/airflow/dags/dag_bronze_ingestion.py for tasks to queue
[2026-06-03T06:22:25.430+0000] {logging_mixin.py:188} INFO - [2026-06-03T06:22:25.430+0000] {dagbag.py:540} INFO - Filling up the DagBag from /opt/airflow/dags/dag_bronze_ingestion.py
[2026-06-03T06:22:25.495+0000] {processor.py:840} INFO - DAG(s) 'neuralretail_bronze_ingestion' retrieved from /opt/airflow/dags/dag_bronze_ingestion.py
[2026-06-03T06:22:25.520+0000] {logging_mixin.py:188} INFO - [2026-06-03T06:22:25.520+0000] {dag.py:3096} INFO - Sync 1 DAGs
[2026-06-03T06:22:25.544+0000] {logging_mixin.py:188} INFO - [2026-06-03T06:22:25.544+0000] {dag.py:3954} INFO - Setting next_dagrun for neuralretail_bronze_ingestion to 2026-06-02 02:00:00+00:00, run_after=2026-06-03 02:00:00+00:00
[2026-06-03T06:22:25.572+0000] {processor.py:183} INFO - Processing /opt/airflow/dags/dag_bronze_ingestion.py took 0.155 seconds
[2026-06-03T06:22:57.092+0000] {processor.py:161} INFO - Started process (PID=1145) to work on /opt/airflow/dags/dag_bronze_ingestion.py
[2026-06-03T06:22:57.106+0000] {processor.py:830} INFO - Processing file /opt/airflow/dags/dag_bronze_ingestion.py for tasks to queue
[2026-06-03T06:22:57.118+0000] {logging_mixin.py:188} INFO - [2026-06-03T06:22:57.117+0000] {dagbag.py:540} INFO - Filling up the DagBag from /opt/airflow/dags/dag_bronze_ingestion.py
[2026-06-03T06:22:57.413+0000] {processor.py:840} INFO - DAG(s) 'neuralretail_bronze_ingestion' retrieved from /opt/airflow/dags/dag_bronze_ingestion.py
[2026-06-03T06:22:57.470+0000] {logging_mixin.py:188} INFO - [2026-06-03T06:22:57.470+0000] {dag.py:3096} INFO - Sync 1 DAGs
[2026-06-03T06:22:57.535+0000] {logging_mixin.py:188} INFO - [2026-06-03T06:22:57.534+0000] {dag.py:3954} INFO - Setting next_dagrun for neuralretail_bronze_ingestion to 2026-06-02 02:00:00+00:00, run_after=2026-06-03 02:00:00+00:00
[2026-06-03T06:22:57.588+0000] {processor.py:183} INFO - Processing /opt/airflow/dags/dag_bronze_ingestion.py took 0.506 seconds
[2026-06-03T06:23:28.493+0000] {processor.py:161} INFO - Started process (PID=1165) to work on /opt/airflow/dags/dag_bronze_ingestion.py
[2026-06-03T06:23:28.495+0000] {processor.py:830} INFO - Processing file /opt/airflow/dags/dag_bronze_ingestion.py for tasks to queue
[2026-06-03T06:23:28.497+0000] {logging_mixin.py:188} INFO - [2026-06-03T06:23:28.497+0000] {dagbag.py:540} INFO - Filling up the DagBag from /opt/airflow/dags/dag_bronze_ingestion.py
[2026-06-03T06:23:28.581+0000] {processor.py:840} INFO - DAG(s) 'neuralretail_bronze_ingestion' retrieved from /opt/airflow/dags/dag_bronze_ingestion.py
[2026-06-03T06:23:28.619+0000] {logging_mixin.py:188} INFO - [2026-06-03T06:23:28.619+0000] {dag.py:3096} INFO - Sync 1 DAGs
[2026-06-03T06:23:28.680+0000] {logging_mixin.py:188} INFO - [2026-06-03T06:23:28.680+0000] {dag.py:3954} INFO - Setting next_dagrun for neuralretail_bronze_ingestion to 2026-06-02 02:00:00+00:00, run_after=2026-06-03 02:00:00+00:00
[2026-06-03T06:23:28.828+0000] {processor.py:183} INFO - Processing /opt/airflow/dags/dag_bronze_ingestion.py took 0.343 seconds
[2026-06-03T06:23:59.565+0000] {processor.py:161} INFO - Started process (PID=1185) to work on /opt/airflow/dags/dag_bronze_ingestion.py
[2026-06-03T06:23:59.567+0000] {processor.py:830} INFO - Processing file /opt/airflow/dags/dag_bronze_ingestion.py for tasks to queue
[2026-06-03T06:23:59.570+0000] {logging_mixin.py:188} INFO - [2026-06-03T06:23:59.570+0000] {dagbag.py:540} INFO - Filling up the DagBag from /opt/airflow/dags/dag_bronze_ingestion.py
[2026-06-03T06:23:59.862+0000] {processor.py:840} INFO - DAG(s) 'neuralretail_bronze_ingestion' retrieved from /opt/airflow/dags/dag_bronze_ingestion.py
[2026-06-03T06:23:59.993+0000] {logging_mixin.py:188} INFO - [2026-06-03T06:23:59.993+0000] {dag.py:3096} INFO - Sync 1 DAGs
[2026-06-03T06:24:00.056+0000] {logging_mixin.py:188} INFO - [2026-06-03T06:24:00.056+0000] {dag.py:3954} INFO - Setting next_dagrun for neuralretail_bronze_ingestion to 2026-06-02 02:00:00+00:00, run_after=2026-06-03 02:00:00+00:00
[2026-06-03T06:24:00.172+0000] {processor.py:183} INFO - Processing /opt/airflow/dags/dag_bronze_ingestion.py took 0.616 seconds
[2026-06-03T06:24:30.662+0000] {processor.py:161} INFO - Started process (PID=1205) to work on /opt/airflow/dags/dag_bronze_ingestion.py
[2026-06-03T06:24:30.671+0000] {processor.py:830} INFO - Processing file /opt/airflow/dags/dag_bronze_ingestion.py for tasks to queue
[2026-06-03T06:24:30.681+0000] {logging_mixin.py:188} INFO - [2026-06-03T06:24:30.680+0000] {dagbag.py:540} INFO - Filling up the DagBag from /opt/airflow/dags/dag_bronze_ingestion.py
[2026-06-03T06:24:30.795+0000] {processor.py:840} INFO - DAG(s) 'neuralretail_bronze_ingestion' retrieved from /opt/airflow/dags/dag_bronze_ingestion.py
[2026-06-03T06:24:30.831+0000] {logging_mixin.py:188} INFO - [2026-06-03T06:24:30.831+0000] {dag.py:3096} INFO - Sync 1 DAGs
[2026-06-03T06:24:30.864+0000] {logging_mixin.py:188} INFO - [2026-06-03T06:24:30.864+0000] {dag.py:3954} INFO - Setting next_dagrun for neuralretail_bronze_ingestion to 2026-06-02 02:00:00+00:00, run_after=2026-06-03 02:00:00+00:00
[2026-06-03T06:24:30.894+0000] {processor.py:183} INFO - Processing /opt/airflow/dags/dag_bronze_ingestion.py took 0.242 seconds
[2026-06-03T06:25:01.777+0000] {processor.py:161} INFO - Started process (PID=1225) to work on /opt/airflow/dags/dag_bronze_ingestion.py
[2026-06-03T06:25:01.787+0000] {processor.py:830} INFO - Processing file /opt/airflow/dags/dag_bronze_ingestion.py for tasks to queue
[2026-06-03T06:25:01.793+0000] {logging_mixin.py:188} INFO - [2026-06-03T06:25:01.793+0000] {dagbag.py:540} INFO - Filling up the DagBag from /opt/airflow/dags/dag_bronze_ingestion.py
[2026-06-03T06:25:01.959+0000] {processor.py:840} INFO - DAG(s) 'neuralretail_bronze_ingestion' retrieved from /opt/airflow/dags/dag_bronze_ingestion.py
[2026-06-03T06:25:02.020+0000] {logging_mixin.py:188} INFO - [2026-06-03T06:25:02.019+0000] {dag.py:3096} INFO - Sync 1 DAGs
[2026-06-03T06:25:02.050+0000] {logging_mixin.py:188} INFO - [2026-06-03T06:25:02.050+0000] {dag.py:3954} INFO - Setting next_dagrun for neuralretail_bronze_ingestion to 2026-06-02 02:00:00+00:00, run_after=2026-06-03 02:00:00+00:00
[2026-06-03T06:25:02.080+0000] {processor.py:183} INFO - Processing /opt/airflow/dags/dag_bronze_ingestion.py took 0.311 seconds
[2026-06-03T06:25:33.467+0000] {processor.py:161} INFO - Started process (PID=1245) to work on /opt/airflow/dags/dag_bronze_ingestion.py
[2026-06-03T06:25:33.490+0000] {processor.py:830} INFO - Processing file /opt/airflow/dags/dag_bronze_ingestion.py for tasks to queue
[2026-06-03T06:25:33.498+0000] {logging_mixin.py:188} INFO - [2026-06-03T06:25:33.498+0000] {dagbag.py:540} INFO - Filling up the DagBag from /opt/airflow/dags/dag_bronze_ingestion.py
[2026-06-03T06:25:34.005+0000] {processor.py:840} INFO - DAG(s) 'neuralretail_bronze_ingestion' retrieved from /opt/airflow/dags/dag_bronze_ingestion.py
[2026-06-03T06:25:34.070+0000] {logging_mixin.py:188} INFO - [2026-06-03T06:25:34.069+0000] {dag.py:3096} INFO - Sync 1 DAGs
[2026-06-03T06:25:34.117+0000] {logging_mixin.py:188} INFO - [2026-06-03T06:25:34.117+0000] {dag.py:3954} INFO - Setting next_dagrun for neuralretail_bronze_ingestion to 2026-06-02 02:00:00+00:00, run_after=2026-06-03 02:00:00+00:00
[2026-06-03T06:25:34.159+0000] {processor.py:183} INFO - Processing /opt/airflow/dags/dag_bronze_ingestion.py took 0.705 seconds
[2026-06-03T06:26:05.147+0000] {processor.py:161} INFO - Started process (PID=1265) to work on /opt/airflow/dags/dag_bronze_ingestion.py
[2026-06-03T06:26:05.151+0000] {processor.py:830} INFO - Processing file /opt/airflow/dags/dag_bronze_ingestion.py for tasks to queue
[2026-06-03T06:26:05.157+0000] {logging_mixin.py:188} INFO - [2026-06-03T06:26:05.156+0000] {dagbag.py:540} INFO - Filling up the DagBag from /opt/airflow/dags/dag_bronze_ingestion.py
[2026-06-03T06:26:05.452+0000] {processor.py:840} INFO - DAG(s) 'neuralretail_bronze_ingestion' retrieved from /opt/airflow/dags/dag_bronze_ingestion.py
[2026-06-03T06:26:05.499+0000] {logging_mixin.py:188} INFO - [2026-06-03T06:26:05.499+0000] {dag.py:3096} INFO - Sync 1 DAGs
[2026-06-03T06:26:05.573+0000] {logging_mixin.py:188} INFO - [2026-06-03T06:26:05.572+0000] {dag.py:3954} INFO - Setting next_dagrun for neuralretail_bronze_ingestion to 2026-06-02 02:00:00+00:00, run_after=2026-06-03 02:00:00+00:00
[2026-06-03T06:26:05.714+0000] {processor.py:183} INFO - Processing /opt/airflow/dags/dag_bronze_ingestion.py took 0.575 seconds
[2026-06-03T06:26:36.232+0000] {processor.py:161} INFO - Started process (PID=1282) to work on /opt/airflow/dags/dag_bronze_ingestion.py
[2026-06-03T06:26:36.235+0000] {processor.py:830} INFO - Processing file /opt/airflow/dags/dag_bronze_ingestion.py for tasks to queue
[2026-06-03T06:26:36.238+0000] {logging_mixin.py:188} INFO - [2026-06-03T06:26:36.237+0000] {dagbag.py:540} INFO - Filling up the DagBag from /opt/airflow/dags/dag_bronze_ingestion.py
[2026-06-03T06:26:36.343+0000] {processor.py:840} INFO - DAG(s) 'neuralretail_bronze_ingestion' retrieved from /opt/airflow/dags/dag_bronze_ingestion.py
[2026-06-03T06:26:36.387+0000] {logging_mixin.py:188} INFO - [2026-06-03T06:26:36.386+0000] {dag.py:3096} INFO - Sync 1 DAGs
[2026-06-03T06:26:36.420+0000] {logging_mixin.py:188} INFO - [2026-06-03T06:26:36.420+0000] {dag.py:3954} INFO - Setting next_dagrun for neuralretail_bronze_ingestion to 2026-06-02 02:00:00+00:00, run_after=2026-06-03 02:00:00+00:00
[2026-06-03T06:26:36.468+0000] {processor.py:183} INFO - Processing /opt/airflow/dags/dag_bronze_ingestion.py took 0.244 seconds
[2026-06-03T06:27:07.415+0000] {processor.py:161} INFO - Started process (PID=1305) to work on /opt/airflow/dags/dag_bronze_ingestion.py
[2026-06-03T06:27:07.417+0000] {processor.py:830} INFO - Processing file /opt/airflow/dags/dag_bronze_ingestion.py for tasks to queue
[2026-06-03T06:27:07.422+0000] {logging_mixin.py:188} INFO - [2026-06-03T06:27:07.421+0000] {dagbag.py:540} INFO - Filling up the DagBag from /opt/airflow/dags/dag_bronze_ingestion.py
[2026-06-03T06:27:07.493+0000] {processor.py:840} INFO - DAG(s) 'neuralretail_bronze_ingestion' retrieved from /opt/airflow/dags/dag_bronze_ingestion.py
[2026-06-03T06:27:07.524+0000] {logging_mixin.py:188} INFO - [2026-06-03T06:27:07.524+0000] {dag.py:3096} INFO - Sync 1 DAGs
[2026-06-03T06:27:07.548+0000] {logging_mixin.py:188} INFO - [2026-06-03T06:27:07.548+0000] {dag.py:3954} INFO - Setting next_dagrun for neuralretail_bronze_ingestion to 2026-06-02 02:00:00+00:00, run_after=2026-06-03 02:00:00+00:00
[2026-06-03T06:27:07.596+0000] {processor.py:183} INFO - Processing /opt/airflow/dags/dag_bronze_ingestion.py took 0.189 seconds
[2026-06-03T06:27:38.038+0000] {processor.py:161} INFO - Started process (PID=1325) to work on /opt/airflow/dags/dag_bronze_ingestion.py
[2026-06-03T06:27:38.043+0000] {processor.py:830} INFO - Processing file /opt/airflow/dags/dag_bronze_ingestion.py for tasks to queue
[2026-06-03T06:27:38.056+0000] {logging_mixin.py:188} INFO - [2026-06-03T06:27:38.056+0000] {dagbag.py:540} INFO - Filling up the DagBag from /opt/airflow/dags/dag_bronze_ingestion.py
[2026-06-03T06:27:38.132+0000] {processor.py:840} INFO - DAG(s) 'neuralretail_bronze_ingestion' retrieved from /opt/airflow/dags/dag_bronze_ingestion.py
[2026-06-03T06:27:38.166+0000] {logging_mixin.py:188} INFO - [2026-06-03T06:27:38.165+0000] {dag.py:3096} INFO - Sync 1 DAGs
[2026-06-03T06:27:38.202+0000] {logging_mixin.py:188} INFO - [2026-06-03T06:27:38.202+0000] {dag.py:3954} INFO - Setting next_dagrun for neuralretail_bronze_ingestion to 2026-06-02 02:00:00+00:00, run_after=2026-06-03 02:00:00+00:00
[2026-06-03T06:27:38.231+0000] {processor.py:183} INFO - Processing /opt/airflow/dags/dag_bronze_ingestion.py took 0.210 seconds
[2026-06-03T06:28:08.509+0000] {processor.py:161} INFO - Started process (PID=1342) to work on /opt/airflow/dags/dag_bronze_ingestion.py
[2026-06-03T06:28:08.513+0000] {processor.py:830} INFO - Processing file /opt/airflow/dags/dag_bronze_ingestion.py for tasks to queue
[2026-06-03T06:28:08.518+0000] {logging_mixin.py:188} INFO - [2026-06-03T06:28:08.517+0000] {dagbag.py:540} INFO - Filling up the DagBag from /opt/airflow/dags/dag_bronze_ingestion.py
[2026-06-03T06:28:08.605+0000] {processor.py:840} INFO - DAG(s) 'neuralretail_bronze_ingestion' retrieved from /opt/airflow/dags/dag_bronze_ingestion.py
[2026-06-03T06:28:08.637+0000] {logging_mixin.py:188} INFO - [2026-06-03T06:28:08.636+0000] {dag.py:3096} INFO - Sync 1 DAGs
[2026-06-03T06:28:08.675+0000] {logging_mixin.py:188} INFO - [2026-06-03T06:28:08.675+0000] {dag.py:3954} INFO - Setting next_dagrun for neuralretail_bronze_ingestion to 2026-06-02 02:00:00+00:00, run_after=2026-06-03 02:00:00+00:00
[2026-06-03T06:28:08.816+0000] {processor.py:183} INFO - Processing /opt/airflow/dags/dag_bronze_ingestion.py took 0.313 seconds
[2026-06-03T06:28:39.887+0000] {processor.py:161} INFO - Started process (PID=1365) to work on /opt/airflow/dags/dag_bronze_ingestion.py
[2026-06-03T06:28:39.890+0000] {processor.py:830} INFO - Processing file /opt/airflow/dags/dag_bronze_ingestion.py for tasks to queue
[2026-06-03T06:28:39.903+0000] {logging_mixin.py:188} INFO - [2026-06-03T06:28:39.902+0000] {dagbag.py:540} INFO - Filling up the DagBag from /opt/airflow/dags/dag_bronze_ingestion.py
[2026-06-03T06:28:40.002+0000] {processor.py:840} INFO - DAG(s) 'neuralretail_bronze_ingestion' retrieved from /opt/airflow/dags/dag_bronze_ingestion.py
[2026-06-03T06:28:40.047+0000] {logging_mixin.py:188} INFO - [2026-06-03T06:28:40.047+0000] {dag.py:3096} INFO - Sync 1 DAGs
[2026-06-03T06:28:40.095+0000] {logging_mixin.py:188} INFO - [2026-06-03T06:28:40.095+0000] {dag.py:3954} INFO - Setting next_dagrun for neuralretail_bronze_ingestion to 2026-06-02 02:00:00+00:00, run_after=2026-06-03 02:00:00+00:00
[2026-06-03T06:28:40.243+0000] {processor.py:183} INFO - Processing /opt/airflow/dags/dag_bronze_ingestion.py took 0.366 seconds
[2026-06-03T06:29:10.780+0000] {processor.py:161} INFO - Started process (PID=1385) to work on /opt/airflow/dags/dag_bronze_ingestion.py
[2026-06-03T06:29:10.791+0000] {processor.py:830} INFO - Processing file /opt/airflow/dags/dag_bronze_ingestion.py for tasks to queue
[2026-06-03T06:29:10.797+0000] {logging_mixin.py:188} INFO - [2026-06-03T06:29:10.797+0000] {dagbag.py:540} INFO - Filling up the DagBag from /opt/airflow/dags/dag_bronze_ingestion.py
[2026-06-03T06:29:10.862+0000] {processor.py:840} INFO - DAG(s) 'neuralretail_bronze_ingestion' retrieved from /opt/airflow/dags/dag_bronze_ingestion.py
[2026-06-03T06:29:10.896+0000] {logging_mixin.py:188} INFO - [2026-06-03T06:29:10.896+0000] {dag.py:3096} INFO - Sync 1 DAGs
[2026-06-03T06:29:10.930+0000] {logging_mixin.py:188} INFO - [2026-06-03T06:29:10.929+0000] {dag.py:3954} INFO - Setting next_dagrun for neuralretail_bronze_ingestion to 2026-06-02 02:00:00+00:00, run_after=2026-06-03 02:00:00+00:00
[2026-06-03T06:29:11.051+0000] {processor.py:183} INFO - Processing /opt/airflow/dags/dag_bronze_ingestion.py took 0.280 seconds
[2026-06-03T06:29:41.888+0000] {processor.py:161} INFO - Started process (PID=1405) to work on /opt/airflow/dags/dag_bronze_ingestion.py
[2026-06-03T06:29:41.893+0000] {processor.py:830} INFO - Processing file /opt/airflow/dags/dag_bronze_ingestion.py for tasks to queue
[2026-06-03T06:29:41.897+0000] {logging_mixin.py:188} INFO - [2026-06-03T06:29:41.897+0000] {dagbag.py:540} INFO - Filling up the DagBag from /opt/airflow/dags/dag_bronze_ingestion.py
[2026-06-03T06:29:41.989+0000] {processor.py:840} INFO - DAG(s) 'neuralretail_bronze_ingestion' retrieved from /opt/airflow/dags/dag_bronze_ingestion.py
[2026-06-03T06:29:42.018+0000] {logging_mixin.py:188} INFO - [2026-06-03T06:29:42.018+0000] {dag.py:3096} INFO - Sync 1 DAGs
[2026-06-03T06:29:42.050+0000] {logging_mixin.py:188} INFO - [2026-06-03T06:29:42.050+0000] {dag.py:3954} INFO - Setting next_dagrun for neuralretail_bronze_ingestion to 2026-06-02 02:00:00+00:00, run_after=2026-06-03 02:00:00+00:00
[2026-06-03T06:29:42.082+0000] {processor.py:183} INFO - Processing /opt/airflow/dags/dag_bronze_ingestion.py took 0.205 seconds
[2026-06-03T06:30:13.678+0000] {processor.py:161} INFO - Started process (PID=1425) to work on /opt/airflow/dags/dag_bronze_ingestion.py
[2026-06-03T06:30:13.696+0000] {processor.py:830} INFO - Processing file /opt/airflow/dags/dag_bronze_ingestion.py for tasks to queue
[2026-06-03T06:30:13.707+0000] {logging_mixin.py:188} INFO - [2026-06-03T06:30:13.706+0000] {dagbag.py:540} INFO - Filling up the DagBag from /opt/airflow/dags/dag_bronze_ingestion.py
[2026-06-03T06:30:14.331+0000] {processor.py:840} INFO - DAG(s) 'neuralretail_bronze_ingestion' retrieved from /opt/airflow/dags/dag_bronze_ingestion.py
[2026-06-03T06:30:14.419+0000] {logging_mixin.py:188} INFO - [2026-06-03T06:30:14.418+0000] {dag.py:3096} INFO - Sync 1 DAGs
[2026-06-03T06:30:14.464+0000] {logging_mixin.py:188} INFO - [2026-06-03T06:30:14.464+0000] {dag.py:3954} INFO - Setting next_dagrun for neuralretail_bronze_ingestion to 2026-06-02 02:00:00+00:00, run_after=2026-06-03 02:00:00+00:00
[2026-06-03T06:30:14.738+0000] {processor.py:183} INFO - Processing /opt/airflow/dags/dag_bronze_ingestion.py took 1.072 seconds
[2026-06-03T06:30:45.901+0000] {processor.py:161} INFO - Started process (PID=1442) to work on /opt/airflow/dags/dag_bronze_ingestion.py
[2026-06-03T06:30:45.911+0000] {processor.py:830} INFO - Processing file /opt/airflow/dags/dag_bronze_ingestion.py for tasks to queue
[2026-06-03T06:30:45.917+0000] {logging_mixin.py:188} INFO - [2026-06-03T06:30:45.916+0000] {dagbag.py:540} INFO - Filling up the DagBag from /opt/airflow/dags/dag_bronze_ingestion.py
[2026-06-03T06:30:46.551+0000] {processor.py:840} INFO - DAG(s) 'neuralretail_bronze_ingestion' retrieved from /opt/airflow/dags/dag_bronze_ingestion.py
[2026-06-03T06:30:46.584+0000] {logging_mixin.py:188} INFO - [2026-06-03T06:30:46.584+0000] {dag.py:3096} INFO - Sync 1 DAGs
[2026-06-03T06:30:46.608+0000] {logging_mixin.py:188} INFO - [2026-06-03T06:30:46.608+0000] {dag.py:3954} INFO - Setting next_dagrun for neuralretail_bronze_ingestion to 2026-06-02 02:00:00+00:00, run_after=2026-06-03 02:00:00+00:00
[2026-06-03T06:30:46.653+0000] {processor.py:183} INFO - Processing /opt/airflow/dags/dag_bronze_ingestion.py took 0.764 seconds
[2026-06-03T06:31:17.834+0000] {processor.py:161} INFO - Started process (PID=1465) to work on /opt/airflow/dags/dag_bronze_ingestion.py
[2026-06-03T06:31:17.845+0000] {processor.py:830} INFO - Processing file /opt/airflow/dags/dag_bronze_ingestion.py for tasks to queue
[2026-06-03T06:31:17.865+0000] {logging_mixin.py:188} INFO - [2026-06-03T06:31:17.864+0000] {dagbag.py:540} INFO - Filling up the DagBag from /opt/airflow/dags/dag_bronze_ingestion.py
[2026-06-03T06:31:18.095+0000] {processor.py:840} INFO - DAG(s) 'neuralretail_bronze_ingestion' retrieved from /opt/airflow/dags/dag_bronze_ingestion.py
[2026-06-03T06:31:18.128+0000] {logging_mixin.py:188} INFO - [2026-06-03T06:31:18.127+0000] {dag.py:3096} INFO - Sync 1 DAGs
[2026-06-03T06:31:18.174+0000] {logging_mixin.py:188} INFO - [2026-06-03T06:31:18.174+0000] {dag.py:3954} INFO - Setting next_dagrun for neuralretail_bronze_ingestion to 2026-06-02 02:00:00+00:00, run_after=2026-06-03 02:00:00+00:00
[2026-06-03T06:31:18.247+0000] {processor.py:183} INFO - Processing /opt/airflow/dags/dag_bronze_ingestion.py took 0.422 seconds
[2026-06-03T06:31:49.022+0000] {processor.py:161} INFO - Started process (PID=1482) to work on /opt/airflow/dags/dag_bronze_ingestion.py
[2026-06-03T06:31:49.044+0000] {processor.py:830} INFO - Processing file /opt/airflow/dags/dag_bronze_ingestion.py for tasks to queue
[2026-06-03T06:31:49.054+0000] {logging_mixin.py:188} INFO - [2026-06-03T06:31:49.054+0000] {dagbag.py:540} INFO - Filling up the DagBag from /opt/airflow/dags/dag_bronze_ingestion.py
[2026-06-03T06:31:49.391+0000] {processor.py:840} INFO - DAG(s) 'neuralretail_bronze_ingestion' retrieved from /opt/airflow/dags/dag_bronze_ingestion.py
[2026-06-03T06:31:49.437+0000] {logging_mixin.py:188} INFO - [2026-06-03T06:31:49.437+0000] {dag.py:3096} INFO - Sync 1 DAGs
[2026-06-03T06:31:49.483+0000] {logging_mixin.py:188} INFO - [2026-06-03T06:31:49.483+0000] {dag.py:3954} INFO - Setting next_dagrun for neuralretail_bronze_ingestion to 2026-06-02 02:00:00+00:00, run_after=2026-06-03 02:00:00+00:00
[2026-06-03T06:31:49.575+0000] {processor.py:183} INFO - Processing /opt/airflow/dags/dag_bronze_ingestion.py took 0.565 seconds
[2026-06-03T06:32:20.629+0000] {processor.py:161} INFO - Started process (PID=1502) to work on /opt/airflow/dags/dag_bronze_ingestion.py
[2026-06-03T06:32:20.664+0000] {processor.py:830} INFO - Processing file /opt/airflow/dags/dag_bronze_ingestion.py for tasks to queue
[2026-06-03T06:32:20.688+0000] {logging_mixin.py:188} INFO - [2026-06-03T06:32:20.687+0000] {dagbag.py:540} INFO - Filling up the DagBag from /opt/airflow/dags/dag_bronze_ingestion.py
[2026-06-03T06:32:21.042+0000] {processor.py:840} INFO - DAG(s) 'neuralretail_bronze_ingestion' retrieved from /opt/airflow/dags/dag_bronze_ingestion.py
[2026-06-03T06:32:21.093+0000] {logging_mixin.py:188} INFO - [2026-06-03T06:32:21.092+0000] {dag.py:3096} INFO - Sync 1 DAGs
[2026-06-03T06:32:21.148+0000] {logging_mixin.py:188} INFO - [2026-06-03T06:32:21.148+0000] {dag.py:3954} INFO - Setting next_dagrun for neuralretail_bronze_ingestion to 2026-06-02 02:00:00+00:00, run_after=2026-06-03 02:00:00+00:00
[2026-06-03T06:32:21.208+0000] {processor.py:183} INFO - Processing /opt/airflow/dags/dag_bronze_ingestion.py took 0.587 seconds
[2026-06-03T06:32:51.982+0000] {processor.py:161} INFO - Started process (PID=1522) to work on /opt/airflow/dags/dag_bronze_ingestion.py
[2026-06-03T06:32:51.984+0000] {processor.py:830} INFO - Processing file /opt/airflow/dags/dag_bronze_ingestion.py for tasks to queue
[2026-06-03T06:32:51.993+0000] {logging_mixin.py:188} INFO - [2026-06-03T06:32:51.992+0000] {dagbag.py:540} INFO - Filling up the DagBag from /opt/airflow/dags/dag_bronze_ingestion.py
[2026-06-03T06:32:52.124+0000] {processor.py:840} INFO - DAG(s) 'neuralretail_bronze_ingestion' retrieved from /opt/airflow/dags/dag_bronze_ingestion.py
[2026-06-03T06:32:52.173+0000] {logging_mixin.py:188} INFO - [2026-06-03T06:32:52.173+0000] {dag.py:3096} INFO - Sync 1 DAGs
[2026-06-03T06:32:52.201+0000] {logging_mixin.py:188} INFO - [2026-06-03T06:32:52.201+0000] {dag.py:3954} INFO - Setting next_dagrun for neuralretail_bronze_ingestion to 2026-06-02 02:00:00+00:00, run_after=2026-06-03 02:00:00+00:00
[2026-06-03T06:32:52.248+0000] {processor.py:183} INFO - Processing /opt/airflow/dags/dag_bronze_ingestion.py took 0.278 seconds
[2026-06-03T06:33:22.571+0000] {processor.py:161} INFO - Started process (PID=1542) to work on /opt/airflow/dags/dag_bronze_ingestion.py
[2026-06-03T06:33:22.575+0000] {processor.py:830} INFO - Processing file /opt/airflow/dags/dag_bronze_ingestion.py for tasks to queue
[2026-06-03T06:33:22.580+0000] {logging_mixin.py:188} INFO - [2026-06-03T06:33:22.579+0000] {dagbag.py:540} INFO - Filling up the DagBag from /opt/airflow/dags/dag_bronze_ingestion.py
[2026-06-03T06:33:22.700+0000] {processor.py:840} INFO - DAG(s) 'neuralretail_bronze_ingestion' retrieved from /opt/airflow/dags/dag_bronze_ingestion.py
[2026-06-03T06:33:22.757+0000] {logging_mixin.py:188} INFO - [2026-06-03T06:33:22.756+0000] {dag.py:3096} INFO - Sync 1 DAGs
[2026-06-03T06:33:22.818+0000] {logging_mixin.py:188} INFO - [2026-06-03T06:33:22.818+0000] {dag.py:3954} INFO - Setting next_dagrun for neuralretail_bronze_ingestion to 2026-06-02 02:00:00+00:00, run_after=2026-06-03 02:00:00+00:00
[2026-06-03T06:33:22.888+0000] {processor.py:183} INFO - Processing /opt/airflow/dags/dag_bronze_ingestion.py took 0.330 seconds
[2026-06-03T06:33:53.363+0000] {processor.py:161} INFO - Started process (PID=1562) to work on /opt/airflow/dags/dag_bronze_ingestion.py
[2026-06-03T06:33:53.366+0000] {processor.py:830} INFO - Processing file /opt/airflow/dags/dag_bronze_ingestion.py for tasks to queue
[2026-06-03T06:33:53.370+0000] {logging_mixin.py:188} INFO - [2026-06-03T06:33:53.369+0000] {dagbag.py:540} INFO - Filling up the DagBag from /opt/airflow/dags/dag_bronze_ingestion.py
[2026-06-03T06:33:53.514+0000] {processor.py:840} INFO - DAG(s) 'neuralretail_bronze_ingestion' retrieved from /opt/airflow/dags/dag_bronze_ingestion.py
[2026-06-03T06:33:53.578+0000] {logging_mixin.py:188} INFO - [2026-06-03T06:33:53.578+0000] {dag.py:3096} INFO - Sync 1 DAGs
[2026-06-03T06:33:53.626+0000] {logging_mixin.py:188} INFO - [2026-06-03T06:33:53.625+0000] {dag.py:3954} INFO - Setting next_dagrun for neuralretail_bronze_ingestion to 2026-06-02 02:00:00+00:00, run_after=2026-06-03 02:00:00+00:00
[2026-06-03T06:33:53.672+0000] {processor.py:183} INFO - Processing /opt/airflow/dags/dag_bronze_ingestion.py took 0.325 seconds
[2026-06-03T06:34:23.993+0000] {processor.py:161} INFO - Started process (PID=1582) to work on /opt/airflow/dags/dag_bronze_ingestion.py
[2026-06-03T06:34:23.995+0000] {processor.py:830} INFO - Processing file /opt/airflow/dags/dag_bronze_ingestion.py for tasks to queue
[2026-06-03T06:34:23.999+0000] {logging_mixin.py:188} INFO - [2026-06-03T06:34:23.998+0000] {dagbag.py:540} INFO - Filling up the DagBag from /opt/airflow/dags/dag_bronze_ingestion.py
[2026-06-03T06:34:24.123+0000] {processor.py:840} INFO - DAG(s) 'neuralretail_bronze_ingestion' retrieved from /opt/airflow/dags/dag_bronze_ingestion.py
[2026-06-03T06:34:24.172+0000] {logging_mixin.py:188} INFO - [2026-06-03T06:34:24.172+0000] {dag.py:3096} INFO - Sync 1 DAGs
[2026-06-03T06:34:24.215+0000] {logging_mixin.py:188} INFO - [2026-06-03T06:34:24.215+0000] {dag.py:3954} INFO - Setting next_dagrun for neuralretail_bronze_ingestion to 2026-06-02 02:00:00+00:00, run_after=2026-06-03 02:00:00+00:00
[2026-06-03T06:34:24.266+0000] {processor.py:183} INFO - Processing /opt/airflow/dags/dag_bronze_ingestion.py took 0.280 seconds
[2026-06-03T06:34:55.846+0000] {processor.py:161} INFO - Started process (PID=1605) to work on /opt/airflow/dags/dag_bronze_ingestion.py
[2026-06-03T06:34:55.858+0000] {processor.py:830} INFO - Processing file /opt/airflow/dags/dag_bronze_ingestion.py for tasks to queue
[2026-06-03T06:34:55.875+0000] {logging_mixin.py:188} INFO - [2026-06-03T06:34:55.875+0000] {dagbag.py:540} INFO - Filling up the DagBag from /opt/airflow/dags/dag_bronze_ingestion.py
[2026-06-03T06:34:56.370+0000] {processor.py:840} INFO - DAG(s) 'neuralretail_bronze_ingestion' retrieved from /opt/airflow/dags/dag_bronze_ingestion.py
[2026-06-03T06:34:56.427+0000] {logging_mixin.py:188} INFO - [2026-06-03T06:34:56.426+0000] {dag.py:3096} INFO - Sync 1 DAGs
[2026-06-03T06:34:56.491+0000] {logging_mixin.py:188} INFO - [2026-06-03T06:34:56.491+0000] {dag.py:3954} INFO - Setting next_dagrun for neuralretail_bronze_ingestion to 2026-06-02 02:00:00+00:00, run_after=2026-06-03 02:00:00+00:00
[2026-06-03T06:34:56.549+0000] {processor.py:183} INFO - Processing /opt/airflow/dags/dag_bronze_ingestion.py took 0.717 seconds
[2026-06-03T06:35:27.073+0000] {processor.py:161} INFO - Started process (PID=1625) to work on /opt/airflow/dags/dag_bronze_ingestion.py
[2026-06-03T06:35:27.077+0000] {processor.py:830} INFO - Processing file /opt/airflow/dags/dag_bronze_ingestion.py for tasks to queue
[2026-06-03T06:35:27.083+0000] {logging_mixin.py:188} INFO - [2026-06-03T06:35:27.083+0000] {dagbag.py:540} INFO - Filling up the DagBag from /opt/airflow/dags/dag_bronze_ingestion.py
[2026-06-03T06:35:27.254+0000] {processor.py:840} INFO - DAG(s) 'neuralretail_bronze_ingestion' retrieved from /opt/airflow/dags/dag_bronze_ingestion.py
[2026-06-03T06:35:27.285+0000] {logging_mixin.py:188} INFO - [2026-06-03T06:35:27.285+0000] {dag.py:3096} INFO - Sync 1 DAGs
[2026-06-03T06:35:27.329+0000] {logging_mixin.py:188} INFO - [2026-06-03T06:35:27.329+0000] {dag.py:3954} INFO - Setting next_dagrun for neuralretail_bronze_ingestion to 2026-06-02 02:00:00+00:00, run_after=2026-06-03 02:00:00+00:00
[2026-06-03T06:35:27.399+0000] {processor.py:183} INFO - Processing /opt/airflow/dags/dag_bronze_ingestion.py took 0.338 seconds
[2026-06-03T06:35:58.103+0000] {processor.py:161} INFO - Started process (PID=1645) to work on /opt/airflow/dags/dag_bronze_ingestion.py
[2026-06-03T06:35:58.107+0000] {processor.py:830} INFO - Processing file /opt/airflow/dags/dag_bronze_ingestion.py for tasks to queue
[2026-06-03T06:35:58.117+0000] {logging_mixin.py:188} INFO - [2026-06-03T06:35:58.117+0000] {dagbag.py:540} INFO - Filling up the DagBag from /opt/airflow/dags/dag_bronze_ingestion.py
[2026-06-03T06:35:58.276+0000] {processor.py:840} INFO - DAG(s) 'neuralretail_bronze_ingestion' retrieved from /opt/airflow/dags/dag_bronze_ingestion.py
[2026-06-03T06:35:58.319+0000] {logging_mixin.py:188} INFO - [2026-06-03T06:35:58.318+0000] {dag.py:3096} INFO - Sync 1 DAGs
[2026-06-03T06:35:58.365+0000] {logging_mixin.py:188} INFO - [2026-06-03T06:35:58.365+0000] {dag.py:3954} INFO - Setting next_dagrun for neuralretail_bronze_ingestion to 2026-06-02 02:00:00+00:00, run_after=2026-06-03 02:00:00+00:00
[2026-06-03T06:35:58.408+0000] {processor.py:183} INFO - Processing /opt/airflow/dags/dag_bronze_ingestion.py took 0.320 seconds
[2026-06-03T06:36:28.913+0000] {processor.py:161} INFO - Started process (PID=1665) to work on /opt/airflow/dags/dag_bronze_ingestion.py
[2026-06-03T06:36:28.918+0000] {processor.py:830} INFO - Processing file /opt/airflow/dags/dag_bronze_ingestion.py for tasks to queue
[2026-06-03T06:36:28.924+0000] {logging_mixin.py:188} INFO - [2026-06-03T06:36:28.923+0000] {dagbag.py:540} INFO - Filling up the DagBag from /opt/airflow/dags/dag_bronze_ingestion.py
[2026-06-03T06:36:29.012+0000] {processor.py:840} INFO - DAG(s) 'neuralretail_bronze_ingestion' retrieved from /opt/airflow/dags/dag_bronze_ingestion.py
[2026-06-03T06:36:29.037+0000] {logging_mixin.py:188} INFO - [2026-06-03T06:36:29.037+0000] {dag.py:3096} INFO - Sync 1 DAGs
[2026-06-03T06:36:29.067+0000] {logging_mixin.py:188} INFO - [2026-06-03T06:36:29.066+0000] {dag.py:3954} INFO - Setting next_dagrun for neuralretail_bronze_ingestion to 2026-06-02 02:00:00+00:00, run_after=2026-06-03 02:00:00+00:00
[2026-06-03T06:36:29.103+0000] {processor.py:183} INFO - Processing /opt/airflow/dags/dag_bronze_ingestion.py took 0.204 seconds
[2026-06-03T06:37:00.365+0000] {processor.py:161} INFO - Started process (PID=1685) to work on /opt/airflow/dags/dag_bronze_ingestion.py
[2026-06-03T06:37:00.372+0000] {processor.py:830} INFO - Processing file /opt/airflow/dags/dag_bronze_ingestion.py for tasks to queue
[2026-06-03T06:37:00.376+0000] {logging_mixin.py:188} INFO - [2026-06-03T06:37:00.376+0000] {dagbag.py:540} INFO - Filling up the DagBag from /opt/airflow/dags/dag_bronze_ingestion.py
[2026-06-03T06:37:00.488+0000] {processor.py:840} INFO - DAG(s) 'neuralretail_bronze_ingestion' retrieved from /opt/airflow/dags/dag_bronze_ingestion.py
[2026-06-03T06:37:00.519+0000] {logging_mixin.py:188} INFO - [2026-06-03T06:37:00.519+0000] {dag.py:3096} INFO - Sync 1 DAGs
[2026-06-03T06:37:00.562+0000] {logging_mixin.py:188} INFO - [2026-06-03T06:37:00.562+0000] {dag.py:3954} INFO - Setting next_dagrun for neuralretail_bronze_ingestion to 2026-06-02 02:00:00+00:00, run_after=2026-06-03 02:00:00+00:00
[2026-06-03T06:37:00.632+0000] {processor.py:183} INFO - Processing /opt/airflow/dags/dag_bronze_ingestion.py took 0.273 seconds
[2026-06-03T06:37:30.901+0000] {processor.py:161} INFO - Started process (PID=1705) to work on /opt/airflow/dags/dag_bronze_ingestion.py
[2026-06-03T06:37:30.913+0000] {processor.py:830} INFO - Processing file /opt/airflow/dags/dag_bronze_ingestion.py for tasks to queue
[2026-06-03T06:37:30.918+0000] {logging_mixin.py:188} INFO - [2026-06-03T06:37:30.918+0000] {dagbag.py:540} INFO - Filling up the DagBag from /opt/airflow/dags/dag_bronze_ingestion.py
[2026-06-03T06:37:30.996+0000] {processor.py:840} INFO - DAG(s) 'neuralretail_bronze_ingestion' retrieved from /opt/airflow/dags/dag_bronze_ingestion.py
[2026-06-03T06:37:31.036+0000] {logging_mixin.py:188} INFO - [2026-06-03T06:37:31.036+0000] {dag.py:3096} INFO - Sync 1 DAGs
[2026-06-03T06:37:31.079+0000] {logging_mixin.py:188} INFO - [2026-06-03T06:37:31.078+0000] {dag.py:3954} INFO - Setting next_dagrun for neuralretail_bronze_ingestion to 2026-06-02 02:00:00+00:00, run_after=2026-06-03 02:00:00+00:00
[2026-06-03T06:37:31.113+0000] {processor.py:183} INFO - Processing /opt/airflow/dags/dag_bronze_ingestion.py took 0.222 seconds
[2026-06-03T06:38:02.193+0000] {processor.py:161} INFO - Started process (PID=1725) to work on /opt/airflow/dags/dag_bronze_ingestion.py
[2026-06-03T06:38:02.200+0000] {processor.py:830} INFO - Processing file /opt/airflow/dags/dag_bronze_ingestion.py for tasks to queue
[2026-06-03T06:38:02.208+0000] {logging_mixin.py:188} INFO - [2026-06-03T06:38:02.207+0000] {dagbag.py:540} INFO - Filling up the DagBag from /opt/airflow/dags/dag_bronze_ingestion.py
[2026-06-03T06:38:02.742+0000] {processor.py:840} INFO - DAG(s) 'neuralretail_bronze_ingestion' retrieved from /opt/airflow/dags/dag_bronze_ingestion.py
[2026-06-03T06:38:02.795+0000] {logging_mixin.py:188} INFO - [2026-06-03T06:38:02.795+0000] {dag.py:3096} INFO - Sync 1 DAGs
[2026-06-03T06:38:02.830+0000] {logging_mixin.py:188} INFO - [2026-06-03T06:38:02.830+0000] {dag.py:3954} INFO - Setting next_dagrun for neuralretail_bronze_ingestion to 2026-06-02 02:00:00+00:00, run_after=2026-06-03 02:00:00+00:00
[2026-06-03T06:38:02.942+0000] {processor.py:183} INFO - Processing /opt/airflow/dags/dag_bronze_ingestion.py took 0.758 seconds
[2026-06-03T06:38:33.979+0000] {processor.py:161} INFO - Started process (PID=1745) to work on /opt/airflow/dags/dag_bronze_ingestion.py
[2026-06-03T06:38:33.981+0000] {processor.py:830} INFO - Processing file /opt/airflow/dags/dag_bronze_ingestion.py for tasks to queue
[2026-06-03T06:38:33.986+0000] {logging_mixin.py:188} INFO - [2026-06-03T06:38:33.985+0000] {dagbag.py:540} INFO - Filling up the DagBag from /opt/airflow/dags/dag_bronze_ingestion.py
[2026-06-03T06:38:34.049+0000] {processor.py:840} INFO - DAG(s) 'neuralretail_bronze_ingestion' retrieved from /opt/airflow/dags/dag_bronze_ingestion.py
[2026-06-03T06:38:34.099+0000] {logging_mixin.py:188} INFO - [2026-06-03T06:38:34.098+0000] {dag.py:3096} INFO - Sync 1 DAGs
[2026-06-03T06:38:34.123+0000] {logging_mixin.py:188} INFO - [2026-06-03T06:38:34.123+0000] {dag.py:3954} INFO - Setting next_dagrun for neuralretail_bronze_ingestion to 2026-06-02 02:00:00+00:00, run_after=2026-06-03 02:00:00+00:00
[2026-06-03T06:38:34.144+0000] {processor.py:183} INFO - Processing /opt/airflow/dags/dag_bronze_ingestion.py took 0.171 seconds
[2026-06-03T06:39:04.499+0000] {processor.py:161} INFO - Started process (PID=1765) to work on /opt/airflow/dags/dag_bronze_ingestion.py
[2026-06-03T06:39:04.505+0000] {processor.py:830} INFO - Processing file /opt/airflow/dags/dag_bronze_ingestion.py for tasks to queue
[2026-06-03T06:39:04.515+0000] {logging_mixin.py:188} INFO - [2026-06-03T06:39:04.514+0000] {dagbag.py:540} INFO - Filling up the DagBag from /opt/airflow/dags/dag_bronze_ingestion.py
[2026-06-03T06:39:04.664+0000] {processor.py:840} INFO - DAG(s) 'neuralretail_bronze_ingestion' retrieved from /opt/airflow/dags/dag_bronze_ingestion.py
[2026-06-03T06:39:04.701+0000] {logging_mixin.py:188} INFO - [2026-06-03T06:39:04.701+0000] {dag.py:3096} INFO - Sync 1 DAGs
[2026-06-03T06:39:04.731+0000] {logging_mixin.py:188} INFO - [2026-06-03T06:39:04.731+0000] {dag.py:3954} INFO - Setting next_dagrun for neuralretail_bronze_ingestion to 2026-06-02 02:00:00+00:00, run_after=2026-06-03 02:00:00+00:00
[2026-06-03T06:39:04.764+0000] {processor.py:183} INFO - Processing /opt/airflow/dags/dag_bronze_ingestion.py took 0.279 seconds
[2026-06-03T06:39:35.359+0000] {processor.py:161} INFO - Started process (PID=1785) to work on /opt/airflow/dags/dag_bronze_ingestion.py
[2026-06-03T06:39:35.362+0000] {processor.py:830} INFO - Processing file /opt/airflow/dags/dag_bronze_ingestion.py for tasks to queue
[2026-06-03T06:39:35.368+0000] {logging_mixin.py:188} INFO - [2026-06-03T06:39:35.367+0000] {dagbag.py:540} INFO - Filling up the DagBag from /opt/airflow/dags/dag_bronze_ingestion.py
[2026-06-03T06:39:35.476+0000] {processor.py:840} INFO - DAG(s) 'neuralretail_bronze_ingestion' retrieved from /opt/airflow/dags/dag_bronze_ingestion.py
[2026-06-03T06:39:35.516+0000] {logging_mixin.py:188} INFO - [2026-06-03T06:39:35.516+0000] {dag.py:3096} INFO - Sync 1 DAGs
[2026-06-03T06:39:35.560+0000] {logging_mixin.py:188} INFO - [2026-06-03T06:39:35.560+0000] {dag.py:3954} INFO - Setting next_dagrun for neuralretail_bronze_ingestion to 2026-06-02 02:00:00+00:00, run_after=2026-06-03 02:00:00+00:00
[2026-06-03T06:39:35.593+0000] {processor.py:183} INFO - Processing /opt/airflow/dags/dag_bronze_ingestion.py took 0.246 seconds
[2026-06-03T06:40:06.390+0000] {processor.py:161} INFO - Started process (PID=1805) to work on /opt/airflow/dags/dag_bronze_ingestion.py
[2026-06-03T06:40:06.394+0000] {processor.py:830} INFO - Processing file /opt/airflow/dags/dag_bronze_ingestion.py for tasks to queue
[2026-06-03T06:40:06.398+0000] {logging_mixin.py:188} INFO - [2026-06-03T06:40:06.398+0000] {dagbag.py:540} INFO - Filling up the DagBag from /opt/airflow/dags/dag_bronze_ingestion.py
[2026-06-03T06:40:06.513+0000] {processor.py:840} INFO - DAG(s) 'neuralretail_bronze_ingestion' retrieved from /opt/airflow/dags/dag_bronze_ingestion.py
[2026-06-03T06:40:06.569+0000] {logging_mixin.py:188} INFO - [2026-06-03T06:40:06.569+0000] {dag.py:3096} INFO - Sync 1 DAGs
[2026-06-03T06:40:06.603+0000] {logging_mixin.py:188} INFO - [2026-06-03T06:40:06.603+0000] {dag.py:3954} INFO - Setting next_dagrun for neuralretail_bronze_ingestion to 2026-06-02 02:00:00+00:00, run_after=2026-06-03 02:00:00+00:00
[2026-06-03T06:40:06.641+0000] {processor.py:183} INFO - Processing /opt/airflow/dags/dag_bronze_ingestion.py took 0.258 seconds
[2026-06-03T06:40:37.354+0000] {processor.py:161} INFO - Started process (PID=1825) to work on /opt/airflow/dags/dag_bronze_ingestion.py
[2026-06-03T06:40:37.358+0000] {processor.py:830} INFO - Processing file /opt/airflow/dags/dag_bronze_ingestion.py for tasks to queue
[2026-06-03T06:40:37.365+0000] {logging_mixin.py:188} INFO - [2026-06-03T06:40:37.365+0000] {dagbag.py:540} INFO - Filling up the DagBag from /opt/airflow/dags/dag_bronze_ingestion.py
[2026-06-03T06:40:37.514+0000] {processor.py:840} INFO - DAG(s) 'neuralretail_bronze_ingestion' retrieved from /opt/airflow/dags/dag_bronze_ingestion.py
[2026-06-03T06:40:37.552+0000] {logging_mixin.py:188} INFO - [2026-06-03T06:40:37.551+0000] {dag.py:3096} INFO - Sync 1 DAGs
[2026-06-03T06:40:37.588+0000] {logging_mixin.py:188} INFO - [2026-06-03T06:40:37.588+0000] {dag.py:3954} INFO - Setting next_dagrun for neuralretail_bronze_ingestion to 2026-06-02 02:00:00+00:00, run_after=2026-06-03 02:00:00+00:00
[2026-06-03T06:40:37.623+0000] {processor.py:183} INFO - Processing /opt/airflow/dags/dag_bronze_ingestion.py took 0.279 seconds
[2026-06-03T06:41:08.121+0000] {processor.py:161} INFO - Started process (PID=1845) to work on /opt/airflow/dags/dag_bronze_ingestion.py
[2026-06-03T06:41:08.125+0000] {processor.py:830} INFO - Processing file /opt/airflow/dags/dag_bronze_ingestion.py for tasks to queue
[2026-06-03T06:41:08.131+0000] {logging_mixin.py:188} INFO - [2026-06-03T06:41:08.131+0000] {dagbag.py:540} INFO - Filling up the DagBag from /opt/airflow/dags/dag_bronze_ingestion.py
[2026-06-03T06:41:08.214+0000] {processor.py:840} INFO - DAG(s) 'neuralretail_bronze_ingestion' retrieved from /opt/airflow/dags/dag_bronze_ingestion.py
[2026-06-03T06:41:08.258+0000] {logging_mixin.py:188} INFO - [2026-06-03T06:41:08.258+0000] {dag.py:3096} INFO - Sync 1 DAGs
[2026-06-03T06:41:08.293+0000] {logging_mixin.py:188} INFO - [2026-06-03T06:41:08.292+0000] {dag.py:3954} INFO - Setting next_dagrun for neuralretail_bronze_ingestion to 2026-06-02 02:00:00+00:00, run_after=2026-06-03 02:00:00+00:00
[2026-06-03T06:41:08.331+0000] {processor.py:183} INFO - Processing /opt/airflow/dags/dag_bronze_ingestion.py took 0.218 seconds
[2026-06-03T06:41:38.525+0000] {processor.py:161} INFO - Started process (PID=1862) to work on /opt/airflow/dags/dag_bronze_ingestion.py
[2026-06-03T06:41:38.529+0000] {processor.py:830} INFO - Processing file /opt/airflow/dags/dag_bronze_ingestion.py for tasks to queue
[2026-06-03T06:41:38.532+0000] {logging_mixin.py:188} INFO - [2026-06-03T06:41:38.531+0000] {dagbag.py:540} INFO - Filling up the DagBag from /opt/airflow/dags/dag_bronze_ingestion.py
[2026-06-03T06:41:38.625+0000] {processor.py:840} INFO - DAG(s) 'neuralretail_bronze_ingestion' retrieved from /opt/airflow/dags/dag_bronze_ingestion.py
[2026-06-03T06:41:38.658+0000] {logging_mixin.py:188} INFO - [2026-06-03T06:41:38.658+0000] {dag.py:3096} INFO - Sync 1 DAGs
[2026-06-03T06:41:38.713+0000] {logging_mixin.py:188} INFO - [2026-06-03T06:41:38.712+0000] {dag.py:3954} INFO - Setting next_dagrun for neuralretail_bronze_ingestion to 2026-06-02 02:00:00+00:00, run_after=2026-06-03 02:00:00+00:00
[2026-06-03T06:41:38.779+0000] {processor.py:183} INFO - Processing /opt/airflow/dags/dag_bronze_ingestion.py took 0.268 seconds
[2026-06-03T06:42:09.351+0000] {processor.py:161} INFO - Started process (PID=1885) to work on /opt/airflow/dags/dag_bronze_ingestion.py
[2026-06-03T06:42:09.355+0000] {processor.py:830} INFO - Processing file /opt/airflow/dags/dag_bronze_ingestion.py for tasks to queue
[2026-06-03T06:42:09.360+0000] {logging_mixin.py:188} INFO - [2026-06-03T06:42:09.359+0000] {dagbag.py:540} INFO - Filling up the DagBag from /opt/airflow/dags/dag_bronze_ingestion.py
[2026-06-03T06:42:09.435+0000] {processor.py:840} INFO - DAG(s) 'neuralretail_bronze_ingestion' retrieved from /opt/airflow/dags/dag_bronze_ingestion.py
[2026-06-03T06:42:09.469+0000] {logging_mixin.py:188} INFO - [2026-06-03T06:42:09.469+0000] {dag.py:3096} INFO - Sync 1 DAGs
[2026-06-03T06:42:09.495+0000] {logging_mixin.py:188} INFO - [2026-06-03T06:42:09.494+0000] {dag.py:3954} INFO - Setting next_dagrun for neuralretail_bronze_ingestion to 2026-06-02 02:00:00+00:00, run_after=2026-06-03 02:00:00+00:00
[2026-06-03T06:42:09.520+0000] {processor.py:183} INFO - Processing /opt/airflow/dags/dag_bronze_ingestion.py took 0.182 seconds
[2026-06-03T06:42:40.008+0000] {processor.py:161} INFO - Started process (PID=1905) to work on /opt/airflow/dags/dag_bronze_ingestion.py
[2026-06-03T06:42:40.012+0000] {processor.py:830} INFO - Processing file /opt/airflow/dags/dag_bronze_ingestion.py for tasks to queue
[2026-06-03T06:42:40.025+0000] {logging_mixin.py:188} INFO - [2026-06-03T06:42:40.024+0000] {dagbag.py:540} INFO - Filling up the DagBag from /opt/airflow/dags/dag_bronze_ingestion.py
[2026-06-03T06:42:40.096+0000] {processor.py:840} INFO - DAG(s) 'neuralretail_bronze_ingestion' retrieved from /opt/airflow/dags/dag_bronze_ingestion.py
[2026-06-03T06:42:40.139+0000] {logging_mixin.py:188} INFO - [2026-06-03T06:42:40.139+0000] {dag.py:3096} INFO - Sync 1 DAGs
[2026-06-03T06:42:40.171+0000] {logging_mixin.py:188} INFO - [2026-06-03T06:42:40.170+0000] {dag.py:3954} INFO - Setting next_dagrun for neuralretail_bronze_ingestion to 2026-06-02 02:00:00+00:00, run_after=2026-06-03 02:00:00+00:00
[2026-06-03T06:42:40.196+0000] {processor.py:183} INFO - Processing /opt/airflow/dags/dag_bronze_ingestion.py took 0.198 seconds
[2026-06-03T06:43:11.462+0000] {processor.py:161} INFO - Started process (PID=1925) to work on /opt/airflow/dags/dag_bronze_ingestion.py
[2026-06-03T06:43:11.471+0000] {processor.py:830} INFO - Processing file /opt/airflow/dags/dag_bronze_ingestion.py for tasks to queue
[2026-06-03T06:43:11.482+0000] {logging_mixin.py:188} INFO - [2026-06-03T06:43:11.481+0000] {dagbag.py:540} INFO - Filling up the DagBag from /opt/airflow/dags/dag_bronze_ingestion.py
[2026-06-03T06:43:11.991+0000] {processor.py:840} INFO - DAG(s) 'neuralretail_bronze_ingestion' retrieved from /opt/airflow/dags/dag_bronze_ingestion.py
[2026-06-03T06:43:12.036+0000] {logging_mixin.py:188} INFO - [2026-06-03T06:43:12.035+0000] {dag.py:3096} INFO - Sync 1 DAGs
[2026-06-03T06:43:12.078+0000] {logging_mixin.py:188} INFO - [2026-06-03T06:43:12.077+0000] {dag.py:3954} INFO - Setting next_dagrun for neuralretail_bronze_ingestion to 2026-06-02 02:00:00+00:00, run_after=2026-06-03 02:00:00+00:00
[2026-06-03T06:43:12.161+0000] {processor.py:183} INFO - Processing /opt/airflow/dags/dag_bronze_ingestion.py took 0.709 seconds
[2026-06-03T06:43:43.183+0000] {processor.py:161} INFO - Started process (PID=1945) to work on /opt/airflow/dags/dag_bronze_ingestion.py
[2026-06-03T06:43:43.188+0000] {processor.py:830} INFO - Processing file /opt/airflow/dags/dag_bronze_ingestion.py for tasks to queue
[2026-06-03T06:43:43.193+0000] {logging_mixin.py:188} INFO - [2026-06-03T06:43:43.193+0000] {dagbag.py:540} INFO - Filling up the DagBag from /opt/airflow/dags/dag_bronze_ingestion.py
[2026-06-03T06:43:43.288+0000] {processor.py:840} INFO - DAG(s) 'neuralretail_bronze_ingestion' retrieved from /opt/airflow/dags/dag_bronze_ingestion.py
[2026-06-03T06:43:43.325+0000] {logging_mixin.py:188} INFO - [2026-06-03T06:43:43.325+0000] {dag.py:3096} INFO - Sync 1 DAGs
[2026-06-03T06:43:43.364+0000] {logging_mixin.py:188} INFO - [2026-06-03T06:43:43.364+0000] {dag.py:3954} INFO - Setting next_dagrun for neuralretail_bronze_ingestion to 2026-06-02 02:00:00+00:00, run_after=2026-06-03 02:00:00+00:00
[2026-06-03T06:43:43.392+0000] {processor.py:183} INFO - Processing /opt/airflow/dags/dag_bronze_ingestion.py took 0.223 seconds
[2026-06-03T06:44:13.806+0000] {processor.py:161} INFO - Started process (PID=1965) to work on /opt/airflow/dags/dag_bronze_ingestion.py
[2026-06-03T06:44:13.807+0000] {processor.py:830} INFO - Processing file /opt/airflow/dags/dag_bronze_ingestion.py for tasks to queue
[2026-06-03T06:44:13.812+0000] {logging_mixin.py:188} INFO - [2026-06-03T06:44:13.811+0000] {dagbag.py:540} INFO - Filling up the DagBag from /opt/airflow/dags/dag_bronze_ingestion.py
[2026-06-03T06:44:13.887+0000] {processor.py:840} INFO - DAG(s) 'neuralretail_bronze_ingestion' retrieved from /opt/airflow/dags/dag_bronze_ingestion.py
[2026-06-03T06:44:13.923+0000] {logging_mixin.py:188} INFO - [2026-06-03T06:44:13.923+0000] {dag.py:3096} INFO - Sync 1 DAGs
[2026-06-03T06:44:13.950+0000] {logging_mixin.py:188} INFO - [2026-06-03T06:44:13.950+0000] {dag.py:3954} INFO - Setting next_dagrun for neuralretail_bronze_ingestion to 2026-06-02 02:00:00+00:00, run_after=2026-06-03 02:00:00+00:00
[2026-06-03T06:44:13.981+0000] {processor.py:183} INFO - Processing /opt/airflow/dags/dag_bronze_ingestion.py took 0.190 seconds
[2026-06-03T06:44:44.322+0000] {processor.py:161} INFO - Started process (PID=1985) to work on /opt/airflow/dags/dag_bronze_ingestion.py
[2026-06-03T06:44:44.328+0000] {processor.py:830} INFO - Processing file /opt/airflow/dags/dag_bronze_ingestion.py for tasks to queue
[2026-06-03T06:44:44.333+0000] {logging_mixin.py:188} INFO - [2026-06-03T06:44:44.333+0000] {dagbag.py:540} INFO - Filling up the DagBag from /opt/airflow/dags/dag_bronze_ingestion.py
[2026-06-03T06:44:44.385+0000] {processor.py:840} INFO - DAG(s) 'neuralretail_bronze_ingestion' retrieved from /opt/airflow/dags/dag_bronze_ingestion.py
[2026-06-03T06:44:44.414+0000] {logging_mixin.py:188} INFO - [2026-06-03T06:44:44.414+0000] {dag.py:3096} INFO - Sync 1 DAGs
[2026-06-03T06:44:44.440+0000] {logging_mixin.py:188} INFO - [2026-06-03T06:44:44.439+0000] {dag.py:3954} INFO - Setting next_dagrun for neuralretail_bronze_ingestion to 2026-06-02 02:00:00+00:00, run_after=2026-06-03 02:00:00+00:00
[2026-06-03T06:44:44.464+0000] {processor.py:183} INFO - Processing /opt/airflow/dags/dag_bronze_ingestion.py took 0.150 seconds
[2026-06-03T06:45:15.153+0000] {processor.py:161} INFO - Started process (PID=2005) to work on /opt/airflow/dags/dag_bronze_ingestion.py
[2026-06-03T06:45:15.155+0000] {processor.py:830} INFO - Processing file /opt/airflow/dags/dag_bronze_ingestion.py for tasks to queue
[2026-06-03T06:45:15.157+0000] {logging_mixin.py:188} INFO - [2026-06-03T06:45:15.157+0000] {dagbag.py:540} INFO - Filling up the DagBag from /opt/airflow/dags/dag_bronze_ingestion.py
[2026-06-03T06:45:15.223+0000] {processor.py:840} INFO - DAG(s) 'neuralretail_bronze_ingestion' retrieved from /opt/airflow/dags/dag_bronze_ingestion.py
[2026-06-03T06:45:15.274+0000] {logging_mixin.py:188} INFO - [2026-06-03T06:45:15.274+0000] {dag.py:3096} INFO - Sync 1 DAGs
[2026-06-03T06:45:15.365+0000] {logging_mixin.py:188} INFO - [2026-06-03T06:45:15.364+0000] {dag.py:3954} INFO - Setting next_dagrun for neuralretail_bronze_ingestion to 2026-06-02 02:00:00+00:00, run_after=2026-06-03 02:00:00+00:00
[2026-06-03T06:45:15.424+0000] {processor.py:183} INFO - Processing /opt/airflow/dags/dag_bronze_ingestion.py took 0.284 seconds
[2026-06-03T06:45:46.000+0000] {processor.py:161} INFO - Started process (PID=2025) to work on /opt/airflow/dags/dag_bronze_ingestion.py
[2026-06-03T06:45:46.001+0000] {processor.py:830} INFO - Processing file /opt/airflow/dags/dag_bronze_ingestion.py for tasks to queue
[2026-06-03T06:45:46.003+0000] {logging_mixin.py:188} INFO - [2026-06-03T06:45:46.003+0000] {dagbag.py:540} INFO - Filling up the DagBag from /opt/airflow/dags/dag_bronze_ingestion.py
[2026-06-03T06:45:46.046+0000] {processor.py:840} INFO - DAG(s) 'neuralretail_bronze_ingestion' retrieved from /opt/airflow/dags/dag_bronze_ingestion.py
[2026-06-03T06:45:46.070+0000] {logging_mixin.py:188} INFO - [2026-06-03T06:45:46.069+0000] {dag.py:3096} INFO - Sync 1 DAGs
[2026-06-03T06:45:46.099+0000] {logging_mixin.py:188} INFO - [2026-06-03T06:45:46.099+0000] {dag.py:3954} INFO - Setting next_dagrun for neuralretail_bronze_ingestion to 2026-06-02 02:00:00+00:00, run_after=2026-06-03 02:00:00+00:00
[2026-06-03T06:45:46.119+0000] {processor.py:183} INFO - Processing /opt/airflow/dags/dag_bronze_ingestion.py took 0.126 seconds
[2026-06-03T06:46:16.667+0000] {processor.py:161} INFO - Started process (PID=2045) to work on /opt/airflow/dags/dag_bronze_ingestion.py
[2026-06-03T06:46:16.670+0000] {processor.py:830} INFO - Processing file /opt/airflow/dags/dag_bronze_ingestion.py for tasks to queue
[2026-06-03T06:46:16.678+0000] {logging_mixin.py:188} INFO - [2026-06-03T06:46:16.676+0000] {dagbag.py:540} INFO - Filling up the DagBag from /opt/airflow/dags/dag_bronze_ingestion.py
[2026-06-03T06:46:16.731+0000] {processor.py:840} INFO - DAG(s) 'neuralretail_bronze_ingestion' retrieved from /opt/airflow/dags/dag_bronze_ingestion.py
[2026-06-03T06:46:16.757+0000] {logging_mixin.py:188} INFO - [2026-06-03T06:46:16.757+0000] {dag.py:3096} INFO - Sync 1 DAGs
[2026-06-03T06:46:16.775+0000] {logging_mixin.py:188} INFO - [2026-06-03T06:46:16.775+0000] {dag.py:3954} INFO - Setting next_dagrun for neuralretail_bronze_ingestion to 2026-06-02 02:00:00+00:00, run_after=2026-06-03 02:00:00+00:00
[2026-06-03T06:46:16.793+0000] {processor.py:183} INFO - Processing /opt/airflow/dags/dag_bronze_ingestion.py took 0.140 seconds
[2026-06-03T06:46:47.450+0000] {processor.py:161} INFO - Started process (PID=2065) to work on /opt/airflow/dags/dag_bronze_ingestion.py
[2026-06-03T06:46:47.451+0000] {processor.py:830} INFO - Processing file /opt/airflow/dags/dag_bronze_ingestion.py for tasks to queue
[2026-06-03T06:46:47.453+0000] {logging_mixin.py:188} INFO - [2026-06-03T06:46:47.453+0000] {dagbag.py:540} INFO - Filling up the DagBag from /opt/airflow/dags/dag_bronze_ingestion.py
[2026-06-03T06:46:47.497+0000] {processor.py:840} INFO - DAG(s) 'neuralretail_bronze_ingestion' retrieved from /opt/airflow/dags/dag_bronze_ingestion.py
[2026-06-03T06:46:47.535+0000] {logging_mixin.py:188} INFO - [2026-06-03T06:46:47.535+0000] {dag.py:3096} INFO - Sync 1 DAGs
[2026-06-03T06:46:47.564+0000] {logging_mixin.py:188} INFO - [2026-06-03T06:46:47.563+0000] {dag.py:3954} INFO - Setting next_dagrun for neuralretail_bronze_ingestion to 2026-06-02 02:00:00+00:00, run_after=2026-06-03 02:00:00+00:00
[2026-06-03T06:46:47.595+0000] {processor.py:183} INFO - Processing /opt/airflow/dags/dag_bronze_ingestion.py took 0.158 seconds
[2026-06-03T06:47:18.067+0000] {processor.py:161} INFO - Started process (PID=2085) to work on /opt/airflow/dags/dag_bronze_ingestion.py
[2026-06-03T06:47:18.075+0000] {processor.py:830} INFO - Processing file /opt/airflow/dags/dag_bronze_ingestion.py for tasks to queue
[2026-06-03T06:47:18.082+0000] {logging_mixin.py:188} INFO - [2026-06-03T06:47:18.081+0000] {dagbag.py:540} INFO - Filling up the DagBag from /opt/airflow/dags/dag_bronze_ingestion.py
[2026-06-03T06:47:18.283+0000] {processor.py:840} INFO - DAG(s) 'neuralretail_bronze_ingestion' retrieved from /opt/airflow/dags/dag_bronze_ingestion.py
[2026-06-03T06:47:18.352+0000] {logging_mixin.py:188} INFO - [2026-06-03T06:47:18.351+0000] {dag.py:3096} INFO - Sync 1 DAGs
[2026-06-03T06:47:18.400+0000] {logging_mixin.py:188} INFO - [2026-06-03T06:47:18.400+0000] {dag.py:3954} INFO - Setting next_dagrun for neuralretail_bronze_ingestion to 2026-06-02 02:00:00+00:00, run_after=2026-06-03 02:00:00+00:00
[2026-06-03T06:47:18.452+0000] {processor.py:183} INFO - Processing /opt/airflow/dags/dag_bronze_ingestion.py took 0.397 seconds
[2026-06-03T06:47:48.976+0000] {processor.py:161} INFO - Started process (PID=2105) to work on /opt/airflow/dags/dag_bronze_ingestion.py
[2026-06-03T06:47:48.985+0000] {processor.py:830} INFO - Processing file /opt/airflow/dags/dag_bronze_ingestion.py for tasks to queue
[2026-06-03T06:47:48.993+0000] {logging_mixin.py:188} INFO - [2026-06-03T06:47:48.993+0000] {dagbag.py:540} INFO - Filling up the DagBag from /opt/airflow/dags/dag_bronze_ingestion.py
[2026-06-03T06:47:49.065+0000] {processor.py:840} INFO - DAG(s) 'neuralretail_bronze_ingestion' retrieved from /opt/airflow/dags/dag_bronze_ingestion.py
[2026-06-03T06:47:49.089+0000] {logging_mixin.py:188} INFO - [2026-06-03T06:47:49.089+0000] {dag.py:3096} INFO - Sync 1 DAGs
[2026-06-03T06:47:49.113+0000] {logging_mixin.py:188} INFO - [2026-06-03T06:47:49.113+0000] {dag.py:3954} INFO - Setting next_dagrun for neuralretail_bronze_ingestion to 2026-06-02 02:00:00+00:00, run_after=2026-06-03 02:00:00+00:00
[2026-06-03T06:47:49.136+0000] {processor.py:183} INFO - Processing /opt/airflow/dags/dag_bronze_ingestion.py took 0.170 seconds
[2026-06-03T06:48:20.143+0000] {processor.py:161} INFO - Started process (PID=2125) to work on /opt/airflow/dags/dag_bronze_ingestion.py
[2026-06-03T06:48:20.146+0000] {processor.py:830} INFO - Processing file /opt/airflow/dags/dag_bronze_ingestion.py for tasks to queue
[2026-06-03T06:48:20.151+0000] {logging_mixin.py:188} INFO - [2026-06-03T06:48:20.150+0000] {dagbag.py:540} INFO - Filling up the DagBag from /opt/airflow/dags/dag_bronze_ingestion.py
[2026-06-03T06:48:20.290+0000] {processor.py:840} INFO - DAG(s) 'neuralretail_bronze_ingestion' retrieved from /opt/airflow/dags/dag_bronze_ingestion.py
[2026-06-03T06:48:20.339+0000] {logging_mixin.py:188} INFO - [2026-06-03T06:48:20.339+0000] {dag.py:3096} INFO - Sync 1 DAGs
[2026-06-03T06:48:20.364+0000] {logging_mixin.py:188} INFO - [2026-06-03T06:48:20.364+0000] {dag.py:3954} INFO - Setting next_dagrun for neuralretail_bronze_ingestion to 2026-06-02 02:00:00+00:00, run_after=2026-06-03 02:00:00+00:00
[2026-06-03T06:48:20.396+0000] {processor.py:183} INFO - Processing /opt/airflow/dags/dag_bronze_ingestion.py took 0.263 seconds
[2026-06-03T06:48:51.081+0000] {processor.py:161} INFO - Started process (PID=2145) to work on /opt/airflow/dags/dag_bronze_ingestion.py
[2026-06-03T06:48:51.084+0000] {processor.py:830} INFO - Processing file /opt/airflow/dags/dag_bronze_ingestion.py for tasks to queue
[2026-06-03T06:48:51.090+0000] {logging_mixin.py:188} INFO - [2026-06-03T06:48:51.089+0000] {dagbag.py:540} INFO - Filling up the DagBag from /opt/airflow/dags/dag_bronze_ingestion.py
[2026-06-03T06:48:51.296+0000] {processor.py:840} INFO - DAG(s) 'neuralretail_bronze_ingestion' retrieved from /opt/airflow/dags/dag_bronze_ingestion.py
[2026-06-03T06:48:51.342+0000] {logging_mixin.py:188} INFO - [2026-06-03T06:48:51.342+0000] {dag.py:3096} INFO - Sync 1 DAGs
[2026-06-03T06:48:51.385+0000] {logging_mixin.py:188} INFO - [2026-06-03T06:48:51.384+0000] {dag.py:3954} INFO - Setting next_dagrun for neuralretail_bronze_ingestion to 2026-06-02 02:00:00+00:00, run_after=2026-06-03 02:00:00+00:00
[2026-06-03T06:48:51.409+0000] {processor.py:183} INFO - Processing /opt/airflow/dags/dag_bronze_ingestion.py took 0.346 seconds
[2026-06-03T09:47:12.429+0000] {processor.py:161} INFO - Started process (PID=187) to work on /opt/airflow/dags/dag_bronze_ingestion.py
[2026-06-03T09:47:12.431+0000] {processor.py:830} INFO - Processing file /opt/airflow/dags/dag_bronze_ingestion.py for tasks to queue
[2026-06-03T09:47:12.436+0000] {logging_mixin.py:188} INFO - [2026-06-03T09:47:12.435+0000] {dagbag.py:540} INFO - Filling up the DagBag from /opt/airflow/dags/dag_bronze_ingestion.py
[2026-06-03T09:47:12.532+0000] {processor.py:840} INFO - DAG(s) 'neuralretail_bronze_ingestion' retrieved from /opt/airflow/dags/dag_bronze_ingestion.py
[2026-06-03T09:47:12.767+0000] {logging_mixin.py:188} INFO - [2026-06-03T09:47:12.767+0000] {dag.py:3096} INFO - Sync 1 DAGs
[2026-06-03T09:47:12.787+0000] {logging_mixin.py:188} INFO - [2026-06-03T09:47:12.787+0000] {dag.py:3954} INFO - Setting next_dagrun for neuralretail_bronze_ingestion to 2026-06-02 02:00:00+00:00, run_after=2026-06-03 02:00:00+00:00
[2026-06-03T09:47:12.811+0000] {processor.py:183} INFO - Processing /opt/airflow/dags/dag_bronze_ingestion.py took 0.392 seconds
[2026-06-03T09:47:43.426+0000] {processor.py:161} INFO - Started process (PID=207) to work on /opt/airflow/dags/dag_bronze_ingestion.py
[2026-06-03T09:47:43.428+0000] {processor.py:830} INFO - Processing file /opt/airflow/dags/dag_bronze_ingestion.py for tasks to queue
[2026-06-03T09:47:43.430+0000] {logging_mixin.py:188} INFO - [2026-06-03T09:47:43.430+0000] {dagbag.py:540} INFO - Filling up the DagBag from /opt/airflow/dags/dag_bronze_ingestion.py
[2026-06-03T09:47:43.492+0000] {processor.py:840} INFO - DAG(s) 'neuralretail_bronze_ingestion' retrieved from /opt/airflow/dags/dag_bronze_ingestion.py
[2026-06-03T09:47:43.541+0000] {logging_mixin.py:188} INFO - [2026-06-03T09:47:43.541+0000] {dag.py:3096} INFO - Sync 1 DAGs
[2026-06-03T09:47:43.586+0000] {logging_mixin.py:188} INFO - [2026-06-03T09:47:43.586+0000] {dag.py:3954} INFO - Setting next_dagrun for neuralretail_bronze_ingestion to 2026-06-02 02:00:00+00:00, run_after=2026-06-03 02:00:00+00:00
[2026-06-03T09:47:43.644+0000] {processor.py:183} INFO - Processing /opt/airflow/dags/dag_bronze_ingestion.py took 0.224 seconds
[2026-06-03T09:48:14.120+0000] {processor.py:161} INFO - Started process (PID=227) to work on /opt/airflow/dags/dag_bronze_ingestion.py
[2026-06-03T09:48:14.122+0000] {processor.py:830} INFO - Processing file /opt/airflow/dags/dag_bronze_ingestion.py for tasks to queue
[2026-06-03T09:48:14.125+0000] {logging_mixin.py:188} INFO - [2026-06-03T09:48:14.124+0000] {dagbag.py:540} INFO - Filling up the DagBag from /opt/airflow/dags/dag_bronze_ingestion.py
[2026-06-03T09:48:14.183+0000] {processor.py:840} INFO - DAG(s) 'neuralretail_bronze_ingestion' retrieved from /opt/airflow/dags/dag_bronze_ingestion.py
[2026-06-03T09:48:14.220+0000] {logging_mixin.py:188} INFO - [2026-06-03T09:48:14.219+0000] {dag.py:3096} INFO - Sync 1 DAGs
[2026-06-03T09:48:14.257+0000] {logging_mixin.py:188} INFO - [2026-06-03T09:48:14.257+0000] {dag.py:3954} INFO - Setting next_dagrun for neuralretail_bronze_ingestion to 2026-06-02 02:00:00+00:00, run_after=2026-06-03 02:00:00+00:00
[2026-06-03T09:48:14.304+0000] {processor.py:183} INFO - Processing /opt/airflow/dags/dag_bronze_ingestion.py took 0.191 seconds
[2026-06-03T09:48:44.414+0000] {processor.py:161} INFO - Started process (PID=247) to work on /opt/airflow/dags/dag_bronze_ingestion.py
[2026-06-03T09:48:44.416+0000] {processor.py:830} INFO - Processing file /opt/airflow/dags/dag_bronze_ingestion.py for tasks to queue
[2026-06-03T09:48:44.419+0000] {logging_mixin.py:188} INFO - [2026-06-03T09:48:44.419+0000] {dagbag.py:540} INFO - Filling up the DagBag from /opt/airflow/dags/dag_bronze_ingestion.py
[2026-06-03T09:48:44.466+0000] {processor.py:840} INFO - DAG(s) 'neuralretail_bronze_ingestion' retrieved from /opt/airflow/dags/dag_bronze_ingestion.py
[2026-06-03T09:48:44.488+0000] {logging_mixin.py:188} INFO - [2026-06-03T09:48:44.488+0000] {dag.py:3096} INFO - Sync 1 DAGs
[2026-06-03T09:48:44.528+0000] {logging_mixin.py:188} INFO - [2026-06-03T09:48:44.528+0000] {dag.py:3954} INFO - Setting next_dagrun for neuralretail_bronze_ingestion to 2026-06-02 02:00:00+00:00, run_after=2026-06-03 02:00:00+00:00
[2026-06-03T09:48:44.569+0000] {processor.py:183} INFO - Processing /opt/airflow/dags/dag_bronze_ingestion.py took 0.163 seconds
[2026-06-03T09:49:15.766+0000] {processor.py:161} INFO - Started process (PID=267) to work on /opt/airflow/dags/dag_bronze_ingestion.py
[2026-06-03T09:49:15.768+0000] {processor.py:830} INFO - Processing file /opt/airflow/dags/dag_bronze_ingestion.py for tasks to queue
[2026-06-03T09:49:15.770+0000] {logging_mixin.py:188} INFO - [2026-06-03T09:49:15.770+0000] {dagbag.py:540} INFO - Filling up the DagBag from /opt/airflow/dags/dag_bronze_ingestion.py
[2026-06-03T09:49:15.842+0000] {processor.py:840} INFO - DAG(s) 'neuralretail_bronze_ingestion' retrieved from /opt/airflow/dags/dag_bronze_ingestion.py
[2026-06-03T09:49:15.896+0000] {logging_mixin.py:188} INFO - [2026-06-03T09:49:15.896+0000] {dag.py:3096} INFO - Sync 1 DAGs
[2026-06-03T09:49:15.935+0000] {logging_mixin.py:188} INFO - [2026-06-03T09:49:15.934+0000] {dag.py:3954} INFO - Setting next_dagrun for neuralretail_bronze_ingestion to 2026-06-02 02:00:00+00:00, run_after=2026-06-03 02:00:00+00:00
[2026-06-03T09:49:15.987+0000] {processor.py:183} INFO - Processing /opt/airflow/dags/dag_bronze_ingestion.py took 0.231 seconds
[2026-06-03T09:49:46.529+0000] {processor.py:161} INFO - Started process (PID=287) to work on /opt/airflow/dags/dag_bronze_ingestion.py
[2026-06-03T09:49:46.531+0000] {processor.py:830} INFO - Processing file /opt/airflow/dags/dag_bronze_ingestion.py for tasks to queue
[2026-06-03T09:49:46.533+0000] {logging_mixin.py:188} INFO - [2026-06-03T09:49:46.533+0000] {dagbag.py:540} INFO - Filling up the DagBag from /opt/airflow/dags/dag_bronze_ingestion.py
[2026-06-03T09:49:46.585+0000] {processor.py:840} INFO - DAG(s) 'neuralretail_bronze_ingestion' retrieved from /opt/airflow/dags/dag_bronze_ingestion.py
[2026-06-03T09:49:46.607+0000] {logging_mixin.py:188} INFO - [2026-06-03T09:49:46.607+0000] {dag.py:3096} INFO - Sync 1 DAGs
[2026-06-03T09:49:46.627+0000] {logging_mixin.py:188} INFO - [2026-06-03T09:49:46.627+0000] {dag.py:3954} INFO - Setting next_dagrun for neuralretail_bronze_ingestion to 2026-06-02 02:00:00+00:00, run_after=2026-06-03 02:00:00+00:00
[2026-06-03T09:49:46.649+0000] {processor.py:183} INFO - Processing /opt/airflow/dags/dag_bronze_ingestion.py took 0.127 seconds
[2026-06-03T09:50:17.067+0000] {processor.py:161} INFO - Started process (PID=307) to work on /opt/airflow/dags/dag_bronze_ingestion.py
[2026-06-03T09:50:17.069+0000] {processor.py:830} INFO - Processing file /opt/airflow/dags/dag_bronze_ingestion.py for tasks to queue
[2026-06-03T09:50:17.071+0000] {logging_mixin.py:188} INFO - [2026-06-03T09:50:17.071+0000] {dagbag.py:540} INFO - Filling up the DagBag from /opt/airflow/dags/dag_bronze_ingestion.py
[2026-06-03T09:50:17.122+0000] {processor.py:840} INFO - DAG(s) 'neuralretail_bronze_ingestion' retrieved from /opt/airflow/dags/dag_bronze_ingestion.py
[2026-06-03T09:50:17.160+0000] {logging_mixin.py:188} INFO - [2026-06-03T09:50:17.159+0000] {dag.py:3096} INFO - Sync 1 DAGs
[2026-06-03T09:50:17.190+0000] {logging_mixin.py:188} INFO - [2026-06-03T09:50:17.190+0000] {dag.py:3954} INFO - Setting next_dagrun for neuralretail_bronze_ingestion to 2026-06-02 02:00:00+00:00, run_after=2026-06-03 02:00:00+00:00
[2026-06-03T09:50:17.217+0000] {processor.py:183} INFO - Processing /opt/airflow/dags/dag_bronze_ingestion.py took 0.160 seconds
[2026-06-03T09:50:47.497+0000] {processor.py:161} INFO - Started process (PID=327) to work on /opt/airflow/dags/dag_bronze_ingestion.py
[2026-06-03T09:50:47.499+0000] {processor.py:830} INFO - Processing file /opt/airflow/dags/dag_bronze_ingestion.py for tasks to queue
[2026-06-03T09:50:47.505+0000] {logging_mixin.py:188} INFO - [2026-06-03T09:50:47.504+0000] {dagbag.py:540} INFO - Filling up the DagBag from /opt/airflow/dags/dag_bronze_ingestion.py
[2026-06-03T09:50:47.577+0000] {processor.py:840} INFO - DAG(s) 'neuralretail_bronze_ingestion' retrieved from /opt/airflow/dags/dag_bronze_ingestion.py
[2026-06-03T09:50:47.606+0000] {logging_mixin.py:188} INFO - [2026-06-03T09:50:47.605+0000] {dag.py:3096} INFO - Sync 1 DAGs
[2026-06-03T09:50:47.624+0000] {logging_mixin.py:188} INFO - [2026-06-03T09:50:47.623+0000] {dag.py:3954} INFO - Setting next_dagrun for neuralretail_bronze_ingestion to 2026-06-02 02:00:00+00:00, run_after=2026-06-03 02:00:00+00:00
[2026-06-03T09:50:47.642+0000] {processor.py:183} INFO - Processing /opt/airflow/dags/dag_bronze_ingestion.py took 0.151 seconds
[2026-06-03T09:51:18.101+0000] {processor.py:161} INFO - Started process (PID=347) to work on /opt/airflow/dags/dag_bronze_ingestion.py
[2026-06-03T09:51:18.104+0000] {processor.py:830} INFO - Processing file /opt/airflow/dags/dag_bronze_ingestion.py for tasks to queue
[2026-06-03T09:51:18.106+0000] {logging_mixin.py:188} INFO - [2026-06-03T09:51:18.106+0000] {dagbag.py:540} INFO - Filling up the DagBag from /opt/airflow/dags/dag_bronze_ingestion.py
[2026-06-03T09:51:18.169+0000] {processor.py:840} INFO - DAG(s) 'neuralretail_bronze_ingestion' retrieved from /opt/airflow/dags/dag_bronze_ingestion.py
[2026-06-03T09:51:18.192+0000] {logging_mixin.py:188} INFO - [2026-06-03T09:51:18.192+0000] {dag.py:3096} INFO - Sync 1 DAGs
[2026-06-03T09:51:18.216+0000] {logging_mixin.py:188} INFO - [2026-06-03T09:51:18.216+0000] {dag.py:3954} INFO - Setting next_dagrun for neuralretail_bronze_ingestion to 2026-06-02 02:00:00+00:00, run_after=2026-06-03 02:00:00+00:00
[2026-06-03T09:51:18.260+0000] {processor.py:183} INFO - Processing /opt/airflow/dags/dag_bronze_ingestion.py took 0.170 seconds
[2026-06-03T09:51:48.636+0000] {processor.py:161} INFO - Started process (PID=365) to work on /opt/airflow/dags/dag_bronze_ingestion.py
[2026-06-03T09:51:48.641+0000] {processor.py:830} INFO - Processing file /opt/airflow/dags/dag_bronze_ingestion.py for tasks to queue
[2026-06-03T09:51:48.648+0000] {logging_mixin.py:188} INFO - [2026-06-03T09:51:48.647+0000] {dagbag.py:540} INFO - Filling up the DagBag from /opt/airflow/dags/dag_bronze_ingestion.py
[2026-06-03T09:51:48.697+0000] {processor.py:840} INFO - DAG(s) 'neuralretail_bronze_ingestion' retrieved from /opt/airflow/dags/dag_bronze_ingestion.py
[2026-06-03T09:51:48.729+0000] {logging_mixin.py:188} INFO - [2026-06-03T09:51:48.729+0000] {dag.py:3096} INFO - Sync 1 DAGs
[2026-06-03T09:51:48.836+0000] {logging_mixin.py:188} INFO - [2026-06-03T09:51:48.835+0000] {dag.py:3954} INFO - Setting next_dagrun for neuralretail_bronze_ingestion to 2026-06-02 02:00:00+00:00, run_after=2026-06-03 02:00:00+00:00
[2026-06-03T09:51:48.895+0000] {processor.py:183} INFO - Processing /opt/airflow/dags/dag_bronze_ingestion.py took 0.269 seconds
[2026-06-03T09:52:19.644+0000] {processor.py:161} INFO - Started process (PID=387) to work on /opt/airflow/dags/dag_bronze_ingestion.py
[2026-06-03T09:52:19.652+0000] {processor.py:830} INFO - Processing file /opt/airflow/dags/dag_bronze_ingestion.py for tasks to queue
[2026-06-03T09:52:19.657+0000] {logging_mixin.py:188} INFO - [2026-06-03T09:52:19.656+0000] {dagbag.py:540} INFO - Filling up the DagBag from /opt/airflow/dags/dag_bronze_ingestion.py
[2026-06-03T09:52:19.738+0000] {processor.py:840} INFO - DAG(s) 'neuralretail_bronze_ingestion' retrieved from /opt/airflow/dags/dag_bronze_ingestion.py
[2026-06-03T09:52:19.761+0000] {logging_mixin.py:188} INFO - [2026-06-03T09:52:19.761+0000] {dag.py:3096} INFO - Sync 1 DAGs
[2026-06-03T09:52:19.777+0000] {logging_mixin.py:188} INFO - [2026-06-03T09:52:19.777+0000] {dag.py:3954} INFO - Setting next_dagrun for neuralretail_bronze_ingestion to 2026-06-02 02:00:00+00:00, run_after=2026-06-03 02:00:00+00:00
[2026-06-03T09:52:19.799+0000] {processor.py:183} INFO - Processing /opt/airflow/dags/dag_bronze_ingestion.py took 0.160 seconds
[2026-06-03T09:52:50.085+0000] {processor.py:161} INFO - Started process (PID=407) to work on /opt/airflow/dags/dag_bronze_ingestion.py
[2026-06-03T09:52:50.088+0000] {processor.py:830} INFO - Processing file /opt/airflow/dags/dag_bronze_ingestion.py for tasks to queue
[2026-06-03T09:52:50.092+0000] {logging_mixin.py:188} INFO - [2026-06-03T09:52:50.092+0000] {dagbag.py:540} INFO - Filling up the DagBag from /opt/airflow/dags/dag_bronze_ingestion.py
[2026-06-03T09:52:50.159+0000] {processor.py:840} INFO - DAG(s) 'neuralretail_bronze_ingestion' retrieved from /opt/airflow/dags/dag_bronze_ingestion.py
[2026-06-03T09:52:50.198+0000] {logging_mixin.py:188} INFO - [2026-06-03T09:52:50.198+0000] {dag.py:3096} INFO - Sync 1 DAGs
[2026-06-03T09:52:50.224+0000] {logging_mixin.py:188} INFO - [2026-06-03T09:52:50.224+0000] {dag.py:3954} INFO - Setting next_dagrun for neuralretail_bronze_ingestion to 2026-06-02 02:00:00+00:00, run_after=2026-06-03 02:00:00+00:00
[2026-06-03T09:52:50.249+0000] {processor.py:183} INFO - Processing /opt/airflow/dags/dag_bronze_ingestion.py took 0.175 seconds
[2026-06-03T09:53:21.150+0000] {processor.py:161} INFO - Started process (PID=425) to work on /opt/airflow/dags/dag_bronze_ingestion.py
[2026-06-03T09:53:21.154+0000] {processor.py:830} INFO - Processing file /opt/airflow/dags/dag_bronze_ingestion.py for tasks to queue
[2026-06-03T09:53:21.160+0000] {logging_mixin.py:188} INFO - [2026-06-03T09:53:21.159+0000] {dagbag.py:540} INFO - Filling up the DagBag from /opt/airflow/dags/dag_bronze_ingestion.py
[2026-06-03T09:53:21.302+0000] {processor.py:840} INFO - DAG(s) 'neuralretail_bronze_ingestion' retrieved from /opt/airflow/dags/dag_bronze_ingestion.py
[2026-06-03T09:53:21.364+0000] {logging_mixin.py:188} INFO - [2026-06-03T09:53:21.363+0000] {dag.py:3096} INFO - Sync 1 DAGs
[2026-06-03T09:53:21.410+0000] {logging_mixin.py:188} INFO - [2026-06-03T09:53:21.409+0000] {dag.py:3954} INFO - Setting next_dagrun for neuralretail_bronze_ingestion to 2026-06-02 02:00:00+00:00, run_after=2026-06-03 02:00:00+00:00
[2026-06-03T09:53:21.456+0000] {processor.py:183} INFO - Processing /opt/airflow/dags/dag_bronze_ingestion.py took 0.322 seconds
[2026-06-03T09:53:51.974+0000] {processor.py:161} INFO - Started process (PID=447) to work on /opt/airflow/dags/dag_bronze_ingestion.py
[2026-06-03T09:53:51.980+0000] {processor.py:830} INFO - Processing file /opt/airflow/dags/dag_bronze_ingestion.py for tasks to queue
[2026-06-03T09:53:51.983+0000] {logging_mixin.py:188} INFO - [2026-06-03T09:53:51.983+0000] {dagbag.py:540} INFO - Filling up the DagBag from /opt/airflow/dags/dag_bronze_ingestion.py
[2026-06-03T09:53:52.047+0000] {processor.py:840} INFO - DAG(s) 'neuralretail_bronze_ingestion' retrieved from /opt/airflow/dags/dag_bronze_ingestion.py
[2026-06-03T09:53:52.083+0000] {logging_mixin.py:188} INFO - [2026-06-03T09:53:52.083+0000] {dag.py:3096} INFO - Sync 1 DAGs
[2026-06-03T09:53:52.111+0000] {logging_mixin.py:188} INFO - [2026-06-03T09:53:52.110+0000] {dag.py:3954} INFO - Setting next_dagrun for neuralretail_bronze_ingestion to 2026-06-02 02:00:00+00:00, run_after=2026-06-03 02:00:00+00:00
[2026-06-03T09:53:52.136+0000] {processor.py:183} INFO - Processing /opt/airflow/dags/dag_bronze_ingestion.py took 0.168 seconds
[2026-06-03T09:54:22.575+0000] {processor.py:161} INFO - Started process (PID=467) to work on /opt/airflow/dags/dag_bronze_ingestion.py
[2026-06-03T09:54:22.577+0000] {processor.py:830} INFO - Processing file /opt/airflow/dags/dag_bronze_ingestion.py for tasks to queue
[2026-06-03T09:54:22.582+0000] {logging_mixin.py:188} INFO - [2026-06-03T09:54:22.581+0000] {dagbag.py:540} INFO - Filling up the DagBag from /opt/airflow/dags/dag_bronze_ingestion.py
[2026-06-03T09:54:22.635+0000] {processor.py:840} INFO - DAG(s) 'neuralretail_bronze_ingestion' retrieved from /opt/airflow/dags/dag_bronze_ingestion.py
[2026-06-03T09:54:22.663+0000] {logging_mixin.py:188} INFO - [2026-06-03T09:54:22.663+0000] {dag.py:3096} INFO - Sync 1 DAGs
[2026-06-03T09:54:22.691+0000] {logging_mixin.py:188} INFO - [2026-06-03T09:54:22.691+0000] {dag.py:3954} INFO - Setting next_dagrun for neuralretail_bronze_ingestion to 2026-06-02 02:00:00+00:00, run_after=2026-06-03 02:00:00+00:00
[2026-06-03T09:54:22.716+0000] {processor.py:183} INFO - Processing /opt/airflow/dags/dag_bronze_ingestion.py took 0.157 seconds
[2026-06-03T09:54:52.930+0000] {processor.py:161} INFO - Started process (PID=485) to work on /opt/airflow/dags/dag_bronze_ingestion.py
[2026-06-03T09:54:52.934+0000] {processor.py:830} INFO - Processing file /opt/airflow/dags/dag_bronze_ingestion.py for tasks to queue
[2026-06-03T09:54:52.938+0000] {logging_mixin.py:188} INFO - [2026-06-03T09:54:52.937+0000] {dagbag.py:540} INFO - Filling up the DagBag from /opt/airflow/dags/dag_bronze_ingestion.py
[2026-06-03T09:54:53.019+0000] {processor.py:840} INFO - DAG(s) 'neuralretail_bronze_ingestion' retrieved from /opt/airflow/dags/dag_bronze_ingestion.py
[2026-06-03T09:54:53.051+0000] {logging_mixin.py:188} INFO - [2026-06-03T09:54:53.051+0000] {dag.py:3096} INFO - Sync 1 DAGs
[2026-06-03T09:54:53.080+0000] {logging_mixin.py:188} INFO - [2026-06-03T09:54:53.079+0000] {dag.py:3954} INFO - Setting next_dagrun for neuralretail_bronze_ingestion to 2026-06-02 02:00:00+00:00, run_after=2026-06-03 02:00:00+00:00
[2026-06-03T09:54:53.101+0000] {processor.py:183} INFO - Processing /opt/airflow/dags/dag_bronze_ingestion.py took 0.177 seconds
[2026-06-03T09:55:23.707+0000] {processor.py:161} INFO - Started process (PID=507) to work on /opt/airflow/dags/dag_bronze_ingestion.py
[2026-06-03T09:55:23.709+0000] {processor.py:830} INFO - Processing file /opt/airflow/dags/dag_bronze_ingestion.py for tasks to queue
[2026-06-03T09:55:23.712+0000] {logging_mixin.py:188} INFO - [2026-06-03T09:55:23.712+0000] {dagbag.py:540} INFO - Filling up the DagBag from /opt/airflow/dags/dag_bronze_ingestion.py
[2026-06-03T09:55:23.790+0000] {processor.py:840} INFO - DAG(s) 'neuralretail_bronze_ingestion' retrieved from /opt/airflow/dags/dag_bronze_ingestion.py
[2026-06-03T09:55:23.831+0000] {logging_mixin.py:188} INFO - [2026-06-03T09:55:23.831+0000] {dag.py:3096} INFO - Sync 1 DAGs
[2026-06-03T09:55:23.853+0000] {logging_mixin.py:188} INFO - [2026-06-03T09:55:23.853+0000] {dag.py:3954} INFO - Setting next_dagrun for neuralretail_bronze_ingestion to 2026-06-02 02:00:00+00:00, run_after=2026-06-03 02:00:00+00:00
[2026-06-03T09:55:23.888+0000] {processor.py:183} INFO - Processing /opt/airflow/dags/dag_bronze_ingestion.py took 0.191 seconds
[2026-06-03T09:55:54.439+0000] {processor.py:161} INFO - Started process (PID=527) to work on /opt/airflow/dags/dag_bronze_ingestion.py
[2026-06-03T09:55:54.444+0000] {processor.py:830} INFO - Processing file /opt/airflow/dags/dag_bronze_ingestion.py for tasks to queue
[2026-06-03T09:55:54.451+0000] {logging_mixin.py:188} INFO - [2026-06-03T09:55:54.450+0000] {dagbag.py:540} INFO - Filling up the DagBag from /opt/airflow/dags/dag_bronze_ingestion.py
[2026-06-03T09:55:54.529+0000] {processor.py:840} INFO - DAG(s) 'neuralretail_bronze_ingestion' retrieved from /opt/airflow/dags/dag_bronze_ingestion.py
[2026-06-03T09:55:54.561+0000] {logging_mixin.py:188} INFO - [2026-06-03T09:55:54.560+0000] {dag.py:3096} INFO - Sync 1 DAGs
[2026-06-03T09:55:54.588+0000] {logging_mixin.py:188} INFO - [2026-06-03T09:55:54.587+0000] {dag.py:3954} INFO - Setting next_dagrun for neuralretail_bronze_ingestion to 2026-06-02 02:00:00+00:00, run_after=2026-06-03 02:00:00+00:00
[2026-06-03T09:55:54.619+0000] {processor.py:183} INFO - Processing /opt/airflow/dags/dag_bronze_ingestion.py took 0.185 seconds
[2026-06-03T09:56:25.051+0000] {processor.py:161} INFO - Started process (PID=545) to work on /opt/airflow/dags/dag_bronze_ingestion.py
[2026-06-03T09:56:25.054+0000] {processor.py:830} INFO - Processing file /opt/airflow/dags/dag_bronze_ingestion.py for tasks to queue
[2026-06-03T09:56:25.060+0000] {logging_mixin.py:188} INFO - [2026-06-03T09:56:25.059+0000] {dagbag.py:540} INFO - Filling up the DagBag from /opt/airflow/dags/dag_bronze_ingestion.py
[2026-06-03T09:56:25.171+0000] {processor.py:840} INFO - DAG(s) 'neuralretail_bronze_ingestion' retrieved from /opt/airflow/dags/dag_bronze_ingestion.py
[2026-06-03T09:56:25.221+0000] {logging_mixin.py:188} INFO - [2026-06-03T09:56:25.221+0000] {dag.py:3096} INFO - Sync 1 DAGs
[2026-06-03T09:56:25.258+0000] {logging_mixin.py:188} INFO - [2026-06-03T09:56:25.258+0000] {dag.py:3954} INFO - Setting next_dagrun for neuralretail_bronze_ingestion to 2026-06-02 02:00:00+00:00, run_after=2026-06-03 02:00:00+00:00
[2026-06-03T09:56:25.297+0000] {processor.py:183} INFO - Processing /opt/airflow/dags/dag_bronze_ingestion.py took 0.260 seconds
[2026-06-03T09:56:55.624+0000] {processor.py:161} INFO - Started process (PID=565) to work on /opt/airflow/dags/dag_bronze_ingestion.py
[2026-06-03T09:56:55.626+0000] {processor.py:830} INFO - Processing file /opt/airflow/dags/dag_bronze_ingestion.py for tasks to queue
[2026-06-03T09:56:55.627+0000] {logging_mixin.py:188} INFO - [2026-06-03T09:56:55.627+0000] {dagbag.py:540} INFO - Filling up the DagBag from /opt/airflow/dags/dag_bronze_ingestion.py
[2026-06-03T09:56:55.686+0000] {processor.py:840} INFO - DAG(s) 'neuralretail_bronze_ingestion' retrieved from /opt/airflow/dags/dag_bronze_ingestion.py
[2026-06-03T09:56:55.720+0000] {logging_mixin.py:188} INFO - [2026-06-03T09:56:55.720+0000] {dag.py:3096} INFO - Sync 1 DAGs
[2026-06-03T09:56:55.757+0000] {logging_mixin.py:188} INFO - [2026-06-03T09:56:55.757+0000] {dag.py:3954} INFO - Setting next_dagrun for neuralretail_bronze_ingestion to 2026-06-02 02:00:00+00:00, run_after=2026-06-03 02:00:00+00:00
[2026-06-03T09:56:55.793+0000] {processor.py:183} INFO - Processing /opt/airflow/dags/dag_bronze_ingestion.py took 0.173 seconds
[2026-06-03T09:57:26.920+0000] {processor.py:161} INFO - Started process (PID=587) to work on /opt/airflow/dags/dag_bronze_ingestion.py
[2026-06-03T09:57:26.921+0000] {processor.py:830} INFO - Processing file /opt/airflow/dags/dag_bronze_ingestion.py for tasks to queue
[2026-06-03T09:57:26.923+0000] {logging_mixin.py:188} INFO - [2026-06-03T09:57:26.923+0000] {dagbag.py:540} INFO - Filling up the DagBag from /opt/airflow/dags/dag_bronze_ingestion.py
[2026-06-03T09:57:26.995+0000] {processor.py:840} INFO - DAG(s) 'neuralretail_bronze_ingestion' retrieved from /opt/airflow/dags/dag_bronze_ingestion.py
[2026-06-03T09:57:27.026+0000] {logging_mixin.py:188} INFO - [2026-06-03T09:57:27.026+0000] {dag.py:3096} INFO - Sync 1 DAGs
[2026-06-03T09:57:27.050+0000] {logging_mixin.py:188} INFO - [2026-06-03T09:57:27.050+0000] {dag.py:3954} INFO - Setting next_dagrun for neuralretail_bronze_ingestion to 2026-06-02 02:00:00+00:00, run_after=2026-06-03 02:00:00+00:00
[2026-06-03T09:57:27.078+0000] {processor.py:183} INFO - Processing /opt/airflow/dags/dag_bronze_ingestion.py took 0.164 seconds
[2026-06-03T09:57:57.942+0000] {processor.py:161} INFO - Started process (PID=607) to work on /opt/airflow/dags/dag_bronze_ingestion.py
[2026-06-03T09:57:57.944+0000] {processor.py:830} INFO - Processing file /opt/airflow/dags/dag_bronze_ingestion.py for tasks to queue
[2026-06-03T09:57:57.948+0000] {logging_mixin.py:188} INFO - [2026-06-03T09:57:57.948+0000] {dagbag.py:540} INFO - Filling up the DagBag from /opt/airflow/dags/dag_bronze_ingestion.py
[2026-06-03T09:57:58.002+0000] {processor.py:840} INFO - DAG(s) 'neuralretail_bronze_ingestion' retrieved from /opt/airflow/dags/dag_bronze_ingestion.py
[2026-06-03T09:57:58.034+0000] {logging_mixin.py:188} INFO - [2026-06-03T09:57:58.034+0000] {dag.py:3096} INFO - Sync 1 DAGs
[2026-06-03T09:57:58.055+0000] {logging_mixin.py:188} INFO - [2026-06-03T09:57:58.054+0000] {dag.py:3954} INFO - Setting next_dagrun for neuralretail_bronze_ingestion to 2026-06-02 02:00:00+00:00, run_after=2026-06-03 02:00:00+00:00
[2026-06-03T09:57:58.079+0000] {processor.py:183} INFO - Processing /opt/airflow/dags/dag_bronze_ingestion.py took 0.146 seconds
[2026-06-03T09:58:29.312+0000] {processor.py:161} INFO - Started process (PID=627) to work on /opt/airflow/dags/dag_bronze_ingestion.py
[2026-06-03T09:58:29.313+0000] {processor.py:830} INFO - Processing file /opt/airflow/dags/dag_bronze_ingestion.py for tasks to queue
[2026-06-03T09:58:29.315+0000] {logging_mixin.py:188} INFO - [2026-06-03T09:58:29.314+0000] {dagbag.py:540} INFO - Filling up the DagBag from /opt/airflow/dags/dag_bronze_ingestion.py
[2026-06-03T09:58:29.378+0000] {processor.py:840} INFO - DAG(s) 'neuralretail_bronze_ingestion' retrieved from /opt/airflow/dags/dag_bronze_ingestion.py
[2026-06-03T09:58:29.406+0000] {logging_mixin.py:188} INFO - [2026-06-03T09:58:29.406+0000] {dag.py:3096} INFO - Sync 1 DAGs
[2026-06-03T09:58:29.440+0000] {logging_mixin.py:188} INFO - [2026-06-03T09:58:29.440+0000] {dag.py:3954} INFO - Setting next_dagrun for neuralretail_bronze_ingestion to 2026-06-02 02:00:00+00:00, run_after=2026-06-03 02:00:00+00:00
[2026-06-03T09:58:29.474+0000] {processor.py:183} INFO - Processing /opt/airflow/dags/dag_bronze_ingestion.py took 0.178 seconds
[2026-06-03T09:58:59.695+0000] {processor.py:161} INFO - Started process (PID=647) to work on /opt/airflow/dags/dag_bronze_ingestion.py
[2026-06-03T09:58:59.698+0000] {processor.py:830} INFO - Processing file /opt/airflow/dags/dag_bronze_ingestion.py for tasks to queue
[2026-06-03T09:58:59.700+0000] {logging_mixin.py:188} INFO - [2026-06-03T09:58:59.699+0000] {dagbag.py:540} INFO - Filling up the DagBag from /opt/airflow/dags/dag_bronze_ingestion.py
[2026-06-03T09:58:59.749+0000] {processor.py:840} INFO - DAG(s) 'neuralretail_bronze_ingestion' retrieved from /opt/airflow/dags/dag_bronze_ingestion.py
[2026-06-03T09:58:59.781+0000] {logging_mixin.py:188} INFO - [2026-06-03T09:58:59.781+0000] {dag.py:3096} INFO - Sync 1 DAGs
[2026-06-03T09:58:59.807+0000] {logging_mixin.py:188} INFO - [2026-06-03T09:58:59.807+0000] {dag.py:3954} INFO - Setting next_dagrun for neuralretail_bronze_ingestion to 2026-06-02 02:00:00+00:00, run_after=2026-06-03 02:00:00+00:00
[2026-06-03T09:58:59.838+0000] {processor.py:183} INFO - Processing /opt/airflow/dags/dag_bronze_ingestion.py took 0.150 seconds
[2026-06-03T09:59:30.292+0000] {processor.py:161} INFO - Started process (PID=667) to work on /opt/airflow/dags/dag_bronze_ingestion.py
[2026-06-03T09:59:30.294+0000] {processor.py:830} INFO - Processing file /opt/airflow/dags/dag_bronze_ingestion.py for tasks to queue
[2026-06-03T09:59:30.297+0000] {logging_mixin.py:188} INFO - [2026-06-03T09:59:30.296+0000] {dagbag.py:540} INFO - Filling up the DagBag from /opt/airflow/dags/dag_bronze_ingestion.py
[2026-06-03T09:59:30.384+0000] {processor.py:840} INFO - DAG(s) 'neuralretail_bronze_ingestion' retrieved from /opt/airflow/dags/dag_bronze_ingestion.py
[2026-06-03T09:59:30.410+0000] {logging_mixin.py:188} INFO - [2026-06-03T09:59:30.409+0000] {dag.py:3096} INFO - Sync 1 DAGs
[2026-06-03T09:59:30.429+0000] {logging_mixin.py:188} INFO - [2026-06-03T09:59:30.429+0000] {dag.py:3954} INFO - Setting next_dagrun for neuralretail_bronze_ingestion to 2026-06-02 02:00:00+00:00, run_after=2026-06-03 02:00:00+00:00
[2026-06-03T09:59:30.446+0000] {processor.py:183} INFO - Processing /opt/airflow/dags/dag_bronze_ingestion.py took 0.160 seconds
[2026-06-03T10:00:00.769+0000] {processor.py:161} INFO - Started process (PID=685) to work on /opt/airflow/dags/dag_bronze_ingestion.py
[2026-06-03T10:00:00.771+0000] {processor.py:830} INFO - Processing file /opt/airflow/dags/dag_bronze_ingestion.py for tasks to queue
[2026-06-03T10:00:00.773+0000] {logging_mixin.py:188} INFO - [2026-06-03T10:00:00.773+0000] {dagbag.py:540} INFO - Filling up the DagBag from /opt/airflow/dags/dag_bronze_ingestion.py
[2026-06-03T10:00:00.847+0000] {processor.py:840} INFO - DAG(s) 'neuralretail_bronze_ingestion' retrieved from /opt/airflow/dags/dag_bronze_ingestion.py
[2026-06-03T10:00:00.884+0000] {logging_mixin.py:188} INFO - [2026-06-03T10:00:00.883+0000] {dag.py:3096} INFO - Sync 1 DAGs
[2026-06-03T10:00:00.915+0000] {logging_mixin.py:188} INFO - [2026-06-03T10:00:00.915+0000] {dag.py:3954} INFO - Setting next_dagrun for neuralretail_bronze_ingestion to 2026-06-02 02:00:00+00:00, run_after=2026-06-03 02:00:00+00:00
[2026-06-03T10:00:00.979+0000] {processor.py:183} INFO - Processing /opt/airflow/dags/dag_bronze_ingestion.py took 0.214 seconds
[2026-06-03T10:00:31.262+0000] {processor.py:161} INFO - Started process (PID=705) to work on /opt/airflow/dags/dag_bronze_ingestion.py
[2026-06-03T10:00:31.264+0000] {processor.py:830} INFO - Processing file /opt/airflow/dags/dag_bronze_ingestion.py for tasks to queue
[2026-06-03T10:00:31.268+0000] {logging_mixin.py:188} INFO - [2026-06-03T10:00:31.267+0000] {dagbag.py:540} INFO - Filling up the DagBag from /opt/airflow/dags/dag_bronze_ingestion.py
[2026-06-03T10:00:31.359+0000] {processor.py:840} INFO - DAG(s) 'neuralretail_bronze_ingestion' retrieved from /opt/airflow/dags/dag_bronze_ingestion.py
[2026-06-03T10:00:31.403+0000] {logging_mixin.py:188} INFO - [2026-06-03T10:00:31.403+0000] {dag.py:3096} INFO - Sync 1 DAGs
[2026-06-03T10:00:31.433+0000] {logging_mixin.py:188} INFO - [2026-06-03T10:00:31.433+0000] {dag.py:3954} INFO - Setting next_dagrun for neuralretail_bronze_ingestion to 2026-06-02 02:00:00+00:00, run_after=2026-06-03 02:00:00+00:00
[2026-06-03T10:00:31.473+0000] {processor.py:183} INFO - Processing /opt/airflow/dags/dag_bronze_ingestion.py took 0.228 seconds
[2026-06-03T10:01:02.247+0000] {processor.py:161} INFO - Started process (PID=727) to work on /opt/airflow/dags/dag_bronze_ingestion.py
[2026-06-03T10:01:02.250+0000] {processor.py:830} INFO - Processing file /opt/airflow/dags/dag_bronze_ingestion.py for tasks to queue
[2026-06-03T10:01:02.257+0000] {logging_mixin.py:188} INFO - [2026-06-03T10:01:02.256+0000] {dagbag.py:540} INFO - Filling up the DagBag from /opt/airflow/dags/dag_bronze_ingestion.py
[2026-06-03T10:01:02.337+0000] {processor.py:840} INFO - DAG(s) 'neuralretail_bronze_ingestion' retrieved from /opt/airflow/dags/dag_bronze_ingestion.py
[2026-06-03T10:01:02.370+0000] {logging_mixin.py:188} INFO - [2026-06-03T10:01:02.370+0000] {dag.py:3096} INFO - Sync 1 DAGs
[2026-06-03T10:01:02.395+0000] {logging_mixin.py:188} INFO - [2026-06-03T10:01:02.395+0000] {dag.py:3954} INFO - Setting next_dagrun for neuralretail_bronze_ingestion to 2026-06-02 02:00:00+00:00, run_after=2026-06-03 02:00:00+00:00
[2026-06-03T10:01:02.428+0000] {processor.py:183} INFO - Processing /opt/airflow/dags/dag_bronze_ingestion.py took 0.192 seconds
[2026-06-03T10:01:33.449+0000] {processor.py:161} INFO - Started process (PID=745) to work on /opt/airflow/dags/dag_bronze_ingestion.py
[2026-06-03T10:01:33.453+0000] {processor.py:830} INFO - Processing file /opt/airflow/dags/dag_bronze_ingestion.py for tasks to queue
[2026-06-03T10:01:33.466+0000] {logging_mixin.py:188} INFO - [2026-06-03T10:01:33.465+0000] {dagbag.py:540} INFO - Filling up the DagBag from /opt/airflow/dags/dag_bronze_ingestion.py
[2026-06-03T10:01:33.657+0000] {processor.py:840} INFO - DAG(s) 'neuralretail_bronze_ingestion' retrieved from /opt/airflow/dags/dag_bronze_ingestion.py
[2026-06-03T10:01:33.713+0000] {logging_mixin.py:188} INFO - [2026-06-03T10:01:33.712+0000] {dag.py:3096} INFO - Sync 1 DAGs
[2026-06-03T10:01:33.739+0000] {logging_mixin.py:188} INFO - [2026-06-03T10:01:33.739+0000] {dag.py:3954} INFO - Setting next_dagrun for neuralretail_bronze_ingestion to 2026-06-02 02:00:00+00:00, run_after=2026-06-03 02:00:00+00:00
[2026-06-03T10:01:33.777+0000] {processor.py:183} INFO - Processing /opt/airflow/dags/dag_bronze_ingestion.py took 0.343 seconds
[2026-06-03T10:02:04.130+0000] {processor.py:161} INFO - Started process (PID=765) to work on /opt/airflow/dags/dag_bronze_ingestion.py
[2026-06-03T10:02:04.139+0000] {processor.py:830} INFO - Processing file /opt/airflow/dags/dag_bronze_ingestion.py for tasks to queue
[2026-06-03T10:02:04.144+0000] {logging_mixin.py:188} INFO - [2026-06-03T10:02:04.143+0000] {dagbag.py:540} INFO - Filling up the DagBag from /opt/airflow/dags/dag_bronze_ingestion.py
[2026-06-03T10:02:04.267+0000] {processor.py:840} INFO - DAG(s) 'neuralretail_bronze_ingestion' retrieved from /opt/airflow/dags/dag_bronze_ingestion.py
[2026-06-03T10:02:04.292+0000] {logging_mixin.py:188} INFO - [2026-06-03T10:02:04.291+0000] {dag.py:3096} INFO - Sync 1 DAGs
[2026-06-03T10:02:04.348+0000] {logging_mixin.py:188} INFO - [2026-06-03T10:02:04.348+0000] {dag.py:3954} INFO - Setting next_dagrun for neuralretail_bronze_ingestion to 2026-06-02 02:00:00+00:00, run_after=2026-06-03 02:00:00+00:00
[2026-06-03T10:02:04.422+0000] {processor.py:183} INFO - Processing /opt/airflow/dags/dag_bronze_ingestion.py took 0.306 seconds
[2026-06-03T10:02:34.966+0000] {processor.py:161} INFO - Started process (PID=785) to work on /opt/airflow/dags/dag_bronze_ingestion.py
[2026-06-03T10:02:34.969+0000] {processor.py:830} INFO - Processing file /opt/airflow/dags/dag_bronze_ingestion.py for tasks to queue
[2026-06-03T10:02:34.972+0000] {logging_mixin.py:188} INFO - [2026-06-03T10:02:34.972+0000] {dagbag.py:540} INFO - Filling up the DagBag from /opt/airflow/dags/dag_bronze_ingestion.py
[2026-06-03T10:02:35.040+0000] {processor.py:840} INFO - DAG(s) 'neuralretail_bronze_ingestion' retrieved from /opt/airflow/dags/dag_bronze_ingestion.py
[2026-06-03T10:02:35.068+0000] {logging_mixin.py:188} INFO - [2026-06-03T10:02:35.067+0000] {dag.py:3096} INFO - Sync 1 DAGs
[2026-06-03T10:02:35.096+0000] {logging_mixin.py:188} INFO - [2026-06-03T10:02:35.096+0000] {dag.py:3954} INFO - Setting next_dagrun for neuralretail_bronze_ingestion to 2026-06-02 02:00:00+00:00, run_after=2026-06-03 02:00:00+00:00
[2026-06-03T10:02:35.122+0000] {processor.py:183} INFO - Processing /opt/airflow/dags/dag_bronze_ingestion.py took 0.163 seconds
[2026-06-03T10:03:05.471+0000] {processor.py:161} INFO - Started process (PID=805) to work on /opt/airflow/dags/dag_bronze_ingestion.py
[2026-06-03T10:03:05.474+0000] {processor.py:830} INFO - Processing file /opt/airflow/dags/dag_bronze_ingestion.py for tasks to queue
[2026-06-03T10:03:05.479+0000] {logging_mixin.py:188} INFO - [2026-06-03T10:03:05.478+0000] {dagbag.py:540} INFO - Filling up the DagBag from /opt/airflow/dags/dag_bronze_ingestion.py
[2026-06-03T10:03:05.631+0000] {processor.py:840} INFO - DAG(s) 'neuralretail_bronze_ingestion' retrieved from /opt/airflow/dags/dag_bronze_ingestion.py
[2026-06-03T10:03:05.666+0000] {logging_mixin.py:188} INFO - [2026-06-03T10:03:05.665+0000] {dag.py:3096} INFO - Sync 1 DAGs
[2026-06-03T10:03:05.690+0000] {logging_mixin.py:188} INFO - [2026-06-03T10:03:05.690+0000] {dag.py:3954} INFO - Setting next_dagrun for neuralretail_bronze_ingestion to 2026-06-02 02:00:00+00:00, run_after=2026-06-03 02:00:00+00:00
[2026-06-03T10:03:05.719+0000] {processor.py:183} INFO - Processing /opt/airflow/dags/dag_bronze_ingestion.py took 0.253 seconds
[2026-06-03T10:03:35.857+0000] {processor.py:161} INFO - Started process (PID=825) to work on /opt/airflow/dags/dag_bronze_ingestion.py
[2026-06-03T10:03:35.859+0000] {processor.py:830} INFO - Processing file /opt/airflow/dags/dag_bronze_ingestion.py for tasks to queue
[2026-06-03T10:03:35.861+0000] {logging_mixin.py:188} INFO - [2026-06-03T10:03:35.860+0000] {dagbag.py:540} INFO - Filling up the DagBag from /opt/airflow/dags/dag_bronze_ingestion.py
[2026-06-03T10:03:35.909+0000] {processor.py:840} INFO - DAG(s) 'neuralretail_bronze_ingestion' retrieved from /opt/airflow/dags/dag_bronze_ingestion.py
[2026-06-03T10:03:35.930+0000] {logging_mixin.py:188} INFO - [2026-06-03T10:03:35.930+0000] {dag.py:3096} INFO - Sync 1 DAGs
[2026-06-03T10:03:35.949+0000] {logging_mixin.py:188} INFO - [2026-06-03T10:03:35.949+0000] {dag.py:3954} INFO - Setting next_dagrun for neuralretail_bronze_ingestion to 2026-06-02 02:00:00+00:00, run_after=2026-06-03 02:00:00+00:00
[2026-06-03T10:03:35.971+0000] {processor.py:183} INFO - Processing /opt/airflow/dags/dag_bronze_ingestion.py took 0.121 seconds
[2026-06-03T10:04:06.199+0000] {processor.py:161} INFO - Started process (PID=845) to work on /opt/airflow/dags/dag_bronze_ingestion.py
[2026-06-03T10:04:06.201+0000] {processor.py:830} INFO - Processing file /opt/airflow/dags/dag_bronze_ingestion.py for tasks to queue
[2026-06-03T10:04:06.203+0000] {logging_mixin.py:188} INFO - [2026-06-03T10:04:06.202+0000] {dagbag.py:540} INFO - Filling up the DagBag from /opt/airflow/dags/dag_bronze_ingestion.py
[2026-06-03T10:04:06.250+0000] {processor.py:840} INFO - DAG(s) 'neuralretail_bronze_ingestion' retrieved from /opt/airflow/dags/dag_bronze_ingestion.py
[2026-06-03T10:04:06.271+0000] {logging_mixin.py:188} INFO - [2026-06-03T10:04:06.271+0000] {dag.py:3096} INFO - Sync 1 DAGs
[2026-06-03T10:04:06.291+0000] {logging_mixin.py:188} INFO - [2026-06-03T10:04:06.290+0000] {dag.py:3954} INFO - Setting next_dagrun for neuralretail_bronze_ingestion to 2026-06-02 02:00:00+00:00, run_after=2026-06-03 02:00:00+00:00
[2026-06-03T10:04:06.313+0000] {processor.py:183} INFO - Processing /opt/airflow/dags/dag_bronze_ingestion.py took 0.123 seconds
[2026-06-03T10:04:36.686+0000] {processor.py:161} INFO - Started process (PID=865) to work on /opt/airflow/dags/dag_bronze_ingestion.py
[2026-06-03T10:04:36.688+0000] {processor.py:830} INFO - Processing file /opt/airflow/dags/dag_bronze_ingestion.py for tasks to queue
[2026-06-03T10:04:36.691+0000] {logging_mixin.py:188} INFO - [2026-06-03T10:04:36.691+0000] {dagbag.py:540} INFO - Filling up the DagBag from /opt/airflow/dags/dag_bronze_ingestion.py
[2026-06-03T10:04:36.728+0000] {processor.py:840} INFO - DAG(s) 'neuralretail_bronze_ingestion' retrieved from /opt/airflow/dags/dag_bronze_ingestion.py
[2026-06-03T10:04:36.754+0000] {logging_mixin.py:188} INFO - [2026-06-03T10:04:36.753+0000] {dag.py:3096} INFO - Sync 1 DAGs
[2026-06-03T10:04:36.773+0000] {logging_mixin.py:188} INFO - [2026-06-03T10:04:36.773+0000] {dag.py:3954} INFO - Setting next_dagrun for neuralretail_bronze_ingestion to 2026-06-02 02:00:00+00:00, run_after=2026-06-03 02:00:00+00:00
[2026-06-03T10:04:37.154+0000] {processor.py:183} INFO - Processing /opt/airflow/dags/dag_bronze_ingestion.py took 0.472 seconds
[2026-06-03T10:05:07.746+0000] {processor.py:161} INFO - Started process (PID=885) to work on /opt/airflow/dags/dag_bronze_ingestion.py
[2026-06-03T10:05:07.747+0000] {processor.py:830} INFO - Processing file /opt/airflow/dags/dag_bronze_ingestion.py for tasks to queue
[2026-06-03T10:05:07.749+0000] {logging_mixin.py:188} INFO - [2026-06-03T10:05:07.748+0000] {dagbag.py:540} INFO - Filling up the DagBag from /opt/airflow/dags/dag_bronze_ingestion.py
[2026-06-03T10:05:07.799+0000] {processor.py:840} INFO - DAG(s) 'neuralretail_bronze_ingestion' retrieved from /opt/airflow/dags/dag_bronze_ingestion.py
[2026-06-03T10:05:07.821+0000] {logging_mixin.py:188} INFO - [2026-06-03T10:05:07.821+0000] {dag.py:3096} INFO - Sync 1 DAGs
[2026-06-03T10:05:07.840+0000] {logging_mixin.py:188} INFO - [2026-06-03T10:05:07.840+0000] {dag.py:3954} INFO - Setting next_dagrun for neuralretail_bronze_ingestion to 2026-06-02 02:00:00+00:00, run_after=2026-06-03 02:00:00+00:00
[2026-06-03T10:05:07.869+0000] {processor.py:183} INFO - Processing /opt/airflow/dags/dag_bronze_ingestion.py took 0.128 seconds
[2026-06-03T10:05:39.082+0000] {processor.py:161} INFO - Started process (PID=905) to work on /opt/airflow/dags/dag_bronze_ingestion.py
[2026-06-03T10:05:39.090+0000] {processor.py:830} INFO - Processing file /opt/airflow/dags/dag_bronze_ingestion.py for tasks to queue
[2026-06-03T10:05:39.100+0000] {logging_mixin.py:188} INFO - [2026-06-03T10:05:39.100+0000] {dagbag.py:540} INFO - Filling up the DagBag from /opt/airflow/dags/dag_bronze_ingestion.py
[2026-06-03T10:05:39.345+0000] {processor.py:840} INFO - DAG(s) 'neuralretail_bronze_ingestion' retrieved from /opt/airflow/dags/dag_bronze_ingestion.py
[2026-06-03T10:05:39.377+0000] {logging_mixin.py:188} INFO - [2026-06-03T10:05:39.377+0000] {dag.py:3096} INFO - Sync 1 DAGs
[2026-06-03T10:05:39.419+0000] {logging_mixin.py:188} INFO - [2026-06-03T10:05:39.419+0000] {dag.py:3954} INFO - Setting next_dagrun for neuralretail_bronze_ingestion to 2026-06-02 02:00:00+00:00, run_after=2026-06-03 02:00:00+00:00
[2026-06-03T10:05:39.461+0000] {processor.py:183} INFO - Processing /opt/airflow/dags/dag_bronze_ingestion.py took 0.384 seconds
[2026-06-03T10:06:10.721+0000] {processor.py:161} INFO - Started process (PID=927) to work on /opt/airflow/dags/dag_bronze_ingestion.py
[2026-06-03T10:06:10.723+0000] {processor.py:830} INFO - Processing file /opt/airflow/dags/dag_bronze_ingestion.py for tasks to queue
[2026-06-03T10:06:10.725+0000] {logging_mixin.py:188} INFO - [2026-06-03T10:06:10.724+0000] {dagbag.py:540} INFO - Filling up the DagBag from /opt/airflow/dags/dag_bronze_ingestion.py
[2026-06-03T10:06:10.842+0000] {processor.py:840} INFO - DAG(s) 'neuralretail_bronze_ingestion' retrieved from /opt/airflow/dags/dag_bronze_ingestion.py
[2026-06-03T10:06:10.878+0000] {logging_mixin.py:188} INFO - [2026-06-03T10:06:10.877+0000] {dag.py:3096} INFO - Sync 1 DAGs
[2026-06-03T10:06:10.906+0000] {logging_mixin.py:188} INFO - [2026-06-03T10:06:10.906+0000] {dag.py:3954} INFO - Setting next_dagrun for neuralretail_bronze_ingestion to 2026-06-02 02:00:00+00:00, run_after=2026-06-03 02:00:00+00:00
[2026-06-03T10:06:10.948+0000] {processor.py:183} INFO - Processing /opt/airflow/dags/dag_bronze_ingestion.py took 0.234 seconds
[2026-06-03T10:06:41.620+0000] {processor.py:161} INFO - Started process (PID=947) to work on /opt/airflow/dags/dag_bronze_ingestion.py
[2026-06-03T10:06:41.624+0000] {processor.py:830} INFO - Processing file /opt/airflow/dags/dag_bronze_ingestion.py for tasks to queue
[2026-06-03T10:06:41.629+0000] {logging_mixin.py:188} INFO - [2026-06-03T10:06:41.628+0000] {dagbag.py:540} INFO - Filling up the DagBag from /opt/airflow/dags/dag_bronze_ingestion.py
[2026-06-03T10:06:41.695+0000] {processor.py:840} INFO - DAG(s) 'neuralretail_bronze_ingestion' retrieved from /opt/airflow/dags/dag_bronze_ingestion.py
[2026-06-03T10:06:41.727+0000] {logging_mixin.py:188} INFO - [2026-06-03T10:06:41.726+0000] {dag.py:3096} INFO - Sync 1 DAGs
[2026-06-03T10:06:41.762+0000] {logging_mixin.py:188} INFO - [2026-06-03T10:06:41.762+0000] {dag.py:3954} INFO - Setting next_dagrun for neuralretail_bronze_ingestion to 2026-06-02 02:00:00+00:00, run_after=2026-06-03 02:00:00+00:00
[2026-06-03T10:06:41.789+0000] {processor.py:183} INFO - Processing /opt/airflow/dags/dag_bronze_ingestion.py took 0.187 seconds
[2026-06-03T10:07:12.181+0000] {processor.py:161} INFO - Started process (PID=966) to work on /opt/airflow/dags/dag_bronze_ingestion.py
[2026-06-03T10:07:12.184+0000] {processor.py:830} INFO - Processing file /opt/airflow/dags/dag_bronze_ingestion.py for tasks to queue
[2026-06-03T10:07:12.188+0000] {logging_mixin.py:188} INFO - [2026-06-03T10:07:12.187+0000] {dagbag.py:540} INFO - Filling up the DagBag from /opt/airflow/dags/dag_bronze_ingestion.py
[2026-06-03T10:07:12.287+0000] {processor.py:840} INFO - DAG(s) 'neuralretail_bronze_ingestion' retrieved from /opt/airflow/dags/dag_bronze_ingestion.py
[2026-06-03T10:07:12.309+0000] {logging_mixin.py:188} INFO - [2026-06-03T10:07:12.309+0000] {dag.py:3096} INFO - Sync 1 DAGs
[2026-06-03T10:07:12.423+0000] {logging_mixin.py:188} INFO - [2026-06-03T10:07:12.423+0000] {dag.py:3954} INFO - Setting next_dagrun for neuralretail_bronze_ingestion to 2026-06-02 02:00:00+00:00, run_after=2026-06-03 02:00:00+00:00
[2026-06-03T10:07:12.458+0000] {processor.py:183} INFO - Processing /opt/airflow/dags/dag_bronze_ingestion.py took 0.290 seconds
[2026-06-03T10:07:42.844+0000] {processor.py:161} INFO - Started process (PID=985) to work on /opt/airflow/dags/dag_bronze_ingestion.py
[2026-06-03T10:07:42.848+0000] {processor.py:830} INFO - Processing file /opt/airflow/dags/dag_bronze_ingestion.py for tasks to queue
[2026-06-03T10:07:42.850+0000] {logging_mixin.py:188} INFO - [2026-06-03T10:07:42.850+0000] {dagbag.py:540} INFO - Filling up the DagBag from /opt/airflow/dags/dag_bronze_ingestion.py
[2026-06-03T10:07:42.912+0000] {processor.py:840} INFO - DAG(s) 'neuralretail_bronze_ingestion' retrieved from /opt/airflow/dags/dag_bronze_ingestion.py
[2026-06-03T10:07:42.933+0000] {logging_mixin.py:188} INFO - [2026-06-03T10:07:42.933+0000] {dag.py:3096} INFO - Sync 1 DAGs
[2026-06-03T10:07:42.953+0000] {logging_mixin.py:188} INFO - [2026-06-03T10:07:42.953+0000] {dag.py:3954} INFO - Setting next_dagrun for neuralretail_bronze_ingestion to 2026-06-02 02:00:00+00:00, run_after=2026-06-03 02:00:00+00:00
[2026-06-03T10:07:42.982+0000] {processor.py:183} INFO - Processing /opt/airflow/dags/dag_bronze_ingestion.py took 0.144 seconds
[2026-06-03T10:08:13.605+0000] {processor.py:161} INFO - Started process (PID=1005) to work on /opt/airflow/dags/dag_bronze_ingestion.py
[2026-06-03T10:08:13.607+0000] {processor.py:830} INFO - Processing file /opt/airflow/dags/dag_bronze_ingestion.py for tasks to queue
[2026-06-03T10:08:13.610+0000] {logging_mixin.py:188} INFO - [2026-06-03T10:08:13.610+0000] {dagbag.py:540} INFO - Filling up the DagBag from /opt/airflow/dags/dag_bronze_ingestion.py
[2026-06-03T10:08:13.690+0000] {processor.py:840} INFO - DAG(s) 'neuralretail_bronze_ingestion' retrieved from /opt/airflow/dags/dag_bronze_ingestion.py
[2026-06-03T10:08:13.712+0000] {logging_mixin.py:188} INFO - [2026-06-03T10:08:13.712+0000] {dag.py:3096} INFO - Sync 1 DAGs
[2026-06-03T10:08:13.733+0000] {logging_mixin.py:188} INFO - [2026-06-03T10:08:13.733+0000] {dag.py:3954} INFO - Setting next_dagrun for neuralretail_bronze_ingestion to 2026-06-02 02:00:00+00:00, run_after=2026-06-03 02:00:00+00:00
[2026-06-03T10:08:13.909+0000] {processor.py:183} INFO - Processing /opt/airflow/dags/dag_bronze_ingestion.py took 0.317 seconds
[2026-06-03T10:08:44.639+0000] {processor.py:161} INFO - Started process (PID=1027) to work on /opt/airflow/dags/dag_bronze_ingestion.py
[2026-06-03T10:08:44.641+0000] {processor.py:830} INFO - Processing file /opt/airflow/dags/dag_bronze_ingestion.py for tasks to queue
[2026-06-03T10:08:44.643+0000] {logging_mixin.py:188} INFO - [2026-06-03T10:08:44.643+0000] {dagbag.py:540} INFO - Filling up the DagBag from /opt/airflow/dags/dag_bronze_ingestion.py
[2026-06-03T10:08:44.779+0000] {processor.py:840} INFO - DAG(s) 'neuralretail_bronze_ingestion' retrieved from /opt/airflow/dags/dag_bronze_ingestion.py
[2026-06-03T10:08:44.950+0000] {logging_mixin.py:188} INFO - [2026-06-03T10:08:44.949+0000] {dag.py:3096} INFO - Sync 1 DAGs
[2026-06-03T10:08:44.970+0000] {logging_mixin.py:188} INFO - [2026-06-03T10:08:44.969+0000] {dag.py:3954} INFO - Setting next_dagrun for neuralretail_bronze_ingestion to 2026-06-02 02:00:00+00:00, run_after=2026-06-03 02:00:00+00:00
[2026-06-03T10:08:44.999+0000] {processor.py:183} INFO - Processing /opt/airflow/dags/dag_bronze_ingestion.py took 0.376 seconds
[2026-06-03T10:09:15.456+0000] {processor.py:161} INFO - Started process (PID=1047) to work on /opt/airflow/dags/dag_bronze_ingestion.py
[2026-06-03T10:09:15.458+0000] {processor.py:830} INFO - Processing file /opt/airflow/dags/dag_bronze_ingestion.py for tasks to queue
[2026-06-03T10:09:15.461+0000] {logging_mixin.py:188} INFO - [2026-06-03T10:09:15.460+0000] {dagbag.py:540} INFO - Filling up the DagBag from /opt/airflow/dags/dag_bronze_ingestion.py
[2026-06-03T10:09:15.533+0000] {processor.py:840} INFO - DAG(s) 'neuralretail_bronze_ingestion' retrieved from /opt/airflow/dags/dag_bronze_ingestion.py
[2026-06-03T10:09:15.578+0000] {logging_mixin.py:188} INFO - [2026-06-03T10:09:15.577+0000] {dag.py:3096} INFO - Sync 1 DAGs
[2026-06-03T10:09:15.626+0000] {logging_mixin.py:188} INFO - [2026-06-03T10:09:15.626+0000] {dag.py:3954} INFO - Setting next_dagrun for neuralretail_bronze_ingestion to 2026-06-02 02:00:00+00:00, run_after=2026-06-03 02:00:00+00:00
[2026-06-03T10:09:15.669+0000] {processor.py:183} INFO - Processing /opt/airflow/dags/dag_bronze_ingestion.py took 0.222 seconds
[2026-06-03T10:09:45.976+0000] {processor.py:161} INFO - Started process (PID=1067) to work on /opt/airflow/dags/dag_bronze_ingestion.py
[2026-06-03T10:09:45.980+0000] {processor.py:830} INFO - Processing file /opt/airflow/dags/dag_bronze_ingestion.py for tasks to queue
[2026-06-03T10:09:45.984+0000] {logging_mixin.py:188} INFO - [2026-06-03T10:09:45.983+0000] {dagbag.py:540} INFO - Filling up the DagBag from /opt/airflow/dags/dag_bronze_ingestion.py
[2026-06-03T10:09:46.070+0000] {processor.py:840} INFO - DAG(s) 'neuralretail_bronze_ingestion' retrieved from /opt/airflow/dags/dag_bronze_ingestion.py
[2026-06-03T10:09:46.116+0000] {logging_mixin.py:188} INFO - [2026-06-03T10:09:46.115+0000] {dag.py:3096} INFO - Sync 1 DAGs
[2026-06-03T10:09:46.150+0000] {logging_mixin.py:188} INFO - [2026-06-03T10:09:46.150+0000] {dag.py:3954} INFO - Setting next_dagrun for neuralretail_bronze_ingestion to 2026-06-02 02:00:00+00:00, run_after=2026-06-03 02:00:00+00:00
[2026-06-03T10:09:46.182+0000] {processor.py:183} INFO - Processing /opt/airflow/dags/dag_bronze_ingestion.py took 0.216 seconds
[2026-06-03T10:10:16.873+0000] {processor.py:161} INFO - Started process (PID=1087) to work on /opt/airflow/dags/dag_bronze_ingestion.py
[2026-06-03T10:10:16.877+0000] {processor.py:830} INFO - Processing file /opt/airflow/dags/dag_bronze_ingestion.py for tasks to queue
[2026-06-03T10:10:16.883+0000] {logging_mixin.py:188} INFO - [2026-06-03T10:10:16.882+0000] {dagbag.py:540} INFO - Filling up the DagBag from /opt/airflow/dags/dag_bronze_ingestion.py
[2026-06-03T10:10:16.998+0000] {processor.py:840} INFO - DAG(s) 'neuralretail_bronze_ingestion' retrieved from /opt/airflow/dags/dag_bronze_ingestion.py
[2026-06-03T10:10:17.049+0000] {logging_mixin.py:188} INFO - [2026-06-03T10:10:17.048+0000] {dag.py:3096} INFO - Sync 1 DAGs
[2026-06-03T10:10:17.108+0000] {logging_mixin.py:188} INFO - [2026-06-03T10:10:17.107+0000] {dag.py:3954} INFO - Setting next_dagrun for neuralretail_bronze_ingestion to 2026-06-02 02:00:00+00:00, run_after=2026-06-03 02:00:00+00:00
[2026-06-03T10:10:17.153+0000] {processor.py:183} INFO - Processing /opt/airflow/dags/dag_bronze_ingestion.py took 0.294 seconds
[2026-06-03T10:10:47.744+0000] {processor.py:161} INFO - Started process (PID=1107) to work on /opt/airflow/dags/dag_bronze_ingestion.py
[2026-06-03T10:10:47.746+0000] {processor.py:830} INFO - Processing file /opt/airflow/dags/dag_bronze_ingestion.py for tasks to queue
[2026-06-03T10:10:47.749+0000] {logging_mixin.py:188} INFO - [2026-06-03T10:10:47.749+0000] {dagbag.py:540} INFO - Filling up the DagBag from /opt/airflow/dags/dag_bronze_ingestion.py
[2026-06-03T10:10:47.812+0000] {processor.py:840} INFO - DAG(s) 'neuralretail_bronze_ingestion' retrieved from /opt/airflow/dags/dag_bronze_ingestion.py
[2026-06-03T10:10:47.850+0000] {logging_mixin.py:188} INFO - [2026-06-03T10:10:47.849+0000] {dag.py:3096} INFO - Sync 1 DAGs
[2026-06-03T10:10:47.878+0000] {logging_mixin.py:188} INFO - [2026-06-03T10:10:47.877+0000] {dag.py:3954} INFO - Setting next_dagrun for neuralretail_bronze_ingestion to 2026-06-02 02:00:00+00:00, run_after=2026-06-03 02:00:00+00:00
[2026-06-03T10:10:47.904+0000] {processor.py:183} INFO - Processing /opt/airflow/dags/dag_bronze_ingestion.py took 0.168 seconds
[2026-06-03T10:11:18.525+0000] {processor.py:161} INFO - Started process (PID=1127) to work on /opt/airflow/dags/dag_bronze_ingestion.py
[2026-06-03T10:11:18.527+0000] {processor.py:830} INFO - Processing file /opt/airflow/dags/dag_bronze_ingestion.py for tasks to queue
[2026-06-03T10:11:18.533+0000] {logging_mixin.py:188} INFO - [2026-06-03T10:11:18.532+0000] {dagbag.py:540} INFO - Filling up the DagBag from /opt/airflow/dags/dag_bronze_ingestion.py
[2026-06-03T10:11:18.609+0000] {processor.py:840} INFO - DAG(s) 'neuralretail_bronze_ingestion' retrieved from /opt/airflow/dags/dag_bronze_ingestion.py
[2026-06-03T10:11:18.666+0000] {logging_mixin.py:188} INFO - [2026-06-03T10:11:18.665+0000] {dag.py:3096} INFO - Sync 1 DAGs
[2026-06-03T10:11:18.715+0000] {logging_mixin.py:188} INFO - [2026-06-03T10:11:18.714+0000] {dag.py:3954} INFO - Setting next_dagrun for neuralretail_bronze_ingestion to 2026-06-02 02:00:00+00:00, run_after=2026-06-03 02:00:00+00:00
[2026-06-03T10:11:18.766+0000] {processor.py:183} INFO - Processing /opt/airflow/dags/dag_bronze_ingestion.py took 0.258 seconds
[2026-06-03T10:11:49.481+0000] {processor.py:161} INFO - Started process (PID=1145) to work on /opt/airflow/dags/dag_bronze_ingestion.py
[2026-06-03T10:11:49.486+0000] {processor.py:830} INFO - Processing file /opt/airflow/dags/dag_bronze_ingestion.py for tasks to queue
[2026-06-03T10:11:49.495+0000] {logging_mixin.py:188} INFO - [2026-06-03T10:11:49.495+0000] {dagbag.py:540} INFO - Filling up the DagBag from /opt/airflow/dags/dag_bronze_ingestion.py
[2026-06-03T10:11:49.641+0000] {processor.py:840} INFO - DAG(s) 'neuralretail_bronze_ingestion' retrieved from /opt/airflow/dags/dag_bronze_ingestion.py
[2026-06-03T10:11:49.676+0000] {logging_mixin.py:188} INFO - [2026-06-03T10:11:49.676+0000] {dag.py:3096} INFO - Sync 1 DAGs
[2026-06-03T10:11:49.699+0000] {logging_mixin.py:188} INFO - [2026-06-03T10:11:49.699+0000] {dag.py:3954} INFO - Setting next_dagrun for neuralretail_bronze_ingestion to 2026-06-02 02:00:00+00:00, run_after=2026-06-03 02:00:00+00:00
[2026-06-03T10:11:49.718+0000] {processor.py:183} INFO - Processing /opt/airflow/dags/dag_bronze_ingestion.py took 0.246 seconds
[2026-06-03T10:12:21.632+0000] {processor.py:161} INFO - Started process (PID=1165) to work on /opt/airflow/dags/dag_bronze_ingestion.py
[2026-06-03T10:12:21.635+0000] {processor.py:830} INFO - Processing file /opt/airflow/dags/dag_bronze_ingestion.py for tasks to queue
[2026-06-03T10:12:21.642+0000] {logging_mixin.py:188} INFO - [2026-06-03T10:12:21.642+0000] {dagbag.py:540} INFO - Filling up the DagBag from /opt/airflow/dags/dag_bronze_ingestion.py
[2026-06-03T10:12:21.757+0000] {processor.py:840} INFO - DAG(s) 'neuralretail_bronze_ingestion' retrieved from /opt/airflow/dags/dag_bronze_ingestion.py
[2026-06-03T10:12:21.781+0000] {logging_mixin.py:188} INFO - [2026-06-03T10:12:21.781+0000] {dag.py:3096} INFO - Sync 1 DAGs
[2026-06-03T10:12:21.811+0000] {logging_mixin.py:188} INFO - [2026-06-03T10:12:21.811+0000] {dag.py:3954} INFO - Setting next_dagrun for neuralretail_bronze_ingestion to 2026-06-02 02:00:00+00:00, run_after=2026-06-03 02:00:00+00:00
[2026-06-03T10:12:21.830+0000] {processor.py:183} INFO - Processing /opt/airflow/dags/dag_bronze_ingestion.py took 0.206 seconds
[2026-06-03T10:12:51.990+0000] {processor.py:161} INFO - Started process (PID=1185) to work on /opt/airflow/dags/dag_bronze_ingestion.py
[2026-06-03T10:12:51.993+0000] {processor.py:830} INFO - Processing file /opt/airflow/dags/dag_bronze_ingestion.py for tasks to queue
[2026-06-03T10:12:51.997+0000] {logging_mixin.py:188} INFO - [2026-06-03T10:12:51.997+0000] {dagbag.py:540} INFO - Filling up the DagBag from /opt/airflow/dags/dag_bronze_ingestion.py
[2026-06-03T10:12:52.058+0000] {processor.py:840} INFO - DAG(s) 'neuralretail_bronze_ingestion' retrieved from /opt/airflow/dags/dag_bronze_ingestion.py
[2026-06-03T10:12:52.083+0000] {logging_mixin.py:188} INFO - [2026-06-03T10:12:52.083+0000] {dag.py:3096} INFO - Sync 1 DAGs
[2026-06-03T10:12:52.106+0000] {logging_mixin.py:188} INFO - [2026-06-03T10:12:52.105+0000] {dag.py:3954} INFO - Setting next_dagrun for neuralretail_bronze_ingestion to 2026-06-02 02:00:00+00:00, run_after=2026-06-03 02:00:00+00:00
[2026-06-03T10:12:52.129+0000] {processor.py:183} INFO - Processing /opt/airflow/dags/dag_bronze_ingestion.py took 0.146 seconds
[2026-06-03T10:13:22.703+0000] {processor.py:161} INFO - Started process (PID=1205) to work on /opt/airflow/dags/dag_bronze_ingestion.py
[2026-06-03T10:13:22.704+0000] {processor.py:830} INFO - Processing file /opt/airflow/dags/dag_bronze_ingestion.py for tasks to queue
[2026-06-03T10:13:22.707+0000] {logging_mixin.py:188} INFO - [2026-06-03T10:13:22.707+0000] {dagbag.py:540} INFO - Filling up the DagBag from /opt/airflow/dags/dag_bronze_ingestion.py
[2026-06-03T10:13:22.753+0000] {processor.py:840} INFO - DAG(s) 'neuralretail_bronze_ingestion' retrieved from /opt/airflow/dags/dag_bronze_ingestion.py
[2026-06-03T10:13:22.781+0000] {logging_mixin.py:188} INFO - [2026-06-03T10:13:22.780+0000] {dag.py:3096} INFO - Sync 1 DAGs
[2026-06-03T10:13:22.804+0000] {logging_mixin.py:188} INFO - [2026-06-03T10:13:22.804+0000] {dag.py:3954} INFO - Setting next_dagrun for neuralretail_bronze_ingestion to 2026-06-02 02:00:00+00:00, run_after=2026-06-03 02:00:00+00:00
[2026-06-03T10:13:22.822+0000] {processor.py:183} INFO - Processing /opt/airflow/dags/dag_bronze_ingestion.py took 0.127 seconds
[2026-06-03T10:13:53.348+0000] {processor.py:161} INFO - Started process (PID=1225) to work on /opt/airflow/dags/dag_bronze_ingestion.py
[2026-06-03T10:13:53.350+0000] {processor.py:830} INFO - Processing file /opt/airflow/dags/dag_bronze_ingestion.py for tasks to queue
[2026-06-03T10:13:53.355+0000] {logging_mixin.py:188} INFO - [2026-06-03T10:13:53.355+0000] {dagbag.py:540} INFO - Filling up the DagBag from /opt/airflow/dags/dag_bronze_ingestion.py
[2026-06-03T10:13:53.480+0000] {processor.py:840} INFO - DAG(s) 'neuralretail_bronze_ingestion' retrieved from /opt/airflow/dags/dag_bronze_ingestion.py
[2026-06-03T10:13:53.526+0000] {logging_mixin.py:188} INFO - [2026-06-03T10:13:53.526+0000] {dag.py:3096} INFO - Sync 1 DAGs
[2026-06-03T10:13:53.558+0000] {logging_mixin.py:188} INFO - [2026-06-03T10:13:53.558+0000] {dag.py:3954} INFO - Setting next_dagrun for neuralretail_bronze_ingestion to 2026-06-02 02:00:00+00:00, run_after=2026-06-03 02:00:00+00:00
[2026-06-03T10:13:53.592+0000] {processor.py:183} INFO - Processing /opt/airflow/dags/dag_bronze_ingestion.py took 0.253 seconds
[2026-06-03T10:14:23.778+0000] {processor.py:161} INFO - Started process (PID=1245) to work on /opt/airflow/dags/dag_bronze_ingestion.py
[2026-06-03T10:14:23.784+0000] {processor.py:830} INFO - Processing file /opt/airflow/dags/dag_bronze_ingestion.py for tasks to queue
[2026-06-03T10:14:23.788+0000] {logging_mixin.py:188} INFO - [2026-06-03T10:14:23.788+0000] {dagbag.py:540} INFO - Filling up the DagBag from /opt/airflow/dags/dag_bronze_ingestion.py
[2026-06-03T10:14:23.869+0000] {processor.py:840} INFO - DAG(s) 'neuralretail_bronze_ingestion' retrieved from /opt/airflow/dags/dag_bronze_ingestion.py
[2026-06-03T10:14:23.892+0000] {logging_mixin.py:188} INFO - [2026-06-03T10:14:23.891+0000] {dag.py:3096} INFO - Sync 1 DAGs
[2026-06-03T10:14:23.912+0000] {logging_mixin.py:188} INFO - [2026-06-03T10:14:23.912+0000] {dag.py:3954} INFO - Setting next_dagrun for neuralretail_bronze_ingestion to 2026-06-02 02:00:00+00:00, run_after=2026-06-03 02:00:00+00:00
[2026-06-03T10:14:23.933+0000] {processor.py:183} INFO - Processing /opt/airflow/dags/dag_bronze_ingestion.py took 0.168 seconds
[2026-06-03T10:14:54.209+0000] {processor.py:161} INFO - Started process (PID=1265) to work on /opt/airflow/dags/dag_bronze_ingestion.py
[2026-06-03T10:14:54.211+0000] {processor.py:830} INFO - Processing file /opt/airflow/dags/dag_bronze_ingestion.py for tasks to queue
[2026-06-03T10:14:54.213+0000] {logging_mixin.py:188} INFO - [2026-06-03T10:14:54.212+0000] {dagbag.py:540} INFO - Filling up the DagBag from /opt/airflow/dags/dag_bronze_ingestion.py
[2026-06-03T10:14:54.267+0000] {processor.py:840} INFO - DAG(s) 'neuralretail_bronze_ingestion' retrieved from /opt/airflow/dags/dag_bronze_ingestion.py
[2026-06-03T10:14:54.293+0000] {logging_mixin.py:188} INFO - [2026-06-03T10:14:54.293+0000] {dag.py:3096} INFO - Sync 1 DAGs
[2026-06-03T10:14:54.313+0000] {logging_mixin.py:188} INFO - [2026-06-03T10:14:54.312+0000] {dag.py:3954} INFO - Setting next_dagrun for neuralretail_bronze_ingestion to 2026-06-02 02:00:00+00:00, run_after=2026-06-03 02:00:00+00:00
[2026-06-03T10:14:54.335+0000] {processor.py:183} INFO - Processing /opt/airflow/dags/dag_bronze_ingestion.py took 0.131 seconds
[2026-06-03T10:15:24.757+0000] {processor.py:161} INFO - Started process (PID=1285) to work on /opt/airflow/dags/dag_bronze_ingestion.py
[2026-06-03T10:15:24.761+0000] {processor.py:830} INFO - Processing file /opt/airflow/dags/dag_bronze_ingestion.py for tasks to queue
[2026-06-03T10:15:24.764+0000] {logging_mixin.py:188} INFO - [2026-06-03T10:15:24.763+0000] {dagbag.py:540} INFO - Filling up the DagBag from /opt/airflow/dags/dag_bronze_ingestion.py
[2026-06-03T10:15:24.867+0000] {processor.py:840} INFO - DAG(s) 'neuralretail_bronze_ingestion' retrieved from /opt/airflow/dags/dag_bronze_ingestion.py
[2026-06-03T10:15:24.948+0000] {logging_mixin.py:188} INFO - [2026-06-03T10:15:24.948+0000] {dag.py:3096} INFO - Sync 1 DAGs
[2026-06-03T10:15:25.007+0000] {logging_mixin.py:188} INFO - [2026-06-03T10:15:25.006+0000] {dag.py:3954} INFO - Setting next_dagrun for neuralretail_bronze_ingestion to 2026-06-02 02:00:00+00:00, run_after=2026-06-03 02:00:00+00:00
[2026-06-03T10:15:25.052+0000] {processor.py:183} INFO - Processing /opt/airflow/dags/dag_bronze_ingestion.py took 0.302 seconds
[2026-06-03T10:15:55.421+0000] {processor.py:161} INFO - Started process (PID=1307) to work on /opt/airflow/dags/dag_bronze_ingestion.py
[2026-06-03T10:15:55.423+0000] {processor.py:830} INFO - Processing file /opt/airflow/dags/dag_bronze_ingestion.py for tasks to queue
[2026-06-03T10:15:55.426+0000] {logging_mixin.py:188} INFO - [2026-06-03T10:15:55.426+0000] {dagbag.py:540} INFO - Filling up the DagBag from /opt/airflow/dags/dag_bronze_ingestion.py
[2026-06-03T10:15:55.533+0000] {processor.py:840} INFO - DAG(s) 'neuralretail_bronze_ingestion' retrieved from /opt/airflow/dags/dag_bronze_ingestion.py
[2026-06-03T10:15:55.582+0000] {logging_mixin.py:188} INFO - [2026-06-03T10:15:55.582+0000] {dag.py:3096} INFO - Sync 1 DAGs
[2026-06-03T10:15:55.618+0000] {logging_mixin.py:188} INFO - [2026-06-03T10:15:55.618+0000] {dag.py:3954} INFO - Setting next_dagrun for neuralretail_bronze_ingestion to 2026-06-02 02:00:00+00:00, run_after=2026-06-03 02:00:00+00:00
[2026-06-03T10:15:55.663+0000] {processor.py:183} INFO - Processing /opt/airflow/dags/dag_bronze_ingestion.py took 0.259 seconds
[2026-06-03T10:16:25.799+0000] {processor.py:161} INFO - Started process (PID=1325) to work on /opt/airflow/dags/dag_bronze_ingestion.py
[2026-06-03T10:16:25.800+0000] {processor.py:830} INFO - Processing file /opt/airflow/dags/dag_bronze_ingestion.py for tasks to queue
[2026-06-03T10:16:25.809+0000] {logging_mixin.py:188} INFO - [2026-06-03T10:16:25.809+0000] {dagbag.py:540} INFO - Filling up the DagBag from /opt/airflow/dags/dag_bronze_ingestion.py
[2026-06-03T10:16:25.925+0000] {processor.py:840} INFO - DAG(s) 'neuralretail_bronze_ingestion' retrieved from /opt/airflow/dags/dag_bronze_ingestion.py
[2026-06-03T10:16:25.962+0000] {logging_mixin.py:188} INFO - [2026-06-03T10:16:25.962+0000] {dag.py:3096} INFO - Sync 1 DAGs
[2026-06-03T10:16:25.987+0000] {logging_mixin.py:188} INFO - [2026-06-03T10:16:25.987+0000] {dag.py:3954} INFO - Setting next_dagrun for neuralretail_bronze_ingestion to 2026-06-02 02:00:00+00:00, run_after=2026-06-03 02:00:00+00:00
[2026-06-03T10:16:26.022+0000] {processor.py:183} INFO - Processing /opt/airflow/dags/dag_bronze_ingestion.py took 0.232 seconds
[2026-06-03T10:16:56.617+0000] {processor.py:161} INFO - Started process (PID=1347) to work on /opt/airflow/dags/dag_bronze_ingestion.py
[2026-06-03T10:16:56.621+0000] {processor.py:830} INFO - Processing file /opt/airflow/dags/dag_bronze_ingestion.py for tasks to queue
[2026-06-03T10:16:56.624+0000] {logging_mixin.py:188} INFO - [2026-06-03T10:16:56.623+0000] {dagbag.py:540} INFO - Filling up the DagBag from /opt/airflow/dags/dag_bronze_ingestion.py
[2026-06-03T10:16:56.728+0000] {processor.py:840} INFO - DAG(s) 'neuralretail_bronze_ingestion' retrieved from /opt/airflow/dags/dag_bronze_ingestion.py
[2026-06-03T10:16:56.758+0000] {logging_mixin.py:188} INFO - [2026-06-03T10:16:56.757+0000] {dag.py:3096} INFO - Sync 1 DAGs
[2026-06-03T10:16:56.793+0000] {logging_mixin.py:188} INFO - [2026-06-03T10:16:56.793+0000] {dag.py:3954} INFO - Setting next_dagrun for neuralretail_bronze_ingestion to 2026-06-02 02:00:00+00:00, run_after=2026-06-03 02:00:00+00:00
[2026-06-03T10:16:56.820+0000] {processor.py:183} INFO - Processing /opt/airflow/dags/dag_bronze_ingestion.py took 0.217 seconds
[2026-06-03T10:17:26.935+0000] {processor.py:161} INFO - Started process (PID=1367) to work on /opt/airflow/dags/dag_bronze_ingestion.py
[2026-06-03T10:17:26.951+0000] {processor.py:830} INFO - Processing file /opt/airflow/dags/dag_bronze_ingestion.py for tasks to queue
[2026-06-03T10:17:26.959+0000] {logging_mixin.py:188} INFO - [2026-06-03T10:17:26.958+0000] {dagbag.py:540} INFO - Filling up the DagBag from /opt/airflow/dags/dag_bronze_ingestion.py
[2026-06-03T10:17:27.802+0000] {processor.py:840} INFO - DAG(s) 'neuralretail_bronze_ingestion' retrieved from /opt/airflow/dags/dag_bronze_ingestion.py
[2026-06-03T10:17:27.831+0000] {logging_mixin.py:188} INFO - [2026-06-03T10:17:27.830+0000] {dag.py:3096} INFO - Sync 1 DAGs
[2026-06-03T10:17:27.861+0000] {logging_mixin.py:188} INFO - [2026-06-03T10:17:27.861+0000] {dag.py:3954} INFO - Setting next_dagrun for neuralretail_bronze_ingestion to 2026-06-02 02:00:00+00:00, run_after=2026-06-03 02:00:00+00:00
[2026-06-03T10:17:27.883+0000] {processor.py:183} INFO - Processing /opt/airflow/dags/dag_bronze_ingestion.py took 0.956 seconds
[2026-06-03T10:17:58.518+0000] {processor.py:161} INFO - Started process (PID=1387) to work on /opt/airflow/dags/dag_bronze_ingestion.py
[2026-06-03T10:17:58.522+0000] {processor.py:830} INFO - Processing file /opt/airflow/dags/dag_bronze_ingestion.py for tasks to queue
[2026-06-03T10:17:58.525+0000] {logging_mixin.py:188} INFO - [2026-06-03T10:17:58.525+0000] {dagbag.py:540} INFO - Filling up the DagBag from /opt/airflow/dags/dag_bronze_ingestion.py
[2026-06-03T10:17:58.561+0000] {processor.py:840} INFO - DAG(s) 'neuralretail_bronze_ingestion' retrieved from /opt/airflow/dags/dag_bronze_ingestion.py
[2026-06-03T10:17:58.584+0000] {logging_mixin.py:188} INFO - [2026-06-03T10:17:58.584+0000] {dag.py:3096} INFO - Sync 1 DAGs
[2026-06-03T10:17:58.604+0000] {logging_mixin.py:188} INFO - [2026-06-03T10:17:58.604+0000] {dag.py:3954} INFO - Setting next_dagrun for neuralretail_bronze_ingestion to 2026-06-02 02:00:00+00:00, run_after=2026-06-03 02:00:00+00:00
[2026-06-03T10:17:58.622+0000] {processor.py:183} INFO - Processing /opt/airflow/dags/dag_bronze_ingestion.py took 0.119 seconds
[2026-06-03T10:18:28.845+0000] {processor.py:161} INFO - Started process (PID=1405) to work on /opt/airflow/dags/dag_bronze_ingestion.py
[2026-06-03T10:18:28.851+0000] {processor.py:830} INFO - Processing file /opt/airflow/dags/dag_bronze_ingestion.py for tasks to queue
[2026-06-03T10:18:28.856+0000] {logging_mixin.py:188} INFO - [2026-06-03T10:18:28.856+0000] {dagbag.py:540} INFO - Filling up the DagBag from /opt/airflow/dags/dag_bronze_ingestion.py
[2026-06-03T10:18:28.961+0000] {processor.py:840} INFO - DAG(s) 'neuralretail_bronze_ingestion' retrieved from /opt/airflow/dags/dag_bronze_ingestion.py
[2026-06-03T10:18:29.002+0000] {logging_mixin.py:188} INFO - [2026-06-03T10:18:29.002+0000] {dag.py:3096} INFO - Sync 1 DAGs
[2026-06-03T10:18:29.048+0000] {logging_mixin.py:188} INFO - [2026-06-03T10:18:29.047+0000] {dag.py:3954} INFO - Setting next_dagrun for neuralretail_bronze_ingestion to 2026-06-02 02:00:00+00:00, run_after=2026-06-03 02:00:00+00:00
[2026-06-03T10:18:29.093+0000] {processor.py:183} INFO - Processing /opt/airflow/dags/dag_bronze_ingestion.py took 0.258 seconds
[2026-06-03T10:18:59.315+0000] {processor.py:161} INFO - Started process (PID=1425) to work on /opt/airflow/dags/dag_bronze_ingestion.py
[2026-06-03T10:18:59.319+0000] {processor.py:830} INFO - Processing file /opt/airflow/dags/dag_bronze_ingestion.py for tasks to queue
[2026-06-03T10:18:59.326+0000] {logging_mixin.py:188} INFO - [2026-06-03T10:18:59.325+0000] {dagbag.py:540} INFO - Filling up the DagBag from /opt/airflow/dags/dag_bronze_ingestion.py
[2026-06-03T10:18:59.442+0000] {processor.py:840} INFO - DAG(s) 'neuralretail_bronze_ingestion' retrieved from /opt/airflow/dags/dag_bronze_ingestion.py
[2026-06-03T10:18:59.483+0000] {logging_mixin.py:188} INFO - [2026-06-03T10:18:59.482+0000] {dag.py:3096} INFO - Sync 1 DAGs
[2026-06-03T10:18:59.511+0000] {logging_mixin.py:188} INFO - [2026-06-03T10:18:59.511+0000] {dag.py:3954} INFO - Setting next_dagrun for neuralretail_bronze_ingestion to 2026-06-02 02:00:00+00:00, run_after=2026-06-03 02:00:00+00:00
[2026-06-03T10:18:59.532+0000] {processor.py:183} INFO - Processing /opt/airflow/dags/dag_bronze_ingestion.py took 0.236 seconds
[2026-06-03T10:19:30.118+0000] {processor.py:161} INFO - Started process (PID=1445) to work on /opt/airflow/dags/dag_bronze_ingestion.py
[2026-06-03T10:19:30.121+0000] {processor.py:830} INFO - Processing file /opt/airflow/dags/dag_bronze_ingestion.py for tasks to queue
[2026-06-03T10:19:30.125+0000] {logging_mixin.py:188} INFO - [2026-06-03T10:19:30.124+0000] {dagbag.py:540} INFO - Filling up the DagBag from /opt/airflow/dags/dag_bronze_ingestion.py
[2026-06-03T10:19:30.229+0000] {processor.py:840} INFO - DAG(s) 'neuralretail_bronze_ingestion' retrieved from /opt/airflow/dags/dag_bronze_ingestion.py
[2026-06-03T10:19:30.288+0000] {logging_mixin.py:188} INFO - [2026-06-03T10:19:30.288+0000] {dag.py:3096} INFO - Sync 1 DAGs
[2026-06-03T10:19:30.342+0000] {logging_mixin.py:188} INFO - [2026-06-03T10:19:30.341+0000] {dag.py:3954} INFO - Setting next_dagrun for neuralretail_bronze_ingestion to 2026-06-02 02:00:00+00:00, run_after=2026-06-03 02:00:00+00:00
[2026-06-03T10:19:30.394+0000] {processor.py:183} INFO - Processing /opt/airflow/dags/dag_bronze_ingestion.py took 0.296 seconds
[2026-06-03T10:20:00.563+0000] {processor.py:161} INFO - Started process (PID=1465) to work on /opt/airflow/dags/dag_bronze_ingestion.py
[2026-06-03T10:20:00.570+0000] {processor.py:830} INFO - Processing file /opt/airflow/dags/dag_bronze_ingestion.py for tasks to queue
[2026-06-03T10:20:00.576+0000] {logging_mixin.py:188} INFO - [2026-06-03T10:20:00.574+0000] {dagbag.py:540} INFO - Filling up the DagBag from /opt/airflow/dags/dag_bronze_ingestion.py
[2026-06-03T10:20:00.638+0000] {processor.py:840} INFO - DAG(s) 'neuralretail_bronze_ingestion' retrieved from /opt/airflow/dags/dag_bronze_ingestion.py
[2026-06-03T10:20:00.668+0000] {logging_mixin.py:188} INFO - [2026-06-03T10:20:00.668+0000] {dag.py:3096} INFO - Sync 1 DAGs
[2026-06-03T10:20:00.702+0000] {logging_mixin.py:188} INFO - [2026-06-03T10:20:00.702+0000] {dag.py:3954} INFO - Setting next_dagrun for neuralretail_bronze_ingestion to 2026-06-02 02:00:00+00:00, run_after=2026-06-03 02:00:00+00:00
[2026-06-03T10:20:00.727+0000] {processor.py:183} INFO - Processing /opt/airflow/dags/dag_bronze_ingestion.py took 0.172 seconds
[2026-06-03T10:20:31.061+0000] {processor.py:161} INFO - Started process (PID=1485) to work on /opt/airflow/dags/dag_bronze_ingestion.py
[2026-06-03T10:20:31.062+0000] {processor.py:830} INFO - Processing file /opt/airflow/dags/dag_bronze_ingestion.py for tasks to queue
[2026-06-03T10:20:31.063+0000] {logging_mixin.py:188} INFO - [2026-06-03T10:20:31.063+0000] {dagbag.py:540} INFO - Filling up the DagBag from /opt/airflow/dags/dag_bronze_ingestion.py
[2026-06-03T10:20:31.103+0000] {processor.py:840} INFO - DAG(s) 'neuralretail_bronze_ingestion' retrieved from /opt/airflow/dags/dag_bronze_ingestion.py
[2026-06-03T10:20:31.135+0000] {logging_mixin.py:188} INFO - [2026-06-03T10:20:31.135+0000] {dag.py:3096} INFO - Sync 1 DAGs
[2026-06-03T10:20:31.158+0000] {logging_mixin.py:188} INFO - [2026-06-03T10:20:31.158+0000] {dag.py:3954} INFO - Setting next_dagrun for neuralretail_bronze_ingestion to 2026-06-02 02:00:00+00:00, run_after=2026-06-03 02:00:00+00:00
[2026-06-03T10:20:31.178+0000] {processor.py:183} INFO - Processing /opt/airflow/dags/dag_bronze_ingestion.py took 0.123 seconds
[2026-06-03T10:21:01.619+0000] {processor.py:161} INFO - Started process (PID=1505) to work on /opt/airflow/dags/dag_bronze_ingestion.py
[2026-06-03T10:21:01.623+0000] {processor.py:830} INFO - Processing file /opt/airflow/dags/dag_bronze_ingestion.py for tasks to queue
[2026-06-03T10:21:01.626+0000] {logging_mixin.py:188} INFO - [2026-06-03T10:21:01.626+0000] {dagbag.py:540} INFO - Filling up the DagBag from /opt/airflow/dags/dag_bronze_ingestion.py
[2026-06-03T10:21:01.751+0000] {processor.py:840} INFO - DAG(s) 'neuralretail_bronze_ingestion' retrieved from /opt/airflow/dags/dag_bronze_ingestion.py
[2026-06-03T10:21:01.795+0000] {logging_mixin.py:188} INFO - [2026-06-03T10:21:01.795+0000] {dag.py:3096} INFO - Sync 1 DAGs
[2026-06-03T10:21:01.819+0000] {logging_mixin.py:188} INFO - [2026-06-03T10:21:01.819+0000] {dag.py:3954} INFO - Setting next_dagrun for neuralretail_bronze_ingestion to 2026-06-02 02:00:00+00:00, run_after=2026-06-03 02:00:00+00:00
[2026-06-03T10:21:01.840+0000] {processor.py:183} INFO - Processing /opt/airflow/dags/dag_bronze_ingestion.py took 0.228 seconds
[2026-06-03T10:21:32.565+0000] {processor.py:161} INFO - Started process (PID=1525) to work on /opt/airflow/dags/dag_bronze_ingestion.py
[2026-06-03T10:21:32.566+0000] {processor.py:830} INFO - Processing file /opt/airflow/dags/dag_bronze_ingestion.py for tasks to queue
[2026-06-03T10:21:32.569+0000] {logging_mixin.py:188} INFO - [2026-06-03T10:21:32.569+0000] {dagbag.py:540} INFO - Filling up the DagBag from /opt/airflow/dags/dag_bronze_ingestion.py
[2026-06-03T10:21:32.738+0000] {processor.py:840} INFO - DAG(s) 'neuralretail_bronze_ingestion' retrieved from /opt/airflow/dags/dag_bronze_ingestion.py
[2026-06-03T10:21:32.779+0000] {logging_mixin.py:188} INFO - [2026-06-03T10:21:32.778+0000] {dag.py:3096} INFO - Sync 1 DAGs
[2026-06-03T10:21:32.816+0000] {logging_mixin.py:188} INFO - [2026-06-03T10:21:32.816+0000] {dag.py:3954} INFO - Setting next_dagrun for neuralretail_bronze_ingestion to 2026-06-02 02:00:00+00:00, run_after=2026-06-03 02:00:00+00:00
[2026-06-03T10:21:32.844+0000] {processor.py:183} INFO - Processing /opt/airflow/dags/dag_bronze_ingestion.py took 0.293 seconds
[2026-06-03T10:22:03.190+0000] {processor.py:161} INFO - Started process (PID=1545) to work on /opt/airflow/dags/dag_bronze_ingestion.py
[2026-06-03T10:22:03.192+0000] {processor.py:830} INFO - Processing file /opt/airflow/dags/dag_bronze_ingestion.py for tasks to queue
[2026-06-03T10:22:03.194+0000] {logging_mixin.py:188} INFO - [2026-06-03T10:22:03.194+0000] {dagbag.py:540} INFO - Filling up the DagBag from /opt/airflow/dags/dag_bronze_ingestion.py
[2026-06-03T10:22:03.264+0000] {processor.py:840} INFO - DAG(s) 'neuralretail_bronze_ingestion' retrieved from /opt/airflow/dags/dag_bronze_ingestion.py
[2026-06-03T10:22:03.291+0000] {logging_mixin.py:188} INFO - [2026-06-03T10:22:03.291+0000] {dag.py:3096} INFO - Sync 1 DAGs
[2026-06-03T10:22:03.322+0000] {logging_mixin.py:188} INFO - [2026-06-03T10:22:03.322+0000] {dag.py:3954} INFO - Setting next_dagrun for neuralretail_bronze_ingestion to 2026-06-02 02:00:00+00:00, run_after=2026-06-03 02:00:00+00:00
[2026-06-03T10:22:03.349+0000] {processor.py:183} INFO - Processing /opt/airflow/dags/dag_bronze_ingestion.py took 0.167 seconds
[2026-06-03T10:22:33.877+0000] {processor.py:161} INFO - Started process (PID=1565) to work on /opt/airflow/dags/dag_bronze_ingestion.py
[2026-06-03T10:22:33.880+0000] {processor.py:830} INFO - Processing file /opt/airflow/dags/dag_bronze_ingestion.py for tasks to queue
[2026-06-03T10:22:33.891+0000] {logging_mixin.py:188} INFO - [2026-06-03T10:22:33.891+0000] {dagbag.py:540} INFO - Filling up the DagBag from /opt/airflow/dags/dag_bronze_ingestion.py
[2026-06-03T10:22:34.074+0000] {processor.py:840} INFO - DAG(s) 'neuralretail_bronze_ingestion' retrieved from /opt/airflow/dags/dag_bronze_ingestion.py
[2026-06-03T10:22:34.094+0000] {logging_mixin.py:188} INFO - [2026-06-03T10:22:34.094+0000] {dag.py:3096} INFO - Sync 1 DAGs
[2026-06-03T10:22:34.114+0000] {logging_mixin.py:188} INFO - [2026-06-03T10:22:34.114+0000] {dag.py:3954} INFO - Setting next_dagrun for neuralretail_bronze_ingestion to 2026-06-02 02:00:00+00:00, run_after=2026-06-03 02:00:00+00:00
[2026-06-03T10:22:34.140+0000] {processor.py:183} INFO - Processing /opt/airflow/dags/dag_bronze_ingestion.py took 0.277 seconds
[2026-06-03T10:23:04.307+0000] {processor.py:161} INFO - Started process (PID=1585) to work on /opt/airflow/dags/dag_bronze_ingestion.py
[2026-06-03T10:23:04.309+0000] {processor.py:830} INFO - Processing file /opt/airflow/dags/dag_bronze_ingestion.py for tasks to queue
[2026-06-03T10:23:04.312+0000] {logging_mixin.py:188} INFO - [2026-06-03T10:23:04.311+0000] {dagbag.py:540} INFO - Filling up the DagBag from /opt/airflow/dags/dag_bronze_ingestion.py
[2026-06-03T10:23:04.363+0000] {processor.py:840} INFO - DAG(s) 'neuralretail_bronze_ingestion' retrieved from /opt/airflow/dags/dag_bronze_ingestion.py
[2026-06-03T10:23:04.384+0000] {logging_mixin.py:188} INFO - [2026-06-03T10:23:04.384+0000] {dag.py:3096} INFO - Sync 1 DAGs
[2026-06-03T10:23:04.407+0000] {logging_mixin.py:188} INFO - [2026-06-03T10:23:04.406+0000] {dag.py:3954} INFO - Setting next_dagrun for neuralretail_bronze_ingestion to 2026-06-02 02:00:00+00:00, run_after=2026-06-03 02:00:00+00:00
[2026-06-03T10:23:04.427+0000] {processor.py:183} INFO - Processing /opt/airflow/dags/dag_bronze_ingestion.py took 0.125 seconds
[2026-06-03T10:23:35.195+0000] {processor.py:161} INFO - Started process (PID=1605) to work on /opt/airflow/dags/dag_bronze_ingestion.py
[2026-06-03T10:23:35.198+0000] {processor.py:830} INFO - Processing file /opt/airflow/dags/dag_bronze_ingestion.py for tasks to queue
[2026-06-03T10:23:35.200+0000] {logging_mixin.py:188} INFO - [2026-06-03T10:23:35.200+0000] {dagbag.py:540} INFO - Filling up the DagBag from /opt/airflow/dags/dag_bronze_ingestion.py
[2026-06-03T10:23:35.260+0000] {processor.py:840} INFO - DAG(s) 'neuralretail_bronze_ingestion' retrieved from /opt/airflow/dags/dag_bronze_ingestion.py
[2026-06-03T10:23:35.288+0000] {logging_mixin.py:188} INFO - [2026-06-03T10:23:35.288+0000] {dag.py:3096} INFO - Sync 1 DAGs
[2026-06-03T10:23:35.308+0000] {logging_mixin.py:188} INFO - [2026-06-03T10:23:35.308+0000] {dag.py:3954} INFO - Setting next_dagrun for neuralretail_bronze_ingestion to 2026-06-02 02:00:00+00:00, run_after=2026-06-03 02:00:00+00:00
[2026-06-03T10:23:35.353+0000] {processor.py:183} INFO - Processing /opt/airflow/dags/dag_bronze_ingestion.py took 0.163 seconds
[2026-06-03T10:24:05.905+0000] {processor.py:161} INFO - Started process (PID=1625) to work on /opt/airflow/dags/dag_bronze_ingestion.py
[2026-06-03T10:24:05.907+0000] {processor.py:830} INFO - Processing file /opt/airflow/dags/dag_bronze_ingestion.py for tasks to queue
[2026-06-03T10:24:05.909+0000] {logging_mixin.py:188} INFO - [2026-06-03T10:24:05.909+0000] {dagbag.py:540} INFO - Filling up the DagBag from /opt/airflow/dags/dag_bronze_ingestion.py
[2026-06-03T10:24:05.954+0000] {processor.py:840} INFO - DAG(s) 'neuralretail_bronze_ingestion' retrieved from /opt/airflow/dags/dag_bronze_ingestion.py
[2026-06-03T10:24:05.981+0000] {logging_mixin.py:188} INFO - [2026-06-03T10:24:05.980+0000] {dag.py:3096} INFO - Sync 1 DAGs
[2026-06-03T10:24:06.004+0000] {logging_mixin.py:188} INFO - [2026-06-03T10:24:06.004+0000] {dag.py:3954} INFO - Setting next_dagrun for neuralretail_bronze_ingestion to 2026-06-02 02:00:00+00:00, run_after=2026-06-03 02:00:00+00:00
[2026-06-03T10:24:06.032+0000] {processor.py:183} INFO - Processing /opt/airflow/dags/dag_bronze_ingestion.py took 0.134 seconds
[2026-06-03T10:24:36.643+0000] {processor.py:161} INFO - Started process (PID=1645) to work on /opt/airflow/dags/dag_bronze_ingestion.py
[2026-06-03T10:24:36.644+0000] {processor.py:830} INFO - Processing file /opt/airflow/dags/dag_bronze_ingestion.py for tasks to queue
[2026-06-03T10:24:36.646+0000] {logging_mixin.py:188} INFO - [2026-06-03T10:24:36.646+0000] {dagbag.py:540} INFO - Filling up the DagBag from /opt/airflow/dags/dag_bronze_ingestion.py
[2026-06-03T10:24:36.712+0000] {processor.py:840} INFO - DAG(s) 'neuralretail_bronze_ingestion' retrieved from /opt/airflow/dags/dag_bronze_ingestion.py
[2026-06-03T10:24:36.732+0000] {logging_mixin.py:188} INFO - [2026-06-03T10:24:36.732+0000] {dag.py:3096} INFO - Sync 1 DAGs
[2026-06-03T10:24:36.762+0000] {logging_mixin.py:188} INFO - [2026-06-03T10:24:36.761+0000] {dag.py:3954} INFO - Setting next_dagrun for neuralretail_bronze_ingestion to 2026-06-02 02:00:00+00:00, run_after=2026-06-03 02:00:00+00:00
[2026-06-03T10:24:36.787+0000] {processor.py:183} INFO - Processing /opt/airflow/dags/dag_bronze_ingestion.py took 0.150 seconds
[2026-06-03T10:25:06.940+0000] {processor.py:161} INFO - Started process (PID=1665) to work on /opt/airflow/dags/dag_bronze_ingestion.py
[2026-06-03T10:25:06.943+0000] {processor.py:830} INFO - Processing file /opt/airflow/dags/dag_bronze_ingestion.py for tasks to queue
[2026-06-03T10:25:06.946+0000] {logging_mixin.py:188} INFO - [2026-06-03T10:25:06.945+0000] {dagbag.py:540} INFO - Filling up the DagBag from /opt/airflow/dags/dag_bronze_ingestion.py
[2026-06-03T10:25:07.013+0000] {processor.py:840} INFO - DAG(s) 'neuralretail_bronze_ingestion' retrieved from /opt/airflow/dags/dag_bronze_ingestion.py
[2026-06-03T10:25:07.058+0000] {logging_mixin.py:188} INFO - [2026-06-03T10:25:07.058+0000] {dag.py:3096} INFO - Sync 1 DAGs
[2026-06-03T10:25:07.092+0000] {logging_mixin.py:188} INFO - [2026-06-03T10:25:07.091+0000] {dag.py:3954} INFO - Setting next_dagrun for neuralretail_bronze_ingestion to 2026-06-02 02:00:00+00:00, run_after=2026-06-03 02:00:00+00:00
[2026-06-03T10:25:07.131+0000] {processor.py:183} INFO - Processing /opt/airflow/dags/dag_bronze_ingestion.py took 0.198 seconds
[2026-06-03T10:25:37.481+0000] {processor.py:161} INFO - Started process (PID=1685) to work on /opt/airflow/dags/dag_bronze_ingestion.py
[2026-06-03T10:25:37.490+0000] {processor.py:830} INFO - Processing file /opt/airflow/dags/dag_bronze_ingestion.py for tasks to queue
[2026-06-03T10:25:37.504+0000] {logging_mixin.py:188} INFO - [2026-06-03T10:25:37.504+0000] {dagbag.py:540} INFO - Filling up the DagBag from /opt/airflow/dags/dag_bronze_ingestion.py
[2026-06-03T10:25:37.648+0000] {processor.py:840} INFO - DAG(s) 'neuralretail_bronze_ingestion' retrieved from /opt/airflow/dags/dag_bronze_ingestion.py
[2026-06-03T10:25:37.695+0000] {logging_mixin.py:188} INFO - [2026-06-03T10:25:37.695+0000] {dag.py:3096} INFO - Sync 1 DAGs
[2026-06-03T10:25:37.745+0000] {logging_mixin.py:188} INFO - [2026-06-03T10:25:37.745+0000] {dag.py:3954} INFO - Setting next_dagrun for neuralretail_bronze_ingestion to 2026-06-02 02:00:00+00:00, run_after=2026-06-03 02:00:00+00:00
[2026-06-03T10:25:37.831+0000] {processor.py:183} INFO - Processing /opt/airflow/dags/dag_bronze_ingestion.py took 0.361 seconds
[2026-06-03T10:26:08.003+0000] {processor.py:161} INFO - Started process (PID=1705) to work on /opt/airflow/dags/dag_bronze_ingestion.py
[2026-06-03T10:26:08.005+0000] {processor.py:830} INFO - Processing file /opt/airflow/dags/dag_bronze_ingestion.py for tasks to queue
[2026-06-03T10:26:08.008+0000] {logging_mixin.py:188} INFO - [2026-06-03T10:26:08.008+0000] {dagbag.py:540} INFO - Filling up the DagBag from /opt/airflow/dags/dag_bronze_ingestion.py
[2026-06-03T10:26:08.092+0000] {processor.py:840} INFO - DAG(s) 'neuralretail_bronze_ingestion' retrieved from /opt/airflow/dags/dag_bronze_ingestion.py
[2026-06-03T10:26:08.144+0000] {logging_mixin.py:188} INFO - [2026-06-03T10:26:08.143+0000] {dag.py:3096} INFO - Sync 1 DAGs
[2026-06-03T10:26:08.188+0000] {logging_mixin.py:188} INFO - [2026-06-03T10:26:08.187+0000] {dag.py:3954} INFO - Setting next_dagrun for neuralretail_bronze_ingestion to 2026-06-02 02:00:00+00:00, run_after=2026-06-03 02:00:00+00:00
[2026-06-03T10:26:08.225+0000] {processor.py:183} INFO - Processing /opt/airflow/dags/dag_bronze_ingestion.py took 0.226 seconds
[2026-06-03T10:26:38.478+0000] {processor.py:161} INFO - Started process (PID=1725) to work on /opt/airflow/dags/dag_bronze_ingestion.py
[2026-06-03T10:26:38.480+0000] {processor.py:830} INFO - Processing file /opt/airflow/dags/dag_bronze_ingestion.py for tasks to queue
[2026-06-03T10:26:38.484+0000] {logging_mixin.py:188} INFO - [2026-06-03T10:26:38.483+0000] {dagbag.py:540} INFO - Filling up the DagBag from /opt/airflow/dags/dag_bronze_ingestion.py
[2026-06-03T10:26:38.538+0000] {processor.py:840} INFO - DAG(s) 'neuralretail_bronze_ingestion' retrieved from /opt/airflow/dags/dag_bronze_ingestion.py
[2026-06-03T10:26:38.561+0000] {logging_mixin.py:188} INFO - [2026-06-03T10:26:38.560+0000] {dag.py:3096} INFO - Sync 1 DAGs
[2026-06-03T10:26:38.583+0000] {logging_mixin.py:188} INFO - [2026-06-03T10:26:38.583+0000] {dag.py:3954} INFO - Setting next_dagrun for neuralretail_bronze_ingestion to 2026-06-02 02:00:00+00:00, run_after=2026-06-03 02:00:00+00:00
[2026-06-03T10:26:38.607+0000] {processor.py:183} INFO - Processing /opt/airflow/dags/dag_bronze_ingestion.py took 0.137 seconds
[2026-06-03T10:27:08.861+0000] {processor.py:161} INFO - Started process (PID=1745) to work on /opt/airflow/dags/dag_bronze_ingestion.py
[2026-06-03T10:27:08.864+0000] {processor.py:830} INFO - Processing file /opt/airflow/dags/dag_bronze_ingestion.py for tasks to queue
[2026-06-03T10:27:08.867+0000] {logging_mixin.py:188} INFO - [2026-06-03T10:27:08.866+0000] {dagbag.py:540} INFO - Filling up the DagBag from /opt/airflow/dags/dag_bronze_ingestion.py
[2026-06-03T10:27:08.914+0000] {processor.py:840} INFO - DAG(s) 'neuralretail_bronze_ingestion' retrieved from /opt/airflow/dags/dag_bronze_ingestion.py
[2026-06-03T10:27:08.943+0000] {logging_mixin.py:188} INFO - [2026-06-03T10:27:08.942+0000] {dag.py:3096} INFO - Sync 1 DAGs
[2026-06-03T10:27:08.967+0000] {logging_mixin.py:188} INFO - [2026-06-03T10:27:08.967+0000] {dag.py:3954} INFO - Setting next_dagrun for neuralretail_bronze_ingestion to 2026-06-02 02:00:00+00:00, run_after=2026-06-03 02:00:00+00:00
[2026-06-03T10:27:08.995+0000] {processor.py:183} INFO - Processing /opt/airflow/dags/dag_bronze_ingestion.py took 0.141 seconds
[2026-06-03T10:27:39.696+0000] {processor.py:161} INFO - Started process (PID=1765) to work on /opt/airflow/dags/dag_bronze_ingestion.py
[2026-06-03T10:27:39.709+0000] {processor.py:830} INFO - Processing file /opt/airflow/dags/dag_bronze_ingestion.py for tasks to queue
[2026-06-03T10:27:39.728+0000] {logging_mixin.py:188} INFO - [2026-06-03T10:27:39.727+0000] {dagbag.py:540} INFO - Filling up the DagBag from /opt/airflow/dags/dag_bronze_ingestion.py
[2026-06-03T10:27:39.861+0000] {processor.py:840} INFO - DAG(s) 'neuralretail_bronze_ingestion' retrieved from /opt/airflow/dags/dag_bronze_ingestion.py
[2026-06-03T10:27:39.893+0000] {logging_mixin.py:188} INFO - [2026-06-03T10:27:39.892+0000] {dag.py:3096} INFO - Sync 1 DAGs
[2026-06-03T10:27:39.918+0000] {logging_mixin.py:188} INFO - [2026-06-03T10:27:39.918+0000] {dag.py:3954} INFO - Setting next_dagrun for neuralretail_bronze_ingestion to 2026-06-02 02:00:00+00:00, run_after=2026-06-03 02:00:00+00:00
[2026-06-03T10:27:39.947+0000] {processor.py:183} INFO - Processing /opt/airflow/dags/dag_bronze_ingestion.py took 0.258 seconds
[2026-06-03T10:28:10.867+0000] {processor.py:161} INFO - Started process (PID=1785) to work on /opt/airflow/dags/dag_bronze_ingestion.py
[2026-06-03T10:28:10.869+0000] {processor.py:830} INFO - Processing file /opt/airflow/dags/dag_bronze_ingestion.py for tasks to queue
[2026-06-03T10:28:10.872+0000] {logging_mixin.py:188} INFO - [2026-06-03T10:28:10.872+0000] {dagbag.py:540} INFO - Filling up the DagBag from /opt/airflow/dags/dag_bronze_ingestion.py
[2026-06-03T10:28:10.979+0000] {processor.py:840} INFO - DAG(s) 'neuralretail_bronze_ingestion' retrieved from /opt/airflow/dags/dag_bronze_ingestion.py
[2026-06-03T10:28:11.051+0000] {logging_mixin.py:188} INFO - [2026-06-03T10:28:11.050+0000] {dag.py:3096} INFO - Sync 1 DAGs
[2026-06-03T10:28:11.086+0000] {logging_mixin.py:188} INFO - [2026-06-03T10:28:11.086+0000] {dag.py:3954} INFO - Setting next_dagrun for neuralretail_bronze_ingestion to 2026-06-02 02:00:00+00:00, run_after=2026-06-03 02:00:00+00:00
[2026-06-03T10:28:11.115+0000] {processor.py:183} INFO - Processing /opt/airflow/dags/dag_bronze_ingestion.py took 0.263 seconds
[2026-06-03T10:28:41.331+0000] {processor.py:161} INFO - Started process (PID=1805) to work on /opt/airflow/dags/dag_bronze_ingestion.py
[2026-06-03T10:28:41.332+0000] {processor.py:830} INFO - Processing file /opt/airflow/dags/dag_bronze_ingestion.py for tasks to queue
[2026-06-03T10:28:41.334+0000] {logging_mixin.py:188} INFO - [2026-06-03T10:28:41.334+0000] {dagbag.py:540} INFO - Filling up the DagBag from /opt/airflow/dags/dag_bronze_ingestion.py
[2026-06-03T10:28:41.379+0000] {processor.py:840} INFO - DAG(s) 'neuralretail_bronze_ingestion' retrieved from /opt/airflow/dags/dag_bronze_ingestion.py
[2026-06-03T10:28:41.405+0000] {logging_mixin.py:188} INFO - [2026-06-03T10:28:41.405+0000] {dag.py:3096} INFO - Sync 1 DAGs
[2026-06-03T10:28:41.431+0000] {logging_mixin.py:188} INFO - [2026-06-03T10:28:41.431+0000] {dag.py:3954} INFO - Setting next_dagrun for neuralretail_bronze_ingestion to 2026-06-02 02:00:00+00:00, run_after=2026-06-03 02:00:00+00:00
[2026-06-03T10:28:41.451+0000] {processor.py:183} INFO - Processing /opt/airflow/dags/dag_bronze_ingestion.py took 0.125 seconds
[2026-06-03T10:29:11.933+0000] {processor.py:161} INFO - Started process (PID=1825) to work on /opt/airflow/dags/dag_bronze_ingestion.py
[2026-06-03T10:29:11.937+0000] {processor.py:830} INFO - Processing file /opt/airflow/dags/dag_bronze_ingestion.py for tasks to queue
[2026-06-03T10:29:11.943+0000] {logging_mixin.py:188} INFO - [2026-06-03T10:29:11.942+0000] {dagbag.py:540} INFO - Filling up the DagBag from /opt/airflow/dags/dag_bronze_ingestion.py
[2026-06-03T10:29:12.011+0000] {processor.py:840} INFO - DAG(s) 'neuralretail_bronze_ingestion' retrieved from /opt/airflow/dags/dag_bronze_ingestion.py
[2026-06-03T10:29:12.044+0000] {logging_mixin.py:188} INFO - [2026-06-03T10:29:12.043+0000] {dag.py:3096} INFO - Sync 1 DAGs
[2026-06-03T10:29:12.067+0000] {logging_mixin.py:188} INFO - [2026-06-03T10:29:12.067+0000] {dag.py:3954} INFO - Setting next_dagrun for neuralretail_bronze_ingestion to 2026-06-02 02:00:00+00:00, run_after=2026-06-03 02:00:00+00:00
[2026-06-03T10:29:12.093+0000] {processor.py:183} INFO - Processing /opt/airflow/dags/dag_bronze_ingestion.py took 0.169 seconds
[2026-06-03T10:29:42.450+0000] {processor.py:161} INFO - Started process (PID=1845) to work on /opt/airflow/dags/dag_bronze_ingestion.py
[2026-06-03T10:29:42.452+0000] {processor.py:830} INFO - Processing file /opt/airflow/dags/dag_bronze_ingestion.py for tasks to queue
[2026-06-03T10:29:42.454+0000] {logging_mixin.py:188} INFO - [2026-06-03T10:29:42.454+0000] {dagbag.py:540} INFO - Filling up the DagBag from /opt/airflow/dags/dag_bronze_ingestion.py
[2026-06-03T10:29:42.508+0000] {processor.py:840} INFO - DAG(s) 'neuralretail_bronze_ingestion' retrieved from /opt/airflow/dags/dag_bronze_ingestion.py
[2026-06-03T10:29:42.568+0000] {logging_mixin.py:188} INFO - [2026-06-03T10:29:42.567+0000] {dag.py:3096} INFO - Sync 1 DAGs
[2026-06-03T10:29:42.630+0000] {logging_mixin.py:188} INFO - [2026-06-03T10:29:42.629+0000] {dag.py:3954} INFO - Setting next_dagrun for neuralretail_bronze_ingestion to 2026-06-02 02:00:00+00:00, run_after=2026-06-03 02:00:00+00:00
[2026-06-03T10:29:42.657+0000] {processor.py:183} INFO - Processing /opt/airflow/dags/dag_bronze_ingestion.py took 0.213 seconds
[2026-06-03T10:30:12.922+0000] {processor.py:161} INFO - Started process (PID=1865) to work on /opt/airflow/dags/dag_bronze_ingestion.py
[2026-06-03T10:30:12.927+0000] {processor.py:830} INFO - Processing file /opt/airflow/dags/dag_bronze_ingestion.py for tasks to queue
[2026-06-03T10:30:12.933+0000] {logging_mixin.py:188} INFO - [2026-06-03T10:30:12.932+0000] {dagbag.py:540} INFO - Filling up the DagBag from /opt/airflow/dags/dag_bronze_ingestion.py
[2026-06-03T10:30:13.052+0000] {processor.py:840} INFO - DAG(s) 'neuralretail_bronze_ingestion' retrieved from /opt/airflow/dags/dag_bronze_ingestion.py
[2026-06-03T10:30:13.098+0000] {logging_mixin.py:188} INFO - [2026-06-03T10:30:13.098+0000] {dag.py:3096} INFO - Sync 1 DAGs
[2026-06-03T10:30:13.149+0000] {logging_mixin.py:188} INFO - [2026-06-03T10:30:13.149+0000] {dag.py:3954} INFO - Setting next_dagrun for neuralretail_bronze_ingestion to 2026-06-02 02:00:00+00:00, run_after=2026-06-03 02:00:00+00:00
[2026-06-03T10:30:13.222+0000] {processor.py:183} INFO - Processing /opt/airflow/dags/dag_bronze_ingestion.py took 0.312 seconds
[2026-06-03T10:30:43.406+0000] {processor.py:161} INFO - Started process (PID=1882) to work on /opt/airflow/dags/dag_bronze_ingestion.py
[2026-06-03T10:30:43.409+0000] {processor.py:830} INFO - Processing file /opt/airflow/dags/dag_bronze_ingestion.py for tasks to queue
[2026-06-03T10:30:43.412+0000] {logging_mixin.py:188} INFO - [2026-06-03T10:30:43.411+0000] {dagbag.py:540} INFO - Filling up the DagBag from /opt/airflow/dags/dag_bronze_ingestion.py
[2026-06-03T10:30:43.536+0000] {processor.py:840} INFO - DAG(s) 'neuralretail_bronze_ingestion' retrieved from /opt/airflow/dags/dag_bronze_ingestion.py
[2026-06-03T10:30:43.577+0000] {logging_mixin.py:188} INFO - [2026-06-03T10:30:43.576+0000] {dag.py:3096} INFO - Sync 1 DAGs
[2026-06-03T10:30:43.621+0000] {logging_mixin.py:188} INFO - [2026-06-03T10:30:43.621+0000] {dag.py:3954} INFO - Setting next_dagrun for neuralretail_bronze_ingestion to 2026-06-02 02:00:00+00:00, run_after=2026-06-03 02:00:00+00:00
[2026-06-03T10:30:43.660+0000] {processor.py:183} INFO - Processing /opt/airflow/dags/dag_bronze_ingestion.py took 0.271 seconds
[2026-06-03T10:31:13.891+0000] {processor.py:161} INFO - Started process (PID=1905) to work on /opt/airflow/dags/dag_bronze_ingestion.py
[2026-06-03T10:31:13.893+0000] {processor.py:830} INFO - Processing file /opt/airflow/dags/dag_bronze_ingestion.py for tasks to queue
[2026-06-03T10:31:13.896+0000] {logging_mixin.py:188} INFO - [2026-06-03T10:31:13.895+0000] {dagbag.py:540} INFO - Filling up the DagBag from /opt/airflow/dags/dag_bronze_ingestion.py
[2026-06-03T10:31:13.964+0000] {processor.py:840} INFO - DAG(s) 'neuralretail_bronze_ingestion' retrieved from /opt/airflow/dags/dag_bronze_ingestion.py
[2026-06-03T10:31:14.001+0000] {logging_mixin.py:188} INFO - [2026-06-03T10:31:14.000+0000] {dag.py:3096} INFO - Sync 1 DAGs
[2026-06-03T10:31:14.035+0000] {logging_mixin.py:188} INFO - [2026-06-03T10:31:14.035+0000] {dag.py:3954} INFO - Setting next_dagrun for neuralretail_bronze_ingestion to 2026-06-02 02:00:00+00:00, run_after=2026-06-03 02:00:00+00:00
[2026-06-03T10:31:14.054+0000] {processor.py:183} INFO - Processing /opt/airflow/dags/dag_bronze_ingestion.py took 0.172 seconds
[2026-06-03T10:31:44.485+0000] {processor.py:161} INFO - Started process (PID=1925) to work on /opt/airflow/dags/dag_bronze_ingestion.py
[2026-06-03T10:31:44.488+0000] {processor.py:830} INFO - Processing file /opt/airflow/dags/dag_bronze_ingestion.py for tasks to queue
[2026-06-03T10:31:44.495+0000] {logging_mixin.py:188} INFO - [2026-06-03T10:31:44.494+0000] {dagbag.py:540} INFO - Filling up the DagBag from /opt/airflow/dags/dag_bronze_ingestion.py
[2026-06-03T10:31:44.617+0000] {processor.py:840} INFO - DAG(s) 'neuralretail_bronze_ingestion' retrieved from /opt/airflow/dags/dag_bronze_ingestion.py
[2026-06-03T10:31:44.648+0000] {logging_mixin.py:188} INFO - [2026-06-03T10:31:44.647+0000] {dag.py:3096} INFO - Sync 1 DAGs
[2026-06-03T10:31:44.683+0000] {logging_mixin.py:188} INFO - [2026-06-03T10:31:44.683+0000] {dag.py:3954} INFO - Setting next_dagrun for neuralretail_bronze_ingestion to 2026-06-02 02:00:00+00:00, run_after=2026-06-03 02:00:00+00:00
[2026-06-03T10:31:44.722+0000] {processor.py:183} INFO - Processing /opt/airflow/dags/dag_bronze_ingestion.py took 0.250 seconds
[2026-06-03T10:32:15.541+0000] {processor.py:161} INFO - Started process (PID=1945) to work on /opt/airflow/dags/dag_bronze_ingestion.py
[2026-06-03T10:32:15.545+0000] {processor.py:830} INFO - Processing file /opt/airflow/dags/dag_bronze_ingestion.py for tasks to queue
[2026-06-03T10:32:15.548+0000] {logging_mixin.py:188} INFO - [2026-06-03T10:32:15.547+0000] {dagbag.py:540} INFO - Filling up the DagBag from /opt/airflow/dags/dag_bronze_ingestion.py
[2026-06-03T10:32:15.595+0000] {processor.py:840} INFO - DAG(s) 'neuralretail_bronze_ingestion' retrieved from /opt/airflow/dags/dag_bronze_ingestion.py
[2026-06-03T10:32:15.624+0000] {logging_mixin.py:188} INFO - [2026-06-03T10:32:15.624+0000] {dag.py:3096} INFO - Sync 1 DAGs
[2026-06-03T10:32:15.656+0000] {logging_mixin.py:188} INFO - [2026-06-03T10:32:15.655+0000] {dag.py:3954} INFO - Setting next_dagrun for neuralretail_bronze_ingestion to 2026-06-02 02:00:00+00:00, run_after=2026-06-03 02:00:00+00:00
[2026-06-03T10:32:15.675+0000] {processor.py:183} INFO - Processing /opt/airflow/dags/dag_bronze_ingestion.py took 0.143 seconds
[2026-06-03T10:32:45.904+0000] {processor.py:161} INFO - Started process (PID=1965) to work on /opt/airflow/dags/dag_bronze_ingestion.py
[2026-06-03T10:32:45.908+0000] {processor.py:830} INFO - Processing file /opt/airflow/dags/dag_bronze_ingestion.py for tasks to queue
[2026-06-03T10:32:45.914+0000] {logging_mixin.py:188} INFO - [2026-06-03T10:32:45.912+0000] {dagbag.py:540} INFO - Filling up the DagBag from /opt/airflow/dags/dag_bronze_ingestion.py
[2026-06-03T10:32:46.061+0000] {processor.py:840} INFO - DAG(s) 'neuralretail_bronze_ingestion' retrieved from /opt/airflow/dags/dag_bronze_ingestion.py
[2026-06-03T10:32:46.109+0000] {logging_mixin.py:188} INFO - [2026-06-03T10:32:46.108+0000] {dag.py:3096} INFO - Sync 1 DAGs
[2026-06-03T10:32:46.155+0000] {logging_mixin.py:188} INFO - [2026-06-03T10:32:46.154+0000] {dag.py:3954} INFO - Setting next_dagrun for neuralretail_bronze_ingestion to 2026-06-02 02:00:00+00:00, run_after=2026-06-03 02:00:00+00:00
[2026-06-03T10:32:46.199+0000] {processor.py:183} INFO - Processing /opt/airflow/dags/dag_bronze_ingestion.py took 0.310 seconds
[2026-06-03T10:33:16.931+0000] {processor.py:161} INFO - Started process (PID=1985) to work on /opt/airflow/dags/dag_bronze_ingestion.py
[2026-06-03T10:33:16.934+0000] {processor.py:830} INFO - Processing file /opt/airflow/dags/dag_bronze_ingestion.py for tasks to queue
[2026-06-03T10:33:16.939+0000] {logging_mixin.py:188} INFO - [2026-06-03T10:33:16.938+0000] {dagbag.py:540} INFO - Filling up the DagBag from /opt/airflow/dags/dag_bronze_ingestion.py
[2026-06-03T10:33:17.047+0000] {processor.py:840} INFO - DAG(s) 'neuralretail_bronze_ingestion' retrieved from /opt/airflow/dags/dag_bronze_ingestion.py
[2026-06-03T10:33:17.072+0000] {logging_mixin.py:188} INFO - [2026-06-03T10:33:17.072+0000] {dag.py:3096} INFO - Sync 1 DAGs
[2026-06-03T10:33:17.096+0000] {logging_mixin.py:188} INFO - [2026-06-03T10:33:17.096+0000] {dag.py:3954} INFO - Setting next_dagrun for neuralretail_bronze_ingestion to 2026-06-02 02:00:00+00:00, run_after=2026-06-03 02:00:00+00:00
[2026-06-03T10:33:17.125+0000] {processor.py:183} INFO - Processing /opt/airflow/dags/dag_bronze_ingestion.py took 0.213 seconds
[2026-06-03T10:33:48.152+0000] {processor.py:161} INFO - Started process (PID=2005) to work on /opt/airflow/dags/dag_bronze_ingestion.py
[2026-06-03T10:33:48.160+0000] {processor.py:830} INFO - Processing file /opt/airflow/dags/dag_bronze_ingestion.py for tasks to queue
[2026-06-03T10:33:48.165+0000] {logging_mixin.py:188} INFO - [2026-06-03T10:33:48.164+0000] {dagbag.py:540} INFO - Filling up the DagBag from /opt/airflow/dags/dag_bronze_ingestion.py
[2026-06-03T10:33:48.286+0000] {processor.py:840} INFO - DAG(s) 'neuralretail_bronze_ingestion' retrieved from /opt/airflow/dags/dag_bronze_ingestion.py
[2026-06-03T10:33:48.316+0000] {logging_mixin.py:188} INFO - [2026-06-03T10:33:48.316+0000] {dag.py:3096} INFO - Sync 1 DAGs
[2026-06-03T10:33:48.344+0000] {logging_mixin.py:188} INFO - [2026-06-03T10:33:48.344+0000] {dag.py:3954} INFO - Setting next_dagrun for neuralretail_bronze_ingestion to 2026-06-02 02:00:00+00:00, run_after=2026-06-03 02:00:00+00:00
[2026-06-03T10:33:48.370+0000] {processor.py:183} INFO - Processing /opt/airflow/dags/dag_bronze_ingestion.py took 0.233 seconds
[2026-06-03T10:34:18.791+0000] {processor.py:161} INFO - Started process (PID=2025) to work on /opt/airflow/dags/dag_bronze_ingestion.py
[2026-06-03T10:34:18.793+0000] {processor.py:830} INFO - Processing file /opt/airflow/dags/dag_bronze_ingestion.py for tasks to queue
[2026-06-03T10:34:18.794+0000] {logging_mixin.py:188} INFO - [2026-06-03T10:34:18.794+0000] {dagbag.py:540} INFO - Filling up the DagBag from /opt/airflow/dags/dag_bronze_ingestion.py
[2026-06-03T10:34:18.849+0000] {processor.py:840} INFO - DAG(s) 'neuralretail_bronze_ingestion' retrieved from /opt/airflow/dags/dag_bronze_ingestion.py
[2026-06-03T10:34:18.881+0000] {logging_mixin.py:188} INFO - [2026-06-03T10:34:18.881+0000] {dag.py:3096} INFO - Sync 1 DAGs
[2026-06-03T10:34:18.908+0000] {logging_mixin.py:188} INFO - [2026-06-03T10:34:18.908+0000] {dag.py:3954} INFO - Setting next_dagrun for neuralretail_bronze_ingestion to 2026-06-02 02:00:00+00:00, run_after=2026-06-03 02:00:00+00:00
[2026-06-03T10:34:18.933+0000] {processor.py:183} INFO - Processing /opt/airflow/dags/dag_bronze_ingestion.py took 0.149 seconds
[2026-06-03T10:34:49.224+0000] {processor.py:161} INFO - Started process (PID=2045) to work on /opt/airflow/dags/dag_bronze_ingestion.py
[2026-06-03T10:34:49.228+0000] {processor.py:830} INFO - Processing file /opt/airflow/dags/dag_bronze_ingestion.py for tasks to queue
[2026-06-03T10:34:49.232+0000] {logging_mixin.py:188} INFO - [2026-06-03T10:34:49.231+0000] {dagbag.py:540} INFO - Filling up the DagBag from /opt/airflow/dags/dag_bronze_ingestion.py
[2026-06-03T10:34:49.313+0000] {processor.py:840} INFO - DAG(s) 'neuralretail_bronze_ingestion' retrieved from /opt/airflow/dags/dag_bronze_ingestion.py
[2026-06-03T10:34:49.358+0000] {logging_mixin.py:188} INFO - [2026-06-03T10:34:49.357+0000] {dag.py:3096} INFO - Sync 1 DAGs
[2026-06-03T10:34:49.418+0000] {logging_mixin.py:188} INFO - [2026-06-03T10:34:49.418+0000] {dag.py:3954} INFO - Setting next_dagrun for neuralretail_bronze_ingestion to 2026-06-02 02:00:00+00:00, run_after=2026-06-03 02:00:00+00:00
[2026-06-03T10:34:49.446+0000] {processor.py:183} INFO - Processing /opt/airflow/dags/dag_bronze_ingestion.py took 0.233 seconds
[2026-06-03T10:35:19.766+0000] {processor.py:161} INFO - Started process (PID=2065) to work on /opt/airflow/dags/dag_bronze_ingestion.py
[2026-06-03T10:35:19.770+0000] {processor.py:830} INFO - Processing file /opt/airflow/dags/dag_bronze_ingestion.py for tasks to queue
[2026-06-03T10:35:19.777+0000] {logging_mixin.py:188} INFO - [2026-06-03T10:35:19.776+0000] {dagbag.py:540} INFO - Filling up the DagBag from /opt/airflow/dags/dag_bronze_ingestion.py
[2026-06-03T10:35:19.869+0000] {processor.py:840} INFO - DAG(s) 'neuralretail_bronze_ingestion' retrieved from /opt/airflow/dags/dag_bronze_ingestion.py
[2026-06-03T10:35:19.937+0000] {logging_mixin.py:188} INFO - [2026-06-03T10:35:19.936+0000] {dag.py:3096} INFO - Sync 1 DAGs
[2026-06-03T10:35:19.989+0000] {logging_mixin.py:188} INFO - [2026-06-03T10:35:19.989+0000] {dag.py:3954} INFO - Setting next_dagrun for neuralretail_bronze_ingestion to 2026-06-02 02:00:00+00:00, run_after=2026-06-03 02:00:00+00:00
[2026-06-03T10:35:20.016+0000] {processor.py:183} INFO - Processing /opt/airflow/dags/dag_bronze_ingestion.py took 0.269 seconds
[2026-06-03T10:35:50.392+0000] {processor.py:161} INFO - Started process (PID=2085) to work on /opt/airflow/dags/dag_bronze_ingestion.py
[2026-06-03T10:35:50.394+0000] {processor.py:830} INFO - Processing file /opt/airflow/dags/dag_bronze_ingestion.py for tasks to queue
[2026-06-03T10:35:50.396+0000] {logging_mixin.py:188} INFO - [2026-06-03T10:35:50.396+0000] {dagbag.py:540} INFO - Filling up the DagBag from /opt/airflow/dags/dag_bronze_ingestion.py
[2026-06-03T10:35:50.469+0000] {processor.py:840} INFO - DAG(s) 'neuralretail_bronze_ingestion' retrieved from /opt/airflow/dags/dag_bronze_ingestion.py
[2026-06-03T10:35:50.493+0000] {logging_mixin.py:188} INFO - [2026-06-03T10:35:50.493+0000] {dag.py:3096} INFO - Sync 1 DAGs
[2026-06-03T10:35:50.519+0000] {logging_mixin.py:188} INFO - [2026-06-03T10:35:50.518+0000] {dag.py:3954} INFO - Setting next_dagrun for neuralretail_bronze_ingestion to 2026-06-02 02:00:00+00:00, run_after=2026-06-03 02:00:00+00:00
[2026-06-03T10:35:50.547+0000] {processor.py:183} INFO - Processing /opt/airflow/dags/dag_bronze_ingestion.py took 0.160 seconds
[2026-06-03T10:36:21.498+0000] {processor.py:161} INFO - Started process (PID=2105) to work on /opt/airflow/dags/dag_bronze_ingestion.py
[2026-06-03T10:36:21.500+0000] {processor.py:830} INFO - Processing file /opt/airflow/dags/dag_bronze_ingestion.py for tasks to queue
[2026-06-03T10:36:21.504+0000] {logging_mixin.py:188} INFO - [2026-06-03T10:36:21.504+0000] {dagbag.py:540} INFO - Filling up the DagBag from /opt/airflow/dags/dag_bronze_ingestion.py
[2026-06-03T10:36:21.659+0000] {processor.py:840} INFO - DAG(s) 'neuralretail_bronze_ingestion' retrieved from /opt/airflow/dags/dag_bronze_ingestion.py
[2026-06-03T10:36:21.688+0000] {logging_mixin.py:188} INFO - [2026-06-03T10:36:21.688+0000] {dag.py:3096} INFO - Sync 1 DAGs
[2026-06-03T10:36:21.716+0000] {logging_mixin.py:188} INFO - [2026-06-03T10:36:21.716+0000] {dag.py:3954} INFO - Setting next_dagrun for neuralretail_bronze_ingestion to 2026-06-02 02:00:00+00:00, run_after=2026-06-03 02:00:00+00:00
[2026-06-03T10:36:21.736+0000] {processor.py:183} INFO - Processing /opt/airflow/dags/dag_bronze_ingestion.py took 0.244 seconds
[2026-06-03T10:36:52.579+0000] {processor.py:161} INFO - Started process (PID=2125) to work on /opt/airflow/dags/dag_bronze_ingestion.py
[2026-06-03T10:36:52.581+0000] {processor.py:830} INFO - Processing file /opt/airflow/dags/dag_bronze_ingestion.py for tasks to queue
[2026-06-03T10:36:52.583+0000] {logging_mixin.py:188} INFO - [2026-06-03T10:36:52.582+0000] {dagbag.py:540} INFO - Filling up the DagBag from /opt/airflow/dags/dag_bronze_ingestion.py
[2026-06-03T10:36:52.631+0000] {processor.py:840} INFO - DAG(s) 'neuralretail_bronze_ingestion' retrieved from /opt/airflow/dags/dag_bronze_ingestion.py
[2026-06-03T10:36:52.654+0000] {logging_mixin.py:188} INFO - [2026-06-03T10:36:52.653+0000] {dag.py:3096} INFO - Sync 1 DAGs
[2026-06-03T10:36:52.679+0000] {logging_mixin.py:188} INFO - [2026-06-03T10:36:52.678+0000] {dag.py:3954} INFO - Setting next_dagrun for neuralretail_bronze_ingestion to 2026-06-02 02:00:00+00:00, run_after=2026-06-03 02:00:00+00:00
[2026-06-03T10:36:52.697+0000] {processor.py:183} INFO - Processing /opt/airflow/dags/dag_bronze_ingestion.py took 0.128 seconds
[2026-06-03T10:37:23.014+0000] {processor.py:161} INFO - Started process (PID=2145) to work on /opt/airflow/dags/dag_bronze_ingestion.py
[2026-06-03T10:37:23.015+0000] {processor.py:830} INFO - Processing file /opt/airflow/dags/dag_bronze_ingestion.py for tasks to queue
[2026-06-03T10:37:23.019+0000] {logging_mixin.py:188} INFO - [2026-06-03T10:37:23.018+0000] {dagbag.py:540} INFO - Filling up the DagBag from /opt/airflow/dags/dag_bronze_ingestion.py
[2026-06-03T10:37:23.098+0000] {processor.py:840} INFO - DAG(s) 'neuralretail_bronze_ingestion' retrieved from /opt/airflow/dags/dag_bronze_ingestion.py
[2026-06-03T10:37:23.145+0000] {logging_mixin.py:188} INFO - [2026-06-03T10:37:23.144+0000] {dag.py:3096} INFO - Sync 1 DAGs
[2026-06-03T10:37:23.213+0000] {logging_mixin.py:188} INFO - [2026-06-03T10:37:23.212+0000] {dag.py:3954} INFO - Setting next_dagrun for neuralretail_bronze_ingestion to 2026-06-02 02:00:00+00:00, run_after=2026-06-03 02:00:00+00:00
[2026-06-03T10:37:23.251+0000] {processor.py:183} INFO - Processing /opt/airflow/dags/dag_bronze_ingestion.py took 0.244 seconds
[2026-06-03T10:37:53.680+0000] {processor.py:161} INFO - Started process (PID=2165) to work on /opt/airflow/dags/dag_bronze_ingestion.py
[2026-06-03T10:37:53.682+0000] {processor.py:830} INFO - Processing file /opt/airflow/dags/dag_bronze_ingestion.py for tasks to queue
[2026-06-03T10:37:53.687+0000] {logging_mixin.py:188} INFO - [2026-06-03T10:37:53.687+0000] {dagbag.py:540} INFO - Filling up the DagBag from /opt/airflow/dags/dag_bronze_ingestion.py
[2026-06-03T10:37:53.749+0000] {processor.py:840} INFO - DAG(s) 'neuralretail_bronze_ingestion' retrieved from /opt/airflow/dags/dag_bronze_ingestion.py
[2026-06-03T10:37:53.786+0000] {logging_mixin.py:188} INFO - [2026-06-03T10:37:53.785+0000] {dag.py:3096} INFO - Sync 1 DAGs
[2026-06-03T10:37:53.821+0000] {logging_mixin.py:188} INFO - [2026-06-03T10:37:53.821+0000] {dag.py:3954} INFO - Setting next_dagrun for neuralretail_bronze_ingestion to 2026-06-02 02:00:00+00:00, run_after=2026-06-03 02:00:00+00:00
[2026-06-03T10:37:53.841+0000] {processor.py:183} INFO - Processing /opt/airflow/dags/dag_bronze_ingestion.py took 0.167 seconds
[2026-06-03T10:38:24.770+0000] {processor.py:161} INFO - Started process (PID=2185) to work on /opt/airflow/dags/dag_bronze_ingestion.py
[2026-06-03T10:38:24.775+0000] {processor.py:830} INFO - Processing file /opt/airflow/dags/dag_bronze_ingestion.py for tasks to queue
[2026-06-03T10:38:24.779+0000] {logging_mixin.py:188} INFO - [2026-06-03T10:38:24.779+0000] {dagbag.py:540} INFO - Filling up the DagBag from /opt/airflow/dags/dag_bronze_ingestion.py
[2026-06-03T10:38:24.858+0000] {processor.py:840} INFO - DAG(s) 'neuralretail_bronze_ingestion' retrieved from /opt/airflow/dags/dag_bronze_ingestion.py
[2026-06-03T10:38:24.881+0000] {logging_mixin.py:188} INFO - [2026-06-03T10:38:24.881+0000] {dag.py:3096} INFO - Sync 1 DAGs
[2026-06-03T10:38:24.901+0000] {logging_mixin.py:188} INFO - [2026-06-03T10:38:24.901+0000] {dag.py:3954} INFO - Setting next_dagrun for neuralretail_bronze_ingestion to 2026-06-02 02:00:00+00:00, run_after=2026-06-03 02:00:00+00:00
[2026-06-03T10:38:24.922+0000] {processor.py:183} INFO - Processing /opt/airflow/dags/dag_bronze_ingestion.py took 0.162 seconds
[2026-06-03T10:38:55.107+0000] {processor.py:161} INFO - Started process (PID=2202) to work on /opt/airflow/dags/dag_bronze_ingestion.py
[2026-06-03T10:38:55.108+0000] {processor.py:830} INFO - Processing file /opt/airflow/dags/dag_bronze_ingestion.py for tasks to queue
[2026-06-03T10:38:55.111+0000] {logging_mixin.py:188} INFO - [2026-06-03T10:38:55.110+0000] {dagbag.py:540} INFO - Filling up the DagBag from /opt/airflow/dags/dag_bronze_ingestion.py
[2026-06-03T10:38:55.156+0000] {processor.py:840} INFO - DAG(s) 'neuralretail_bronze_ingestion' retrieved from /opt/airflow/dags/dag_bronze_ingestion.py
[2026-06-03T10:38:55.179+0000] {logging_mixin.py:188} INFO - [2026-06-03T10:38:55.179+0000] {dag.py:3096} INFO - Sync 1 DAGs
[2026-06-03T10:38:55.196+0000] {logging_mixin.py:188} INFO - [2026-06-03T10:38:55.196+0000] {dag.py:3954} INFO - Setting next_dagrun for neuralretail_bronze_ingestion to 2026-06-02 02:00:00+00:00, run_after=2026-06-03 02:00:00+00:00
[2026-06-03T10:38:55.213+0000] {processor.py:183} INFO - Processing /opt/airflow/dags/dag_bronze_ingestion.py took 0.113 seconds
[2026-06-03T10:39:25.633+0000] {processor.py:161} INFO - Started process (PID=2222) to work on /opt/airflow/dags/dag_bronze_ingestion.py
[2026-06-03T10:39:25.636+0000] {processor.py:830} INFO - Processing file /opt/airflow/dags/dag_bronze_ingestion.py for tasks to queue
[2026-06-03T10:39:25.643+0000] {logging_mixin.py:188} INFO - [2026-06-03T10:39:25.641+0000] {dagbag.py:540} INFO - Filling up the DagBag from /opt/airflow/dags/dag_bronze_ingestion.py
[2026-06-03T10:39:25.735+0000] {processor.py:840} INFO - DAG(s) 'neuralretail_bronze_ingestion' retrieved from /opt/airflow/dags/dag_bronze_ingestion.py
[2026-06-03T10:39:25.797+0000] {logging_mixin.py:188} INFO - [2026-06-03T10:39:25.796+0000] {dag.py:3096} INFO - Sync 1 DAGs
[2026-06-03T10:39:25.832+0000] {logging_mixin.py:188} INFO - [2026-06-03T10:39:25.831+0000] {dag.py:3954} INFO - Setting next_dagrun for neuralretail_bronze_ingestion to 2026-06-02 02:00:00+00:00, run_after=2026-06-03 02:00:00+00:00
[2026-06-03T10:39:25.868+0000] {processor.py:183} INFO - Processing /opt/airflow/dags/dag_bronze_ingestion.py took 0.254 seconds
[2026-06-03T10:39:56.657+0000] {processor.py:161} INFO - Started process (PID=2245) to work on /opt/airflow/dags/dag_bronze_ingestion.py
[2026-06-03T10:39:56.660+0000] {processor.py:830} INFO - Processing file /opt/airflow/dags/dag_bronze_ingestion.py for tasks to queue
[2026-06-03T10:39:56.663+0000] {logging_mixin.py:188} INFO - [2026-06-03T10:39:56.663+0000] {dagbag.py:540} INFO - Filling up the DagBag from /opt/airflow/dags/dag_bronze_ingestion.py
[2026-06-03T10:39:56.756+0000] {processor.py:840} INFO - DAG(s) 'neuralretail_bronze_ingestion' retrieved from /opt/airflow/dags/dag_bronze_ingestion.py
[2026-06-03T10:39:56.801+0000] {logging_mixin.py:188} INFO - [2026-06-03T10:39:56.801+0000] {dag.py:3096} INFO - Sync 1 DAGs
[2026-06-03T10:39:56.823+0000] {logging_mixin.py:188} INFO - [2026-06-03T10:39:56.823+0000] {dag.py:3954} INFO - Setting next_dagrun for neuralretail_bronze_ingestion to 2026-06-02 02:00:00+00:00, run_after=2026-06-03 02:00:00+00:00
[2026-06-03T10:39:56.840+0000] {processor.py:183} INFO - Processing /opt/airflow/dags/dag_bronze_ingestion.py took 0.199 seconds
[2026-06-03T10:40:27.009+0000] {processor.py:161} INFO - Started process (PID=2265) to work on /opt/airflow/dags/dag_bronze_ingestion.py
[2026-06-03T10:40:27.010+0000] {processor.py:830} INFO - Processing file /opt/airflow/dags/dag_bronze_ingestion.py for tasks to queue
[2026-06-03T10:40:27.012+0000] {logging_mixin.py:188} INFO - [2026-06-03T10:40:27.012+0000] {dagbag.py:540} INFO - Filling up the DagBag from /opt/airflow/dags/dag_bronze_ingestion.py
[2026-06-03T10:40:27.063+0000] {processor.py:840} INFO - DAG(s) 'neuralretail_bronze_ingestion' retrieved from /opt/airflow/dags/dag_bronze_ingestion.py
[2026-06-03T10:40:27.093+0000] {logging_mixin.py:188} INFO - [2026-06-03T10:40:27.093+0000] {dag.py:3096} INFO - Sync 1 DAGs
[2026-06-03T10:40:27.116+0000] {logging_mixin.py:188} INFO - [2026-06-03T10:40:27.116+0000] {dag.py:3954} INFO - Setting next_dagrun for neuralretail_bronze_ingestion to 2026-06-02 02:00:00+00:00, run_after=2026-06-03 02:00:00+00:00
[2026-06-03T10:40:27.145+0000] {processor.py:183} INFO - Processing /opt/airflow/dags/dag_bronze_ingestion.py took 0.149 seconds
[2026-06-03T10:40:57.590+0000] {processor.py:161} INFO - Started process (PID=2285) to work on /opt/airflow/dags/dag_bronze_ingestion.py
[2026-06-03T10:40:57.631+0000] {processor.py:830} INFO - Processing file /opt/airflow/dags/dag_bronze_ingestion.py for tasks to queue
[2026-06-03T10:40:57.639+0000] {logging_mixin.py:188} INFO - [2026-06-03T10:40:57.638+0000] {dagbag.py:540} INFO - Filling up the DagBag from /opt/airflow/dags/dag_bronze_ingestion.py
[2026-06-03T10:40:57.740+0000] {processor.py:840} INFO - DAG(s) 'neuralretail_bronze_ingestion' retrieved from /opt/airflow/dags/dag_bronze_ingestion.py
[2026-06-03T10:40:57.789+0000] {logging_mixin.py:188} INFO - [2026-06-03T10:40:57.789+0000] {dag.py:3096} INFO - Sync 1 DAGs
[2026-06-03T10:40:57.820+0000] {logging_mixin.py:188} INFO - [2026-06-03T10:40:57.820+0000] {dag.py:3954} INFO - Setting next_dagrun for neuralretail_bronze_ingestion to 2026-06-02 02:00:00+00:00, run_after=2026-06-03 02:00:00+00:00
[2026-06-03T10:40:57.852+0000] {processor.py:183} INFO - Processing /opt/airflow/dags/dag_bronze_ingestion.py took 0.277 seconds
[2026-06-03T10:41:28.055+0000] {processor.py:161} INFO - Started process (PID=2305) to work on /opt/airflow/dags/dag_bronze_ingestion.py
[2026-06-03T10:41:28.056+0000] {processor.py:830} INFO - Processing file /opt/airflow/dags/dag_bronze_ingestion.py for tasks to queue
[2026-06-03T10:41:28.060+0000] {logging_mixin.py:188} INFO - [2026-06-03T10:41:28.059+0000] {dagbag.py:540} INFO - Filling up the DagBag from /opt/airflow/dags/dag_bronze_ingestion.py
[2026-06-03T10:41:28.130+0000] {processor.py:840} INFO - DAG(s) 'neuralretail_bronze_ingestion' retrieved from /opt/airflow/dags/dag_bronze_ingestion.py
[2026-06-03T10:41:28.189+0000] {logging_mixin.py:188} INFO - [2026-06-03T10:41:28.189+0000] {dag.py:3096} INFO - Sync 1 DAGs
[2026-06-03T10:41:28.242+0000] {logging_mixin.py:188} INFO - [2026-06-03T10:41:28.241+0000] {dag.py:3954} INFO - Setting next_dagrun for neuralretail_bronze_ingestion to 2026-06-02 02:00:00+00:00, run_after=2026-06-03 02:00:00+00:00
[2026-06-03T10:41:28.279+0000] {processor.py:183} INFO - Processing /opt/airflow/dags/dag_bronze_ingestion.py took 0.233 seconds
[2026-06-03T10:41:58.447+0000] {processor.py:161} INFO - Started process (PID=2325) to work on /opt/airflow/dags/dag_bronze_ingestion.py
[2026-06-03T10:41:58.448+0000] {processor.py:830} INFO - Processing file /opt/airflow/dags/dag_bronze_ingestion.py for tasks to queue
[2026-06-03T10:41:58.451+0000] {logging_mixin.py:188} INFO - [2026-06-03T10:41:58.450+0000] {dagbag.py:540} INFO - Filling up the DagBag from /opt/airflow/dags/dag_bronze_ingestion.py
[2026-06-03T10:41:58.506+0000] {processor.py:840} INFO - DAG(s) 'neuralretail_bronze_ingestion' retrieved from /opt/airflow/dags/dag_bronze_ingestion.py
[2026-06-03T10:41:58.530+0000] {logging_mixin.py:188} INFO - [2026-06-03T10:41:58.529+0000] {dag.py:3096} INFO - Sync 1 DAGs
[2026-06-03T10:41:58.565+0000] {logging_mixin.py:188} INFO - [2026-06-03T10:41:58.565+0000] {dag.py:3954} INFO - Setting next_dagrun for neuralretail_bronze_ingestion to 2026-06-02 02:00:00+00:00, run_after=2026-06-03 02:00:00+00:00
[2026-06-03T10:41:58.594+0000] {processor.py:183} INFO - Processing /opt/airflow/dags/dag_bronze_ingestion.py took 0.153 seconds
[2026-06-03T10:42:29.127+0000] {processor.py:161} INFO - Started process (PID=2345) to work on /opt/airflow/dags/dag_bronze_ingestion.py
[2026-06-03T10:42:29.129+0000] {processor.py:830} INFO - Processing file /opt/airflow/dags/dag_bronze_ingestion.py for tasks to queue
[2026-06-03T10:42:29.132+0000] {logging_mixin.py:188} INFO - [2026-06-03T10:42:29.132+0000] {dagbag.py:540} INFO - Filling up the DagBag from /opt/airflow/dags/dag_bronze_ingestion.py
[2026-06-03T10:42:29.180+0000] {processor.py:840} INFO - DAG(s) 'neuralretail_bronze_ingestion' retrieved from /opt/airflow/dags/dag_bronze_ingestion.py
[2026-06-03T10:42:29.210+0000] {logging_mixin.py:188} INFO - [2026-06-03T10:42:29.210+0000] {dag.py:3096} INFO - Sync 1 DAGs
[2026-06-03T10:42:29.230+0000] {logging_mixin.py:188} INFO - [2026-06-03T10:42:29.230+0000] {dag.py:3954} INFO - Setting next_dagrun for neuralretail_bronze_ingestion to 2026-06-02 02:00:00+00:00, run_after=2026-06-03 02:00:00+00:00
[2026-06-03T10:42:29.251+0000] {processor.py:183} INFO - Processing /opt/airflow/dags/dag_bronze_ingestion.py took 0.130 seconds
[2026-06-03T10:42:59.697+0000] {processor.py:161} INFO - Started process (PID=2365) to work on /opt/airflow/dags/dag_bronze_ingestion.py
[2026-06-03T10:42:59.699+0000] {processor.py:830} INFO - Processing file /opt/airflow/dags/dag_bronze_ingestion.py for tasks to queue
[2026-06-03T10:42:59.702+0000] {logging_mixin.py:188} INFO - [2026-06-03T10:42:59.702+0000] {dagbag.py:540} INFO - Filling up the DagBag from /opt/airflow/dags/dag_bronze_ingestion.py
[2026-06-03T10:42:59.745+0000] {processor.py:840} INFO - DAG(s) 'neuralretail_bronze_ingestion' retrieved from /opt/airflow/dags/dag_bronze_ingestion.py
[2026-06-03T10:42:59.768+0000] {logging_mixin.py:188} INFO - [2026-06-03T10:42:59.768+0000] {dag.py:3096} INFO - Sync 1 DAGs
[2026-06-03T10:42:59.787+0000] {logging_mixin.py:188} INFO - [2026-06-03T10:42:59.787+0000] {dag.py:3954} INFO - Setting next_dagrun for neuralretail_bronze_ingestion to 2026-06-02 02:00:00+00:00, run_after=2026-06-03 02:00:00+00:00
[2026-06-03T10:42:59.802+0000] {processor.py:183} INFO - Processing /opt/airflow/dags/dag_bronze_ingestion.py took 0.118 seconds
[2026-06-03T10:43:30.359+0000] {processor.py:161} INFO - Started process (PID=2385) to work on /opt/airflow/dags/dag_bronze_ingestion.py
[2026-06-03T10:43:30.361+0000] {processor.py:830} INFO - Processing file /opt/airflow/dags/dag_bronze_ingestion.py for tasks to queue
[2026-06-03T10:43:30.364+0000] {logging_mixin.py:188} INFO - [2026-06-03T10:43:30.363+0000] {dagbag.py:540} INFO - Filling up the DagBag from /opt/airflow/dags/dag_bronze_ingestion.py
[2026-06-03T10:43:30.443+0000] {processor.py:840} INFO - DAG(s) 'neuralretail_bronze_ingestion' retrieved from /opt/airflow/dags/dag_bronze_ingestion.py
[2026-06-03T10:43:30.486+0000] {logging_mixin.py:188} INFO - [2026-06-03T10:43:30.485+0000] {dag.py:3096} INFO - Sync 1 DAGs
[2026-06-03T10:43:30.541+0000] {logging_mixin.py:188} INFO - [2026-06-03T10:43:30.540+0000] {dag.py:3954} INFO - Setting next_dagrun for neuralretail_bronze_ingestion to 2026-06-02 02:00:00+00:00, run_after=2026-06-03 02:00:00+00:00
[2026-06-03T10:43:30.592+0000] {processor.py:183} INFO - Processing /opt/airflow/dags/dag_bronze_ingestion.py took 0.245 seconds
[2026-06-03T10:44:00.960+0000] {processor.py:161} INFO - Started process (PID=2405) to work on /opt/airflow/dags/dag_bronze_ingestion.py
[2026-06-03T10:44:00.965+0000] {processor.py:830} INFO - Processing file /opt/airflow/dags/dag_bronze_ingestion.py for tasks to queue
[2026-06-03T10:44:00.967+0000] {logging_mixin.py:188} INFO - [2026-06-03T10:44:00.967+0000] {dagbag.py:540} INFO - Filling up the DagBag from /opt/airflow/dags/dag_bronze_ingestion.py
[2026-06-03T10:44:01.013+0000] {processor.py:840} INFO - DAG(s) 'neuralretail_bronze_ingestion' retrieved from /opt/airflow/dags/dag_bronze_ingestion.py
[2026-06-03T10:44:01.048+0000] {logging_mixin.py:188} INFO - [2026-06-03T10:44:01.048+0000] {dag.py:3096} INFO - Sync 1 DAGs
[2026-06-03T10:44:01.080+0000] {logging_mixin.py:188} INFO - [2026-06-03T10:44:01.080+0000] {dag.py:3954} INFO - Setting next_dagrun for neuralretail_bronze_ingestion to 2026-06-02 02:00:00+00:00, run_after=2026-06-03 02:00:00+00:00
[2026-06-03T10:44:01.117+0000] {processor.py:183} INFO - Processing /opt/airflow/dags/dag_bronze_ingestion.py took 0.166 seconds
[2026-06-03T10:44:31.757+0000] {processor.py:161} INFO - Started process (PID=2425) to work on /opt/airflow/dags/dag_bronze_ingestion.py
[2026-06-03T10:44:31.759+0000] {processor.py:830} INFO - Processing file /opt/airflow/dags/dag_bronze_ingestion.py for tasks to queue
[2026-06-03T10:44:31.761+0000] {logging_mixin.py:188} INFO - [2026-06-03T10:44:31.761+0000] {dagbag.py:540} INFO - Filling up the DagBag from /opt/airflow/dags/dag_bronze_ingestion.py
[2026-06-03T10:44:31.809+0000] {processor.py:840} INFO - DAG(s) 'neuralretail_bronze_ingestion' retrieved from /opt/airflow/dags/dag_bronze_ingestion.py
[2026-06-03T10:44:31.851+0000] {logging_mixin.py:188} INFO - [2026-06-03T10:44:31.851+0000] {dag.py:3096} INFO - Sync 1 DAGs
[2026-06-03T10:44:31.879+0000] {logging_mixin.py:188} INFO - [2026-06-03T10:44:31.879+0000] {dag.py:3954} INFO - Setting next_dagrun for neuralretail_bronze_ingestion to 2026-06-02 02:00:00+00:00, run_after=2026-06-03 02:00:00+00:00
[2026-06-03T10:44:31.909+0000] {processor.py:183} INFO - Processing /opt/airflow/dags/dag_bronze_ingestion.py took 0.158 seconds
[2026-06-03T10:45:02.364+0000] {processor.py:161} INFO - Started process (PID=2445) to work on /opt/airflow/dags/dag_bronze_ingestion.py
[2026-06-03T10:45:02.366+0000] {processor.py:830} INFO - Processing file /opt/airflow/dags/dag_bronze_ingestion.py for tasks to queue
[2026-06-03T10:45:02.368+0000] {logging_mixin.py:188} INFO - [2026-06-03T10:45:02.367+0000] {dagbag.py:540} INFO - Filling up the DagBag from /opt/airflow/dags/dag_bronze_ingestion.py
[2026-06-03T10:45:02.441+0000] {processor.py:840} INFO - DAG(s) 'neuralretail_bronze_ingestion' retrieved from /opt/airflow/dags/dag_bronze_ingestion.py
[2026-06-03T10:45:02.553+0000] {logging_mixin.py:188} INFO - [2026-06-03T10:45:02.552+0000] {dag.py:3096} INFO - Sync 1 DAGs
[2026-06-03T10:45:02.602+0000] {logging_mixin.py:188} INFO - [2026-06-03T10:45:02.602+0000] {dag.py:3954} INFO - Setting next_dagrun for neuralretail_bronze_ingestion to 2026-06-02 02:00:00+00:00, run_after=2026-06-03 02:00:00+00:00
[2026-06-03T10:45:02.635+0000] {processor.py:183} INFO - Processing /opt/airflow/dags/dag_bronze_ingestion.py took 0.279 seconds
[2026-06-03T10:45:33.091+0000] {processor.py:161} INFO - Started process (PID=2465) to work on /opt/airflow/dags/dag_bronze_ingestion.py
[2026-06-03T10:45:33.093+0000] {processor.py:830} INFO - Processing file /opt/airflow/dags/dag_bronze_ingestion.py for tasks to queue
[2026-06-03T10:45:33.095+0000] {logging_mixin.py:188} INFO - [2026-06-03T10:45:33.095+0000] {dagbag.py:540} INFO - Filling up the DagBag from /opt/airflow/dags/dag_bronze_ingestion.py
[2026-06-03T10:45:33.152+0000] {processor.py:840} INFO - DAG(s) 'neuralretail_bronze_ingestion' retrieved from /opt/airflow/dags/dag_bronze_ingestion.py
[2026-06-03T10:45:33.182+0000] {logging_mixin.py:188} INFO - [2026-06-03T10:45:33.181+0000] {dag.py:3096} INFO - Sync 1 DAGs
[2026-06-03T10:45:33.233+0000] {logging_mixin.py:188} INFO - [2026-06-03T10:45:33.232+0000] {dag.py:3954} INFO - Setting next_dagrun for neuralretail_bronze_ingestion to 2026-06-02 02:00:00+00:00, run_after=2026-06-03 02:00:00+00:00
[2026-06-03T10:45:33.269+0000] {processor.py:183} INFO - Processing /opt/airflow/dags/dag_bronze_ingestion.py took 0.187 seconds
[2026-06-03T10:46:03.977+0000] {processor.py:161} INFO - Started process (PID=2485) to work on /opt/airflow/dags/dag_bronze_ingestion.py
[2026-06-03T10:46:03.978+0000] {processor.py:830} INFO - Processing file /opt/airflow/dags/dag_bronze_ingestion.py for tasks to queue
[2026-06-03T10:46:03.981+0000] {logging_mixin.py:188} INFO - [2026-06-03T10:46:03.980+0000] {dagbag.py:540} INFO - Filling up the DagBag from /opt/airflow/dags/dag_bronze_ingestion.py
[2026-06-03T10:46:04.029+0000] {processor.py:840} INFO - DAG(s) 'neuralretail_bronze_ingestion' retrieved from /opt/airflow/dags/dag_bronze_ingestion.py
[2026-06-03T10:46:04.052+0000] {logging_mixin.py:188} INFO - [2026-06-03T10:46:04.051+0000] {dag.py:3096} INFO - Sync 1 DAGs
[2026-06-03T10:46:04.092+0000] {logging_mixin.py:188} INFO - [2026-06-03T10:46:04.092+0000] {dag.py:3954} INFO - Setting next_dagrun for neuralretail_bronze_ingestion to 2026-06-02 02:00:00+00:00, run_after=2026-06-03 02:00:00+00:00
[2026-06-03T10:46:04.112+0000] {processor.py:183} INFO - Processing /opt/airflow/dags/dag_bronze_ingestion.py took 0.142 seconds
[2026-06-03T10:46:34.375+0000] {processor.py:161} INFO - Started process (PID=2505) to work on /opt/airflow/dags/dag_bronze_ingestion.py
[2026-06-03T10:46:34.377+0000] {processor.py:830} INFO - Processing file /opt/airflow/dags/dag_bronze_ingestion.py for tasks to queue
[2026-06-03T10:46:34.381+0000] {logging_mixin.py:188} INFO - [2026-06-03T10:46:34.381+0000] {dagbag.py:540} INFO - Filling up the DagBag from /opt/airflow/dags/dag_bronze_ingestion.py
[2026-06-03T10:46:34.434+0000] {processor.py:840} INFO - DAG(s) 'neuralretail_bronze_ingestion' retrieved from /opt/airflow/dags/dag_bronze_ingestion.py
[2026-06-03T10:46:34.457+0000] {logging_mixin.py:188} INFO - [2026-06-03T10:46:34.457+0000] {dag.py:3096} INFO - Sync 1 DAGs
[2026-06-03T10:46:34.476+0000] {logging_mixin.py:188} INFO - [2026-06-03T10:46:34.476+0000] {dag.py:3954} INFO - Setting next_dagrun for neuralretail_bronze_ingestion to 2026-06-02 02:00:00+00:00, run_after=2026-06-03 02:00:00+00:00
[2026-06-03T10:46:34.497+0000] {processor.py:183} INFO - Processing /opt/airflow/dags/dag_bronze_ingestion.py took 0.132 seconds
[2026-06-03T10:47:04.801+0000] {processor.py:161} INFO - Started process (PID=2525) to work on /opt/airflow/dags/dag_bronze_ingestion.py
[2026-06-03T10:47:04.802+0000] {processor.py:830} INFO - Processing file /opt/airflow/dags/dag_bronze_ingestion.py for tasks to queue
[2026-06-03T10:47:04.804+0000] {logging_mixin.py:188} INFO - [2026-06-03T10:47:04.804+0000] {dagbag.py:540} INFO - Filling up the DagBag from /opt/airflow/dags/dag_bronze_ingestion.py
[2026-06-03T10:47:04.870+0000] {processor.py:840} INFO - DAG(s) 'neuralretail_bronze_ingestion' retrieved from /opt/airflow/dags/dag_bronze_ingestion.py
[2026-06-03T10:47:04.903+0000] {logging_mixin.py:188} INFO - [2026-06-03T10:47:04.903+0000] {dag.py:3096} INFO - Sync 1 DAGs
[2026-06-03T10:47:04.931+0000] {logging_mixin.py:188} INFO - [2026-06-03T10:47:04.931+0000] {dag.py:3954} INFO - Setting next_dagrun for neuralretail_bronze_ingestion to 2026-06-02 02:00:00+00:00, run_after=2026-06-03 02:00:00+00:00
[2026-06-03T10:47:04.949+0000] {processor.py:183} INFO - Processing /opt/airflow/dags/dag_bronze_ingestion.py took 0.161 seconds
[2026-06-03T10:47:35.240+0000] {processor.py:161} INFO - Started process (PID=2545) to work on /opt/airflow/dags/dag_bronze_ingestion.py
[2026-06-03T10:47:35.247+0000] {processor.py:830} INFO - Processing file /opt/airflow/dags/dag_bronze_ingestion.py for tasks to queue
[2026-06-03T10:47:35.256+0000] {logging_mixin.py:188} INFO - [2026-06-03T10:47:35.256+0000] {dagbag.py:540} INFO - Filling up the DagBag from /opt/airflow/dags/dag_bronze_ingestion.py
[2026-06-03T10:47:35.358+0000] {processor.py:840} INFO - DAG(s) 'neuralretail_bronze_ingestion' retrieved from /opt/airflow/dags/dag_bronze_ingestion.py
[2026-06-03T10:47:35.398+0000] {logging_mixin.py:188} INFO - [2026-06-03T10:47:35.398+0000] {dag.py:3096} INFO - Sync 1 DAGs
[2026-06-03T10:47:35.423+0000] {logging_mixin.py:188} INFO - [2026-06-03T10:47:35.422+0000] {dag.py:3954} INFO - Setting next_dagrun for neuralretail_bronze_ingestion to 2026-06-02 02:00:00+00:00, run_after=2026-06-03 02:00:00+00:00
[2026-06-03T10:47:35.458+0000] {processor.py:183} INFO - Processing /opt/airflow/dags/dag_bronze_ingestion.py took 0.231 seconds
[2026-06-03T10:48:05.730+0000] {processor.py:161} INFO - Started process (PID=2565) to work on /opt/airflow/dags/dag_bronze_ingestion.py
[2026-06-03T10:48:05.732+0000] {processor.py:830} INFO - Processing file /opt/airflow/dags/dag_bronze_ingestion.py for tasks to queue
[2026-06-03T10:48:05.733+0000] {logging_mixin.py:188} INFO - [2026-06-03T10:48:05.733+0000] {dagbag.py:540} INFO - Filling up the DagBag from /opt/airflow/dags/dag_bronze_ingestion.py
[2026-06-03T10:48:05.778+0000] {processor.py:840} INFO - DAG(s) 'neuralretail_bronze_ingestion' retrieved from /opt/airflow/dags/dag_bronze_ingestion.py
[2026-06-03T10:48:05.808+0000] {logging_mixin.py:188} INFO - [2026-06-03T10:48:05.807+0000] {dag.py:3096} INFO - Sync 1 DAGs
[2026-06-03T10:48:05.828+0000] {logging_mixin.py:188} INFO - [2026-06-03T10:48:05.828+0000] {dag.py:3954} INFO - Setting next_dagrun for neuralretail_bronze_ingestion to 2026-06-02 02:00:00+00:00, run_after=2026-06-03 02:00:00+00:00
[2026-06-03T10:48:05.847+0000] {processor.py:183} INFO - Processing /opt/airflow/dags/dag_bronze_ingestion.py took 0.121 seconds
[2026-06-03T10:48:36.685+0000] {processor.py:161} INFO - Started process (PID=2585) to work on /opt/airflow/dags/dag_bronze_ingestion.py
[2026-06-03T10:48:36.688+0000] {processor.py:830} INFO - Processing file /opt/airflow/dags/dag_bronze_ingestion.py for tasks to queue
[2026-06-03T10:48:36.693+0000] {logging_mixin.py:188} INFO - [2026-06-03T10:48:36.692+0000] {dagbag.py:540} INFO - Filling up the DagBag from /opt/airflow/dags/dag_bronze_ingestion.py
[2026-06-03T10:48:36.764+0000] {processor.py:840} INFO - DAG(s) 'neuralretail_bronze_ingestion' retrieved from /opt/airflow/dags/dag_bronze_ingestion.py
[2026-06-03T10:48:36.807+0000] {logging_mixin.py:188} INFO - [2026-06-03T10:48:36.807+0000] {dag.py:3096} INFO - Sync 1 DAGs
[2026-06-03T10:48:36.852+0000] {logging_mixin.py:188} INFO - [2026-06-03T10:48:36.852+0000] {dag.py:3954} INFO - Setting next_dagrun for neuralretail_bronze_ingestion to 2026-06-02 02:00:00+00:00, run_after=2026-06-03 02:00:00+00:00
[2026-06-03T10:48:36.895+0000] {processor.py:183} INFO - Processing /opt/airflow/dags/dag_bronze_ingestion.py took 0.220 seconds
[2026-06-03T10:49:07.084+0000] {processor.py:161} INFO - Started process (PID=2605) to work on /opt/airflow/dags/dag_bronze_ingestion.py
[2026-06-03T10:49:07.086+0000] {processor.py:830} INFO - Processing file /opt/airflow/dags/dag_bronze_ingestion.py for tasks to queue
[2026-06-03T10:49:07.088+0000] {logging_mixin.py:188} INFO - [2026-06-03T10:49:07.087+0000] {dagbag.py:540} INFO - Filling up the DagBag from /opt/airflow/dags/dag_bronze_ingestion.py
[2026-06-03T10:49:07.131+0000] {processor.py:840} INFO - DAG(s) 'neuralretail_bronze_ingestion' retrieved from /opt/airflow/dags/dag_bronze_ingestion.py
[2026-06-03T10:49:07.152+0000] {logging_mixin.py:188} INFO - [2026-06-03T10:49:07.152+0000] {dag.py:3096} INFO - Sync 1 DAGs
[2026-06-03T10:49:07.171+0000] {logging_mixin.py:188} INFO - [2026-06-03T10:49:07.171+0000] {dag.py:3954} INFO - Setting next_dagrun for neuralretail_bronze_ingestion to 2026-06-02 02:00:00+00:00, run_after=2026-06-03 02:00:00+00:00
[2026-06-03T10:49:07.189+0000] {processor.py:183} INFO - Processing /opt/airflow/dags/dag_bronze_ingestion.py took 0.110 seconds
[2026-06-03T10:49:37.608+0000] {processor.py:161} INFO - Started process (PID=2625) to work on /opt/airflow/dags/dag_bronze_ingestion.py
[2026-06-03T10:49:37.610+0000] {processor.py:830} INFO - Processing file /opt/airflow/dags/dag_bronze_ingestion.py for tasks to queue
[2026-06-03T10:49:37.612+0000] {logging_mixin.py:188} INFO - [2026-06-03T10:49:37.612+0000] {dagbag.py:540} INFO - Filling up the DagBag from /opt/airflow/dags/dag_bronze_ingestion.py
[2026-06-03T10:49:37.652+0000] {processor.py:840} INFO - DAG(s) 'neuralretail_bronze_ingestion' retrieved from /opt/airflow/dags/dag_bronze_ingestion.py
[2026-06-03T10:49:37.672+0000] {logging_mixin.py:188} INFO - [2026-06-03T10:49:37.672+0000] {dag.py:3096} INFO - Sync 1 DAGs
[2026-06-03T10:49:37.688+0000] {logging_mixin.py:188} INFO - [2026-06-03T10:49:37.688+0000] {dag.py:3954} INFO - Setting next_dagrun for neuralretail_bronze_ingestion to 2026-06-02 02:00:00+00:00, run_after=2026-06-03 02:00:00+00:00
[2026-06-03T10:49:37.705+0000] {processor.py:183} INFO - Processing /opt/airflow/dags/dag_bronze_ingestion.py took 0.102 seconds
[2026-06-03T10:50:08.826+0000] {processor.py:161} INFO - Started process (PID=2645) to work on /opt/airflow/dags/dag_bronze_ingestion.py
[2026-06-03T10:50:08.828+0000] {processor.py:830} INFO - Processing file /opt/airflow/dags/dag_bronze_ingestion.py for tasks to queue
[2026-06-03T10:50:08.830+0000] {logging_mixin.py:188} INFO - [2026-06-03T10:50:08.830+0000] {dagbag.py:540} INFO - Filling up the DagBag from /opt/airflow/dags/dag_bronze_ingestion.py
[2026-06-03T10:50:08.894+0000] {processor.py:840} INFO - DAG(s) 'neuralretail_bronze_ingestion' retrieved from /opt/airflow/dags/dag_bronze_ingestion.py
[2026-06-03T10:50:08.933+0000] {logging_mixin.py:188} INFO - [2026-06-03T10:50:08.933+0000] {dag.py:3096} INFO - Sync 1 DAGs
[2026-06-03T10:50:08.964+0000] {logging_mixin.py:188} INFO - [2026-06-03T10:50:08.963+0000] {dag.py:3954} INFO - Setting next_dagrun for neuralretail_bronze_ingestion to 2026-06-02 02:00:00+00:00, run_after=2026-06-03 02:00:00+00:00
[2026-06-03T10:50:08.990+0000] {processor.py:183} INFO - Processing /opt/airflow/dags/dag_bronze_ingestion.py took 0.172 seconds
[2026-06-03T10:50:39.099+0000] {processor.py:161} INFO - Started process (PID=2665) to work on /opt/airflow/dags/dag_bronze_ingestion.py
[2026-06-03T10:50:39.103+0000] {processor.py:830} INFO - Processing file /opt/airflow/dags/dag_bronze_ingestion.py for tasks to queue
[2026-06-03T10:50:39.107+0000] {logging_mixin.py:188} INFO - [2026-06-03T10:50:39.107+0000] {dagbag.py:540} INFO - Filling up the DagBag from /opt/airflow/dags/dag_bronze_ingestion.py
[2026-06-03T10:50:39.179+0000] {processor.py:840} INFO - DAG(s) 'neuralretail_bronze_ingestion' retrieved from /opt/airflow/dags/dag_bronze_ingestion.py
[2026-06-03T10:50:39.205+0000] {logging_mixin.py:188} INFO - [2026-06-03T10:50:39.204+0000] {dag.py:3096} INFO - Sync 1 DAGs
[2026-06-03T10:50:39.226+0000] {logging_mixin.py:188} INFO - [2026-06-03T10:50:39.226+0000] {dag.py:3954} INFO - Setting next_dagrun for neuralretail_bronze_ingestion to 2026-06-02 02:00:00+00:00, run_after=2026-06-03 02:00:00+00:00
[2026-06-03T10:50:39.246+0000] {processor.py:183} INFO - Processing /opt/airflow/dags/dag_bronze_ingestion.py took 0.154 seconds
[2026-06-03T10:51:10.178+0000] {processor.py:161} INFO - Started process (PID=2685) to work on /opt/airflow/dags/dag_bronze_ingestion.py
[2026-06-03T10:51:10.182+0000] {processor.py:830} INFO - Processing file /opt/airflow/dags/dag_bronze_ingestion.py for tasks to queue
[2026-06-03T10:51:10.189+0000] {logging_mixin.py:188} INFO - [2026-06-03T10:51:10.188+0000] {dagbag.py:540} INFO - Filling up the DagBag from /opt/airflow/dags/dag_bronze_ingestion.py
[2026-06-03T10:51:10.302+0000] {processor.py:840} INFO - DAG(s) 'neuralretail_bronze_ingestion' retrieved from /opt/airflow/dags/dag_bronze_ingestion.py
[2026-06-03T10:51:10.349+0000] {logging_mixin.py:188} INFO - [2026-06-03T10:51:10.348+0000] {dag.py:3096} INFO - Sync 1 DAGs
[2026-06-03T10:51:10.391+0000] {logging_mixin.py:188} INFO - [2026-06-03T10:51:10.391+0000] {dag.py:3954} INFO - Setting next_dagrun for neuralretail_bronze_ingestion to 2026-06-02 02:00:00+00:00, run_after=2026-06-03 02:00:00+00:00
[2026-06-03T10:51:10.429+0000] {processor.py:183} INFO - Processing /opt/airflow/dags/dag_bronze_ingestion.py took 0.264 seconds
[2026-06-03T10:51:41.252+0000] {processor.py:161} INFO - Started process (PID=2705) to work on /opt/airflow/dags/dag_bronze_ingestion.py
[2026-06-03T10:51:41.254+0000] {processor.py:830} INFO - Processing file /opt/airflow/dags/dag_bronze_ingestion.py for tasks to queue
[2026-06-03T10:51:41.257+0000] {logging_mixin.py:188} INFO - [2026-06-03T10:51:41.256+0000] {dagbag.py:540} INFO - Filling up the DagBag from /opt/airflow/dags/dag_bronze_ingestion.py
[2026-06-03T10:51:41.342+0000] {processor.py:840} INFO - DAG(s) 'neuralretail_bronze_ingestion' retrieved from /opt/airflow/dags/dag_bronze_ingestion.py
[2026-06-03T10:51:41.372+0000] {logging_mixin.py:188} INFO - [2026-06-03T10:51:41.372+0000] {dag.py:3096} INFO - Sync 1 DAGs
[2026-06-03T10:51:41.400+0000] {logging_mixin.py:188} INFO - [2026-06-03T10:51:41.400+0000] {dag.py:3954} INFO - Setting next_dagrun for neuralretail_bronze_ingestion to 2026-06-02 02:00:00+00:00, run_after=2026-06-03 02:00:00+00:00
[2026-06-03T10:51:41.423+0000] {processor.py:183} INFO - Processing /opt/airflow/dags/dag_bronze_ingestion.py took 0.178 seconds
[2026-06-03T10:52:11.644+0000] {processor.py:161} INFO - Started process (PID=2725) to work on /opt/airflow/dags/dag_bronze_ingestion.py
[2026-06-03T10:52:11.647+0000] {processor.py:830} INFO - Processing file /opt/airflow/dags/dag_bronze_ingestion.py for tasks to queue
[2026-06-03T10:52:11.650+0000] {logging_mixin.py:188} INFO - [2026-06-03T10:52:11.650+0000] {dagbag.py:540} INFO - Filling up the DagBag from /opt/airflow/dags/dag_bronze_ingestion.py
[2026-06-03T10:52:11.700+0000] {processor.py:840} INFO - DAG(s) 'neuralretail_bronze_ingestion' retrieved from /opt/airflow/dags/dag_bronze_ingestion.py
[2026-06-03T10:52:11.729+0000] {logging_mixin.py:188} INFO - [2026-06-03T10:52:11.729+0000] {dag.py:3096} INFO - Sync 1 DAGs
[2026-06-03T10:52:11.760+0000] {logging_mixin.py:188} INFO - [2026-06-03T10:52:11.760+0000] {dag.py:3954} INFO - Setting next_dagrun for neuralretail_bronze_ingestion to 2026-06-02 02:00:00+00:00, run_after=2026-06-03 02:00:00+00:00
[2026-06-03T10:52:11.788+0000] {processor.py:183} INFO - Processing /opt/airflow/dags/dag_bronze_ingestion.py took 0.153 seconds
[2026-06-03T10:52:42.546+0000] {processor.py:161} INFO - Started process (PID=2745) to work on /opt/airflow/dags/dag_bronze_ingestion.py
[2026-06-03T10:52:42.549+0000] {processor.py:830} INFO - Processing file /opt/airflow/dags/dag_bronze_ingestion.py for tasks to queue
[2026-06-03T10:52:42.552+0000] {logging_mixin.py:188} INFO - [2026-06-03T10:52:42.552+0000] {dagbag.py:540} INFO - Filling up the DagBag from /opt/airflow/dags/dag_bronze_ingestion.py
[2026-06-03T10:52:42.612+0000] {processor.py:840} INFO - DAG(s) 'neuralretail_bronze_ingestion' retrieved from /opt/airflow/dags/dag_bronze_ingestion.py
[2026-06-03T10:52:42.650+0000] {logging_mixin.py:188} INFO - [2026-06-03T10:52:42.650+0000] {dag.py:3096} INFO - Sync 1 DAGs
[2026-06-03T10:52:42.696+0000] {logging_mixin.py:188} INFO - [2026-06-03T10:52:42.696+0000] {dag.py:3954} INFO - Setting next_dagrun for neuralretail_bronze_ingestion to 2026-06-02 02:00:00+00:00, run_after=2026-06-03 02:00:00+00:00
[2026-06-03T10:52:42.723+0000] {processor.py:183} INFO - Processing /opt/airflow/dags/dag_bronze_ingestion.py took 0.186 seconds
[2026-06-03T10:53:13.840+0000] {processor.py:161} INFO - Started process (PID=2765) to work on /opt/airflow/dags/dag_bronze_ingestion.py
[2026-06-03T10:53:13.841+0000] {processor.py:830} INFO - Processing file /opt/airflow/dags/dag_bronze_ingestion.py for tasks to queue
[2026-06-03T10:53:13.843+0000] {logging_mixin.py:188} INFO - [2026-06-03T10:53:13.843+0000] {dagbag.py:540} INFO - Filling up the DagBag from /opt/airflow/dags/dag_bronze_ingestion.py
[2026-06-03T10:53:13.890+0000] {processor.py:840} INFO - DAG(s) 'neuralretail_bronze_ingestion' retrieved from /opt/airflow/dags/dag_bronze_ingestion.py
[2026-06-03T10:53:13.911+0000] {logging_mixin.py:188} INFO - [2026-06-03T10:53:13.911+0000] {dag.py:3096} INFO - Sync 1 DAGs
[2026-06-03T10:53:13.931+0000] {logging_mixin.py:188} INFO - [2026-06-03T10:53:13.931+0000] {dag.py:3954} INFO - Setting next_dagrun for neuralretail_bronze_ingestion to 2026-06-02 02:00:00+00:00, run_after=2026-06-03 02:00:00+00:00
[2026-06-03T10:53:13.951+0000] {processor.py:183} INFO - Processing /opt/airflow/dags/dag_bronze_ingestion.py took 0.121 seconds
[2026-06-03T10:53:44.386+0000] {processor.py:161} INFO - Started process (PID=2785) to work on /opt/airflow/dags/dag_bronze_ingestion.py
[2026-06-03T10:53:44.388+0000] {processor.py:830} INFO - Processing file /opt/airflow/dags/dag_bronze_ingestion.py for tasks to queue
[2026-06-03T10:53:44.393+0000] {logging_mixin.py:188} INFO - [2026-06-03T10:53:44.392+0000] {dagbag.py:540} INFO - Filling up the DagBag from /opt/airflow/dags/dag_bronze_ingestion.py
[2026-06-03T10:53:44.470+0000] {processor.py:840} INFO - DAG(s) 'neuralretail_bronze_ingestion' retrieved from /opt/airflow/dags/dag_bronze_ingestion.py
[2026-06-03T10:53:44.519+0000] {logging_mixin.py:188} INFO - [2026-06-03T10:53:44.519+0000] {dag.py:3096} INFO - Sync 1 DAGs
[2026-06-03T10:53:44.542+0000] {logging_mixin.py:188} INFO - [2026-06-03T10:53:44.541+0000] {dag.py:3954} INFO - Setting next_dagrun for neuralretail_bronze_ingestion to 2026-06-02 02:00:00+00:00, run_after=2026-06-03 02:00:00+00:00
[2026-06-03T10:53:44.562+0000] {processor.py:183} INFO - Processing /opt/airflow/dags/dag_bronze_ingestion.py took 0.188 seconds
[2026-06-03T10:54:14.973+0000] {processor.py:161} INFO - Started process (PID=2805) to work on /opt/airflow/dags/dag_bronze_ingestion.py
[2026-06-03T10:54:14.975+0000] {processor.py:830} INFO - Processing file /opt/airflow/dags/dag_bronze_ingestion.py for tasks to queue
[2026-06-03T10:54:14.981+0000] {logging_mixin.py:188} INFO - [2026-06-03T10:54:14.980+0000] {dagbag.py:540} INFO - Filling up the DagBag from /opt/airflow/dags/dag_bronze_ingestion.py
[2026-06-03T10:54:15.067+0000] {processor.py:840} INFO - DAG(s) 'neuralretail_bronze_ingestion' retrieved from /opt/airflow/dags/dag_bronze_ingestion.py
[2026-06-03T10:54:15.093+0000] {logging_mixin.py:188} INFO - [2026-06-03T10:54:15.092+0000] {dag.py:3096} INFO - Sync 1 DAGs
[2026-06-03T10:54:15.122+0000] {logging_mixin.py:188} INFO - [2026-06-03T10:54:15.122+0000] {dag.py:3954} INFO - Setting next_dagrun for neuralretail_bronze_ingestion to 2026-06-02 02:00:00+00:00, run_after=2026-06-03 02:00:00+00:00
[2026-06-03T10:54:15.172+0000] {processor.py:183} INFO - Processing /opt/airflow/dags/dag_bronze_ingestion.py took 0.210 seconds
[2026-06-03T10:54:45.563+0000] {processor.py:161} INFO - Started process (PID=2827) to work on /opt/airflow/dags/dag_bronze_ingestion.py
[2026-06-03T10:54:45.564+0000] {processor.py:830} INFO - Processing file /opt/airflow/dags/dag_bronze_ingestion.py for tasks to queue
[2026-06-03T10:54:45.570+0000] {logging_mixin.py:188} INFO - [2026-06-03T10:54:45.569+0000] {dagbag.py:540} INFO - Filling up the DagBag from /opt/airflow/dags/dag_bronze_ingestion.py
[2026-06-03T10:54:45.645+0000] {processor.py:840} INFO - DAG(s) 'neuralretail_bronze_ingestion' retrieved from /opt/airflow/dags/dag_bronze_ingestion.py
[2026-06-03T10:54:45.688+0000] {logging_mixin.py:188} INFO - [2026-06-03T10:54:45.688+0000] {dag.py:3096} INFO - Sync 1 DAGs
[2026-06-03T10:54:45.721+0000] {logging_mixin.py:188} INFO - [2026-06-03T10:54:45.721+0000] {dag.py:3954} INFO - Setting next_dagrun for neuralretail_bronze_ingestion to 2026-06-02 02:00:00+00:00, run_after=2026-06-03 02:00:00+00:00
[2026-06-03T10:54:45.787+0000] {processor.py:183} INFO - Processing /opt/airflow/dags/dag_bronze_ingestion.py took 0.230 seconds
[2026-06-03T10:55:15.994+0000] {processor.py:161} INFO - Started process (PID=2847) to work on /opt/airflow/dags/dag_bronze_ingestion.py
[2026-06-03T10:55:15.996+0000] {processor.py:830} INFO - Processing file /opt/airflow/dags/dag_bronze_ingestion.py for tasks to queue
[2026-06-03T10:55:15.999+0000] {logging_mixin.py:188} INFO - [2026-06-03T10:55:15.998+0000] {dagbag.py:540} INFO - Filling up the DagBag from /opt/airflow/dags/dag_bronze_ingestion.py
[2026-06-03T10:55:16.039+0000] {processor.py:840} INFO - DAG(s) 'neuralretail_bronze_ingestion' retrieved from /opt/airflow/dags/dag_bronze_ingestion.py
[2026-06-03T10:55:16.072+0000] {logging_mixin.py:188} INFO - [2026-06-03T10:55:16.071+0000] {dag.py:3096} INFO - Sync 1 DAGs
[2026-06-03T10:55:16.093+0000] {logging_mixin.py:188} INFO - [2026-06-03T10:55:16.093+0000] {dag.py:3954} INFO - Setting next_dagrun for neuralretail_bronze_ingestion to 2026-06-02 02:00:00+00:00, run_after=2026-06-03 02:00:00+00:00
[2026-06-03T10:55:16.111+0000] {processor.py:183} INFO - Processing /opt/airflow/dags/dag_bronze_ingestion.py took 0.122 seconds
[2026-06-03T10:55:46.302+0000] {processor.py:161} INFO - Started process (PID=2865) to work on /opt/airflow/dags/dag_bronze_ingestion.py
[2026-06-03T10:55:46.304+0000] {processor.py:830} INFO - Processing file /opt/airflow/dags/dag_bronze_ingestion.py for tasks to queue
[2026-06-03T10:55:46.306+0000] {logging_mixin.py:188} INFO - [2026-06-03T10:55:46.305+0000] {dagbag.py:540} INFO - Filling up the DagBag from /opt/airflow/dags/dag_bronze_ingestion.py
[2026-06-03T10:55:46.356+0000] {processor.py:840} INFO - DAG(s) 'neuralretail_bronze_ingestion' retrieved from /opt/airflow/dags/dag_bronze_ingestion.py
[2026-06-03T10:55:46.379+0000] {logging_mixin.py:188} INFO - [2026-06-03T10:55:46.379+0000] {dag.py:3096} INFO - Sync 1 DAGs
[2026-06-03T10:55:46.398+0000] {logging_mixin.py:188} INFO - [2026-06-03T10:55:46.398+0000] {dag.py:3954} INFO - Setting next_dagrun for neuralretail_bronze_ingestion to 2026-06-02 02:00:00+00:00, run_after=2026-06-03 02:00:00+00:00
[2026-06-03T10:55:46.431+0000] {processor.py:183} INFO - Processing /opt/airflow/dags/dag_bronze_ingestion.py took 0.136 seconds
[2026-06-03T10:56:16.610+0000] {processor.py:161} INFO - Started process (PID=2885) to work on /opt/airflow/dags/dag_bronze_ingestion.py
[2026-06-03T10:56:16.615+0000] {processor.py:830} INFO - Processing file /opt/airflow/dags/dag_bronze_ingestion.py for tasks to queue
[2026-06-03T10:56:16.618+0000] {logging_mixin.py:188} INFO - [2026-06-03T10:56:16.617+0000] {dagbag.py:540} INFO - Filling up the DagBag from /opt/airflow/dags/dag_bronze_ingestion.py
[2026-06-03T10:56:16.689+0000] {processor.py:840} INFO - DAG(s) 'neuralretail_bronze_ingestion' retrieved from /opt/airflow/dags/dag_bronze_ingestion.py
[2026-06-03T10:56:16.717+0000] {logging_mixin.py:188} INFO - [2026-06-03T10:56:16.716+0000] {dag.py:3096} INFO - Sync 1 DAGs
[2026-06-03T10:56:16.741+0000] {logging_mixin.py:188} INFO - [2026-06-03T10:56:16.741+0000] {dag.py:3954} INFO - Setting next_dagrun for neuralretail_bronze_ingestion to 2026-06-02 02:00:00+00:00, run_after=2026-06-03 02:00:00+00:00
[2026-06-03T10:56:16.759+0000] {processor.py:183} INFO - Processing /opt/airflow/dags/dag_bronze_ingestion.py took 0.155 seconds
[2026-06-03T10:56:47.625+0000] {processor.py:161} INFO - Started process (PID=2905) to work on /opt/airflow/dags/dag_bronze_ingestion.py
[2026-06-03T10:56:47.628+0000] {processor.py:830} INFO - Processing file /opt/airflow/dags/dag_bronze_ingestion.py for tasks to queue
[2026-06-03T10:56:47.631+0000] {logging_mixin.py:188} INFO - [2026-06-03T10:56:47.631+0000] {dagbag.py:540} INFO - Filling up the DagBag from /opt/airflow/dags/dag_bronze_ingestion.py
[2026-06-03T10:56:47.711+0000] {processor.py:840} INFO - DAG(s) 'neuralretail_bronze_ingestion' retrieved from /opt/airflow/dags/dag_bronze_ingestion.py
[2026-06-03T10:56:47.758+0000] {logging_mixin.py:188} INFO - [2026-06-03T10:56:47.758+0000] {dag.py:3096} INFO - Sync 1 DAGs
[2026-06-03T10:56:47.893+0000] {logging_mixin.py:188} INFO - [2026-06-03T10:56:47.893+0000] {dag.py:3954} INFO - Setting next_dagrun for neuralretail_bronze_ingestion to 2026-06-02 02:00:00+00:00, run_after=2026-06-03 02:00:00+00:00
[2026-06-03T10:56:47.913+0000] {processor.py:183} INFO - Processing /opt/airflow/dags/dag_bronze_ingestion.py took 0.298 seconds
[2026-06-03T10:57:18.550+0000] {processor.py:161} INFO - Started process (PID=2925) to work on /opt/airflow/dags/dag_bronze_ingestion.py
[2026-06-03T10:57:18.556+0000] {processor.py:830} INFO - Processing file /opt/airflow/dags/dag_bronze_ingestion.py for tasks to queue
[2026-06-03T10:57:18.560+0000] {logging_mixin.py:188} INFO - [2026-06-03T10:57:18.560+0000] {dagbag.py:540} INFO - Filling up the DagBag from /opt/airflow/dags/dag_bronze_ingestion.py
[2026-06-03T10:57:18.627+0000] {processor.py:840} INFO - DAG(s) 'neuralretail_bronze_ingestion' retrieved from /opt/airflow/dags/dag_bronze_ingestion.py
[2026-06-03T10:57:18.651+0000] {logging_mixin.py:188} INFO - [2026-06-03T10:57:18.651+0000] {dag.py:3096} INFO - Sync 1 DAGs
[2026-06-03T10:57:18.671+0000] {logging_mixin.py:188} INFO - [2026-06-03T10:57:18.670+0000] {dag.py:3954} INFO - Setting next_dagrun for neuralretail_bronze_ingestion to 2026-06-02 02:00:00+00:00, run_after=2026-06-03 02:00:00+00:00
[2026-06-03T10:57:18.692+0000] {processor.py:183} INFO - Processing /opt/airflow/dags/dag_bronze_ingestion.py took 0.162 seconds
[2026-06-03T10:57:48.961+0000] {processor.py:161} INFO - Started process (PID=2945) to work on /opt/airflow/dags/dag_bronze_ingestion.py
[2026-06-03T10:57:48.962+0000] {processor.py:830} INFO - Processing file /opt/airflow/dags/dag_bronze_ingestion.py for tasks to queue
[2026-06-03T10:57:48.964+0000] {logging_mixin.py:188} INFO - [2026-06-03T10:57:48.964+0000] {dagbag.py:540} INFO - Filling up the DagBag from /opt/airflow/dags/dag_bronze_ingestion.py
[2026-06-03T10:57:49.007+0000] {processor.py:840} INFO - DAG(s) 'neuralretail_bronze_ingestion' retrieved from /opt/airflow/dags/dag_bronze_ingestion.py
[2026-06-03T10:57:49.037+0000] {logging_mixin.py:188} INFO - [2026-06-03T10:57:49.036+0000] {dag.py:3096} INFO - Sync 1 DAGs
[2026-06-03T10:57:49.193+0000] {logging_mixin.py:188} INFO - [2026-06-03T10:57:49.193+0000] {dag.py:3954} INFO - Setting next_dagrun for neuralretail_bronze_ingestion to 2026-06-02 02:00:00+00:00, run_after=2026-06-03 02:00:00+00:00
[2026-06-03T10:57:49.211+0000] {processor.py:183} INFO - Processing /opt/airflow/dags/dag_bronze_ingestion.py took 0.257 seconds
[2026-06-03T10:58:19.962+0000] {processor.py:161} INFO - Started process (PID=2965) to work on /opt/airflow/dags/dag_bronze_ingestion.py
[2026-06-03T10:58:19.964+0000] {processor.py:830} INFO - Processing file /opt/airflow/dags/dag_bronze_ingestion.py for tasks to queue
[2026-06-03T10:58:19.966+0000] {logging_mixin.py:188} INFO - [2026-06-03T10:58:19.966+0000] {dagbag.py:540} INFO - Filling up the DagBag from /opt/airflow/dags/dag_bronze_ingestion.py
[2026-06-03T10:58:20.000+0000] {processor.py:840} INFO - DAG(s) 'neuralretail_bronze_ingestion' retrieved from /opt/airflow/dags/dag_bronze_ingestion.py
[2026-06-03T10:58:20.038+0000] {logging_mixin.py:188} INFO - [2026-06-03T10:58:20.038+0000] {dag.py:3096} INFO - Sync 1 DAGs
[2026-06-03T10:58:20.062+0000] {logging_mixin.py:188} INFO - [2026-06-03T10:58:20.062+0000] {dag.py:3954} INFO - Setting next_dagrun for neuralretail_bronze_ingestion to 2026-06-02 02:00:00+00:00, run_after=2026-06-03 02:00:00+00:00
[2026-06-03T10:58:20.088+0000] {processor.py:183} INFO - Processing /opt/airflow/dags/dag_bronze_ingestion.py took 0.132 seconds
[2026-06-03T10:58:50.311+0000] {processor.py:161} INFO - Started process (PID=2982) to work on /opt/airflow/dags/dag_bronze_ingestion.py
[2026-06-03T10:58:50.313+0000] {processor.py:830} INFO - Processing file /opt/airflow/dags/dag_bronze_ingestion.py for tasks to queue
[2026-06-03T10:58:50.315+0000] {logging_mixin.py:188} INFO - [2026-06-03T10:58:50.315+0000] {dagbag.py:540} INFO - Filling up the DagBag from /opt/airflow/dags/dag_bronze_ingestion.py
[2026-06-03T10:58:50.395+0000] {processor.py:840} INFO - DAG(s) 'neuralretail_bronze_ingestion' retrieved from /opt/airflow/dags/dag_bronze_ingestion.py
[2026-06-03T10:58:50.426+0000] {logging_mixin.py:188} INFO - [2026-06-03T10:58:50.426+0000] {dag.py:3096} INFO - Sync 1 DAGs
[2026-06-03T10:58:50.451+0000] {logging_mixin.py:188} INFO - [2026-06-03T10:58:50.451+0000] {dag.py:3954} INFO - Setting next_dagrun for neuralretail_bronze_ingestion to 2026-06-02 02:00:00+00:00, run_after=2026-06-03 02:00:00+00:00
[2026-06-03T10:58:50.477+0000] {processor.py:183} INFO - Processing /opt/airflow/dags/dag_bronze_ingestion.py took 0.173 seconds
[2026-06-03T10:59:21.054+0000] {processor.py:161} INFO - Started process (PID=3005) to work on /opt/airflow/dags/dag_bronze_ingestion.py
[2026-06-03T10:59:21.056+0000] {processor.py:830} INFO - Processing file /opt/airflow/dags/dag_bronze_ingestion.py for tasks to queue
[2026-06-03T10:59:21.059+0000] {logging_mixin.py:188} INFO - [2026-06-03T10:59:21.058+0000] {dagbag.py:540} INFO - Filling up the DagBag from /opt/airflow/dags/dag_bronze_ingestion.py
[2026-06-03T10:59:21.116+0000] {processor.py:840} INFO - DAG(s) 'neuralretail_bronze_ingestion' retrieved from /opt/airflow/dags/dag_bronze_ingestion.py
[2026-06-03T10:59:21.147+0000] {logging_mixin.py:188} INFO - [2026-06-03T10:59:21.147+0000] {dag.py:3096} INFO - Sync 1 DAGs
[2026-06-03T10:59:21.296+0000] {logging_mixin.py:188} INFO - [2026-06-03T10:59:21.296+0000] {dag.py:3954} INFO - Setting next_dagrun for neuralretail_bronze_ingestion to 2026-06-02 02:00:00+00:00, run_after=2026-06-03 02:00:00+00:00
[2026-06-03T10:59:21.323+0000] {processor.py:183} INFO - Processing /opt/airflow/dags/dag_bronze_ingestion.py took 0.280 seconds
[2026-06-03T10:59:51.803+0000] {processor.py:161} INFO - Started process (PID=3025) to work on /opt/airflow/dags/dag_bronze_ingestion.py
[2026-06-03T10:59:51.806+0000] {processor.py:830} INFO - Processing file /opt/airflow/dags/dag_bronze_ingestion.py for tasks to queue
[2026-06-03T10:59:51.811+0000] {logging_mixin.py:188} INFO - [2026-06-03T10:59:51.810+0000] {dagbag.py:540} INFO - Filling up the DagBag from /opt/airflow/dags/dag_bronze_ingestion.py
[2026-06-03T10:59:51.891+0000] {processor.py:840} INFO - DAG(s) 'neuralretail_bronze_ingestion' retrieved from /opt/airflow/dags/dag_bronze_ingestion.py
[2026-06-03T10:59:51.933+0000] {logging_mixin.py:188} INFO - [2026-06-03T10:59:51.933+0000] {dag.py:3096} INFO - Sync 1 DAGs
[2026-06-03T10:59:51.967+0000] {logging_mixin.py:188} INFO - [2026-06-03T10:59:51.967+0000] {dag.py:3954} INFO - Setting next_dagrun for neuralretail_bronze_ingestion to 2026-06-02 02:00:00+00:00, run_after=2026-06-03 02:00:00+00:00
[2026-06-03T10:59:52.056+0000] {processor.py:183} INFO - Processing /opt/airflow/dags/dag_bronze_ingestion.py took 0.265 seconds
[2026-06-03T11:00:22.941+0000] {processor.py:161} INFO - Started process (PID=3045) to work on /opt/airflow/dags/dag_bronze_ingestion.py
[2026-06-03T11:00:22.944+0000] {processor.py:830} INFO - Processing file /opt/airflow/dags/dag_bronze_ingestion.py for tasks to queue
[2026-06-03T11:00:22.946+0000] {logging_mixin.py:188} INFO - [2026-06-03T11:00:22.946+0000] {dagbag.py:540} INFO - Filling up the DagBag from /opt/airflow/dags/dag_bronze_ingestion.py
[2026-06-03T11:00:22.998+0000] {processor.py:840} INFO - DAG(s) 'neuralretail_bronze_ingestion' retrieved from /opt/airflow/dags/dag_bronze_ingestion.py
[2026-06-03T11:00:23.028+0000] {logging_mixin.py:188} INFO - [2026-06-03T11:00:23.027+0000] {dag.py:3096} INFO - Sync 1 DAGs
[2026-06-03T11:00:23.053+0000] {logging_mixin.py:188} INFO - [2026-06-03T11:00:23.053+0000] {dag.py:3954} INFO - Setting next_dagrun for neuralretail_bronze_ingestion to 2026-06-02 02:00:00+00:00, run_after=2026-06-03 02:00:00+00:00
[2026-06-03T11:00:23.076+0000] {processor.py:183} INFO - Processing /opt/airflow/dags/dag_bronze_ingestion.py took 0.145 seconds
[2026-06-03T11:00:53.206+0000] {processor.py:161} INFO - Started process (PID=3062) to work on /opt/airflow/dags/dag_bronze_ingestion.py
[2026-06-03T11:00:53.208+0000] {processor.py:830} INFO - Processing file /opt/airflow/dags/dag_bronze_ingestion.py for tasks to queue
[2026-06-03T11:00:53.213+0000] {logging_mixin.py:188} INFO - [2026-06-03T11:00:53.213+0000] {dagbag.py:540} INFO - Filling up the DagBag from /opt/airflow/dags/dag_bronze_ingestion.py
[2026-06-03T11:00:53.272+0000] {processor.py:840} INFO - DAG(s) 'neuralretail_bronze_ingestion' retrieved from /opt/airflow/dags/dag_bronze_ingestion.py
[2026-06-03T11:00:53.299+0000] {logging_mixin.py:188} INFO - [2026-06-03T11:00:53.299+0000] {dag.py:3096} INFO - Sync 1 DAGs
[2026-06-03T11:00:53.320+0000] {logging_mixin.py:188} INFO - [2026-06-03T11:00:53.320+0000] {dag.py:3954} INFO - Setting next_dagrun for neuralretail_bronze_ingestion to 2026-06-02 02:00:00+00:00, run_after=2026-06-03 02:00:00+00:00
[2026-06-03T11:00:53.344+0000] {processor.py:183} INFO - Processing /opt/airflow/dags/dag_bronze_ingestion.py took 0.146 seconds
[2026-06-03T11:01:24.091+0000] {processor.py:161} INFO - Started process (PID=3085) to work on /opt/airflow/dags/dag_bronze_ingestion.py
[2026-06-03T11:01:24.096+0000] {processor.py:830} INFO - Processing file /opt/airflow/dags/dag_bronze_ingestion.py for tasks to queue
[2026-06-03T11:01:24.102+0000] {logging_mixin.py:188} INFO - [2026-06-03T11:01:24.102+0000] {dagbag.py:540} INFO - Filling up the DagBag from /opt/airflow/dags/dag_bronze_ingestion.py
[2026-06-03T11:01:24.170+0000] {processor.py:840} INFO - DAG(s) 'neuralretail_bronze_ingestion' retrieved from /opt/airflow/dags/dag_bronze_ingestion.py
[2026-06-03T11:01:24.203+0000] {logging_mixin.py:188} INFO - [2026-06-03T11:01:24.203+0000] {dag.py:3096} INFO - Sync 1 DAGs
[2026-06-03T11:01:24.223+0000] {logging_mixin.py:188} INFO - [2026-06-03T11:01:24.223+0000] {dag.py:3954} INFO - Setting next_dagrun for neuralretail_bronze_ingestion to 2026-06-02 02:00:00+00:00, run_after=2026-06-03 02:00:00+00:00
[2026-06-03T11:01:24.259+0000] {processor.py:183} INFO - Processing /opt/airflow/dags/dag_bronze_ingestion.py took 0.180 seconds
[2026-06-03T11:01:55.021+0000] {processor.py:161} INFO - Started process (PID=3105) to work on /opt/airflow/dags/dag_bronze_ingestion.py
[2026-06-03T11:01:55.025+0000] {processor.py:830} INFO - Processing file /opt/airflow/dags/dag_bronze_ingestion.py for tasks to queue
[2026-06-03T11:01:55.031+0000] {logging_mixin.py:188} INFO - [2026-06-03T11:01:55.029+0000] {dagbag.py:540} INFO - Filling up the DagBag from /opt/airflow/dags/dag_bronze_ingestion.py
[2026-06-03T11:01:55.103+0000] {processor.py:840} INFO - DAG(s) 'neuralretail_bronze_ingestion' retrieved from /opt/airflow/dags/dag_bronze_ingestion.py
[2026-06-03T11:01:55.142+0000] {logging_mixin.py:188} INFO - [2026-06-03T11:01:55.141+0000] {dag.py:3096} INFO - Sync 1 DAGs
[2026-06-03T11:01:55.170+0000] {logging_mixin.py:188} INFO - [2026-06-03T11:01:55.170+0000] {dag.py:3954} INFO - Setting next_dagrun for neuralretail_bronze_ingestion to 2026-06-02 02:00:00+00:00, run_after=2026-06-03 02:00:00+00:00
[2026-06-03T11:01:55.193+0000] {processor.py:183} INFO - Processing /opt/airflow/dags/dag_bronze_ingestion.py took 0.181 seconds
[2026-06-03T11:02:25.584+0000] {processor.py:161} INFO - Started process (PID=3125) to work on /opt/airflow/dags/dag_bronze_ingestion.py
[2026-06-03T11:02:25.586+0000] {processor.py:830} INFO - Processing file /opt/airflow/dags/dag_bronze_ingestion.py for tasks to queue
[2026-06-03T11:02:25.591+0000] {logging_mixin.py:188} INFO - [2026-06-03T11:02:25.590+0000] {dagbag.py:540} INFO - Filling up the DagBag from /opt/airflow/dags/dag_bronze_ingestion.py
[2026-06-03T11:02:25.656+0000] {processor.py:840} INFO - DAG(s) 'neuralretail_bronze_ingestion' retrieved from /opt/airflow/dags/dag_bronze_ingestion.py
[2026-06-03T11:02:25.692+0000] {logging_mixin.py:188} INFO - [2026-06-03T11:02:25.692+0000] {dag.py:3096} INFO - Sync 1 DAGs
[2026-06-03T11:02:25.730+0000] {logging_mixin.py:188} INFO - [2026-06-03T11:02:25.729+0000] {dag.py:3954} INFO - Setting next_dagrun for neuralretail_bronze_ingestion to 2026-06-02 02:00:00+00:00, run_after=2026-06-03 02:00:00+00:00
[2026-06-03T11:02:25.752+0000] {processor.py:183} INFO - Processing /opt/airflow/dags/dag_bronze_ingestion.py took 0.175 seconds
[2026-06-03T11:02:56.173+0000] {processor.py:161} INFO - Started process (PID=3145) to work on /opt/airflow/dags/dag_bronze_ingestion.py
[2026-06-03T11:02:56.174+0000] {processor.py:830} INFO - Processing file /opt/airflow/dags/dag_bronze_ingestion.py for tasks to queue
[2026-06-03T11:02:56.176+0000] {logging_mixin.py:188} INFO - [2026-06-03T11:02:56.176+0000] {dagbag.py:540} INFO - Filling up the DagBag from /opt/airflow/dags/dag_bronze_ingestion.py
[2026-06-03T11:02:56.220+0000] {processor.py:840} INFO - DAG(s) 'neuralretail_bronze_ingestion' retrieved from /opt/airflow/dags/dag_bronze_ingestion.py
[2026-06-03T11:02:56.243+0000] {logging_mixin.py:188} INFO - [2026-06-03T11:02:56.243+0000] {dag.py:3096} INFO - Sync 1 DAGs
[2026-06-03T11:02:56.266+0000] {logging_mixin.py:188} INFO - [2026-06-03T11:02:56.266+0000] {dag.py:3954} INFO - Setting next_dagrun for neuralretail_bronze_ingestion to 2026-06-02 02:00:00+00:00, run_after=2026-06-03 02:00:00+00:00
[2026-06-03T11:02:56.286+0000] {processor.py:183} INFO - Processing /opt/airflow/dags/dag_bronze_ingestion.py took 0.120 seconds
[2026-06-03T11:03:26.647+0000] {processor.py:161} INFO - Started process (PID=3165) to work on /opt/airflow/dags/dag_bronze_ingestion.py
[2026-06-03T11:03:26.650+0000] {processor.py:830} INFO - Processing file /opt/airflow/dags/dag_bronze_ingestion.py for tasks to queue
[2026-06-03T11:03:26.654+0000] {logging_mixin.py:188} INFO - [2026-06-03T11:03:26.653+0000] {dagbag.py:540} INFO - Filling up the DagBag from /opt/airflow/dags/dag_bronze_ingestion.py
[2026-06-03T11:03:26.723+0000] {processor.py:840} INFO - DAG(s) 'neuralretail_bronze_ingestion' retrieved from /opt/airflow/dags/dag_bronze_ingestion.py
[2026-06-03T11:03:26.763+0000] {logging_mixin.py:188} INFO - [2026-06-03T11:03:26.763+0000] {dag.py:3096} INFO - Sync 1 DAGs
[2026-06-03T11:03:26.810+0000] {logging_mixin.py:188} INFO - [2026-06-03T11:03:26.810+0000] {dag.py:3954} INFO - Setting next_dagrun for neuralretail_bronze_ingestion to 2026-06-02 02:00:00+00:00, run_after=2026-06-03 02:00:00+00:00
[2026-06-03T11:03:26.848+0000] {processor.py:183} INFO - Processing /opt/airflow/dags/dag_bronze_ingestion.py took 0.208 seconds
[2026-06-03T11:03:57.130+0000] {processor.py:161} INFO - Started process (PID=3185) to work on /opt/airflow/dags/dag_bronze_ingestion.py
[2026-06-03T11:03:57.136+0000] {processor.py:830} INFO - Processing file /opt/airflow/dags/dag_bronze_ingestion.py for tasks to queue
[2026-06-03T11:03:57.142+0000] {logging_mixin.py:188} INFO - [2026-06-03T11:03:57.141+0000] {dagbag.py:540} INFO - Filling up the DagBag from /opt/airflow/dags/dag_bronze_ingestion.py
[2026-06-03T11:03:57.208+0000] {processor.py:840} INFO - DAG(s) 'neuralretail_bronze_ingestion' retrieved from /opt/airflow/dags/dag_bronze_ingestion.py
[2026-06-03T11:03:57.252+0000] {logging_mixin.py:188} INFO - [2026-06-03T11:03:57.251+0000] {dag.py:3096} INFO - Sync 1 DAGs
[2026-06-03T11:03:57.284+0000] {logging_mixin.py:188} INFO - [2026-06-03T11:03:57.284+0000] {dag.py:3954} INFO - Setting next_dagrun for neuralretail_bronze_ingestion to 2026-06-02 02:00:00+00:00, run_after=2026-06-03 02:00:00+00:00
[2026-06-03T11:03:57.323+0000] {processor.py:183} INFO - Processing /opt/airflow/dags/dag_bronze_ingestion.py took 0.202 seconds
[2026-06-03T11:04:28.633+0000] {processor.py:161} INFO - Started process (PID=3205) to work on /opt/airflow/dags/dag_bronze_ingestion.py
[2026-06-03T11:04:28.651+0000] {processor.py:830} INFO - Processing file /opt/airflow/dags/dag_bronze_ingestion.py for tasks to queue
[2026-06-03T11:04:28.669+0000] {logging_mixin.py:188} INFO - [2026-06-03T11:04:28.669+0000] {dagbag.py:540} INFO - Filling up the DagBag from /opt/airflow/dags/dag_bronze_ingestion.py
[2026-06-03T11:04:28.866+0000] {processor.py:840} INFO - DAG(s) 'neuralretail_bronze_ingestion' retrieved from /opt/airflow/dags/dag_bronze_ingestion.py
[2026-06-03T11:04:28.891+0000] {logging_mixin.py:188} INFO - [2026-06-03T11:04:28.891+0000] {dag.py:3096} INFO - Sync 1 DAGs
[2026-06-03T11:04:28.933+0000] {logging_mixin.py:188} INFO - [2026-06-03T11:04:28.933+0000] {dag.py:3954} INFO - Setting next_dagrun for neuralretail_bronze_ingestion to 2026-06-02 02:00:00+00:00, run_after=2026-06-03 02:00:00+00:00
[2026-06-03T11:04:28.980+0000] {processor.py:183} INFO - Processing /opt/airflow/dags/dag_bronze_ingestion.py took 0.353 seconds
[2026-06-03T11:04:59.132+0000] {processor.py:161} INFO - Started process (PID=3225) to work on /opt/airflow/dags/dag_bronze_ingestion.py
[2026-06-03T11:04:59.134+0000] {processor.py:830} INFO - Processing file /opt/airflow/dags/dag_bronze_ingestion.py for tasks to queue
[2026-06-03T11:04:59.139+0000] {logging_mixin.py:188} INFO - [2026-06-03T11:04:59.139+0000] {dagbag.py:540} INFO - Filling up the DagBag from /opt/airflow/dags/dag_bronze_ingestion.py
[2026-06-03T11:04:59.212+0000] {processor.py:840} INFO - DAG(s) 'neuralretail_bronze_ingestion' retrieved from /opt/airflow/dags/dag_bronze_ingestion.py
[2026-06-03T11:04:59.238+0000] {logging_mixin.py:188} INFO - [2026-06-03T11:04:59.237+0000] {dag.py:3096} INFO - Sync 1 DAGs
[2026-06-03T11:04:59.258+0000] {logging_mixin.py:188} INFO - [2026-06-03T11:04:59.258+0000] {dag.py:3954} INFO - Setting next_dagrun for neuralretail_bronze_ingestion to 2026-06-02 02:00:00+00:00, run_after=2026-06-03 02:00:00+00:00
[2026-06-03T11:04:59.283+0000] {processor.py:183} INFO - Processing /opt/airflow/dags/dag_bronze_ingestion.py took 0.161 seconds
[2026-06-03T11:05:29.503+0000] {processor.py:161} INFO - Started process (PID=3245) to work on /opt/airflow/dags/dag_bronze_ingestion.py
[2026-06-03T11:05:29.509+0000] {processor.py:830} INFO - Processing file /opt/airflow/dags/dag_bronze_ingestion.py for tasks to queue
[2026-06-03T11:05:29.516+0000] {logging_mixin.py:188} INFO - [2026-06-03T11:05:29.515+0000] {dagbag.py:540} INFO - Filling up the DagBag from /opt/airflow/dags/dag_bronze_ingestion.py
[2026-06-03T11:05:29.576+0000] {processor.py:840} INFO - DAG(s) 'neuralretail_bronze_ingestion' retrieved from /opt/airflow/dags/dag_bronze_ingestion.py
[2026-06-03T11:05:29.604+0000] {logging_mixin.py:188} INFO - [2026-06-03T11:05:29.603+0000] {dag.py:3096} INFO - Sync 1 DAGs
[2026-06-03T11:05:29.622+0000] {logging_mixin.py:188} INFO - [2026-06-03T11:05:29.622+0000] {dag.py:3954} INFO - Setting next_dagrun for neuralretail_bronze_ingestion to 2026-06-02 02:00:00+00:00, run_after=2026-06-03 02:00:00+00:00
[2026-06-03T11:05:29.640+0000] {processor.py:183} INFO - Processing /opt/airflow/dags/dag_bronze_ingestion.py took 0.144 seconds
[2026-06-03T11:06:00.001+0000] {processor.py:161} INFO - Started process (PID=3265) to work on /opt/airflow/dags/dag_bronze_ingestion.py
[2026-06-03T11:06:00.003+0000] {processor.py:830} INFO - Processing file /opt/airflow/dags/dag_bronze_ingestion.py for tasks to queue
[2026-06-03T11:06:00.006+0000] {logging_mixin.py:188} INFO - [2026-06-03T11:06:00.006+0000] {dagbag.py:540} INFO - Filling up the DagBag from /opt/airflow/dags/dag_bronze_ingestion.py
[2026-06-03T11:06:00.057+0000] {processor.py:840} INFO - DAG(s) 'neuralretail_bronze_ingestion' retrieved from /opt/airflow/dags/dag_bronze_ingestion.py
[2026-06-03T11:06:00.089+0000] {logging_mixin.py:188} INFO - [2026-06-03T11:06:00.089+0000] {dag.py:3096} INFO - Sync 1 DAGs
[2026-06-03T11:06:00.122+0000] {logging_mixin.py:188} INFO - [2026-06-03T11:06:00.121+0000] {dag.py:3954} INFO - Setting next_dagrun for neuralretail_bronze_ingestion to 2026-06-02 02:00:00+00:00, run_after=2026-06-03 02:00:00+00:00
[2026-06-03T11:06:00.144+0000] {processor.py:183} INFO - Processing /opt/airflow/dags/dag_bronze_ingestion.py took 0.148 seconds
[2026-06-03T11:06:31.325+0000] {processor.py:161} INFO - Started process (PID=3285) to work on /opt/airflow/dags/dag_bronze_ingestion.py
[2026-06-03T11:06:31.336+0000] {processor.py:830} INFO - Processing file /opt/airflow/dags/dag_bronze_ingestion.py for tasks to queue
[2026-06-03T11:06:31.344+0000] {logging_mixin.py:188} INFO - [2026-06-03T11:06:31.343+0000] {dagbag.py:540} INFO - Filling up the DagBag from /opt/airflow/dags/dag_bronze_ingestion.py
[2026-06-03T11:06:31.518+0000] {processor.py:840} INFO - DAG(s) 'neuralretail_bronze_ingestion' retrieved from /opt/airflow/dags/dag_bronze_ingestion.py
[2026-06-03T11:06:31.634+0000] {logging_mixin.py:188} INFO - [2026-06-03T11:06:31.633+0000] {dag.py:3096} INFO - Sync 1 DAGs
[2026-06-03T11:06:31.736+0000] {logging_mixin.py:188} INFO - [2026-06-03T11:06:31.735+0000] {dag.py:3954} INFO - Setting next_dagrun for neuralretail_bronze_ingestion to 2026-06-02 02:00:00+00:00, run_after=2026-06-03 02:00:00+00:00
[2026-06-03T11:06:31.807+0000] {processor.py:183} INFO - Processing /opt/airflow/dags/dag_bronze_ingestion.py took 0.500 seconds
[2026-06-03T11:07:02.671+0000] {processor.py:161} INFO - Started process (PID=3305) to work on /opt/airflow/dags/dag_bronze_ingestion.py
[2026-06-03T11:07:02.675+0000] {processor.py:830} INFO - Processing file /opt/airflow/dags/dag_bronze_ingestion.py for tasks to queue
[2026-06-03T11:07:02.678+0000] {logging_mixin.py:188} INFO - [2026-06-03T11:07:02.678+0000] {dagbag.py:540} INFO - Filling up the DagBag from /opt/airflow/dags/dag_bronze_ingestion.py
[2026-06-03T11:07:02.997+0000] {processor.py:840} INFO - DAG(s) 'neuralretail_bronze_ingestion' retrieved from /opt/airflow/dags/dag_bronze_ingestion.py
[2026-06-03T11:07:03.295+0000] {logging_mixin.py:188} INFO - [2026-06-03T11:07:03.292+0000] {dag.py:3096} INFO - Sync 1 DAGs
[2026-06-03T11:07:03.488+0000] {logging_mixin.py:188} INFO - [2026-06-03T11:07:03.477+0000] {dag.py:3954} INFO - Setting next_dagrun for neuralretail_bronze_ingestion to 2026-06-02 02:00:00+00:00, run_after=2026-06-03 02:00:00+00:00
[2026-06-03T11:07:03.762+0000] {processor.py:183} INFO - Processing /opt/airflow/dags/dag_bronze_ingestion.py took 1.118 seconds
[2026-06-03T11:07:34.229+0000] {processor.py:161} INFO - Started process (PID=3325) to work on /opt/airflow/dags/dag_bronze_ingestion.py
[2026-06-03T11:07:34.233+0000] {processor.py:830} INFO - Processing file /opt/airflow/dags/dag_bronze_ingestion.py for tasks to queue
[2026-06-03T11:07:34.239+0000] {logging_mixin.py:188} INFO - [2026-06-03T11:07:34.238+0000] {dagbag.py:540} INFO - Filling up the DagBag from /opt/airflow/dags/dag_bronze_ingestion.py
[2026-06-03T11:07:34.341+0000] {processor.py:840} INFO - DAG(s) 'neuralretail_bronze_ingestion' retrieved from /opt/airflow/dags/dag_bronze_ingestion.py
[2026-06-03T11:07:34.409+0000] {logging_mixin.py:188} INFO - [2026-06-03T11:07:34.409+0000] {dag.py:3096} INFO - Sync 1 DAGs
[2026-06-03T11:07:34.441+0000] {logging_mixin.py:188} INFO - [2026-06-03T11:07:34.440+0000] {dag.py:3954} INFO - Setting next_dagrun for neuralretail_bronze_ingestion to 2026-06-02 02:00:00+00:00, run_after=2026-06-03 02:00:00+00:00
[2026-06-03T11:07:34.490+0000] {processor.py:183} INFO - Processing /opt/airflow/dags/dag_bronze_ingestion.py took 0.278 seconds
[2026-06-03T11:08:05.552+0000] {processor.py:161} INFO - Started process (PID=3345) to work on /opt/airflow/dags/dag_bronze_ingestion.py
[2026-06-03T11:08:05.555+0000] {processor.py:830} INFO - Processing file /opt/airflow/dags/dag_bronze_ingestion.py for tasks to queue
[2026-06-03T11:08:05.561+0000] {logging_mixin.py:188} INFO - [2026-06-03T11:08:05.560+0000] {dagbag.py:540} INFO - Filling up the DagBag from /opt/airflow/dags/dag_bronze_ingestion.py
[2026-06-03T11:08:05.656+0000] {processor.py:840} INFO - DAG(s) 'neuralretail_bronze_ingestion' retrieved from /opt/airflow/dags/dag_bronze_ingestion.py
[2026-06-03T11:08:05.706+0000] {logging_mixin.py:188} INFO - [2026-06-03T11:08:05.706+0000] {dag.py:3096} INFO - Sync 1 DAGs
[2026-06-03T11:08:05.749+0000] {logging_mixin.py:188} INFO - [2026-06-03T11:08:05.748+0000] {dag.py:3954} INFO - Setting next_dagrun for neuralretail_bronze_ingestion to 2026-06-02 02:00:00+00:00, run_after=2026-06-03 02:00:00+00:00
[2026-06-03T11:08:05.812+0000] {processor.py:183} INFO - Processing /opt/airflow/dags/dag_bronze_ingestion.py took 0.271 seconds
[2026-06-03T11:08:36.496+0000] {processor.py:161} INFO - Started process (PID=3367) to work on /opt/airflow/dags/dag_bronze_ingestion.py
[2026-06-03T11:08:36.501+0000] {processor.py:830} INFO - Processing file /opt/airflow/dags/dag_bronze_ingestion.py for tasks to queue
[2026-06-03T11:08:36.506+0000] {logging_mixin.py:188} INFO - [2026-06-03T11:08:36.505+0000] {dagbag.py:540} INFO - Filling up the DagBag from /opt/airflow/dags/dag_bronze_ingestion.py
[2026-06-03T11:08:36.640+0000] {processor.py:840} INFO - DAG(s) 'neuralretail_bronze_ingestion' retrieved from /opt/airflow/dags/dag_bronze_ingestion.py
[2026-06-03T11:08:36.696+0000] {logging_mixin.py:188} INFO - [2026-06-03T11:08:36.695+0000] {dag.py:3096} INFO - Sync 1 DAGs
[2026-06-03T11:08:36.741+0000] {logging_mixin.py:188} INFO - [2026-06-03T11:08:36.740+0000] {dag.py:3954} INFO - Setting next_dagrun for neuralretail_bronze_ingestion to 2026-06-02 02:00:00+00:00, run_after=2026-06-03 02:00:00+00:00
[2026-06-03T11:08:36.791+0000] {processor.py:183} INFO - Processing /opt/airflow/dags/dag_bronze_ingestion.py took 0.310 seconds
[2026-06-03T11:09:07.314+0000] {processor.py:161} INFO - Started process (PID=3385) to work on /opt/airflow/dags/dag_bronze_ingestion.py
[2026-06-03T11:09:07.318+0000] {processor.py:830} INFO - Processing file /opt/airflow/dags/dag_bronze_ingestion.py for tasks to queue
[2026-06-03T11:09:07.324+0000] {logging_mixin.py:188} INFO - [2026-06-03T11:09:07.323+0000] {dagbag.py:540} INFO - Filling up the DagBag from /opt/airflow/dags/dag_bronze_ingestion.py
[2026-06-03T11:09:07.435+0000] {processor.py:840} INFO - DAG(s) 'neuralretail_bronze_ingestion' retrieved from /opt/airflow/dags/dag_bronze_ingestion.py
[2026-06-03T11:09:07.478+0000] {logging_mixin.py:188} INFO - [2026-06-03T11:09:07.478+0000] {dag.py:3096} INFO - Sync 1 DAGs
[2026-06-03T11:09:07.533+0000] {logging_mixin.py:188} INFO - [2026-06-03T11:09:07.532+0000] {dag.py:3954} INFO - Setting next_dagrun for neuralretail_bronze_ingestion to 2026-06-02 02:00:00+00:00, run_after=2026-06-03 02:00:00+00:00
[2026-06-03T11:09:07.583+0000] {processor.py:183} INFO - Processing /opt/airflow/dags/dag_bronze_ingestion.py took 0.280 seconds
[2026-06-03T11:09:37.912+0000] {processor.py:161} INFO - Started process (PID=3405) to work on /opt/airflow/dags/dag_bronze_ingestion.py
[2026-06-03T11:09:37.915+0000] {processor.py:830} INFO - Processing file /opt/airflow/dags/dag_bronze_ingestion.py for tasks to queue
[2026-06-03T11:09:37.920+0000] {logging_mixin.py:188} INFO - [2026-06-03T11:09:37.920+0000] {dagbag.py:540} INFO - Filling up the DagBag from /opt/airflow/dags/dag_bronze_ingestion.py
[2026-06-03T11:09:38.004+0000] {processor.py:840} INFO - DAG(s) 'neuralretail_bronze_ingestion' retrieved from /opt/airflow/dags/dag_bronze_ingestion.py
[2026-06-03T11:09:38.069+0000] {logging_mixin.py:188} INFO - [2026-06-03T11:09:38.068+0000] {dag.py:3096} INFO - Sync 1 DAGs
[2026-06-03T11:09:38.146+0000] {logging_mixin.py:188} INFO - [2026-06-03T11:09:38.145+0000] {dag.py:3954} INFO - Setting next_dagrun for neuralretail_bronze_ingestion to 2026-06-02 02:00:00+00:00, run_after=2026-06-03 02:00:00+00:00
[2026-06-03T11:09:38.202+0000] {processor.py:183} INFO - Processing /opt/airflow/dags/dag_bronze_ingestion.py took 0.301 seconds
[2026-06-03T11:10:08.843+0000] {processor.py:161} INFO - Started process (PID=3425) to work on /opt/airflow/dags/dag_bronze_ingestion.py
[2026-06-03T11:10:08.845+0000] {processor.py:830} INFO - Processing file /opt/airflow/dags/dag_bronze_ingestion.py for tasks to queue
[2026-06-03T11:10:08.849+0000] {logging_mixin.py:188} INFO - [2026-06-03T11:10:08.848+0000] {dagbag.py:540} INFO - Filling up the DagBag from /opt/airflow/dags/dag_bronze_ingestion.py
[2026-06-03T11:10:08.993+0000] {processor.py:840} INFO - DAG(s) 'neuralretail_bronze_ingestion' retrieved from /opt/airflow/dags/dag_bronze_ingestion.py
[2026-06-03T11:10:09.089+0000] {logging_mixin.py:188} INFO - [2026-06-03T11:10:09.089+0000] {dag.py:3096} INFO - Sync 1 DAGs
[2026-06-03T11:10:09.129+0000] {logging_mixin.py:188} INFO - [2026-06-03T11:10:09.128+0000] {dag.py:3954} INFO - Setting next_dagrun for neuralretail_bronze_ingestion to 2026-06-02 02:00:00+00:00, run_after=2026-06-03 02:00:00+00:00
[2026-06-03T11:10:09.169+0000] {processor.py:183} INFO - Processing /opt/airflow/dags/dag_bronze_ingestion.py took 0.338 seconds
[2026-06-03T11:10:40.254+0000] {processor.py:161} INFO - Started process (PID=3445) to work on /opt/airflow/dags/dag_bronze_ingestion.py
[2026-06-03T11:10:40.257+0000] {processor.py:830} INFO - Processing file /opt/airflow/dags/dag_bronze_ingestion.py for tasks to queue
[2026-06-03T11:10:40.262+0000] {logging_mixin.py:188} INFO - [2026-06-03T11:10:40.261+0000] {dagbag.py:540} INFO - Filling up the DagBag from /opt/airflow/dags/dag_bronze_ingestion.py
[2026-06-03T11:10:40.361+0000] {processor.py:840} INFO - DAG(s) 'neuralretail_bronze_ingestion' retrieved from /opt/airflow/dags/dag_bronze_ingestion.py
[2026-06-03T11:10:40.417+0000] {logging_mixin.py:188} INFO - [2026-06-03T11:10:40.416+0000] {dag.py:3096} INFO - Sync 1 DAGs
[2026-06-03T11:10:40.472+0000] {logging_mixin.py:188} INFO - [2026-06-03T11:10:40.472+0000] {dag.py:3954} INFO - Setting next_dagrun for neuralretail_bronze_ingestion to 2026-06-02 02:00:00+00:00, run_after=2026-06-03 02:00:00+00:00
[2026-06-03T11:10:40.531+0000] {processor.py:183} INFO - Processing /opt/airflow/dags/dag_bronze_ingestion.py took 0.296 seconds
[2026-06-03T11:11:11.429+0000] {processor.py:161} INFO - Started process (PID=3465) to work on /opt/airflow/dags/dag_bronze_ingestion.py
[2026-06-03T11:11:11.432+0000] {processor.py:830} INFO - Processing file /opt/airflow/dags/dag_bronze_ingestion.py for tasks to queue
[2026-06-03T11:11:11.438+0000] {logging_mixin.py:188} INFO - [2026-06-03T11:11:11.437+0000] {dagbag.py:540} INFO - Filling up the DagBag from /opt/airflow/dags/dag_bronze_ingestion.py
[2026-06-03T11:11:11.511+0000] {processor.py:840} INFO - DAG(s) 'neuralretail_bronze_ingestion' retrieved from /opt/airflow/dags/dag_bronze_ingestion.py
[2026-06-03T11:11:11.570+0000] {logging_mixin.py:188} INFO - [2026-06-03T11:11:11.569+0000] {dag.py:3096} INFO - Sync 1 DAGs
[2026-06-03T11:11:11.646+0000] {logging_mixin.py:188} INFO - [2026-06-03T11:11:11.645+0000] {dag.py:3954} INFO - Setting next_dagrun for neuralretail_bronze_ingestion to 2026-06-02 02:00:00+00:00, run_after=2026-06-03 02:00:00+00:00
[2026-06-03T11:11:11.701+0000] {processor.py:183} INFO - Processing /opt/airflow/dags/dag_bronze_ingestion.py took 0.284 seconds
[2026-06-03T11:11:42.784+0000] {processor.py:161} INFO - Started process (PID=3485) to work on /opt/airflow/dags/dag_bronze_ingestion.py
[2026-06-03T11:11:42.788+0000] {processor.py:830} INFO - Processing file /opt/airflow/dags/dag_bronze_ingestion.py for tasks to queue
[2026-06-03T11:11:42.795+0000] {logging_mixin.py:188} INFO - [2026-06-03T11:11:42.795+0000] {dagbag.py:540} INFO - Filling up the DagBag from /opt/airflow/dags/dag_bronze_ingestion.py
[2026-06-03T11:11:42.902+0000] {processor.py:840} INFO - DAG(s) 'neuralretail_bronze_ingestion' retrieved from /opt/airflow/dags/dag_bronze_ingestion.py
[2026-06-03T11:11:43.001+0000] {logging_mixin.py:188} INFO - [2026-06-03T11:11:43.001+0000] {dag.py:3096} INFO - Sync 1 DAGs
[2026-06-03T11:11:43.089+0000] {logging_mixin.py:188} INFO - [2026-06-03T11:11:43.089+0000] {dag.py:3954} INFO - Setting next_dagrun for neuralretail_bronze_ingestion to 2026-06-02 02:00:00+00:00, run_after=2026-06-03 02:00:00+00:00
[2026-06-03T11:11:43.189+0000] {processor.py:183} INFO - Processing /opt/airflow/dags/dag_bronze_ingestion.py took 0.414 seconds
[2026-06-03T11:12:13.757+0000] {processor.py:161} INFO - Started process (PID=3505) to work on /opt/airflow/dags/dag_bronze_ingestion.py
[2026-06-03T11:12:13.760+0000] {processor.py:830} INFO - Processing file /opt/airflow/dags/dag_bronze_ingestion.py for tasks to queue
[2026-06-03T11:12:13.765+0000] {logging_mixin.py:188} INFO - [2026-06-03T11:12:13.765+0000] {dagbag.py:540} INFO - Filling up the DagBag from /opt/airflow/dags/dag_bronze_ingestion.py
[2026-06-03T11:12:13.866+0000] {processor.py:840} INFO - DAG(s) 'neuralretail_bronze_ingestion' retrieved from /opt/airflow/dags/dag_bronze_ingestion.py
[2026-06-03T11:12:13.928+0000] {logging_mixin.py:188} INFO - [2026-06-03T11:12:13.927+0000] {dag.py:3096} INFO - Sync 1 DAGs
[2026-06-03T11:12:13.988+0000] {logging_mixin.py:188} INFO - [2026-06-03T11:12:13.987+0000] {dag.py:3954} INFO - Setting next_dagrun for neuralretail_bronze_ingestion to 2026-06-02 02:00:00+00:00, run_after=2026-06-03 02:00:00+00:00
[2026-06-03T11:12:14.071+0000] {processor.py:183} INFO - Processing /opt/airflow/dags/dag_bronze_ingestion.py took 0.325 seconds
[2026-06-03T11:12:44.648+0000] {processor.py:161} INFO - Started process (PID=3527) to work on /opt/airflow/dags/dag_bronze_ingestion.py
[2026-06-03T11:12:44.651+0000] {processor.py:830} INFO - Processing file /opt/airflow/dags/dag_bronze_ingestion.py for tasks to queue
[2026-06-03T11:12:44.657+0000] {logging_mixin.py:188} INFO - [2026-06-03T11:12:44.657+0000] {dagbag.py:540} INFO - Filling up the DagBag from /opt/airflow/dags/dag_bronze_ingestion.py
[2026-06-03T11:12:44.759+0000] {processor.py:840} INFO - DAG(s) 'neuralretail_bronze_ingestion' retrieved from /opt/airflow/dags/dag_bronze_ingestion.py
[2026-06-03T11:12:44.813+0000] {logging_mixin.py:188} INFO - [2026-06-03T11:12:44.812+0000] {dag.py:3096} INFO - Sync 1 DAGs
[2026-06-03T11:12:44.845+0000] {logging_mixin.py:188} INFO - [2026-06-03T11:12:44.845+0000] {dag.py:3954} INFO - Setting next_dagrun for neuralretail_bronze_ingestion to 2026-06-02 02:00:00+00:00, run_after=2026-06-03 02:00:00+00:00
[2026-06-03T11:12:44.880+0000] {processor.py:183} INFO - Processing /opt/airflow/dags/dag_bronze_ingestion.py took 0.245 seconds
[2026-06-03T11:13:15.459+0000] {processor.py:161} INFO - Started process (PID=3547) to work on /opt/airflow/dags/dag_bronze_ingestion.py
[2026-06-03T11:13:15.463+0000] {processor.py:830} INFO - Processing file /opt/airflow/dags/dag_bronze_ingestion.py for tasks to queue
[2026-06-03T11:13:15.467+0000] {logging_mixin.py:188} INFO - [2026-06-03T11:13:15.467+0000] {dagbag.py:540} INFO - Filling up the DagBag from /opt/airflow/dags/dag_bronze_ingestion.py
[2026-06-03T11:13:15.610+0000] {processor.py:840} INFO - DAG(s) 'neuralretail_bronze_ingestion' retrieved from /opt/airflow/dags/dag_bronze_ingestion.py
[2026-06-03T11:13:15.662+0000] {logging_mixin.py:188} INFO - [2026-06-03T11:13:15.662+0000] {dag.py:3096} INFO - Sync 1 DAGs
[2026-06-03T11:13:15.702+0000] {logging_mixin.py:188} INFO - [2026-06-03T11:13:15.701+0000] {dag.py:3954} INFO - Setting next_dagrun for neuralretail_bronze_ingestion to 2026-06-02 02:00:00+00:00, run_after=2026-06-03 02:00:00+00:00
[2026-06-03T11:13:15.733+0000] {processor.py:183} INFO - Processing /opt/airflow/dags/dag_bronze_ingestion.py took 0.289 seconds
[2026-06-03T11:13:46.098+0000] {processor.py:161} INFO - Started process (PID=3565) to work on /opt/airflow/dags/dag_bronze_ingestion.py
[2026-06-03T11:13:46.100+0000] {processor.py:830} INFO - Processing file /opt/airflow/dags/dag_bronze_ingestion.py for tasks to queue
[2026-06-03T11:13:46.104+0000] {logging_mixin.py:188} INFO - [2026-06-03T11:13:46.104+0000] {dagbag.py:540} INFO - Filling up the DagBag from /opt/airflow/dags/dag_bronze_ingestion.py
[2026-06-03T11:13:46.166+0000] {processor.py:840} INFO - DAG(s) 'neuralretail_bronze_ingestion' retrieved from /opt/airflow/dags/dag_bronze_ingestion.py
[2026-06-03T11:13:46.212+0000] {logging_mixin.py:188} INFO - [2026-06-03T11:13:46.212+0000] {dag.py:3096} INFO - Sync 1 DAGs
[2026-06-03T11:13:46.253+0000] {logging_mixin.py:188} INFO - [2026-06-03T11:13:46.252+0000] {dag.py:3954} INFO - Setting next_dagrun for neuralretail_bronze_ingestion to 2026-06-02 02:00:00+00:00, run_after=2026-06-03 02:00:00+00:00
[2026-06-03T11:13:46.287+0000] {processor.py:183} INFO - Processing /opt/airflow/dags/dag_bronze_ingestion.py took 0.202 seconds
[2026-06-03T11:14:16.560+0000] {processor.py:161} INFO - Started process (PID=3585) to work on /opt/airflow/dags/dag_bronze_ingestion.py
[2026-06-03T11:14:16.561+0000] {processor.py:830} INFO - Processing file /opt/airflow/dags/dag_bronze_ingestion.py for tasks to queue
[2026-06-03T11:14:16.564+0000] {logging_mixin.py:188} INFO - [2026-06-03T11:14:16.564+0000] {dagbag.py:540} INFO - Filling up the DagBag from /opt/airflow/dags/dag_bronze_ingestion.py
[2026-06-03T11:14:16.647+0000] {processor.py:840} INFO - DAG(s) 'neuralretail_bronze_ingestion' retrieved from /opt/airflow/dags/dag_bronze_ingestion.py
[2026-06-03T11:14:16.694+0000] {logging_mixin.py:188} INFO - [2026-06-03T11:14:16.693+0000] {dag.py:3096} INFO - Sync 1 DAGs
[2026-06-03T11:14:16.744+0000] {logging_mixin.py:188} INFO - [2026-06-03T11:14:16.743+0000] {dag.py:3954} INFO - Setting next_dagrun for neuralretail_bronze_ingestion to 2026-06-02 02:00:00+00:00, run_after=2026-06-03 02:00:00+00:00
[2026-06-03T11:14:16.788+0000] {processor.py:183} INFO - Processing /opt/airflow/dags/dag_bronze_ingestion.py took 0.240 seconds
[2026-06-03T11:14:47.005+0000] {processor.py:161} INFO - Started process (PID=3605) to work on /opt/airflow/dags/dag_bronze_ingestion.py
[2026-06-03T11:14:47.006+0000] {processor.py:830} INFO - Processing file /opt/airflow/dags/dag_bronze_ingestion.py for tasks to queue
[2026-06-03T11:14:47.008+0000] {logging_mixin.py:188} INFO - [2026-06-03T11:14:47.008+0000] {dagbag.py:540} INFO - Filling up the DagBag from /opt/airflow/dags/dag_bronze_ingestion.py
[2026-06-03T11:14:47.076+0000] {processor.py:840} INFO - DAG(s) 'neuralretail_bronze_ingestion' retrieved from /opt/airflow/dags/dag_bronze_ingestion.py
[2026-06-03T11:14:47.107+0000] {logging_mixin.py:188} INFO - [2026-06-03T11:14:47.107+0000] {dag.py:3096} INFO - Sync 1 DAGs
[2026-06-03T11:14:47.137+0000] {logging_mixin.py:188} INFO - [2026-06-03T11:14:47.137+0000] {dag.py:3954} INFO - Setting next_dagrun for neuralretail_bronze_ingestion to 2026-06-02 02:00:00+00:00, run_after=2026-06-03 02:00:00+00:00
[2026-06-03T11:14:47.173+0000] {processor.py:183} INFO - Processing /opt/airflow/dags/dag_bronze_ingestion.py took 0.175 seconds
[2026-06-03T11:15:17.635+0000] {processor.py:161} INFO - Started process (PID=3625) to work on /opt/airflow/dags/dag_bronze_ingestion.py
[2026-06-03T11:15:17.639+0000] {processor.py:830} INFO - Processing file /opt/airflow/dags/dag_bronze_ingestion.py for tasks to queue
[2026-06-03T11:15:17.645+0000] {logging_mixin.py:188} INFO - [2026-06-03T11:15:17.645+0000] {dagbag.py:540} INFO - Filling up the DagBag from /opt/airflow/dags/dag_bronze_ingestion.py
[2026-06-03T11:15:17.765+0000] {processor.py:840} INFO - DAG(s) 'neuralretail_bronze_ingestion' retrieved from /opt/airflow/dags/dag_bronze_ingestion.py
[2026-06-03T11:15:17.801+0000] {logging_mixin.py:188} INFO - [2026-06-03T11:15:17.801+0000] {dag.py:3096} INFO - Sync 1 DAGs
[2026-06-03T11:15:17.828+0000] {logging_mixin.py:188} INFO - [2026-06-03T11:15:17.828+0000] {dag.py:3954} INFO - Setting next_dagrun for neuralretail_bronze_ingestion to 2026-06-02 02:00:00+00:00, run_after=2026-06-03 02:00:00+00:00
[2026-06-03T11:15:17.851+0000] {processor.py:183} INFO - Processing /opt/airflow/dags/dag_bronze_ingestion.py took 0.225 seconds
[2026-06-03T11:15:48.092+0000] {processor.py:161} INFO - Started process (PID=3645) to work on /opt/airflow/dags/dag_bronze_ingestion.py
[2026-06-03T11:15:48.094+0000] {processor.py:830} INFO - Processing file /opt/airflow/dags/dag_bronze_ingestion.py for tasks to queue
[2026-06-03T11:15:48.099+0000] {logging_mixin.py:188} INFO - [2026-06-03T11:15:48.097+0000] {dagbag.py:540} INFO - Filling up the DagBag from /opt/airflow/dags/dag_bronze_ingestion.py
[2026-06-03T11:15:48.207+0000] {processor.py:840} INFO - DAG(s) 'neuralretail_bronze_ingestion' retrieved from /opt/airflow/dags/dag_bronze_ingestion.py
[2026-06-03T11:15:48.260+0000] {logging_mixin.py:188} INFO - [2026-06-03T11:15:48.260+0000] {dag.py:3096} INFO - Sync 1 DAGs
[2026-06-03T11:15:48.296+0000] {logging_mixin.py:188} INFO - [2026-06-03T11:15:48.295+0000] {dag.py:3954} INFO - Setting next_dagrun for neuralretail_bronze_ingestion to 2026-06-02 02:00:00+00:00, run_after=2026-06-03 02:00:00+00:00
[2026-06-03T11:15:48.344+0000] {processor.py:183} INFO - Processing /opt/airflow/dags/dag_bronze_ingestion.py took 0.262 seconds
[2026-06-03T11:16:19.443+0000] {processor.py:161} INFO - Started process (PID=3665) to work on /opt/airflow/dags/dag_bronze_ingestion.py
[2026-06-03T11:16:19.447+0000] {processor.py:830} INFO - Processing file /opt/airflow/dags/dag_bronze_ingestion.py for tasks to queue
[2026-06-03T11:16:19.454+0000] {logging_mixin.py:188} INFO - [2026-06-03T11:16:19.453+0000] {dagbag.py:540} INFO - Filling up the DagBag from /opt/airflow/dags/dag_bronze_ingestion.py
[2026-06-03T11:16:19.525+0000] {processor.py:840} INFO - DAG(s) 'neuralretail_bronze_ingestion' retrieved from /opt/airflow/dags/dag_bronze_ingestion.py
[2026-06-03T11:16:19.564+0000] {logging_mixin.py:188} INFO - [2026-06-03T11:16:19.563+0000] {dag.py:3096} INFO - Sync 1 DAGs
[2026-06-03T11:16:19.600+0000] {logging_mixin.py:188} INFO - [2026-06-03T11:16:19.600+0000] {dag.py:3954} INFO - Setting next_dagrun for neuralretail_bronze_ingestion to 2026-06-02 02:00:00+00:00, run_after=2026-06-03 02:00:00+00:00
[2026-06-03T11:16:19.627+0000] {processor.py:183} INFO - Processing /opt/airflow/dags/dag_bronze_ingestion.py took 0.195 seconds
[2026-06-03T11:16:50.158+0000] {processor.py:161} INFO - Started process (PID=3685) to work on /opt/airflow/dags/dag_bronze_ingestion.py
[2026-06-03T11:16:50.160+0000] {processor.py:830} INFO - Processing file /opt/airflow/dags/dag_bronze_ingestion.py for tasks to queue
[2026-06-03T11:16:50.163+0000] {logging_mixin.py:188} INFO - [2026-06-03T11:16:50.162+0000] {dagbag.py:540} INFO - Filling up the DagBag from /opt/airflow/dags/dag_bronze_ingestion.py
[2026-06-03T11:16:50.207+0000] {processor.py:840} INFO - DAG(s) 'neuralretail_bronze_ingestion' retrieved from /opt/airflow/dags/dag_bronze_ingestion.py
[2026-06-03T11:16:50.241+0000] {logging_mixin.py:188} INFO - [2026-06-03T11:16:50.240+0000] {dag.py:3096} INFO - Sync 1 DAGs
[2026-06-03T11:16:50.263+0000] {logging_mixin.py:188} INFO - [2026-06-03T11:16:50.263+0000] {dag.py:3954} INFO - Setting next_dagrun for neuralretail_bronze_ingestion to 2026-06-02 02:00:00+00:00, run_after=2026-06-03 02:00:00+00:00
[2026-06-03T11:16:50.283+0000] {processor.py:183} INFO - Processing /opt/airflow/dags/dag_bronze_ingestion.py took 0.132 seconds
[2026-06-03T11:17:20.711+0000] {processor.py:161} INFO - Started process (PID=3705) to work on /opt/airflow/dags/dag_bronze_ingestion.py
[2026-06-03T11:17:20.713+0000] {processor.py:830} INFO - Processing file /opt/airflow/dags/dag_bronze_ingestion.py for tasks to queue
[2026-06-03T11:17:20.718+0000] {logging_mixin.py:188} INFO - [2026-06-03T11:17:20.717+0000] {dagbag.py:540} INFO - Filling up the DagBag from /opt/airflow/dags/dag_bronze_ingestion.py
[2026-06-03T11:17:20.779+0000] {processor.py:840} INFO - DAG(s) 'neuralretail_bronze_ingestion' retrieved from /opt/airflow/dags/dag_bronze_ingestion.py
[2026-06-03T11:17:20.804+0000] {logging_mixin.py:188} INFO - [2026-06-03T11:17:20.804+0000] {dag.py:3096} INFO - Sync 1 DAGs
[2026-06-03T11:17:20.827+0000] {logging_mixin.py:188} INFO - [2026-06-03T11:17:20.827+0000] {dag.py:3954} INFO - Setting next_dagrun for neuralretail_bronze_ingestion to 2026-06-02 02:00:00+00:00, run_after=2026-06-03 02:00:00+00:00
[2026-06-03T11:17:20.850+0000] {processor.py:183} INFO - Processing /opt/airflow/dags/dag_bronze_ingestion.py took 0.147 seconds
[2026-06-03T11:17:51.159+0000] {processor.py:161} INFO - Started process (PID=3725) to work on /opt/airflow/dags/dag_bronze_ingestion.py
[2026-06-03T11:17:51.160+0000] {processor.py:830} INFO - Processing file /opt/airflow/dags/dag_bronze_ingestion.py for tasks to queue
[2026-06-03T11:17:51.162+0000] {logging_mixin.py:188} INFO - [2026-06-03T11:17:51.162+0000] {dagbag.py:540} INFO - Filling up the DagBag from /opt/airflow/dags/dag_bronze_ingestion.py
[2026-06-03T11:17:51.212+0000] {processor.py:840} INFO - DAG(s) 'neuralretail_bronze_ingestion' retrieved from /opt/airflow/dags/dag_bronze_ingestion.py
[2026-06-03T11:17:51.239+0000] {logging_mixin.py:188} INFO - [2026-06-03T11:17:51.239+0000] {dag.py:3096} INFO - Sync 1 DAGs
[2026-06-03T11:17:51.270+0000] {logging_mixin.py:188} INFO - [2026-06-03T11:17:51.270+0000] {dag.py:3954} INFO - Setting next_dagrun for neuralretail_bronze_ingestion to 2026-06-02 02:00:00+00:00, run_after=2026-06-03 02:00:00+00:00
[2026-06-03T11:17:51.294+0000] {processor.py:183} INFO - Processing /opt/airflow/dags/dag_bronze_ingestion.py took 0.142 seconds
[2026-06-03T11:18:21.444+0000] {processor.py:161} INFO - Started process (PID=3745) to work on /opt/airflow/dags/dag_bronze_ingestion.py
[2026-06-03T11:18:21.446+0000] {processor.py:830} INFO - Processing file /opt/airflow/dags/dag_bronze_ingestion.py for tasks to queue
[2026-06-03T11:18:21.447+0000] {logging_mixin.py:188} INFO - [2026-06-03T11:18:21.447+0000] {dagbag.py:540} INFO - Filling up the DagBag from /opt/airflow/dags/dag_bronze_ingestion.py
[2026-06-03T11:18:21.487+0000] {processor.py:840} INFO - DAG(s) 'neuralretail_bronze_ingestion' retrieved from /opt/airflow/dags/dag_bronze_ingestion.py
[2026-06-03T11:18:21.516+0000] {logging_mixin.py:188} INFO - [2026-06-03T11:18:21.516+0000] {dag.py:3096} INFO - Sync 1 DAGs
[2026-06-03T11:18:21.541+0000] {logging_mixin.py:188} INFO - [2026-06-03T11:18:21.541+0000] {dag.py:3954} INFO - Setting next_dagrun for neuralretail_bronze_ingestion to 2026-06-02 02:00:00+00:00, run_after=2026-06-03 02:00:00+00:00
[2026-06-03T11:18:21.572+0000] {processor.py:183} INFO - Processing /opt/airflow/dags/dag_bronze_ingestion.py took 0.133 seconds
[2026-06-03T11:18:51.784+0000] {processor.py:161} INFO - Started process (PID=3765) to work on /opt/airflow/dags/dag_bronze_ingestion.py
[2026-06-03T11:18:51.785+0000] {processor.py:830} INFO - Processing file /opt/airflow/dags/dag_bronze_ingestion.py for tasks to queue
[2026-06-03T11:18:51.789+0000] {logging_mixin.py:188} INFO - [2026-06-03T11:18:51.788+0000] {dagbag.py:540} INFO - Filling up the DagBag from /opt/airflow/dags/dag_bronze_ingestion.py
[2026-06-03T11:18:51.826+0000] {processor.py:840} INFO - DAG(s) 'neuralretail_bronze_ingestion' retrieved from /opt/airflow/dags/dag_bronze_ingestion.py
[2026-06-03T11:18:51.849+0000] {logging_mixin.py:188} INFO - [2026-06-03T11:18:51.849+0000] {dag.py:3096} INFO - Sync 1 DAGs
[2026-06-03T11:18:51.870+0000] {logging_mixin.py:188} INFO - [2026-06-03T11:18:51.870+0000] {dag.py:3954} INFO - Setting next_dagrun for neuralretail_bronze_ingestion to 2026-06-02 02:00:00+00:00, run_after=2026-06-03 02:00:00+00:00
[2026-06-03T11:18:51.887+0000] {processor.py:183} INFO - Processing /opt/airflow/dags/dag_bronze_ingestion.py took 0.108 seconds
[2026-06-03T11:19:22.174+0000] {processor.py:161} INFO - Started process (PID=3785) to work on /opt/airflow/dags/dag_bronze_ingestion.py
[2026-06-03T11:19:22.175+0000] {processor.py:830} INFO - Processing file /opt/airflow/dags/dag_bronze_ingestion.py for tasks to queue
[2026-06-03T11:19:22.177+0000] {logging_mixin.py:188} INFO - [2026-06-03T11:19:22.176+0000] {dagbag.py:540} INFO - Filling up the DagBag from /opt/airflow/dags/dag_bronze_ingestion.py
[2026-06-03T11:19:22.227+0000] {processor.py:840} INFO - DAG(s) 'neuralretail_bronze_ingestion' retrieved from /opt/airflow/dags/dag_bronze_ingestion.py
[2026-06-03T11:19:22.260+0000] {logging_mixin.py:188} INFO - [2026-06-03T11:19:22.260+0000] {dag.py:3096} INFO - Sync 1 DAGs
[2026-06-03T11:19:22.282+0000] {logging_mixin.py:188} INFO - [2026-06-03T11:19:22.282+0000] {dag.py:3954} INFO - Setting next_dagrun for neuralretail_bronze_ingestion to 2026-06-02 02:00:00+00:00, run_after=2026-06-03 02:00:00+00:00
[2026-06-03T11:19:22.302+0000] {processor.py:183} INFO - Processing /opt/airflow/dags/dag_bronze_ingestion.py took 0.134 seconds
[2026-06-03T11:19:52.590+0000] {processor.py:161} INFO - Started process (PID=3805) to work on /opt/airflow/dags/dag_bronze_ingestion.py
[2026-06-03T11:19:52.592+0000] {processor.py:830} INFO - Processing file /opt/airflow/dags/dag_bronze_ingestion.py for tasks to queue
[2026-06-03T11:19:52.594+0000] {logging_mixin.py:188} INFO - [2026-06-03T11:19:52.594+0000] {dagbag.py:540} INFO - Filling up the DagBag from /opt/airflow/dags/dag_bronze_ingestion.py
[2026-06-03T11:19:52.637+0000] {processor.py:840} INFO - DAG(s) 'neuralretail_bronze_ingestion' retrieved from /opt/airflow/dags/dag_bronze_ingestion.py
[2026-06-03T11:19:52.662+0000] {logging_mixin.py:188} INFO - [2026-06-03T11:19:52.662+0000] {dag.py:3096} INFO - Sync 1 DAGs
[2026-06-03T11:19:52.685+0000] {logging_mixin.py:188} INFO - [2026-06-03T11:19:52.685+0000] {dag.py:3954} INFO - Setting next_dagrun for neuralretail_bronze_ingestion to 2026-06-02 02:00:00+00:00, run_after=2026-06-03 02:00:00+00:00
[2026-06-03T11:19:52.702+0000] {processor.py:183} INFO - Processing /opt/airflow/dags/dag_bronze_ingestion.py took 0.117 seconds
[2026-06-03T11:20:23.215+0000] {processor.py:161} INFO - Started process (PID=3825) to work on /opt/airflow/dags/dag_bronze_ingestion.py
[2026-06-03T11:20:23.216+0000] {processor.py:830} INFO - Processing file /opt/airflow/dags/dag_bronze_ingestion.py for tasks to queue
[2026-06-03T11:20:23.219+0000] {logging_mixin.py:188} INFO - [2026-06-03T11:20:23.218+0000] {dagbag.py:540} INFO - Filling up the DagBag from /opt/airflow/dags/dag_bronze_ingestion.py
[2026-06-03T11:20:23.269+0000] {processor.py:840} INFO - DAG(s) 'neuralretail_bronze_ingestion' retrieved from /opt/airflow/dags/dag_bronze_ingestion.py
[2026-06-03T11:20:23.292+0000] {logging_mixin.py:188} INFO - [2026-06-03T11:20:23.291+0000] {dag.py:3096} INFO - Sync 1 DAGs
[2026-06-03T11:20:23.313+0000] {logging_mixin.py:188} INFO - [2026-06-03T11:20:23.312+0000] {dag.py:3954} INFO - Setting next_dagrun for neuralretail_bronze_ingestion to 2026-06-02 02:00:00+00:00, run_after=2026-06-03 02:00:00+00:00
[2026-06-03T11:20:23.332+0000] {processor.py:183} INFO - Processing /opt/airflow/dags/dag_bronze_ingestion.py took 0.124 seconds
[2026-06-03T11:20:54.208+0000] {processor.py:161} INFO - Started process (PID=3845) to work on /opt/airflow/dags/dag_bronze_ingestion.py
[2026-06-03T11:20:54.210+0000] {processor.py:830} INFO - Processing file /opt/airflow/dags/dag_bronze_ingestion.py for tasks to queue
[2026-06-03T11:20:54.211+0000] {logging_mixin.py:188} INFO - [2026-06-03T11:20:54.211+0000] {dagbag.py:540} INFO - Filling up the DagBag from /opt/airflow/dags/dag_bronze_ingestion.py
[2026-06-03T11:20:54.288+0000] {processor.py:840} INFO - DAG(s) 'neuralretail_bronze_ingestion' retrieved from /opt/airflow/dags/dag_bronze_ingestion.py
[2026-06-03T11:20:54.323+0000] {logging_mixin.py:188} INFO - [2026-06-03T11:20:54.323+0000] {dag.py:3096} INFO - Sync 1 DAGs
[2026-06-03T11:20:54.348+0000] {logging_mixin.py:188} INFO - [2026-06-03T11:20:54.348+0000] {dag.py:3954} INFO - Setting next_dagrun for neuralretail_bronze_ingestion to 2026-06-02 02:00:00+00:00, run_after=2026-06-03 02:00:00+00:00
[2026-06-03T11:20:54.373+0000] {processor.py:183} INFO - Processing /opt/airflow/dags/dag_bronze_ingestion.py took 0.169 seconds
[2026-06-03T11:21:25.502+0000] {processor.py:161} INFO - Started process (PID=3865) to work on /opt/airflow/dags/dag_bronze_ingestion.py
[2026-06-03T11:21:25.503+0000] {processor.py:830} INFO - Processing file /opt/airflow/dags/dag_bronze_ingestion.py for tasks to queue
[2026-06-03T11:21:25.505+0000] {logging_mixin.py:188} INFO - [2026-06-03T11:21:25.504+0000] {dagbag.py:540} INFO - Filling up the DagBag from /opt/airflow/dags/dag_bronze_ingestion.py
[2026-06-03T11:21:25.550+0000] {processor.py:840} INFO - DAG(s) 'neuralretail_bronze_ingestion' retrieved from /opt/airflow/dags/dag_bronze_ingestion.py
[2026-06-03T11:21:25.574+0000] {logging_mixin.py:188} INFO - [2026-06-03T11:21:25.574+0000] {dag.py:3096} INFO - Sync 1 DAGs
[2026-06-03T11:21:25.596+0000] {logging_mixin.py:188} INFO - [2026-06-03T11:21:25.596+0000] {dag.py:3954} INFO - Setting next_dagrun for neuralretail_bronze_ingestion to 2026-06-02 02:00:00+00:00, run_after=2026-06-03 02:00:00+00:00
[2026-06-03T11:21:25.617+0000] {processor.py:183} INFO - Processing /opt/airflow/dags/dag_bronze_ingestion.py took 0.121 seconds
[2026-06-03T11:21:55.879+0000] {processor.py:161} INFO - Started process (PID=3885) to work on /opt/airflow/dags/dag_bronze_ingestion.py
[2026-06-03T11:21:55.880+0000] {processor.py:830} INFO - Processing file /opt/airflow/dags/dag_bronze_ingestion.py for tasks to queue
[2026-06-03T11:21:55.884+0000] {logging_mixin.py:188} INFO - [2026-06-03T11:21:55.883+0000] {dagbag.py:540} INFO - Filling up the DagBag from /opt/airflow/dags/dag_bronze_ingestion.py
[2026-06-03T11:21:55.950+0000] {processor.py:840} INFO - DAG(s) 'neuralretail_bronze_ingestion' retrieved from /opt/airflow/dags/dag_bronze_ingestion.py
[2026-06-03T11:21:56.000+0000] {logging_mixin.py:188} INFO - [2026-06-03T11:21:56.000+0000] {dag.py:3096} INFO - Sync 1 DAGs
[2026-06-03T11:21:56.031+0000] {logging_mixin.py:188} INFO - [2026-06-03T11:21:56.031+0000] {dag.py:3954} INFO - Setting next_dagrun for neuralretail_bronze_ingestion to 2026-06-02 02:00:00+00:00, run_after=2026-06-03 02:00:00+00:00
[2026-06-03T11:21:56.069+0000] {processor.py:183} INFO - Processing /opt/airflow/dags/dag_bronze_ingestion.py took 0.197 seconds
[2026-06-03T11:22:26.401+0000] {processor.py:161} INFO - Started process (PID=3905) to work on /opt/airflow/dags/dag_bronze_ingestion.py
[2026-06-03T11:22:26.402+0000] {processor.py:830} INFO - Processing file /opt/airflow/dags/dag_bronze_ingestion.py for tasks to queue
[2026-06-03T11:22:26.404+0000] {logging_mixin.py:188} INFO - [2026-06-03T11:22:26.404+0000] {dagbag.py:540} INFO - Filling up the DagBag from /opt/airflow/dags/dag_bronze_ingestion.py
[2026-06-03T11:22:26.466+0000] {processor.py:840} INFO - DAG(s) 'neuralretail_bronze_ingestion' retrieved from /opt/airflow/dags/dag_bronze_ingestion.py
[2026-06-03T11:22:26.497+0000] {logging_mixin.py:188} INFO - [2026-06-03T11:22:26.497+0000] {dag.py:3096} INFO - Sync 1 DAGs
[2026-06-03T11:22:26.537+0000] {logging_mixin.py:188} INFO - [2026-06-03T11:22:26.536+0000] {dag.py:3954} INFO - Setting next_dagrun for neuralretail_bronze_ingestion to 2026-06-02 02:00:00+00:00, run_after=2026-06-03 02:00:00+00:00
[2026-06-03T11:22:26.576+0000] {processor.py:183} INFO - Processing /opt/airflow/dags/dag_bronze_ingestion.py took 0.180 seconds
[2026-06-03T11:22:56.863+0000] {processor.py:161} INFO - Started process (PID=3925) to work on /opt/airflow/dags/dag_bronze_ingestion.py
[2026-06-03T11:22:56.864+0000] {processor.py:830} INFO - Processing file /opt/airflow/dags/dag_bronze_ingestion.py for tasks to queue
[2026-06-03T11:22:56.867+0000] {logging_mixin.py:188} INFO - [2026-06-03T11:22:56.867+0000] {dagbag.py:540} INFO - Filling up the DagBag from /opt/airflow/dags/dag_bronze_ingestion.py
[2026-06-03T11:22:56.963+0000] {processor.py:840} INFO - DAG(s) 'neuralretail_bronze_ingestion' retrieved from /opt/airflow/dags/dag_bronze_ingestion.py
[2026-06-03T11:22:57.000+0000] {logging_mixin.py:188} INFO - [2026-06-03T11:22:56.999+0000] {dag.py:3096} INFO - Sync 1 DAGs
[2026-06-03T11:22:57.028+0000] {logging_mixin.py:188} INFO - [2026-06-03T11:22:57.028+0000] {dag.py:3954} INFO - Setting next_dagrun for neuralretail_bronze_ingestion to 2026-06-02 02:00:00+00:00, run_after=2026-06-03 02:00:00+00:00
[2026-06-03T11:22:57.046+0000] {processor.py:183} INFO - Processing /opt/airflow/dags/dag_bronze_ingestion.py took 0.190 seconds
[2026-06-03T11:23:27.823+0000] {processor.py:161} INFO - Started process (PID=3945) to work on /opt/airflow/dags/dag_bronze_ingestion.py
[2026-06-03T11:23:27.825+0000] {processor.py:830} INFO - Processing file /opt/airflow/dags/dag_bronze_ingestion.py for tasks to queue
[2026-06-03T11:23:27.827+0000] {logging_mixin.py:188} INFO - [2026-06-03T11:23:27.827+0000] {dagbag.py:540} INFO - Filling up the DagBag from /opt/airflow/dags/dag_bronze_ingestion.py
[2026-06-03T11:23:27.893+0000] {processor.py:840} INFO - DAG(s) 'neuralretail_bronze_ingestion' retrieved from /opt/airflow/dags/dag_bronze_ingestion.py
[2026-06-03T11:23:27.940+0000] {logging_mixin.py:188} INFO - [2026-06-03T11:23:27.939+0000] {dag.py:3096} INFO - Sync 1 DAGs
[2026-06-03T11:23:28.002+0000] {logging_mixin.py:188} INFO - [2026-06-03T11:23:28.001+0000] {dag.py:3954} INFO - Setting next_dagrun for neuralretail_bronze_ingestion to 2026-06-02 02:00:00+00:00, run_after=2026-06-03 02:00:00+00:00
[2026-06-03T11:23:28.075+0000] {processor.py:183} INFO - Processing /opt/airflow/dags/dag_bronze_ingestion.py took 0.262 seconds
[2026-06-03T11:23:59.143+0000] {processor.py:161} INFO - Started process (PID=3965) to work on /opt/airflow/dags/dag_bronze_ingestion.py
[2026-06-03T11:23:59.144+0000] {processor.py:830} INFO - Processing file /opt/airflow/dags/dag_bronze_ingestion.py for tasks to queue
[2026-06-03T11:23:59.149+0000] {logging_mixin.py:188} INFO - [2026-06-03T11:23:59.147+0000] {dagbag.py:540} INFO - Filling up the DagBag from /opt/airflow/dags/dag_bronze_ingestion.py
[2026-06-03T11:23:59.245+0000] {processor.py:840} INFO - DAG(s) 'neuralretail_bronze_ingestion' retrieved from /opt/airflow/dags/dag_bronze_ingestion.py
[2026-06-03T11:23:59.285+0000] {logging_mixin.py:188} INFO - [2026-06-03T11:23:59.285+0000] {dag.py:3096} INFO - Sync 1 DAGs
[2026-06-03T11:23:59.316+0000] {logging_mixin.py:188} INFO - [2026-06-03T11:23:59.316+0000] {dag.py:3954} INFO - Setting next_dagrun for neuralretail_bronze_ingestion to 2026-06-02 02:00:00+00:00, run_after=2026-06-03 02:00:00+00:00
[2026-06-03T11:23:59.353+0000] {processor.py:183} INFO - Processing /opt/airflow/dags/dag_bronze_ingestion.py took 0.219 seconds
[2026-06-03T11:24:30.109+0000] {processor.py:161} INFO - Started process (PID=3985) to work on /opt/airflow/dags/dag_bronze_ingestion.py
[2026-06-03T11:24:30.111+0000] {processor.py:830} INFO - Processing file /opt/airflow/dags/dag_bronze_ingestion.py for tasks to queue
[2026-06-03T11:24:30.115+0000] {logging_mixin.py:188} INFO - [2026-06-03T11:24:30.114+0000] {dagbag.py:540} INFO - Filling up the DagBag from /opt/airflow/dags/dag_bronze_ingestion.py
[2026-06-03T11:24:30.210+0000] {processor.py:840} INFO - DAG(s) 'neuralretail_bronze_ingestion' retrieved from /opt/airflow/dags/dag_bronze_ingestion.py
[2026-06-03T11:24:30.268+0000] {logging_mixin.py:188} INFO - [2026-06-03T11:24:30.267+0000] {dag.py:3096} INFO - Sync 1 DAGs
[2026-06-03T11:24:30.322+0000] {logging_mixin.py:188} INFO - [2026-06-03T11:24:30.322+0000] {dag.py:3954} INFO - Setting next_dagrun for neuralretail_bronze_ingestion to 2026-06-02 02:00:00+00:00, run_after=2026-06-03 02:00:00+00:00
[2026-06-03T11:24:30.370+0000] {processor.py:183} INFO - Processing /opt/airflow/dags/dag_bronze_ingestion.py took 0.278 seconds
[2026-06-03T11:25:00.905+0000] {processor.py:161} INFO - Started process (PID=4005) to work on /opt/airflow/dags/dag_bronze_ingestion.py
[2026-06-03T11:25:00.907+0000] {processor.py:830} INFO - Processing file /opt/airflow/dags/dag_bronze_ingestion.py for tasks to queue
[2026-06-03T11:25:00.914+0000] {logging_mixin.py:188} INFO - [2026-06-03T11:25:00.913+0000] {dagbag.py:540} INFO - Filling up the DagBag from /opt/airflow/dags/dag_bronze_ingestion.py
[2026-06-03T11:25:00.985+0000] {processor.py:840} INFO - DAG(s) 'neuralretail_bronze_ingestion' retrieved from /opt/airflow/dags/dag_bronze_ingestion.py
[2026-06-03T11:25:01.012+0000] {logging_mixin.py:188} INFO - [2026-06-03T11:25:01.012+0000] {dag.py:3096} INFO - Sync 1 DAGs
[2026-06-03T11:25:01.040+0000] {logging_mixin.py:188} INFO - [2026-06-03T11:25:01.039+0000] {dag.py:3954} INFO - Setting next_dagrun for neuralretail_bronze_ingestion to 2026-06-02 02:00:00+00:00, run_after=2026-06-03 02:00:00+00:00
[2026-06-03T11:25:01.061+0000] {processor.py:183} INFO - Processing /opt/airflow/dags/dag_bronze_ingestion.py took 0.173 seconds
[2026-06-03T11:25:31.208+0000] {processor.py:161} INFO - Started process (PID=4025) to work on /opt/airflow/dags/dag_bronze_ingestion.py
[2026-06-03T11:25:31.209+0000] {processor.py:830} INFO - Processing file /opt/airflow/dags/dag_bronze_ingestion.py for tasks to queue
[2026-06-03T11:25:31.211+0000] {logging_mixin.py:188} INFO - [2026-06-03T11:25:31.211+0000] {dagbag.py:540} INFO - Filling up the DagBag from /opt/airflow/dags/dag_bronze_ingestion.py
[2026-06-03T11:25:31.252+0000] {processor.py:840} INFO - DAG(s) 'neuralretail_bronze_ingestion' retrieved from /opt/airflow/dags/dag_bronze_ingestion.py
[2026-06-03T11:25:31.277+0000] {logging_mixin.py:188} INFO - [2026-06-03T11:25:31.277+0000] {dag.py:3096} INFO - Sync 1 DAGs
[2026-06-03T11:25:31.302+0000] {logging_mixin.py:188} INFO - [2026-06-03T11:25:31.302+0000] {dag.py:3954} INFO - Setting next_dagrun for neuralretail_bronze_ingestion to 2026-06-02 02:00:00+00:00, run_after=2026-06-03 02:00:00+00:00
[2026-06-03T11:25:31.345+0000] {processor.py:183} INFO - Processing /opt/airflow/dags/dag_bronze_ingestion.py took 0.143 seconds
[2026-06-03T11:26:02.300+0000] {processor.py:161} INFO - Started process (PID=4045) to work on /opt/airflow/dags/dag_bronze_ingestion.py
[2026-06-03T11:26:02.302+0000] {processor.py:830} INFO - Processing file /opt/airflow/dags/dag_bronze_ingestion.py for tasks to queue
[2026-06-03T11:26:02.325+0000] {logging_mixin.py:188} INFO - [2026-06-03T11:26:02.324+0000] {dagbag.py:540} INFO - Filling up the DagBag from /opt/airflow/dags/dag_bronze_ingestion.py
[2026-06-03T11:26:02.433+0000] {processor.py:840} INFO - DAG(s) 'neuralretail_bronze_ingestion' retrieved from /opt/airflow/dags/dag_bronze_ingestion.py
[2026-06-03T11:26:02.469+0000] {logging_mixin.py:188} INFO - [2026-06-03T11:26:02.468+0000] {dag.py:3096} INFO - Sync 1 DAGs
[2026-06-03T11:26:02.497+0000] {logging_mixin.py:188} INFO - [2026-06-03T11:26:02.496+0000] {dag.py:3954} INFO - Setting next_dagrun for neuralretail_bronze_ingestion to 2026-06-02 02:00:00+00:00, run_after=2026-06-03 02:00:00+00:00
[2026-06-03T11:26:02.520+0000] {processor.py:183} INFO - Processing /opt/airflow/dags/dag_bronze_ingestion.py took 0.229 seconds
[2026-06-03T11:26:33.383+0000] {processor.py:161} INFO - Started process (PID=4065) to work on /opt/airflow/dags/dag_bronze_ingestion.py
[2026-06-03T11:26:33.385+0000] {processor.py:830} INFO - Processing file /opt/airflow/dags/dag_bronze_ingestion.py for tasks to queue
[2026-06-03T11:26:33.388+0000] {logging_mixin.py:188} INFO - [2026-06-03T11:26:33.388+0000] {dagbag.py:540} INFO - Filling up the DagBag from /opt/airflow/dags/dag_bronze_ingestion.py
[2026-06-03T11:26:33.425+0000] {processor.py:840} INFO - DAG(s) 'neuralretail_bronze_ingestion' retrieved from /opt/airflow/dags/dag_bronze_ingestion.py
[2026-06-03T11:26:33.474+0000] {logging_mixin.py:188} INFO - [2026-06-03T11:26:33.474+0000] {dag.py:3096} INFO - Sync 1 DAGs
[2026-06-03T11:26:33.513+0000] {logging_mixin.py:188} INFO - [2026-06-03T11:26:33.512+0000] {dag.py:3954} INFO - Setting next_dagrun for neuralretail_bronze_ingestion to 2026-06-02 02:00:00+00:00, run_after=2026-06-03 02:00:00+00:00
[2026-06-03T11:26:33.548+0000] {processor.py:183} INFO - Processing /opt/airflow/dags/dag_bronze_ingestion.py took 0.172 seconds
[2026-06-03T11:27:04.013+0000] {processor.py:161} INFO - Started process (PID=4085) to work on /opt/airflow/dags/dag_bronze_ingestion.py
[2026-06-03T11:27:04.015+0000] {processor.py:830} INFO - Processing file /opt/airflow/dags/dag_bronze_ingestion.py for tasks to queue
[2026-06-03T11:27:04.018+0000] {logging_mixin.py:188} INFO - [2026-06-03T11:27:04.017+0000] {dagbag.py:540} INFO - Filling up the DagBag from /opt/airflow/dags/dag_bronze_ingestion.py
[2026-06-03T11:27:04.144+0000] {processor.py:840} INFO - DAG(s) 'neuralretail_bronze_ingestion' retrieved from /opt/airflow/dags/dag_bronze_ingestion.py
[2026-06-03T11:27:04.187+0000] {logging_mixin.py:188} INFO - [2026-06-03T11:27:04.187+0000] {dag.py:3096} INFO - Sync 1 DAGs
[2026-06-03T11:27:04.220+0000] {logging_mixin.py:188} INFO - [2026-06-03T11:27:04.219+0000] {dag.py:3954} INFO - Setting next_dagrun for neuralretail_bronze_ingestion to 2026-06-02 02:00:00+00:00, run_after=2026-06-03 02:00:00+00:00
[2026-06-03T11:27:04.253+0000] {processor.py:183} INFO - Processing /opt/airflow/dags/dag_bronze_ingestion.py took 0.246 seconds
[2026-06-03T11:27:34.580+0000] {processor.py:161} INFO - Started process (PID=4105) to work on /opt/airflow/dags/dag_bronze_ingestion.py
[2026-06-03T11:27:34.582+0000] {processor.py:830} INFO - Processing file /opt/airflow/dags/dag_bronze_ingestion.py for tasks to queue
[2026-06-03T11:27:34.586+0000] {logging_mixin.py:188} INFO - [2026-06-03T11:27:34.586+0000] {dagbag.py:540} INFO - Filling up the DagBag from /opt/airflow/dags/dag_bronze_ingestion.py
[2026-06-03T11:27:34.676+0000] {processor.py:840} INFO - DAG(s) 'neuralretail_bronze_ingestion' retrieved from /opt/airflow/dags/dag_bronze_ingestion.py
[2026-06-03T11:27:34.711+0000] {logging_mixin.py:188} INFO - [2026-06-03T11:27:34.711+0000] {dag.py:3096} INFO - Sync 1 DAGs
[2026-06-03T11:27:34.742+0000] {logging_mixin.py:188} INFO - [2026-06-03T11:27:34.742+0000] {dag.py:3954} INFO - Setting next_dagrun for neuralretail_bronze_ingestion to 2026-06-02 02:00:00+00:00, run_after=2026-06-03 02:00:00+00:00
[2026-06-03T11:27:34.770+0000] {processor.py:183} INFO - Processing /opt/airflow/dags/dag_bronze_ingestion.py took 0.201 seconds
[2026-06-03T11:28:05.777+0000] {processor.py:161} INFO - Started process (PID=4125) to work on /opt/airflow/dags/dag_bronze_ingestion.py
[2026-06-03T11:28:05.779+0000] {processor.py:830} INFO - Processing file /opt/airflow/dags/dag_bronze_ingestion.py for tasks to queue
[2026-06-03T11:28:05.783+0000] {logging_mixin.py:188} INFO - [2026-06-03T11:28:05.782+0000] {dagbag.py:540} INFO - Filling up the DagBag from /opt/airflow/dags/dag_bronze_ingestion.py
[2026-06-03T11:28:05.842+0000] {processor.py:840} INFO - DAG(s) 'neuralretail_bronze_ingestion' retrieved from /opt/airflow/dags/dag_bronze_ingestion.py
[2026-06-03T11:28:05.878+0000] {logging_mixin.py:188} INFO - [2026-06-03T11:28:05.878+0000] {dag.py:3096} INFO - Sync 1 DAGs
[2026-06-03T11:28:05.912+0000] {logging_mixin.py:188} INFO - [2026-06-03T11:28:05.911+0000] {dag.py:3954} INFO - Setting next_dagrun for neuralretail_bronze_ingestion to 2026-06-02 02:00:00+00:00, run_after=2026-06-03 02:00:00+00:00
[2026-06-03T11:28:05.944+0000] {processor.py:183} INFO - Processing /opt/airflow/dags/dag_bronze_ingestion.py took 0.178 seconds
[2026-06-03T11:28:36.665+0000] {processor.py:161} INFO - Started process (PID=4145) to work on /opt/airflow/dags/dag_bronze_ingestion.py
[2026-06-03T11:28:36.667+0000] {processor.py:830} INFO - Processing file /opt/airflow/dags/dag_bronze_ingestion.py for tasks to queue
[2026-06-03T11:28:36.670+0000] {logging_mixin.py:188} INFO - [2026-06-03T11:28:36.670+0000] {dagbag.py:540} INFO - Filling up the DagBag from /opt/airflow/dags/dag_bronze_ingestion.py
[2026-06-03T11:28:36.709+0000] {processor.py:840} INFO - DAG(s) 'neuralretail_bronze_ingestion' retrieved from /opt/airflow/dags/dag_bronze_ingestion.py
[2026-06-03T11:28:36.733+0000] {logging_mixin.py:188} INFO - [2026-06-03T11:28:36.733+0000] {dag.py:3096} INFO - Sync 1 DAGs
[2026-06-03T11:28:36.753+0000] {logging_mixin.py:188} INFO - [2026-06-03T11:28:36.753+0000] {dag.py:3954} INFO - Setting next_dagrun for neuralretail_bronze_ingestion to 2026-06-02 02:00:00+00:00, run_after=2026-06-03 02:00:00+00:00
[2026-06-03T11:28:36.773+0000] {processor.py:183} INFO - Processing /opt/airflow/dags/dag_bronze_ingestion.py took 0.116 seconds
[2026-06-03T11:29:07.582+0000] {processor.py:161} INFO - Started process (PID=4165) to work on /opt/airflow/dags/dag_bronze_ingestion.py
[2026-06-03T11:29:07.583+0000] {processor.py:830} INFO - Processing file /opt/airflow/dags/dag_bronze_ingestion.py for tasks to queue
[2026-06-03T11:29:07.585+0000] {logging_mixin.py:188} INFO - [2026-06-03T11:29:07.585+0000] {dagbag.py:540} INFO - Filling up the DagBag from /opt/airflow/dags/dag_bronze_ingestion.py
[2026-06-03T11:29:07.633+0000] {processor.py:840} INFO - DAG(s) 'neuralretail_bronze_ingestion' retrieved from /opt/airflow/dags/dag_bronze_ingestion.py
[2026-06-03T11:29:07.661+0000] {logging_mixin.py:188} INFO - [2026-06-03T11:29:07.661+0000] {dag.py:3096} INFO - Sync 1 DAGs
[2026-06-03T11:29:07.686+0000] {logging_mixin.py:188} INFO - [2026-06-03T11:29:07.686+0000] {dag.py:3954} INFO - Setting next_dagrun for neuralretail_bronze_ingestion to 2026-06-02 02:00:00+00:00, run_after=2026-06-03 02:00:00+00:00
[2026-06-03T11:29:07.709+0000] {processor.py:183} INFO - Processing /opt/airflow/dags/dag_bronze_ingestion.py took 0.132 seconds
[2026-06-03T11:29:38.689+0000] {processor.py:161} INFO - Started process (PID=4185) to work on /opt/airflow/dags/dag_bronze_ingestion.py
[2026-06-03T11:29:38.692+0000] {processor.py:830} INFO - Processing file /opt/airflow/dags/dag_bronze_ingestion.py for tasks to queue
[2026-06-03T11:29:38.696+0000] {logging_mixin.py:188} INFO - [2026-06-03T11:29:38.695+0000] {dagbag.py:540} INFO - Filling up the DagBag from /opt/airflow/dags/dag_bronze_ingestion.py
[2026-06-03T11:29:38.756+0000] {processor.py:840} INFO - DAG(s) 'neuralretail_bronze_ingestion' retrieved from /opt/airflow/dags/dag_bronze_ingestion.py
[2026-06-03T11:29:38.784+0000] {logging_mixin.py:188} INFO - [2026-06-03T11:29:38.784+0000] {dag.py:3096} INFO - Sync 1 DAGs
[2026-06-03T11:29:38.804+0000] {logging_mixin.py:188} INFO - [2026-06-03T11:29:38.804+0000] {dag.py:3954} INFO - Setting next_dagrun for neuralretail_bronze_ingestion to 2026-06-02 02:00:00+00:00, run_after=2026-06-03 02:00:00+00:00
[2026-06-03T11:29:38.824+0000] {processor.py:183} INFO - Processing /opt/airflow/dags/dag_bronze_ingestion.py took 0.143 seconds
[2026-06-03T11:30:09.539+0000] {processor.py:161} INFO - Started process (PID=4205) to work on /opt/airflow/dags/dag_bronze_ingestion.py
[2026-06-03T11:30:09.541+0000] {processor.py:830} INFO - Processing file /opt/airflow/dags/dag_bronze_ingestion.py for tasks to queue
[2026-06-03T11:30:09.543+0000] {logging_mixin.py:188} INFO - [2026-06-03T11:30:09.543+0000] {dagbag.py:540} INFO - Filling up the DagBag from /opt/airflow/dags/dag_bronze_ingestion.py
[2026-06-03T11:30:09.578+0000] {processor.py:840} INFO - DAG(s) 'neuralretail_bronze_ingestion' retrieved from /opt/airflow/dags/dag_bronze_ingestion.py
[2026-06-03T11:30:09.601+0000] {logging_mixin.py:188} INFO - [2026-06-03T11:30:09.601+0000] {dag.py:3096} INFO - Sync 1 DAGs
[2026-06-03T11:30:09.620+0000] {logging_mixin.py:188} INFO - [2026-06-03T11:30:09.619+0000] {dag.py:3954} INFO - Setting next_dagrun for neuralretail_bronze_ingestion to 2026-06-02 02:00:00+00:00, run_after=2026-06-03 02:00:00+00:00
[2026-06-03T11:30:09.637+0000] {processor.py:183} INFO - Processing /opt/airflow/dags/dag_bronze_ingestion.py took 0.103 seconds
[2026-06-03T11:30:40.645+0000] {processor.py:161} INFO - Started process (PID=4225) to work on /opt/airflow/dags/dag_bronze_ingestion.py
[2026-06-03T11:30:40.646+0000] {processor.py:830} INFO - Processing file /opt/airflow/dags/dag_bronze_ingestion.py for tasks to queue
[2026-06-03T11:30:40.649+0000] {logging_mixin.py:188} INFO - [2026-06-03T11:30:40.648+0000] {dagbag.py:540} INFO - Filling up the DagBag from /opt/airflow/dags/dag_bronze_ingestion.py
[2026-06-03T11:30:40.692+0000] {processor.py:840} INFO - DAG(s) 'neuralretail_bronze_ingestion' retrieved from /opt/airflow/dags/dag_bronze_ingestion.py
[2026-06-03T11:30:40.717+0000] {logging_mixin.py:188} INFO - [2026-06-03T11:30:40.716+0000] {dag.py:3096} INFO - Sync 1 DAGs
[2026-06-03T11:30:40.741+0000] {logging_mixin.py:188} INFO - [2026-06-03T11:30:40.741+0000] {dag.py:3954} INFO - Setting next_dagrun for neuralretail_bronze_ingestion to 2026-06-02 02:00:00+00:00, run_after=2026-06-03 02:00:00+00:00
[2026-06-03T11:30:40.777+0000] {processor.py:183} INFO - Processing /opt/airflow/dags/dag_bronze_ingestion.py took 0.139 seconds
[2026-06-03T11:31:11.117+0000] {processor.py:161} INFO - Started process (PID=4245) to work on /opt/airflow/dags/dag_bronze_ingestion.py
[2026-06-03T11:31:11.118+0000] {processor.py:830} INFO - Processing file /opt/airflow/dags/dag_bronze_ingestion.py for tasks to queue
[2026-06-03T11:31:11.119+0000] {logging_mixin.py:188} INFO - [2026-06-03T11:31:11.119+0000] {dagbag.py:540} INFO - Filling up the DagBag from /opt/airflow/dags/dag_bronze_ingestion.py
[2026-06-03T11:31:11.151+0000] {processor.py:840} INFO - DAG(s) 'neuralretail_bronze_ingestion' retrieved from /opt/airflow/dags/dag_bronze_ingestion.py
[2026-06-03T11:31:11.173+0000] {logging_mixin.py:188} INFO - [2026-06-03T11:31:11.172+0000] {dag.py:3096} INFO - Sync 1 DAGs
[2026-06-03T11:31:11.194+0000] {logging_mixin.py:188} INFO - [2026-06-03T11:31:11.194+0000] {dag.py:3954} INFO - Setting next_dagrun for neuralretail_bronze_ingestion to 2026-06-02 02:00:00+00:00, run_after=2026-06-03 02:00:00+00:00
[2026-06-03T11:31:11.211+0000] {processor.py:183} INFO - Processing /opt/airflow/dags/dag_bronze_ingestion.py took 0.100 seconds
[2026-06-03T11:31:42.195+0000] {processor.py:161} INFO - Started process (PID=4265) to work on /opt/airflow/dags/dag_bronze_ingestion.py
[2026-06-03T11:31:42.196+0000] {processor.py:830} INFO - Processing file /opt/airflow/dags/dag_bronze_ingestion.py for tasks to queue
[2026-06-03T11:31:42.199+0000] {logging_mixin.py:188} INFO - [2026-06-03T11:31:42.198+0000] {dagbag.py:540} INFO - Filling up the DagBag from /opt/airflow/dags/dag_bronze_ingestion.py
[2026-06-03T11:31:42.261+0000] {processor.py:840} INFO - DAG(s) 'neuralretail_bronze_ingestion' retrieved from /opt/airflow/dags/dag_bronze_ingestion.py
[2026-06-03T11:31:42.291+0000] {logging_mixin.py:188} INFO - [2026-06-03T11:31:42.291+0000] {dag.py:3096} INFO - Sync 1 DAGs
[2026-06-03T11:31:42.317+0000] {logging_mixin.py:188} INFO - [2026-06-03T11:31:42.317+0000] {dag.py:3954} INFO - Setting next_dagrun for neuralretail_bronze_ingestion to 2026-06-02 02:00:00+00:00, run_after=2026-06-03 02:00:00+00:00
[2026-06-03T11:31:42.337+0000] {processor.py:183} INFO - Processing /opt/airflow/dags/dag_bronze_ingestion.py took 0.147 seconds
[2026-06-03T11:32:12.431+0000] {processor.py:161} INFO - Started process (PID=4285) to work on /opt/airflow/dags/dag_bronze_ingestion.py
[2026-06-03T11:32:12.433+0000] {processor.py:830} INFO - Processing file /opt/airflow/dags/dag_bronze_ingestion.py for tasks to queue
[2026-06-03T11:32:12.435+0000] {logging_mixin.py:188} INFO - [2026-06-03T11:32:12.435+0000] {dagbag.py:540} INFO - Filling up the DagBag from /opt/airflow/dags/dag_bronze_ingestion.py
[2026-06-03T11:32:12.484+0000] {processor.py:840} INFO - DAG(s) 'neuralretail_bronze_ingestion' retrieved from /opt/airflow/dags/dag_bronze_ingestion.py
[2026-06-03T11:32:12.513+0000] {logging_mixin.py:188} INFO - [2026-06-03T11:32:12.513+0000] {dag.py:3096} INFO - Sync 1 DAGs
[2026-06-03T11:32:12.538+0000] {logging_mixin.py:188} INFO - [2026-06-03T11:32:12.538+0000] {dag.py:3954} INFO - Setting next_dagrun for neuralretail_bronze_ingestion to 2026-06-02 02:00:00+00:00, run_after=2026-06-03 02:00:00+00:00
[2026-06-03T11:32:12.560+0000] {processor.py:183} INFO - Processing /opt/airflow/dags/dag_bronze_ingestion.py took 0.134 seconds
[2026-06-03T11:32:42.960+0000] {processor.py:161} INFO - Started process (PID=4305) to work on /opt/airflow/dags/dag_bronze_ingestion.py
[2026-06-03T11:32:42.962+0000] {processor.py:830} INFO - Processing file /opt/airflow/dags/dag_bronze_ingestion.py for tasks to queue
[2026-06-03T11:32:42.964+0000] {logging_mixin.py:188} INFO - [2026-06-03T11:32:42.964+0000] {dagbag.py:540} INFO - Filling up the DagBag from /opt/airflow/dags/dag_bronze_ingestion.py
[2026-06-03T11:32:43.003+0000] {processor.py:840} INFO - DAG(s) 'neuralretail_bronze_ingestion' retrieved from /opt/airflow/dags/dag_bronze_ingestion.py
[2026-06-03T11:32:43.027+0000] {logging_mixin.py:188} INFO - [2026-06-03T11:32:43.026+0000] {dag.py:3096} INFO - Sync 1 DAGs
[2026-06-03T11:32:43.047+0000] {logging_mixin.py:188} INFO - [2026-06-03T11:32:43.047+0000] {dag.py:3954} INFO - Setting next_dagrun for neuralretail_bronze_ingestion to 2026-06-02 02:00:00+00:00, run_after=2026-06-03 02:00:00+00:00
[2026-06-03T11:32:43.067+0000] {processor.py:183} INFO - Processing /opt/airflow/dags/dag_bronze_ingestion.py took 0.112 seconds
[2026-06-03T11:33:13.245+0000] {processor.py:161} INFO - Started process (PID=4325) to work on /opt/airflow/dags/dag_bronze_ingestion.py
[2026-06-03T11:33:13.246+0000] {processor.py:830} INFO - Processing file /opt/airflow/dags/dag_bronze_ingestion.py for tasks to queue
[2026-06-03T11:33:13.253+0000] {logging_mixin.py:188} INFO - [2026-06-03T11:33:13.251+0000] {dagbag.py:540} INFO - Filling up the DagBag from /opt/airflow/dags/dag_bronze_ingestion.py
[2026-06-03T11:33:13.408+0000] {processor.py:840} INFO - DAG(s) 'neuralretail_bronze_ingestion' retrieved from /opt/airflow/dags/dag_bronze_ingestion.py
[2026-06-03T11:33:13.464+0000] {logging_mixin.py:188} INFO - [2026-06-03T11:33:13.463+0000] {dag.py:3096} INFO - Sync 1 DAGs
[2026-06-03T11:33:13.492+0000] {logging_mixin.py:188} INFO - [2026-06-03T11:33:13.491+0000] {dag.py:3954} INFO - Setting next_dagrun for neuralretail_bronze_ingestion to 2026-06-02 02:00:00+00:00, run_after=2026-06-03 02:00:00+00:00
[2026-06-03T11:33:13.532+0000] {processor.py:183} INFO - Processing /opt/airflow/dags/dag_bronze_ingestion.py took 0.303 seconds
[2026-06-03T11:33:43.729+0000] {processor.py:161} INFO - Started process (PID=4345) to work on /opt/airflow/dags/dag_bronze_ingestion.py
[2026-06-03T11:33:43.731+0000] {processor.py:830} INFO - Processing file /opt/airflow/dags/dag_bronze_ingestion.py for tasks to queue
[2026-06-03T11:33:43.735+0000] {logging_mixin.py:188} INFO - [2026-06-03T11:33:43.734+0000] {dagbag.py:540} INFO - Filling up the DagBag from /opt/airflow/dags/dag_bronze_ingestion.py
[2026-06-03T11:33:43.790+0000] {processor.py:840} INFO - DAG(s) 'neuralretail_bronze_ingestion' retrieved from /opt/airflow/dags/dag_bronze_ingestion.py
[2026-06-03T11:33:43.817+0000] {logging_mixin.py:188} INFO - [2026-06-03T11:33:43.816+0000] {dag.py:3096} INFO - Sync 1 DAGs
[2026-06-03T11:33:43.840+0000] {logging_mixin.py:188} INFO - [2026-06-03T11:33:43.840+0000] {dag.py:3954} INFO - Setting next_dagrun for neuralretail_bronze_ingestion to 2026-06-02 02:00:00+00:00, run_after=2026-06-03 02:00:00+00:00
[2026-06-03T11:33:43.859+0000] {processor.py:183} INFO - Processing /opt/airflow/dags/dag_bronze_ingestion.py took 0.138 seconds
[2026-06-03T11:34:14.305+0000] {processor.py:161} INFO - Started process (PID=4365) to work on /opt/airflow/dags/dag_bronze_ingestion.py
[2026-06-03T11:34:14.309+0000] {processor.py:830} INFO - Processing file /opt/airflow/dags/dag_bronze_ingestion.py for tasks to queue
[2026-06-03T11:34:14.313+0000] {logging_mixin.py:188} INFO - [2026-06-03T11:34:14.312+0000] {dagbag.py:540} INFO - Filling up the DagBag from /opt/airflow/dags/dag_bronze_ingestion.py
[2026-06-03T11:34:14.420+0000] {processor.py:840} INFO - DAG(s) 'neuralretail_bronze_ingestion' retrieved from /opt/airflow/dags/dag_bronze_ingestion.py
[2026-06-03T11:34:14.473+0000] {logging_mixin.py:188} INFO - [2026-06-03T11:34:14.473+0000] {dag.py:3096} INFO - Sync 1 DAGs
[2026-06-03T11:34:14.504+0000] {logging_mixin.py:188} INFO - [2026-06-03T11:34:14.504+0000] {dag.py:3954} INFO - Setting next_dagrun for neuralretail_bronze_ingestion to 2026-06-02 02:00:00+00:00, run_after=2026-06-03 02:00:00+00:00
[2026-06-03T11:34:14.541+0000] {processor.py:183} INFO - Processing /opt/airflow/dags/dag_bronze_ingestion.py took 0.254 seconds
[2026-06-03T11:34:44.917+0000] {processor.py:161} INFO - Started process (PID=4385) to work on /opt/airflow/dags/dag_bronze_ingestion.py
[2026-06-03T11:34:44.918+0000] {processor.py:830} INFO - Processing file /opt/airflow/dags/dag_bronze_ingestion.py for tasks to queue
[2026-06-03T11:34:44.920+0000] {logging_mixin.py:188} INFO - [2026-06-03T11:34:44.920+0000] {dagbag.py:540} INFO - Filling up the DagBag from /opt/airflow/dags/dag_bronze_ingestion.py
[2026-06-03T11:34:45.014+0000] {processor.py:840} INFO - DAG(s) 'neuralretail_bronze_ingestion' retrieved from /opt/airflow/dags/dag_bronze_ingestion.py
[2026-06-03T11:34:45.040+0000] {logging_mixin.py:188} INFO - [2026-06-03T11:34:45.040+0000] {dag.py:3096} INFO - Sync 1 DAGs
[2026-06-03T11:34:45.065+0000] {logging_mixin.py:188} INFO - [2026-06-03T11:34:45.065+0000] {dag.py:3954} INFO - Setting next_dagrun for neuralretail_bronze_ingestion to 2026-06-02 02:00:00+00:00, run_after=2026-06-03 02:00:00+00:00
[2026-06-03T11:34:45.091+0000] {processor.py:183} INFO - Processing /opt/airflow/dags/dag_bronze_ingestion.py took 0.179 seconds
[2026-06-03T11:35:15.591+0000] {processor.py:161} INFO - Started process (PID=4405) to work on /opt/airflow/dags/dag_bronze_ingestion.py
[2026-06-03T11:35:15.593+0000] {processor.py:830} INFO - Processing file /opt/airflow/dags/dag_bronze_ingestion.py for tasks to queue
[2026-06-03T11:35:15.595+0000] {logging_mixin.py:188} INFO - [2026-06-03T11:35:15.595+0000] {dagbag.py:540} INFO - Filling up the DagBag from /opt/airflow/dags/dag_bronze_ingestion.py
[2026-06-03T11:35:15.647+0000] {processor.py:840} INFO - DAG(s) 'neuralretail_bronze_ingestion' retrieved from /opt/airflow/dags/dag_bronze_ingestion.py
[2026-06-03T11:35:15.673+0000] {logging_mixin.py:188} INFO - [2026-06-03T11:35:15.673+0000] {dag.py:3096} INFO - Sync 1 DAGs
[2026-06-03T11:35:15.696+0000] {logging_mixin.py:188} INFO - [2026-06-03T11:35:15.696+0000] {dag.py:3954} INFO - Setting next_dagrun for neuralretail_bronze_ingestion to 2026-06-02 02:00:00+00:00, run_after=2026-06-03 02:00:00+00:00
[2026-06-03T11:35:15.717+0000] {processor.py:183} INFO - Processing /opt/airflow/dags/dag_bronze_ingestion.py took 0.133 seconds
[2026-06-03T11:35:45.838+0000] {processor.py:161} INFO - Started process (PID=4422) to work on /opt/airflow/dags/dag_bronze_ingestion.py
[2026-06-03T11:35:45.842+0000] {processor.py:830} INFO - Processing file /opt/airflow/dags/dag_bronze_ingestion.py for tasks to queue
[2026-06-03T11:35:45.849+0000] {logging_mixin.py:188} INFO - [2026-06-03T11:35:45.848+0000] {dagbag.py:540} INFO - Filling up the DagBag from /opt/airflow/dags/dag_bronze_ingestion.py
[2026-06-03T11:35:45.922+0000] {processor.py:840} INFO - DAG(s) 'neuralretail_bronze_ingestion' retrieved from /opt/airflow/dags/dag_bronze_ingestion.py
[2026-06-03T11:35:45.983+0000] {logging_mixin.py:188} INFO - [2026-06-03T11:35:45.983+0000] {dag.py:3096} INFO - Sync 1 DAGs
[2026-06-03T11:35:46.024+0000] {logging_mixin.py:188} INFO - [2026-06-03T11:35:46.024+0000] {dag.py:3954} INFO - Setting next_dagrun for neuralretail_bronze_ingestion to 2026-06-02 02:00:00+00:00, run_after=2026-06-03 02:00:00+00:00
[2026-06-03T11:35:46.049+0000] {processor.py:183} INFO - Processing /opt/airflow/dags/dag_bronze_ingestion.py took 0.224 seconds
[2026-06-03T11:36:16.272+0000] {processor.py:161} INFO - Started process (PID=4442) to work on /opt/airflow/dags/dag_bronze_ingestion.py
[2026-06-03T11:36:16.274+0000] {processor.py:830} INFO - Processing file /opt/airflow/dags/dag_bronze_ingestion.py for tasks to queue
[2026-06-03T11:36:16.276+0000] {logging_mixin.py:188} INFO - [2026-06-03T11:36:16.276+0000] {dagbag.py:540} INFO - Filling up the DagBag from /opt/airflow/dags/dag_bronze_ingestion.py
[2026-06-03T11:36:16.349+0000] {processor.py:840} INFO - DAG(s) 'neuralretail_bronze_ingestion' retrieved from /opt/airflow/dags/dag_bronze_ingestion.py
[2026-06-03T11:36:16.409+0000] {logging_mixin.py:188} INFO - [2026-06-03T11:36:16.409+0000] {dag.py:3096} INFO - Sync 1 DAGs
[2026-06-03T11:36:16.450+0000] {logging_mixin.py:188} INFO - [2026-06-03T11:36:16.450+0000] {dag.py:3954} INFO - Setting next_dagrun for neuralretail_bronze_ingestion to 2026-06-02 02:00:00+00:00, run_after=2026-06-03 02:00:00+00:00
[2026-06-03T11:36:16.498+0000] {processor.py:183} INFO - Processing /opt/airflow/dags/dag_bronze_ingestion.py took 0.243 seconds
[2026-06-03T11:36:47.526+0000] {processor.py:161} INFO - Started process (PID=4465) to work on /opt/airflow/dags/dag_bronze_ingestion.py
[2026-06-03T11:36:47.528+0000] {processor.py:830} INFO - Processing file /opt/airflow/dags/dag_bronze_ingestion.py for tasks to queue
[2026-06-03T11:36:47.531+0000] {logging_mixin.py:188} INFO - [2026-06-03T11:36:47.531+0000] {dagbag.py:540} INFO - Filling up the DagBag from /opt/airflow/dags/dag_bronze_ingestion.py
[2026-06-03T11:36:47.561+0000] {processor.py:840} INFO - DAG(s) 'neuralretail_bronze_ingestion' retrieved from /opt/airflow/dags/dag_bronze_ingestion.py
[2026-06-03T11:36:47.584+0000] {logging_mixin.py:188} INFO - [2026-06-03T11:36:47.584+0000] {dag.py:3096} INFO - Sync 1 DAGs
[2026-06-03T11:36:47.603+0000] {logging_mixin.py:188} INFO - [2026-06-03T11:36:47.603+0000] {dag.py:3954} INFO - Setting next_dagrun for neuralretail_bronze_ingestion to 2026-06-02 02:00:00+00:00, run_after=2026-06-03 02:00:00+00:00
[2026-06-03T11:36:47.624+0000] {processor.py:183} INFO - Processing /opt/airflow/dags/dag_bronze_ingestion.py took 0.102 seconds
[2026-06-03T11:37:17.918+0000] {processor.py:161} INFO - Started process (PID=4485) to work on /opt/airflow/dags/dag_bronze_ingestion.py
[2026-06-03T11:37:17.921+0000] {processor.py:830} INFO - Processing file /opt/airflow/dags/dag_bronze_ingestion.py for tasks to queue
[2026-06-03T11:37:17.928+0000] {logging_mixin.py:188} INFO - [2026-06-03T11:37:17.927+0000] {dagbag.py:540} INFO - Filling up the DagBag from /opt/airflow/dags/dag_bronze_ingestion.py
[2026-06-03T11:37:18.029+0000] {processor.py:840} INFO - DAG(s) 'neuralretail_bronze_ingestion' retrieved from /opt/airflow/dags/dag_bronze_ingestion.py
[2026-06-03T11:37:18.072+0000] {logging_mixin.py:188} INFO - [2026-06-03T11:37:18.072+0000] {dag.py:3096} INFO - Sync 1 DAGs
[2026-06-03T11:37:18.108+0000] {logging_mixin.py:188} INFO - [2026-06-03T11:37:18.108+0000] {dag.py:3954} INFO - Setting next_dagrun for neuralretail_bronze_ingestion to 2026-06-02 02:00:00+00:00, run_after=2026-06-03 02:00:00+00:00
[2026-06-03T11:37:18.164+0000] {processor.py:183} INFO - Processing /opt/airflow/dags/dag_bronze_ingestion.py took 0.263 seconds
[2026-06-03T11:37:48.733+0000] {processor.py:161} INFO - Started process (PID=4505) to work on /opt/airflow/dags/dag_bronze_ingestion.py
[2026-06-03T11:37:48.735+0000] {processor.py:830} INFO - Processing file /opt/airflow/dags/dag_bronze_ingestion.py for tasks to queue
[2026-06-03T11:37:48.741+0000] {logging_mixin.py:188} INFO - [2026-06-03T11:37:48.741+0000] {dagbag.py:540} INFO - Filling up the DagBag from /opt/airflow/dags/dag_bronze_ingestion.py
[2026-06-03T11:37:48.780+0000] {processor.py:840} INFO - DAG(s) 'neuralretail_bronze_ingestion' retrieved from /opt/airflow/dags/dag_bronze_ingestion.py
[2026-06-03T11:37:48.800+0000] {logging_mixin.py:188} INFO - [2026-06-03T11:37:48.800+0000] {dag.py:3096} INFO - Sync 1 DAGs
[2026-06-03T11:37:48.832+0000] {logging_mixin.py:188} INFO - [2026-06-03T11:37:48.832+0000] {dag.py:3954} INFO - Setting next_dagrun for neuralretail_bronze_ingestion to 2026-06-02 02:00:00+00:00, run_after=2026-06-03 02:00:00+00:00
[2026-06-03T11:37:48.851+0000] {processor.py:183} INFO - Processing /opt/airflow/dags/dag_bronze_ingestion.py took 0.123 seconds
[2026-06-03T11:39:36.845+0000] {processor.py:161} INFO - Started process (PID=4527) to work on /opt/airflow/dags/dag_bronze_ingestion.py
[2026-06-03T11:39:36.846+0000] {processor.py:830} INFO - Processing file /opt/airflow/dags/dag_bronze_ingestion.py for tasks to queue
[2026-06-03T11:39:36.847+0000] {logging_mixin.py:188} INFO - [2026-06-03T11:39:36.847+0000] {dagbag.py:540} INFO - Filling up the DagBag from /opt/airflow/dags/dag_bronze_ingestion.py
[2026-06-03T11:39:36.891+0000] {processor.py:840} INFO - DAG(s) 'neuralretail_bronze_ingestion' retrieved from /opt/airflow/dags/dag_bronze_ingestion.py
[2026-06-03T11:39:36.919+0000] {logging_mixin.py:188} INFO - [2026-06-03T11:39:36.919+0000] {dag.py:3096} INFO - Sync 1 DAGs
[2026-06-03T11:39:36.943+0000] {logging_mixin.py:188} INFO - [2026-06-03T11:39:36.943+0000] {dag.py:3954} INFO - Setting next_dagrun for neuralretail_bronze_ingestion to 2026-06-02 02:00:00+00:00, run_after=2026-06-03 02:00:00+00:00
[2026-06-03T11:39:36.967+0000] {processor.py:183} INFO - Processing /opt/airflow/dags/dag_bronze_ingestion.py took 0.127 seconds
[2026-06-03T12:00:46.715+0000] {processor.py:161} INFO - Started process (PID=4549) to work on /opt/airflow/dags/dag_bronze_ingestion.py
[2026-06-03T12:00:46.717+0000] {processor.py:830} INFO - Processing file /opt/airflow/dags/dag_bronze_ingestion.py for tasks to queue
[2026-06-03T12:00:46.720+0000] {logging_mixin.py:188} INFO - [2026-06-03T12:00:46.720+0000] {dagbag.py:540} INFO - Filling up the DagBag from /opt/airflow/dags/dag_bronze_ingestion.py
[2026-06-03T12:00:46.769+0000] {processor.py:840} INFO - DAG(s) 'neuralretail_bronze_ingestion' retrieved from /opt/airflow/dags/dag_bronze_ingestion.py
[2026-06-03T12:00:46.794+0000] {logging_mixin.py:188} INFO - [2026-06-03T12:00:46.793+0000] {dag.py:3096} INFO - Sync 1 DAGs
[2026-06-03T12:00:46.812+0000] {logging_mixin.py:188} INFO - [2026-06-03T12:00:46.812+0000] {dag.py:3954} INFO - Setting next_dagrun for neuralretail_bronze_ingestion to 2026-06-02 02:00:00+00:00, run_after=2026-06-03 02:00:00+00:00
[2026-06-03T12:00:46.833+0000] {processor.py:183} INFO - Processing /opt/airflow/dags/dag_bronze_ingestion.py took 0.127 seconds
[2026-06-03T12:01:17.948+0000] {processor.py:161} INFO - Started process (PID=4571) to work on /opt/airflow/dags/dag_bronze_ingestion.py
[2026-06-03T12:01:17.949+0000] {processor.py:830} INFO - Processing file /opt/airflow/dags/dag_bronze_ingestion.py for tasks to queue
[2026-06-03T12:01:17.953+0000] {logging_mixin.py:188} INFO - [2026-06-03T12:01:17.952+0000] {dagbag.py:540} INFO - Filling up the DagBag from /opt/airflow/dags/dag_bronze_ingestion.py
[2026-06-03T12:01:18.003+0000] {processor.py:840} INFO - DAG(s) 'neuralretail_bronze_ingestion' retrieved from /opt/airflow/dags/dag_bronze_ingestion.py
[2026-06-03T12:01:18.038+0000] {logging_mixin.py:188} INFO - [2026-06-03T12:01:18.038+0000] {dag.py:3096} INFO - Sync 1 DAGs
[2026-06-03T12:01:18.063+0000] {logging_mixin.py:188} INFO - [2026-06-03T12:01:18.063+0000] {dag.py:3954} INFO - Setting next_dagrun for neuralretail_bronze_ingestion to 2026-06-02 02:00:00+00:00, run_after=2026-06-03 02:00:00+00:00
[2026-06-03T12:01:18.092+0000] {processor.py:183} INFO - Processing /opt/airflow/dags/dag_bronze_ingestion.py took 0.152 seconds
[2026-06-03T12:01:48.509+0000] {processor.py:161} INFO - Started process (PID=4591) to work on /opt/airflow/dags/dag_bronze_ingestion.py
[2026-06-03T12:01:48.511+0000] {processor.py:830} INFO - Processing file /opt/airflow/dags/dag_bronze_ingestion.py for tasks to queue
[2026-06-03T12:01:48.514+0000] {logging_mixin.py:188} INFO - [2026-06-03T12:01:48.514+0000] {dagbag.py:540} INFO - Filling up the DagBag from /opt/airflow/dags/dag_bronze_ingestion.py
[2026-06-03T12:01:48.563+0000] {processor.py:840} INFO - DAG(s) 'neuralretail_bronze_ingestion' retrieved from /opt/airflow/dags/dag_bronze_ingestion.py
[2026-06-03T12:01:48.592+0000] {logging_mixin.py:188} INFO - [2026-06-03T12:01:48.591+0000] {dag.py:3096} INFO - Sync 1 DAGs
[2026-06-03T12:01:48.614+0000] {logging_mixin.py:188} INFO - [2026-06-03T12:01:48.613+0000] {dag.py:3954} INFO - Setting next_dagrun for neuralretail_bronze_ingestion to 2026-06-02 02:00:00+00:00, run_after=2026-06-03 02:00:00+00:00
[2026-06-03T12:01:48.648+0000] {processor.py:183} INFO - Processing /opt/airflow/dags/dag_bronze_ingestion.py took 0.148 seconds
[2026-06-03T12:02:19.299+0000] {processor.py:161} INFO - Started process (PID=4611) to work on /opt/airflow/dags/dag_bronze_ingestion.py
[2026-06-03T12:02:19.301+0000] {processor.py:830} INFO - Processing file /opt/airflow/dags/dag_bronze_ingestion.py for tasks to queue
[2026-06-03T12:02:19.305+0000] {logging_mixin.py:188} INFO - [2026-06-03T12:02:19.305+0000] {dagbag.py:540} INFO - Filling up the DagBag from /opt/airflow/dags/dag_bronze_ingestion.py
[2026-06-03T12:02:19.356+0000] {processor.py:840} INFO - DAG(s) 'neuralretail_bronze_ingestion' retrieved from /opt/airflow/dags/dag_bronze_ingestion.py
[2026-06-03T12:02:19.383+0000] {logging_mixin.py:188} INFO - [2026-06-03T12:02:19.383+0000] {dag.py:3096} INFO - Sync 1 DAGs
[2026-06-03T12:02:19.407+0000] {logging_mixin.py:188} INFO - [2026-06-03T12:02:19.407+0000] {dag.py:3954} INFO - Setting next_dagrun for neuralretail_bronze_ingestion to 2026-06-02 02:00:00+00:00, run_after=2026-06-03 02:00:00+00:00
[2026-06-03T12:02:19.426+0000] {processor.py:183} INFO - Processing /opt/airflow/dags/dag_bronze_ingestion.py took 0.137 seconds
[2026-06-03T12:02:49.652+0000] {processor.py:161} INFO - Started process (PID=4629) to work on /opt/airflow/dags/dag_bronze_ingestion.py
[2026-06-03T12:02:49.653+0000] {processor.py:830} INFO - Processing file /opt/airflow/dags/dag_bronze_ingestion.py for tasks to queue
[2026-06-03T12:02:49.655+0000] {logging_mixin.py:188} INFO - [2026-06-03T12:02:49.655+0000] {dagbag.py:540} INFO - Filling up the DagBag from /opt/airflow/dags/dag_bronze_ingestion.py
[2026-06-03T12:02:49.694+0000] {processor.py:840} INFO - DAG(s) 'neuralretail_bronze_ingestion' retrieved from /opt/airflow/dags/dag_bronze_ingestion.py
[2026-06-03T12:02:49.716+0000] {logging_mixin.py:188} INFO - [2026-06-03T12:02:49.716+0000] {dag.py:3096} INFO - Sync 1 DAGs
[2026-06-03T12:02:49.738+0000] {logging_mixin.py:188} INFO - [2026-06-03T12:02:49.738+0000] {dag.py:3954} INFO - Setting next_dagrun for neuralretail_bronze_ingestion to 2026-06-02 02:00:00+00:00, run_after=2026-06-03 02:00:00+00:00
[2026-06-03T12:02:49.762+0000] {processor.py:183} INFO - Processing /opt/airflow/dags/dag_bronze_ingestion.py took 0.115 seconds
[2026-06-03T12:03:20.278+0000] {processor.py:161} INFO - Started process (PID=4651) to work on /opt/airflow/dags/dag_bronze_ingestion.py
[2026-06-03T12:03:20.282+0000] {processor.py:830} INFO - Processing file /opt/airflow/dags/dag_bronze_ingestion.py for tasks to queue
[2026-06-03T12:03:20.289+0000] {logging_mixin.py:188} INFO - [2026-06-03T12:03:20.288+0000] {dagbag.py:540} INFO - Filling up the DagBag from /opt/airflow/dags/dag_bronze_ingestion.py
[2026-06-03T12:03:20.403+0000] {processor.py:840} INFO - DAG(s) 'neuralretail_bronze_ingestion' retrieved from /opt/airflow/dags/dag_bronze_ingestion.py
[2026-06-03T12:03:20.446+0000] {logging_mixin.py:188} INFO - [2026-06-03T12:03:20.446+0000] {dag.py:3096} INFO - Sync 1 DAGs
[2026-06-03T12:03:20.500+0000] {logging_mixin.py:188} INFO - [2026-06-03T12:03:20.500+0000] {dag.py:3954} INFO - Setting next_dagrun for neuralretail_bronze_ingestion to 2026-06-02 02:00:00+00:00, run_after=2026-06-03 02:00:00+00:00
[2026-06-03T12:03:20.559+0000] {processor.py:183} INFO - Processing /opt/airflow/dags/dag_bronze_ingestion.py took 0.293 seconds
[2026-06-03T12:03:51.715+0000] {processor.py:161} INFO - Started process (PID=4671) to work on /opt/airflow/dags/dag_bronze_ingestion.py
[2026-06-03T12:03:51.717+0000] {processor.py:830} INFO - Processing file /opt/airflow/dags/dag_bronze_ingestion.py for tasks to queue
[2026-06-03T12:03:51.720+0000] {logging_mixin.py:188} INFO - [2026-06-03T12:03:51.719+0000] {dagbag.py:540} INFO - Filling up the DagBag from /opt/airflow/dags/dag_bronze_ingestion.py
[2026-06-03T12:03:51.892+0000] {processor.py:840} INFO - DAG(s) 'neuralretail_bronze_ingestion' retrieved from /opt/airflow/dags/dag_bronze_ingestion.py
[2026-06-03T12:03:51.916+0000] {logging_mixin.py:188} INFO - [2026-06-03T12:03:51.916+0000] {dag.py:3096} INFO - Sync 1 DAGs
[2026-06-03T12:03:51.940+0000] {logging_mixin.py:188} INFO - [2026-06-03T12:03:51.939+0000] {dag.py:3954} INFO - Setting next_dagrun for neuralretail_bronze_ingestion to 2026-06-02 02:00:00+00:00, run_after=2026-06-03 02:00:00+00:00
[2026-06-03T12:03:51.969+0000] {processor.py:183} INFO - Processing /opt/airflow/dags/dag_bronze_ingestion.py took 0.269 seconds
[2026-06-03T12:04:22.730+0000] {processor.py:161} INFO - Started process (PID=4691) to work on /opt/airflow/dags/dag_bronze_ingestion.py
[2026-06-03T12:04:22.732+0000] {processor.py:830} INFO - Processing file /opt/airflow/dags/dag_bronze_ingestion.py for tasks to queue
[2026-06-03T12:04:22.736+0000] {logging_mixin.py:188} INFO - [2026-06-03T12:04:22.735+0000] {dagbag.py:540} INFO - Filling up the DagBag from /opt/airflow/dags/dag_bronze_ingestion.py
[2026-06-03T12:04:22.818+0000] {processor.py:840} INFO - DAG(s) 'neuralretail_bronze_ingestion' retrieved from /opt/airflow/dags/dag_bronze_ingestion.py
[2026-06-03T12:04:22.872+0000] {logging_mixin.py:188} INFO - [2026-06-03T12:04:22.872+0000] {dag.py:3096} INFO - Sync 1 DAGs
[2026-06-03T12:04:22.911+0000] {logging_mixin.py:188} INFO - [2026-06-03T12:04:22.910+0000] {dag.py:3954} INFO - Setting next_dagrun for neuralretail_bronze_ingestion to 2026-06-02 02:00:00+00:00, run_after=2026-06-03 02:00:00+00:00
[2026-06-03T12:04:22.936+0000] {processor.py:183} INFO - Processing /opt/airflow/dags/dag_bronze_ingestion.py took 0.216 seconds
[2026-06-03T12:04:53.470+0000] {processor.py:161} INFO - Started process (PID=4711) to work on /opt/airflow/dags/dag_bronze_ingestion.py
[2026-06-03T12:04:53.475+0000] {processor.py:830} INFO - Processing file /opt/airflow/dags/dag_bronze_ingestion.py for tasks to queue
[2026-06-03T12:04:53.479+0000] {logging_mixin.py:188} INFO - [2026-06-03T12:04:53.479+0000] {dagbag.py:540} INFO - Filling up the DagBag from /opt/airflow/dags/dag_bronze_ingestion.py
[2026-06-03T12:04:53.623+0000] {processor.py:840} INFO - DAG(s) 'neuralretail_bronze_ingestion' retrieved from /opt/airflow/dags/dag_bronze_ingestion.py
[2026-06-03T12:04:53.664+0000] {logging_mixin.py:188} INFO - [2026-06-03T12:04:53.663+0000] {dag.py:3096} INFO - Sync 1 DAGs
[2026-06-03T12:04:53.694+0000] {logging_mixin.py:188} INFO - [2026-06-03T12:04:53.694+0000] {dag.py:3954} INFO - Setting next_dagrun for neuralretail_bronze_ingestion to 2026-06-02 02:00:00+00:00, run_after=2026-06-03 02:00:00+00:00
[2026-06-03T12:04:53.733+0000] {processor.py:183} INFO - Processing /opt/airflow/dags/dag_bronze_ingestion.py took 0.274 seconds
[2026-06-03T12:05:23.852+0000] {processor.py:161} INFO - Started process (PID=4731) to work on /opt/airflow/dags/dag_bronze_ingestion.py
[2026-06-03T12:05:23.854+0000] {processor.py:830} INFO - Processing file /opt/airflow/dags/dag_bronze_ingestion.py for tasks to queue
[2026-06-03T12:05:23.856+0000] {logging_mixin.py:188} INFO - [2026-06-03T12:05:23.856+0000] {dagbag.py:540} INFO - Filling up the DagBag from /opt/airflow/dags/dag_bronze_ingestion.py
[2026-06-03T12:05:23.914+0000] {processor.py:840} INFO - DAG(s) 'neuralretail_bronze_ingestion' retrieved from /opt/airflow/dags/dag_bronze_ingestion.py
[2026-06-03T12:05:23.941+0000] {logging_mixin.py:188} INFO - [2026-06-03T12:05:23.941+0000] {dag.py:3096} INFO - Sync 1 DAGs
[2026-06-03T12:05:23.962+0000] {logging_mixin.py:188} INFO - [2026-06-03T12:05:23.962+0000] {dag.py:3954} INFO - Setting next_dagrun for neuralretail_bronze_ingestion to 2026-06-02 02:00:00+00:00, run_after=2026-06-03 02:00:00+00:00
[2026-06-03T12:05:23.985+0000] {processor.py:183} INFO - Processing /opt/airflow/dags/dag_bronze_ingestion.py took 0.139 seconds
[2026-06-03T12:05:54.538+0000] {processor.py:161} INFO - Started process (PID=4751) to work on /opt/airflow/dags/dag_bronze_ingestion.py
[2026-06-03T12:05:54.542+0000] {processor.py:830} INFO - Processing file /opt/airflow/dags/dag_bronze_ingestion.py for tasks to queue
[2026-06-03T12:05:54.547+0000] {logging_mixin.py:188} INFO - [2026-06-03T12:05:54.547+0000] {dagbag.py:540} INFO - Filling up the DagBag from /opt/airflow/dags/dag_bronze_ingestion.py
[2026-06-03T12:05:54.642+0000] {processor.py:840} INFO - DAG(s) 'neuralretail_bronze_ingestion' retrieved from /opt/airflow/dags/dag_bronze_ingestion.py
[2026-06-03T12:05:54.699+0000] {logging_mixin.py:188} INFO - [2026-06-03T12:05:54.698+0000] {dag.py:3096} INFO - Sync 1 DAGs
[2026-06-03T12:05:54.748+0000] {logging_mixin.py:188} INFO - [2026-06-03T12:05:54.748+0000] {dag.py:3954} INFO - Setting next_dagrun for neuralretail_bronze_ingestion to 2026-06-02 02:00:00+00:00, run_after=2026-06-03 02:00:00+00:00
[2026-06-03T12:05:54.783+0000] {processor.py:183} INFO - Processing /opt/airflow/dags/dag_bronze_ingestion.py took 0.261 seconds
[2026-06-03T12:06:25.121+0000] {processor.py:161} INFO - Started process (PID=4771) to work on /opt/airflow/dags/dag_bronze_ingestion.py
[2026-06-03T12:06:25.124+0000] {processor.py:830} INFO - Processing file /opt/airflow/dags/dag_bronze_ingestion.py for tasks to queue
[2026-06-03T12:06:25.127+0000] {logging_mixin.py:188} INFO - [2026-06-03T12:06:25.126+0000] {dagbag.py:540} INFO - Filling up the DagBag from /opt/airflow/dags/dag_bronze_ingestion.py
[2026-06-03T12:06:25.233+0000] {processor.py:840} INFO - DAG(s) 'neuralretail_bronze_ingestion' retrieved from /opt/airflow/dags/dag_bronze_ingestion.py
[2026-06-03T12:06:25.283+0000] {logging_mixin.py:188} INFO - [2026-06-03T12:06:25.283+0000] {dag.py:3096} INFO - Sync 1 DAGs
[2026-06-03T12:06:25.320+0000] {logging_mixin.py:188} INFO - [2026-06-03T12:06:25.320+0000] {dag.py:3954} INFO - Setting next_dagrun for neuralretail_bronze_ingestion to 2026-06-02 02:00:00+00:00, run_after=2026-06-03 02:00:00+00:00
[2026-06-03T12:06:25.362+0000] {processor.py:183} INFO - Processing /opt/airflow/dags/dag_bronze_ingestion.py took 0.254 seconds
[2026-06-03T12:06:55.862+0000] {processor.py:161} INFO - Started process (PID=4791) to work on /opt/airflow/dags/dag_bronze_ingestion.py
[2026-06-03T12:06:55.875+0000] {processor.py:830} INFO - Processing file /opt/airflow/dags/dag_bronze_ingestion.py for tasks to queue
[2026-06-03T12:06:55.911+0000] {logging_mixin.py:188} INFO - [2026-06-03T12:06:55.910+0000] {dagbag.py:540} INFO - Filling up the DagBag from /opt/airflow/dags/dag_bronze_ingestion.py
[2026-06-03T12:06:56.157+0000] {processor.py:840} INFO - DAG(s) 'neuralretail_bronze_ingestion' retrieved from /opt/airflow/dags/dag_bronze_ingestion.py
[2026-06-03T12:06:56.189+0000] {logging_mixin.py:188} INFO - [2026-06-03T12:06:56.189+0000] {dag.py:3096} INFO - Sync 1 DAGs
[2026-06-03T12:06:56.213+0000] {logging_mixin.py:188} INFO - [2026-06-03T12:06:56.213+0000] {dag.py:3954} INFO - Setting next_dagrun for neuralretail_bronze_ingestion to 2026-06-02 02:00:00+00:00, run_after=2026-06-03 02:00:00+00:00
[2026-06-03T12:06:56.242+0000] {processor.py:183} INFO - Processing /opt/airflow/dags/dag_bronze_ingestion.py took 0.389 seconds
[2026-06-03T12:07:26.962+0000] {processor.py:161} INFO - Started process (PID=4811) to work on /opt/airflow/dags/dag_bronze_ingestion.py
[2026-06-03T12:07:26.965+0000] {processor.py:830} INFO - Processing file /opt/airflow/dags/dag_bronze_ingestion.py for tasks to queue
[2026-06-03T12:07:26.970+0000] {logging_mixin.py:188} INFO - [2026-06-03T12:07:26.970+0000] {dagbag.py:540} INFO - Filling up the DagBag from /opt/airflow/dags/dag_bronze_ingestion.py
[2026-06-03T12:07:27.076+0000] {processor.py:840} INFO - DAG(s) 'neuralretail_bronze_ingestion' retrieved from /opt/airflow/dags/dag_bronze_ingestion.py
[2026-06-03T12:07:27.123+0000] {logging_mixin.py:188} INFO - [2026-06-03T12:07:27.123+0000] {dag.py:3096} INFO - Sync 1 DAGs
[2026-06-03T12:07:27.169+0000] {logging_mixin.py:188} INFO - [2026-06-03T12:07:27.169+0000] {dag.py:3954} INFO - Setting next_dagrun for neuralretail_bronze_ingestion to 2026-06-02 02:00:00+00:00, run_after=2026-06-03 02:00:00+00:00
[2026-06-03T12:07:27.232+0000] {processor.py:183} INFO - Processing /opt/airflow/dags/dag_bronze_ingestion.py took 0.289 seconds
[2026-06-03T12:07:57.685+0000] {processor.py:161} INFO - Started process (PID=4831) to work on /opt/airflow/dags/dag_bronze_ingestion.py
[2026-06-03T12:07:57.687+0000] {processor.py:830} INFO - Processing file /opt/airflow/dags/dag_bronze_ingestion.py for tasks to queue
[2026-06-03T12:07:57.690+0000] {logging_mixin.py:188} INFO - [2026-06-03T12:07:57.689+0000] {dagbag.py:540} INFO - Filling up the DagBag from /opt/airflow/dags/dag_bronze_ingestion.py
[2026-06-03T12:07:57.746+0000] {processor.py:840} INFO - DAG(s) 'neuralretail_bronze_ingestion' retrieved from /opt/airflow/dags/dag_bronze_ingestion.py
[2026-06-03T12:07:57.771+0000] {logging_mixin.py:188} INFO - [2026-06-03T12:07:57.770+0000] {dag.py:3096} INFO - Sync 1 DAGs
[2026-06-03T12:07:57.801+0000] {logging_mixin.py:188} INFO - [2026-06-03T12:07:57.801+0000] {dag.py:3954} INFO - Setting next_dagrun for neuralretail_bronze_ingestion to 2026-06-02 02:00:00+00:00, run_after=2026-06-03 02:00:00+00:00
[2026-06-03T12:07:57.821+0000] {processor.py:183} INFO - Processing /opt/airflow/dags/dag_bronze_ingestion.py took 0.141 seconds
[2026-06-03T12:08:28.361+0000] {processor.py:161} INFO - Started process (PID=4851) to work on /opt/airflow/dags/dag_bronze_ingestion.py
[2026-06-03T12:08:28.364+0000] {processor.py:830} INFO - Processing file /opt/airflow/dags/dag_bronze_ingestion.py for tasks to queue
[2026-06-03T12:08:28.367+0000] {logging_mixin.py:188} INFO - [2026-06-03T12:08:28.367+0000] {dagbag.py:540} INFO - Filling up the DagBag from /opt/airflow/dags/dag_bronze_ingestion.py
[2026-06-03T12:08:28.431+0000] {processor.py:840} INFO - DAG(s) 'neuralretail_bronze_ingestion' retrieved from /opt/airflow/dags/dag_bronze_ingestion.py
[2026-06-03T12:08:28.471+0000] {logging_mixin.py:188} INFO - [2026-06-03T12:08:28.471+0000] {dag.py:3096} INFO - Sync 1 DAGs
[2026-06-03T12:08:28.502+0000] {logging_mixin.py:188} INFO - [2026-06-03T12:08:28.502+0000] {dag.py:3954} INFO - Setting next_dagrun for neuralretail_bronze_ingestion to 2026-06-02 02:00:00+00:00, run_after=2026-06-03 02:00:00+00:00
[2026-06-03T12:08:28.567+0000] {processor.py:183} INFO - Processing /opt/airflow/dags/dag_bronze_ingestion.py took 0.216 seconds
[2026-06-03T12:08:58.887+0000] {processor.py:161} INFO - Started process (PID=4871) to work on /opt/airflow/dags/dag_bronze_ingestion.py
[2026-06-03T12:08:58.891+0000] {processor.py:830} INFO - Processing file /opt/airflow/dags/dag_bronze_ingestion.py for tasks to queue
[2026-06-03T12:08:58.895+0000] {logging_mixin.py:188} INFO - [2026-06-03T12:08:58.895+0000] {dagbag.py:540} INFO - Filling up the DagBag from /opt/airflow/dags/dag_bronze_ingestion.py
[2026-06-03T12:08:59.012+0000] {processor.py:840} INFO - DAG(s) 'neuralretail_bronze_ingestion' retrieved from /opt/airflow/dags/dag_bronze_ingestion.py
[2026-06-03T12:08:59.049+0000] {logging_mixin.py:188} INFO - [2026-06-03T12:08:59.048+0000] {dag.py:3096} INFO - Sync 1 DAGs
[2026-06-03T12:08:59.086+0000] {logging_mixin.py:188} INFO - [2026-06-03T12:08:59.086+0000] {dag.py:3954} INFO - Setting next_dagrun for neuralretail_bronze_ingestion to 2026-06-02 02:00:00+00:00, run_after=2026-06-03 02:00:00+00:00
[2026-06-03T12:08:59.124+0000] {processor.py:183} INFO - Processing /opt/airflow/dags/dag_bronze_ingestion.py took 0.254 seconds
[2026-06-03T12:09:29.309+0000] {processor.py:161} INFO - Started process (PID=4891) to work on /opt/airflow/dags/dag_bronze_ingestion.py
[2026-06-03T12:09:29.313+0000] {processor.py:830} INFO - Processing file /opt/airflow/dags/dag_bronze_ingestion.py for tasks to queue
[2026-06-03T12:09:29.319+0000] {logging_mixin.py:188} INFO - [2026-06-03T12:09:29.318+0000] {dagbag.py:540} INFO - Filling up the DagBag from /opt/airflow/dags/dag_bronze_ingestion.py
[2026-06-03T12:09:29.422+0000] {processor.py:840} INFO - DAG(s) 'neuralretail_bronze_ingestion' retrieved from /opt/airflow/dags/dag_bronze_ingestion.py
[2026-06-03T12:09:29.471+0000] {logging_mixin.py:188} INFO - [2026-06-03T12:09:29.470+0000] {dag.py:3096} INFO - Sync 1 DAGs
[2026-06-03T12:09:29.489+0000] {logging_mixin.py:188} INFO - [2026-06-03T12:09:29.489+0000] {dag.py:3954} INFO - Setting next_dagrun for neuralretail_bronze_ingestion to 2026-06-02 02:00:00+00:00, run_after=2026-06-03 02:00:00+00:00
[2026-06-03T12:09:29.515+0000] {processor.py:183} INFO - Processing /opt/airflow/dags/dag_bronze_ingestion.py took 0.225 seconds
[2026-06-03T12:09:59.973+0000] {processor.py:161} INFO - Started process (PID=4911) to work on /opt/airflow/dags/dag_bronze_ingestion.py
[2026-06-03T12:09:59.978+0000] {processor.py:830} INFO - Processing file /opt/airflow/dags/dag_bronze_ingestion.py for tasks to queue
[2026-06-03T12:09:59.984+0000] {logging_mixin.py:188} INFO - [2026-06-03T12:09:59.983+0000] {dagbag.py:540} INFO - Filling up the DagBag from /opt/airflow/dags/dag_bronze_ingestion.py
[2026-06-03T12:10:00.137+0000] {processor.py:840} INFO - DAG(s) 'neuralretail_bronze_ingestion' retrieved from /opt/airflow/dags/dag_bronze_ingestion.py
[2026-06-03T12:10:00.179+0000] {logging_mixin.py:188} INFO - [2026-06-03T12:10:00.178+0000] {dag.py:3096} INFO - Sync 1 DAGs
[2026-06-03T12:10:00.232+0000] {logging_mixin.py:188} INFO - [2026-06-03T12:10:00.232+0000] {dag.py:3954} INFO - Setting next_dagrun for neuralretail_bronze_ingestion to 2026-06-02 02:00:00+00:00, run_after=2026-06-03 02:00:00+00:00
[2026-06-03T12:10:00.289+0000] {processor.py:183} INFO - Processing /opt/airflow/dags/dag_bronze_ingestion.py took 0.330 seconds
[2026-06-03T12:10:30.632+0000] {processor.py:161} INFO - Started process (PID=4931) to work on /opt/airflow/dags/dag_bronze_ingestion.py
[2026-06-03T12:10:30.635+0000] {processor.py:830} INFO - Processing file /opt/airflow/dags/dag_bronze_ingestion.py for tasks to queue
[2026-06-03T12:10:30.639+0000] {logging_mixin.py:188} INFO - [2026-06-03T12:10:30.638+0000] {dagbag.py:540} INFO - Filling up the DagBag from /opt/airflow/dags/dag_bronze_ingestion.py
[2026-06-03T12:10:30.759+0000] {processor.py:840} INFO - DAG(s) 'neuralretail_bronze_ingestion' retrieved from /opt/airflow/dags/dag_bronze_ingestion.py
[2026-06-03T12:10:30.832+0000] {logging_mixin.py:188} INFO - [2026-06-03T12:10:30.831+0000] {dag.py:3096} INFO - Sync 1 DAGs
[2026-06-03T12:10:30.881+0000] {logging_mixin.py:188} INFO - [2026-06-03T12:10:30.880+0000] {dag.py:3954} INFO - Setting next_dagrun for neuralretail_bronze_ingestion to 2026-06-02 02:00:00+00:00, run_after=2026-06-03 02:00:00+00:00
[2026-06-03T12:10:30.922+0000] {processor.py:183} INFO - Processing /opt/airflow/dags/dag_bronze_ingestion.py took 0.310 seconds
[2026-06-03T12:11:01.372+0000] {processor.py:161} INFO - Started process (PID=4951) to work on /opt/airflow/dags/dag_bronze_ingestion.py
[2026-06-03T12:11:01.373+0000] {processor.py:830} INFO - Processing file /opt/airflow/dags/dag_bronze_ingestion.py for tasks to queue
[2026-06-03T12:11:01.375+0000] {logging_mixin.py:188} INFO - [2026-06-03T12:11:01.374+0000] {dagbag.py:540} INFO - Filling up the DagBag from /opt/airflow/dags/dag_bronze_ingestion.py
[2026-06-03T12:11:01.416+0000] {processor.py:840} INFO - DAG(s) 'neuralretail_bronze_ingestion' retrieved from /opt/airflow/dags/dag_bronze_ingestion.py
[2026-06-03T12:11:01.441+0000] {logging_mixin.py:188} INFO - [2026-06-03T12:11:01.440+0000] {dag.py:3096} INFO - Sync 1 DAGs
[2026-06-03T12:11:01.459+0000] {logging_mixin.py:188} INFO - [2026-06-03T12:11:01.459+0000] {dag.py:3954} INFO - Setting next_dagrun for neuralretail_bronze_ingestion to 2026-06-02 02:00:00+00:00, run_after=2026-06-03 02:00:00+00:00
[2026-06-03T12:11:01.477+0000] {processor.py:183} INFO - Processing /opt/airflow/dags/dag_bronze_ingestion.py took 0.110 seconds
[2026-06-03T12:11:31.771+0000] {processor.py:161} INFO - Started process (PID=4969) to work on /opt/airflow/dags/dag_bronze_ingestion.py
[2026-06-03T12:11:31.773+0000] {processor.py:830} INFO - Processing file /opt/airflow/dags/dag_bronze_ingestion.py for tasks to queue
[2026-06-03T12:11:31.776+0000] {logging_mixin.py:188} INFO - [2026-06-03T12:11:31.775+0000] {dagbag.py:540} INFO - Filling up the DagBag from /opt/airflow/dags/dag_bronze_ingestion.py
[2026-06-03T12:11:31.838+0000] {processor.py:840} INFO - DAG(s) 'neuralretail_bronze_ingestion' retrieved from /opt/airflow/dags/dag_bronze_ingestion.py
[2026-06-03T12:11:31.864+0000] {logging_mixin.py:188} INFO - [2026-06-03T12:11:31.863+0000] {dag.py:3096} INFO - Sync 1 DAGs
[2026-06-03T12:11:31.990+0000] {logging_mixin.py:188} INFO - [2026-06-03T12:11:31.990+0000] {dag.py:3954} INFO - Setting next_dagrun for neuralretail_bronze_ingestion to 2026-06-02 02:00:00+00:00, run_after=2026-06-03 02:00:00+00:00
[2026-06-03T12:11:32.011+0000] {processor.py:183} INFO - Processing /opt/airflow/dags/dag_bronze_ingestion.py took 0.249 seconds
[2026-06-03T12:12:02.226+0000] {processor.py:161} INFO - Started process (PID=4989) to work on /opt/airflow/dags/dag_bronze_ingestion.py
[2026-06-03T12:12:02.227+0000] {processor.py:830} INFO - Processing file /opt/airflow/dags/dag_bronze_ingestion.py for tasks to queue
[2026-06-03T12:12:02.229+0000] {logging_mixin.py:188} INFO - [2026-06-03T12:12:02.229+0000] {dagbag.py:540} INFO - Filling up the DagBag from /opt/airflow/dags/dag_bronze_ingestion.py
[2026-06-03T12:12:02.268+0000] {processor.py:840} INFO - DAG(s) 'neuralretail_bronze_ingestion' retrieved from /opt/airflow/dags/dag_bronze_ingestion.py
[2026-06-03T12:12:02.293+0000] {logging_mixin.py:188} INFO - [2026-06-03T12:12:02.293+0000] {dag.py:3096} INFO - Sync 1 DAGs
[2026-06-03T12:12:02.310+0000] {logging_mixin.py:188} INFO - [2026-06-03T12:12:02.310+0000] {dag.py:3954} INFO - Setting next_dagrun for neuralretail_bronze_ingestion to 2026-06-02 02:00:00+00:00, run_after=2026-06-03 02:00:00+00:00
[2026-06-03T12:12:02.330+0000] {processor.py:183} INFO - Processing /opt/airflow/dags/dag_bronze_ingestion.py took 0.111 seconds
[2026-06-03T12:12:32.722+0000] {processor.py:161} INFO - Started process (PID=5009) to work on /opt/airflow/dags/dag_bronze_ingestion.py
[2026-06-03T12:12:32.724+0000] {processor.py:830} INFO - Processing file /opt/airflow/dags/dag_bronze_ingestion.py for tasks to queue
[2026-06-03T12:12:32.728+0000] {logging_mixin.py:188} INFO - [2026-06-03T12:12:32.727+0000] {dagbag.py:540} INFO - Filling up the DagBag from /opt/airflow/dags/dag_bronze_ingestion.py
[2026-06-03T12:12:32.790+0000] {processor.py:840} INFO - DAG(s) 'neuralretail_bronze_ingestion' retrieved from /opt/airflow/dags/dag_bronze_ingestion.py
[2026-06-03T12:12:32.810+0000] {logging_mixin.py:188} INFO - [2026-06-03T12:12:32.810+0000] {dag.py:3096} INFO - Sync 1 DAGs
[2026-06-03T12:12:32.830+0000] {logging_mixin.py:188} INFO - [2026-06-03T12:12:32.830+0000] {dag.py:3954} INFO - Setting next_dagrun for neuralretail_bronze_ingestion to 2026-06-02 02:00:00+00:00, run_after=2026-06-03 02:00:00+00:00
[2026-06-03T12:12:32.996+0000] {processor.py:183} INFO - Processing /opt/airflow/dags/dag_bronze_ingestion.py took 0.285 seconds
[2026-06-03T12:13:03.440+0000] {processor.py:161} INFO - Started process (PID=5029) to work on /opt/airflow/dags/dag_bronze_ingestion.py
[2026-06-03T12:13:03.448+0000] {processor.py:830} INFO - Processing file /opt/airflow/dags/dag_bronze_ingestion.py for tasks to queue
[2026-06-03T12:13:03.460+0000] {logging_mixin.py:188} INFO - [2026-06-03T12:13:03.459+0000] {dagbag.py:540} INFO - Filling up the DagBag from /opt/airflow/dags/dag_bronze_ingestion.py
[2026-06-03T12:13:03.720+0000] {processor.py:840} INFO - DAG(s) 'neuralretail_bronze_ingestion' retrieved from /opt/airflow/dags/dag_bronze_ingestion.py
[2026-06-03T12:13:03.899+0000] {logging_mixin.py:188} INFO - [2026-06-03T12:13:03.898+0000] {dag.py:3096} INFO - Sync 1 DAGs
[2026-06-03T12:13:03.916+0000] {logging_mixin.py:188} INFO - [2026-06-03T12:13:03.916+0000] {dag.py:3954} INFO - Setting next_dagrun for neuralretail_bronze_ingestion to 2026-06-02 02:00:00+00:00, run_after=2026-06-03 02:00:00+00:00
[2026-06-03T12:13:03.935+0000] {processor.py:183} INFO - Processing /opt/airflow/dags/dag_bronze_ingestion.py took 0.506 seconds
[2026-06-03T12:13:34.292+0000] {processor.py:161} INFO - Started process (PID=5049) to work on /opt/airflow/dags/dag_bronze_ingestion.py
[2026-06-03T12:13:34.303+0000] {processor.py:830} INFO - Processing file /opt/airflow/dags/dag_bronze_ingestion.py for tasks to queue
[2026-06-03T12:13:34.308+0000] {logging_mixin.py:188} INFO - [2026-06-03T12:13:34.308+0000] {dagbag.py:540} INFO - Filling up the DagBag from /opt/airflow/dags/dag_bronze_ingestion.py
[2026-06-03T12:13:34.426+0000] {processor.py:840} INFO - DAG(s) 'neuralretail_bronze_ingestion' retrieved from /opt/airflow/dags/dag_bronze_ingestion.py
[2026-06-03T12:13:34.447+0000] {logging_mixin.py:188} INFO - [2026-06-03T12:13:34.447+0000] {dag.py:3096} INFO - Sync 1 DAGs
[2026-06-03T12:13:34.464+0000] {logging_mixin.py:188} INFO - [2026-06-03T12:13:34.463+0000] {dag.py:3954} INFO - Setting next_dagrun for neuralretail_bronze_ingestion to 2026-06-02 02:00:00+00:00, run_after=2026-06-03 02:00:00+00:00
[2026-06-03T12:13:34.488+0000] {processor.py:183} INFO - Processing /opt/airflow/dags/dag_bronze_ingestion.py took 0.201 seconds
[2026-06-03T12:14:04.834+0000] {processor.py:161} INFO - Started process (PID=5069) to work on /opt/airflow/dags/dag_bronze_ingestion.py
[2026-06-03T12:14:04.837+0000] {processor.py:830} INFO - Processing file /opt/airflow/dags/dag_bronze_ingestion.py for tasks to queue
[2026-06-03T12:14:04.842+0000] {logging_mixin.py:188} INFO - [2026-06-03T12:14:04.841+0000] {dagbag.py:540} INFO - Filling up the DagBag from /opt/airflow/dags/dag_bronze_ingestion.py
[2026-06-03T12:14:05.075+0000] {processor.py:840} INFO - DAG(s) 'neuralretail_bronze_ingestion' retrieved from /opt/airflow/dags/dag_bronze_ingestion.py
[2026-06-03T12:14:05.102+0000] {logging_mixin.py:188} INFO - [2026-06-03T12:14:05.101+0000] {dag.py:3096} INFO - Sync 1 DAGs
[2026-06-03T12:14:05.118+0000] {logging_mixin.py:188} INFO - [2026-06-03T12:14:05.118+0000] {dag.py:3954} INFO - Setting next_dagrun for neuralretail_bronze_ingestion to 2026-06-02 02:00:00+00:00, run_after=2026-06-03 02:00:00+00:00
[2026-06-03T12:14:05.148+0000] {processor.py:183} INFO - Processing /opt/airflow/dags/dag_bronze_ingestion.py took 0.325 seconds
[2026-06-03T12:14:35.360+0000] {processor.py:161} INFO - Started process (PID=5089) to work on /opt/airflow/dags/dag_bronze_ingestion.py
[2026-06-03T12:14:35.364+0000] {processor.py:830} INFO - Processing file /opt/airflow/dags/dag_bronze_ingestion.py for tasks to queue
[2026-06-03T12:14:35.368+0000] {logging_mixin.py:188} INFO - [2026-06-03T12:14:35.367+0000] {dagbag.py:540} INFO - Filling up the DagBag from /opt/airflow/dags/dag_bronze_ingestion.py
[2026-06-03T12:14:35.539+0000] {processor.py:840} INFO - DAG(s) 'neuralretail_bronze_ingestion' retrieved from /opt/airflow/dags/dag_bronze_ingestion.py
[2026-06-03T12:14:35.575+0000] {logging_mixin.py:188} INFO - [2026-06-03T12:14:35.574+0000] {dag.py:3096} INFO - Sync 1 DAGs
[2026-06-03T12:14:35.615+0000] {logging_mixin.py:188} INFO - [2026-06-03T12:14:35.615+0000] {dag.py:3954} INFO - Setting next_dagrun for neuralretail_bronze_ingestion to 2026-06-02 02:00:00+00:00, run_after=2026-06-03 02:00:00+00:00
[2026-06-03T12:14:35.637+0000] {processor.py:183} INFO - Processing /opt/airflow/dags/dag_bronze_ingestion.py took 0.290 seconds
[2026-06-03T12:15:05.989+0000] {processor.py:161} INFO - Started process (PID=5109) to work on /opt/airflow/dags/dag_bronze_ingestion.py
[2026-06-03T12:15:06.045+0000] {processor.py:830} INFO - Processing file /opt/airflow/dags/dag_bronze_ingestion.py for tasks to queue
[2026-06-03T12:15:06.072+0000] {logging_mixin.py:188} INFO - [2026-06-03T12:15:06.071+0000] {dagbag.py:540} INFO - Filling up the DagBag from /opt/airflow/dags/dag_bronze_ingestion.py
[2026-06-03T12:15:06.253+0000] {processor.py:840} INFO - DAG(s) 'neuralretail_bronze_ingestion' retrieved from /opt/airflow/dags/dag_bronze_ingestion.py
[2026-06-03T12:15:06.282+0000] {logging_mixin.py:188} INFO - [2026-06-03T12:15:06.282+0000] {dag.py:3096} INFO - Sync 1 DAGs
[2026-06-03T12:15:06.308+0000] {logging_mixin.py:188} INFO - [2026-06-03T12:15:06.308+0000] {dag.py:3954} INFO - Setting next_dagrun for neuralretail_bronze_ingestion to 2026-06-02 02:00:00+00:00, run_after=2026-06-03 02:00:00+00:00
[2026-06-03T12:15:06.332+0000] {processor.py:183} INFO - Processing /opt/airflow/dags/dag_bronze_ingestion.py took 0.352 seconds
[2026-06-03T12:15:36.532+0000] {processor.py:161} INFO - Started process (PID=5126) to work on /opt/airflow/dags/dag_bronze_ingestion.py
[2026-06-03T12:15:36.535+0000] {processor.py:830} INFO - Processing file /opt/airflow/dags/dag_bronze_ingestion.py for tasks to queue
[2026-06-03T12:15:36.540+0000] {logging_mixin.py:188} INFO - [2026-06-03T12:15:36.539+0000] {dagbag.py:540} INFO - Filling up the DagBag from /opt/airflow/dags/dag_bronze_ingestion.py
[2026-06-03T12:15:36.592+0000] {processor.py:840} INFO - DAG(s) 'neuralretail_bronze_ingestion' retrieved from /opt/airflow/dags/dag_bronze_ingestion.py
[2026-06-03T12:15:36.626+0000] {logging_mixin.py:188} INFO - [2026-06-03T12:15:36.626+0000] {dag.py:3096} INFO - Sync 1 DAGs
[2026-06-03T12:15:36.664+0000] {logging_mixin.py:188} INFO - [2026-06-03T12:15:36.664+0000] {dag.py:3954} INFO - Setting next_dagrun for neuralretail_bronze_ingestion to 2026-06-02 02:00:00+00:00, run_after=2026-06-03 02:00:00+00:00
[2026-06-03T12:15:36.696+0000] {processor.py:183} INFO - Processing /opt/airflow/dags/dag_bronze_ingestion.py took 0.172 seconds
[2026-06-03T12:16:07.343+0000] {processor.py:161} INFO - Started process (PID=5149) to work on /opt/airflow/dags/dag_bronze_ingestion.py
[2026-06-03T12:16:07.345+0000] {processor.py:830} INFO - Processing file /opt/airflow/dags/dag_bronze_ingestion.py for tasks to queue
[2026-06-03T12:16:07.347+0000] {logging_mixin.py:188} INFO - [2026-06-03T12:16:07.347+0000] {dagbag.py:540} INFO - Filling up the DagBag from /opt/airflow/dags/dag_bronze_ingestion.py
[2026-06-03T12:16:07.494+0000] {processor.py:840} INFO - DAG(s) 'neuralretail_bronze_ingestion' retrieved from /opt/airflow/dags/dag_bronze_ingestion.py
[2026-06-03T12:16:07.527+0000] {logging_mixin.py:188} INFO - [2026-06-03T12:16:07.527+0000] {dag.py:3096} INFO - Sync 1 DAGs
[2026-06-03T12:16:07.556+0000] {logging_mixin.py:188} INFO - [2026-06-03T12:16:07.556+0000] {dag.py:3954} INFO - Setting next_dagrun for neuralretail_bronze_ingestion to 2026-06-02 02:00:00+00:00, run_after=2026-06-03 02:00:00+00:00
[2026-06-03T12:16:07.589+0000] {processor.py:183} INFO - Processing /opt/airflow/dags/dag_bronze_ingestion.py took 0.253 seconds
[2026-06-03T12:16:38.001+0000] {processor.py:161} INFO - Started process (PID=5169) to work on /opt/airflow/dags/dag_bronze_ingestion.py
[2026-06-03T12:16:38.004+0000] {processor.py:830} INFO - Processing file /opt/airflow/dags/dag_bronze_ingestion.py for tasks to queue
[2026-06-03T12:16:38.009+0000] {logging_mixin.py:188} INFO - [2026-06-03T12:16:38.008+0000] {dagbag.py:540} INFO - Filling up the DagBag from /opt/airflow/dags/dag_bronze_ingestion.py
[2026-06-03T12:16:38.290+0000] {processor.py:840} INFO - DAG(s) 'neuralretail_bronze_ingestion' retrieved from /opt/airflow/dags/dag_bronze_ingestion.py
[2026-06-03T12:16:38.321+0000] {logging_mixin.py:188} INFO - [2026-06-03T12:16:38.321+0000] {dag.py:3096} INFO - Sync 1 DAGs
[2026-06-03T12:16:38.360+0000] {logging_mixin.py:188} INFO - [2026-06-03T12:16:38.360+0000] {dag.py:3954} INFO - Setting next_dagrun for neuralretail_bronze_ingestion to 2026-06-02 02:00:00+00:00, run_after=2026-06-03 02:00:00+00:00
[2026-06-03T12:16:38.389+0000] {processor.py:183} INFO - Processing /opt/airflow/dags/dag_bronze_ingestion.py took 0.394 seconds
[2026-06-03T12:17:09.073+0000] {processor.py:161} INFO - Started process (PID=5189) to work on /opt/airflow/dags/dag_bronze_ingestion.py
[2026-06-03T12:17:09.078+0000] {processor.py:830} INFO - Processing file /opt/airflow/dags/dag_bronze_ingestion.py for tasks to queue
[2026-06-03T12:17:09.088+0000] {logging_mixin.py:188} INFO - [2026-06-03T12:17:09.086+0000] {dagbag.py:540} INFO - Filling up the DagBag from /opt/airflow/dags/dag_bronze_ingestion.py
[2026-06-03T12:17:09.204+0000] {processor.py:840} INFO - DAG(s) 'neuralretail_bronze_ingestion' retrieved from /opt/airflow/dags/dag_bronze_ingestion.py
[2026-06-03T12:17:09.243+0000] {logging_mixin.py:188} INFO - [2026-06-03T12:17:09.243+0000] {dag.py:3096} INFO - Sync 1 DAGs
[2026-06-03T12:17:09.269+0000] {logging_mixin.py:188} INFO - [2026-06-03T12:17:09.269+0000] {dag.py:3954} INFO - Setting next_dagrun for neuralretail_bronze_ingestion to 2026-06-02 02:00:00+00:00, run_after=2026-06-03 02:00:00+00:00
[2026-06-03T12:17:09.292+0000] {processor.py:183} INFO - Processing /opt/airflow/dags/dag_bronze_ingestion.py took 0.232 seconds
[2026-06-03T12:17:39.682+0000] {processor.py:161} INFO - Started process (PID=5209) to work on /opt/airflow/dags/dag_bronze_ingestion.py
[2026-06-03T12:17:39.684+0000] {processor.py:830} INFO - Processing file /opt/airflow/dags/dag_bronze_ingestion.py for tasks to queue
[2026-06-03T12:17:39.686+0000] {logging_mixin.py:188} INFO - [2026-06-03T12:17:39.686+0000] {dagbag.py:540} INFO - Filling up the DagBag from /opt/airflow/dags/dag_bronze_ingestion.py
[2026-06-03T12:17:39.748+0000] {processor.py:840} INFO - DAG(s) 'neuralretail_bronze_ingestion' retrieved from /opt/airflow/dags/dag_bronze_ingestion.py
[2026-06-03T12:17:39.780+0000] {logging_mixin.py:188} INFO - [2026-06-03T12:17:39.780+0000] {dag.py:3096} INFO - Sync 1 DAGs
[2026-06-03T12:17:39.802+0000] {logging_mixin.py:188} INFO - [2026-06-03T12:17:39.802+0000] {dag.py:3954} INFO - Setting next_dagrun for neuralretail_bronze_ingestion to 2026-06-02 02:00:00+00:00, run_after=2026-06-03 02:00:00+00:00
[2026-06-03T12:17:39.823+0000] {processor.py:183} INFO - Processing /opt/airflow/dags/dag_bronze_ingestion.py took 0.155 seconds
[2026-06-03T12:18:10.078+0000] {processor.py:161} INFO - Started process (PID=5229) to work on /opt/airflow/dags/dag_bronze_ingestion.py
[2026-06-03T12:18:10.080+0000] {processor.py:830} INFO - Processing file /opt/airflow/dags/dag_bronze_ingestion.py for tasks to queue
[2026-06-03T12:18:10.082+0000] {logging_mixin.py:188} INFO - [2026-06-03T12:18:10.082+0000] {dagbag.py:540} INFO - Filling up the DagBag from /opt/airflow/dags/dag_bronze_ingestion.py
[2026-06-03T12:18:10.142+0000] {processor.py:840} INFO - DAG(s) 'neuralretail_bronze_ingestion' retrieved from /opt/airflow/dags/dag_bronze_ingestion.py
[2026-06-03T12:18:10.173+0000] {logging_mixin.py:188} INFO - [2026-06-03T12:18:10.173+0000] {dag.py:3096} INFO - Sync 1 DAGs
[2026-06-03T12:18:10.196+0000] {logging_mixin.py:188} INFO - [2026-06-03T12:18:10.196+0000] {dag.py:3954} INFO - Setting next_dagrun for neuralretail_bronze_ingestion to 2026-06-02 02:00:00+00:00, run_after=2026-06-03 02:00:00+00:00
[2026-06-03T12:18:10.258+0000] {processor.py:183} INFO - Processing /opt/airflow/dags/dag_bronze_ingestion.py took 0.187 seconds
[2026-06-03T12:18:40.691+0000] {processor.py:161} INFO - Started process (PID=5249) to work on /opt/airflow/dags/dag_bronze_ingestion.py
[2026-06-03T12:18:40.694+0000] {processor.py:830} INFO - Processing file /opt/airflow/dags/dag_bronze_ingestion.py for tasks to queue
[2026-06-03T12:18:40.696+0000] {logging_mixin.py:188} INFO - [2026-06-03T12:18:40.696+0000] {dagbag.py:540} INFO - Filling up the DagBag from /opt/airflow/dags/dag_bronze_ingestion.py
[2026-06-03T12:18:40.751+0000] {processor.py:840} INFO - DAG(s) 'neuralretail_bronze_ingestion' retrieved from /opt/airflow/dags/dag_bronze_ingestion.py
[2026-06-03T12:18:40.772+0000] {logging_mixin.py:188} INFO - [2026-06-03T12:18:40.772+0000] {dag.py:3096} INFO - Sync 1 DAGs
[2026-06-03T12:18:40.792+0000] {logging_mixin.py:188} INFO - [2026-06-03T12:18:40.791+0000] {dag.py:3954} INFO - Setting next_dagrun for neuralretail_bronze_ingestion to 2026-06-02 02:00:00+00:00, run_after=2026-06-03 02:00:00+00:00
[2026-06-03T12:18:40.817+0000] {processor.py:183} INFO - Processing /opt/airflow/dags/dag_bronze_ingestion.py took 0.138 seconds
[2026-06-03T12:19:11.057+0000] {processor.py:161} INFO - Started process (PID=5269) to work on /opt/airflow/dags/dag_bronze_ingestion.py
[2026-06-03T12:19:11.058+0000] {processor.py:830} INFO - Processing file /opt/airflow/dags/dag_bronze_ingestion.py for tasks to queue
[2026-06-03T12:19:11.062+0000] {logging_mixin.py:188} INFO - [2026-06-03T12:19:11.062+0000] {dagbag.py:540} INFO - Filling up the DagBag from /opt/airflow/dags/dag_bronze_ingestion.py
[2026-06-03T12:19:11.150+0000] {processor.py:840} INFO - DAG(s) 'neuralretail_bronze_ingestion' retrieved from /opt/airflow/dags/dag_bronze_ingestion.py
[2026-06-03T12:19:11.177+0000] {logging_mixin.py:188} INFO - [2026-06-03T12:19:11.176+0000] {dag.py:3096} INFO - Sync 1 DAGs
[2026-06-03T12:19:11.199+0000] {logging_mixin.py:188} INFO - [2026-06-03T12:19:11.199+0000] {dag.py:3954} INFO - Setting next_dagrun for neuralretail_bronze_ingestion to 2026-06-02 02:00:00+00:00, run_after=2026-06-03 02:00:00+00:00
[2026-06-03T12:19:11.229+0000] {processor.py:183} INFO - Processing /opt/airflow/dags/dag_bronze_ingestion.py took 0.181 seconds
[2026-06-03T12:19:41.537+0000] {processor.py:161} INFO - Started process (PID=5289) to work on /opt/airflow/dags/dag_bronze_ingestion.py
[2026-06-03T12:19:41.543+0000] {processor.py:830} INFO - Processing file /opt/airflow/dags/dag_bronze_ingestion.py for tasks to queue
[2026-06-03T12:19:41.548+0000] {logging_mixin.py:188} INFO - [2026-06-03T12:19:41.547+0000] {dagbag.py:540} INFO - Filling up the DagBag from /opt/airflow/dags/dag_bronze_ingestion.py
[2026-06-03T12:19:41.690+0000] {processor.py:840} INFO - DAG(s) 'neuralretail_bronze_ingestion' retrieved from /opt/airflow/dags/dag_bronze_ingestion.py
[2026-06-03T12:19:41.730+0000] {logging_mixin.py:188} INFO - [2026-06-03T12:19:41.730+0000] {dag.py:3096} INFO - Sync 1 DAGs
[2026-06-03T12:19:41.751+0000] {logging_mixin.py:188} INFO - [2026-06-03T12:19:41.751+0000] {dag.py:3954} INFO - Setting next_dagrun for neuralretail_bronze_ingestion to 2026-06-02 02:00:00+00:00, run_after=2026-06-03 02:00:00+00:00
[2026-06-03T12:19:41.775+0000] {processor.py:183} INFO - Processing /opt/airflow/dags/dag_bronze_ingestion.py took 0.246 seconds
[2026-06-03T12:20:12.383+0000] {processor.py:161} INFO - Started process (PID=5309) to work on /opt/airflow/dags/dag_bronze_ingestion.py
[2026-06-03T12:20:12.384+0000] {processor.py:830} INFO - Processing file /opt/airflow/dags/dag_bronze_ingestion.py for tasks to queue
[2026-06-03T12:20:12.386+0000] {logging_mixin.py:188} INFO - [2026-06-03T12:20:12.386+0000] {dagbag.py:540} INFO - Filling up the DagBag from /opt/airflow/dags/dag_bronze_ingestion.py
[2026-06-03T12:20:12.521+0000] {processor.py:840} INFO - DAG(s) 'neuralretail_bronze_ingestion' retrieved from /opt/airflow/dags/dag_bronze_ingestion.py
[2026-06-03T12:20:12.563+0000] {logging_mixin.py:188} INFO - [2026-06-03T12:20:12.563+0000] {dag.py:3096} INFO - Sync 1 DAGs
[2026-06-03T12:20:12.598+0000] {logging_mixin.py:188} INFO - [2026-06-03T12:20:12.598+0000] {dag.py:3954} INFO - Setting next_dagrun for neuralretail_bronze_ingestion to 2026-06-02 02:00:00+00:00, run_after=2026-06-03 02:00:00+00:00
[2026-06-03T12:20:12.627+0000] {processor.py:183} INFO - Processing /opt/airflow/dags/dag_bronze_ingestion.py took 0.249 seconds
[2026-06-03T12:20:42.948+0000] {processor.py:161} INFO - Started process (PID=5329) to work on /opt/airflow/dags/dag_bronze_ingestion.py
[2026-06-03T12:20:42.962+0000] {processor.py:830} INFO - Processing file /opt/airflow/dags/dag_bronze_ingestion.py for tasks to queue
[2026-06-03T12:20:42.977+0000] {logging_mixin.py:188} INFO - [2026-06-03T12:20:42.977+0000] {dagbag.py:540} INFO - Filling up the DagBag from /opt/airflow/dags/dag_bronze_ingestion.py
[2026-06-03T12:20:43.117+0000] {processor.py:840} INFO - DAG(s) 'neuralretail_bronze_ingestion' retrieved from /opt/airflow/dags/dag_bronze_ingestion.py
[2026-06-03T12:20:43.144+0000] {logging_mixin.py:188} INFO - [2026-06-03T12:20:43.144+0000] {dag.py:3096} INFO - Sync 1 DAGs
[2026-06-03T12:20:43.166+0000] {logging_mixin.py:188} INFO - [2026-06-03T12:20:43.165+0000] {dag.py:3954} INFO - Setting next_dagrun for neuralretail_bronze_ingestion to 2026-06-02 02:00:00+00:00, run_after=2026-06-03 02:00:00+00:00
[2026-06-03T12:20:43.190+0000] {processor.py:183} INFO - Processing /opt/airflow/dags/dag_bronze_ingestion.py took 0.251 seconds
[2026-06-03T12:21:13.697+0000] {processor.py:161} INFO - Started process (PID=5349) to work on /opt/airflow/dags/dag_bronze_ingestion.py
[2026-06-03T12:21:13.700+0000] {processor.py:830} INFO - Processing file /opt/airflow/dags/dag_bronze_ingestion.py for tasks to queue
[2026-06-03T12:21:13.706+0000] {logging_mixin.py:188} INFO - [2026-06-03T12:21:13.704+0000] {dagbag.py:540} INFO - Filling up the DagBag from /opt/airflow/dags/dag_bronze_ingestion.py
[2026-06-03T12:21:13.774+0000] {processor.py:840} INFO - DAG(s) 'neuralretail_bronze_ingestion' retrieved from /opt/airflow/dags/dag_bronze_ingestion.py
[2026-06-03T12:21:13.802+0000] {logging_mixin.py:188} INFO - [2026-06-03T12:21:13.801+0000] {dag.py:3096} INFO - Sync 1 DAGs
[2026-06-03T12:21:13.832+0000] {logging_mixin.py:188} INFO - [2026-06-03T12:21:13.832+0000] {dag.py:3954} INFO - Setting next_dagrun for neuralretail_bronze_ingestion to 2026-06-02 02:00:00+00:00, run_after=2026-06-03 02:00:00+00:00
[2026-06-03T12:21:13.862+0000] {processor.py:183} INFO - Processing /opt/airflow/dags/dag_bronze_ingestion.py took 0.176 seconds
[2026-06-03T12:21:44.189+0000] {processor.py:161} INFO - Started process (PID=5369) to work on /opt/airflow/dags/dag_bronze_ingestion.py
[2026-06-03T12:21:44.191+0000] {processor.py:830} INFO - Processing file /opt/airflow/dags/dag_bronze_ingestion.py for tasks to queue
[2026-06-03T12:21:44.194+0000] {logging_mixin.py:188} INFO - [2026-06-03T12:21:44.194+0000] {dagbag.py:540} INFO - Filling up the DagBag from /opt/airflow/dags/dag_bronze_ingestion.py
[2026-06-03T12:21:44.296+0000] {processor.py:840} INFO - DAG(s) 'neuralretail_bronze_ingestion' retrieved from /opt/airflow/dags/dag_bronze_ingestion.py
[2026-06-03T12:21:44.319+0000] {logging_mixin.py:188} INFO - [2026-06-03T12:21:44.319+0000] {dag.py:3096} INFO - Sync 1 DAGs
[2026-06-03T12:21:44.341+0000] {logging_mixin.py:188} INFO - [2026-06-03T12:21:44.341+0000] {dag.py:3954} INFO - Setting next_dagrun for neuralretail_bronze_ingestion to 2026-06-02 02:00:00+00:00, run_after=2026-06-03 02:00:00+00:00
[2026-06-03T12:21:44.362+0000] {processor.py:183} INFO - Processing /opt/airflow/dags/dag_bronze_ingestion.py took 0.181 seconds
[2026-06-03T12:22:14.780+0000] {processor.py:161} INFO - Started process (PID=5389) to work on /opt/airflow/dags/dag_bronze_ingestion.py
[2026-06-03T12:22:14.784+0000] {processor.py:830} INFO - Processing file /opt/airflow/dags/dag_bronze_ingestion.py for tasks to queue
[2026-06-03T12:22:14.790+0000] {logging_mixin.py:188} INFO - [2026-06-03T12:22:14.789+0000] {dagbag.py:540} INFO - Filling up the DagBag from /opt/airflow/dags/dag_bronze_ingestion.py
[2026-06-03T12:22:14.872+0000] {processor.py:840} INFO - DAG(s) 'neuralretail_bronze_ingestion' retrieved from /opt/airflow/dags/dag_bronze_ingestion.py
[2026-06-03T12:22:14.914+0000] {logging_mixin.py:188} INFO - [2026-06-03T12:22:14.913+0000] {dag.py:3096} INFO - Sync 1 DAGs
[2026-06-03T12:22:14.947+0000] {logging_mixin.py:188} INFO - [2026-06-03T12:22:14.947+0000] {dag.py:3954} INFO - Setting next_dagrun for neuralretail_bronze_ingestion to 2026-06-02 02:00:00+00:00, run_after=2026-06-03 02:00:00+00:00
[2026-06-03T12:22:14.967+0000] {processor.py:183} INFO - Processing /opt/airflow/dags/dag_bronze_ingestion.py took 0.195 seconds
[2026-06-03T12:22:45.280+0000] {processor.py:161} INFO - Started process (PID=5409) to work on /opt/airflow/dags/dag_bronze_ingestion.py
[2026-06-03T12:22:45.284+0000] {processor.py:830} INFO - Processing file /opt/airflow/dags/dag_bronze_ingestion.py for tasks to queue
[2026-06-03T12:22:45.291+0000] {logging_mixin.py:188} INFO - [2026-06-03T12:22:45.290+0000] {dagbag.py:540} INFO - Filling up the DagBag from /opt/airflow/dags/dag_bronze_ingestion.py
[2026-06-03T12:22:45.437+0000] {processor.py:840} INFO - DAG(s) 'neuralretail_bronze_ingestion' retrieved from /opt/airflow/dags/dag_bronze_ingestion.py
[2026-06-03T12:22:45.469+0000] {logging_mixin.py:188} INFO - [2026-06-03T12:22:45.469+0000] {dag.py:3096} INFO - Sync 1 DAGs
[2026-06-03T12:22:45.497+0000] {logging_mixin.py:188} INFO - [2026-06-03T12:22:45.497+0000] {dag.py:3954} INFO - Setting next_dagrun for neuralretail_bronze_ingestion to 2026-06-02 02:00:00+00:00, run_after=2026-06-03 02:00:00+00:00
[2026-06-03T12:22:45.537+0000] {processor.py:183} INFO - Processing /opt/airflow/dags/dag_bronze_ingestion.py took 0.267 seconds
[2026-06-03T12:23:15.942+0000] {processor.py:161} INFO - Started process (PID=5429) to work on /opt/airflow/dags/dag_bronze_ingestion.py
[2026-06-03T12:23:15.949+0000] {processor.py:830} INFO - Processing file /opt/airflow/dags/dag_bronze_ingestion.py for tasks to queue
[2026-06-03T12:23:15.955+0000] {logging_mixin.py:188} INFO - [2026-06-03T12:23:15.954+0000] {dagbag.py:540} INFO - Filling up the DagBag from /opt/airflow/dags/dag_bronze_ingestion.py
[2026-06-03T12:23:16.188+0000] {processor.py:840} INFO - DAG(s) 'neuralretail_bronze_ingestion' retrieved from /opt/airflow/dags/dag_bronze_ingestion.py
[2026-06-03T12:23:16.235+0000] {logging_mixin.py:188} INFO - [2026-06-03T12:23:16.235+0000] {dag.py:3096} INFO - Sync 1 DAGs
[2026-06-03T12:23:16.271+0000] {logging_mixin.py:188} INFO - [2026-06-03T12:23:16.271+0000] {dag.py:3954} INFO - Setting next_dagrun for neuralretail_bronze_ingestion to 2026-06-02 02:00:00+00:00, run_after=2026-06-03 02:00:00+00:00
[2026-06-03T12:23:16.302+0000] {processor.py:183} INFO - Processing /opt/airflow/dags/dag_bronze_ingestion.py took 0.368 seconds
[2026-06-03T12:23:46.874+0000] {processor.py:161} INFO - Started process (PID=5449) to work on /opt/airflow/dags/dag_bronze_ingestion.py
[2026-06-03T12:23:46.882+0000] {processor.py:830} INFO - Processing file /opt/airflow/dags/dag_bronze_ingestion.py for tasks to queue
[2026-06-03T12:23:46.889+0000] {logging_mixin.py:188} INFO - [2026-06-03T12:23:46.889+0000] {dagbag.py:540} INFO - Filling up the DagBag from /opt/airflow/dags/dag_bronze_ingestion.py
[2026-06-03T12:23:46.964+0000] {processor.py:840} INFO - DAG(s) 'neuralretail_bronze_ingestion' retrieved from /opt/airflow/dags/dag_bronze_ingestion.py
[2026-06-03T12:23:46.989+0000] {logging_mixin.py:188} INFO - [2026-06-03T12:23:46.989+0000] {dag.py:3096} INFO - Sync 1 DAGs
[2026-06-03T12:23:47.015+0000] {logging_mixin.py:188} INFO - [2026-06-03T12:23:47.015+0000] {dag.py:3954} INFO - Setting next_dagrun for neuralretail_bronze_ingestion to 2026-06-02 02:00:00+00:00, run_after=2026-06-03 02:00:00+00:00
[2026-06-03T12:23:47.036+0000] {processor.py:183} INFO - Processing /opt/airflow/dags/dag_bronze_ingestion.py took 0.167 seconds
[2026-06-03T12:24:17.255+0000] {processor.py:161} INFO - Started process (PID=5469) to work on /opt/airflow/dags/dag_bronze_ingestion.py
[2026-06-03T12:24:17.258+0000] {processor.py:830} INFO - Processing file /opt/airflow/dags/dag_bronze_ingestion.py for tasks to queue
[2026-06-03T12:24:17.261+0000] {logging_mixin.py:188} INFO - [2026-06-03T12:24:17.261+0000] {dagbag.py:540} INFO - Filling up the DagBag from /opt/airflow/dags/dag_bronze_ingestion.py
[2026-06-03T12:24:17.326+0000] {processor.py:840} INFO - DAG(s) 'neuralretail_bronze_ingestion' retrieved from /opt/airflow/dags/dag_bronze_ingestion.py
[2026-06-03T12:24:17.353+0000] {logging_mixin.py:188} INFO - [2026-06-03T12:24:17.353+0000] {dag.py:3096} INFO - Sync 1 DAGs
[2026-06-03T12:24:17.373+0000] {logging_mixin.py:188} INFO - [2026-06-03T12:24:17.373+0000] {dag.py:3954} INFO - Setting next_dagrun for neuralretail_bronze_ingestion to 2026-06-02 02:00:00+00:00, run_after=2026-06-03 02:00:00+00:00
[2026-06-03T12:24:17.388+0000] {processor.py:183} INFO - Processing /opt/airflow/dags/dag_bronze_ingestion.py took 0.142 seconds
[2026-06-03T12:24:47.753+0000] {processor.py:161} INFO - Started process (PID=5489) to work on /opt/airflow/dags/dag_bronze_ingestion.py
[2026-06-03T12:24:47.754+0000] {processor.py:830} INFO - Processing file /opt/airflow/dags/dag_bronze_ingestion.py for tasks to queue
[2026-06-03T12:24:47.757+0000] {logging_mixin.py:188} INFO - [2026-06-03T12:24:47.757+0000] {dagbag.py:540} INFO - Filling up the DagBag from /opt/airflow/dags/dag_bronze_ingestion.py
[2026-06-03T12:24:47.890+0000] {processor.py:840} INFO - DAG(s) 'neuralretail_bronze_ingestion' retrieved from /opt/airflow/dags/dag_bronze_ingestion.py
[2026-06-03T12:24:47.932+0000] {logging_mixin.py:188} INFO - [2026-06-03T12:24:47.932+0000] {dag.py:3096} INFO - Sync 1 DAGs
[2026-06-03T12:24:47.957+0000] {logging_mixin.py:188} INFO - [2026-06-03T12:24:47.957+0000] {dag.py:3954} INFO - Setting next_dagrun for neuralretail_bronze_ingestion to 2026-06-02 02:00:00+00:00, run_after=2026-06-03 02:00:00+00:00
[2026-06-03T12:24:47.989+0000] {processor.py:183} INFO - Processing /opt/airflow/dags/dag_bronze_ingestion.py took 0.245 seconds
[2026-06-03T12:25:18.234+0000] {processor.py:161} INFO - Started process (PID=5509) to work on /opt/airflow/dags/dag_bronze_ingestion.py
[2026-06-03T12:25:18.235+0000] {processor.py:830} INFO - Processing file /opt/airflow/dags/dag_bronze_ingestion.py for tasks to queue
[2026-06-03T12:25:18.239+0000] {logging_mixin.py:188} INFO - [2026-06-03T12:25:18.238+0000] {dagbag.py:540} INFO - Filling up the DagBag from /opt/airflow/dags/dag_bronze_ingestion.py
[2026-06-03T12:25:18.297+0000] {processor.py:840} INFO - DAG(s) 'neuralretail_bronze_ingestion' retrieved from /opt/airflow/dags/dag_bronze_ingestion.py
[2026-06-03T12:25:18.321+0000] {logging_mixin.py:188} INFO - [2026-06-03T12:25:18.320+0000] {dag.py:3096} INFO - Sync 1 DAGs
[2026-06-03T12:25:18.343+0000] {logging_mixin.py:188} INFO - [2026-06-03T12:25:18.343+0000] {dag.py:3954} INFO - Setting next_dagrun for neuralretail_bronze_ingestion to 2026-06-02 02:00:00+00:00, run_after=2026-06-03 02:00:00+00:00
[2026-06-03T12:25:18.367+0000] {processor.py:183} INFO - Processing /opt/airflow/dags/dag_bronze_ingestion.py took 0.138 seconds
[2026-06-03T12:25:48.865+0000] {processor.py:161} INFO - Started process (PID=5529) to work on /opt/airflow/dags/dag_bronze_ingestion.py
[2026-06-03T12:25:48.869+0000] {processor.py:830} INFO - Processing file /opt/airflow/dags/dag_bronze_ingestion.py for tasks to queue
[2026-06-03T12:25:48.872+0000] {logging_mixin.py:188} INFO - [2026-06-03T12:25:48.872+0000] {dagbag.py:540} INFO - Filling up the DagBag from /opt/airflow/dags/dag_bronze_ingestion.py
[2026-06-03T12:25:48.918+0000] {processor.py:840} INFO - DAG(s) 'neuralretail_bronze_ingestion' retrieved from /opt/airflow/dags/dag_bronze_ingestion.py
[2026-06-03T12:25:48.940+0000] {logging_mixin.py:188} INFO - [2026-06-03T12:25:48.939+0000] {dag.py:3096} INFO - Sync 1 DAGs
[2026-06-03T12:25:48.963+0000] {logging_mixin.py:188} INFO - [2026-06-03T12:25:48.962+0000] {dag.py:3954} INFO - Setting next_dagrun for neuralretail_bronze_ingestion to 2026-06-02 02:00:00+00:00, run_after=2026-06-03 02:00:00+00:00
[2026-06-03T12:25:48.987+0000] {processor.py:183} INFO - Processing /opt/airflow/dags/dag_bronze_ingestion.py took 0.127 seconds
[2026-06-03T12:26:19.389+0000] {processor.py:161} INFO - Started process (PID=5549) to work on /opt/airflow/dags/dag_bronze_ingestion.py
[2026-06-03T12:26:19.391+0000] {processor.py:830} INFO - Processing file /opt/airflow/dags/dag_bronze_ingestion.py for tasks to queue
[2026-06-03T12:26:19.394+0000] {logging_mixin.py:188} INFO - [2026-06-03T12:26:19.394+0000] {dagbag.py:540} INFO - Filling up the DagBag from /opt/airflow/dags/dag_bronze_ingestion.py
[2026-06-03T12:26:19.445+0000] {processor.py:840} INFO - DAG(s) 'neuralretail_bronze_ingestion' retrieved from /opt/airflow/dags/dag_bronze_ingestion.py
[2026-06-03T12:26:19.469+0000] {logging_mixin.py:188} INFO - [2026-06-03T12:26:19.468+0000] {dag.py:3096} INFO - Sync 1 DAGs
[2026-06-03T12:26:19.491+0000] {logging_mixin.py:188} INFO - [2026-06-03T12:26:19.491+0000] {dag.py:3954} INFO - Setting next_dagrun for neuralretail_bronze_ingestion to 2026-06-02 02:00:00+00:00, run_after=2026-06-03 02:00:00+00:00
[2026-06-03T12:26:19.513+0000] {processor.py:183} INFO - Processing /opt/airflow/dags/dag_bronze_ingestion.py took 0.131 seconds
[2026-06-03T12:26:50.179+0000] {processor.py:161} INFO - Started process (PID=5569) to work on /opt/airflow/dags/dag_bronze_ingestion.py
[2026-06-03T12:26:50.181+0000] {processor.py:830} INFO - Processing file /opt/airflow/dags/dag_bronze_ingestion.py for tasks to queue
[2026-06-03T12:26:50.183+0000] {logging_mixin.py:188} INFO - [2026-06-03T12:26:50.183+0000] {dagbag.py:540} INFO - Filling up the DagBag from /opt/airflow/dags/dag_bronze_ingestion.py
[2026-06-03T12:26:50.308+0000] {processor.py:840} INFO - DAG(s) 'neuralretail_bronze_ingestion' retrieved from /opt/airflow/dags/dag_bronze_ingestion.py
[2026-06-03T12:26:50.351+0000] {logging_mixin.py:188} INFO - [2026-06-03T12:26:50.351+0000] {dag.py:3096} INFO - Sync 1 DAGs
[2026-06-03T12:26:50.383+0000] {logging_mixin.py:188} INFO - [2026-06-03T12:26:50.383+0000] {dag.py:3954} INFO - Setting next_dagrun for neuralretail_bronze_ingestion to 2026-06-02 02:00:00+00:00, run_after=2026-06-03 02:00:00+00:00
[2026-06-03T12:26:50.441+0000] {processor.py:183} INFO - Processing /opt/airflow/dags/dag_bronze_ingestion.py took 0.268 seconds
[2026-06-03T12:27:21.168+0000] {processor.py:161} INFO - Started process (PID=5589) to work on /opt/airflow/dags/dag_bronze_ingestion.py
[2026-06-03T12:27:21.174+0000] {processor.py:830} INFO - Processing file /opt/airflow/dags/dag_bronze_ingestion.py for tasks to queue
[2026-06-03T12:27:21.182+0000] {logging_mixin.py:188} INFO - [2026-06-03T12:27:21.182+0000] {dagbag.py:540} INFO - Filling up the DagBag from /opt/airflow/dags/dag_bronze_ingestion.py
[2026-06-03T12:27:21.433+0000] {processor.py:840} INFO - DAG(s) 'neuralretail_bronze_ingestion' retrieved from /opt/airflow/dags/dag_bronze_ingestion.py
[2026-06-03T12:27:21.461+0000] {logging_mixin.py:188} INFO - [2026-06-03T12:27:21.460+0000] {dag.py:3096} INFO - Sync 1 DAGs
[2026-06-03T12:27:21.484+0000] {logging_mixin.py:188} INFO - [2026-06-03T12:27:21.483+0000] {dag.py:3954} INFO - Setting next_dagrun for neuralretail_bronze_ingestion to 2026-06-02 02:00:00+00:00, run_after=2026-06-03 02:00:00+00:00
[2026-06-03T12:27:21.526+0000] {processor.py:183} INFO - Processing /opt/airflow/dags/dag_bronze_ingestion.py took 0.365 seconds
[2026-06-03T12:27:52.040+0000] {processor.py:161} INFO - Started process (PID=5609) to work on /opt/airflow/dags/dag_bronze_ingestion.py
[2026-06-03T12:27:52.044+0000] {processor.py:830} INFO - Processing file /opt/airflow/dags/dag_bronze_ingestion.py for tasks to queue
[2026-06-03T12:27:52.050+0000] {logging_mixin.py:188} INFO - [2026-06-03T12:27:52.049+0000] {dagbag.py:540} INFO - Filling up the DagBag from /opt/airflow/dags/dag_bronze_ingestion.py
[2026-06-03T12:27:52.179+0000] {processor.py:840} INFO - DAG(s) 'neuralretail_bronze_ingestion' retrieved from /opt/airflow/dags/dag_bronze_ingestion.py
[2026-06-03T12:27:52.225+0000] {logging_mixin.py:188} INFO - [2026-06-03T12:27:52.224+0000] {dag.py:3096} INFO - Sync 1 DAGs
[2026-06-03T12:27:52.278+0000] {logging_mixin.py:188} INFO - [2026-06-03T12:27:52.278+0000] {dag.py:3954} INFO - Setting next_dagrun for neuralretail_bronze_ingestion to 2026-06-02 02:00:00+00:00, run_after=2026-06-03 02:00:00+00:00
[2026-06-03T12:27:52.309+0000] {processor.py:183} INFO - Processing /opt/airflow/dags/dag_bronze_ingestion.py took 0.282 seconds
[2026-06-03T12:28:22.501+0000] {processor.py:161} INFO - Started process (PID=5629) to work on /opt/airflow/dags/dag_bronze_ingestion.py
[2026-06-03T12:28:22.505+0000] {processor.py:830} INFO - Processing file /opt/airflow/dags/dag_bronze_ingestion.py for tasks to queue
[2026-06-03T12:28:22.511+0000] {logging_mixin.py:188} INFO - [2026-06-03T12:28:22.510+0000] {dagbag.py:540} INFO - Filling up the DagBag from /opt/airflow/dags/dag_bronze_ingestion.py
[2026-06-03T12:28:22.604+0000] {processor.py:840} INFO - DAG(s) 'neuralretail_bronze_ingestion' retrieved from /opt/airflow/dags/dag_bronze_ingestion.py
[2026-06-03T12:28:22.646+0000] {logging_mixin.py:188} INFO - [2026-06-03T12:28:22.645+0000] {dag.py:3096} INFO - Sync 1 DAGs
[2026-06-03T12:28:22.690+0000] {logging_mixin.py:188} INFO - [2026-06-03T12:28:22.689+0000] {dag.py:3954} INFO - Setting next_dagrun for neuralretail_bronze_ingestion to 2026-06-02 02:00:00+00:00, run_after=2026-06-03 02:00:00+00:00
[2026-06-03T12:28:22.755+0000] {processor.py:183} INFO - Processing /opt/airflow/dags/dag_bronze_ingestion.py took 0.275 seconds
[2026-06-03T12:28:53.649+0000] {processor.py:161} INFO - Started process (PID=5651) to work on /opt/airflow/dags/dag_bronze_ingestion.py
[2026-06-03T12:28:53.652+0000] {processor.py:830} INFO - Processing file /opt/airflow/dags/dag_bronze_ingestion.py for tasks to queue
[2026-06-03T12:28:53.654+0000] {logging_mixin.py:188} INFO - [2026-06-03T12:28:53.654+0000] {dagbag.py:540} INFO - Filling up the DagBag from /opt/airflow/dags/dag_bronze_ingestion.py
[2026-06-03T12:28:53.710+0000] {processor.py:840} INFO - DAG(s) 'neuralretail_bronze_ingestion' retrieved from /opt/airflow/dags/dag_bronze_ingestion.py
[2026-06-03T12:28:53.730+0000] {logging_mixin.py:188} INFO - [2026-06-03T12:28:53.730+0000] {dag.py:3096} INFO - Sync 1 DAGs
[2026-06-03T12:28:53.747+0000] {logging_mixin.py:188} INFO - [2026-06-03T12:28:53.747+0000] {dag.py:3954} INFO - Setting next_dagrun for neuralretail_bronze_ingestion to 2026-06-02 02:00:00+00:00, run_after=2026-06-03 02:00:00+00:00
[2026-06-03T12:28:53.771+0000] {processor.py:183} INFO - Processing /opt/airflow/dags/dag_bronze_ingestion.py took 0.140 seconds
[2026-06-03T12:29:24.287+0000] {processor.py:161} INFO - Started process (PID=5671) to work on /opt/airflow/dags/dag_bronze_ingestion.py
[2026-06-03T12:29:24.290+0000] {processor.py:830} INFO - Processing file /opt/airflow/dags/dag_bronze_ingestion.py for tasks to queue
[2026-06-03T12:29:24.294+0000] {logging_mixin.py:188} INFO - [2026-06-03T12:29:24.293+0000] {dagbag.py:540} INFO - Filling up the DagBag from /opt/airflow/dags/dag_bronze_ingestion.py
[2026-06-03T12:29:24.394+0000] {processor.py:840} INFO - DAG(s) 'neuralretail_bronze_ingestion' retrieved from /opt/airflow/dags/dag_bronze_ingestion.py
[2026-06-03T12:29:24.436+0000] {logging_mixin.py:188} INFO - [2026-06-03T12:29:24.436+0000] {dag.py:3096} INFO - Sync 1 DAGs
[2026-06-03T12:29:24.475+0000] {logging_mixin.py:188} INFO - [2026-06-03T12:29:24.474+0000] {dag.py:3954} INFO - Setting next_dagrun for neuralretail_bronze_ingestion to 2026-06-02 02:00:00+00:00, run_after=2026-06-03 02:00:00+00:00
[2026-06-03T12:29:24.531+0000] {processor.py:183} INFO - Processing /opt/airflow/dags/dag_bronze_ingestion.py took 0.259 seconds
[2026-06-03T12:29:54.773+0000] {processor.py:161} INFO - Started process (PID=5689) to work on /opt/airflow/dags/dag_bronze_ingestion.py
[2026-06-03T12:29:54.781+0000] {processor.py:830} INFO - Processing file /opt/airflow/dags/dag_bronze_ingestion.py for tasks to queue
[2026-06-03T12:29:54.790+0000] {logging_mixin.py:188} INFO - [2026-06-03T12:29:54.789+0000] {dagbag.py:540} INFO - Filling up the DagBag from /opt/airflow/dags/dag_bronze_ingestion.py
[2026-06-03T12:29:54.941+0000] {processor.py:840} INFO - DAG(s) 'neuralretail_bronze_ingestion' retrieved from /opt/airflow/dags/dag_bronze_ingestion.py
[2026-06-03T12:29:54.965+0000] {logging_mixin.py:188} INFO - [2026-06-03T12:29:54.965+0000] {dag.py:3096} INFO - Sync 1 DAGs
[2026-06-03T12:29:54.984+0000] {logging_mixin.py:188} INFO - [2026-06-03T12:29:54.984+0000] {dag.py:3954} INFO - Setting next_dagrun for neuralretail_bronze_ingestion to 2026-06-02 02:00:00+00:00, run_after=2026-06-03 02:00:00+00:00
[2026-06-03T12:29:55.006+0000] {processor.py:183} INFO - Processing /opt/airflow/dags/dag_bronze_ingestion.py took 0.242 seconds
[2026-06-03T12:30:25.271+0000] {processor.py:161} INFO - Started process (PID=5711) to work on /opt/airflow/dags/dag_bronze_ingestion.py
[2026-06-03T12:30:25.273+0000] {processor.py:830} INFO - Processing file /opt/airflow/dags/dag_bronze_ingestion.py for tasks to queue
[2026-06-03T12:30:25.276+0000] {logging_mixin.py:188} INFO - [2026-06-03T12:30:25.275+0000] {dagbag.py:540} INFO - Filling up the DagBag from /opt/airflow/dags/dag_bronze_ingestion.py
[2026-06-03T12:30:25.326+0000] {processor.py:840} INFO - DAG(s) 'neuralretail_bronze_ingestion' retrieved from /opt/airflow/dags/dag_bronze_ingestion.py
[2026-06-03T12:30:25.361+0000] {logging_mixin.py:188} INFO - [2026-06-03T12:30:25.361+0000] {dag.py:3096} INFO - Sync 1 DAGs
[2026-06-03T12:30:25.393+0000] {logging_mixin.py:188} INFO - [2026-06-03T12:30:25.392+0000] {dag.py:3954} INFO - Setting next_dagrun for neuralretail_bronze_ingestion to 2026-06-02 02:00:00+00:00, run_after=2026-06-03 02:00:00+00:00
[2026-06-03T12:30:25.413+0000] {processor.py:183} INFO - Processing /opt/airflow/dags/dag_bronze_ingestion.py took 0.148 seconds
[2026-06-03T12:30:55.600+0000] {processor.py:161} INFO - Started process (PID=5729) to work on /opt/airflow/dags/dag_bronze_ingestion.py
[2026-06-03T12:30:55.604+0000] {processor.py:830} INFO - Processing file /opt/airflow/dags/dag_bronze_ingestion.py for tasks to queue
[2026-06-03T12:30:55.610+0000] {logging_mixin.py:188} INFO - [2026-06-03T12:30:55.609+0000] {dagbag.py:540} INFO - Filling up the DagBag from /opt/airflow/dags/dag_bronze_ingestion.py
[2026-06-03T12:30:55.696+0000] {processor.py:840} INFO - DAG(s) 'neuralretail_bronze_ingestion' retrieved from /opt/airflow/dags/dag_bronze_ingestion.py
[2026-06-03T12:30:55.759+0000] {logging_mixin.py:188} INFO - [2026-06-03T12:30:55.759+0000] {dag.py:3096} INFO - Sync 1 DAGs
[2026-06-03T12:30:55.802+0000] {logging_mixin.py:188} INFO - [2026-06-03T12:30:55.801+0000] {dag.py:3954} INFO - Setting next_dagrun for neuralretail_bronze_ingestion to 2026-06-02 02:00:00+00:00, run_after=2026-06-03 02:00:00+00:00
[2026-06-03T12:30:55.836+0000] {processor.py:183} INFO - Processing /opt/airflow/dags/dag_bronze_ingestion.py took 0.254 seconds
[2026-06-03T12:31:26.295+0000] {processor.py:161} INFO - Started process (PID=5749) to work on /opt/airflow/dags/dag_bronze_ingestion.py
[2026-06-03T12:31:26.296+0000] {processor.py:830} INFO - Processing file /opt/airflow/dags/dag_bronze_ingestion.py for tasks to queue
[2026-06-03T12:31:26.298+0000] {logging_mixin.py:188} INFO - [2026-06-03T12:31:26.297+0000] {dagbag.py:540} INFO - Filling up the DagBag from /opt/airflow/dags/dag_bronze_ingestion.py
[2026-06-03T12:31:26.371+0000] {processor.py:840} INFO - DAG(s) 'neuralretail_bronze_ingestion' retrieved from /opt/airflow/dags/dag_bronze_ingestion.py
[2026-06-03T12:31:26.413+0000] {logging_mixin.py:188} INFO - [2026-06-03T12:31:26.413+0000] {dag.py:3096} INFO - Sync 1 DAGs
[2026-06-03T12:31:26.441+0000] {logging_mixin.py:188} INFO - [2026-06-03T12:31:26.441+0000] {dag.py:3954} INFO - Setting next_dagrun for neuralretail_bronze_ingestion to 2026-06-02 02:00:00+00:00, run_after=2026-06-03 02:00:00+00:00
[2026-06-03T12:31:26.462+0000] {processor.py:183} INFO - Processing /opt/airflow/dags/dag_bronze_ingestion.py took 0.172 seconds
[2026-06-03T12:31:56.760+0000] {processor.py:161} INFO - Started process (PID=5769) to work on /opt/airflow/dags/dag_bronze_ingestion.py
[2026-06-03T12:31:56.761+0000] {processor.py:830} INFO - Processing file /opt/airflow/dags/dag_bronze_ingestion.py for tasks to queue
[2026-06-03T12:31:56.774+0000] {logging_mixin.py:188} INFO - [2026-06-03T12:31:56.773+0000] {dagbag.py:540} INFO - Filling up the DagBag from /opt/airflow/dags/dag_bronze_ingestion.py
[2026-06-03T12:31:56.849+0000] {processor.py:840} INFO - DAG(s) 'neuralretail_bronze_ingestion' retrieved from /opt/airflow/dags/dag_bronze_ingestion.py
[2026-06-03T12:31:56.872+0000] {logging_mixin.py:188} INFO - [2026-06-03T12:31:56.872+0000] {dag.py:3096} INFO - Sync 1 DAGs
[2026-06-03T12:31:56.921+0000] {logging_mixin.py:188} INFO - [2026-06-03T12:31:56.920+0000] {dag.py:3954} INFO - Setting next_dagrun for neuralretail_bronze_ingestion to 2026-06-02 02:00:00+00:00, run_after=2026-06-03 02:00:00+00:00
[2026-06-03T12:31:56.964+0000] {processor.py:183} INFO - Processing /opt/airflow/dags/dag_bronze_ingestion.py took 0.212 seconds
[2026-06-03T12:32:27.284+0000] {processor.py:161} INFO - Started process (PID=5789) to work on /opt/airflow/dags/dag_bronze_ingestion.py
[2026-06-03T12:32:27.286+0000] {processor.py:830} INFO - Processing file /opt/airflow/dags/dag_bronze_ingestion.py for tasks to queue
[2026-06-03T12:32:27.291+0000] {logging_mixin.py:188} INFO - [2026-06-03T12:32:27.290+0000] {dagbag.py:540} INFO - Filling up the DagBag from /opt/airflow/dags/dag_bronze_ingestion.py
[2026-06-03T12:32:27.462+0000] {processor.py:840} INFO - DAG(s) 'neuralretail_bronze_ingestion' retrieved from /opt/airflow/dags/dag_bronze_ingestion.py
[2026-06-03T12:32:27.491+0000] {logging_mixin.py:188} INFO - [2026-06-03T12:32:27.491+0000] {dag.py:3096} INFO - Sync 1 DAGs
[2026-06-03T12:32:27.522+0000] {logging_mixin.py:188} INFO - [2026-06-03T12:32:27.522+0000] {dag.py:3954} INFO - Setting next_dagrun for neuralretail_bronze_ingestion to 2026-06-02 02:00:00+00:00, run_after=2026-06-03 02:00:00+00:00
[2026-06-03T12:32:27.547+0000] {processor.py:183} INFO - Processing /opt/airflow/dags/dag_bronze_ingestion.py took 0.271 seconds
[2026-06-03T12:32:58.092+0000] {processor.py:161} INFO - Started process (PID=5809) to work on /opt/airflow/dags/dag_bronze_ingestion.py
[2026-06-03T12:32:58.096+0000] {processor.py:830} INFO - Processing file /opt/airflow/dags/dag_bronze_ingestion.py for tasks to queue
[2026-06-03T12:32:58.103+0000] {logging_mixin.py:188} INFO - [2026-06-03T12:32:58.102+0000] {dagbag.py:540} INFO - Filling up the DagBag from /opt/airflow/dags/dag_bronze_ingestion.py
[2026-06-03T12:32:58.239+0000] {processor.py:840} INFO - DAG(s) 'neuralretail_bronze_ingestion' retrieved from /opt/airflow/dags/dag_bronze_ingestion.py
[2026-06-03T12:32:58.292+0000] {logging_mixin.py:188} INFO - [2026-06-03T12:32:58.292+0000] {dag.py:3096} INFO - Sync 1 DAGs
[2026-06-03T12:32:58.344+0000] {logging_mixin.py:188} INFO - [2026-06-03T12:32:58.343+0000] {dag.py:3954} INFO - Setting next_dagrun for neuralretail_bronze_ingestion to 2026-06-02 02:00:00+00:00, run_after=2026-06-03 02:00:00+00:00
[2026-06-03T12:32:58.396+0000] {processor.py:183} INFO - Processing /opt/airflow/dags/dag_bronze_ingestion.py took 0.313 seconds
[2026-06-03T12:33:28.984+0000] {processor.py:161} INFO - Started process (PID=5829) to work on /opt/airflow/dags/dag_bronze_ingestion.py
[2026-06-03T12:33:28.987+0000] {processor.py:830} INFO - Processing file /opt/airflow/dags/dag_bronze_ingestion.py for tasks to queue
[2026-06-03T12:33:28.989+0000] {logging_mixin.py:188} INFO - [2026-06-03T12:33:28.989+0000] {dagbag.py:540} INFO - Filling up the DagBag from /opt/airflow/dags/dag_bronze_ingestion.py
[2026-06-03T12:33:29.048+0000] {processor.py:840} INFO - DAG(s) 'neuralretail_bronze_ingestion' retrieved from /opt/airflow/dags/dag_bronze_ingestion.py
[2026-06-03T12:33:29.072+0000] {logging_mixin.py:188} INFO - [2026-06-03T12:33:29.072+0000] {dag.py:3096} INFO - Sync 1 DAGs
[2026-06-03T12:33:29.091+0000] {logging_mixin.py:188} INFO - [2026-06-03T12:33:29.091+0000] {dag.py:3954} INFO - Setting next_dagrun for neuralretail_bronze_ingestion to 2026-06-02 02:00:00+00:00, run_after=2026-06-03 02:00:00+00:00
[2026-06-03T12:33:29.110+0000] {processor.py:183} INFO - Processing /opt/airflow/dags/dag_bronze_ingestion.py took 0.137 seconds
[2026-06-03T12:33:59.262+0000] {processor.py:161} INFO - Started process (PID=5849) to work on /opt/airflow/dags/dag_bronze_ingestion.py
[2026-06-03T12:33:59.264+0000] {processor.py:830} INFO - Processing file /opt/airflow/dags/dag_bronze_ingestion.py for tasks to queue
[2026-06-03T12:33:59.265+0000] {logging_mixin.py:188} INFO - [2026-06-03T12:33:59.265+0000] {dagbag.py:540} INFO - Filling up the DagBag from /opt/airflow/dags/dag_bronze_ingestion.py
[2026-06-03T12:33:59.332+0000] {processor.py:840} INFO - DAG(s) 'neuralretail_bronze_ingestion' retrieved from /opt/airflow/dags/dag_bronze_ingestion.py
[2026-06-03T12:33:59.366+0000] {logging_mixin.py:188} INFO - [2026-06-03T12:33:59.365+0000] {dag.py:3096} INFO - Sync 1 DAGs
[2026-06-03T12:33:59.390+0000] {logging_mixin.py:188} INFO - [2026-06-03T12:33:59.390+0000] {dag.py:3954} INFO - Setting next_dagrun for neuralretail_bronze_ingestion to 2026-06-02 02:00:00+00:00, run_after=2026-06-03 02:00:00+00:00
[2026-06-03T12:33:59.421+0000] {processor.py:183} INFO - Processing /opt/airflow/dags/dag_bronze_ingestion.py took 0.166 seconds
[2026-06-03T12:34:29.690+0000] {processor.py:161} INFO - Started process (PID=5869) to work on /opt/airflow/dags/dag_bronze_ingestion.py
[2026-06-03T12:34:29.692+0000] {processor.py:830} INFO - Processing file /opt/airflow/dags/dag_bronze_ingestion.py for tasks to queue
[2026-06-03T12:34:29.694+0000] {logging_mixin.py:188} INFO - [2026-06-03T12:34:29.694+0000] {dagbag.py:540} INFO - Filling up the DagBag from /opt/airflow/dags/dag_bronze_ingestion.py
[2026-06-03T12:34:29.759+0000] {processor.py:840} INFO - DAG(s) 'neuralretail_bronze_ingestion' retrieved from /opt/airflow/dags/dag_bronze_ingestion.py
[2026-06-03T12:34:29.802+0000] {logging_mixin.py:188} INFO - [2026-06-03T12:34:29.802+0000] {dag.py:3096} INFO - Sync 1 DAGs
[2026-06-03T12:34:29.831+0000] {logging_mixin.py:188} INFO - [2026-06-03T12:34:29.831+0000] {dag.py:3954} INFO - Setting next_dagrun for neuralretail_bronze_ingestion to 2026-06-02 02:00:00+00:00, run_after=2026-06-03 02:00:00+00:00
[2026-06-03T12:34:29.857+0000] {processor.py:183} INFO - Processing /opt/airflow/dags/dag_bronze_ingestion.py took 0.174 seconds
[2026-06-03T12:35:00.558+0000] {processor.py:161} INFO - Started process (PID=5889) to work on /opt/airflow/dags/dag_bronze_ingestion.py
[2026-06-03T12:35:00.564+0000] {processor.py:830} INFO - Processing file /opt/airflow/dags/dag_bronze_ingestion.py for tasks to queue
[2026-06-03T12:35:00.572+0000] {logging_mixin.py:188} INFO - [2026-06-03T12:35:00.572+0000] {dagbag.py:540} INFO - Filling up the DagBag from /opt/airflow/dags/dag_bronze_ingestion.py
[2026-06-03T12:35:00.689+0000] {processor.py:840} INFO - DAG(s) 'neuralretail_bronze_ingestion' retrieved from /opt/airflow/dags/dag_bronze_ingestion.py
[2026-06-03T12:35:00.721+0000] {logging_mixin.py:188} INFO - [2026-06-03T12:35:00.721+0000] {dag.py:3096} INFO - Sync 1 DAGs
[2026-06-03T12:35:00.746+0000] {logging_mixin.py:188} INFO - [2026-06-03T12:35:00.746+0000] {dag.py:3954} INFO - Setting next_dagrun for neuralretail_bronze_ingestion to 2026-06-02 02:00:00+00:00, run_after=2026-06-03 02:00:00+00:00
[2026-06-03T12:35:00.777+0000] {processor.py:183} INFO - Processing /opt/airflow/dags/dag_bronze_ingestion.py took 0.229 seconds
[2026-06-03T12:35:31.138+0000] {processor.py:161} INFO - Started process (PID=5909) to work on /opt/airflow/dags/dag_bronze_ingestion.py
[2026-06-03T12:35:31.140+0000] {processor.py:830} INFO - Processing file /opt/airflow/dags/dag_bronze_ingestion.py for tasks to queue
[2026-06-03T12:35:31.143+0000] {logging_mixin.py:188} INFO - [2026-06-03T12:35:31.142+0000] {dagbag.py:540} INFO - Filling up the DagBag from /opt/airflow/dags/dag_bronze_ingestion.py
[2026-06-03T12:35:31.189+0000] {processor.py:840} INFO - DAG(s) 'neuralretail_bronze_ingestion' retrieved from /opt/airflow/dags/dag_bronze_ingestion.py
[2026-06-03T12:35:31.213+0000] {logging_mixin.py:188} INFO - [2026-06-03T12:35:31.213+0000] {dag.py:3096} INFO - Sync 1 DAGs
[2026-06-03T12:35:31.232+0000] {logging_mixin.py:188} INFO - [2026-06-03T12:35:31.232+0000] {dag.py:3954} INFO - Setting next_dagrun for neuralretail_bronze_ingestion to 2026-06-02 02:00:00+00:00, run_after=2026-06-03 02:00:00+00:00
[2026-06-03T12:35:31.249+0000] {processor.py:183} INFO - Processing /opt/airflow/dags/dag_bronze_ingestion.py took 0.117 seconds
[2026-06-03T12:36:01.663+0000] {processor.py:161} INFO - Started process (PID=5929) to work on /opt/airflow/dags/dag_bronze_ingestion.py
[2026-06-03T12:36:01.665+0000] {processor.py:830} INFO - Processing file /opt/airflow/dags/dag_bronze_ingestion.py for tasks to queue
[2026-06-03T12:36:01.668+0000] {logging_mixin.py:188} INFO - [2026-06-03T12:36:01.667+0000] {dagbag.py:540} INFO - Filling up the DagBag from /opt/airflow/dags/dag_bronze_ingestion.py
[2026-06-03T12:36:01.896+0000] {processor.py:840} INFO - DAG(s) 'neuralretail_bronze_ingestion' retrieved from /opt/airflow/dags/dag_bronze_ingestion.py
[2026-06-03T12:36:01.933+0000] {logging_mixin.py:188} INFO - [2026-06-03T12:36:01.932+0000] {dag.py:3096} INFO - Sync 1 DAGs
[2026-06-03T12:36:01.977+0000] {logging_mixin.py:188} INFO - [2026-06-03T12:36:01.977+0000] {dag.py:3954} INFO - Setting next_dagrun for neuralretail_bronze_ingestion to 2026-06-02 02:00:00+00:00, run_after=2026-06-03 02:00:00+00:00
[2026-06-03T12:36:02.004+0000] {processor.py:183} INFO - Processing /opt/airflow/dags/dag_bronze_ingestion.py took 0.346 seconds
[2026-06-03T12:36:32.260+0000] {processor.py:161} INFO - Started process (PID=5949) to work on /opt/airflow/dags/dag_bronze_ingestion.py
[2026-06-03T12:36:32.262+0000] {processor.py:830} INFO - Processing file /opt/airflow/dags/dag_bronze_ingestion.py for tasks to queue
[2026-06-03T12:36:32.264+0000] {logging_mixin.py:188} INFO - [2026-06-03T12:36:32.263+0000] {dagbag.py:540} INFO - Filling up the DagBag from /opt/airflow/dags/dag_bronze_ingestion.py
[2026-06-03T12:36:32.343+0000] {processor.py:840} INFO - DAG(s) 'neuralretail_bronze_ingestion' retrieved from /opt/airflow/dags/dag_bronze_ingestion.py
[2026-06-03T12:36:32.367+0000] {logging_mixin.py:188} INFO - [2026-06-03T12:36:32.366+0000] {dag.py:3096} INFO - Sync 1 DAGs
[2026-06-03T12:36:32.401+0000] {logging_mixin.py:188} INFO - [2026-06-03T12:36:32.401+0000] {dag.py:3954} INFO - Setting next_dagrun for neuralretail_bronze_ingestion to 2026-06-02 02:00:00+00:00, run_after=2026-06-03 02:00:00+00:00
[2026-06-03T12:36:32.425+0000] {processor.py:183} INFO - Processing /opt/airflow/dags/dag_bronze_ingestion.py took 0.175 seconds
[2026-06-03T12:37:03.494+0000] {processor.py:161} INFO - Started process (PID=5969) to work on /opt/airflow/dags/dag_bronze_ingestion.py
[2026-06-03T12:37:03.496+0000] {processor.py:830} INFO - Processing file /opt/airflow/dags/dag_bronze_ingestion.py for tasks to queue
[2026-06-03T12:37:03.499+0000] {logging_mixin.py:188} INFO - [2026-06-03T12:37:03.498+0000] {dagbag.py:540} INFO - Filling up the DagBag from /opt/airflow/dags/dag_bronze_ingestion.py
[2026-06-03T12:37:03.553+0000] {processor.py:840} INFO - DAG(s) 'neuralretail_bronze_ingestion' retrieved from /opt/airflow/dags/dag_bronze_ingestion.py
[2026-06-03T12:37:03.581+0000] {logging_mixin.py:188} INFO - [2026-06-03T12:37:03.581+0000] {dag.py:3096} INFO - Sync 1 DAGs
[2026-06-03T12:37:03.605+0000] {logging_mixin.py:188} INFO - [2026-06-03T12:37:03.605+0000] {dag.py:3954} INFO - Setting next_dagrun for neuralretail_bronze_ingestion to 2026-06-02 02:00:00+00:00, run_after=2026-06-03 02:00:00+00:00
[2026-06-03T12:37:03.625+0000] {processor.py:183} INFO - Processing /opt/airflow/dags/dag_bronze_ingestion.py took 0.137 seconds
[2026-06-03T12:37:33.814+0000] {processor.py:161} INFO - Started process (PID=5989) to work on /opt/airflow/dags/dag_bronze_ingestion.py
[2026-06-03T12:37:33.816+0000] {processor.py:830} INFO - Processing file /opt/airflow/dags/dag_bronze_ingestion.py for tasks to queue
[2026-06-03T12:37:33.821+0000] {logging_mixin.py:188} INFO - [2026-06-03T12:37:33.820+0000] {dagbag.py:540} INFO - Filling up the DagBag from /opt/airflow/dags/dag_bronze_ingestion.py
[2026-06-03T12:37:33.939+0000] {processor.py:840} INFO - DAG(s) 'neuralretail_bronze_ingestion' retrieved from /opt/airflow/dags/dag_bronze_ingestion.py
[2026-06-03T12:37:33.962+0000] {logging_mixin.py:188} INFO - [2026-06-03T12:37:33.962+0000] {dag.py:3096} INFO - Sync 1 DAGs
[2026-06-03T12:37:33.989+0000] {logging_mixin.py:188} INFO - [2026-06-03T12:37:33.989+0000] {dag.py:3954} INFO - Setting next_dagrun for neuralretail_bronze_ingestion to 2026-06-02 02:00:00+00:00, run_after=2026-06-03 02:00:00+00:00
[2026-06-03T12:37:34.103+0000] {processor.py:183} INFO - Processing /opt/airflow/dags/dag_bronze_ingestion.py took 0.297 seconds
[2026-06-03T12:38:04.666+0000] {processor.py:161} INFO - Started process (PID=6009) to work on /opt/airflow/dags/dag_bronze_ingestion.py
[2026-06-03T12:38:04.669+0000] {processor.py:830} INFO - Processing file /opt/airflow/dags/dag_bronze_ingestion.py for tasks to queue
[2026-06-03T12:38:04.671+0000] {logging_mixin.py:188} INFO - [2026-06-03T12:38:04.671+0000] {dagbag.py:540} INFO - Filling up the DagBag from /opt/airflow/dags/dag_bronze_ingestion.py
[2026-06-03T12:38:04.776+0000] {processor.py:840} INFO - DAG(s) 'neuralretail_bronze_ingestion' retrieved from /opt/airflow/dags/dag_bronze_ingestion.py
[2026-06-03T12:38:04.797+0000] {logging_mixin.py:188} INFO - [2026-06-03T12:38:04.797+0000] {dag.py:3096} INFO - Sync 1 DAGs
[2026-06-03T12:38:04.814+0000] {logging_mixin.py:188} INFO - [2026-06-03T12:38:04.814+0000] {dag.py:3954} INFO - Setting next_dagrun for neuralretail_bronze_ingestion to 2026-06-02 02:00:00+00:00, run_after=2026-06-03 02:00:00+00:00
[2026-06-03T12:38:04.833+0000] {processor.py:183} INFO - Processing /opt/airflow/dags/dag_bronze_ingestion.py took 0.177 seconds
[2026-06-03T12:38:35.044+0000] {processor.py:161} INFO - Started process (PID=6029) to work on /opt/airflow/dags/dag_bronze_ingestion.py
[2026-06-03T12:38:35.045+0000] {processor.py:830} INFO - Processing file /opt/airflow/dags/dag_bronze_ingestion.py for tasks to queue
[2026-06-03T12:38:35.047+0000] {logging_mixin.py:188} INFO - [2026-06-03T12:38:35.047+0000] {dagbag.py:540} INFO - Filling up the DagBag from /opt/airflow/dags/dag_bronze_ingestion.py
[2026-06-03T12:38:35.088+0000] {processor.py:840} INFO - DAG(s) 'neuralretail_bronze_ingestion' retrieved from /opt/airflow/dags/dag_bronze_ingestion.py
[2026-06-03T12:38:35.111+0000] {logging_mixin.py:188} INFO - [2026-06-03T12:38:35.111+0000] {dag.py:3096} INFO - Sync 1 DAGs
[2026-06-03T12:38:35.148+0000] {logging_mixin.py:188} INFO - [2026-06-03T12:38:35.148+0000] {dag.py:3954} INFO - Setting next_dagrun for neuralretail_bronze_ingestion to 2026-06-02 02:00:00+00:00, run_after=2026-06-03 02:00:00+00:00
[2026-06-03T12:38:35.182+0000] {processor.py:183} INFO - Processing /opt/airflow/dags/dag_bronze_ingestion.py took 0.145 seconds
[2026-06-03T12:39:05.381+0000] {processor.py:161} INFO - Started process (PID=6049) to work on /opt/airflow/dags/dag_bronze_ingestion.py
[2026-06-03T12:39:05.382+0000] {processor.py:830} INFO - Processing file /opt/airflow/dags/dag_bronze_ingestion.py for tasks to queue
[2026-06-03T12:39:05.391+0000] {logging_mixin.py:188} INFO - [2026-06-03T12:39:05.390+0000] {dagbag.py:540} INFO - Filling up the DagBag from /opt/airflow/dags/dag_bronze_ingestion.py
[2026-06-03T12:39:05.470+0000] {processor.py:840} INFO - DAG(s) 'neuralretail_bronze_ingestion' retrieved from /opt/airflow/dags/dag_bronze_ingestion.py
[2026-06-03T12:39:05.493+0000] {logging_mixin.py:188} INFO - [2026-06-03T12:39:05.493+0000] {dag.py:3096} INFO - Sync 1 DAGs
[2026-06-03T12:39:05.523+0000] {logging_mixin.py:188} INFO - [2026-06-03T12:39:05.522+0000] {dag.py:3954} INFO - Setting next_dagrun for neuralretail_bronze_ingestion to 2026-06-02 02:00:00+00:00, run_after=2026-06-03 02:00:00+00:00
[2026-06-03T12:39:05.556+0000] {processor.py:183} INFO - Processing /opt/airflow/dags/dag_bronze_ingestion.py took 0.181 seconds
[2026-06-03T12:39:35.989+0000] {processor.py:161} INFO - Started process (PID=6069) to work on /opt/airflow/dags/dag_bronze_ingestion.py
[2026-06-03T12:39:35.997+0000] {processor.py:830} INFO - Processing file /opt/airflow/dags/dag_bronze_ingestion.py for tasks to queue
[2026-06-03T12:39:36.002+0000] {logging_mixin.py:188} INFO - [2026-06-03T12:39:36.002+0000] {dagbag.py:540} INFO - Filling up the DagBag from /opt/airflow/dags/dag_bronze_ingestion.py
[2026-06-03T12:39:36.279+0000] {processor.py:840} INFO - DAG(s) 'neuralretail_bronze_ingestion' retrieved from /opt/airflow/dags/dag_bronze_ingestion.py
[2026-06-03T12:39:36.315+0000] {logging_mixin.py:188} INFO - [2026-06-03T12:39:36.315+0000] {dag.py:3096} INFO - Sync 1 DAGs
[2026-06-03T12:39:36.338+0000] {logging_mixin.py:188} INFO - [2026-06-03T12:39:36.338+0000] {dag.py:3954} INFO - Setting next_dagrun for neuralretail_bronze_ingestion to 2026-06-02 02:00:00+00:00, run_after=2026-06-03 02:00:00+00:00
[2026-06-03T12:39:36.367+0000] {processor.py:183} INFO - Processing /opt/airflow/dags/dag_bronze_ingestion.py took 0.396 seconds
[2026-06-03T12:40:07.074+0000] {processor.py:161} INFO - Started process (PID=6089) to work on /opt/airflow/dags/dag_bronze_ingestion.py
[2026-06-03T12:40:07.081+0000] {processor.py:830} INFO - Processing file /opt/airflow/dags/dag_bronze_ingestion.py for tasks to queue
[2026-06-03T12:40:07.088+0000] {logging_mixin.py:188} INFO - [2026-06-03T12:40:07.087+0000] {dagbag.py:540} INFO - Filling up the DagBag from /opt/airflow/dags/dag_bronze_ingestion.py
[2026-06-03T12:40:07.168+0000] {processor.py:840} INFO - DAG(s) 'neuralretail_bronze_ingestion' retrieved from /opt/airflow/dags/dag_bronze_ingestion.py
[2026-06-03T12:40:07.202+0000] {logging_mixin.py:188} INFO - [2026-06-03T12:40:07.202+0000] {dag.py:3096} INFO - Sync 1 DAGs
[2026-06-03T12:40:07.232+0000] {logging_mixin.py:188} INFO - [2026-06-03T12:40:07.232+0000] {dag.py:3954} INFO - Setting next_dagrun for neuralretail_bronze_ingestion to 2026-06-02 02:00:00+00:00, run_after=2026-06-03 02:00:00+00:00
[2026-06-03T12:40:07.283+0000] {processor.py:183} INFO - Processing /opt/airflow/dags/dag_bronze_ingestion.py took 0.225 seconds
[2026-06-03T12:40:37.452+0000] {processor.py:161} INFO - Started process (PID=6106) to work on /opt/airflow/dags/dag_bronze_ingestion.py
[2026-06-03T12:40:37.454+0000] {processor.py:830} INFO - Processing file /opt/airflow/dags/dag_bronze_ingestion.py for tasks to queue
[2026-06-03T12:40:37.457+0000] {logging_mixin.py:188} INFO - [2026-06-03T12:40:37.456+0000] {dagbag.py:540} INFO - Filling up the DagBag from /opt/airflow/dags/dag_bronze_ingestion.py
[2026-06-03T12:40:37.537+0000] {processor.py:840} INFO - DAG(s) 'neuralretail_bronze_ingestion' retrieved from /opt/airflow/dags/dag_bronze_ingestion.py
[2026-06-03T12:40:37.560+0000] {logging_mixin.py:188} INFO - [2026-06-03T12:40:37.560+0000] {dag.py:3096} INFO - Sync 1 DAGs
[2026-06-03T12:40:37.590+0000] {logging_mixin.py:188} INFO - [2026-06-03T12:40:37.590+0000] {dag.py:3954} INFO - Setting next_dagrun for neuralretail_bronze_ingestion to 2026-06-02 02:00:00+00:00, run_after=2026-06-03 02:00:00+00:00
[2026-06-03T12:40:37.644+0000] {processor.py:183} INFO - Processing /opt/airflow/dags/dag_bronze_ingestion.py took 0.205 seconds
[2026-06-03T12:41:08.280+0000] {processor.py:161} INFO - Started process (PID=6129) to work on /opt/airflow/dags/dag_bronze_ingestion.py
[2026-06-03T12:41:08.282+0000] {processor.py:830} INFO - Processing file /opt/airflow/dags/dag_bronze_ingestion.py for tasks to queue
[2026-06-03T12:41:08.285+0000] {logging_mixin.py:188} INFO - [2026-06-03T12:41:08.284+0000] {dagbag.py:540} INFO - Filling up the DagBag from /opt/airflow/dags/dag_bronze_ingestion.py
[2026-06-03T12:41:08.336+0000] {processor.py:840} INFO - DAG(s) 'neuralretail_bronze_ingestion' retrieved from /opt/airflow/dags/dag_bronze_ingestion.py
[2026-06-03T12:41:08.362+0000] {logging_mixin.py:188} INFO - [2026-06-03T12:41:08.362+0000] {dag.py:3096} INFO - Sync 1 DAGs
[2026-06-03T12:41:08.390+0000] {logging_mixin.py:188} INFO - [2026-06-03T12:41:08.390+0000] {dag.py:3954} INFO - Setting next_dagrun for neuralretail_bronze_ingestion to 2026-06-02 02:00:00+00:00, run_after=2026-06-03 02:00:00+00:00
[2026-06-03T12:41:08.410+0000] {processor.py:183} INFO - Processing /opt/airflow/dags/dag_bronze_ingestion.py took 0.135 seconds
[2026-06-03T12:41:38.627+0000] {processor.py:161} INFO - Started process (PID=6149) to work on /opt/airflow/dags/dag_bronze_ingestion.py
[2026-06-03T12:41:38.628+0000] {processor.py:830} INFO - Processing file /opt/airflow/dags/dag_bronze_ingestion.py for tasks to queue
[2026-06-03T12:41:38.630+0000] {logging_mixin.py:188} INFO - [2026-06-03T12:41:38.630+0000] {dagbag.py:540} INFO - Filling up the DagBag from /opt/airflow/dags/dag_bronze_ingestion.py
[2026-06-03T12:41:38.709+0000] {processor.py:840} INFO - DAG(s) 'neuralretail_bronze_ingestion' retrieved from /opt/airflow/dags/dag_bronze_ingestion.py
[2026-06-03T12:41:38.747+0000] {logging_mixin.py:188} INFO - [2026-06-03T12:41:38.747+0000] {dag.py:3096} INFO - Sync 1 DAGs
[2026-06-03T12:41:38.781+0000] {logging_mixin.py:188} INFO - [2026-06-03T12:41:38.781+0000] {dag.py:3954} INFO - Setting next_dagrun for neuralretail_bronze_ingestion to 2026-06-02 02:00:00+00:00, run_after=2026-06-03 02:00:00+00:00
[2026-06-03T12:41:38.813+0000] {processor.py:183} INFO - Processing /opt/airflow/dags/dag_bronze_ingestion.py took 0.195 seconds
[2026-06-03T12:42:09.281+0000] {processor.py:161} INFO - Started process (PID=6169) to work on /opt/airflow/dags/dag_bronze_ingestion.py
[2026-06-03T12:42:09.285+0000] {processor.py:830} INFO - Processing file /opt/airflow/dags/dag_bronze_ingestion.py for tasks to queue
[2026-06-03T12:42:09.290+0000] {logging_mixin.py:188} INFO - [2026-06-03T12:42:09.289+0000] {dagbag.py:540} INFO - Filling up the DagBag from /opt/airflow/dags/dag_bronze_ingestion.py
[2026-06-03T12:42:09.477+0000] {processor.py:840} INFO - DAG(s) 'neuralretail_bronze_ingestion' retrieved from /opt/airflow/dags/dag_bronze_ingestion.py
[2026-06-03T12:42:09.524+0000] {logging_mixin.py:188} INFO - [2026-06-03T12:42:09.523+0000] {dag.py:3096} INFO - Sync 1 DAGs
[2026-06-03T12:42:09.545+0000] {logging_mixin.py:188} INFO - [2026-06-03T12:42:09.545+0000] {dag.py:3954} INFO - Setting next_dagrun for neuralretail_bronze_ingestion to 2026-06-02 02:00:00+00:00, run_after=2026-06-03 02:00:00+00:00
[2026-06-03T12:42:09.567+0000] {processor.py:183} INFO - Processing /opt/airflow/dags/dag_bronze_ingestion.py took 0.293 seconds
[2026-06-03T12:42:40.094+0000] {processor.py:161} INFO - Started process (PID=6189) to work on /opt/airflow/dags/dag_bronze_ingestion.py
[2026-06-03T12:42:40.100+0000] {processor.py:830} INFO - Processing file /opt/airflow/dags/dag_bronze_ingestion.py for tasks to queue
[2026-06-03T12:42:40.105+0000] {logging_mixin.py:188} INFO - [2026-06-03T12:42:40.104+0000] {dagbag.py:540} INFO - Filling up the DagBag from /opt/airflow/dags/dag_bronze_ingestion.py
[2026-06-03T12:42:40.173+0000] {processor.py:840} INFO - DAG(s) 'neuralretail_bronze_ingestion' retrieved from /opt/airflow/dags/dag_bronze_ingestion.py
[2026-06-03T12:42:40.199+0000] {logging_mixin.py:188} INFO - [2026-06-03T12:42:40.198+0000] {dag.py:3096} INFO - Sync 1 DAGs
[2026-06-03T12:42:40.245+0000] {logging_mixin.py:188} INFO - [2026-06-03T12:42:40.245+0000] {dag.py:3954} INFO - Setting next_dagrun for neuralretail_bronze_ingestion to 2026-06-02 02:00:00+00:00, run_after=2026-06-03 02:00:00+00:00
[2026-06-03T12:42:40.273+0000] {processor.py:183} INFO - Processing /opt/airflow/dags/dag_bronze_ingestion.py took 0.191 seconds
[2026-06-03T12:43:10.645+0000] {processor.py:161} INFO - Started process (PID=6209) to work on /opt/airflow/dags/dag_bronze_ingestion.py
[2026-06-03T12:43:10.646+0000] {processor.py:830} INFO - Processing file /opt/airflow/dags/dag_bronze_ingestion.py for tasks to queue
[2026-06-03T12:43:10.650+0000] {logging_mixin.py:188} INFO - [2026-06-03T12:43:10.649+0000] {dagbag.py:540} INFO - Filling up the DagBag from /opt/airflow/dags/dag_bronze_ingestion.py
[2026-06-03T12:43:10.703+0000] {processor.py:840} INFO - DAG(s) 'neuralretail_bronze_ingestion' retrieved from /opt/airflow/dags/dag_bronze_ingestion.py
[2026-06-03T12:43:10.732+0000] {logging_mixin.py:188} INFO - [2026-06-03T12:43:10.731+0000] {dag.py:3096} INFO - Sync 1 DAGs
[2026-06-03T12:43:10.753+0000] {logging_mixin.py:188} INFO - [2026-06-03T12:43:10.752+0000] {dag.py:3954} INFO - Setting next_dagrun for neuralretail_bronze_ingestion to 2026-06-02 02:00:00+00:00, run_after=2026-06-03 02:00:00+00:00
[2026-06-03T12:43:10.775+0000] {processor.py:183} INFO - Processing /opt/airflow/dags/dag_bronze_ingestion.py took 0.139 seconds
[2026-06-03T12:43:40.942+0000] {processor.py:161} INFO - Started process (PID=6229) to work on /opt/airflow/dags/dag_bronze_ingestion.py
[2026-06-03T12:43:40.944+0000] {processor.py:830} INFO - Processing file /opt/airflow/dags/dag_bronze_ingestion.py for tasks to queue
[2026-06-03T12:43:40.946+0000] {logging_mixin.py:188} INFO - [2026-06-03T12:43:40.946+0000] {dagbag.py:540} INFO - Filling up the DagBag from /opt/airflow/dags/dag_bronze_ingestion.py
[2026-06-03T12:43:40.991+0000] {processor.py:840} INFO - DAG(s) 'neuralretail_bronze_ingestion' retrieved from /opt/airflow/dags/dag_bronze_ingestion.py
[2026-06-03T12:43:41.026+0000] {logging_mixin.py:188} INFO - [2026-06-03T12:43:41.026+0000] {dag.py:3096} INFO - Sync 1 DAGs
[2026-06-03T12:43:41.055+0000] {logging_mixin.py:188} INFO - [2026-06-03T12:43:41.055+0000] {dag.py:3954} INFO - Setting next_dagrun for neuralretail_bronze_ingestion to 2026-06-02 02:00:00+00:00, run_after=2026-06-03 02:00:00+00:00
[2026-06-03T12:43:41.081+0000] {processor.py:183} INFO - Processing /opt/airflow/dags/dag_bronze_ingestion.py took 0.144 seconds
[2026-06-03T12:44:11.377+0000] {processor.py:161} INFO - Started process (PID=6249) to work on /opt/airflow/dags/dag_bronze_ingestion.py
[2026-06-03T12:44:11.385+0000] {processor.py:830} INFO - Processing file /opt/airflow/dags/dag_bronze_ingestion.py for tasks to queue
[2026-06-03T12:44:11.390+0000] {logging_mixin.py:188} INFO - [2026-06-03T12:44:11.389+0000] {dagbag.py:540} INFO - Filling up the DagBag from /opt/airflow/dags/dag_bronze_ingestion.py
[2026-06-03T12:44:11.494+0000] {processor.py:840} INFO - DAG(s) 'neuralretail_bronze_ingestion' retrieved from /opt/airflow/dags/dag_bronze_ingestion.py
[2026-06-03T12:44:11.547+0000] {logging_mixin.py:188} INFO - [2026-06-03T12:44:11.547+0000] {dag.py:3096} INFO - Sync 1 DAGs
[2026-06-03T12:44:11.584+0000] {logging_mixin.py:188} INFO - [2026-06-03T12:44:11.584+0000] {dag.py:3954} INFO - Setting next_dagrun for neuralretail_bronze_ingestion to 2026-06-02 02:00:00+00:00, run_after=2026-06-03 02:00:00+00:00
[2026-06-03T12:44:11.628+0000] {processor.py:183} INFO - Processing /opt/airflow/dags/dag_bronze_ingestion.py took 0.262 seconds
[2026-06-03T12:44:41.884+0000] {processor.py:161} INFO - Started process (PID=6269) to work on /opt/airflow/dags/dag_bronze_ingestion.py
[2026-06-03T12:44:41.886+0000] {processor.py:830} INFO - Processing file /opt/airflow/dags/dag_bronze_ingestion.py for tasks to queue
[2026-06-03T12:44:41.888+0000] {logging_mixin.py:188} INFO - [2026-06-03T12:44:41.888+0000] {dagbag.py:540} INFO - Filling up the DagBag from /opt/airflow/dags/dag_bronze_ingestion.py
[2026-06-03T12:44:41.942+0000] {processor.py:840} INFO - DAG(s) 'neuralretail_bronze_ingestion' retrieved from /opt/airflow/dags/dag_bronze_ingestion.py
[2026-06-03T12:44:41.961+0000] {logging_mixin.py:188} INFO - [2026-06-03T12:44:41.961+0000] {dag.py:3096} INFO - Sync 1 DAGs
[2026-06-03T12:44:41.988+0000] {logging_mixin.py:188} INFO - [2026-06-03T12:44:41.988+0000] {dag.py:3954} INFO - Setting next_dagrun for neuralretail_bronze_ingestion to 2026-06-02 02:00:00+00:00, run_after=2026-06-03 02:00:00+00:00
[2026-06-03T12:44:42.010+0000] {processor.py:183} INFO - Processing /opt/airflow/dags/dag_bronze_ingestion.py took 0.136 seconds
[2026-06-03T12:45:12.403+0000] {processor.py:161} INFO - Started process (PID=6289) to work on /opt/airflow/dags/dag_bronze_ingestion.py
[2026-06-03T12:45:12.404+0000] {processor.py:830} INFO - Processing file /opt/airflow/dags/dag_bronze_ingestion.py for tasks to queue
[2026-06-03T12:45:12.407+0000] {logging_mixin.py:188} INFO - [2026-06-03T12:45:12.407+0000] {dagbag.py:540} INFO - Filling up the DagBag from /opt/airflow/dags/dag_bronze_ingestion.py
[2026-06-03T12:45:12.461+0000] {processor.py:840} INFO - DAG(s) 'neuralretail_bronze_ingestion' retrieved from /opt/airflow/dags/dag_bronze_ingestion.py
[2026-06-03T12:45:12.490+0000] {logging_mixin.py:188} INFO - [2026-06-03T12:45:12.490+0000] {dag.py:3096} INFO - Sync 1 DAGs
[2026-06-03T12:45:12.516+0000] {logging_mixin.py:188} INFO - [2026-06-03T12:45:12.516+0000] {dag.py:3954} INFO - Setting next_dagrun for neuralretail_bronze_ingestion to 2026-06-02 02:00:00+00:00, run_after=2026-06-03 02:00:00+00:00
[2026-06-03T12:45:12.536+0000] {processor.py:183} INFO - Processing /opt/airflow/dags/dag_bronze_ingestion.py took 0.138 seconds
[2026-06-03T12:45:43.009+0000] {processor.py:161} INFO - Started process (PID=6309) to work on /opt/airflow/dags/dag_bronze_ingestion.py
[2026-06-03T12:45:43.014+0000] {processor.py:830} INFO - Processing file /opt/airflow/dags/dag_bronze_ingestion.py for tasks to queue
[2026-06-03T12:45:43.018+0000] {logging_mixin.py:188} INFO - [2026-06-03T12:45:43.017+0000] {dagbag.py:540} INFO - Filling up the DagBag from /opt/airflow/dags/dag_bronze_ingestion.py
[2026-06-03T12:45:43.067+0000] {processor.py:840} INFO - DAG(s) 'neuralretail_bronze_ingestion' retrieved from /opt/airflow/dags/dag_bronze_ingestion.py
[2026-06-03T12:45:43.087+0000] {logging_mixin.py:188} INFO - [2026-06-03T12:45:43.087+0000] {dag.py:3096} INFO - Sync 1 DAGs
[2026-06-03T12:45:43.109+0000] {logging_mixin.py:188} INFO - [2026-06-03T12:45:43.109+0000] {dag.py:3954} INFO - Setting next_dagrun for neuralretail_bronze_ingestion to 2026-06-02 02:00:00+00:00, run_after=2026-06-03 02:00:00+00:00
[2026-06-03T12:45:43.141+0000] {processor.py:183} INFO - Processing /opt/airflow/dags/dag_bronze_ingestion.py took 0.139 seconds
[2026-06-03T12:46:13.832+0000] {processor.py:161} INFO - Started process (PID=6329) to work on /opt/airflow/dags/dag_bronze_ingestion.py
[2026-06-03T12:46:13.834+0000] {processor.py:830} INFO - Processing file /opt/airflow/dags/dag_bronze_ingestion.py for tasks to queue
[2026-06-03T12:46:13.835+0000] {logging_mixin.py:188} INFO - [2026-06-03T12:46:13.835+0000] {dagbag.py:540} INFO - Filling up the DagBag from /opt/airflow/dags/dag_bronze_ingestion.py
[2026-06-03T12:46:13.880+0000] {processor.py:840} INFO - DAG(s) 'neuralretail_bronze_ingestion' retrieved from /opt/airflow/dags/dag_bronze_ingestion.py
[2026-06-03T12:46:13.907+0000] {logging_mixin.py:188} INFO - [2026-06-03T12:46:13.907+0000] {dag.py:3096} INFO - Sync 1 DAGs
[2026-06-03T12:46:13.933+0000] {logging_mixin.py:188} INFO - [2026-06-03T12:46:13.933+0000] {dag.py:3954} INFO - Setting next_dagrun for neuralretail_bronze_ingestion to 2026-06-02 02:00:00+00:00, run_after=2026-06-03 02:00:00+00:00
[2026-06-03T12:46:13.956+0000] {processor.py:183} INFO - Processing /opt/airflow/dags/dag_bronze_ingestion.py took 0.130 seconds
[2026-06-03T12:46:44.530+0000] {processor.py:161} INFO - Started process (PID=6349) to work on /opt/airflow/dags/dag_bronze_ingestion.py
[2026-06-03T12:46:44.534+0000] {processor.py:830} INFO - Processing file /opt/airflow/dags/dag_bronze_ingestion.py for tasks to queue
[2026-06-03T12:46:44.539+0000] {logging_mixin.py:188} INFO - [2026-06-03T12:46:44.537+0000] {dagbag.py:540} INFO - Filling up the DagBag from /opt/airflow/dags/dag_bronze_ingestion.py
[2026-06-03T12:46:44.691+0000] {processor.py:840} INFO - DAG(s) 'neuralretail_bronze_ingestion' retrieved from /opt/airflow/dags/dag_bronze_ingestion.py
[2026-06-03T12:46:44.712+0000] {logging_mixin.py:188} INFO - [2026-06-03T12:46:44.712+0000] {dag.py:3096} INFO - Sync 1 DAGs
[2026-06-03T12:46:44.736+0000] {logging_mixin.py:188} INFO - [2026-06-03T12:46:44.736+0000] {dag.py:3954} INFO - Setting next_dagrun for neuralretail_bronze_ingestion to 2026-06-02 02:00:00+00:00, run_after=2026-06-03 02:00:00+00:00
[2026-06-03T12:46:44.764+0000] {processor.py:183} INFO - Processing /opt/airflow/dags/dag_bronze_ingestion.py took 0.248 seconds
[2026-06-03T12:47:15.629+0000] {processor.py:161} INFO - Started process (PID=6371) to work on /opt/airflow/dags/dag_bronze_ingestion.py
[2026-06-03T12:47:15.632+0000] {processor.py:830} INFO - Processing file /opt/airflow/dags/dag_bronze_ingestion.py for tasks to queue
[2026-06-03T12:47:15.635+0000] {logging_mixin.py:188} INFO - [2026-06-03T12:47:15.635+0000] {dagbag.py:540} INFO - Filling up the DagBag from /opt/airflow/dags/dag_bronze_ingestion.py
[2026-06-03T12:47:15.690+0000] {processor.py:840} INFO - DAG(s) 'neuralretail_bronze_ingestion' retrieved from /opt/airflow/dags/dag_bronze_ingestion.py
[2026-06-03T12:47:15.711+0000] {logging_mixin.py:188} INFO - [2026-06-03T12:47:15.711+0000] {dag.py:3096} INFO - Sync 1 DAGs
[2026-06-03T12:47:15.734+0000] {logging_mixin.py:188} INFO - [2026-06-03T12:47:15.733+0000] {dag.py:3954} INFO - Setting next_dagrun for neuralretail_bronze_ingestion to 2026-06-02 02:00:00+00:00, run_after=2026-06-03 02:00:00+00:00
[2026-06-03T12:47:15.792+0000] {processor.py:183} INFO - Processing /opt/airflow/dags/dag_bronze_ingestion.py took 0.169 seconds
[2026-06-03T12:47:46.043+0000] {processor.py:161} INFO - Started process (PID=6391) to work on /opt/airflow/dags/dag_bronze_ingestion.py
[2026-06-03T12:47:46.048+0000] {processor.py:830} INFO - Processing file /opt/airflow/dags/dag_bronze_ingestion.py for tasks to queue
[2026-06-03T12:47:46.053+0000] {logging_mixin.py:188} INFO - [2026-06-03T12:47:46.052+0000] {dagbag.py:540} INFO - Filling up the DagBag from /opt/airflow/dags/dag_bronze_ingestion.py
[2026-06-03T12:47:46.119+0000] {processor.py:840} INFO - DAG(s) 'neuralretail_bronze_ingestion' retrieved from /opt/airflow/dags/dag_bronze_ingestion.py
[2026-06-03T12:47:46.162+0000] {logging_mixin.py:188} INFO - [2026-06-03T12:47:46.161+0000] {dag.py:3096} INFO - Sync 1 DAGs
[2026-06-03T12:47:46.205+0000] {logging_mixin.py:188} INFO - [2026-06-03T12:47:46.204+0000] {dag.py:3954} INFO - Setting next_dagrun for neuralretail_bronze_ingestion to 2026-06-02 02:00:00+00:00, run_after=2026-06-03 02:00:00+00:00
[2026-06-03T12:47:46.254+0000] {processor.py:183} INFO - Processing /opt/airflow/dags/dag_bronze_ingestion.py took 0.225 seconds
[2026-06-03T12:48:16.509+0000] {processor.py:161} INFO - Started process (PID=6411) to work on /opt/airflow/dags/dag_bronze_ingestion.py
[2026-06-03T12:48:16.512+0000] {processor.py:830} INFO - Processing file /opt/airflow/dags/dag_bronze_ingestion.py for tasks to queue
[2026-06-03T12:48:16.515+0000] {logging_mixin.py:188} INFO - [2026-06-03T12:48:16.514+0000] {dagbag.py:540} INFO - Filling up the DagBag from /opt/airflow/dags/dag_bronze_ingestion.py
[2026-06-03T12:48:16.587+0000] {processor.py:840} INFO - DAG(s) 'neuralretail_bronze_ingestion' retrieved from /opt/airflow/dags/dag_bronze_ingestion.py
[2026-06-03T12:48:16.617+0000] {logging_mixin.py:188} INFO - [2026-06-03T12:48:16.616+0000] {dag.py:3096} INFO - Sync 1 DAGs
[2026-06-03T12:48:16.652+0000] {logging_mixin.py:188} INFO - [2026-06-03T12:48:16.652+0000] {dag.py:3954} INFO - Setting next_dagrun for neuralretail_bronze_ingestion to 2026-06-02 02:00:00+00:00, run_after=2026-06-03 02:00:00+00:00
[2026-06-03T12:48:16.687+0000] {processor.py:183} INFO - Processing /opt/airflow/dags/dag_bronze_ingestion.py took 0.188 seconds
[2026-06-03T12:48:47.553+0000] {processor.py:161} INFO - Started process (PID=6431) to work on /opt/airflow/dags/dag_bronze_ingestion.py
[2026-06-03T12:48:47.557+0000] {processor.py:830} INFO - Processing file /opt/airflow/dags/dag_bronze_ingestion.py for tasks to queue
[2026-06-03T12:48:47.561+0000] {logging_mixin.py:188} INFO - [2026-06-03T12:48:47.561+0000] {dagbag.py:540} INFO - Filling up the DagBag from /opt/airflow/dags/dag_bronze_ingestion.py
[2026-06-03T12:48:47.641+0000] {processor.py:840} INFO - DAG(s) 'neuralretail_bronze_ingestion' retrieved from /opt/airflow/dags/dag_bronze_ingestion.py
[2026-06-03T12:48:47.671+0000] {logging_mixin.py:188} INFO - [2026-06-03T12:48:47.671+0000] {dag.py:3096} INFO - Sync 1 DAGs
[2026-06-03T12:48:47.698+0000] {logging_mixin.py:188} INFO - [2026-06-03T12:48:47.698+0000] {dag.py:3954} INFO - Setting next_dagrun for neuralretail_bronze_ingestion to 2026-06-02 02:00:00+00:00, run_after=2026-06-03 02:00:00+00:00
[2026-06-03T12:48:47.739+0000] {processor.py:183} INFO - Processing /opt/airflow/dags/dag_bronze_ingestion.py took 0.196 seconds
[2026-06-03T12:49:18.606+0000] {processor.py:161} INFO - Started process (PID=6451) to work on /opt/airflow/dags/dag_bronze_ingestion.py
[2026-06-03T12:49:18.609+0000] {processor.py:830} INFO - Processing file /opt/airflow/dags/dag_bronze_ingestion.py for tasks to queue
[2026-06-03T12:49:18.613+0000] {logging_mixin.py:188} INFO - [2026-06-03T12:49:18.613+0000] {dagbag.py:540} INFO - Filling up the DagBag from /opt/airflow/dags/dag_bronze_ingestion.py
[2026-06-03T12:49:18.721+0000] {processor.py:840} INFO - DAG(s) 'neuralretail_bronze_ingestion' retrieved from /opt/airflow/dags/dag_bronze_ingestion.py
[2026-06-03T12:49:18.748+0000] {logging_mixin.py:188} INFO - [2026-06-03T12:49:18.748+0000] {dag.py:3096} INFO - Sync 1 DAGs
[2026-06-03T12:49:18.773+0000] {logging_mixin.py:188} INFO - [2026-06-03T12:49:18.772+0000] {dag.py:3954} INFO - Setting next_dagrun for neuralretail_bronze_ingestion to 2026-06-02 02:00:00+00:00, run_after=2026-06-03 02:00:00+00:00
[2026-06-03T12:49:18.793+0000] {processor.py:183} INFO - Processing /opt/airflow/dags/dag_bronze_ingestion.py took 0.195 seconds
[2026-06-03T12:49:49.090+0000] {processor.py:161} INFO - Started process (PID=6471) to work on /opt/airflow/dags/dag_bronze_ingestion.py
[2026-06-03T12:49:49.096+0000] {processor.py:830} INFO - Processing file /opt/airflow/dags/dag_bronze_ingestion.py for tasks to queue
[2026-06-03T12:49:49.099+0000] {logging_mixin.py:188} INFO - [2026-06-03T12:49:49.099+0000] {dagbag.py:540} INFO - Filling up the DagBag from /opt/airflow/dags/dag_bronze_ingestion.py
[2026-06-03T12:49:49.163+0000] {processor.py:840} INFO - DAG(s) 'neuralretail_bronze_ingestion' retrieved from /opt/airflow/dags/dag_bronze_ingestion.py
[2026-06-03T12:49:49.215+0000] {logging_mixin.py:188} INFO - [2026-06-03T12:49:49.215+0000] {dag.py:3096} INFO - Sync 1 DAGs
[2026-06-03T12:49:49.261+0000] {logging_mixin.py:188} INFO - [2026-06-03T12:49:49.260+0000] {dag.py:3954} INFO - Setting next_dagrun for neuralretail_bronze_ingestion to 2026-06-02 02:00:00+00:00, run_after=2026-06-03 02:00:00+00:00
[2026-06-03T12:49:49.305+0000] {processor.py:183} INFO - Processing /opt/airflow/dags/dag_bronze_ingestion.py took 0.224 seconds
[2026-06-03T12:50:19.522+0000] {processor.py:161} INFO - Started process (PID=6491) to work on /opt/airflow/dags/dag_bronze_ingestion.py
[2026-06-03T12:50:19.524+0000] {processor.py:830} INFO - Processing file /opt/airflow/dags/dag_bronze_ingestion.py for tasks to queue
[2026-06-03T12:50:19.526+0000] {logging_mixin.py:188} INFO - [2026-06-03T12:50:19.525+0000] {dagbag.py:540} INFO - Filling up the DagBag from /opt/airflow/dags/dag_bronze_ingestion.py
[2026-06-03T12:50:19.629+0000] {processor.py:840} INFO - DAG(s) 'neuralretail_bronze_ingestion' retrieved from /opt/airflow/dags/dag_bronze_ingestion.py
[2026-06-03T12:50:19.649+0000] {logging_mixin.py:188} INFO - [2026-06-03T12:50:19.649+0000] {dag.py:3096} INFO - Sync 1 DAGs
[2026-06-03T12:50:19.664+0000] {logging_mixin.py:188} INFO - [2026-06-03T12:50:19.664+0000] {dag.py:3954} INFO - Setting next_dagrun for neuralretail_bronze_ingestion to 2026-06-02 02:00:00+00:00, run_after=2026-06-03 02:00:00+00:00
[2026-06-03T12:50:19.681+0000] {processor.py:183} INFO - Processing /opt/airflow/dags/dag_bronze_ingestion.py took 0.167 seconds
[2026-06-03T12:50:50.050+0000] {processor.py:161} INFO - Started process (PID=6511) to work on /opt/airflow/dags/dag_bronze_ingestion.py
[2026-06-03T12:50:50.051+0000] {processor.py:830} INFO - Processing file /opt/airflow/dags/dag_bronze_ingestion.py for tasks to queue
[2026-06-03T12:50:50.053+0000] {logging_mixin.py:188} INFO - [2026-06-03T12:50:50.053+0000] {dagbag.py:540} INFO - Filling up the DagBag from /opt/airflow/dags/dag_bronze_ingestion.py
[2026-06-03T12:50:50.092+0000] {processor.py:840} INFO - DAG(s) 'neuralretail_bronze_ingestion' retrieved from /opt/airflow/dags/dag_bronze_ingestion.py
[2026-06-03T12:50:50.122+0000] {logging_mixin.py:188} INFO - [2026-06-03T12:50:50.122+0000] {dag.py:3096} INFO - Sync 1 DAGs
[2026-06-03T12:50:50.140+0000] {logging_mixin.py:188} INFO - [2026-06-03T12:50:50.140+0000] {dag.py:3954} INFO - Setting next_dagrun for neuralretail_bronze_ingestion to 2026-06-02 02:00:00+00:00, run_after=2026-06-03 02:00:00+00:00
[2026-06-03T12:50:50.157+0000] {processor.py:183} INFO - Processing /opt/airflow/dags/dag_bronze_ingestion.py took 0.114 seconds
[2026-06-03T12:51:20.481+0000] {processor.py:161} INFO - Started process (PID=6531) to work on /opt/airflow/dags/dag_bronze_ingestion.py
[2026-06-03T12:51:20.483+0000] {processor.py:830} INFO - Processing file /opt/airflow/dags/dag_bronze_ingestion.py for tasks to queue
[2026-06-03T12:51:20.486+0000] {logging_mixin.py:188} INFO - [2026-06-03T12:51:20.485+0000] {dagbag.py:540} INFO - Filling up the DagBag from /opt/airflow/dags/dag_bronze_ingestion.py
[2026-06-03T12:51:20.539+0000] {processor.py:840} INFO - DAG(s) 'neuralretail_bronze_ingestion' retrieved from /opt/airflow/dags/dag_bronze_ingestion.py
[2026-06-03T12:51:20.585+0000] {logging_mixin.py:188} INFO - [2026-06-03T12:51:20.584+0000] {dag.py:3096} INFO - Sync 1 DAGs
[2026-06-03T12:51:20.614+0000] {logging_mixin.py:188} INFO - [2026-06-03T12:51:20.613+0000] {dag.py:3954} INFO - Setting next_dagrun for neuralretail_bronze_ingestion to 2026-06-02 02:00:00+00:00, run_after=2026-06-03 02:00:00+00:00
[2026-06-03T12:51:20.655+0000] {processor.py:183} INFO - Processing /opt/airflow/dags/dag_bronze_ingestion.py took 0.181 seconds
[2026-06-03T12:51:51.247+0000] {processor.py:161} INFO - Started process (PID=6551) to work on /opt/airflow/dags/dag_bronze_ingestion.py
[2026-06-03T12:51:51.255+0000] {processor.py:830} INFO - Processing file /opt/airflow/dags/dag_bronze_ingestion.py for tasks to queue
[2026-06-03T12:51:51.260+0000] {logging_mixin.py:188} INFO - [2026-06-03T12:51:51.259+0000] {dagbag.py:540} INFO - Filling up the DagBag from /opt/airflow/dags/dag_bronze_ingestion.py
[2026-06-03T12:51:51.359+0000] {processor.py:840} INFO - DAG(s) 'neuralretail_bronze_ingestion' retrieved from /opt/airflow/dags/dag_bronze_ingestion.py
[2026-06-03T12:51:51.406+0000] {logging_mixin.py:188} INFO - [2026-06-03T12:51:51.406+0000] {dag.py:3096} INFO - Sync 1 DAGs
[2026-06-03T12:51:51.432+0000] {logging_mixin.py:188} INFO - [2026-06-03T12:51:51.432+0000] {dag.py:3954} INFO - Setting next_dagrun for neuralretail_bronze_ingestion to 2026-06-02 02:00:00+00:00, run_after=2026-06-03 02:00:00+00:00
[2026-06-03T12:51:51.470+0000] {processor.py:183} INFO - Processing /opt/airflow/dags/dag_bronze_ingestion.py took 0.238 seconds
[2026-06-03T12:52:21.916+0000] {processor.py:161} INFO - Started process (PID=6571) to work on /opt/airflow/dags/dag_bronze_ingestion.py
[2026-06-03T12:52:21.923+0000] {processor.py:830} INFO - Processing file /opt/airflow/dags/dag_bronze_ingestion.py for tasks to queue
[2026-06-03T12:52:21.929+0000] {logging_mixin.py:188} INFO - [2026-06-03T12:52:21.929+0000] {dagbag.py:540} INFO - Filling up the DagBag from /opt/airflow/dags/dag_bronze_ingestion.py
[2026-06-03T12:52:21.992+0000] {processor.py:840} INFO - DAG(s) 'neuralretail_bronze_ingestion' retrieved from /opt/airflow/dags/dag_bronze_ingestion.py
[2026-06-03T12:52:22.015+0000] {logging_mixin.py:188} INFO - [2026-06-03T12:52:22.015+0000] {dag.py:3096} INFO - Sync 1 DAGs
[2026-06-03T12:52:22.054+0000] {logging_mixin.py:188} INFO - [2026-06-03T12:52:22.053+0000] {dag.py:3954} INFO - Setting next_dagrun for neuralretail_bronze_ingestion to 2026-06-02 02:00:00+00:00, run_after=2026-06-03 02:00:00+00:00
[2026-06-03T12:52:22.099+0000] {processor.py:183} INFO - Processing /opt/airflow/dags/dag_bronze_ingestion.py took 0.194 seconds
[2026-06-03T12:52:52.663+0000] {processor.py:161} INFO - Started process (PID=6591) to work on /opt/airflow/dags/dag_bronze_ingestion.py
[2026-06-03T12:52:52.674+0000] {processor.py:830} INFO - Processing file /opt/airflow/dags/dag_bronze_ingestion.py for tasks to queue
[2026-06-03T12:52:52.685+0000] {logging_mixin.py:188} INFO - [2026-06-03T12:52:52.684+0000] {dagbag.py:540} INFO - Filling up the DagBag from /opt/airflow/dags/dag_bronze_ingestion.py
[2026-06-03T12:52:52.796+0000] {processor.py:840} INFO - DAG(s) 'neuralretail_bronze_ingestion' retrieved from /opt/airflow/dags/dag_bronze_ingestion.py
[2026-06-03T12:52:52.839+0000] {logging_mixin.py:188} INFO - [2026-06-03T12:52:52.838+0000] {dag.py:3096} INFO - Sync 1 DAGs
[2026-06-03T12:52:52.870+0000] {logging_mixin.py:188} INFO - [2026-06-03T12:52:52.869+0000] {dag.py:3954} INFO - Setting next_dagrun for neuralretail_bronze_ingestion to 2026-06-02 02:00:00+00:00, run_after=2026-06-03 02:00:00+00:00
[2026-06-03T12:52:52.911+0000] {processor.py:183} INFO - Processing /opt/airflow/dags/dag_bronze_ingestion.py took 0.260 seconds
[2026-06-03T12:53:23.736+0000] {processor.py:161} INFO - Started process (PID=6611) to work on /opt/airflow/dags/dag_bronze_ingestion.py
[2026-06-03T12:53:23.739+0000] {processor.py:830} INFO - Processing file /opt/airflow/dags/dag_bronze_ingestion.py for tasks to queue
[2026-06-03T12:53:23.743+0000] {logging_mixin.py:188} INFO - [2026-06-03T12:53:23.742+0000] {dagbag.py:540} INFO - Filling up the DagBag from /opt/airflow/dags/dag_bronze_ingestion.py
[2026-06-03T12:53:23.810+0000] {processor.py:840} INFO - DAG(s) 'neuralretail_bronze_ingestion' retrieved from /opt/airflow/dags/dag_bronze_ingestion.py
[2026-06-03T12:53:23.831+0000] {logging_mixin.py:188} INFO - [2026-06-03T12:53:23.830+0000] {dag.py:3096} INFO - Sync 1 DAGs
[2026-06-03T12:53:23.847+0000] {logging_mixin.py:188} INFO - [2026-06-03T12:53:23.847+0000] {dag.py:3954} INFO - Setting next_dagrun for neuralretail_bronze_ingestion to 2026-06-02 02:00:00+00:00, run_after=2026-06-03 02:00:00+00:00
[2026-06-03T12:53:23.865+0000] {processor.py:183} INFO - Processing /opt/airflow/dags/dag_bronze_ingestion.py took 0.144 seconds
[2026-06-03T12:53:54.738+0000] {processor.py:161} INFO - Started process (PID=6631) to work on /opt/airflow/dags/dag_bronze_ingestion.py
[2026-06-03T12:53:54.743+0000] {processor.py:830} INFO - Processing file /opt/airflow/dags/dag_bronze_ingestion.py for tasks to queue
[2026-06-03T12:53:54.747+0000] {logging_mixin.py:188} INFO - [2026-06-03T12:53:54.746+0000] {dagbag.py:540} INFO - Filling up the DagBag from /opt/airflow/dags/dag_bronze_ingestion.py
[2026-06-03T12:53:54.959+0000] {processor.py:840} INFO - DAG(s) 'neuralretail_bronze_ingestion' retrieved from /opt/airflow/dags/dag_bronze_ingestion.py
[2026-06-03T12:53:55.027+0000] {logging_mixin.py:188} INFO - [2026-06-03T12:53:55.027+0000] {dag.py:3096} INFO - Sync 1 DAGs
[2026-06-03T12:53:55.080+0000] {logging_mixin.py:188} INFO - [2026-06-03T12:53:55.079+0000] {dag.py:3954} INFO - Setting next_dagrun for neuralretail_bronze_ingestion to 2026-06-02 02:00:00+00:00, run_after=2026-06-03 02:00:00+00:00
[2026-06-03T12:53:55.143+0000] {processor.py:183} INFO - Processing /opt/airflow/dags/dag_bronze_ingestion.py took 0.419 seconds
[2026-06-03T12:54:26.018+0000] {processor.py:161} INFO - Started process (PID=6651) to work on /opt/airflow/dags/dag_bronze_ingestion.py
[2026-06-03T12:54:26.019+0000] {processor.py:830} INFO - Processing file /opt/airflow/dags/dag_bronze_ingestion.py for tasks to queue
[2026-06-03T12:54:26.022+0000] {logging_mixin.py:188} INFO - [2026-06-03T12:54:26.022+0000] {dagbag.py:540} INFO - Filling up the DagBag from /opt/airflow/dags/dag_bronze_ingestion.py
[2026-06-03T12:54:26.169+0000] {processor.py:840} INFO - DAG(s) 'neuralretail_bronze_ingestion' retrieved from /opt/airflow/dags/dag_bronze_ingestion.py
[2026-06-03T12:54:26.226+0000] {logging_mixin.py:188} INFO - [2026-06-03T12:54:26.225+0000] {dag.py:3096} INFO - Sync 1 DAGs
[2026-06-03T12:54:26.269+0000] {logging_mixin.py:188} INFO - [2026-06-03T12:54:26.268+0000] {dag.py:3954} INFO - Setting next_dagrun for neuralretail_bronze_ingestion to 2026-06-02 02:00:00+00:00, run_after=2026-06-03 02:00:00+00:00
[2026-06-03T12:54:26.354+0000] {processor.py:183} INFO - Processing /opt/airflow/dags/dag_bronze_ingestion.py took 0.346 seconds
[2026-06-03T12:54:56.919+0000] {processor.py:161} INFO - Started process (PID=6671) to work on /opt/airflow/dags/dag_bronze_ingestion.py
[2026-06-03T12:54:56.927+0000] {processor.py:830} INFO - Processing file /opt/airflow/dags/dag_bronze_ingestion.py for tasks to queue
[2026-06-03T12:54:56.931+0000] {logging_mixin.py:188} INFO - [2026-06-03T12:54:56.930+0000] {dagbag.py:540} INFO - Filling up the DagBag from /opt/airflow/dags/dag_bronze_ingestion.py
[2026-06-03T12:54:57.028+0000] {processor.py:840} INFO - DAG(s) 'neuralretail_bronze_ingestion' retrieved from /opt/airflow/dags/dag_bronze_ingestion.py
[2026-06-03T12:54:57.049+0000] {logging_mixin.py:188} INFO - [2026-06-03T12:54:57.049+0000] {dag.py:3096} INFO - Sync 1 DAGs
[2026-06-03T12:54:57.069+0000] {logging_mixin.py:188} INFO - [2026-06-03T12:54:57.068+0000] {dag.py:3954} INFO - Setting next_dagrun for neuralretail_bronze_ingestion to 2026-06-02 02:00:00+00:00, run_after=2026-06-03 02:00:00+00:00
[2026-06-03T12:54:57.090+0000] {processor.py:183} INFO - Processing /opt/airflow/dags/dag_bronze_ingestion.py took 0.183 seconds
[2026-06-03T12:55:27.330+0000] {processor.py:161} INFO - Started process (PID=6691) to work on /opt/airflow/dags/dag_bronze_ingestion.py
[2026-06-03T12:55:27.332+0000] {processor.py:830} INFO - Processing file /opt/airflow/dags/dag_bronze_ingestion.py for tasks to queue
[2026-06-03T12:55:27.335+0000] {logging_mixin.py:188} INFO - [2026-06-03T12:55:27.334+0000] {dagbag.py:540} INFO - Filling up the DagBag from /opt/airflow/dags/dag_bronze_ingestion.py
[2026-06-03T12:55:27.387+0000] {processor.py:840} INFO - DAG(s) 'neuralretail_bronze_ingestion' retrieved from /opt/airflow/dags/dag_bronze_ingestion.py
[2026-06-03T12:55:27.430+0000] {logging_mixin.py:188} INFO - [2026-06-03T12:55:27.429+0000] {dag.py:3096} INFO - Sync 1 DAGs
[2026-06-03T12:55:27.482+0000] {logging_mixin.py:188} INFO - [2026-06-03T12:55:27.482+0000] {dag.py:3954} INFO - Setting next_dagrun for neuralretail_bronze_ingestion to 2026-06-02 02:00:00+00:00, run_after=2026-06-03 02:00:00+00:00
[2026-06-03T12:55:27.543+0000] {processor.py:183} INFO - Processing /opt/airflow/dags/dag_bronze_ingestion.py took 0.221 seconds
[2026-06-03T12:55:57.957+0000] {processor.py:161} INFO - Started process (PID=6711) to work on /opt/airflow/dags/dag_bronze_ingestion.py
[2026-06-03T12:55:57.962+0000] {processor.py:830} INFO - Processing file /opt/airflow/dags/dag_bronze_ingestion.py for tasks to queue
[2026-06-03T12:55:57.972+0000] {logging_mixin.py:188} INFO - [2026-06-03T12:55:57.971+0000] {dagbag.py:540} INFO - Filling up the DagBag from /opt/airflow/dags/dag_bronze_ingestion.py
[2026-06-03T12:55:58.085+0000] {processor.py:840} INFO - DAG(s) 'neuralretail_bronze_ingestion' retrieved from /opt/airflow/dags/dag_bronze_ingestion.py
[2026-06-03T12:55:58.125+0000] {logging_mixin.py:188} INFO - [2026-06-03T12:55:58.125+0000] {dag.py:3096} INFO - Sync 1 DAGs
[2026-06-03T12:55:58.300+0000] {logging_mixin.py:188} INFO - [2026-06-03T12:55:58.300+0000] {dag.py:3954} INFO - Setting next_dagrun for neuralretail_bronze_ingestion to 2026-06-02 02:00:00+00:00, run_after=2026-06-03 02:00:00+00:00
[2026-06-03T12:55:58.350+0000] {processor.py:183} INFO - Processing /opt/airflow/dags/dag_bronze_ingestion.py took 0.412 seconds
[2026-06-03T12:56:29.823+0000] {processor.py:161} INFO - Started process (PID=6731) to work on /opt/airflow/dags/dag_bronze_ingestion.py
[2026-06-03T12:56:29.824+0000] {processor.py:830} INFO - Processing file /opt/airflow/dags/dag_bronze_ingestion.py for tasks to queue
[2026-06-03T12:56:29.827+0000] {logging_mixin.py:188} INFO - [2026-06-03T12:56:29.827+0000] {dagbag.py:540} INFO - Filling up the DagBag from /opt/airflow/dags/dag_bronze_ingestion.py
[2026-06-03T12:56:29.919+0000] {processor.py:840} INFO - DAG(s) 'neuralretail_bronze_ingestion' retrieved from /opt/airflow/dags/dag_bronze_ingestion.py
[2026-06-03T12:56:29.963+0000] {logging_mixin.py:188} INFO - [2026-06-03T12:56:29.962+0000] {dag.py:3096} INFO - Sync 1 DAGs
[2026-06-03T12:56:30.003+0000] {logging_mixin.py:188} INFO - [2026-06-03T12:56:30.003+0000] {dag.py:3954} INFO - Setting next_dagrun for neuralretail_bronze_ingestion to 2026-06-02 02:00:00+00:00, run_after=2026-06-03 02:00:00+00:00
[2026-06-03T12:56:30.036+0000] {processor.py:183} INFO - Processing /opt/airflow/dags/dag_bronze_ingestion.py took 0.229 seconds
[2026-06-03T12:57:00.820+0000] {processor.py:161} INFO - Started process (PID=6751) to work on /opt/airflow/dags/dag_bronze_ingestion.py
[2026-06-03T12:57:00.824+0000] {processor.py:830} INFO - Processing file /opt/airflow/dags/dag_bronze_ingestion.py for tasks to queue
[2026-06-03T12:57:00.826+0000] {logging_mixin.py:188} INFO - [2026-06-03T12:57:00.825+0000] {dagbag.py:540} INFO - Filling up the DagBag from /opt/airflow/dags/dag_bronze_ingestion.py
[2026-06-03T12:57:00.870+0000] {processor.py:840} INFO - DAG(s) 'neuralretail_bronze_ingestion' retrieved from /opt/airflow/dags/dag_bronze_ingestion.py
[2026-06-03T12:57:00.919+0000] {logging_mixin.py:188} INFO - [2026-06-03T12:57:00.918+0000] {dag.py:3096} INFO - Sync 1 DAGs
[2026-06-03T12:57:00.965+0000] {logging_mixin.py:188} INFO - [2026-06-03T12:57:00.964+0000] {dag.py:3954} INFO - Setting next_dagrun for neuralretail_bronze_ingestion to 2026-06-02 02:00:00+00:00, run_after=2026-06-03 02:00:00+00:00
[2026-06-03T12:57:01.169+0000] {processor.py:183} INFO - Processing /opt/airflow/dags/dag_bronze_ingestion.py took 0.361 seconds
[2026-06-03T12:57:31.744+0000] {processor.py:161} INFO - Started process (PID=6771) to work on /opt/airflow/dags/dag_bronze_ingestion.py
[2026-06-03T12:57:31.748+0000] {processor.py:830} INFO - Processing file /opt/airflow/dags/dag_bronze_ingestion.py for tasks to queue
[2026-06-03T12:57:31.753+0000] {logging_mixin.py:188} INFO - [2026-06-03T12:57:31.752+0000] {dagbag.py:540} INFO - Filling up the DagBag from /opt/airflow/dags/dag_bronze_ingestion.py
[2026-06-03T12:57:31.817+0000] {processor.py:840} INFO - DAG(s) 'neuralretail_bronze_ingestion' retrieved from /opt/airflow/dags/dag_bronze_ingestion.py
[2026-06-03T12:57:31.956+0000] {logging_mixin.py:188} INFO - [2026-06-03T12:57:31.956+0000] {dag.py:3096} INFO - Sync 1 DAGs
[2026-06-03T12:57:31.973+0000] {logging_mixin.py:188} INFO - [2026-06-03T12:57:31.973+0000] {dag.py:3954} INFO - Setting next_dagrun for neuralretail_bronze_ingestion to 2026-06-02 02:00:00+00:00, run_after=2026-06-03 02:00:00+00:00
[2026-06-03T12:57:31.998+0000] {processor.py:183} INFO - Processing /opt/airflow/dags/dag_bronze_ingestion.py took 0.261 seconds
[2026-06-03T12:58:02.728+0000] {processor.py:161} INFO - Started process (PID=6791) to work on /opt/airflow/dags/dag_bronze_ingestion.py
[2026-06-03T12:58:02.739+0000] {processor.py:830} INFO - Processing file /opt/airflow/dags/dag_bronze_ingestion.py for tasks to queue
[2026-06-03T12:58:02.744+0000] {logging_mixin.py:188} INFO - [2026-06-03T12:58:02.743+0000] {dagbag.py:540} INFO - Filling up the DagBag from /opt/airflow/dags/dag_bronze_ingestion.py
[2026-06-03T12:58:02.803+0000] {processor.py:840} INFO - DAG(s) 'neuralretail_bronze_ingestion' retrieved from /opt/airflow/dags/dag_bronze_ingestion.py
[2026-06-03T12:58:02.826+0000] {logging_mixin.py:188} INFO - [2026-06-03T12:58:02.825+0000] {dag.py:3096} INFO - Sync 1 DAGs
[2026-06-03T12:58:02.859+0000] {logging_mixin.py:188} INFO - [2026-06-03T12:58:02.859+0000] {dag.py:3954} INFO - Setting next_dagrun for neuralretail_bronze_ingestion to 2026-06-02 02:00:00+00:00, run_after=2026-06-03 02:00:00+00:00
[2026-06-03T12:58:02.904+0000] {processor.py:183} INFO - Processing /opt/airflow/dags/dag_bronze_ingestion.py took 0.188 seconds
[2026-06-03T12:58:33.607+0000] {processor.py:161} INFO - Started process (PID=6811) to work on /opt/airflow/dags/dag_bronze_ingestion.py
[2026-06-03T12:58:33.609+0000] {processor.py:830} INFO - Processing file /opt/airflow/dags/dag_bronze_ingestion.py for tasks to queue
[2026-06-03T12:58:33.610+0000] {logging_mixin.py:188} INFO - [2026-06-03T12:58:33.610+0000] {dagbag.py:540} INFO - Filling up the DagBag from /opt/airflow/dags/dag_bronze_ingestion.py
[2026-06-03T12:58:33.655+0000] {processor.py:840} INFO - DAG(s) 'neuralretail_bronze_ingestion' retrieved from /opt/airflow/dags/dag_bronze_ingestion.py
[2026-06-03T12:58:33.678+0000] {logging_mixin.py:188} INFO - [2026-06-03T12:58:33.678+0000] {dag.py:3096} INFO - Sync 1 DAGs
[2026-06-03T12:58:33.706+0000] {logging_mixin.py:188} INFO - [2026-06-03T12:58:33.706+0000] {dag.py:3954} INFO - Setting next_dagrun for neuralretail_bronze_ingestion to 2026-06-02 02:00:00+00:00, run_after=2026-06-03 02:00:00+00:00
[2026-06-03T12:58:33.744+0000] {processor.py:183} INFO - Processing /opt/airflow/dags/dag_bronze_ingestion.py took 0.142 seconds
[2026-06-03T12:59:04.221+0000] {processor.py:161} INFO - Started process (PID=6831) to work on /opt/airflow/dags/dag_bronze_ingestion.py
[2026-06-03T12:59:04.223+0000] {processor.py:830} INFO - Processing file /opt/airflow/dags/dag_bronze_ingestion.py for tasks to queue
[2026-06-03T12:59:04.225+0000] {logging_mixin.py:188} INFO - [2026-06-03T12:59:04.225+0000] {dagbag.py:540} INFO - Filling up the DagBag from /opt/airflow/dags/dag_bronze_ingestion.py
[2026-06-03T12:59:04.273+0000] {processor.py:840} INFO - DAG(s) 'neuralretail_bronze_ingestion' retrieved from /opt/airflow/dags/dag_bronze_ingestion.py
[2026-06-03T12:59:04.303+0000] {logging_mixin.py:188} INFO - [2026-06-03T12:59:04.303+0000] {dag.py:3096} INFO - Sync 1 DAGs
[2026-06-03T12:59:04.340+0000] {logging_mixin.py:188} INFO - [2026-06-03T12:59:04.340+0000] {dag.py:3954} INFO - Setting next_dagrun for neuralretail_bronze_ingestion to 2026-06-02 02:00:00+00:00, run_after=2026-06-03 02:00:00+00:00
[2026-06-03T12:59:04.379+0000] {processor.py:183} INFO - Processing /opt/airflow/dags/dag_bronze_ingestion.py took 0.166 seconds
[2026-06-03T12:59:34.702+0000] {processor.py:161} INFO - Started process (PID=6851) to work on /opt/airflow/dags/dag_bronze_ingestion.py
[2026-06-03T12:59:34.705+0000] {processor.py:830} INFO - Processing file /opt/airflow/dags/dag_bronze_ingestion.py for tasks to queue
[2026-06-03T12:59:34.709+0000] {logging_mixin.py:188} INFO - [2026-06-03T12:59:34.708+0000] {dagbag.py:540} INFO - Filling up the DagBag from /opt/airflow/dags/dag_bronze_ingestion.py
[2026-06-03T12:59:34.818+0000] {processor.py:840} INFO - DAG(s) 'neuralretail_bronze_ingestion' retrieved from /opt/airflow/dags/dag_bronze_ingestion.py
[2026-06-03T12:59:34.851+0000] {logging_mixin.py:188} INFO - [2026-06-03T12:59:34.851+0000] {dag.py:3096} INFO - Sync 1 DAGs
[2026-06-03T12:59:34.884+0000] {logging_mixin.py:188} INFO - [2026-06-03T12:59:34.884+0000] {dag.py:3954} INFO - Setting next_dagrun for neuralretail_bronze_ingestion to 2026-06-02 02:00:00+00:00, run_after=2026-06-03 02:00:00+00:00
[2026-06-03T12:59:34.910+0000] {processor.py:183} INFO - Processing /opt/airflow/dags/dag_bronze_ingestion.py took 0.215 seconds
[2026-06-03T13:00:05.514+0000] {processor.py:161} INFO - Started process (PID=6871) to work on /opt/airflow/dags/dag_bronze_ingestion.py
[2026-06-03T13:00:05.523+0000] {processor.py:830} INFO - Processing file /opt/airflow/dags/dag_bronze_ingestion.py for tasks to queue
[2026-06-03T13:00:05.531+0000] {logging_mixin.py:188} INFO - [2026-06-03T13:00:05.530+0000] {dagbag.py:540} INFO - Filling up the DagBag from /opt/airflow/dags/dag_bronze_ingestion.py
[2026-06-03T13:00:05.625+0000] {processor.py:840} INFO - DAG(s) 'neuralretail_bronze_ingestion' retrieved from /opt/airflow/dags/dag_bronze_ingestion.py
[2026-06-03T13:00:05.676+0000] {logging_mixin.py:188} INFO - [2026-06-03T13:00:05.676+0000] {dag.py:3096} INFO - Sync 1 DAGs
[2026-06-03T13:00:05.717+0000] {logging_mixin.py:188} INFO - [2026-06-03T13:00:05.717+0000] {dag.py:3954} INFO - Setting next_dagrun for neuralretail_bronze_ingestion to 2026-06-02 02:00:00+00:00, run_after=2026-06-03 02:00:00+00:00
[2026-06-03T13:00:05.748+0000] {processor.py:183} INFO - Processing /opt/airflow/dags/dag_bronze_ingestion.py took 0.258 seconds
[2026-06-03T13:00:36.368+0000] {processor.py:161} INFO - Started process (PID=6891) to work on /opt/airflow/dags/dag_bronze_ingestion.py
[2026-06-03T13:00:36.374+0000] {processor.py:830} INFO - Processing file /opt/airflow/dags/dag_bronze_ingestion.py for tasks to queue
[2026-06-03T13:00:36.379+0000] {logging_mixin.py:188} INFO - [2026-06-03T13:00:36.378+0000] {dagbag.py:540} INFO - Filling up the DagBag from /opt/airflow/dags/dag_bronze_ingestion.py
[2026-06-03T13:00:36.483+0000] {processor.py:840} INFO - DAG(s) 'neuralretail_bronze_ingestion' retrieved from /opt/airflow/dags/dag_bronze_ingestion.py
[2026-06-03T13:00:36.531+0000] {logging_mixin.py:188} INFO - [2026-06-03T13:00:36.531+0000] {dag.py:3096} INFO - Sync 1 DAGs
[2026-06-03T13:00:36.560+0000] {logging_mixin.py:188} INFO - [2026-06-03T13:00:36.559+0000] {dag.py:3954} INFO - Setting next_dagrun for neuralretail_bronze_ingestion to 2026-06-02 02:00:00+00:00, run_after=2026-06-03 02:00:00+00:00
[2026-06-03T13:00:36.610+0000] {processor.py:183} INFO - Processing /opt/airflow/dags/dag_bronze_ingestion.py took 0.254 seconds
[2026-06-03T13:01:07.916+0000] {processor.py:161} INFO - Started process (PID=6911) to work on /opt/airflow/dags/dag_bronze_ingestion.py
[2026-06-03T13:01:07.964+0000] {processor.py:830} INFO - Processing file /opt/airflow/dags/dag_bronze_ingestion.py for tasks to queue
[2026-06-03T13:01:08.015+0000] {logging_mixin.py:188} INFO - [2026-06-03T13:01:08.014+0000] {dagbag.py:540} INFO - Filling up the DagBag from /opt/airflow/dags/dag_bronze_ingestion.py
[2026-06-03T13:01:08.646+0000] {processor.py:840} INFO - DAG(s) 'neuralretail_bronze_ingestion' retrieved from /opt/airflow/dags/dag_bronze_ingestion.py
[2026-06-03T13:01:08.704+0000] {logging_mixin.py:188} INFO - [2026-06-03T13:01:08.703+0000] {dag.py:3096} INFO - Sync 1 DAGs
[2026-06-03T13:01:08.751+0000] {logging_mixin.py:188} INFO - [2026-06-03T13:01:08.751+0000] {dag.py:3954} INFO - Setting next_dagrun for neuralretail_bronze_ingestion to 2026-06-02 02:00:00+00:00, run_after=2026-06-03 02:00:00+00:00
[2026-06-03T13:01:08.796+0000] {processor.py:183} INFO - Processing /opt/airflow/dags/dag_bronze_ingestion.py took 0.888 seconds
[2026-06-03T13:01:39.975+0000] {processor.py:161} INFO - Started process (PID=6931) to work on /opt/airflow/dags/dag_bronze_ingestion.py
[2026-06-03T13:01:39.982+0000] {processor.py:830} INFO - Processing file /opt/airflow/dags/dag_bronze_ingestion.py for tasks to queue
[2026-06-03T13:01:39.989+0000] {logging_mixin.py:188} INFO - [2026-06-03T13:01:39.989+0000] {dagbag.py:540} INFO - Filling up the DagBag from /opt/airflow/dags/dag_bronze_ingestion.py
[2026-06-03T13:01:40.105+0000] {processor.py:840} INFO - DAG(s) 'neuralretail_bronze_ingestion' retrieved from /opt/airflow/dags/dag_bronze_ingestion.py
[2026-06-03T13:01:40.144+0000] {logging_mixin.py:188} INFO - [2026-06-03T13:01:40.144+0000] {dag.py:3096} INFO - Sync 1 DAGs
[2026-06-03T13:01:40.172+0000] {logging_mixin.py:188} INFO - [2026-06-03T13:01:40.172+0000] {dag.py:3954} INFO - Setting next_dagrun for neuralretail_bronze_ingestion to 2026-06-02 02:00:00+00:00, run_after=2026-06-03 02:00:00+00:00
[2026-06-03T13:01:40.198+0000] {processor.py:183} INFO - Processing /opt/airflow/dags/dag_bronze_ingestion.py took 0.230 seconds
[2026-06-03T13:02:11.131+0000] {processor.py:161} INFO - Started process (PID=6951) to work on /opt/airflow/dags/dag_bronze_ingestion.py
[2026-06-03T13:02:11.140+0000] {processor.py:830} INFO - Processing file /opt/airflow/dags/dag_bronze_ingestion.py for tasks to queue
[2026-06-03T13:02:11.159+0000] {logging_mixin.py:188} INFO - [2026-06-03T13:02:11.158+0000] {dagbag.py:540} INFO - Filling up the DagBag from /opt/airflow/dags/dag_bronze_ingestion.py
[2026-06-03T13:02:11.404+0000] {processor.py:840} INFO - DAG(s) 'neuralretail_bronze_ingestion' retrieved from /opt/airflow/dags/dag_bronze_ingestion.py
[2026-06-03T13:02:11.430+0000] {logging_mixin.py:188} INFO - [2026-06-03T13:02:11.429+0000] {dag.py:3096} INFO - Sync 1 DAGs
[2026-06-03T13:02:11.461+0000] {logging_mixin.py:188} INFO - [2026-06-03T13:02:11.461+0000] {dag.py:3954} INFO - Setting next_dagrun for neuralretail_bronze_ingestion to 2026-06-02 02:00:00+00:00, run_after=2026-06-03 02:00:00+00:00
[2026-06-03T13:02:11.507+0000] {processor.py:183} INFO - Processing /opt/airflow/dags/dag_bronze_ingestion.py took 0.384 seconds
[2026-06-03T13:02:42.162+0000] {processor.py:161} INFO - Started process (PID=6971) to work on /opt/airflow/dags/dag_bronze_ingestion.py
[2026-06-03T13:02:42.165+0000] {processor.py:830} INFO - Processing file /opt/airflow/dags/dag_bronze_ingestion.py for tasks to queue
[2026-06-03T13:02:42.172+0000] {logging_mixin.py:188} INFO - [2026-06-03T13:02:42.171+0000] {dagbag.py:540} INFO - Filling up the DagBag from /opt/airflow/dags/dag_bronze_ingestion.py
[2026-06-03T13:02:42.296+0000] {processor.py:840} INFO - DAG(s) 'neuralretail_bronze_ingestion' retrieved from /opt/airflow/dags/dag_bronze_ingestion.py
[2026-06-03T13:02:42.349+0000] {logging_mixin.py:188} INFO - [2026-06-03T13:02:42.348+0000] {dag.py:3096} INFO - Sync 1 DAGs
[2026-06-03T13:02:42.393+0000] {logging_mixin.py:188} INFO - [2026-06-03T13:02:42.392+0000] {dag.py:3954} INFO - Setting next_dagrun for neuralretail_bronze_ingestion to 2026-06-02 02:00:00+00:00, run_after=2026-06-03 02:00:00+00:00
[2026-06-03T13:02:42.449+0000] {processor.py:183} INFO - Processing /opt/airflow/dags/dag_bronze_ingestion.py took 0.302 seconds
[2026-06-03T13:03:12.817+0000] {processor.py:161} INFO - Started process (PID=6991) to work on /opt/airflow/dags/dag_bronze_ingestion.py
[2026-06-03T13:03:12.819+0000] {processor.py:830} INFO - Processing file /opt/airflow/dags/dag_bronze_ingestion.py for tasks to queue
[2026-06-03T13:03:12.822+0000] {logging_mixin.py:188} INFO - [2026-06-03T13:03:12.822+0000] {dagbag.py:540} INFO - Filling up the DagBag from /opt/airflow/dags/dag_bronze_ingestion.py
[2026-06-03T13:03:12.902+0000] {processor.py:840} INFO - DAG(s) 'neuralretail_bronze_ingestion' retrieved from /opt/airflow/dags/dag_bronze_ingestion.py
[2026-06-03T13:03:12.929+0000] {logging_mixin.py:188} INFO - [2026-06-03T13:03:12.928+0000] {dag.py:3096} INFO - Sync 1 DAGs
[2026-06-03T13:03:12.951+0000] {logging_mixin.py:188} INFO - [2026-06-03T13:03:12.951+0000] {dag.py:3954} INFO - Setting next_dagrun for neuralretail_bronze_ingestion to 2026-06-02 02:00:00+00:00, run_after=2026-06-03 02:00:00+00:00
[2026-06-03T13:03:12.974+0000] {processor.py:183} INFO - Processing /opt/airflow/dags/dag_bronze_ingestion.py took 0.163 seconds
[2026-06-03T13:03:43.392+0000] {processor.py:161} INFO - Started process (PID=7011) to work on /opt/airflow/dags/dag_bronze_ingestion.py
[2026-06-03T13:03:43.398+0000] {processor.py:830} INFO - Processing file /opt/airflow/dags/dag_bronze_ingestion.py for tasks to queue
[2026-06-03T13:03:43.404+0000] {logging_mixin.py:188} INFO - [2026-06-03T13:03:43.404+0000] {dagbag.py:540} INFO - Filling up the DagBag from /opt/airflow/dags/dag_bronze_ingestion.py
[2026-06-03T13:03:43.589+0000] {processor.py:840} INFO - DAG(s) 'neuralretail_bronze_ingestion' retrieved from /opt/airflow/dags/dag_bronze_ingestion.py
[2026-06-03T13:03:43.628+0000] {logging_mixin.py:188} INFO - [2026-06-03T13:03:43.628+0000] {dag.py:3096} INFO - Sync 1 DAGs
[2026-06-03T13:03:43.660+0000] {logging_mixin.py:188} INFO - [2026-06-03T13:03:43.660+0000] {dag.py:3954} INFO - Setting next_dagrun for neuralretail_bronze_ingestion to 2026-06-02 02:00:00+00:00, run_after=2026-06-03 02:00:00+00:00
[2026-06-03T13:03:43.701+0000] {processor.py:183} INFO - Processing /opt/airflow/dags/dag_bronze_ingestion.py took 0.322 seconds
[2026-06-03T13:04:14.095+0000] {processor.py:161} INFO - Started process (PID=7031) to work on /opt/airflow/dags/dag_bronze_ingestion.py
[2026-06-03T13:04:14.110+0000] {processor.py:830} INFO - Processing file /opt/airflow/dags/dag_bronze_ingestion.py for tasks to queue
[2026-06-03T13:04:14.122+0000] {logging_mixin.py:188} INFO - [2026-06-03T13:04:14.120+0000] {dagbag.py:540} INFO - Filling up the DagBag from /opt/airflow/dags/dag_bronze_ingestion.py
[2026-06-03T13:04:14.295+0000] {processor.py:840} INFO - DAG(s) 'neuralretail_bronze_ingestion' retrieved from /opt/airflow/dags/dag_bronze_ingestion.py
[2026-06-03T13:04:14.334+0000] {logging_mixin.py:188} INFO - [2026-06-03T13:04:14.333+0000] {dag.py:3096} INFO - Sync 1 DAGs
[2026-06-03T13:04:14.358+0000] {logging_mixin.py:188} INFO - [2026-06-03T13:04:14.358+0000] {dag.py:3954} INFO - Setting next_dagrun for neuralretail_bronze_ingestion to 2026-06-02 02:00:00+00:00, run_after=2026-06-03 02:00:00+00:00
[2026-06-03T13:04:14.386+0000] {processor.py:183} INFO - Processing /opt/airflow/dags/dag_bronze_ingestion.py took 0.299 seconds
[2026-06-03T13:04:44.801+0000] {processor.py:161} INFO - Started process (PID=7051) to work on /opt/airflow/dags/dag_bronze_ingestion.py
[2026-06-03T13:04:44.810+0000] {processor.py:830} INFO - Processing file /opt/airflow/dags/dag_bronze_ingestion.py for tasks to queue
[2026-06-03T13:04:44.833+0000] {logging_mixin.py:188} INFO - [2026-06-03T13:04:44.832+0000] {dagbag.py:540} INFO - Filling up the DagBag from /opt/airflow/dags/dag_bronze_ingestion.py
[2026-06-03T13:04:45.075+0000] {processor.py:840} INFO - DAG(s) 'neuralretail_bronze_ingestion' retrieved from /opt/airflow/dags/dag_bronze_ingestion.py
[2026-06-03T13:04:45.123+0000] {logging_mixin.py:188} INFO - [2026-06-03T13:04:45.123+0000] {dag.py:3096} INFO - Sync 1 DAGs
[2026-06-03T13:04:45.167+0000] {logging_mixin.py:188} INFO - [2026-06-03T13:04:45.166+0000] {dag.py:3954} INFO - Setting next_dagrun for neuralretail_bronze_ingestion to 2026-06-02 02:00:00+00:00, run_after=2026-06-03 02:00:00+00:00
[2026-06-03T13:04:45.209+0000] {processor.py:183} INFO - Processing /opt/airflow/dags/dag_bronze_ingestion.py took 0.421 seconds
[2026-06-03T13:05:15.979+0000] {processor.py:161} INFO - Started process (PID=7071) to work on /opt/airflow/dags/dag_bronze_ingestion.py
[2026-06-03T13:05:15.983+0000] {processor.py:830} INFO - Processing file /opt/airflow/dags/dag_bronze_ingestion.py for tasks to queue
[2026-06-03T13:05:15.986+0000] {logging_mixin.py:188} INFO - [2026-06-03T13:05:15.986+0000] {dagbag.py:540} INFO - Filling up the DagBag from /opt/airflow/dags/dag_bronze_ingestion.py
[2026-06-03T13:05:16.233+0000] {processor.py:840} INFO - DAG(s) 'neuralretail_bronze_ingestion' retrieved from /opt/airflow/dags/dag_bronze_ingestion.py
[2026-06-03T13:05:16.263+0000] {logging_mixin.py:188} INFO - [2026-06-03T13:05:16.263+0000] {dag.py:3096} INFO - Sync 1 DAGs
[2026-06-03T13:05:16.291+0000] {logging_mixin.py:188} INFO - [2026-06-03T13:05:16.291+0000] {dag.py:3954} INFO - Setting next_dagrun for neuralretail_bronze_ingestion to 2026-06-02 02:00:00+00:00, run_after=2026-06-03 02:00:00+00:00
[2026-06-03T13:05:16.426+0000] {processor.py:183} INFO - Processing /opt/airflow/dags/dag_bronze_ingestion.py took 0.464 seconds
[2026-06-03T13:05:47.180+0000] {processor.py:161} INFO - Started process (PID=7091) to work on /opt/airflow/dags/dag_bronze_ingestion.py
[2026-06-03T13:05:47.193+0000] {processor.py:830} INFO - Processing file /opt/airflow/dags/dag_bronze_ingestion.py for tasks to queue
[2026-06-03T13:05:47.208+0000] {logging_mixin.py:188} INFO - [2026-06-03T13:05:47.208+0000] {dagbag.py:540} INFO - Filling up the DagBag from /opt/airflow/dags/dag_bronze_ingestion.py
[2026-06-03T13:05:47.595+0000] {processor.py:840} INFO - DAG(s) 'neuralretail_bronze_ingestion' retrieved from /opt/airflow/dags/dag_bronze_ingestion.py
[2026-06-03T13:05:47.640+0000] {logging_mixin.py:188} INFO - [2026-06-03T13:05:47.640+0000] {dag.py:3096} INFO - Sync 1 DAGs
[2026-06-03T13:05:47.662+0000] {logging_mixin.py:188} INFO - [2026-06-03T13:05:47.662+0000] {dag.py:3954} INFO - Setting next_dagrun for neuralretail_bronze_ingestion to 2026-06-02 02:00:00+00:00, run_after=2026-06-03 02:00:00+00:00
[2026-06-03T13:05:47.683+0000] {processor.py:183} INFO - Processing /opt/airflow/dags/dag_bronze_ingestion.py took 0.513 seconds
[2026-06-03T13:06:18.619+0000] {processor.py:161} INFO - Started process (PID=7111) to work on /opt/airflow/dags/dag_bronze_ingestion.py
[2026-06-03T13:06:18.622+0000] {processor.py:830} INFO - Processing file /opt/airflow/dags/dag_bronze_ingestion.py for tasks to queue
[2026-06-03T13:06:18.627+0000] {logging_mixin.py:188} INFO - [2026-06-03T13:06:18.627+0000] {dagbag.py:540} INFO - Filling up the DagBag from /opt/airflow/dags/dag_bronze_ingestion.py
[2026-06-03T13:06:18.703+0000] {processor.py:840} INFO - DAG(s) 'neuralretail_bronze_ingestion' retrieved from /opt/airflow/dags/dag_bronze_ingestion.py
[2026-06-03T13:06:18.741+0000] {logging_mixin.py:188} INFO - [2026-06-03T13:06:18.741+0000] {dag.py:3096} INFO - Sync 1 DAGs
[2026-06-03T13:06:18.793+0000] {logging_mixin.py:188} INFO - [2026-06-03T13:06:18.792+0000] {dag.py:3954} INFO - Setting next_dagrun for neuralretail_bronze_ingestion to 2026-06-02 02:00:00+00:00, run_after=2026-06-03 02:00:00+00:00
[2026-06-03T13:06:18.842+0000] {processor.py:183} INFO - Processing /opt/airflow/dags/dag_bronze_ingestion.py took 0.235 seconds
[2026-06-03T13:06:49.102+0000] {processor.py:161} INFO - Started process (PID=7131) to work on /opt/airflow/dags/dag_bronze_ingestion.py
[2026-06-03T13:06:49.108+0000] {processor.py:830} INFO - Processing file /opt/airflow/dags/dag_bronze_ingestion.py for tasks to queue
[2026-06-03T13:06:49.114+0000] {logging_mixin.py:188} INFO - [2026-06-03T13:06:49.114+0000] {dagbag.py:540} INFO - Filling up the DagBag from /opt/airflow/dags/dag_bronze_ingestion.py
[2026-06-03T13:06:49.574+0000] {processor.py:840} INFO - DAG(s) 'neuralretail_bronze_ingestion' retrieved from /opt/airflow/dags/dag_bronze_ingestion.py
[2026-06-03T13:06:49.610+0000] {logging_mixin.py:188} INFO - [2026-06-03T13:06:49.610+0000] {dag.py:3096} INFO - Sync 1 DAGs
[2026-06-03T13:06:49.638+0000] {logging_mixin.py:188} INFO - [2026-06-03T13:06:49.638+0000] {dag.py:3954} INFO - Setting next_dagrun for neuralretail_bronze_ingestion to 2026-06-02 02:00:00+00:00, run_after=2026-06-03 02:00:00+00:00
[2026-06-03T13:06:49.670+0000] {processor.py:183} INFO - Processing /opt/airflow/dags/dag_bronze_ingestion.py took 0.574 seconds
[2026-06-03T13:07:20.230+0000] {processor.py:161} INFO - Started process (PID=7151) to work on /opt/airflow/dags/dag_bronze_ingestion.py
[2026-06-03T13:07:20.234+0000] {processor.py:830} INFO - Processing file /opt/airflow/dags/dag_bronze_ingestion.py for tasks to queue
[2026-06-03T13:07:20.241+0000] {logging_mixin.py:188} INFO - [2026-06-03T13:07:20.240+0000] {dagbag.py:540} INFO - Filling up the DagBag from /opt/airflow/dags/dag_bronze_ingestion.py
[2026-06-03T13:07:20.336+0000] {processor.py:840} INFO - DAG(s) 'neuralretail_bronze_ingestion' retrieved from /opt/airflow/dags/dag_bronze_ingestion.py
[2026-06-03T13:07:20.374+0000] {logging_mixin.py:188} INFO - [2026-06-03T13:07:20.374+0000] {dag.py:3096} INFO - Sync 1 DAGs
[2026-06-03T13:07:20.404+0000] {logging_mixin.py:188} INFO - [2026-06-03T13:07:20.404+0000] {dag.py:3954} INFO - Setting next_dagrun for neuralretail_bronze_ingestion to 2026-06-02 02:00:00+00:00, run_after=2026-06-03 02:00:00+00:00
[2026-06-03T13:07:20.456+0000] {processor.py:183} INFO - Processing /opt/airflow/dags/dag_bronze_ingestion.py took 0.238 seconds
[2026-06-03T13:07:51.212+0000] {processor.py:161} INFO - Started process (PID=7171) to work on /opt/airflow/dags/dag_bronze_ingestion.py
[2026-06-03T13:07:51.215+0000] {processor.py:830} INFO - Processing file /opt/airflow/dags/dag_bronze_ingestion.py for tasks to queue
[2026-06-03T13:07:51.222+0000] {logging_mixin.py:188} INFO - [2026-06-03T13:07:51.220+0000] {dagbag.py:540} INFO - Filling up the DagBag from /opt/airflow/dags/dag_bronze_ingestion.py
[2026-06-03T13:07:51.311+0000] {processor.py:840} INFO - DAG(s) 'neuralretail_bronze_ingestion' retrieved from /opt/airflow/dags/dag_bronze_ingestion.py
[2026-06-03T13:07:51.359+0000] {logging_mixin.py:188} INFO - [2026-06-03T13:07:51.358+0000] {dag.py:3096} INFO - Sync 1 DAGs
[2026-06-03T13:07:51.390+0000] {logging_mixin.py:188} INFO - [2026-06-03T13:07:51.390+0000] {dag.py:3954} INFO - Setting next_dagrun for neuralretail_bronze_ingestion to 2026-06-02 02:00:00+00:00, run_after=2026-06-03 02:00:00+00:00
[2026-06-03T13:07:51.420+0000] {processor.py:183} INFO - Processing /opt/airflow/dags/dag_bronze_ingestion.py took 0.216 seconds
[2026-06-03T13:08:22.048+0000] {processor.py:161} INFO - Started process (PID=7191) to work on /opt/airflow/dags/dag_bronze_ingestion.py
[2026-06-03T13:08:22.053+0000] {processor.py:830} INFO - Processing file /opt/airflow/dags/dag_bronze_ingestion.py for tasks to queue
[2026-06-03T13:08:22.059+0000] {logging_mixin.py:188} INFO - [2026-06-03T13:08:22.059+0000] {dagbag.py:540} INFO - Filling up the DagBag from /opt/airflow/dags/dag_bronze_ingestion.py
[2026-06-03T13:08:22.163+0000] {processor.py:840} INFO - DAG(s) 'neuralretail_bronze_ingestion' retrieved from /opt/airflow/dags/dag_bronze_ingestion.py
[2026-06-03T13:08:22.217+0000] {logging_mixin.py:188} INFO - [2026-06-03T13:08:22.217+0000] {dag.py:3096} INFO - Sync 1 DAGs
[2026-06-03T13:08:22.272+0000] {logging_mixin.py:188} INFO - [2026-06-03T13:08:22.271+0000] {dag.py:3954} INFO - Setting next_dagrun for neuralretail_bronze_ingestion to 2026-06-02 02:00:00+00:00, run_after=2026-06-03 02:00:00+00:00
[2026-06-03T13:08:22.306+0000] {processor.py:183} INFO - Processing /opt/airflow/dags/dag_bronze_ingestion.py took 0.273 seconds
[2026-06-03T13:08:52.728+0000] {processor.py:161} INFO - Started process (PID=7211) to work on /opt/airflow/dags/dag_bronze_ingestion.py
[2026-06-03T13:08:52.730+0000] {processor.py:830} INFO - Processing file /opt/airflow/dags/dag_bronze_ingestion.py for tasks to queue
[2026-06-03T13:08:52.736+0000] {logging_mixin.py:188} INFO - [2026-06-03T13:08:52.736+0000] {dagbag.py:540} INFO - Filling up the DagBag from /opt/airflow/dags/dag_bronze_ingestion.py
[2026-06-03T13:08:52.793+0000] {processor.py:840} INFO - DAG(s) 'neuralretail_bronze_ingestion' retrieved from /opt/airflow/dags/dag_bronze_ingestion.py
[2026-06-03T13:08:52.819+0000] {logging_mixin.py:188} INFO - [2026-06-03T13:08:52.818+0000] {dag.py:3096} INFO - Sync 1 DAGs
[2026-06-03T13:08:52.848+0000] {logging_mixin.py:188} INFO - [2026-06-03T13:08:52.847+0000] {dag.py:3954} INFO - Setting next_dagrun for neuralretail_bronze_ingestion to 2026-06-02 02:00:00+00:00, run_after=2026-06-03 02:00:00+00:00
[2026-06-03T13:08:52.887+0000] {processor.py:183} INFO - Processing /opt/airflow/dags/dag_bronze_ingestion.py took 0.166 seconds
[2026-06-03T13:09:23.379+0000] {processor.py:161} INFO - Started process (PID=7231) to work on /opt/airflow/dags/dag_bronze_ingestion.py
[2026-06-03T13:09:23.382+0000] {processor.py:830} INFO - Processing file /opt/airflow/dags/dag_bronze_ingestion.py for tasks to queue
[2026-06-03T13:09:23.384+0000] {logging_mixin.py:188} INFO - [2026-06-03T13:09:23.384+0000] {dagbag.py:540} INFO - Filling up the DagBag from /opt/airflow/dags/dag_bronze_ingestion.py
[2026-06-03T13:09:23.493+0000] {processor.py:840} INFO - DAG(s) 'neuralretail_bronze_ingestion' retrieved from /opt/airflow/dags/dag_bronze_ingestion.py
[2026-06-03T13:09:23.531+0000] {logging_mixin.py:188} INFO - [2026-06-03T13:09:23.531+0000] {dag.py:3096} INFO - Sync 1 DAGs
[2026-06-03T13:09:23.563+0000] {logging_mixin.py:188} INFO - [2026-06-03T13:09:23.563+0000] {dag.py:3954} INFO - Setting next_dagrun for neuralretail_bronze_ingestion to 2026-06-02 02:00:00+00:00, run_after=2026-06-03 02:00:00+00:00
[2026-06-03T13:09:23.603+0000] {processor.py:183} INFO - Processing /opt/airflow/dags/dag_bronze_ingestion.py took 0.230 seconds
[2026-06-03T13:09:54.138+0000] {processor.py:161} INFO - Started process (PID=7251) to work on /opt/airflow/dags/dag_bronze_ingestion.py
[2026-06-03T13:09:54.145+0000] {processor.py:830} INFO - Processing file /opt/airflow/dags/dag_bronze_ingestion.py for tasks to queue
[2026-06-03T13:09:54.149+0000] {logging_mixin.py:188} INFO - [2026-06-03T13:09:54.148+0000] {dagbag.py:540} INFO - Filling up the DagBag from /opt/airflow/dags/dag_bronze_ingestion.py
[2026-06-03T13:09:54.484+0000] {processor.py:840} INFO - DAG(s) 'neuralretail_bronze_ingestion' retrieved from /opt/airflow/dags/dag_bronze_ingestion.py
[2026-06-03T13:09:54.538+0000] {logging_mixin.py:188} INFO - [2026-06-03T13:09:54.538+0000] {dag.py:3096} INFO - Sync 1 DAGs
[2026-06-03T13:09:54.602+0000] {logging_mixin.py:188} INFO - [2026-06-03T13:09:54.602+0000] {dag.py:3954} INFO - Setting next_dagrun for neuralretail_bronze_ingestion to 2026-06-02 02:00:00+00:00, run_after=2026-06-03 02:00:00+00:00
[2026-06-03T13:09:54.754+0000] {processor.py:183} INFO - Processing /opt/airflow/dags/dag_bronze_ingestion.py took 0.630 seconds
[2026-06-03T13:10:25.633+0000] {processor.py:161} INFO - Started process (PID=7271) to work on /opt/airflow/dags/dag_bronze_ingestion.py
[2026-06-03T13:10:25.637+0000] {processor.py:830} INFO - Processing file /opt/airflow/dags/dag_bronze_ingestion.py for tasks to queue
[2026-06-03T13:10:25.642+0000] {logging_mixin.py:188} INFO - [2026-06-03T13:10:25.642+0000] {dagbag.py:540} INFO - Filling up the DagBag from /opt/airflow/dags/dag_bronze_ingestion.py
[2026-06-03T13:10:25.949+0000] {processor.py:840} INFO - DAG(s) 'neuralretail_bronze_ingestion' retrieved from /opt/airflow/dags/dag_bronze_ingestion.py
[2026-06-03T13:10:25.986+0000] {logging_mixin.py:188} INFO - [2026-06-03T13:10:25.986+0000] {dag.py:3096} INFO - Sync 1 DAGs
[2026-06-03T13:10:26.010+0000] {logging_mixin.py:188} INFO - [2026-06-03T13:10:26.010+0000] {dag.py:3954} INFO - Setting next_dagrun for neuralretail_bronze_ingestion to 2026-06-02 02:00:00+00:00, run_after=2026-06-03 02:00:00+00:00
[2026-06-03T13:10:26.043+0000] {processor.py:183} INFO - Processing /opt/airflow/dags/dag_bronze_ingestion.py took 0.424 seconds
[2026-06-03T13:10:57.832+0000] {processor.py:161} INFO - Started process (PID=7291) to work on /opt/airflow/dags/dag_bronze_ingestion.py
[2026-06-03T13:10:57.883+0000] {processor.py:830} INFO - Processing file /opt/airflow/dags/dag_bronze_ingestion.py for tasks to queue
[2026-06-03T13:10:57.900+0000] {logging_mixin.py:188} INFO - [2026-06-03T13:10:57.900+0000] {dagbag.py:540} INFO - Filling up the DagBag from /opt/airflow/dags/dag_bronze_ingestion.py
[2026-06-03T13:10:58.549+0000] {processor.py:840} INFO - DAG(s) 'neuralretail_bronze_ingestion' retrieved from /opt/airflow/dags/dag_bronze_ingestion.py
[2026-06-03T13:10:58.602+0000] {logging_mixin.py:188} INFO - [2026-06-03T13:10:58.601+0000] {dag.py:3096} INFO - Sync 1 DAGs
[2026-06-03T13:10:58.658+0000] {logging_mixin.py:188} INFO - [2026-06-03T13:10:58.657+0000] {dag.py:3954} INFO - Setting next_dagrun for neuralretail_bronze_ingestion to 2026-06-02 02:00:00+00:00, run_after=2026-06-03 02:00:00+00:00
[2026-06-03T13:10:58.751+0000] {processor.py:183} INFO - Processing /opt/airflow/dags/dag_bronze_ingestion.py took 0.929 seconds
[2026-06-03T14:16:10.590+0000] {processor.py:161} INFO - Started process (PID=185) to work on /opt/airflow/dags/dag_bronze_ingestion.py
[2026-06-03T14:16:10.821+0000] {processor.py:830} INFO - Processing file /opt/airflow/dags/dag_bronze_ingestion.py for tasks to queue
[2026-06-03T14:16:10.946+0000] {logging_mixin.py:188} INFO - [2026-06-03T14:16:10.945+0000] {dagbag.py:540} INFO - Filling up the DagBag from /opt/airflow/dags/dag_bronze_ingestion.py
[2026-06-03T14:16:15.052+0000] {processor.py:840} INFO - DAG(s) 'neuralretail_bronze_ingestion' retrieved from /opt/airflow/dags/dag_bronze_ingestion.py
[2026-06-03T14:16:15.206+0000] {logging_mixin.py:188} INFO - [2026-06-03T14:16:15.205+0000] {dag.py:3096} INFO - Sync 1 DAGs
[2026-06-03T14:16:15.292+0000] {logging_mixin.py:188} INFO - [2026-06-03T14:16:15.292+0000] {dag.py:3954} INFO - Setting next_dagrun for neuralretail_bronze_ingestion to 2026-06-02 02:00:00+00:00, run_after=2026-06-03 02:00:00+00:00
[2026-06-03T14:16:15.774+0000] {processor.py:183} INFO - Processing /opt/airflow/dags/dag_bronze_ingestion.py took 5.188 seconds
[2026-06-03T14:16:55.143+0000] {processor.py:161} INFO - Started process (PID=205) to work on /opt/airflow/dags/dag_bronze_ingestion.py
[2026-06-03T14:16:55.168+0000] {processor.py:830} INFO - Processing file /opt/airflow/dags/dag_bronze_ingestion.py for tasks to queue
[2026-06-03T14:16:55.187+0000] {logging_mixin.py:188} INFO - [2026-06-03T14:16:55.187+0000] {dagbag.py:540} INFO - Filling up the DagBag from /opt/airflow/dags/dag_bronze_ingestion.py
[2026-06-03T14:16:55.802+0000] {processor.py:840} INFO - DAG(s) 'neuralretail_bronze_ingestion' retrieved from /opt/airflow/dags/dag_bronze_ingestion.py
[2026-06-03T14:16:55.875+0000] {logging_mixin.py:188} INFO - [2026-06-03T14:16:55.875+0000] {dag.py:3096} INFO - Sync 1 DAGs
[2026-06-03T14:16:55.947+0000] {logging_mixin.py:188} INFO - [2026-06-03T14:16:55.947+0000] {dag.py:3954} INFO - Setting next_dagrun for neuralretail_bronze_ingestion to 2026-06-02 02:00:00+00:00, run_after=2026-06-03 02:00:00+00:00
[2026-06-03T14:16:56.071+0000] {processor.py:183} INFO - Processing /opt/airflow/dags/dag_bronze_ingestion.py took 0.942 seconds
[2026-06-03T14:17:26.915+0000] {processor.py:161} INFO - Started process (PID=227) to work on /opt/airflow/dags/dag_bronze_ingestion.py
[2026-06-03T14:17:26.919+0000] {processor.py:830} INFO - Processing file /opt/airflow/dags/dag_bronze_ingestion.py for tasks to queue
[2026-06-03T14:17:26.923+0000] {logging_mixin.py:188} INFO - [2026-06-03T14:17:26.922+0000] {dagbag.py:540} INFO - Filling up the DagBag from /opt/airflow/dags/dag_bronze_ingestion.py
[2026-06-03T14:17:27.478+0000] {processor.py:840} INFO - DAG(s) 'neuralretail_bronze_ingestion' retrieved from /opt/airflow/dags/dag_bronze_ingestion.py
[2026-06-03T14:17:27.506+0000] {logging_mixin.py:188} INFO - [2026-06-03T14:17:27.506+0000] {dag.py:3096} INFO - Sync 1 DAGs
[2026-06-03T14:17:27.534+0000] {logging_mixin.py:188} INFO - [2026-06-03T14:17:27.533+0000] {dag.py:3954} INFO - Setting next_dagrun for neuralretail_bronze_ingestion to 2026-06-02 02:00:00+00:00, run_after=2026-06-03 02:00:00+00:00
[2026-06-03T14:17:27.607+0000] {processor.py:183} INFO - Processing /opt/airflow/dags/dag_bronze_ingestion.py took 0.701 seconds
[2026-06-03T14:17:58.199+0000] {processor.py:161} INFO - Started process (PID=247) to work on /opt/airflow/dags/dag_bronze_ingestion.py
[2026-06-03T14:17:58.201+0000] {processor.py:830} INFO - Processing file /opt/airflow/dags/dag_bronze_ingestion.py for tasks to queue
[2026-06-03T14:17:58.204+0000] {logging_mixin.py:188} INFO - [2026-06-03T14:17:58.203+0000] {dagbag.py:540} INFO - Filling up the DagBag from /opt/airflow/dags/dag_bronze_ingestion.py
[2026-06-03T14:17:58.252+0000] {processor.py:840} INFO - DAG(s) 'neuralretail_bronze_ingestion' retrieved from /opt/airflow/dags/dag_bronze_ingestion.py
[2026-06-03T14:17:58.286+0000] {logging_mixin.py:188} INFO - [2026-06-03T14:17:58.286+0000] {dag.py:3096} INFO - Sync 1 DAGs
[2026-06-03T14:17:58.307+0000] {logging_mixin.py:188} INFO - [2026-06-03T14:17:58.307+0000] {dag.py:3954} INFO - Setting next_dagrun for neuralretail_bronze_ingestion to 2026-06-02 02:00:00+00:00, run_after=2026-06-03 02:00:00+00:00
[2026-06-03T14:17:58.410+0000] {processor.py:183} INFO - Processing /opt/airflow/dags/dag_bronze_ingestion.py took 0.220 seconds
[2026-06-03T14:18:28.592+0000] {processor.py:161} INFO - Started process (PID=265) to work on /opt/airflow/dags/dag_bronze_ingestion.py
[2026-06-03T14:18:28.596+0000] {processor.py:830} INFO - Processing file /opt/airflow/dags/dag_bronze_ingestion.py for tasks to queue
[2026-06-03T14:18:28.601+0000] {logging_mixin.py:188} INFO - [2026-06-03T14:18:28.600+0000] {dagbag.py:540} INFO - Filling up the DagBag from /opt/airflow/dags/dag_bronze_ingestion.py
[2026-06-03T14:18:28.692+0000] {processor.py:840} INFO - DAG(s) 'neuralretail_bronze_ingestion' retrieved from /opt/airflow/dags/dag_bronze_ingestion.py
[2026-06-03T14:18:28.778+0000] {logging_mixin.py:188} INFO - [2026-06-03T14:18:28.778+0000] {dag.py:3096} INFO - Sync 1 DAGs
[2026-06-03T14:18:28.841+0000] {logging_mixin.py:188} INFO - [2026-06-03T14:18:28.840+0000] {dag.py:3954} INFO - Setting next_dagrun for neuralretail_bronze_ingestion to 2026-06-02 02:00:00+00:00, run_after=2026-06-03 02:00:00+00:00
[2026-06-03T14:18:30.490+0000] {processor.py:183} INFO - Processing /opt/airflow/dags/dag_bronze_ingestion.py took 1.921 seconds
[2026-06-03T14:19:01.066+0000] {processor.py:161} INFO - Started process (PID=285) to work on /opt/airflow/dags/dag_bronze_ingestion.py
[2026-06-03T14:19:01.070+0000] {processor.py:830} INFO - Processing file /opt/airflow/dags/dag_bronze_ingestion.py for tasks to queue
[2026-06-03T14:19:01.072+0000] {logging_mixin.py:188} INFO - [2026-06-03T14:19:01.071+0000] {dagbag.py:540} INFO - Filling up the DagBag from /opt/airflow/dags/dag_bronze_ingestion.py
[2026-06-03T14:19:01.128+0000] {processor.py:840} INFO - DAG(s) 'neuralretail_bronze_ingestion' retrieved from /opt/airflow/dags/dag_bronze_ingestion.py
[2026-06-03T14:19:01.239+0000] {logging_mixin.py:188} INFO - [2026-06-03T14:19:01.239+0000] {dag.py:3096} INFO - Sync 1 DAGs
[2026-06-03T14:19:01.257+0000] {logging_mixin.py:188} INFO - [2026-06-03T14:19:01.257+0000] {dag.py:3954} INFO - Setting next_dagrun for neuralretail_bronze_ingestion to 2026-06-02 02:00:00+00:00, run_after=2026-06-03 02:00:00+00:00
[2026-06-03T14:19:01.291+0000] {processor.py:183} INFO - Processing /opt/airflow/dags/dag_bronze_ingestion.py took 0.233 seconds
[2026-06-03T14:19:31.888+0000] {processor.py:161} INFO - Started process (PID=307) to work on /opt/airflow/dags/dag_bronze_ingestion.py
[2026-06-03T14:19:31.893+0000] {processor.py:830} INFO - Processing file /opt/airflow/dags/dag_bronze_ingestion.py for tasks to queue
[2026-06-03T14:19:31.895+0000] {logging_mixin.py:188} INFO - [2026-06-03T14:19:31.895+0000] {dagbag.py:540} INFO - Filling up the DagBag from /opt/airflow/dags/dag_bronze_ingestion.py
[2026-06-03T14:19:31.986+0000] {processor.py:840} INFO - DAG(s) 'neuralretail_bronze_ingestion' retrieved from /opt/airflow/dags/dag_bronze_ingestion.py
[2026-06-03T14:19:32.017+0000] {logging_mixin.py:188} INFO - [2026-06-03T14:19:32.017+0000] {dag.py:3096} INFO - Sync 1 DAGs
[2026-06-03T14:19:32.051+0000] {logging_mixin.py:188} INFO - [2026-06-03T14:19:32.051+0000] {dag.py:3954} INFO - Setting next_dagrun for neuralretail_bronze_ingestion to 2026-06-02 02:00:00+00:00, run_after=2026-06-03 02:00:00+00:00
[2026-06-03T14:19:32.143+0000] {processor.py:183} INFO - Processing /opt/airflow/dags/dag_bronze_ingestion.py took 0.263 seconds
[2026-06-03T14:20:02.462+0000] {processor.py:161} INFO - Started process (PID=325) to work on /opt/airflow/dags/dag_bronze_ingestion.py
[2026-06-03T14:20:02.463+0000] {processor.py:830} INFO - Processing file /opt/airflow/dags/dag_bronze_ingestion.py for tasks to queue
[2026-06-03T14:20:02.468+0000] {logging_mixin.py:188} INFO - [2026-06-03T14:20:02.467+0000] {dagbag.py:540} INFO - Filling up the DagBag from /opt/airflow/dags/dag_bronze_ingestion.py
[2026-06-03T14:20:02.567+0000] {processor.py:840} INFO - DAG(s) 'neuralretail_bronze_ingestion' retrieved from /opt/airflow/dags/dag_bronze_ingestion.py
[2026-06-03T14:20:02.602+0000] {logging_mixin.py:188} INFO - [2026-06-03T14:20:02.602+0000] {dag.py:3096} INFO - Sync 1 DAGs
[2026-06-03T14:20:02.630+0000] {logging_mixin.py:188} INFO - [2026-06-03T14:20:02.630+0000] {dag.py:3954} INFO - Setting next_dagrun for neuralretail_bronze_ingestion to 2026-06-02 02:00:00+00:00, run_after=2026-06-03 02:00:00+00:00
[2026-06-03T14:20:02.666+0000] {processor.py:183} INFO - Processing /opt/airflow/dags/dag_bronze_ingestion.py took 0.218 seconds
[2026-06-03T14:20:33.144+0000] {processor.py:161} INFO - Started process (PID=347) to work on /opt/airflow/dags/dag_bronze_ingestion.py
[2026-06-03T14:20:33.145+0000] {processor.py:830} INFO - Processing file /opt/airflow/dags/dag_bronze_ingestion.py for tasks to queue
[2026-06-03T14:20:33.147+0000] {logging_mixin.py:188} INFO - [2026-06-03T14:20:33.147+0000] {dagbag.py:540} INFO - Filling up the DagBag from /opt/airflow/dags/dag_bronze_ingestion.py
[2026-06-03T14:20:33.195+0000] {processor.py:840} INFO - DAG(s) 'neuralretail_bronze_ingestion' retrieved from /opt/airflow/dags/dag_bronze_ingestion.py
[2026-06-03T14:20:33.214+0000] {logging_mixin.py:188} INFO - [2026-06-03T14:20:33.214+0000] {dag.py:3096} INFO - Sync 1 DAGs
[2026-06-03T14:20:33.230+0000] {logging_mixin.py:188} INFO - [2026-06-03T14:20:33.230+0000] {dag.py:3954} INFO - Setting next_dagrun for neuralretail_bronze_ingestion to 2026-06-02 02:00:00+00:00, run_after=2026-06-03 02:00:00+00:00
[2026-06-03T14:20:33.285+0000] {processor.py:183} INFO - Processing /opt/airflow/dags/dag_bronze_ingestion.py took 0.146 seconds
[2026-06-03T14:21:03.751+0000] {processor.py:161} INFO - Started process (PID=365) to work on /opt/airflow/dags/dag_bronze_ingestion.py
[2026-06-03T14:21:03.755+0000] {processor.py:830} INFO - Processing file /opt/airflow/dags/dag_bronze_ingestion.py for tasks to queue
[2026-06-03T14:21:03.760+0000] {logging_mixin.py:188} INFO - [2026-06-03T14:21:03.760+0000] {dagbag.py:540} INFO - Filling up the DagBag from /opt/airflow/dags/dag_bronze_ingestion.py
[2026-06-03T14:21:03.822+0000] {processor.py:840} INFO - DAG(s) 'neuralretail_bronze_ingestion' retrieved from /opt/airflow/dags/dag_bronze_ingestion.py
[2026-06-03T14:21:03.869+0000] {logging_mixin.py:188} INFO - [2026-06-03T14:21:03.869+0000] {dag.py:3096} INFO - Sync 1 DAGs
[2026-06-03T14:21:03.905+0000] {logging_mixin.py:188} INFO - [2026-06-03T14:21:03.905+0000] {dag.py:3954} INFO - Setting next_dagrun for neuralretail_bronze_ingestion to 2026-06-02 02:00:00+00:00, run_after=2026-06-03 02:00:00+00:00
[2026-06-03T14:21:03.943+0000] {processor.py:183} INFO - Processing /opt/airflow/dags/dag_bronze_ingestion.py took 0.202 seconds
[2026-06-03T14:21:34.384+0000] {processor.py:161} INFO - Started process (PID=385) to work on /opt/airflow/dags/dag_bronze_ingestion.py
[2026-06-03T14:21:34.388+0000] {processor.py:830} INFO - Processing file /opt/airflow/dags/dag_bronze_ingestion.py for tasks to queue
[2026-06-03T14:21:34.391+0000] {logging_mixin.py:188} INFO - [2026-06-03T14:21:34.391+0000] {dagbag.py:540} INFO - Filling up the DagBag from /opt/airflow/dags/dag_bronze_ingestion.py
[2026-06-03T14:21:34.474+0000] {processor.py:840} INFO - DAG(s) 'neuralretail_bronze_ingestion' retrieved from /opt/airflow/dags/dag_bronze_ingestion.py
[2026-06-03T14:21:34.524+0000] {logging_mixin.py:188} INFO - [2026-06-03T14:21:34.524+0000] {dag.py:3096} INFO - Sync 1 DAGs
[2026-06-03T14:21:34.560+0000] {logging_mixin.py:188} INFO - [2026-06-03T14:21:34.560+0000] {dag.py:3954} INFO - Setting next_dagrun for neuralretail_bronze_ingestion to 2026-06-02 02:00:00+00:00, run_after=2026-06-03 02:00:00+00:00
[2026-06-03T14:21:34.636+0000] {processor.py:183} INFO - Processing /opt/airflow/dags/dag_bronze_ingestion.py took 0.260 seconds
[2026-06-03T14:22:05.849+0000] {processor.py:161} INFO - Started process (PID=405) to work on /opt/airflow/dags/dag_bronze_ingestion.py
[2026-06-03T14:22:05.853+0000] {processor.py:830} INFO - Processing file /opt/airflow/dags/dag_bronze_ingestion.py for tasks to queue
[2026-06-03T14:22:05.858+0000] {logging_mixin.py:188} INFO - [2026-06-03T14:22:05.857+0000] {dagbag.py:540} INFO - Filling up the DagBag from /opt/airflow/dags/dag_bronze_ingestion.py
[2026-06-03T14:22:06.047+0000] {processor.py:840} INFO - DAG(s) 'neuralretail_bronze_ingestion' retrieved from /opt/airflow/dags/dag_bronze_ingestion.py
[2026-06-03T14:22:06.067+0000] {logging_mixin.py:188} INFO - [2026-06-03T14:22:06.067+0000] {dag.py:3096} INFO - Sync 1 DAGs
[2026-06-03T14:22:06.090+0000] {logging_mixin.py:188} INFO - [2026-06-03T14:22:06.089+0000] {dag.py:3954} INFO - Setting next_dagrun for neuralretail_bronze_ingestion to 2026-06-02 02:00:00+00:00, run_after=2026-06-03 02:00:00+00:00
[2026-06-03T14:22:06.107+0000] {processor.py:183} INFO - Processing /opt/airflow/dags/dag_bronze_ingestion.py took 0.267 seconds
[2026-06-03T14:22:36.344+0000] {processor.py:161} INFO - Started process (PID=425) to work on /opt/airflow/dags/dag_bronze_ingestion.py
[2026-06-03T14:22:36.347+0000] {processor.py:830} INFO - Processing file /opt/airflow/dags/dag_bronze_ingestion.py for tasks to queue
[2026-06-03T14:22:36.350+0000] {logging_mixin.py:188} INFO - [2026-06-03T14:22:36.349+0000] {dagbag.py:540} INFO - Filling up the DagBag from /opt/airflow/dags/dag_bronze_ingestion.py
[2026-06-03T14:22:36.417+0000] {processor.py:840} INFO - DAG(s) 'neuralretail_bronze_ingestion' retrieved from /opt/airflow/dags/dag_bronze_ingestion.py
[2026-06-03T14:22:36.441+0000] {logging_mixin.py:188} INFO - [2026-06-03T14:22:36.441+0000] {dag.py:3096} INFO - Sync 1 DAGs
[2026-06-03T14:22:36.458+0000] {logging_mixin.py:188} INFO - [2026-06-03T14:22:36.457+0000] {dag.py:3954} INFO - Setting next_dagrun for neuralretail_bronze_ingestion to 2026-06-02 02:00:00+00:00, run_after=2026-06-03 02:00:00+00:00
[2026-06-03T14:22:36.472+0000] {processor.py:183} INFO - Processing /opt/airflow/dags/dag_bronze_ingestion.py took 0.139 seconds
[2026-06-03T14:23:06.810+0000] {processor.py:161} INFO - Started process (PID=445) to work on /opt/airflow/dags/dag_bronze_ingestion.py
[2026-06-03T14:23:06.811+0000] {processor.py:830} INFO - Processing file /opt/airflow/dags/dag_bronze_ingestion.py for tasks to queue
[2026-06-03T14:23:06.813+0000] {logging_mixin.py:188} INFO - [2026-06-03T14:23:06.812+0000] {dagbag.py:540} INFO - Filling up the DagBag from /opt/airflow/dags/dag_bronze_ingestion.py
[2026-06-03T14:23:06.875+0000] {processor.py:840} INFO - DAG(s) 'neuralretail_bronze_ingestion' retrieved from /opt/airflow/dags/dag_bronze_ingestion.py
[2026-06-03T14:23:06.903+0000] {logging_mixin.py:188} INFO - [2026-06-03T14:23:06.903+0000] {dag.py:3096} INFO - Sync 1 DAGs
[2026-06-03T14:23:06.923+0000] {logging_mixin.py:188} INFO - [2026-06-03T14:23:06.922+0000] {dag.py:3954} INFO - Setting next_dagrun for neuralretail_bronze_ingestion to 2026-06-02 02:00:00+00:00, run_after=2026-06-03 02:00:00+00:00
[2026-06-03T14:23:06.965+0000] {processor.py:183} INFO - Processing /opt/airflow/dags/dag_bronze_ingestion.py took 0.160 seconds
[2026-06-03T14:23:37.308+0000] {processor.py:161} INFO - Started process (PID=465) to work on /opt/airflow/dags/dag_bronze_ingestion.py
[2026-06-03T14:23:37.309+0000] {processor.py:830} INFO - Processing file /opt/airflow/dags/dag_bronze_ingestion.py for tasks to queue
[2026-06-03T14:23:37.311+0000] {logging_mixin.py:188} INFO - [2026-06-03T14:23:37.311+0000] {dagbag.py:540} INFO - Filling up the DagBag from /opt/airflow/dags/dag_bronze_ingestion.py
[2026-06-03T14:23:37.345+0000] {processor.py:840} INFO - DAG(s) 'neuralretail_bronze_ingestion' retrieved from /opt/airflow/dags/dag_bronze_ingestion.py
[2026-06-03T14:23:37.369+0000] {logging_mixin.py:188} INFO - [2026-06-03T14:23:37.369+0000] {dag.py:3096} INFO - Sync 1 DAGs
[2026-06-03T14:23:37.385+0000] {logging_mixin.py:188} INFO - [2026-06-03T14:23:37.385+0000] {dag.py:3954} INFO - Setting next_dagrun for neuralretail_bronze_ingestion to 2026-06-02 02:00:00+00:00, run_after=2026-06-03 02:00:00+00:00
[2026-06-03T14:23:37.403+0000] {processor.py:183} INFO - Processing /opt/airflow/dags/dag_bronze_ingestion.py took 0.099 seconds
[2026-06-03T14:24:07.562+0000] {processor.py:161} INFO - Started process (PID=485) to work on /opt/airflow/dags/dag_bronze_ingestion.py
[2026-06-03T14:24:07.565+0000] {processor.py:830} INFO - Processing file /opt/airflow/dags/dag_bronze_ingestion.py for tasks to queue
[2026-06-03T14:24:07.566+0000] {logging_mixin.py:188} INFO - [2026-06-03T14:24:07.566+0000] {dagbag.py:540} INFO - Filling up the DagBag from /opt/airflow/dags/dag_bronze_ingestion.py
[2026-06-03T14:24:07.642+0000] {processor.py:840} INFO - DAG(s) 'neuralretail_bronze_ingestion' retrieved from /opt/airflow/dags/dag_bronze_ingestion.py
[2026-06-03T14:24:07.662+0000] {logging_mixin.py:188} INFO - [2026-06-03T14:24:07.662+0000] {dag.py:3096} INFO - Sync 1 DAGs
[2026-06-03T14:24:07.685+0000] {logging_mixin.py:188} INFO - [2026-06-03T14:24:07.685+0000] {dag.py:3954} INFO - Setting next_dagrun for neuralretail_bronze_ingestion to 2026-06-02 02:00:00+00:00, run_after=2026-06-03 02:00:00+00:00
[2026-06-03T14:24:07.728+0000] {processor.py:183} INFO - Processing /opt/airflow/dags/dag_bronze_ingestion.py took 0.177 seconds
[2026-06-03T14:24:38.631+0000] {processor.py:161} INFO - Started process (PID=505) to work on /opt/airflow/dags/dag_bronze_ingestion.py
[2026-06-03T14:24:38.632+0000] {processor.py:830} INFO - Processing file /opt/airflow/dags/dag_bronze_ingestion.py for tasks to queue
[2026-06-03T14:24:38.634+0000] {logging_mixin.py:188} INFO - [2026-06-03T14:24:38.634+0000] {dagbag.py:540} INFO - Filling up the DagBag from /opt/airflow/dags/dag_bronze_ingestion.py
[2026-06-03T14:24:38.698+0000] {processor.py:840} INFO - DAG(s) 'neuralretail_bronze_ingestion' retrieved from /opt/airflow/dags/dag_bronze_ingestion.py
[2026-06-03T14:24:38.728+0000] {logging_mixin.py:188} INFO - [2026-06-03T14:24:38.728+0000] {dag.py:3096} INFO - Sync 1 DAGs
[2026-06-03T14:24:38.755+0000] {logging_mixin.py:188} INFO - [2026-06-03T14:24:38.755+0000] {dag.py:3954} INFO - Setting next_dagrun for neuralretail_bronze_ingestion to 2026-06-02 02:00:00+00:00, run_after=2026-06-03 02:00:00+00:00
[2026-06-03T14:24:38.785+0000] {processor.py:183} INFO - Processing /opt/airflow/dags/dag_bronze_ingestion.py took 0.159 seconds
[2026-06-03T14:25:09.149+0000] {processor.py:161} INFO - Started process (PID=525) to work on /opt/airflow/dags/dag_bronze_ingestion.py
[2026-06-03T14:25:09.151+0000] {processor.py:830} INFO - Processing file /opt/airflow/dags/dag_bronze_ingestion.py for tasks to queue
[2026-06-03T14:25:09.153+0000] {logging_mixin.py:188} INFO - [2026-06-03T14:25:09.152+0000] {dagbag.py:540} INFO - Filling up the DagBag from /opt/airflow/dags/dag_bronze_ingestion.py
[2026-06-03T14:25:09.194+0000] {processor.py:840} INFO - DAG(s) 'neuralretail_bronze_ingestion' retrieved from /opt/airflow/dags/dag_bronze_ingestion.py
[2026-06-03T14:25:09.217+0000] {logging_mixin.py:188} INFO - [2026-06-03T14:25:09.217+0000] {dag.py:3096} INFO - Sync 1 DAGs
[2026-06-03T14:25:09.237+0000] {logging_mixin.py:188} INFO - [2026-06-03T14:25:09.237+0000] {dag.py:3954} INFO - Setting next_dagrun for neuralretail_bronze_ingestion to 2026-06-02 02:00:00+00:00, run_after=2026-06-03 02:00:00+00:00
[2026-06-03T14:25:09.253+0000] {processor.py:183} INFO - Processing /opt/airflow/dags/dag_bronze_ingestion.py took 0.109 seconds
[2026-06-03T14:25:39.657+0000] {processor.py:161} INFO - Started process (PID=545) to work on /opt/airflow/dags/dag_bronze_ingestion.py
[2026-06-03T14:25:39.658+0000] {processor.py:830} INFO - Processing file /opt/airflow/dags/dag_bronze_ingestion.py for tasks to queue
[2026-06-03T14:25:39.660+0000] {logging_mixin.py:188} INFO - [2026-06-03T14:25:39.660+0000] {dagbag.py:540} INFO - Filling up the DagBag from /opt/airflow/dags/dag_bronze_ingestion.py
[2026-06-03T14:25:39.698+0000] {processor.py:840} INFO - DAG(s) 'neuralretail_bronze_ingestion' retrieved from /opt/airflow/dags/dag_bronze_ingestion.py
[2026-06-03T14:25:39.717+0000] {logging_mixin.py:188} INFO - [2026-06-03T14:25:39.717+0000] {dag.py:3096} INFO - Sync 1 DAGs
[2026-06-03T14:25:39.734+0000] {logging_mixin.py:188} INFO - [2026-06-03T14:25:39.734+0000] {dag.py:3954} INFO - Setting next_dagrun for neuralretail_bronze_ingestion to 2026-06-02 02:00:00+00:00, run_after=2026-06-03 02:00:00+00:00
[2026-06-03T14:25:39.752+0000] {processor.py:183} INFO - Processing /opt/airflow/dags/dag_bronze_ingestion.py took 0.099 seconds
[2026-06-03T14:26:10.243+0000] {processor.py:161} INFO - Started process (PID=565) to work on /opt/airflow/dags/dag_bronze_ingestion.py
[2026-06-03T14:26:10.244+0000] {processor.py:830} INFO - Processing file /opt/airflow/dags/dag_bronze_ingestion.py for tasks to queue
[2026-06-03T14:26:10.245+0000] {logging_mixin.py:188} INFO - [2026-06-03T14:26:10.245+0000] {dagbag.py:540} INFO - Filling up the DagBag from /opt/airflow/dags/dag_bronze_ingestion.py
[2026-06-03T14:26:10.282+0000] {processor.py:840} INFO - DAG(s) 'neuralretail_bronze_ingestion' retrieved from /opt/airflow/dags/dag_bronze_ingestion.py
[2026-06-03T14:26:10.301+0000] {logging_mixin.py:188} INFO - [2026-06-03T14:26:10.301+0000] {dag.py:3096} INFO - Sync 1 DAGs
[2026-06-03T14:26:10.317+0000] {logging_mixin.py:188} INFO - [2026-06-03T14:26:10.317+0000] {dag.py:3954} INFO - Setting next_dagrun for neuralretail_bronze_ingestion to 2026-06-02 02:00:00+00:00, run_after=2026-06-03 02:00:00+00:00
[2026-06-03T14:26:10.333+0000] {processor.py:183} INFO - Processing /opt/airflow/dags/dag_bronze_ingestion.py took 0.097 seconds
[2026-06-03T14:26:40.627+0000] {processor.py:161} INFO - Started process (PID=585) to work on /opt/airflow/dags/dag_bronze_ingestion.py
[2026-06-03T14:26:40.628+0000] {processor.py:830} INFO - Processing file /opt/airflow/dags/dag_bronze_ingestion.py for tasks to queue
[2026-06-03T14:26:40.630+0000] {logging_mixin.py:188} INFO - [2026-06-03T14:26:40.630+0000] {dagbag.py:540} INFO - Filling up the DagBag from /opt/airflow/dags/dag_bronze_ingestion.py
[2026-06-03T14:26:40.657+0000] {processor.py:840} INFO - DAG(s) 'neuralretail_bronze_ingestion' retrieved from /opt/airflow/dags/dag_bronze_ingestion.py
[2026-06-03T14:26:40.677+0000] {logging_mixin.py:188} INFO - [2026-06-03T14:26:40.677+0000] {dag.py:3096} INFO - Sync 1 DAGs
[2026-06-03T14:26:40.694+0000] {logging_mixin.py:188} INFO - [2026-06-03T14:26:40.694+0000] {dag.py:3954} INFO - Setting next_dagrun for neuralretail_bronze_ingestion to 2026-06-02 02:00:00+00:00, run_after=2026-06-03 02:00:00+00:00
[2026-06-03T14:26:40.714+0000] {processor.py:183} INFO - Processing /opt/airflow/dags/dag_bronze_ingestion.py took 0.091 seconds
[2026-06-03T14:27:11.030+0000] {processor.py:161} INFO - Started process (PID=605) to work on /opt/airflow/dags/dag_bronze_ingestion.py
[2026-06-03T14:27:11.031+0000] {processor.py:830} INFO - Processing file /opt/airflow/dags/dag_bronze_ingestion.py for tasks to queue
[2026-06-03T14:27:11.033+0000] {logging_mixin.py:188} INFO - [2026-06-03T14:27:11.033+0000] {dagbag.py:540} INFO - Filling up the DagBag from /opt/airflow/dags/dag_bronze_ingestion.py
[2026-06-03T14:27:11.106+0000] {processor.py:840} INFO - DAG(s) 'neuralretail_bronze_ingestion' retrieved from /opt/airflow/dags/dag_bronze_ingestion.py
[2026-06-03T14:27:11.125+0000] {logging_mixin.py:188} INFO - [2026-06-03T14:27:11.125+0000] {dag.py:3096} INFO - Sync 1 DAGs
[2026-06-03T14:27:11.141+0000] {logging_mixin.py:188} INFO - [2026-06-03T14:27:11.141+0000] {dag.py:3954} INFO - Setting next_dagrun for neuralretail_bronze_ingestion to 2026-06-02 02:00:00+00:00, run_after=2026-06-03 02:00:00+00:00
[2026-06-03T14:27:11.157+0000] {processor.py:183} INFO - Processing /opt/airflow/dags/dag_bronze_ingestion.py took 0.132 seconds
[2026-06-03T14:27:41.412+0000] {processor.py:161} INFO - Started process (PID=625) to work on /opt/airflow/dags/dag_bronze_ingestion.py
[2026-06-03T14:27:41.412+0000] {processor.py:830} INFO - Processing file /opt/airflow/dags/dag_bronze_ingestion.py for tasks to queue
[2026-06-03T14:27:41.414+0000] {logging_mixin.py:188} INFO - [2026-06-03T14:27:41.414+0000] {dagbag.py:540} INFO - Filling up the DagBag from /opt/airflow/dags/dag_bronze_ingestion.py
[2026-06-03T14:27:41.436+0000] {processor.py:840} INFO - DAG(s) 'neuralretail_bronze_ingestion' retrieved from /opt/airflow/dags/dag_bronze_ingestion.py
[2026-06-03T14:27:41.457+0000] {logging_mixin.py:188} INFO - [2026-06-03T14:27:41.457+0000] {dag.py:3096} INFO - Sync 1 DAGs
[2026-06-03T14:27:41.475+0000] {logging_mixin.py:188} INFO - [2026-06-03T14:27:41.475+0000] {dag.py:3954} INFO - Setting next_dagrun for neuralretail_bronze_ingestion to 2026-06-02 02:00:00+00:00, run_after=2026-06-03 02:00:00+00:00
[2026-06-03T14:27:41.558+0000] {processor.py:183} INFO - Processing /opt/airflow/dags/dag_bronze_ingestion.py took 0.151 seconds
[2026-06-03T14:28:12.464+0000] {processor.py:161} INFO - Started process (PID=645) to work on /opt/airflow/dags/dag_bronze_ingestion.py
[2026-06-03T14:28:12.465+0000] {processor.py:830} INFO - Processing file /opt/airflow/dags/dag_bronze_ingestion.py for tasks to queue
[2026-06-03T14:28:12.467+0000] {logging_mixin.py:188} INFO - [2026-06-03T14:28:12.467+0000] {dagbag.py:540} INFO - Filling up the DagBag from /opt/airflow/dags/dag_bronze_ingestion.py
[2026-06-03T14:28:12.609+0000] {processor.py:840} INFO - DAG(s) 'neuralretail_bronze_ingestion' retrieved from /opt/airflow/dags/dag_bronze_ingestion.py
[2026-06-03T14:28:12.629+0000] {logging_mixin.py:188} INFO - [2026-06-03T14:28:12.629+0000] {dag.py:3096} INFO - Sync 1 DAGs
[2026-06-03T14:28:12.645+0000] {logging_mixin.py:188} INFO - [2026-06-03T14:28:12.645+0000] {dag.py:3954} INFO - Setting next_dagrun for neuralretail_bronze_ingestion to 2026-06-02 02:00:00+00:00, run_after=2026-06-03 02:00:00+00:00
[2026-06-03T14:28:12.660+0000] {processor.py:183} INFO - Processing /opt/airflow/dags/dag_bronze_ingestion.py took 0.202 seconds
[2026-06-03T14:28:43.629+0000] {processor.py:161} INFO - Started process (PID=665) to work on /opt/airflow/dags/dag_bronze_ingestion.py
[2026-06-03T14:28:43.630+0000] {processor.py:830} INFO - Processing file /opt/airflow/dags/dag_bronze_ingestion.py for tasks to queue
[2026-06-03T14:28:43.631+0000] {logging_mixin.py:188} INFO - [2026-06-03T14:28:43.631+0000] {dagbag.py:540} INFO - Filling up the DagBag from /opt/airflow/dags/dag_bronze_ingestion.py
[2026-06-03T14:28:43.651+0000] {processor.py:840} INFO - DAG(s) 'neuralretail_bronze_ingestion' retrieved from /opt/airflow/dags/dag_bronze_ingestion.py
[2026-06-03T14:28:43.670+0000] {logging_mixin.py:188} INFO - [2026-06-03T14:28:43.670+0000] {dag.py:3096} INFO - Sync 1 DAGs
[2026-06-03T14:28:43.686+0000] {logging_mixin.py:188} INFO - [2026-06-03T14:28:43.686+0000] {dag.py:3954} INFO - Setting next_dagrun for neuralretail_bronze_ingestion to 2026-06-02 02:00:00+00:00, run_after=2026-06-03 02:00:00+00:00
[2026-06-03T14:28:43.704+0000] {processor.py:183} INFO - Processing /opt/airflow/dags/dag_bronze_ingestion.py took 0.079 seconds
[2026-06-03T14:29:14.035+0000] {processor.py:161} INFO - Started process (PID=685) to work on /opt/airflow/dags/dag_bronze_ingestion.py
[2026-06-03T14:29:14.036+0000] {processor.py:830} INFO - Processing file /opt/airflow/dags/dag_bronze_ingestion.py for tasks to queue
[2026-06-03T14:29:14.037+0000] {logging_mixin.py:188} INFO - [2026-06-03T14:29:14.037+0000] {dagbag.py:540} INFO - Filling up the DagBag from /opt/airflow/dags/dag_bronze_ingestion.py
[2026-06-03T14:29:14.077+0000] {processor.py:840} INFO - DAG(s) 'neuralretail_bronze_ingestion' retrieved from /opt/airflow/dags/dag_bronze_ingestion.py
[2026-06-03T14:29:14.097+0000] {logging_mixin.py:188} INFO - [2026-06-03T14:29:14.097+0000] {dag.py:3096} INFO - Sync 1 DAGs
[2026-06-03T14:29:14.116+0000] {logging_mixin.py:188} INFO - [2026-06-03T14:29:14.116+0000] {dag.py:3954} INFO - Setting next_dagrun for neuralretail_bronze_ingestion to 2026-06-02 02:00:00+00:00, run_after=2026-06-03 02:00:00+00:00
[2026-06-03T14:29:14.135+0000] {processor.py:183} INFO - Processing /opt/airflow/dags/dag_bronze_ingestion.py took 0.105 seconds
[2026-06-03T14:29:44.287+0000] {processor.py:161} INFO - Started process (PID=705) to work on /opt/airflow/dags/dag_bronze_ingestion.py
[2026-06-03T14:29:44.288+0000] {processor.py:830} INFO - Processing file /opt/airflow/dags/dag_bronze_ingestion.py for tasks to queue
[2026-06-03T14:29:44.289+0000] {logging_mixin.py:188} INFO - [2026-06-03T14:29:44.289+0000] {dagbag.py:540} INFO - Filling up the DagBag from /opt/airflow/dags/dag_bronze_ingestion.py
[2026-06-03T14:29:44.335+0000] {processor.py:840} INFO - DAG(s) 'neuralretail_bronze_ingestion' retrieved from /opt/airflow/dags/dag_bronze_ingestion.py
[2026-06-03T14:29:44.355+0000] {logging_mixin.py:188} INFO - [2026-06-03T14:29:44.354+0000] {dag.py:3096} INFO - Sync 1 DAGs
[2026-06-03T14:29:44.371+0000] {logging_mixin.py:188} INFO - [2026-06-03T14:29:44.371+0000] {dag.py:3954} INFO - Setting next_dagrun for neuralretail_bronze_ingestion to 2026-06-02 02:00:00+00:00, run_after=2026-06-03 02:00:00+00:00
[2026-06-03T14:29:44.394+0000] {processor.py:183} INFO - Processing /opt/airflow/dags/dag_bronze_ingestion.py took 0.111 seconds
[2026-06-03T14:30:14.939+0000] {processor.py:161} INFO - Started process (PID=727) to work on /opt/airflow/dags/dag_bronze_ingestion.py
[2026-06-03T14:30:14.941+0000] {processor.py:830} INFO - Processing file /opt/airflow/dags/dag_bronze_ingestion.py for tasks to queue
[2026-06-03T14:30:14.944+0000] {logging_mixin.py:188} INFO - [2026-06-03T14:30:14.943+0000] {dagbag.py:540} INFO - Filling up the DagBag from /opt/airflow/dags/dag_bronze_ingestion.py
[2026-06-03T14:30:15.003+0000] {processor.py:840} INFO - DAG(s) 'neuralretail_bronze_ingestion' retrieved from /opt/airflow/dags/dag_bronze_ingestion.py
[2026-06-03T14:30:15.024+0000] {logging_mixin.py:188} INFO - [2026-06-03T14:30:15.024+0000] {dag.py:3096} INFO - Sync 1 DAGs
[2026-06-03T14:30:15.042+0000] {logging_mixin.py:188} INFO - [2026-06-03T14:30:15.042+0000] {dag.py:3954} INFO - Setting next_dagrun for neuralretail_bronze_ingestion to 2026-06-02 02:00:00+00:00, run_after=2026-06-03 02:00:00+00:00
[2026-06-03T14:30:15.071+0000] {processor.py:183} INFO - Processing /opt/airflow/dags/dag_bronze_ingestion.py took 0.146 seconds
[2026-06-03T14:30:45.872+0000] {processor.py:161} INFO - Started process (PID=745) to work on /opt/airflow/dags/dag_bronze_ingestion.py
[2026-06-03T14:30:45.889+0000] {processor.py:830} INFO - Processing file /opt/airflow/dags/dag_bronze_ingestion.py for tasks to queue
[2026-06-03T14:30:45.908+0000] {logging_mixin.py:188} INFO - [2026-06-03T14:30:45.908+0000] {dagbag.py:540} INFO - Filling up the DagBag from /opt/airflow/dags/dag_bronze_ingestion.py
[2026-06-03T14:30:46.162+0000] {processor.py:840} INFO - DAG(s) 'neuralretail_bronze_ingestion' retrieved from /opt/airflow/dags/dag_bronze_ingestion.py
[2026-06-03T14:30:46.188+0000] {logging_mixin.py:188} INFO - [2026-06-03T14:30:46.188+0000] {dag.py:3096} INFO - Sync 1 DAGs
[2026-06-03T14:30:46.220+0000] {logging_mixin.py:188} INFO - [2026-06-03T14:30:46.220+0000] {dag.py:3954} INFO - Setting next_dagrun for neuralretail_bronze_ingestion to 2026-06-02 02:00:00+00:00, run_after=2026-06-03 02:00:00+00:00
[2026-06-03T14:30:46.247+0000] {processor.py:183} INFO - Processing /opt/airflow/dags/dag_bronze_ingestion.py took 0.381 seconds
[2026-06-03T14:31:16.376+0000] {processor.py:161} INFO - Started process (PID=762) to work on /opt/airflow/dags/dag_bronze_ingestion.py
[2026-06-03T14:31:16.384+0000] {processor.py:830} INFO - Processing file /opt/airflow/dags/dag_bronze_ingestion.py for tasks to queue
[2026-06-03T14:31:16.395+0000] {logging_mixin.py:188} INFO - [2026-06-03T14:31:16.394+0000] {dagbag.py:540} INFO - Filling up the DagBag from /opt/airflow/dags/dag_bronze_ingestion.py
[2026-06-03T14:31:16.481+0000] {processor.py:840} INFO - DAG(s) 'neuralretail_bronze_ingestion' retrieved from /opt/airflow/dags/dag_bronze_ingestion.py
[2026-06-03T14:31:16.509+0000] {logging_mixin.py:188} INFO - [2026-06-03T14:31:16.509+0000] {dag.py:3096} INFO - Sync 1 DAGs
[2026-06-03T14:31:16.533+0000] {logging_mixin.py:188} INFO - [2026-06-03T14:31:16.532+0000] {dag.py:3954} INFO - Setting next_dagrun for neuralretail_bronze_ingestion to 2026-06-02 02:00:00+00:00, run_after=2026-06-03 02:00:00+00:00
[2026-06-03T14:31:16.556+0000] {processor.py:183} INFO - Processing /opt/airflow/dags/dag_bronze_ingestion.py took 0.194 seconds
[2026-06-03T14:31:46.828+0000] {processor.py:161} INFO - Started process (PID=782) to work on /opt/airflow/dags/dag_bronze_ingestion.py
[2026-06-03T14:31:46.830+0000] {processor.py:830} INFO - Processing file /opt/airflow/dags/dag_bronze_ingestion.py for tasks to queue
[2026-06-03T14:31:46.833+0000] {logging_mixin.py:188} INFO - [2026-06-03T14:31:46.833+0000] {dagbag.py:540} INFO - Filling up the DagBag from /opt/airflow/dags/dag_bronze_ingestion.py
[2026-06-03T14:31:46.883+0000] {processor.py:840} INFO - DAG(s) 'neuralretail_bronze_ingestion' retrieved from /opt/airflow/dags/dag_bronze_ingestion.py
[2026-06-03T14:31:46.904+0000] {logging_mixin.py:188} INFO - [2026-06-03T14:31:46.904+0000] {dag.py:3096} INFO - Sync 1 DAGs
[2026-06-03T14:31:46.922+0000] {logging_mixin.py:188} INFO - [2026-06-03T14:31:46.922+0000] {dag.py:3954} INFO - Setting next_dagrun for neuralretail_bronze_ingestion to 2026-06-02 02:00:00+00:00, run_after=2026-06-03 02:00:00+00:00
[2026-06-03T14:31:46.944+0000] {processor.py:183} INFO - Processing /opt/airflow/dags/dag_bronze_ingestion.py took 0.121 seconds
[2026-06-03T14:32:17.029+0000] {processor.py:161} INFO - Started process (PID=802) to work on /opt/airflow/dags/dag_bronze_ingestion.py
[2026-06-03T14:32:17.030+0000] {processor.py:830} INFO - Processing file /opt/airflow/dags/dag_bronze_ingestion.py for tasks to queue
[2026-06-03T14:32:17.033+0000] {logging_mixin.py:188} INFO - [2026-06-03T14:32:17.032+0000] {dagbag.py:540} INFO - Filling up the DagBag from /opt/airflow/dags/dag_bronze_ingestion.py
[2026-06-03T14:32:17.054+0000] {processor.py:840} INFO - DAG(s) 'neuralretail_bronze_ingestion' retrieved from /opt/airflow/dags/dag_bronze_ingestion.py
[2026-06-03T14:32:17.073+0000] {logging_mixin.py:188} INFO - [2026-06-03T14:32:17.073+0000] {dag.py:3096} INFO - Sync 1 DAGs
[2026-06-03T14:32:17.088+0000] {logging_mixin.py:188} INFO - [2026-06-03T14:32:17.088+0000] {dag.py:3954} INFO - Setting next_dagrun for neuralretail_bronze_ingestion to 2026-06-02 02:00:00+00:00, run_after=2026-06-03 02:00:00+00:00
[2026-06-03T14:32:17.105+0000] {processor.py:183} INFO - Processing /opt/airflow/dags/dag_bronze_ingestion.py took 0.080 seconds
[2026-06-03T14:32:47.433+0000] {processor.py:161} INFO - Started process (PID=822) to work on /opt/airflow/dags/dag_bronze_ingestion.py
[2026-06-03T14:32:47.435+0000] {processor.py:830} INFO - Processing file /opt/airflow/dags/dag_bronze_ingestion.py for tasks to queue
[2026-06-03T14:32:47.438+0000] {logging_mixin.py:188} INFO - [2026-06-03T14:32:47.437+0000] {dagbag.py:540} INFO - Filling up the DagBag from /opt/airflow/dags/dag_bronze_ingestion.py
[2026-06-03T14:32:47.497+0000] {processor.py:840} INFO - DAG(s) 'neuralretail_bronze_ingestion' retrieved from /opt/airflow/dags/dag_bronze_ingestion.py
[2026-06-03T14:32:47.521+0000] {logging_mixin.py:188} INFO - [2026-06-03T14:32:47.521+0000] {dag.py:3096} INFO - Sync 1 DAGs
[2026-06-03T14:32:47.542+0000] {logging_mixin.py:188} INFO - [2026-06-03T14:32:47.541+0000] {dag.py:3954} INFO - Setting next_dagrun for neuralretail_bronze_ingestion to 2026-06-02 02:00:00+00:00, run_after=2026-06-03 02:00:00+00:00
[2026-06-03T14:32:47.570+0000] {processor.py:183} INFO - Processing /opt/airflow/dags/dag_bronze_ingestion.py took 0.146 seconds
[2026-06-03T14:33:18.173+0000] {processor.py:161} INFO - Started process (PID=840) to work on /opt/airflow/dags/dag_bronze_ingestion.py
[2026-06-03T14:33:18.174+0000] {processor.py:830} INFO - Processing file /opt/airflow/dags/dag_bronze_ingestion.py for tasks to queue
[2026-06-03T14:33:18.176+0000] {logging_mixin.py:188} INFO - [2026-06-03T14:33:18.175+0000] {dagbag.py:540} INFO - Filling up the DagBag from /opt/airflow/dags/dag_bronze_ingestion.py
[2026-06-03T14:33:18.198+0000] {processor.py:840} INFO - DAG(s) 'neuralretail_bronze_ingestion' retrieved from /opt/airflow/dags/dag_bronze_ingestion.py
[2026-06-03T14:33:18.219+0000] {logging_mixin.py:188} INFO - [2026-06-03T14:33:18.219+0000] {dag.py:3096} INFO - Sync 1 DAGs
[2026-06-03T14:33:18.236+0000] {logging_mixin.py:188} INFO - [2026-06-03T14:33:18.236+0000] {dag.py:3954} INFO - Setting next_dagrun for neuralretail_bronze_ingestion to 2026-06-02 02:00:00+00:00, run_after=2026-06-03 02:00:00+00:00
[2026-06-03T14:33:18.252+0000] {processor.py:183} INFO - Processing /opt/airflow/dags/dag_bronze_ingestion.py took 0.083 seconds
[2026-06-03T14:33:48.435+0000] {processor.py:161} INFO - Started process (PID=860) to work on /opt/airflow/dags/dag_bronze_ingestion.py
[2026-06-03T14:33:48.436+0000] {processor.py:830} INFO - Processing file /opt/airflow/dags/dag_bronze_ingestion.py for tasks to queue
[2026-06-03T14:33:48.437+0000] {logging_mixin.py:188} INFO - [2026-06-03T14:33:48.437+0000] {dagbag.py:540} INFO - Filling up the DagBag from /opt/airflow/dags/dag_bronze_ingestion.py
[2026-06-03T14:33:48.458+0000] {processor.py:840} INFO - DAG(s) 'neuralretail_bronze_ingestion' retrieved from /opt/airflow/dags/dag_bronze_ingestion.py
[2026-06-03T14:33:48.480+0000] {logging_mixin.py:188} INFO - [2026-06-03T14:33:48.480+0000] {dag.py:3096} INFO - Sync 1 DAGs
[2026-06-03T14:33:48.498+0000] {logging_mixin.py:188} INFO - [2026-06-03T14:33:48.497+0000] {dag.py:3954} INFO - Setting next_dagrun for neuralretail_bronze_ingestion to 2026-06-02 02:00:00+00:00, run_after=2026-06-03 02:00:00+00:00
[2026-06-03T14:33:48.513+0000] {processor.py:183} INFO - Processing /opt/airflow/dags/dag_bronze_ingestion.py took 0.082 seconds
[2026-06-03T14:34:19.627+0000] {processor.py:161} INFO - Started process (PID=880) to work on /opt/airflow/dags/dag_bronze_ingestion.py
[2026-06-03T14:34:19.630+0000] {processor.py:830} INFO - Processing file /opt/airflow/dags/dag_bronze_ingestion.py for tasks to queue
[2026-06-03T14:34:19.635+0000] {logging_mixin.py:188} INFO - [2026-06-03T14:34:19.634+0000] {dagbag.py:540} INFO - Filling up the DagBag from /opt/airflow/dags/dag_bronze_ingestion.py
[2026-06-03T14:34:19.691+0000] {processor.py:840} INFO - DAG(s) 'neuralretail_bronze_ingestion' retrieved from /opt/airflow/dags/dag_bronze_ingestion.py
[2026-06-03T14:34:19.719+0000] {logging_mixin.py:188} INFO - [2026-06-03T14:34:19.719+0000] {dag.py:3096} INFO - Sync 1 DAGs
[2026-06-03T14:34:20.167+0000] {logging_mixin.py:188} INFO - [2026-06-03T14:34:20.167+0000] {dag.py:3954} INFO - Setting next_dagrun for neuralretail_bronze_ingestion to 2026-06-02 02:00:00+00:00, run_after=2026-06-03 02:00:00+00:00
[2026-06-03T14:34:20.182+0000] {processor.py:183} INFO - Processing /opt/airflow/dags/dag_bronze_ingestion.py took 0.567 seconds
[2026-06-03T14:34:51.027+0000] {processor.py:161} INFO - Started process (PID=900) to work on /opt/airflow/dags/dag_bronze_ingestion.py
[2026-06-03T14:34:51.029+0000] {processor.py:830} INFO - Processing file /opt/airflow/dags/dag_bronze_ingestion.py for tasks to queue
[2026-06-03T14:34:51.030+0000] {logging_mixin.py:188} INFO - [2026-06-03T14:34:51.030+0000] {dagbag.py:540} INFO - Filling up the DagBag from /opt/airflow/dags/dag_bronze_ingestion.py
[2026-06-03T14:34:51.069+0000] {processor.py:840} INFO - DAG(s) 'neuralretail_bronze_ingestion' retrieved from /opt/airflow/dags/dag_bronze_ingestion.py
[2026-06-03T14:34:51.087+0000] {logging_mixin.py:188} INFO - [2026-06-03T14:34:51.087+0000] {dag.py:3096} INFO - Sync 1 DAGs
[2026-06-03T14:34:51.103+0000] {logging_mixin.py:188} INFO - [2026-06-03T14:34:51.103+0000] {dag.py:3954} INFO - Setting next_dagrun for neuralretail_bronze_ingestion to 2026-06-02 02:00:00+00:00, run_after=2026-06-03 02:00:00+00:00
[2026-06-03T14:34:51.117+0000] {processor.py:183} INFO - Processing /opt/airflow/dags/dag_bronze_ingestion.py took 0.095 seconds
[2026-06-03T14:35:22.143+0000] {processor.py:161} INFO - Started process (PID=920) to work on /opt/airflow/dags/dag_bronze_ingestion.py
[2026-06-03T14:35:22.148+0000] {processor.py:830} INFO - Processing file /opt/airflow/dags/dag_bronze_ingestion.py for tasks to queue
[2026-06-03T14:35:22.159+0000] {logging_mixin.py:188} INFO - [2026-06-03T14:35:22.157+0000] {dagbag.py:540} INFO - Filling up the DagBag from /opt/airflow/dags/dag_bronze_ingestion.py
[2026-06-03T14:35:22.234+0000] {processor.py:840} INFO - DAG(s) 'neuralretail_bronze_ingestion' retrieved from /opt/airflow/dags/dag_bronze_ingestion.py
[2026-06-03T14:35:22.272+0000] {logging_mixin.py:188} INFO - [2026-06-03T14:35:22.272+0000] {dag.py:3096} INFO - Sync 1 DAGs
[2026-06-03T14:35:22.297+0000] {logging_mixin.py:188} INFO - [2026-06-03T14:35:22.297+0000] {dag.py:3954} INFO - Setting next_dagrun for neuralretail_bronze_ingestion to 2026-06-02 02:00:00+00:00, run_after=2026-06-03 02:00:00+00:00
[2026-06-03T14:35:22.506+0000] {processor.py:183} INFO - Processing /opt/airflow/dags/dag_bronze_ingestion.py took 0.378 seconds
[2026-06-03T14:35:53.050+0000] {processor.py:161} INFO - Started process (PID=947) to work on /opt/airflow/dags/dag_bronze_ingestion.py
[2026-06-03T14:35:53.051+0000] {processor.py:830} INFO - Processing file /opt/airflow/dags/dag_bronze_ingestion.py for tasks to queue
[2026-06-03T14:35:53.053+0000] {logging_mixin.py:188} INFO - [2026-06-03T14:35:53.052+0000] {dagbag.py:540} INFO - Filling up the DagBag from /opt/airflow/dags/dag_bronze_ingestion.py
[2026-06-03T14:35:53.096+0000] {processor.py:840} INFO - DAG(s) 'neuralretail_bronze_ingestion' retrieved from /opt/airflow/dags/dag_bronze_ingestion.py
[2026-06-03T14:35:53.114+0000] {logging_mixin.py:188} INFO - [2026-06-03T14:35:53.114+0000] {dag.py:3096} INFO - Sync 1 DAGs
[2026-06-03T14:35:53.129+0000] {logging_mixin.py:188} INFO - [2026-06-03T14:35:53.128+0000] {dag.py:3954} INFO - Setting next_dagrun for neuralretail_bronze_ingestion to 2026-06-02 02:00:00+00:00, run_after=2026-06-03 02:00:00+00:00
[2026-06-03T14:35:53.143+0000] {processor.py:183} INFO - Processing /opt/airflow/dags/dag_bronze_ingestion.py took 0.099 seconds
[2026-06-03T14:36:23.624+0000] {processor.py:161} INFO - Started process (PID=967) to work on /opt/airflow/dags/dag_bronze_ingestion.py
[2026-06-03T14:36:23.625+0000] {processor.py:830} INFO - Processing file /opt/airflow/dags/dag_bronze_ingestion.py for tasks to queue
[2026-06-03T14:36:23.628+0000] {logging_mixin.py:188} INFO - [2026-06-03T14:36:23.627+0000] {dagbag.py:540} INFO - Filling up the DagBag from /opt/airflow/dags/dag_bronze_ingestion.py
[2026-06-03T14:36:23.748+0000] {processor.py:840} INFO - DAG(s) 'neuralretail_bronze_ingestion' retrieved from /opt/airflow/dags/dag_bronze_ingestion.py
[2026-06-03T14:36:23.766+0000] {logging_mixin.py:188} INFO - [2026-06-03T14:36:23.766+0000] {dag.py:3096} INFO - Sync 1 DAGs
[2026-06-03T14:36:23.782+0000] {logging_mixin.py:188} INFO - [2026-06-03T14:36:23.782+0000] {dag.py:3954} INFO - Setting next_dagrun for neuralretail_bronze_ingestion to 2026-06-02 02:00:00+00:00, run_after=2026-06-03 02:00:00+00:00
[2026-06-03T14:36:23.816+0000] {processor.py:183} INFO - Processing /opt/airflow/dags/dag_bronze_ingestion.py took 0.203 seconds
[2026-06-03T14:36:54.131+0000] {processor.py:161} INFO - Started process (PID=987) to work on /opt/airflow/dags/dag_bronze_ingestion.py
[2026-06-03T14:36:54.132+0000] {processor.py:830} INFO - Processing file /opt/airflow/dags/dag_bronze_ingestion.py for tasks to queue
[2026-06-03T14:36:54.134+0000] {logging_mixin.py:188} INFO - [2026-06-03T14:36:54.134+0000] {dagbag.py:540} INFO - Filling up the DagBag from /opt/airflow/dags/dag_bronze_ingestion.py
[2026-06-03T14:36:54.203+0000] {processor.py:840} INFO - DAG(s) 'neuralretail_bronze_ingestion' retrieved from /opt/airflow/dags/dag_bronze_ingestion.py
[2026-06-03T14:36:54.222+0000] {logging_mixin.py:188} INFO - [2026-06-03T14:36:54.221+0000] {dag.py:3096} INFO - Sync 1 DAGs
[2026-06-03T14:36:54.325+0000] {logging_mixin.py:188} INFO - [2026-06-03T14:36:54.325+0000] {dag.py:3954} INFO - Setting next_dagrun for neuralretail_bronze_ingestion to 2026-06-02 02:00:00+00:00, run_after=2026-06-03 02:00:00+00:00
[2026-06-03T14:36:54.340+0000] {processor.py:183} INFO - Processing /opt/airflow/dags/dag_bronze_ingestion.py took 0.222 seconds
[2026-06-03T14:37:25.498+0000] {processor.py:161} INFO - Started process (PID=1005) to work on /opt/airflow/dags/dag_bronze_ingestion.py
[2026-06-03T14:37:25.500+0000] {processor.py:830} INFO - Processing file /opt/airflow/dags/dag_bronze_ingestion.py for tasks to queue
[2026-06-03T14:37:25.505+0000] {logging_mixin.py:188} INFO - [2026-06-03T14:37:25.505+0000] {dagbag.py:540} INFO - Filling up the DagBag from /opt/airflow/dags/dag_bronze_ingestion.py
[2026-06-03T14:37:25.565+0000] {processor.py:840} INFO - DAG(s) 'neuralretail_bronze_ingestion' retrieved from /opt/airflow/dags/dag_bronze_ingestion.py
[2026-06-03T14:37:25.584+0000] {logging_mixin.py:188} INFO - [2026-06-03T14:37:25.584+0000] {dag.py:3096} INFO - Sync 1 DAGs
[2026-06-03T14:37:25.657+0000] {logging_mixin.py:188} INFO - [2026-06-03T14:37:25.656+0000] {dag.py:3954} INFO - Setting next_dagrun for neuralretail_bronze_ingestion to 2026-06-02 02:00:00+00:00, run_after=2026-06-03 02:00:00+00:00
[2026-06-03T14:37:25.693+0000] {processor.py:183} INFO - Processing /opt/airflow/dags/dag_bronze_ingestion.py took 0.201 seconds
[2026-06-03T14:37:55.891+0000] {processor.py:161} INFO - Started process (PID=1027) to work on /opt/airflow/dags/dag_bronze_ingestion.py
[2026-06-03T14:37:55.892+0000] {processor.py:830} INFO - Processing file /opt/airflow/dags/dag_bronze_ingestion.py for tasks to queue
[2026-06-03T14:37:55.894+0000] {logging_mixin.py:188} INFO - [2026-06-03T14:37:55.894+0000] {dagbag.py:540} INFO - Filling up the DagBag from /opt/airflow/dags/dag_bronze_ingestion.py
[2026-06-03T14:37:55.929+0000] {processor.py:840} INFO - DAG(s) 'neuralretail_bronze_ingestion' retrieved from /opt/airflow/dags/dag_bronze_ingestion.py
[2026-06-03T14:37:55.948+0000] {logging_mixin.py:188} INFO - [2026-06-03T14:37:55.948+0000] {dag.py:3096} INFO - Sync 1 DAGs
[2026-06-03T14:37:55.965+0000] {logging_mixin.py:188} INFO - [2026-06-03T14:37:55.964+0000] {dag.py:3954} INFO - Setting next_dagrun for neuralretail_bronze_ingestion to 2026-06-02 02:00:00+00:00, run_after=2026-06-03 02:00:00+00:00
[2026-06-03T14:37:55.979+0000] {processor.py:183} INFO - Processing /opt/airflow/dags/dag_bronze_ingestion.py took 0.093 seconds
[2026-06-03T14:38:26.217+0000] {processor.py:161} INFO - Started process (PID=1045) to work on /opt/airflow/dags/dag_bronze_ingestion.py
[2026-06-03T14:38:26.220+0000] {processor.py:830} INFO - Processing file /opt/airflow/dags/dag_bronze_ingestion.py for tasks to queue
[2026-06-03T14:38:26.222+0000] {logging_mixin.py:188} INFO - [2026-06-03T14:38:26.222+0000] {dagbag.py:540} INFO - Filling up the DagBag from /opt/airflow/dags/dag_bronze_ingestion.py
[2026-06-03T14:38:26.305+0000] {processor.py:840} INFO - DAG(s) 'neuralretail_bronze_ingestion' retrieved from /opt/airflow/dags/dag_bronze_ingestion.py
[2026-06-03T14:38:26.336+0000] {logging_mixin.py:188} INFO - [2026-06-03T14:38:26.336+0000] {dag.py:3096} INFO - Sync 1 DAGs
[2026-06-03T14:38:26.363+0000] {logging_mixin.py:188} INFO - [2026-06-03T14:38:26.362+0000] {dag.py:3954} INFO - Setting next_dagrun for neuralretail_bronze_ingestion to 2026-06-02 02:00:00+00:00, run_after=2026-06-03 02:00:00+00:00
[2026-06-03T14:38:26.412+0000] {processor.py:183} INFO - Processing /opt/airflow/dags/dag_bronze_ingestion.py took 0.203 seconds
[2026-06-03T14:38:56.512+0000] {processor.py:161} INFO - Started process (PID=1067) to work on /opt/airflow/dags/dag_bronze_ingestion.py
[2026-06-03T14:38:56.517+0000] {processor.py:830} INFO - Processing file /opt/airflow/dags/dag_bronze_ingestion.py for tasks to queue
[2026-06-03T14:38:56.519+0000] {logging_mixin.py:188} INFO - [2026-06-03T14:38:56.519+0000] {dagbag.py:540} INFO - Filling up the DagBag from /opt/airflow/dags/dag_bronze_ingestion.py
[2026-06-03T14:38:56.545+0000] {processor.py:840} INFO - DAG(s) 'neuralretail_bronze_ingestion' retrieved from /opt/airflow/dags/dag_bronze_ingestion.py
[2026-06-03T14:38:56.562+0000] {logging_mixin.py:188} INFO - [2026-06-03T14:38:56.561+0000] {dag.py:3096} INFO - Sync 1 DAGs
[2026-06-03T14:38:56.576+0000] {logging_mixin.py:188} INFO - [2026-06-03T14:38:56.576+0000] {dag.py:3954} INFO - Setting next_dagrun for neuralretail_bronze_ingestion to 2026-06-02 02:00:00+00:00, run_after=2026-06-03 02:00:00+00:00
[2026-06-03T14:38:56.592+0000] {processor.py:183} INFO - Processing /opt/airflow/dags/dag_bronze_ingestion.py took 0.085 seconds
[2026-06-03T14:39:27.019+0000] {processor.py:161} INFO - Started process (PID=1087) to work on /opt/airflow/dags/dag_bronze_ingestion.py
[2026-06-03T14:39:27.020+0000] {processor.py:830} INFO - Processing file /opt/airflow/dags/dag_bronze_ingestion.py for tasks to queue
[2026-06-03T14:39:27.022+0000] {logging_mixin.py:188} INFO - [2026-06-03T14:39:27.022+0000] {dagbag.py:540} INFO - Filling up the DagBag from /opt/airflow/dags/dag_bronze_ingestion.py
[2026-06-03T14:39:27.070+0000] {processor.py:840} INFO - DAG(s) 'neuralretail_bronze_ingestion' retrieved from /opt/airflow/dags/dag_bronze_ingestion.py
[2026-06-03T14:39:27.091+0000] {logging_mixin.py:188} INFO - [2026-06-03T14:39:27.090+0000] {dag.py:3096} INFO - Sync 1 DAGs
[2026-06-03T14:39:27.105+0000] {logging_mixin.py:188} INFO - [2026-06-03T14:39:27.105+0000] {dag.py:3954} INFO - Setting next_dagrun for neuralretail_bronze_ingestion to 2026-06-02 02:00:00+00:00, run_after=2026-06-03 02:00:00+00:00
[2026-06-03T14:39:27.119+0000] {processor.py:183} INFO - Processing /opt/airflow/dags/dag_bronze_ingestion.py took 0.107 seconds
[2026-06-03T14:39:58.246+0000] {processor.py:161} INFO - Started process (PID=1105) to work on /opt/airflow/dags/dag_bronze_ingestion.py
[2026-06-03T14:39:58.247+0000] {processor.py:830} INFO - Processing file /opt/airflow/dags/dag_bronze_ingestion.py for tasks to queue
[2026-06-03T14:39:58.255+0000] {logging_mixin.py:188} INFO - [2026-06-03T14:39:58.255+0000] {dagbag.py:540} INFO - Filling up the DagBag from /opt/airflow/dags/dag_bronze_ingestion.py
[2026-06-03T14:39:58.302+0000] {processor.py:840} INFO - DAG(s) 'neuralretail_bronze_ingestion' retrieved from /opt/airflow/dags/dag_bronze_ingestion.py
[2026-06-03T14:39:58.319+0000] {logging_mixin.py:188} INFO - [2026-06-03T14:39:58.319+0000] {dag.py:3096} INFO - Sync 1 DAGs
[2026-06-03T14:39:58.333+0000] {logging_mixin.py:188} INFO - [2026-06-03T14:39:58.333+0000] {dag.py:3954} INFO - Setting next_dagrun for neuralretail_bronze_ingestion to 2026-06-02 02:00:00+00:00, run_after=2026-06-03 02:00:00+00:00
[2026-06-03T14:39:58.349+0000] {processor.py:183} INFO - Processing /opt/airflow/dags/dag_bronze_ingestion.py took 0.109 seconds
[2026-06-03T14:40:29.387+0000] {processor.py:161} INFO - Started process (PID=1127) to work on /opt/airflow/dags/dag_bronze_ingestion.py
[2026-06-03T14:40:29.388+0000] {processor.py:830} INFO - Processing file /opt/airflow/dags/dag_bronze_ingestion.py for tasks to queue
[2026-06-03T14:40:29.389+0000] {logging_mixin.py:188} INFO - [2026-06-03T14:40:29.389+0000] {dagbag.py:540} INFO - Filling up the DagBag from /opt/airflow/dags/dag_bronze_ingestion.py
[2026-06-03T14:40:29.412+0000] {processor.py:840} INFO - DAG(s) 'neuralretail_bronze_ingestion' retrieved from /opt/airflow/dags/dag_bronze_ingestion.py
[2026-06-03T14:40:29.430+0000] {logging_mixin.py:188} INFO - [2026-06-03T14:40:29.430+0000] {dag.py:3096} INFO - Sync 1 DAGs
[2026-06-03T14:40:29.445+0000] {logging_mixin.py:188} INFO - [2026-06-03T14:40:29.445+0000] {dag.py:3954} INFO - Setting next_dagrun for neuralretail_bronze_ingestion to 2026-06-02 02:00:00+00:00, run_after=2026-06-03 02:00:00+00:00
[2026-06-03T14:40:29.461+0000] {processor.py:183} INFO - Processing /opt/airflow/dags/dag_bronze_ingestion.py took 0.081 seconds
[2026-06-03T14:41:00.073+0000] {processor.py:161} INFO - Started process (PID=1147) to work on /opt/airflow/dags/dag_bronze_ingestion.py
[2026-06-03T14:41:00.075+0000] {processor.py:830} INFO - Processing file /opt/airflow/dags/dag_bronze_ingestion.py for tasks to queue
[2026-06-03T14:41:00.077+0000] {logging_mixin.py:188} INFO - [2026-06-03T14:41:00.077+0000] {dagbag.py:540} INFO - Filling up the DagBag from /opt/airflow/dags/dag_bronze_ingestion.py
[2026-06-03T14:41:00.181+0000] {processor.py:840} INFO - DAG(s) 'neuralretail_bronze_ingestion' retrieved from /opt/airflow/dags/dag_bronze_ingestion.py
[2026-06-03T14:41:00.202+0000] {logging_mixin.py:188} INFO - [2026-06-03T14:41:00.202+0000] {dag.py:3096} INFO - Sync 1 DAGs
[2026-06-03T14:41:00.223+0000] {logging_mixin.py:188} INFO - [2026-06-03T14:41:00.223+0000] {dag.py:3954} INFO - Setting next_dagrun for neuralretail_bronze_ingestion to 2026-06-02 02:00:00+00:00, run_after=2026-06-03 02:00:00+00:00
[2026-06-03T14:41:00.250+0000] {processor.py:183} INFO - Processing /opt/airflow/dags/dag_bronze_ingestion.py took 0.187 seconds
[2026-06-03T14:41:30.470+0000] {processor.py:161} INFO - Started process (PID=1167) to work on /opt/airflow/dags/dag_bronze_ingestion.py
[2026-06-03T14:41:30.473+0000] {processor.py:830} INFO - Processing file /opt/airflow/dags/dag_bronze_ingestion.py for tasks to queue
[2026-06-03T14:41:30.476+0000] {logging_mixin.py:188} INFO - [2026-06-03T14:41:30.476+0000] {dagbag.py:540} INFO - Filling up the DagBag from /opt/airflow/dags/dag_bronze_ingestion.py
[2026-06-03T14:41:30.593+0000] {processor.py:840} INFO - DAG(s) 'neuralretail_bronze_ingestion' retrieved from /opt/airflow/dags/dag_bronze_ingestion.py
[2026-06-03T14:41:30.613+0000] {logging_mixin.py:188} INFO - [2026-06-03T14:41:30.613+0000] {dag.py:3096} INFO - Sync 1 DAGs
[2026-06-03T14:41:30.629+0000] {logging_mixin.py:188} INFO - [2026-06-03T14:41:30.629+0000] {dag.py:3954} INFO - Setting next_dagrun for neuralretail_bronze_ingestion to 2026-06-02 02:00:00+00:00, run_after=2026-06-03 02:00:00+00:00
[2026-06-03T14:41:30.668+0000] {processor.py:183} INFO - Processing /opt/airflow/dags/dag_bronze_ingestion.py took 0.211 seconds
[2026-06-03T14:42:01.532+0000] {processor.py:161} INFO - Started process (PID=1185) to work on /opt/airflow/dags/dag_bronze_ingestion.py
[2026-06-03T14:42:01.534+0000] {processor.py:830} INFO - Processing file /opt/airflow/dags/dag_bronze_ingestion.py for tasks to queue
[2026-06-03T14:42:01.537+0000] {logging_mixin.py:188} INFO - [2026-06-03T14:42:01.537+0000] {dagbag.py:540} INFO - Filling up the DagBag from /opt/airflow/dags/dag_bronze_ingestion.py
[2026-06-03T14:42:01.624+0000] {processor.py:840} INFO - DAG(s) 'neuralretail_bronze_ingestion' retrieved from /opt/airflow/dags/dag_bronze_ingestion.py
[2026-06-03T14:42:01.647+0000] {logging_mixin.py:188} INFO - [2026-06-03T14:42:01.647+0000] {dag.py:3096} INFO - Sync 1 DAGs
[2026-06-03T14:42:01.664+0000] {logging_mixin.py:188} INFO - [2026-06-03T14:42:01.664+0000] {dag.py:3954} INFO - Setting next_dagrun for neuralretail_bronze_ingestion to 2026-06-02 02:00:00+00:00, run_after=2026-06-03 02:00:00+00:00
[2026-06-03T14:42:01.684+0000] {processor.py:183} INFO - Processing /opt/airflow/dags/dag_bronze_ingestion.py took 0.158 seconds
[2026-06-03T14:42:32.942+0000] {processor.py:161} INFO - Started process (PID=1207) to work on /opt/airflow/dags/dag_bronze_ingestion.py
[2026-06-03T14:42:32.944+0000] {processor.py:830} INFO - Processing file /opt/airflow/dags/dag_bronze_ingestion.py for tasks to queue
[2026-06-03T14:42:32.948+0000] {logging_mixin.py:188} INFO - [2026-06-03T14:42:32.947+0000] {dagbag.py:540} INFO - Filling up the DagBag from /opt/airflow/dags/dag_bronze_ingestion.py
[2026-06-03T14:42:32.984+0000] {processor.py:840} INFO - DAG(s) 'neuralretail_bronze_ingestion' retrieved from /opt/airflow/dags/dag_bronze_ingestion.py
[2026-06-03T14:42:33.006+0000] {logging_mixin.py:188} INFO - [2026-06-03T14:42:33.005+0000] {dag.py:3096} INFO - Sync 1 DAGs
[2026-06-03T14:42:33.022+0000] {logging_mixin.py:188} INFO - [2026-06-03T14:42:33.022+0000] {dag.py:3954} INFO - Setting next_dagrun for neuralretail_bronze_ingestion to 2026-06-02 02:00:00+00:00, run_after=2026-06-03 02:00:00+00:00
[2026-06-03T14:42:33.043+0000] {processor.py:183} INFO - Processing /opt/airflow/dags/dag_bronze_ingestion.py took 0.117 seconds
[2026-06-03T14:43:03.177+0000] {processor.py:161} INFO - Started process (PID=1227) to work on /opt/airflow/dags/dag_bronze_ingestion.py
[2026-06-03T14:43:03.178+0000] {processor.py:830} INFO - Processing file /opt/airflow/dags/dag_bronze_ingestion.py for tasks to queue
[2026-06-03T14:43:03.179+0000] {logging_mixin.py:188} INFO - [2026-06-03T14:43:03.179+0000] {dagbag.py:540} INFO - Filling up the DagBag from /opt/airflow/dags/dag_bronze_ingestion.py
[2026-06-03T14:43:03.200+0000] {processor.py:840} INFO - DAG(s) 'neuralretail_bronze_ingestion' retrieved from /opt/airflow/dags/dag_bronze_ingestion.py
[2026-06-03T14:43:03.218+0000] {logging_mixin.py:188} INFO - [2026-06-03T14:43:03.217+0000] {dag.py:3096} INFO - Sync 1 DAGs
[2026-06-03T14:43:03.234+0000] {logging_mixin.py:188} INFO - [2026-06-03T14:43:03.234+0000] {dag.py:3954} INFO - Setting next_dagrun for neuralretail_bronze_ingestion to 2026-06-02 02:00:00+00:00, run_after=2026-06-03 02:00:00+00:00
[2026-06-03T14:43:03.281+0000] {processor.py:183} INFO - Processing /opt/airflow/dags/dag_bronze_ingestion.py took 0.110 seconds
[2026-06-03T14:43:33.451+0000] {processor.py:161} INFO - Started process (PID=1247) to work on /opt/airflow/dags/dag_bronze_ingestion.py
[2026-06-03T14:43:33.452+0000] {processor.py:830} INFO - Processing file /opt/airflow/dags/dag_bronze_ingestion.py for tasks to queue
[2026-06-03T14:43:33.453+0000] {logging_mixin.py:188} INFO - [2026-06-03T14:43:33.453+0000] {dagbag.py:540} INFO - Filling up the DagBag from /opt/airflow/dags/dag_bronze_ingestion.py
[2026-06-03T14:43:33.473+0000] {processor.py:840} INFO - DAG(s) 'neuralretail_bronze_ingestion' retrieved from /opt/airflow/dags/dag_bronze_ingestion.py
[2026-06-03T14:43:33.491+0000] {logging_mixin.py:188} INFO - [2026-06-03T14:43:33.491+0000] {dag.py:3096} INFO - Sync 1 DAGs
[2026-06-03T14:43:33.507+0000] {logging_mixin.py:188} INFO - [2026-06-03T14:43:33.507+0000] {dag.py:3954} INFO - Setting next_dagrun for neuralretail_bronze_ingestion to 2026-06-02 02:00:00+00:00, run_after=2026-06-03 02:00:00+00:00
[2026-06-03T14:43:33.525+0000] {processor.py:183} INFO - Processing /opt/airflow/dags/dag_bronze_ingestion.py took 0.079 seconds
[2026-06-03T14:44:03.606+0000] {processor.py:161} INFO - Started process (PID=1267) to work on /opt/airflow/dags/dag_bronze_ingestion.py
[2026-06-03T14:44:03.607+0000] {processor.py:830} INFO - Processing file /opt/airflow/dags/dag_bronze_ingestion.py for tasks to queue
[2026-06-03T14:44:03.608+0000] {logging_mixin.py:188} INFO - [2026-06-03T14:44:03.608+0000] {dagbag.py:540} INFO - Filling up the DagBag from /opt/airflow/dags/dag_bronze_ingestion.py
[2026-06-03T14:44:03.628+0000] {processor.py:840} INFO - DAG(s) 'neuralretail_bronze_ingestion' retrieved from /opt/airflow/dags/dag_bronze_ingestion.py
[2026-06-03T14:44:03.648+0000] {logging_mixin.py:188} INFO - [2026-06-03T14:44:03.648+0000] {dag.py:3096} INFO - Sync 1 DAGs
[2026-06-03T14:44:03.665+0000] {logging_mixin.py:188} INFO - [2026-06-03T14:44:03.665+0000] {dag.py:3954} INFO - Setting next_dagrun for neuralretail_bronze_ingestion to 2026-06-02 02:00:00+00:00, run_after=2026-06-03 02:00:00+00:00
[2026-06-03T14:44:03.682+0000] {processor.py:183} INFO - Processing /opt/airflow/dags/dag_bronze_ingestion.py took 0.080 seconds
[2026-06-03T14:44:33.812+0000] {processor.py:161} INFO - Started process (PID=1287) to work on /opt/airflow/dags/dag_bronze_ingestion.py
[2026-06-03T14:44:33.813+0000] {processor.py:830} INFO - Processing file /opt/airflow/dags/dag_bronze_ingestion.py for tasks to queue
[2026-06-03T14:44:33.814+0000] {logging_mixin.py:188} INFO - [2026-06-03T14:44:33.814+0000] {dagbag.py:540} INFO - Filling up the DagBag from /opt/airflow/dags/dag_bronze_ingestion.py
[2026-06-03T14:44:33.833+0000] {processor.py:840} INFO - DAG(s) 'neuralretail_bronze_ingestion' retrieved from /opt/airflow/dags/dag_bronze_ingestion.py
[2026-06-03T14:44:33.850+0000] {logging_mixin.py:188} INFO - [2026-06-03T14:44:33.850+0000] {dag.py:3096} INFO - Sync 1 DAGs
[2026-06-03T14:44:33.865+0000] {logging_mixin.py:188} INFO - [2026-06-03T14:44:33.864+0000] {dag.py:3954} INFO - Setting next_dagrun for neuralretail_bronze_ingestion to 2026-06-02 02:00:00+00:00, run_after=2026-06-03 02:00:00+00:00
[2026-06-03T14:44:33.880+0000] {processor.py:183} INFO - Processing /opt/airflow/dags/dag_bronze_ingestion.py took 0.072 seconds
[2026-06-03T14:45:04.090+0000] {processor.py:161} INFO - Started process (PID=1307) to work on /opt/airflow/dags/dag_bronze_ingestion.py
[2026-06-03T14:45:04.091+0000] {processor.py:830} INFO - Processing file /opt/airflow/dags/dag_bronze_ingestion.py for tasks to queue
[2026-06-03T14:45:04.092+0000] {logging_mixin.py:188} INFO - [2026-06-03T14:45:04.092+0000] {dagbag.py:540} INFO - Filling up the DagBag from /opt/airflow/dags/dag_bronze_ingestion.py
[2026-06-03T14:45:04.121+0000] {processor.py:840} INFO - DAG(s) 'neuralretail_bronze_ingestion' retrieved from /opt/airflow/dags/dag_bronze_ingestion.py
[2026-06-03T14:45:04.140+0000] {logging_mixin.py:188} INFO - [2026-06-03T14:45:04.140+0000] {dag.py:3096} INFO - Sync 1 DAGs
[2026-06-03T14:45:04.155+0000] {logging_mixin.py:188} INFO - [2026-06-03T14:45:04.155+0000] {dag.py:3954} INFO - Setting next_dagrun for neuralretail_bronze_ingestion to 2026-06-02 02:00:00+00:00, run_after=2026-06-03 02:00:00+00:00
[2026-06-03T14:45:04.172+0000] {processor.py:183} INFO - Processing /opt/airflow/dags/dag_bronze_ingestion.py took 0.086 seconds
[2026-06-03T14:45:35.215+0000] {processor.py:161} INFO - Started process (PID=1327) to work on /opt/airflow/dags/dag_bronze_ingestion.py
[2026-06-03T14:45:35.216+0000] {processor.py:830} INFO - Processing file /opt/airflow/dags/dag_bronze_ingestion.py for tasks to queue
[2026-06-03T14:45:35.218+0000] {logging_mixin.py:188} INFO - [2026-06-03T14:45:35.218+0000] {dagbag.py:540} INFO - Filling up the DagBag from /opt/airflow/dags/dag_bronze_ingestion.py
[2026-06-03T14:45:35.236+0000] {processor.py:840} INFO - DAG(s) 'neuralretail_bronze_ingestion' retrieved from /opt/airflow/dags/dag_bronze_ingestion.py
[2026-06-03T14:45:35.254+0000] {logging_mixin.py:188} INFO - [2026-06-03T14:45:35.254+0000] {dag.py:3096} INFO - Sync 1 DAGs
[2026-06-03T14:45:35.269+0000] {logging_mixin.py:188} INFO - [2026-06-03T14:45:35.268+0000] {dag.py:3954} INFO - Setting next_dagrun for neuralretail_bronze_ingestion to 2026-06-02 02:00:00+00:00, run_after=2026-06-03 02:00:00+00:00
[2026-06-03T14:45:35.284+0000] {processor.py:183} INFO - Processing /opt/airflow/dags/dag_bronze_ingestion.py took 0.073 seconds
[2026-06-03T14:46:06.338+0000] {processor.py:161} INFO - Started process (PID=1347) to work on /opt/airflow/dags/dag_bronze_ingestion.py
[2026-06-03T14:46:06.340+0000] {processor.py:830} INFO - Processing file /opt/airflow/dags/dag_bronze_ingestion.py for tasks to queue
[2026-06-03T14:46:06.343+0000] {logging_mixin.py:188} INFO - [2026-06-03T14:46:06.342+0000] {dagbag.py:540} INFO - Filling up the DagBag from /opt/airflow/dags/dag_bronze_ingestion.py
[2026-06-03T14:46:06.411+0000] {processor.py:840} INFO - DAG(s) 'neuralretail_bronze_ingestion' retrieved from /opt/airflow/dags/dag_bronze_ingestion.py
[2026-06-03T14:46:06.433+0000] {logging_mixin.py:188} INFO - [2026-06-03T14:46:06.433+0000] {dag.py:3096} INFO - Sync 1 DAGs
[2026-06-03T14:46:06.453+0000] {logging_mixin.py:188} INFO - [2026-06-03T14:46:06.453+0000] {dag.py:3954} INFO - Setting next_dagrun for neuralretail_bronze_ingestion to 2026-06-02 02:00:00+00:00, run_after=2026-06-03 02:00:00+00:00
[2026-06-03T14:46:06.468+0000] {processor.py:183} INFO - Processing /opt/airflow/dags/dag_bronze_ingestion.py took 0.137 seconds
[2026-06-03T14:46:36.654+0000] {processor.py:161} INFO - Started process (PID=1367) to work on /opt/airflow/dags/dag_bronze_ingestion.py
[2026-06-03T14:46:36.655+0000] {processor.py:830} INFO - Processing file /opt/airflow/dags/dag_bronze_ingestion.py for tasks to queue
[2026-06-03T14:46:36.657+0000] {logging_mixin.py:188} INFO - [2026-06-03T14:46:36.657+0000] {dagbag.py:540} INFO - Filling up the DagBag from /opt/airflow/dags/dag_bronze_ingestion.py
[2026-06-03T14:46:36.705+0000] {processor.py:840} INFO - DAG(s) 'neuralretail_bronze_ingestion' retrieved from /opt/airflow/dags/dag_bronze_ingestion.py
[2026-06-03T14:46:36.743+0000] {logging_mixin.py:188} INFO - [2026-06-03T14:46:36.742+0000] {dag.py:3096} INFO - Sync 1 DAGs
[2026-06-03T14:46:36.764+0000] {logging_mixin.py:188} INFO - [2026-06-03T14:46:36.763+0000] {dag.py:3954} INFO - Setting next_dagrun for neuralretail_bronze_ingestion to 2026-06-02 02:00:00+00:00, run_after=2026-06-03 02:00:00+00:00
[2026-06-03T14:46:36.799+0000] {processor.py:183} INFO - Processing /opt/airflow/dags/dag_bronze_ingestion.py took 0.152 seconds
[2026-06-03T14:47:06.989+0000] {processor.py:161} INFO - Started process (PID=1387) to work on /opt/airflow/dags/dag_bronze_ingestion.py
[2026-06-03T14:47:06.991+0000] {processor.py:830} INFO - Processing file /opt/airflow/dags/dag_bronze_ingestion.py for tasks to queue
[2026-06-03T14:47:06.993+0000] {logging_mixin.py:188} INFO - [2026-06-03T14:47:06.993+0000] {dagbag.py:540} INFO - Filling up the DagBag from /opt/airflow/dags/dag_bronze_ingestion.py
[2026-06-03T14:47:07.048+0000] {processor.py:840} INFO - DAG(s) 'neuralretail_bronze_ingestion' retrieved from /opt/airflow/dags/dag_bronze_ingestion.py
[2026-06-03T14:47:07.065+0000] {logging_mixin.py:188} INFO - [2026-06-03T14:47:07.065+0000] {dag.py:3096} INFO - Sync 1 DAGs
[2026-06-03T14:47:07.081+0000] {logging_mixin.py:188} INFO - [2026-06-03T14:47:07.081+0000] {dag.py:3954} INFO - Setting next_dagrun for neuralretail_bronze_ingestion to 2026-06-02 02:00:00+00:00, run_after=2026-06-03 02:00:00+00:00
[2026-06-03T14:47:07.097+0000] {processor.py:183} INFO - Processing /opt/airflow/dags/dag_bronze_ingestion.py took 0.116 seconds
[2026-06-03T14:47:37.244+0000] {processor.py:161} INFO - Started process (PID=1407) to work on /opt/airflow/dags/dag_bronze_ingestion.py
[2026-06-03T14:47:37.246+0000] {processor.py:830} INFO - Processing file /opt/airflow/dags/dag_bronze_ingestion.py for tasks to queue
[2026-06-03T14:47:37.248+0000] {logging_mixin.py:188} INFO - [2026-06-03T14:47:37.247+0000] {dagbag.py:540} INFO - Filling up the DagBag from /opt/airflow/dags/dag_bronze_ingestion.py
[2026-06-03T14:47:37.291+0000] {processor.py:840} INFO - DAG(s) 'neuralretail_bronze_ingestion' retrieved from /opt/airflow/dags/dag_bronze_ingestion.py
[2026-06-03T14:47:37.309+0000] {logging_mixin.py:188} INFO - [2026-06-03T14:47:37.309+0000] {dag.py:3096} INFO - Sync 1 DAGs
[2026-06-03T14:47:37.324+0000] {logging_mixin.py:188} INFO - [2026-06-03T14:47:37.324+0000] {dag.py:3954} INFO - Setting next_dagrun for neuralretail_bronze_ingestion to 2026-06-02 02:00:00+00:00, run_after=2026-06-03 02:00:00+00:00
[2026-06-03T14:47:37.342+0000] {processor.py:183} INFO - Processing /opt/airflow/dags/dag_bronze_ingestion.py took 0.103 seconds
[2026-06-03T14:48:08.392+0000] {processor.py:161} INFO - Started process (PID=1427) to work on /opt/airflow/dags/dag_bronze_ingestion.py
[2026-06-03T14:48:08.393+0000] {processor.py:830} INFO - Processing file /opt/airflow/dags/dag_bronze_ingestion.py for tasks to queue
[2026-06-03T14:48:08.395+0000] {logging_mixin.py:188} INFO - [2026-06-03T14:48:08.395+0000] {dagbag.py:540} INFO - Filling up the DagBag from /opt/airflow/dags/dag_bronze_ingestion.py
[2026-06-03T14:48:08.421+0000] {processor.py:840} INFO - DAG(s) 'neuralretail_bronze_ingestion' retrieved from /opt/airflow/dags/dag_bronze_ingestion.py
[2026-06-03T14:48:08.446+0000] {logging_mixin.py:188} INFO - [2026-06-03T14:48:08.445+0000] {dag.py:3096} INFO - Sync 1 DAGs
[2026-06-03T14:48:08.489+0000] {logging_mixin.py:188} INFO - [2026-06-03T14:48:08.489+0000] {dag.py:3954} INFO - Setting next_dagrun for neuralretail_bronze_ingestion to 2026-06-02 02:00:00+00:00, run_after=2026-06-03 02:00:00+00:00
[2026-06-03T14:48:08.517+0000] {processor.py:183} INFO - Processing /opt/airflow/dags/dag_bronze_ingestion.py took 0.131 seconds
[2026-06-03T14:48:38.768+0000] {processor.py:161} INFO - Started process (PID=1447) to work on /opt/airflow/dags/dag_bronze_ingestion.py
[2026-06-03T14:48:38.769+0000] {processor.py:830} INFO - Processing file /opt/airflow/dags/dag_bronze_ingestion.py for tasks to queue
[2026-06-03T14:48:38.770+0000] {logging_mixin.py:188} INFO - [2026-06-03T14:48:38.770+0000] {dagbag.py:540} INFO - Filling up the DagBag from /opt/airflow/dags/dag_bronze_ingestion.py
[2026-06-03T14:48:38.792+0000] {processor.py:840} INFO - DAG(s) 'neuralretail_bronze_ingestion' retrieved from /opt/airflow/dags/dag_bronze_ingestion.py
[2026-06-03T14:48:38.810+0000] {logging_mixin.py:188} INFO - [2026-06-03T14:48:38.810+0000] {dag.py:3096} INFO - Sync 1 DAGs
[2026-06-03T14:48:38.826+0000] {logging_mixin.py:188} INFO - [2026-06-03T14:48:38.825+0000] {dag.py:3954} INFO - Setting next_dagrun for neuralretail_bronze_ingestion to 2026-06-02 02:00:00+00:00, run_after=2026-06-03 02:00:00+00:00
[2026-06-03T14:48:38.854+0000] {processor.py:183} INFO - Processing /opt/airflow/dags/dag_bronze_ingestion.py took 0.090 seconds
[2026-06-03T14:49:09.060+0000] {processor.py:161} INFO - Started process (PID=1467) to work on /opt/airflow/dags/dag_bronze_ingestion.py
[2026-06-03T14:49:09.061+0000] {processor.py:830} INFO - Processing file /opt/airflow/dags/dag_bronze_ingestion.py for tasks to queue
[2026-06-03T14:49:09.063+0000] {logging_mixin.py:188} INFO - [2026-06-03T14:49:09.063+0000] {dagbag.py:540} INFO - Filling up the DagBag from /opt/airflow/dags/dag_bronze_ingestion.py
[2026-06-03T14:49:09.096+0000] {processor.py:840} INFO - DAG(s) 'neuralretail_bronze_ingestion' retrieved from /opt/airflow/dags/dag_bronze_ingestion.py
[2026-06-03T14:49:09.114+0000] {logging_mixin.py:188} INFO - [2026-06-03T14:49:09.113+0000] {dag.py:3096} INFO - Sync 1 DAGs
[2026-06-03T14:49:09.132+0000] {logging_mixin.py:188} INFO - [2026-06-03T14:49:09.132+0000] {dag.py:3954} INFO - Setting next_dagrun for neuralretail_bronze_ingestion to 2026-06-02 02:00:00+00:00, run_after=2026-06-03 02:00:00+00:00
[2026-06-03T14:49:09.172+0000] {processor.py:183} INFO - Processing /opt/airflow/dags/dag_bronze_ingestion.py took 0.117 seconds
[2026-06-03T14:49:39.230+0000] {processor.py:161} INFO - Started process (PID=1487) to work on /opt/airflow/dags/dag_bronze_ingestion.py
[2026-06-03T14:49:39.231+0000] {processor.py:830} INFO - Processing file /opt/airflow/dags/dag_bronze_ingestion.py for tasks to queue
[2026-06-03T14:49:39.233+0000] {logging_mixin.py:188} INFO - [2026-06-03T14:49:39.232+0000] {dagbag.py:540} INFO - Filling up the DagBag from /opt/airflow/dags/dag_bronze_ingestion.py
[2026-06-03T14:49:39.251+0000] {processor.py:840} INFO - DAG(s) 'neuralretail_bronze_ingestion' retrieved from /opt/airflow/dags/dag_bronze_ingestion.py
[2026-06-03T14:49:39.268+0000] {logging_mixin.py:188} INFO - [2026-06-03T14:49:39.268+0000] {dag.py:3096} INFO - Sync 1 DAGs
[2026-06-03T14:49:39.283+0000] {logging_mixin.py:188} INFO - [2026-06-03T14:49:39.283+0000] {dag.py:3954} INFO - Setting next_dagrun for neuralretail_bronze_ingestion to 2026-06-02 02:00:00+00:00, run_after=2026-06-03 02:00:00+00:00
[2026-06-03T14:49:39.298+0000] {processor.py:183} INFO - Processing /opt/airflow/dags/dag_bronze_ingestion.py took 0.073 seconds
[2026-06-03T14:50:09.422+0000] {processor.py:161} INFO - Started process (PID=1507) to work on /opt/airflow/dags/dag_bronze_ingestion.py
[2026-06-03T14:50:09.423+0000] {processor.py:830} INFO - Processing file /opt/airflow/dags/dag_bronze_ingestion.py for tasks to queue
[2026-06-03T14:50:09.426+0000] {logging_mixin.py:188} INFO - [2026-06-03T14:50:09.425+0000] {dagbag.py:540} INFO - Filling up the DagBag from /opt/airflow/dags/dag_bronze_ingestion.py
[2026-06-03T14:50:09.463+0000] {processor.py:840} INFO - DAG(s) 'neuralretail_bronze_ingestion' retrieved from /opt/airflow/dags/dag_bronze_ingestion.py
[2026-06-03T14:50:09.481+0000] {logging_mixin.py:188} INFO - [2026-06-03T14:50:09.480+0000] {dag.py:3096} INFO - Sync 1 DAGs
[2026-06-03T14:50:09.497+0000] {logging_mixin.py:188} INFO - [2026-06-03T14:50:09.497+0000] {dag.py:3954} INFO - Setting next_dagrun for neuralretail_bronze_ingestion to 2026-06-02 02:00:00+00:00, run_after=2026-06-03 02:00:00+00:00
[2026-06-03T14:50:09.513+0000] {processor.py:183} INFO - Processing /opt/airflow/dags/dag_bronze_ingestion.py took 0.099 seconds
[2026-06-03T14:50:39.931+0000] {processor.py:161} INFO - Started process (PID=1525) to work on /opt/airflow/dags/dag_bronze_ingestion.py
[2026-06-03T14:50:39.932+0000] {processor.py:830} INFO - Processing file /opt/airflow/dags/dag_bronze_ingestion.py for tasks to queue
[2026-06-03T14:50:39.934+0000] {logging_mixin.py:188} INFO - [2026-06-03T14:50:39.934+0000] {dagbag.py:540} INFO - Filling up the DagBag from /opt/airflow/dags/dag_bronze_ingestion.py
[2026-06-03T14:50:39.975+0000] {processor.py:840} INFO - DAG(s) 'neuralretail_bronze_ingestion' retrieved from /opt/airflow/dags/dag_bronze_ingestion.py
[2026-06-03T14:50:39.997+0000] {logging_mixin.py:188} INFO - [2026-06-03T14:50:39.997+0000] {dag.py:3096} INFO - Sync 1 DAGs
[2026-06-03T14:50:40.028+0000] {logging_mixin.py:188} INFO - [2026-06-03T14:50:40.028+0000] {dag.py:3954} INFO - Setting next_dagrun for neuralretail_bronze_ingestion to 2026-06-02 02:00:00+00:00, run_after=2026-06-03 02:00:00+00:00
[2026-06-03T14:50:40.123+0000] {processor.py:183} INFO - Processing /opt/airflow/dags/dag_bronze_ingestion.py took 0.197 seconds
[2026-06-03T14:51:11.009+0000] {processor.py:161} INFO - Started process (PID=1547) to work on /opt/airflow/dags/dag_bronze_ingestion.py
[2026-06-03T14:51:11.010+0000] {processor.py:830} INFO - Processing file /opt/airflow/dags/dag_bronze_ingestion.py for tasks to queue
[2026-06-03T14:51:11.012+0000] {logging_mixin.py:188} INFO - [2026-06-03T14:51:11.012+0000] {dagbag.py:540} INFO - Filling up the DagBag from /opt/airflow/dags/dag_bronze_ingestion.py
[2026-06-03T14:51:11.033+0000] {processor.py:840} INFO - DAG(s) 'neuralretail_bronze_ingestion' retrieved from /opt/airflow/dags/dag_bronze_ingestion.py
[2026-06-03T14:51:11.053+0000] {logging_mixin.py:188} INFO - [2026-06-03T14:51:11.053+0000] {dag.py:3096} INFO - Sync 1 DAGs
[2026-06-03T14:51:11.073+0000] {logging_mixin.py:188} INFO - [2026-06-03T14:51:11.073+0000] {dag.py:3954} INFO - Setting next_dagrun for neuralretail_bronze_ingestion to 2026-06-02 02:00:00+00:00, run_after=2026-06-03 02:00:00+00:00
[2026-06-03T14:51:11.099+0000] {processor.py:183} INFO - Processing /opt/airflow/dags/dag_bronze_ingestion.py took 0.093 seconds
[2026-06-03T14:51:41.518+0000] {processor.py:161} INFO - Started process (PID=1567) to work on /opt/airflow/dags/dag_bronze_ingestion.py
[2026-06-03T14:51:41.519+0000] {processor.py:830} INFO - Processing file /opt/airflow/dags/dag_bronze_ingestion.py for tasks to queue
[2026-06-03T14:51:41.521+0000] {logging_mixin.py:188} INFO - [2026-06-03T14:51:41.521+0000] {dagbag.py:540} INFO - Filling up the DagBag from /opt/airflow/dags/dag_bronze_ingestion.py
[2026-06-03T14:51:41.556+0000] {processor.py:840} INFO - DAG(s) 'neuralretail_bronze_ingestion' retrieved from /opt/airflow/dags/dag_bronze_ingestion.py
[2026-06-03T14:51:41.577+0000] {logging_mixin.py:188} INFO - [2026-06-03T14:51:41.576+0000] {dag.py:3096} INFO - Sync 1 DAGs
[2026-06-03T14:51:41.600+0000] {logging_mixin.py:188} INFO - [2026-06-03T14:51:41.600+0000] {dag.py:3954} INFO - Setting next_dagrun for neuralretail_bronze_ingestion to 2026-06-02 02:00:00+00:00, run_after=2026-06-03 02:00:00+00:00
[2026-06-03T14:51:41.622+0000] {processor.py:183} INFO - Processing /opt/airflow/dags/dag_bronze_ingestion.py took 0.109 seconds
[2026-06-03T14:52:11.786+0000] {processor.py:161} INFO - Started process (PID=1587) to work on /opt/airflow/dags/dag_bronze_ingestion.py
[2026-06-03T14:52:11.787+0000] {processor.py:830} INFO - Processing file /opt/airflow/dags/dag_bronze_ingestion.py for tasks to queue
[2026-06-03T14:52:11.789+0000] {logging_mixin.py:188} INFO - [2026-06-03T14:52:11.789+0000] {dagbag.py:540} INFO - Filling up the DagBag from /opt/airflow/dags/dag_bronze_ingestion.py
[2026-06-03T14:52:11.842+0000] {processor.py:840} INFO - DAG(s) 'neuralretail_bronze_ingestion' retrieved from /opt/airflow/dags/dag_bronze_ingestion.py
[2026-06-03T14:52:11.861+0000] {logging_mixin.py:188} INFO - [2026-06-03T14:52:11.861+0000] {dag.py:3096} INFO - Sync 1 DAGs
[2026-06-03T14:52:11.877+0000] {logging_mixin.py:188} INFO - [2026-06-03T14:52:11.877+0000] {dag.py:3954} INFO - Setting next_dagrun for neuralretail_bronze_ingestion to 2026-06-02 02:00:00+00:00, run_after=2026-06-03 02:00:00+00:00
[2026-06-03T14:52:11.893+0000] {processor.py:183} INFO - Processing /opt/airflow/dags/dag_bronze_ingestion.py took 0.111 seconds
[2026-06-03T14:52:42.159+0000] {processor.py:161} INFO - Started process (PID=1607) to work on /opt/airflow/dags/dag_bronze_ingestion.py
[2026-06-03T14:52:42.159+0000] {processor.py:830} INFO - Processing file /opt/airflow/dags/dag_bronze_ingestion.py for tasks to queue
[2026-06-03T14:52:42.161+0000] {logging_mixin.py:188} INFO - [2026-06-03T14:52:42.160+0000] {dagbag.py:540} INFO - Filling up the DagBag from /opt/airflow/dags/dag_bronze_ingestion.py
[2026-06-03T14:52:42.182+0000] {processor.py:840} INFO - DAG(s) 'neuralretail_bronze_ingestion' retrieved from /opt/airflow/dags/dag_bronze_ingestion.py
[2026-06-03T14:52:42.199+0000] {logging_mixin.py:188} INFO - [2026-06-03T14:52:42.198+0000] {dag.py:3096} INFO - Sync 1 DAGs
[2026-06-03T14:52:42.213+0000] {logging_mixin.py:188} INFO - [2026-06-03T14:52:42.213+0000] {dag.py:3954} INFO - Setting next_dagrun for neuralretail_bronze_ingestion to 2026-06-02 02:00:00+00:00, run_after=2026-06-03 02:00:00+00:00
[2026-06-03T14:52:42.228+0000] {processor.py:183} INFO - Processing /opt/airflow/dags/dag_bronze_ingestion.py took 0.074 seconds
[2026-06-03T14:53:12.698+0000] {processor.py:161} INFO - Started process (PID=1627) to work on /opt/airflow/dags/dag_bronze_ingestion.py
[2026-06-03T14:53:12.699+0000] {processor.py:830} INFO - Processing file /opt/airflow/dags/dag_bronze_ingestion.py for tasks to queue
[2026-06-03T14:53:12.701+0000] {logging_mixin.py:188} INFO - [2026-06-03T14:53:12.701+0000] {dagbag.py:540} INFO - Filling up the DagBag from /opt/airflow/dags/dag_bronze_ingestion.py
[2026-06-03T14:53:12.719+0000] {processor.py:840} INFO - DAG(s) 'neuralretail_bronze_ingestion' retrieved from /opt/airflow/dags/dag_bronze_ingestion.py
[2026-06-03T14:53:12.736+0000] {logging_mixin.py:188} INFO - [2026-06-03T14:53:12.736+0000] {dag.py:3096} INFO - Sync 1 DAGs
[2026-06-03T14:53:12.751+0000] {logging_mixin.py:188} INFO - [2026-06-03T14:53:12.750+0000] {dag.py:3954} INFO - Setting next_dagrun for neuralretail_bronze_ingestion to 2026-06-02 02:00:00+00:00, run_after=2026-06-03 02:00:00+00:00
[2026-06-03T14:53:12.765+0000] {processor.py:183} INFO - Processing /opt/airflow/dags/dag_bronze_ingestion.py took 0.071 seconds
[2026-06-03T14:53:42.897+0000] {processor.py:161} INFO - Started process (PID=1647) to work on /opt/airflow/dags/dag_bronze_ingestion.py
[2026-06-03T14:53:42.898+0000] {processor.py:830} INFO - Processing file /opt/airflow/dags/dag_bronze_ingestion.py for tasks to queue
[2026-06-03T14:53:42.900+0000] {logging_mixin.py:188} INFO - [2026-06-03T14:53:42.899+0000] {dagbag.py:540} INFO - Filling up the DagBag from /opt/airflow/dags/dag_bronze_ingestion.py
[2026-06-03T14:53:42.918+0000] {processor.py:840} INFO - DAG(s) 'neuralretail_bronze_ingestion' retrieved from /opt/airflow/dags/dag_bronze_ingestion.py
[2026-06-03T14:53:42.935+0000] {logging_mixin.py:188} INFO - [2026-06-03T14:53:42.935+0000] {dag.py:3096} INFO - Sync 1 DAGs
[2026-06-03T14:53:42.950+0000] {logging_mixin.py:188} INFO - [2026-06-03T14:53:42.950+0000] {dag.py:3954} INFO - Setting next_dagrun for neuralretail_bronze_ingestion to 2026-06-02 02:00:00+00:00, run_after=2026-06-03 02:00:00+00:00
[2026-06-03T14:53:42.967+0000] {processor.py:183} INFO - Processing /opt/airflow/dags/dag_bronze_ingestion.py took 0.074 seconds
[2026-06-03T14:54:13.198+0000] {processor.py:161} INFO - Started process (PID=1667) to work on /opt/airflow/dags/dag_bronze_ingestion.py
[2026-06-03T14:54:13.199+0000] {processor.py:830} INFO - Processing file /opt/airflow/dags/dag_bronze_ingestion.py for tasks to queue
[2026-06-03T14:54:13.200+0000] {logging_mixin.py:188} INFO - [2026-06-03T14:54:13.200+0000] {dagbag.py:540} INFO - Filling up the DagBag from /opt/airflow/dags/dag_bronze_ingestion.py
[2026-06-03T14:54:13.220+0000] {processor.py:840} INFO - DAG(s) 'neuralretail_bronze_ingestion' retrieved from /opt/airflow/dags/dag_bronze_ingestion.py
[2026-06-03T14:54:13.238+0000] {logging_mixin.py:188} INFO - [2026-06-03T14:54:13.238+0000] {dag.py:3096} INFO - Sync 1 DAGs
[2026-06-03T14:54:13.253+0000] {logging_mixin.py:188} INFO - [2026-06-03T14:54:13.253+0000] {dag.py:3954} INFO - Setting next_dagrun for neuralretail_bronze_ingestion to 2026-06-02 02:00:00+00:00, run_after=2026-06-03 02:00:00+00:00
[2026-06-03T14:54:13.269+0000] {processor.py:183} INFO - Processing /opt/airflow/dags/dag_bronze_ingestion.py took 0.075 seconds
[2026-06-03T14:54:43.519+0000] {processor.py:161} INFO - Started process (PID=1687) to work on /opt/airflow/dags/dag_bronze_ingestion.py
[2026-06-03T14:54:43.520+0000] {processor.py:830} INFO - Processing file /opt/airflow/dags/dag_bronze_ingestion.py for tasks to queue
[2026-06-03T14:54:43.522+0000] {logging_mixin.py:188} INFO - [2026-06-03T14:54:43.522+0000] {dagbag.py:540} INFO - Filling up the DagBag from /opt/airflow/dags/dag_bronze_ingestion.py
[2026-06-03T14:54:43.562+0000] {processor.py:840} INFO - DAG(s) 'neuralretail_bronze_ingestion' retrieved from /opt/airflow/dags/dag_bronze_ingestion.py
[2026-06-03T14:54:43.580+0000] {logging_mixin.py:188} INFO - [2026-06-03T14:54:43.580+0000] {dag.py:3096} INFO - Sync 1 DAGs
[2026-06-03T14:54:43.595+0000] {logging_mixin.py:188} INFO - [2026-06-03T14:54:43.595+0000] {dag.py:3954} INFO - Setting next_dagrun for neuralretail_bronze_ingestion to 2026-06-02 02:00:00+00:00, run_after=2026-06-03 02:00:00+00:00
[2026-06-03T14:54:43.613+0000] {processor.py:183} INFO - Processing /opt/airflow/dags/dag_bronze_ingestion.py took 0.098 seconds
[2026-06-03T14:55:14.626+0000] {processor.py:161} INFO - Started process (PID=1707) to work on /opt/airflow/dags/dag_bronze_ingestion.py
[2026-06-03T14:55:14.627+0000] {processor.py:830} INFO - Processing file /opt/airflow/dags/dag_bronze_ingestion.py for tasks to queue
[2026-06-03T14:55:14.629+0000] {logging_mixin.py:188} INFO - [2026-06-03T14:55:14.628+0000] {dagbag.py:540} INFO - Filling up the DagBag from /opt/airflow/dags/dag_bronze_ingestion.py
[2026-06-03T14:55:14.647+0000] {processor.py:840} INFO - DAG(s) 'neuralretail_bronze_ingestion' retrieved from /opt/airflow/dags/dag_bronze_ingestion.py
[2026-06-03T14:55:14.666+0000] {logging_mixin.py:188} INFO - [2026-06-03T14:55:14.666+0000] {dag.py:3096} INFO - Sync 1 DAGs
[2026-06-03T14:55:14.681+0000] {logging_mixin.py:188} INFO - [2026-06-03T14:55:14.681+0000] {dag.py:3954} INFO - Setting next_dagrun for neuralretail_bronze_ingestion to 2026-06-02 02:00:00+00:00, run_after=2026-06-03 02:00:00+00:00
[2026-06-03T14:55:14.696+0000] {processor.py:183} INFO - Processing /opt/airflow/dags/dag_bronze_ingestion.py took 0.078 seconds
[2026-06-03T14:55:45.063+0000] {processor.py:161} INFO - Started process (PID=1727) to work on /opt/airflow/dags/dag_bronze_ingestion.py
[2026-06-03T14:55:45.064+0000] {processor.py:830} INFO - Processing file /opt/airflow/dags/dag_bronze_ingestion.py for tasks to queue
[2026-06-03T14:55:45.065+0000] {logging_mixin.py:188} INFO - [2026-06-03T14:55:45.065+0000] {dagbag.py:540} INFO - Filling up the DagBag from /opt/airflow/dags/dag_bronze_ingestion.py
[2026-06-03T14:55:45.091+0000] {processor.py:840} INFO - DAG(s) 'neuralretail_bronze_ingestion' retrieved from /opt/airflow/dags/dag_bronze_ingestion.py
[2026-06-03T14:55:45.112+0000] {logging_mixin.py:188} INFO - [2026-06-03T14:55:45.112+0000] {dag.py:3096} INFO - Sync 1 DAGs
[2026-06-03T14:55:45.126+0000] {logging_mixin.py:188} INFO - [2026-06-03T14:55:45.126+0000] {dag.py:3954} INFO - Setting next_dagrun for neuralretail_bronze_ingestion to 2026-06-02 02:00:00+00:00, run_after=2026-06-03 02:00:00+00:00
[2026-06-03T14:55:45.140+0000] {processor.py:183} INFO - Processing /opt/airflow/dags/dag_bronze_ingestion.py took 0.083 seconds
[2026-06-03T14:56:15.249+0000] {processor.py:161} INFO - Started process (PID=1747) to work on /opt/airflow/dags/dag_bronze_ingestion.py
[2026-06-03T14:56:15.250+0000] {processor.py:830} INFO - Processing file /opt/airflow/dags/dag_bronze_ingestion.py for tasks to queue
[2026-06-03T14:56:15.251+0000] {logging_mixin.py:188} INFO - [2026-06-03T14:56:15.251+0000] {dagbag.py:540} INFO - Filling up the DagBag from /opt/airflow/dags/dag_bronze_ingestion.py
[2026-06-03T14:56:15.278+0000] {processor.py:840} INFO - DAG(s) 'neuralretail_bronze_ingestion' retrieved from /opt/airflow/dags/dag_bronze_ingestion.py
[2026-06-03T14:56:15.296+0000] {logging_mixin.py:188} INFO - [2026-06-03T14:56:15.296+0000] {dag.py:3096} INFO - Sync 1 DAGs
[2026-06-03T14:56:15.311+0000] {logging_mixin.py:188} INFO - [2026-06-03T14:56:15.311+0000] {dag.py:3954} INFO - Setting next_dagrun for neuralretail_bronze_ingestion to 2026-06-02 02:00:00+00:00, run_after=2026-06-03 02:00:00+00:00
[2026-06-03T14:56:15.326+0000] {processor.py:183} INFO - Processing /opt/airflow/dags/dag_bronze_ingestion.py took 0.084 seconds
[2026-06-03T14:56:45.621+0000] {processor.py:161} INFO - Started process (PID=1767) to work on /opt/airflow/dags/dag_bronze_ingestion.py
[2026-06-03T14:56:45.622+0000] {processor.py:830} INFO - Processing file /opt/airflow/dags/dag_bronze_ingestion.py for tasks to queue
[2026-06-03T14:56:45.624+0000] {logging_mixin.py:188} INFO - [2026-06-03T14:56:45.624+0000] {dagbag.py:540} INFO - Filling up the DagBag from /opt/airflow/dags/dag_bronze_ingestion.py
[2026-06-03T14:56:45.645+0000] {processor.py:840} INFO - DAG(s) 'neuralretail_bronze_ingestion' retrieved from /opt/airflow/dags/dag_bronze_ingestion.py
[2026-06-03T14:56:45.662+0000] {logging_mixin.py:188} INFO - [2026-06-03T14:56:45.662+0000] {dag.py:3096} INFO - Sync 1 DAGs
[2026-06-03T14:56:45.677+0000] {logging_mixin.py:188} INFO - [2026-06-03T14:56:45.677+0000] {dag.py:3954} INFO - Setting next_dagrun for neuralretail_bronze_ingestion to 2026-06-02 02:00:00+00:00, run_after=2026-06-03 02:00:00+00:00
[2026-06-03T14:56:45.693+0000] {processor.py:183} INFO - Processing /opt/airflow/dags/dag_bronze_ingestion.py took 0.078 seconds
[2026-06-03T14:57:16.871+0000] {processor.py:161} INFO - Started process (PID=1787) to work on /opt/airflow/dags/dag_bronze_ingestion.py
[2026-06-03T14:57:16.872+0000] {processor.py:830} INFO - Processing file /opt/airflow/dags/dag_bronze_ingestion.py for tasks to queue
[2026-06-03T14:57:16.875+0000] {logging_mixin.py:188} INFO - [2026-06-03T14:57:16.874+0000] {dagbag.py:540} INFO - Filling up the DagBag from /opt/airflow/dags/dag_bronze_ingestion.py
[2026-06-03T14:57:16.900+0000] {processor.py:840} INFO - DAG(s) 'neuralretail_bronze_ingestion' retrieved from /opt/airflow/dags/dag_bronze_ingestion.py
[2026-06-03T14:57:16.917+0000] {logging_mixin.py:188} INFO - [2026-06-03T14:57:16.917+0000] {dag.py:3096} INFO - Sync 1 DAGs
[2026-06-03T14:57:16.932+0000] {logging_mixin.py:188} INFO - [2026-06-03T14:57:16.932+0000] {dag.py:3954} INFO - Setting next_dagrun for neuralretail_bronze_ingestion to 2026-06-02 02:00:00+00:00, run_after=2026-06-03 02:00:00+00:00
[2026-06-03T14:57:16.949+0000] {processor.py:183} INFO - Processing /opt/airflow/dags/dag_bronze_ingestion.py took 0.083 seconds
[2026-06-03T14:57:47.185+0000] {processor.py:161} INFO - Started process (PID=1807) to work on /opt/airflow/dags/dag_bronze_ingestion.py
[2026-06-03T14:57:47.187+0000] {processor.py:830} INFO - Processing file /opt/airflow/dags/dag_bronze_ingestion.py for tasks to queue
[2026-06-03T14:57:47.189+0000] {logging_mixin.py:188} INFO - [2026-06-03T14:57:47.188+0000] {dagbag.py:540} INFO - Filling up the DagBag from /opt/airflow/dags/dag_bronze_ingestion.py
[2026-06-03T14:57:47.215+0000] {processor.py:840} INFO - DAG(s) 'neuralretail_bronze_ingestion' retrieved from /opt/airflow/dags/dag_bronze_ingestion.py
[2026-06-03T14:57:47.232+0000] {logging_mixin.py:188} INFO - [2026-06-03T14:57:47.232+0000] {dag.py:3096} INFO - Sync 1 DAGs
[2026-06-03T14:57:47.247+0000] {logging_mixin.py:188} INFO - [2026-06-03T14:57:47.247+0000] {dag.py:3954} INFO - Setting next_dagrun for neuralretail_bronze_ingestion to 2026-06-02 02:00:00+00:00, run_after=2026-06-03 02:00:00+00:00
[2026-06-03T14:57:47.262+0000] {processor.py:183} INFO - Processing /opt/airflow/dags/dag_bronze_ingestion.py took 0.090 seconds
[2026-06-03T14:58:17.461+0000] {processor.py:161} INFO - Started process (PID=1825) to work on /opt/airflow/dags/dag_bronze_ingestion.py
[2026-06-03T14:58:17.462+0000] {processor.py:830} INFO - Processing file /opt/airflow/dags/dag_bronze_ingestion.py for tasks to queue
[2026-06-03T14:58:17.463+0000] {logging_mixin.py:188} INFO - [2026-06-03T14:58:17.463+0000] {dagbag.py:540} INFO - Filling up the DagBag from /opt/airflow/dags/dag_bronze_ingestion.py
[2026-06-03T14:58:17.497+0000] {processor.py:840} INFO - DAG(s) 'neuralretail_bronze_ingestion' retrieved from /opt/airflow/dags/dag_bronze_ingestion.py
[2026-06-03T14:58:17.514+0000] {logging_mixin.py:188} INFO - [2026-06-03T14:58:17.514+0000] {dag.py:3096} INFO - Sync 1 DAGs
[2026-06-03T14:58:17.528+0000] {logging_mixin.py:188} INFO - [2026-06-03T14:58:17.528+0000] {dag.py:3954} INFO - Setting next_dagrun for neuralretail_bronze_ingestion to 2026-06-02 02:00:00+00:00, run_after=2026-06-03 02:00:00+00:00
[2026-06-03T14:58:17.547+0000] {processor.py:183} INFO - Processing /opt/airflow/dags/dag_bronze_ingestion.py took 0.091 seconds
[2026-06-03T14:58:47.769+0000] {processor.py:161} INFO - Started process (PID=1845) to work on /opt/airflow/dags/dag_bronze_ingestion.py
[2026-06-03T14:58:47.770+0000] {processor.py:830} INFO - Processing file /opt/airflow/dags/dag_bronze_ingestion.py for tasks to queue
[2026-06-03T14:58:47.771+0000] {logging_mixin.py:188} INFO - [2026-06-03T14:58:47.771+0000] {dagbag.py:540} INFO - Filling up the DagBag from /opt/airflow/dags/dag_bronze_ingestion.py
[2026-06-03T14:58:47.790+0000] {processor.py:840} INFO - DAG(s) 'neuralretail_bronze_ingestion' retrieved from /opt/airflow/dags/dag_bronze_ingestion.py
[2026-06-03T14:58:47.808+0000] {logging_mixin.py:188} INFO - [2026-06-03T14:58:47.808+0000] {dag.py:3096} INFO - Sync 1 DAGs
[2026-06-03T14:58:47.823+0000] {logging_mixin.py:188} INFO - [2026-06-03T14:58:47.822+0000] {dag.py:3954} INFO - Setting next_dagrun for neuralretail_bronze_ingestion to 2026-06-02 02:00:00+00:00, run_after=2026-06-03 02:00:00+00:00
[2026-06-03T14:58:47.838+0000] {processor.py:183} INFO - Processing /opt/airflow/dags/dag_bronze_ingestion.py took 0.073 seconds
[2026-06-03T14:59:17.981+0000] {processor.py:161} INFO - Started process (PID=1867) to work on /opt/airflow/dags/dag_bronze_ingestion.py
[2026-06-03T14:59:17.982+0000] {processor.py:830} INFO - Processing file /opt/airflow/dags/dag_bronze_ingestion.py for tasks to queue
[2026-06-03T14:59:17.984+0000] {logging_mixin.py:188} INFO - [2026-06-03T14:59:17.983+0000] {dagbag.py:540} INFO - Filling up the DagBag from /opt/airflow/dags/dag_bronze_ingestion.py
[2026-06-03T14:59:18.019+0000] {processor.py:840} INFO - DAG(s) 'neuralretail_bronze_ingestion' retrieved from /opt/airflow/dags/dag_bronze_ingestion.py
[2026-06-03T14:59:18.037+0000] {logging_mixin.py:188} INFO - [2026-06-03T14:59:18.037+0000] {dag.py:3096} INFO - Sync 1 DAGs
[2026-06-03T14:59:18.051+0000] {logging_mixin.py:188} INFO - [2026-06-03T14:59:18.051+0000] {dag.py:3954} INFO - Setting next_dagrun for neuralretail_bronze_ingestion to 2026-06-02 02:00:00+00:00, run_after=2026-06-03 02:00:00+00:00
[2026-06-03T14:59:18.068+0000] {processor.py:183} INFO - Processing /opt/airflow/dags/dag_bronze_ingestion.py took 0.093 seconds
[2026-06-03T14:59:48.372+0000] {processor.py:161} INFO - Started process (PID=1885) to work on /opt/airflow/dags/dag_bronze_ingestion.py
[2026-06-03T14:59:48.373+0000] {processor.py:830} INFO - Processing file /opt/airflow/dags/dag_bronze_ingestion.py for tasks to queue
[2026-06-03T14:59:48.375+0000] {logging_mixin.py:188} INFO - [2026-06-03T14:59:48.375+0000] {dagbag.py:540} INFO - Filling up the DagBag from /opt/airflow/dags/dag_bronze_ingestion.py
[2026-06-03T14:59:48.429+0000] {processor.py:840} INFO - DAG(s) 'neuralretail_bronze_ingestion' retrieved from /opt/airflow/dags/dag_bronze_ingestion.py
[2026-06-03T14:59:48.447+0000] {logging_mixin.py:188} INFO - [2026-06-03T14:59:48.447+0000] {dag.py:3096} INFO - Sync 1 DAGs
[2026-06-03T14:59:48.462+0000] {logging_mixin.py:188} INFO - [2026-06-03T14:59:48.462+0000] {dag.py:3954} INFO - Setting next_dagrun for neuralretail_bronze_ingestion to 2026-06-02 02:00:00+00:00, run_after=2026-06-03 02:00:00+00:00
[2026-06-03T14:59:48.480+0000] {processor.py:183} INFO - Processing /opt/airflow/dags/dag_bronze_ingestion.py took 0.111 seconds
[2026-06-03T15:00:18.712+0000] {processor.py:161} INFO - Started process (PID=1907) to work on /opt/airflow/dags/dag_bronze_ingestion.py
[2026-06-03T15:00:18.713+0000] {processor.py:830} INFO - Processing file /opt/airflow/dags/dag_bronze_ingestion.py for tasks to queue
[2026-06-03T15:00:18.715+0000] {logging_mixin.py:188} INFO - [2026-06-03T15:00:18.714+0000] {dagbag.py:540} INFO - Filling up the DagBag from /opt/airflow/dags/dag_bronze_ingestion.py
[2026-06-03T15:00:18.736+0000] {processor.py:840} INFO - DAG(s) 'neuralretail_bronze_ingestion' retrieved from /opt/airflow/dags/dag_bronze_ingestion.py
[2026-06-03T15:00:18.759+0000] {logging_mixin.py:188} INFO - [2026-06-03T15:00:18.759+0000] {dag.py:3096} INFO - Sync 1 DAGs
[2026-06-03T15:00:18.775+0000] {logging_mixin.py:188} INFO - [2026-06-03T15:00:18.775+0000] {dag.py:3954} INFO - Setting next_dagrun for neuralretail_bronze_ingestion to 2026-06-02 02:00:00+00:00, run_after=2026-06-03 02:00:00+00:00
[2026-06-03T15:00:18.789+0000] {processor.py:183} INFO - Processing /opt/airflow/dags/dag_bronze_ingestion.py took 0.082 seconds
[2026-06-03T15:00:49.180+0000] {processor.py:161} INFO - Started process (PID=1927) to work on /opt/airflow/dags/dag_bronze_ingestion.py
[2026-06-03T15:00:49.181+0000] {processor.py:830} INFO - Processing file /opt/airflow/dags/dag_bronze_ingestion.py for tasks to queue
[2026-06-03T15:00:49.183+0000] {logging_mixin.py:188} INFO - [2026-06-03T15:00:49.182+0000] {dagbag.py:540} INFO - Filling up the DagBag from /opt/airflow/dags/dag_bronze_ingestion.py
[2026-06-03T15:00:49.201+0000] {processor.py:840} INFO - DAG(s) 'neuralretail_bronze_ingestion' retrieved from /opt/airflow/dags/dag_bronze_ingestion.py
[2026-06-03T15:00:49.218+0000] {logging_mixin.py:188} INFO - [2026-06-03T15:00:49.218+0000] {dag.py:3096} INFO - Sync 1 DAGs
[2026-06-03T15:00:49.233+0000] {logging_mixin.py:188} INFO - [2026-06-03T15:00:49.233+0000] {dag.py:3954} INFO - Setting next_dagrun for neuralretail_bronze_ingestion to 2026-06-02 02:00:00+00:00, run_after=2026-06-03 02:00:00+00:00
[2026-06-03T15:00:49.249+0000] {processor.py:183} INFO - Processing /opt/airflow/dags/dag_bronze_ingestion.py took 0.073 seconds
[2026-06-03T15:01:20.078+0000] {processor.py:161} INFO - Started process (PID=1947) to work on /opt/airflow/dags/dag_bronze_ingestion.py
[2026-06-03T15:01:20.079+0000] {processor.py:830} INFO - Processing file /opt/airflow/dags/dag_bronze_ingestion.py for tasks to queue
[2026-06-03T15:01:20.081+0000] {logging_mixin.py:188} INFO - [2026-06-03T15:01:20.080+0000] {dagbag.py:540} INFO - Filling up the DagBag from /opt/airflow/dags/dag_bronze_ingestion.py
[2026-06-03T15:01:20.101+0000] {processor.py:840} INFO - DAG(s) 'neuralretail_bronze_ingestion' retrieved from /opt/airflow/dags/dag_bronze_ingestion.py
[2026-06-03T15:01:20.119+0000] {logging_mixin.py:188} INFO - [2026-06-03T15:01:20.119+0000] {dag.py:3096} INFO - Sync 1 DAGs
[2026-06-03T15:01:20.133+0000] {logging_mixin.py:188} INFO - [2026-06-03T15:01:20.133+0000] {dag.py:3954} INFO - Setting next_dagrun for neuralretail_bronze_ingestion to 2026-06-02 02:00:00+00:00, run_after=2026-06-03 02:00:00+00:00
[2026-06-03T15:01:20.149+0000] {processor.py:183} INFO - Processing /opt/airflow/dags/dag_bronze_ingestion.py took 0.075 seconds
[2026-06-03T15:01:51.273+0000] {processor.py:161} INFO - Started process (PID=1967) to work on /opt/airflow/dags/dag_bronze_ingestion.py
[2026-06-03T15:01:51.274+0000] {processor.py:830} INFO - Processing file /opt/airflow/dags/dag_bronze_ingestion.py for tasks to queue
[2026-06-03T15:01:51.275+0000] {logging_mixin.py:188} INFO - [2026-06-03T15:01:51.275+0000] {dagbag.py:540} INFO - Filling up the DagBag from /opt/airflow/dags/dag_bronze_ingestion.py
[2026-06-03T15:01:51.297+0000] {processor.py:840} INFO - DAG(s) 'neuralretail_bronze_ingestion' retrieved from /opt/airflow/dags/dag_bronze_ingestion.py
[2026-06-03T15:01:51.314+0000] {logging_mixin.py:188} INFO - [2026-06-03T15:01:51.314+0000] {dag.py:3096} INFO - Sync 1 DAGs
[2026-06-03T15:01:51.328+0000] {logging_mixin.py:188} INFO - [2026-06-03T15:01:51.328+0000] {dag.py:3954} INFO - Setting next_dagrun for neuralretail_bronze_ingestion to 2026-06-02 02:00:00+00:00, run_after=2026-06-03 02:00:00+00:00
[2026-06-03T15:01:51.345+0000] {processor.py:183} INFO - Processing /opt/airflow/dags/dag_bronze_ingestion.py took 0.077 seconds
[2026-06-03T15:02:22.183+0000] {processor.py:161} INFO - Started process (PID=1987) to work on /opt/airflow/dags/dag_bronze_ingestion.py
[2026-06-03T15:02:22.184+0000] {processor.py:830} INFO - Processing file /opt/airflow/dags/dag_bronze_ingestion.py for tasks to queue
[2026-06-03T15:02:22.185+0000] {logging_mixin.py:188} INFO - [2026-06-03T15:02:22.185+0000] {dagbag.py:540} INFO - Filling up the DagBag from /opt/airflow/dags/dag_bronze_ingestion.py
[2026-06-03T15:02:22.204+0000] {processor.py:840} INFO - DAG(s) 'neuralretail_bronze_ingestion' retrieved from /opt/airflow/dags/dag_bronze_ingestion.py
[2026-06-03T15:02:22.222+0000] {logging_mixin.py:188} INFO - [2026-06-03T15:02:22.222+0000] {dag.py:3096} INFO - Sync 1 DAGs
[2026-06-03T15:02:22.237+0000] {logging_mixin.py:188} INFO - [2026-06-03T15:02:22.237+0000] {dag.py:3954} INFO - Setting next_dagrun for neuralretail_bronze_ingestion to 2026-06-02 02:00:00+00:00, run_after=2026-06-03 02:00:00+00:00
[2026-06-03T15:02:22.252+0000] {processor.py:183} INFO - Processing /opt/airflow/dags/dag_bronze_ingestion.py took 0.074 seconds
[2026-06-03T15:02:52.531+0000] {processor.py:161} INFO - Started process (PID=2007) to work on /opt/airflow/dags/dag_bronze_ingestion.py
[2026-06-03T15:02:52.532+0000] {processor.py:830} INFO - Processing file /opt/airflow/dags/dag_bronze_ingestion.py for tasks to queue
[2026-06-03T15:02:52.533+0000] {logging_mixin.py:188} INFO - [2026-06-03T15:02:52.533+0000] {dagbag.py:540} INFO - Filling up the DagBag from /opt/airflow/dags/dag_bronze_ingestion.py
[2026-06-03T15:02:52.552+0000] {processor.py:840} INFO - DAG(s) 'neuralretail_bronze_ingestion' retrieved from /opt/airflow/dags/dag_bronze_ingestion.py
[2026-06-03T15:02:52.570+0000] {logging_mixin.py:188} INFO - [2026-06-03T15:02:52.570+0000] {dag.py:3096} INFO - Sync 1 DAGs
[2026-06-03T15:02:52.585+0000] {logging_mixin.py:188} INFO - [2026-06-03T15:02:52.584+0000] {dag.py:3954} INFO - Setting next_dagrun for neuralretail_bronze_ingestion to 2026-06-02 02:00:00+00:00, run_after=2026-06-03 02:00:00+00:00
[2026-06-03T15:02:52.600+0000] {processor.py:183} INFO - Processing /opt/airflow/dags/dag_bronze_ingestion.py took 0.074 seconds
[2026-06-03T15:03:22.910+0000] {processor.py:161} INFO - Started process (PID=2027) to work on /opt/airflow/dags/dag_bronze_ingestion.py
[2026-06-03T15:03:22.914+0000] {processor.py:830} INFO - Processing file /opt/airflow/dags/dag_bronze_ingestion.py for tasks to queue
[2026-06-03T15:03:22.916+0000] {logging_mixin.py:188} INFO - [2026-06-03T15:03:22.915+0000] {dagbag.py:540} INFO - Filling up the DagBag from /opt/airflow/dags/dag_bronze_ingestion.py
[2026-06-03T15:03:22.941+0000] {processor.py:840} INFO - DAG(s) 'neuralretail_bronze_ingestion' retrieved from /opt/airflow/dags/dag_bronze_ingestion.py
[2026-06-03T15:03:22.959+0000] {logging_mixin.py:188} INFO - [2026-06-03T15:03:22.958+0000] {dag.py:3096} INFO - Sync 1 DAGs
[2026-06-03T15:03:22.974+0000] {logging_mixin.py:188} INFO - [2026-06-03T15:03:22.974+0000] {dag.py:3954} INFO - Setting next_dagrun for neuralretail_bronze_ingestion to 2026-06-02 02:00:00+00:00, run_after=2026-06-03 02:00:00+00:00
[2026-06-03T15:03:22.990+0000] {processor.py:183} INFO - Processing /opt/airflow/dags/dag_bronze_ingestion.py took 0.089 seconds
[2026-06-03T15:03:53.841+0000] {processor.py:161} INFO - Started process (PID=2047) to work on /opt/airflow/dags/dag_bronze_ingestion.py
[2026-06-03T15:03:53.842+0000] {processor.py:830} INFO - Processing file /opt/airflow/dags/dag_bronze_ingestion.py for tasks to queue
[2026-06-03T15:03:53.843+0000] {logging_mixin.py:188} INFO - [2026-06-03T15:03:53.843+0000] {dagbag.py:540} INFO - Filling up the DagBag from /opt/airflow/dags/dag_bronze_ingestion.py
[2026-06-03T15:03:53.865+0000] {processor.py:840} INFO - DAG(s) 'neuralretail_bronze_ingestion' retrieved from /opt/airflow/dags/dag_bronze_ingestion.py
[2026-06-03T15:03:53.882+0000] {logging_mixin.py:188} INFO - [2026-06-03T15:03:53.882+0000] {dag.py:3096} INFO - Sync 1 DAGs
[2026-06-03T15:03:53.897+0000] {logging_mixin.py:188} INFO - [2026-06-03T15:03:53.896+0000] {dag.py:3954} INFO - Setting next_dagrun for neuralretail_bronze_ingestion to 2026-06-02 02:00:00+00:00, run_after=2026-06-03 02:00:00+00:00
[2026-06-03T15:03:53.912+0000] {processor.py:183} INFO - Processing /opt/airflow/dags/dag_bronze_ingestion.py took 0.077 seconds
[2026-06-03T15:04:24.088+0000] {processor.py:161} INFO - Started process (PID=2065) to work on /opt/airflow/dags/dag_bronze_ingestion.py
[2026-06-03T15:04:24.089+0000] {processor.py:830} INFO - Processing file /opt/airflow/dags/dag_bronze_ingestion.py for tasks to queue
[2026-06-03T15:04:24.092+0000] {logging_mixin.py:188} INFO - [2026-06-03T15:04:24.091+0000] {dagbag.py:540} INFO - Filling up the DagBag from /opt/airflow/dags/dag_bronze_ingestion.py
[2026-06-03T15:04:24.141+0000] {processor.py:840} INFO - DAG(s) 'neuralretail_bronze_ingestion' retrieved from /opt/airflow/dags/dag_bronze_ingestion.py
[2026-06-03T15:04:24.157+0000] {logging_mixin.py:188} INFO - [2026-06-03T15:04:24.157+0000] {dag.py:3096} INFO - Sync 1 DAGs
[2026-06-03T15:04:24.177+0000] {logging_mixin.py:188} INFO - [2026-06-03T15:04:24.177+0000] {dag.py:3954} INFO - Setting next_dagrun for neuralretail_bronze_ingestion to 2026-06-02 02:00:00+00:00, run_after=2026-06-03 02:00:00+00:00
[2026-06-03T15:04:24.192+0000] {processor.py:183} INFO - Processing /opt/airflow/dags/dag_bronze_ingestion.py took 0.109 seconds
[2026-06-03T15:04:54.500+0000] {processor.py:161} INFO - Started process (PID=2087) to work on /opt/airflow/dags/dag_bronze_ingestion.py
[2026-06-03T15:04:54.501+0000] {processor.py:830} INFO - Processing file /opt/airflow/dags/dag_bronze_ingestion.py for tasks to queue
[2026-06-03T15:04:54.503+0000] {logging_mixin.py:188} INFO - [2026-06-03T15:04:54.503+0000] {dagbag.py:540} INFO - Filling up the DagBag from /opt/airflow/dags/dag_bronze_ingestion.py
[2026-06-03T15:04:54.544+0000] {processor.py:840} INFO - DAG(s) 'neuralretail_bronze_ingestion' retrieved from /opt/airflow/dags/dag_bronze_ingestion.py
[2026-06-03T15:04:54.564+0000] {logging_mixin.py:188} INFO - [2026-06-03T15:04:54.564+0000] {dag.py:3096} INFO - Sync 1 DAGs
[2026-06-03T15:04:54.578+0000] {logging_mixin.py:188} INFO - [2026-06-03T15:04:54.578+0000] {dag.py:3954} INFO - Setting next_dagrun for neuralretail_bronze_ingestion to 2026-06-02 02:00:00+00:00, run_after=2026-06-03 02:00:00+00:00
[2026-06-03T15:04:54.594+0000] {processor.py:183} INFO - Processing /opt/airflow/dags/dag_bronze_ingestion.py took 0.101 seconds
[2026-06-03T15:05:25.375+0000] {processor.py:161} INFO - Started process (PID=2107) to work on /opt/airflow/dags/dag_bronze_ingestion.py
[2026-06-03T15:05:25.376+0000] {processor.py:830} INFO - Processing file /opt/airflow/dags/dag_bronze_ingestion.py for tasks to queue
[2026-06-03T15:05:25.378+0000] {logging_mixin.py:188} INFO - [2026-06-03T15:05:25.378+0000] {dagbag.py:540} INFO - Filling up the DagBag from /opt/airflow/dags/dag_bronze_ingestion.py
[2026-06-03T15:05:25.528+0000] {processor.py:840} INFO - DAG(s) 'neuralretail_bronze_ingestion' retrieved from /opt/airflow/dags/dag_bronze_ingestion.py
[2026-06-03T15:05:25.577+0000] {logging_mixin.py:188} INFO - [2026-06-03T15:05:25.577+0000] {dag.py:3096} INFO - Sync 1 DAGs
[2026-06-03T15:05:25.607+0000] {logging_mixin.py:188} INFO - [2026-06-03T15:05:25.607+0000] {dag.py:3954} INFO - Setting next_dagrun for neuralretail_bronze_ingestion to 2026-06-02 02:00:00+00:00, run_after=2026-06-03 02:00:00+00:00
[2026-06-03T15:05:25.627+0000] {processor.py:183} INFO - Processing /opt/airflow/dags/dag_bronze_ingestion.py took 0.257 seconds
[2026-06-03T15:05:56.036+0000] {processor.py:161} INFO - Started process (PID=2127) to work on /opt/airflow/dags/dag_bronze_ingestion.py
[2026-06-03T15:05:56.037+0000] {processor.py:830} INFO - Processing file /opt/airflow/dags/dag_bronze_ingestion.py for tasks to queue
[2026-06-03T15:05:56.038+0000] {logging_mixin.py:188} INFO - [2026-06-03T15:05:56.038+0000] {dagbag.py:540} INFO - Filling up the DagBag from /opt/airflow/dags/dag_bronze_ingestion.py
[2026-06-03T15:05:56.058+0000] {processor.py:840} INFO - DAG(s) 'neuralretail_bronze_ingestion' retrieved from /opt/airflow/dags/dag_bronze_ingestion.py
[2026-06-03T15:05:56.075+0000] {logging_mixin.py:188} INFO - [2026-06-03T15:05:56.075+0000] {dag.py:3096} INFO - Sync 1 DAGs
[2026-06-03T15:05:56.127+0000] {logging_mixin.py:188} INFO - [2026-06-03T15:05:56.127+0000] {dag.py:3954} INFO - Setting next_dagrun for neuralretail_bronze_ingestion to 2026-06-02 02:00:00+00:00, run_after=2026-06-03 02:00:00+00:00
[2026-06-03T15:05:56.151+0000] {processor.py:183} INFO - Processing /opt/airflow/dags/dag_bronze_ingestion.py took 0.120 seconds
[2026-06-03T15:06:26.363+0000] {processor.py:161} INFO - Started process (PID=2147) to work on /opt/airflow/dags/dag_bronze_ingestion.py
[2026-06-03T15:06:26.364+0000] {processor.py:830} INFO - Processing file /opt/airflow/dags/dag_bronze_ingestion.py for tasks to queue
[2026-06-03T15:06:26.366+0000] {logging_mixin.py:188} INFO - [2026-06-03T15:06:26.366+0000] {dagbag.py:540} INFO - Filling up the DagBag from /opt/airflow/dags/dag_bronze_ingestion.py
[2026-06-03T15:06:26.386+0000] {processor.py:840} INFO - DAG(s) 'neuralretail_bronze_ingestion' retrieved from /opt/airflow/dags/dag_bronze_ingestion.py
[2026-06-03T15:06:26.404+0000] {logging_mixin.py:188} INFO - [2026-06-03T15:06:26.404+0000] {dag.py:3096} INFO - Sync 1 DAGs
[2026-06-03T15:06:26.438+0000] {logging_mixin.py:188} INFO - [2026-06-03T15:06:26.438+0000] {dag.py:3954} INFO - Setting next_dagrun for neuralretail_bronze_ingestion to 2026-06-02 02:00:00+00:00, run_after=2026-06-03 02:00:00+00:00
[2026-06-03T15:06:26.467+0000] {processor.py:183} INFO - Processing /opt/airflow/dags/dag_bronze_ingestion.py took 0.110 seconds
[2026-06-03T15:06:56.593+0000] {processor.py:161} INFO - Started process (PID=2167) to work on /opt/airflow/dags/dag_bronze_ingestion.py
[2026-06-03T15:06:56.594+0000] {processor.py:830} INFO - Processing file /opt/airflow/dags/dag_bronze_ingestion.py for tasks to queue
[2026-06-03T15:06:56.596+0000] {logging_mixin.py:188} INFO - [2026-06-03T15:06:56.595+0000] {dagbag.py:540} INFO - Filling up the DagBag from /opt/airflow/dags/dag_bronze_ingestion.py
[2026-06-03T15:06:56.629+0000] {processor.py:840} INFO - DAG(s) 'neuralretail_bronze_ingestion' retrieved from /opt/airflow/dags/dag_bronze_ingestion.py
[2026-06-03T15:06:56.647+0000] {logging_mixin.py:188} INFO - [2026-06-03T15:06:56.646+0000] {dag.py:3096} INFO - Sync 1 DAGs
[2026-06-03T15:06:56.662+0000] {logging_mixin.py:188} INFO - [2026-06-03T15:06:56.662+0000] {dag.py:3954} INFO - Setting next_dagrun for neuralretail_bronze_ingestion to 2026-06-02 02:00:00+00:00, run_after=2026-06-03 02:00:00+00:00
[2026-06-03T15:06:56.679+0000] {processor.py:183} INFO - Processing /opt/airflow/dags/dag_bronze_ingestion.py took 0.093 seconds
[2026-06-03T15:07:26.891+0000] {processor.py:161} INFO - Started process (PID=2187) to work on /opt/airflow/dags/dag_bronze_ingestion.py
[2026-06-03T15:07:26.892+0000] {processor.py:830} INFO - Processing file /opt/airflow/dags/dag_bronze_ingestion.py for tasks to queue
[2026-06-03T15:07:26.894+0000] {logging_mixin.py:188} INFO - [2026-06-03T15:07:26.893+0000] {dagbag.py:540} INFO - Filling up the DagBag from /opt/airflow/dags/dag_bronze_ingestion.py
[2026-06-03T15:07:26.912+0000] {processor.py:840} INFO - DAG(s) 'neuralretail_bronze_ingestion' retrieved from /opt/airflow/dags/dag_bronze_ingestion.py
[2026-06-03T15:07:26.930+0000] {logging_mixin.py:188} INFO - [2026-06-03T15:07:26.930+0000] {dag.py:3096} INFO - Sync 1 DAGs
[2026-06-03T15:07:26.944+0000] {logging_mixin.py:188} INFO - [2026-06-03T15:07:26.944+0000] {dag.py:3954} INFO - Setting next_dagrun for neuralretail_bronze_ingestion to 2026-06-02 02:00:00+00:00, run_after=2026-06-03 02:00:00+00:00
[2026-06-03T15:07:26.960+0000] {processor.py:183} INFO - Processing /opt/airflow/dags/dag_bronze_ingestion.py took 0.078 seconds
[2026-06-03T15:07:57.058+0000] {processor.py:161} INFO - Started process (PID=2207) to work on /opt/airflow/dags/dag_bronze_ingestion.py
[2026-06-03T15:07:57.059+0000] {processor.py:830} INFO - Processing file /opt/airflow/dags/dag_bronze_ingestion.py for tasks to queue
[2026-06-03T15:07:57.061+0000] {logging_mixin.py:188} INFO - [2026-06-03T15:07:57.061+0000] {dagbag.py:540} INFO - Filling up the DagBag from /opt/airflow/dags/dag_bronze_ingestion.py
[2026-06-03T15:07:57.081+0000] {processor.py:840} INFO - DAG(s) 'neuralretail_bronze_ingestion' retrieved from /opt/airflow/dags/dag_bronze_ingestion.py
[2026-06-03T15:07:57.104+0000] {logging_mixin.py:188} INFO - [2026-06-03T15:07:57.104+0000] {dag.py:3096} INFO - Sync 1 DAGs
[2026-06-03T15:07:57.129+0000] {logging_mixin.py:188} INFO - [2026-06-03T15:07:57.128+0000] {dag.py:3954} INFO - Setting next_dagrun for neuralretail_bronze_ingestion to 2026-06-02 02:00:00+00:00, run_after=2026-06-03 02:00:00+00:00
[2026-06-03T15:07:57.159+0000] {processor.py:183} INFO - Processing /opt/airflow/dags/dag_bronze_ingestion.py took 0.107 seconds
[2026-06-03T15:08:27.334+0000] {processor.py:161} INFO - Started process (PID=2227) to work on /opt/airflow/dags/dag_bronze_ingestion.py
[2026-06-03T15:08:27.335+0000] {processor.py:830} INFO - Processing file /opt/airflow/dags/dag_bronze_ingestion.py for tasks to queue
[2026-06-03T15:08:27.336+0000] {logging_mixin.py:188} INFO - [2026-06-03T15:08:27.336+0000] {dagbag.py:540} INFO - Filling up the DagBag from /opt/airflow/dags/dag_bronze_ingestion.py
[2026-06-03T15:08:27.370+0000] {processor.py:840} INFO - DAG(s) 'neuralretail_bronze_ingestion' retrieved from /opt/airflow/dags/dag_bronze_ingestion.py
[2026-06-03T15:08:27.388+0000] {logging_mixin.py:188} INFO - [2026-06-03T15:08:27.388+0000] {dag.py:3096} INFO - Sync 1 DAGs
[2026-06-03T15:08:27.404+0000] {logging_mixin.py:188} INFO - [2026-06-03T15:08:27.404+0000] {dag.py:3954} INFO - Setting next_dagrun for neuralretail_bronze_ingestion to 2026-06-02 02:00:00+00:00, run_after=2026-06-03 02:00:00+00:00
[2026-06-03T15:08:27.419+0000] {processor.py:183} INFO - Processing /opt/airflow/dags/dag_bronze_ingestion.py took 0.090 seconds
[2026-06-03T15:08:57.678+0000] {processor.py:161} INFO - Started process (PID=2247) to work on /opt/airflow/dags/dag_bronze_ingestion.py
[2026-06-03T15:08:57.678+0000] {processor.py:830} INFO - Processing file /opt/airflow/dags/dag_bronze_ingestion.py for tasks to queue
[2026-06-03T15:08:57.680+0000] {logging_mixin.py:188} INFO - [2026-06-03T15:08:57.680+0000] {dagbag.py:540} INFO - Filling up the DagBag from /opt/airflow/dags/dag_bronze_ingestion.py
[2026-06-03T15:08:57.709+0000] {processor.py:840} INFO - DAG(s) 'neuralretail_bronze_ingestion' retrieved from /opt/airflow/dags/dag_bronze_ingestion.py
[2026-06-03T15:08:57.730+0000] {logging_mixin.py:188} INFO - [2026-06-03T15:08:57.730+0000] {dag.py:3096} INFO - Sync 1 DAGs
[2026-06-03T15:08:57.750+0000] {logging_mixin.py:188} INFO - [2026-06-03T15:08:57.750+0000] {dag.py:3954} INFO - Setting next_dagrun for neuralretail_bronze_ingestion to 2026-06-02 02:00:00+00:00, run_after=2026-06-03 02:00:00+00:00
[2026-06-03T15:08:57.769+0000] {processor.py:183} INFO - Processing /opt/airflow/dags/dag_bronze_ingestion.py took 0.097 seconds
[2026-06-03T15:09:27.952+0000] {processor.py:161} INFO - Started process (PID=2267) to work on /opt/airflow/dags/dag_bronze_ingestion.py
[2026-06-03T15:09:27.953+0000] {processor.py:830} INFO - Processing file /opt/airflow/dags/dag_bronze_ingestion.py for tasks to queue
[2026-06-03T15:09:27.954+0000] {logging_mixin.py:188} INFO - [2026-06-03T15:09:27.954+0000] {dagbag.py:540} INFO - Filling up the DagBag from /opt/airflow/dags/dag_bronze_ingestion.py
[2026-06-03T15:09:27.976+0000] {processor.py:840} INFO - DAG(s) 'neuralretail_bronze_ingestion' retrieved from /opt/airflow/dags/dag_bronze_ingestion.py
[2026-06-03T15:09:27.995+0000] {logging_mixin.py:188} INFO - [2026-06-03T15:09:27.995+0000] {dag.py:3096} INFO - Sync 1 DAGs
[2026-06-03T15:09:28.010+0000] {logging_mixin.py:188} INFO - [2026-06-03T15:09:28.010+0000] {dag.py:3954} INFO - Setting next_dagrun for neuralretail_bronze_ingestion to 2026-06-02 02:00:00+00:00, run_after=2026-06-03 02:00:00+00:00
[2026-06-03T15:09:28.026+0000] {processor.py:183} INFO - Processing /opt/airflow/dags/dag_bronze_ingestion.py took 0.079 seconds
[2026-06-03T15:09:59.251+0000] {processor.py:161} INFO - Started process (PID=2287) to work on /opt/airflow/dags/dag_bronze_ingestion.py
[2026-06-03T15:09:59.251+0000] {processor.py:830} INFO - Processing file /opt/airflow/dags/dag_bronze_ingestion.py for tasks to queue
[2026-06-03T15:09:59.253+0000] {logging_mixin.py:188} INFO - [2026-06-03T15:09:59.253+0000] {dagbag.py:540} INFO - Filling up the DagBag from /opt/airflow/dags/dag_bronze_ingestion.py
[2026-06-03T15:09:59.271+0000] {processor.py:840} INFO - DAG(s) 'neuralretail_bronze_ingestion' retrieved from /opt/airflow/dags/dag_bronze_ingestion.py
[2026-06-03T15:09:59.290+0000] {logging_mixin.py:188} INFO - [2026-06-03T15:09:59.290+0000] {dag.py:3096} INFO - Sync 1 DAGs
[2026-06-03T15:09:59.308+0000] {logging_mixin.py:188} INFO - [2026-06-03T15:09:59.307+0000] {dag.py:3954} INFO - Setting next_dagrun for neuralretail_bronze_ingestion to 2026-06-02 02:00:00+00:00, run_after=2026-06-03 02:00:00+00:00
[2026-06-03T15:09:59.324+0000] {processor.py:183} INFO - Processing /opt/airflow/dags/dag_bronze_ingestion.py took 0.078 seconds
[2026-06-03T15:10:29.650+0000] {processor.py:161} INFO - Started process (PID=2307) to work on /opt/airflow/dags/dag_bronze_ingestion.py
[2026-06-03T15:10:29.652+0000] {processor.py:830} INFO - Processing file /opt/airflow/dags/dag_bronze_ingestion.py for tasks to queue
[2026-06-03T15:10:29.655+0000] {logging_mixin.py:188} INFO - [2026-06-03T15:10:29.654+0000] {dagbag.py:540} INFO - Filling up the DagBag from /opt/airflow/dags/dag_bronze_ingestion.py
[2026-06-03T15:10:29.693+0000] {processor.py:840} INFO - DAG(s) 'neuralretail_bronze_ingestion' retrieved from /opt/airflow/dags/dag_bronze_ingestion.py
[2026-06-03T15:10:29.711+0000] {logging_mixin.py:188} INFO - [2026-06-03T15:10:29.711+0000] {dag.py:3096} INFO - Sync 1 DAGs
[2026-06-03T15:10:29.725+0000] {logging_mixin.py:188} INFO - [2026-06-03T15:10:29.725+0000] {dag.py:3954} INFO - Setting next_dagrun for neuralretail_bronze_ingestion to 2026-06-02 02:00:00+00:00, run_after=2026-06-03 02:00:00+00:00
[2026-06-03T15:10:29.742+0000] {processor.py:183} INFO - Processing /opt/airflow/dags/dag_bronze_ingestion.py took 0.103 seconds
[2026-06-03T15:10:59.939+0000] {processor.py:161} INFO - Started process (PID=2327) to work on /opt/airflow/dags/dag_bronze_ingestion.py
[2026-06-03T15:10:59.940+0000] {processor.py:830} INFO - Processing file /opt/airflow/dags/dag_bronze_ingestion.py for tasks to queue
[2026-06-03T15:10:59.942+0000] {logging_mixin.py:188} INFO - [2026-06-03T15:10:59.942+0000] {dagbag.py:540} INFO - Filling up the DagBag from /opt/airflow/dags/dag_bronze_ingestion.py
[2026-06-03T15:10:59.962+0000] {processor.py:840} INFO - DAG(s) 'neuralretail_bronze_ingestion' retrieved from /opt/airflow/dags/dag_bronze_ingestion.py
[2026-06-03T15:10:59.981+0000] {logging_mixin.py:188} INFO - [2026-06-03T15:10:59.980+0000] {dag.py:3096} INFO - Sync 1 DAGs
[2026-06-03T15:10:59.996+0000] {logging_mixin.py:188} INFO - [2026-06-03T15:10:59.996+0000] {dag.py:3954} INFO - Setting next_dagrun for neuralretail_bronze_ingestion to 2026-06-02 02:00:00+00:00, run_after=2026-06-03 02:00:00+00:00
[2026-06-03T15:11:00.023+0000] {processor.py:183} INFO - Processing /opt/airflow/dags/dag_bronze_ingestion.py took 0.088 seconds
[2026-06-03T15:11:30.216+0000] {processor.py:161} INFO - Started process (PID=2347) to work on /opt/airflow/dags/dag_bronze_ingestion.py
[2026-06-03T15:11:30.217+0000] {processor.py:830} INFO - Processing file /opt/airflow/dags/dag_bronze_ingestion.py for tasks to queue
[2026-06-03T15:11:30.219+0000] {logging_mixin.py:188} INFO - [2026-06-03T15:11:30.218+0000] {dagbag.py:540} INFO - Filling up the DagBag from /opt/airflow/dags/dag_bronze_ingestion.py
[2026-06-03T15:11:30.242+0000] {processor.py:840} INFO - DAG(s) 'neuralretail_bronze_ingestion' retrieved from /opt/airflow/dags/dag_bronze_ingestion.py
[2026-06-03T15:11:30.263+0000] {logging_mixin.py:188} INFO - [2026-06-03T15:11:30.263+0000] {dag.py:3096} INFO - Sync 1 DAGs
[2026-06-03T15:11:30.277+0000] {logging_mixin.py:188} INFO - [2026-06-03T15:11:30.277+0000] {dag.py:3954} INFO - Setting next_dagrun for neuralretail_bronze_ingestion to 2026-06-02 02:00:00+00:00, run_after=2026-06-03 02:00:00+00:00
[2026-06-03T15:11:30.292+0000] {processor.py:183} INFO - Processing /opt/airflow/dags/dag_bronze_ingestion.py took 0.083 seconds
[2026-06-03T15:12:00.381+0000] {processor.py:161} INFO - Started process (PID=2365) to work on /opt/airflow/dags/dag_bronze_ingestion.py
[2026-06-03T15:12:00.382+0000] {processor.py:830} INFO - Processing file /opt/airflow/dags/dag_bronze_ingestion.py for tasks to queue
[2026-06-03T15:12:00.383+0000] {logging_mixin.py:188} INFO - [2026-06-03T15:12:00.383+0000] {dagbag.py:540} INFO - Filling up the DagBag from /opt/airflow/dags/dag_bronze_ingestion.py
[2026-06-03T15:12:00.412+0000] {processor.py:840} INFO - DAG(s) 'neuralretail_bronze_ingestion' retrieved from /opt/airflow/dags/dag_bronze_ingestion.py
[2026-06-03T15:12:00.432+0000] {logging_mixin.py:188} INFO - [2026-06-03T15:12:00.432+0000] {dag.py:3096} INFO - Sync 1 DAGs
[2026-06-03T15:12:00.450+0000] {logging_mixin.py:188} INFO - [2026-06-03T15:12:00.450+0000] {dag.py:3954} INFO - Setting next_dagrun for neuralretail_bronze_ingestion to 2026-06-02 02:00:00+00:00, run_after=2026-06-03 02:00:00+00:00
[2026-06-03T15:12:00.463+0000] {processor.py:183} INFO - Processing /opt/airflow/dags/dag_bronze_ingestion.py took 0.086 seconds
[2026-06-03T15:12:30.550+0000] {processor.py:161} INFO - Started process (PID=2385) to work on /opt/airflow/dags/dag_bronze_ingestion.py
[2026-06-03T15:12:30.551+0000] {processor.py:830} INFO - Processing file /opt/airflow/dags/dag_bronze_ingestion.py for tasks to queue
[2026-06-03T15:12:30.552+0000] {logging_mixin.py:188} INFO - [2026-06-03T15:12:30.552+0000] {dagbag.py:540} INFO - Filling up the DagBag from /opt/airflow/dags/dag_bronze_ingestion.py
[2026-06-03T15:12:30.570+0000] {processor.py:840} INFO - DAG(s) 'neuralretail_bronze_ingestion' retrieved from /opt/airflow/dags/dag_bronze_ingestion.py
[2026-06-03T15:12:30.589+0000] {logging_mixin.py:188} INFO - [2026-06-03T15:12:30.589+0000] {dag.py:3096} INFO - Sync 1 DAGs
[2026-06-03T15:12:30.606+0000] {logging_mixin.py:188} INFO - [2026-06-03T15:12:30.606+0000] {dag.py:3954} INFO - Setting next_dagrun for neuralretail_bronze_ingestion to 2026-06-02 02:00:00+00:00, run_after=2026-06-03 02:00:00+00:00
[2026-06-03T15:12:30.621+0000] {processor.py:183} INFO - Processing /opt/airflow/dags/dag_bronze_ingestion.py took 0.075 seconds
[2026-06-03T15:13:00.840+0000] {processor.py:161} INFO - Started process (PID=2407) to work on /opt/airflow/dags/dag_bronze_ingestion.py
[2026-06-03T15:13:00.841+0000] {processor.py:830} INFO - Processing file /opt/airflow/dags/dag_bronze_ingestion.py for tasks to queue
[2026-06-03T15:13:00.842+0000] {logging_mixin.py:188} INFO - [2026-06-03T15:13:00.842+0000] {dagbag.py:540} INFO - Filling up the DagBag from /opt/airflow/dags/dag_bronze_ingestion.py
[2026-06-03T15:13:00.862+0000] {processor.py:840} INFO - DAG(s) 'neuralretail_bronze_ingestion' retrieved from /opt/airflow/dags/dag_bronze_ingestion.py
[2026-06-03T15:13:00.881+0000] {logging_mixin.py:188} INFO - [2026-06-03T15:13:00.881+0000] {dag.py:3096} INFO - Sync 1 DAGs
[2026-06-03T15:13:00.896+0000] {logging_mixin.py:188} INFO - [2026-06-03T15:13:00.896+0000] {dag.py:3954} INFO - Setting next_dagrun for neuralretail_bronze_ingestion to 2026-06-02 02:00:00+00:00, run_after=2026-06-03 02:00:00+00:00
[2026-06-03T15:13:00.911+0000] {processor.py:183} INFO - Processing /opt/airflow/dags/dag_bronze_ingestion.py took 0.075 seconds
[2026-06-03T15:13:31.173+0000] {processor.py:161} INFO - Started process (PID=2427) to work on /opt/airflow/dags/dag_bronze_ingestion.py
[2026-06-03T15:13:31.174+0000] {processor.py:830} INFO - Processing file /opt/airflow/dags/dag_bronze_ingestion.py for tasks to queue
[2026-06-03T15:13:31.175+0000] {logging_mixin.py:188} INFO - [2026-06-03T15:13:31.175+0000] {dagbag.py:540} INFO - Filling up the DagBag from /opt/airflow/dags/dag_bronze_ingestion.py
[2026-06-03T15:13:31.249+0000] {processor.py:840} INFO - DAG(s) 'neuralretail_bronze_ingestion' retrieved from /opt/airflow/dags/dag_bronze_ingestion.py
[2026-06-03T15:13:31.288+0000] {logging_mixin.py:188} INFO - [2026-06-03T15:13:31.288+0000] {dag.py:3096} INFO - Sync 1 DAGs
[2026-06-03T15:13:31.320+0000] {logging_mixin.py:188} INFO - [2026-06-03T15:13:31.320+0000] {dag.py:3954} INFO - Setting next_dagrun for neuralretail_bronze_ingestion to 2026-06-02 02:00:00+00:00, run_after=2026-06-03 02:00:00+00:00
[2026-06-03T15:13:31.345+0000] {processor.py:183} INFO - Processing /opt/airflow/dags/dag_bronze_ingestion.py took 0.181 seconds
[2026-06-03T15:14:01.782+0000] {processor.py:161} INFO - Started process (PID=2445) to work on /opt/airflow/dags/dag_bronze_ingestion.py
[2026-06-03T15:14:01.783+0000] {processor.py:830} INFO - Processing file /opt/airflow/dags/dag_bronze_ingestion.py for tasks to queue
[2026-06-03T15:14:01.785+0000] {logging_mixin.py:188} INFO - [2026-06-03T15:14:01.785+0000] {dagbag.py:540} INFO - Filling up the DagBag from /opt/airflow/dags/dag_bronze_ingestion.py
[2026-06-03T15:14:01.838+0000] {processor.py:840} INFO - DAG(s) 'neuralretail_bronze_ingestion' retrieved from /opt/airflow/dags/dag_bronze_ingestion.py
[2026-06-03T15:14:01.857+0000] {logging_mixin.py:188} INFO - [2026-06-03T15:14:01.856+0000] {dag.py:3096} INFO - Sync 1 DAGs
[2026-06-03T15:14:01.872+0000] {logging_mixin.py:188} INFO - [2026-06-03T15:14:01.872+0000] {dag.py:3954} INFO - Setting next_dagrun for neuralretail_bronze_ingestion to 2026-06-02 02:00:00+00:00, run_after=2026-06-03 02:00:00+00:00
[2026-06-03T15:14:01.890+0000] {processor.py:183} INFO - Processing /opt/airflow/dags/dag_bronze_ingestion.py took 0.115 seconds
[2026-06-03T15:14:32.285+0000] {processor.py:161} INFO - Started process (PID=2467) to work on /opt/airflow/dags/dag_bronze_ingestion.py
[2026-06-03T15:14:32.286+0000] {processor.py:830} INFO - Processing file /opt/airflow/dags/dag_bronze_ingestion.py for tasks to queue
[2026-06-03T15:14:32.288+0000] {logging_mixin.py:188} INFO - [2026-06-03T15:14:32.287+0000] {dagbag.py:540} INFO - Filling up the DagBag from /opt/airflow/dags/dag_bronze_ingestion.py
[2026-06-03T15:14:32.308+0000] {processor.py:840} INFO - DAG(s) 'neuralretail_bronze_ingestion' retrieved from /opt/airflow/dags/dag_bronze_ingestion.py
[2026-06-03T15:14:32.325+0000] {logging_mixin.py:188} INFO - [2026-06-03T15:14:32.325+0000] {dag.py:3096} INFO - Sync 1 DAGs
[2026-06-03T15:14:32.340+0000] {logging_mixin.py:188} INFO - [2026-06-03T15:14:32.340+0000] {dag.py:3954} INFO - Setting next_dagrun for neuralretail_bronze_ingestion to 2026-06-02 02:00:00+00:00, run_after=2026-06-03 02:00:00+00:00
[2026-06-03T15:14:32.356+0000] {processor.py:183} INFO - Processing /opt/airflow/dags/dag_bronze_ingestion.py took 0.082 seconds
[2026-06-03T15:15:03.444+0000] {processor.py:161} INFO - Started process (PID=2487) to work on /opt/airflow/dags/dag_bronze_ingestion.py
[2026-06-03T15:15:03.446+0000] {processor.py:830} INFO - Processing file /opt/airflow/dags/dag_bronze_ingestion.py for tasks to queue
[2026-06-03T15:15:03.450+0000] {logging_mixin.py:188} INFO - [2026-06-03T15:15:03.449+0000] {dagbag.py:540} INFO - Filling up the DagBag from /opt/airflow/dags/dag_bronze_ingestion.py
[2026-06-03T15:15:03.497+0000] {processor.py:840} INFO - DAG(s) 'neuralretail_bronze_ingestion' retrieved from /opt/airflow/dags/dag_bronze_ingestion.py
[2026-06-03T15:15:03.522+0000] {logging_mixin.py:188} INFO - [2026-06-03T15:15:03.522+0000] {dag.py:3096} INFO - Sync 1 DAGs
[2026-06-03T15:15:03.542+0000] {logging_mixin.py:188} INFO - [2026-06-03T15:15:03.542+0000] {dag.py:3954} INFO - Setting next_dagrun for neuralretail_bronze_ingestion to 2026-06-02 02:00:00+00:00, run_after=2026-06-03 02:00:00+00:00
[2026-06-03T15:15:03.559+0000] {processor.py:183} INFO - Processing /opt/airflow/dags/dag_bronze_ingestion.py took 0.119 seconds
[2026-06-03T15:15:34.035+0000] {processor.py:161} INFO - Started process (PID=2507) to work on /opt/airflow/dags/dag_bronze_ingestion.py
[2026-06-03T15:15:34.051+0000] {processor.py:830} INFO - Processing file /opt/airflow/dags/dag_bronze_ingestion.py for tasks to queue
[2026-06-03T15:15:34.054+0000] {logging_mixin.py:188} INFO - [2026-06-03T15:15:34.054+0000] {dagbag.py:540} INFO - Filling up the DagBag from /opt/airflow/dags/dag_bronze_ingestion.py
[2026-06-03T15:15:34.121+0000] {processor.py:840} INFO - DAG(s) 'neuralretail_bronze_ingestion' retrieved from /opt/airflow/dags/dag_bronze_ingestion.py
[2026-06-03T15:15:34.139+0000] {logging_mixin.py:188} INFO - [2026-06-03T15:15:34.139+0000] {dag.py:3096} INFO - Sync 1 DAGs
[2026-06-03T15:15:34.159+0000] {logging_mixin.py:188} INFO - [2026-06-03T15:15:34.158+0000] {dag.py:3954} INFO - Setting next_dagrun for neuralretail_bronze_ingestion to 2026-06-02 02:00:00+00:00, run_after=2026-06-03 02:00:00+00:00
[2026-06-03T15:15:34.175+0000] {processor.py:183} INFO - Processing /opt/airflow/dags/dag_bronze_ingestion.py took 0.147 seconds
