[2026-06-03T05:57:59.362+0000] {processor.py:161} INFO - Started process (PID=175) to work on /opt/airflow/dags/dag_drift_monitoring.py
[2026-06-03T05:57:59.375+0000] {processor.py:830} INFO - Processing file /opt/airflow/dags/dag_drift_monitoring.py for tasks to queue
[2026-06-03T05:57:59.382+0000] {logging_mixin.py:188} INFO - [2026-06-03T05:57:59.382+0000] {dagbag.py:540} INFO - Filling up the DagBag from /opt/airflow/dags/dag_drift_monitoring.py
[2026-06-03T05:58:00.281+0000] {processor.py:840} INFO - DAG(s) 'neuralretail_drift_monitoring' retrieved from /opt/airflow/dags/dag_drift_monitoring.py
[2026-06-03T05:58:00.403+0000] {logging_mixin.py:188} INFO - [2026-06-03T05:58:00.403+0000] {dag.py:3096} INFO - Sync 1 DAGs
[2026-06-03T05:58:00.432+0000] {logging_mixin.py:188} INFO - [2026-06-03T05:58:00.432+0000] {dag.py:3954} INFO - Setting next_dagrun for neuralretail_drift_monitoring to 2026-06-02 08:00:00+00:00, run_after=2026-06-03 08:00:00+00:00
[2026-06-03T05:58:00.469+0000] {processor.py:183} INFO - Processing /opt/airflow/dags/dag_drift_monitoring.py took 1.112 seconds
[2026-06-03T05:58:31.346+0000] {processor.py:161} INFO - Started process (PID=195) to work on /opt/airflow/dags/dag_drift_monitoring.py
[2026-06-03T05:58:31.351+0000] {processor.py:830} INFO - Processing file /opt/airflow/dags/dag_drift_monitoring.py for tasks to queue
[2026-06-03T05:58:31.361+0000] {logging_mixin.py:188} INFO - [2026-06-03T05:58:31.360+0000] {dagbag.py:540} INFO - Filling up the DagBag from /opt/airflow/dags/dag_drift_monitoring.py
[2026-06-03T05:58:31.461+0000] {processor.py:840} INFO - DAG(s) 'neuralretail_drift_monitoring' retrieved from /opt/airflow/dags/dag_drift_monitoring.py
[2026-06-03T05:58:31.497+0000] {logging_mixin.py:188} INFO - [2026-06-03T05:58:31.497+0000] {dag.py:3096} INFO - Sync 1 DAGs
[2026-06-03T05:58:31.553+0000] {logging_mixin.py:188} INFO - [2026-06-03T05:58:31.552+0000] {dag.py:3954} INFO - Setting next_dagrun for neuralretail_drift_monitoring to 2026-06-02 08:00:00+00:00, run_after=2026-06-03 08:00:00+00:00
[2026-06-03T05:58:31.587+0000] {processor.py:183} INFO - Processing /opt/airflow/dags/dag_drift_monitoring.py took 0.250 seconds
[2026-06-03T05:59:02.267+0000] {processor.py:161} INFO - Started process (PID=215) to work on /opt/airflow/dags/dag_drift_monitoring.py
[2026-06-03T05:59:02.274+0000] {processor.py:830} INFO - Processing file /opt/airflow/dags/dag_drift_monitoring.py for tasks to queue
[2026-06-03T05:59:02.282+0000] {logging_mixin.py:188} INFO - [2026-06-03T05:59:02.282+0000] {dagbag.py:540} INFO - Filling up the DagBag from /opt/airflow/dags/dag_drift_monitoring.py
[2026-06-03T05:59:02.488+0000] {processor.py:840} INFO - DAG(s) 'neuralretail_drift_monitoring' retrieved from /opt/airflow/dags/dag_drift_monitoring.py
[2026-06-03T05:59:02.517+0000] {logging_mixin.py:188} INFO - [2026-06-03T05:59:02.517+0000] {dag.py:3096} INFO - Sync 1 DAGs
[2026-06-03T05:59:02.543+0000] {logging_mixin.py:188} INFO - [2026-06-03T05:59:02.543+0000] {dag.py:3954} INFO - Setting next_dagrun for neuralretail_drift_monitoring to 2026-06-02 08:00:00+00:00, run_after=2026-06-03 08:00:00+00:00
[2026-06-03T05:59:02.572+0000] {processor.py:183} INFO - Processing /opt/airflow/dags/dag_drift_monitoring.py took 0.319 seconds
[2026-06-03T05:59:33.737+0000] {processor.py:161} INFO - Started process (PID=235) to work on /opt/airflow/dags/dag_drift_monitoring.py
[2026-06-03T05:59:33.745+0000] {processor.py:830} INFO - Processing file /opt/airflow/dags/dag_drift_monitoring.py for tasks to queue
[2026-06-03T05:59:33.751+0000] {logging_mixin.py:188} INFO - [2026-06-03T05:59:33.750+0000] {dagbag.py:540} INFO - Filling up the DagBag from /opt/airflow/dags/dag_drift_monitoring.py
[2026-06-03T05:59:33.841+0000] {processor.py:840} INFO - DAG(s) 'neuralretail_drift_monitoring' retrieved from /opt/airflow/dags/dag_drift_monitoring.py
[2026-06-03T05:59:33.881+0000] {logging_mixin.py:188} INFO - [2026-06-03T05:59:33.881+0000] {dag.py:3096} INFO - Sync 1 DAGs
[2026-06-03T05:59:33.924+0000] {logging_mixin.py:188} INFO - [2026-06-03T05:59:33.923+0000] {dag.py:3954} INFO - Setting next_dagrun for neuralretail_drift_monitoring to 2026-06-02 08:00:00+00:00, run_after=2026-06-03 08:00:00+00:00
[2026-06-03T05:59:33.969+0000] {processor.py:183} INFO - Processing /opt/airflow/dags/dag_drift_monitoring.py took 0.244 seconds
[2026-06-03T06:00:06.084+0000] {processor.py:161} INFO - Started process (PID=255) to work on /opt/airflow/dags/dag_drift_monitoring.py
[2026-06-03T06:00:06.090+0000] {processor.py:830} INFO - Processing file /opt/airflow/dags/dag_drift_monitoring.py for tasks to queue
[2026-06-03T06:00:06.107+0000] {logging_mixin.py:188} INFO - [2026-06-03T06:00:06.106+0000] {dagbag.py:540} INFO - Filling up the DagBag from /opt/airflow/dags/dag_drift_monitoring.py
[2026-06-03T06:00:06.415+0000] {processor.py:840} INFO - DAG(s) 'neuralretail_drift_monitoring' retrieved from /opt/airflow/dags/dag_drift_monitoring.py
[2026-06-03T06:00:06.454+0000] {logging_mixin.py:188} INFO - [2026-06-03T06:00:06.454+0000] {dag.py:3096} INFO - Sync 1 DAGs
[2026-06-03T06:00:06.485+0000] {logging_mixin.py:188} INFO - [2026-06-03T06:00:06.485+0000] {dag.py:3954} INFO - Setting next_dagrun for neuralretail_drift_monitoring to 2026-06-02 08:00:00+00:00, run_after=2026-06-03 08:00:00+00:00
[2026-06-03T06:00:06.511+0000] {processor.py:183} INFO - Processing /opt/airflow/dags/dag_drift_monitoring.py took 0.435 seconds
[2026-06-03T06:00:37.570+0000] {processor.py:161} INFO - Started process (PID=275) to work on /opt/airflow/dags/dag_drift_monitoring.py
[2026-06-03T06:00:37.581+0000] {processor.py:830} INFO - Processing file /opt/airflow/dags/dag_drift_monitoring.py for tasks to queue
[2026-06-03T06:00:37.594+0000] {logging_mixin.py:188} INFO - [2026-06-03T06:00:37.593+0000] {dagbag.py:540} INFO - Filling up the DagBag from /opt/airflow/dags/dag_drift_monitoring.py
[2026-06-03T06:00:37.978+0000] {processor.py:840} INFO - DAG(s) 'neuralretail_drift_monitoring' retrieved from /opt/airflow/dags/dag_drift_monitoring.py
[2026-06-03T06:00:38.002+0000] {logging_mixin.py:188} INFO - [2026-06-03T06:00:38.002+0000] {dag.py:3096} INFO - Sync 1 DAGs
[2026-06-03T06:00:38.024+0000] {logging_mixin.py:188} INFO - [2026-06-03T06:00:38.024+0000] {dag.py:3954} INFO - Setting next_dagrun for neuralretail_drift_monitoring to 2026-06-02 08:00:00+00:00, run_after=2026-06-03 08:00:00+00:00
[2026-06-03T06:00:38.041+0000] {processor.py:183} INFO - Processing /opt/airflow/dags/dag_drift_monitoring.py took 0.492 seconds
[2026-06-03T06:01:08.399+0000] {processor.py:161} INFO - Started process (PID=295) to work on /opt/airflow/dags/dag_drift_monitoring.py
[2026-06-03T06:01:08.401+0000] {processor.py:830} INFO - Processing file /opt/airflow/dags/dag_drift_monitoring.py for tasks to queue
[2026-06-03T06:01:08.403+0000] {logging_mixin.py:188} INFO - [2026-06-03T06:01:08.403+0000] {dagbag.py:540} INFO - Filling up the DagBag from /opt/airflow/dags/dag_drift_monitoring.py
[2026-06-03T06:01:08.466+0000] {processor.py:840} INFO - DAG(s) 'neuralretail_drift_monitoring' retrieved from /opt/airflow/dags/dag_drift_monitoring.py
[2026-06-03T06:01:08.513+0000] {logging_mixin.py:188} INFO - [2026-06-03T06:01:08.513+0000] {dag.py:3096} INFO - Sync 1 DAGs
[2026-06-03T06:01:08.549+0000] {logging_mixin.py:188} INFO - [2026-06-03T06:01:08.548+0000] {dag.py:3954} INFO - Setting next_dagrun for neuralretail_drift_monitoring to 2026-06-02 08:00:00+00:00, run_after=2026-06-03 08:00:00+00:00
[2026-06-03T06:01:08.592+0000] {processor.py:183} INFO - Processing /opt/airflow/dags/dag_drift_monitoring.py took 0.201 seconds
[2026-06-03T06:01:38.759+0000] {processor.py:161} INFO - Started process (PID=315) to work on /opt/airflow/dags/dag_drift_monitoring.py
[2026-06-03T06:01:38.762+0000] {processor.py:830} INFO - Processing file /opt/airflow/dags/dag_drift_monitoring.py for tasks to queue
[2026-06-03T06:01:38.777+0000] {logging_mixin.py:188} INFO - [2026-06-03T06:01:38.776+0000] {dagbag.py:540} INFO - Filling up the DagBag from /opt/airflow/dags/dag_drift_monitoring.py
[2026-06-03T06:01:38.841+0000] {processor.py:840} INFO - DAG(s) 'neuralretail_drift_monitoring' retrieved from /opt/airflow/dags/dag_drift_monitoring.py
[2026-06-03T06:01:38.875+0000] {logging_mixin.py:188} INFO - [2026-06-03T06:01:38.875+0000] {dag.py:3096} INFO - Sync 1 DAGs
[2026-06-03T06:01:38.903+0000] {logging_mixin.py:188} INFO - [2026-06-03T06:01:38.903+0000] {dag.py:3954} INFO - Setting next_dagrun for neuralretail_drift_monitoring to 2026-06-02 08:00:00+00:00, run_after=2026-06-03 08:00:00+00:00
[2026-06-03T06:01:38.953+0000] {processor.py:183} INFO - Processing /opt/airflow/dags/dag_drift_monitoring.py took 0.202 seconds
[2026-06-03T06:02:09.182+0000] {processor.py:161} INFO - Started process (PID=335) to work on /opt/airflow/dags/dag_drift_monitoring.py
[2026-06-03T06:02:09.184+0000] {processor.py:830} INFO - Processing file /opt/airflow/dags/dag_drift_monitoring.py for tasks to queue
[2026-06-03T06:02:09.186+0000] {logging_mixin.py:188} INFO - [2026-06-03T06:02:09.186+0000] {dagbag.py:540} INFO - Filling up the DagBag from /opt/airflow/dags/dag_drift_monitoring.py
[2026-06-03T06:02:09.238+0000] {processor.py:840} INFO - DAG(s) 'neuralretail_drift_monitoring' retrieved from /opt/airflow/dags/dag_drift_monitoring.py
[2026-06-03T06:02:09.260+0000] {logging_mixin.py:188} INFO - [2026-06-03T06:02:09.260+0000] {dag.py:3096} INFO - Sync 1 DAGs
[2026-06-03T06:02:09.279+0000] {logging_mixin.py:188} INFO - [2026-06-03T06:02:09.279+0000] {dag.py:3954} INFO - Setting next_dagrun for neuralretail_drift_monitoring to 2026-06-02 08:00:00+00:00, run_after=2026-06-03 08:00:00+00:00
[2026-06-03T06:02:09.298+0000] {processor.py:183} INFO - Processing /opt/airflow/dags/dag_drift_monitoring.py took 0.122 seconds
[2026-06-03T06:02:39.648+0000] {processor.py:161} INFO - Started process (PID=355) to work on /opt/airflow/dags/dag_drift_monitoring.py
[2026-06-03T06:02:39.650+0000] {processor.py:830} INFO - Processing file /opt/airflow/dags/dag_drift_monitoring.py for tasks to queue
[2026-06-03T06:02:39.654+0000] {logging_mixin.py:188} INFO - [2026-06-03T06:02:39.653+0000] {dagbag.py:540} INFO - Filling up the DagBag from /opt/airflow/dags/dag_drift_monitoring.py
[2026-06-03T06:02:39.789+0000] {processor.py:840} INFO - DAG(s) 'neuralretail_drift_monitoring' retrieved from /opt/airflow/dags/dag_drift_monitoring.py
[2026-06-03T06:02:39.830+0000] {logging_mixin.py:188} INFO - [2026-06-03T06:02:39.829+0000] {dag.py:3096} INFO - Sync 1 DAGs
[2026-06-03T06:02:39.855+0000] {logging_mixin.py:188} INFO - [2026-06-03T06:02:39.855+0000] {dag.py:3954} INFO - Setting next_dagrun for neuralretail_drift_monitoring to 2026-06-02 08:00:00+00:00, run_after=2026-06-03 08:00:00+00:00
[2026-06-03T06:02:39.894+0000] {processor.py:183} INFO - Processing /opt/airflow/dags/dag_drift_monitoring.py took 0.252 seconds
[2026-06-03T06:03:10.390+0000] {processor.py:161} INFO - Started process (PID=375) to work on /opt/airflow/dags/dag_drift_monitoring.py
[2026-06-03T06:03:10.396+0000] {processor.py:830} INFO - Processing file /opt/airflow/dags/dag_drift_monitoring.py for tasks to queue
[2026-06-03T06:03:10.403+0000] {logging_mixin.py:188} INFO - [2026-06-03T06:03:10.402+0000] {dagbag.py:540} INFO - Filling up the DagBag from /opt/airflow/dags/dag_drift_monitoring.py
[2026-06-03T06:03:10.601+0000] {processor.py:840} INFO - DAG(s) 'neuralretail_drift_monitoring' retrieved from /opt/airflow/dags/dag_drift_monitoring.py
[2026-06-03T06:03:10.636+0000] {logging_mixin.py:188} INFO - [2026-06-03T06:03:10.636+0000] {dag.py:3096} INFO - Sync 1 DAGs
[2026-06-03T06:03:10.670+0000] {logging_mixin.py:188} INFO - [2026-06-03T06:03:10.670+0000] {dag.py:3954} INFO - Setting next_dagrun for neuralretail_drift_monitoring to 2026-06-02 08:00:00+00:00, run_after=2026-06-03 08:00:00+00:00
[2026-06-03T06:03:10.757+0000] {processor.py:183} INFO - Processing /opt/airflow/dags/dag_drift_monitoring.py took 0.381 seconds
[2026-06-03T06:03:41.154+0000] {processor.py:161} INFO - Started process (PID=395) to work on /opt/airflow/dags/dag_drift_monitoring.py
[2026-06-03T06:03:41.156+0000] {processor.py:830} INFO - Processing file /opt/airflow/dags/dag_drift_monitoring.py for tasks to queue
[2026-06-03T06:03:41.159+0000] {logging_mixin.py:188} INFO - [2026-06-03T06:03:41.159+0000] {dagbag.py:540} INFO - Filling up the DagBag from /opt/airflow/dags/dag_drift_monitoring.py
[2026-06-03T06:03:41.241+0000] {processor.py:840} INFO - DAG(s) 'neuralretail_drift_monitoring' retrieved from /opt/airflow/dags/dag_drift_monitoring.py
[2026-06-03T06:03:41.263+0000] {logging_mixin.py:188} INFO - [2026-06-03T06:03:41.263+0000] {dag.py:3096} INFO - Sync 1 DAGs
[2026-06-03T06:03:41.290+0000] {logging_mixin.py:188} INFO - [2026-06-03T06:03:41.290+0000] {dag.py:3954} INFO - Setting next_dagrun for neuralretail_drift_monitoring to 2026-06-02 08:00:00+00:00, run_after=2026-06-03 08:00:00+00:00
[2026-06-03T06:03:41.312+0000] {processor.py:183} INFO - Processing /opt/airflow/dags/dag_drift_monitoring.py took 0.164 seconds
[2026-06-03T06:04:11.919+0000] {processor.py:161} INFO - Started process (PID=415) to work on /opt/airflow/dags/dag_drift_monitoring.py
[2026-06-03T06:04:11.927+0000] {processor.py:830} INFO - Processing file /opt/airflow/dags/dag_drift_monitoring.py for tasks to queue
[2026-06-03T06:04:11.933+0000] {logging_mixin.py:188} INFO - [2026-06-03T06:04:11.933+0000] {dagbag.py:540} INFO - Filling up the DagBag from /opt/airflow/dags/dag_drift_monitoring.py
[2026-06-03T06:04:12.051+0000] {processor.py:840} INFO - DAG(s) 'neuralretail_drift_monitoring' retrieved from /opt/airflow/dags/dag_drift_monitoring.py
[2026-06-03T06:04:12.101+0000] {logging_mixin.py:188} INFO - [2026-06-03T06:04:12.101+0000] {dag.py:3096} INFO - Sync 1 DAGs
[2026-06-03T06:04:12.141+0000] {logging_mixin.py:188} INFO - [2026-06-03T06:04:12.141+0000] {dag.py:3954} INFO - Setting next_dagrun for neuralretail_drift_monitoring to 2026-06-02 08:00:00+00:00, run_after=2026-06-03 08:00:00+00:00
[2026-06-03T06:04:12.199+0000] {processor.py:183} INFO - Processing /opt/airflow/dags/dag_drift_monitoring.py took 0.291 seconds
[2026-06-03T06:04:43.090+0000] {processor.py:161} INFO - Started process (PID=435) to work on /opt/airflow/dags/dag_drift_monitoring.py
[2026-06-03T06:04:43.095+0000] {processor.py:830} INFO - Processing file /opt/airflow/dags/dag_drift_monitoring.py for tasks to queue
[2026-06-03T06:04:43.101+0000] {logging_mixin.py:188} INFO - [2026-06-03T06:04:43.100+0000] {dagbag.py:540} INFO - Filling up the DagBag from /opt/airflow/dags/dag_drift_monitoring.py
[2026-06-03T06:04:43.190+0000] {processor.py:840} INFO - DAG(s) 'neuralretail_drift_monitoring' retrieved from /opt/airflow/dags/dag_drift_monitoring.py
[2026-06-03T06:04:43.231+0000] {logging_mixin.py:188} INFO - [2026-06-03T06:04:43.231+0000] {dag.py:3096} INFO - Sync 1 DAGs
[2026-06-03T06:04:43.256+0000] {logging_mixin.py:188} INFO - [2026-06-03T06:04:43.256+0000] {dag.py:3954} INFO - Setting next_dagrun for neuralretail_drift_monitoring to 2026-06-02 08:00:00+00:00, run_after=2026-06-03 08:00:00+00:00
[2026-06-03T06:04:43.293+0000] {processor.py:183} INFO - Processing /opt/airflow/dags/dag_drift_monitoring.py took 0.218 seconds
[2026-06-03T06:05:14.393+0000] {processor.py:161} INFO - Started process (PID=455) to work on /opt/airflow/dags/dag_drift_monitoring.py
[2026-06-03T06:05:14.397+0000] {processor.py:830} INFO - Processing file /opt/airflow/dags/dag_drift_monitoring.py for tasks to queue
[2026-06-03T06:05:14.400+0000] {logging_mixin.py:188} INFO - [2026-06-03T06:05:14.399+0000] {dagbag.py:540} INFO - Filling up the DagBag from /opt/airflow/dags/dag_drift_monitoring.py
[2026-06-03T06:05:14.549+0000] {processor.py:840} INFO - DAG(s) 'neuralretail_drift_monitoring' retrieved from /opt/airflow/dags/dag_drift_monitoring.py
[2026-06-03T06:05:14.591+0000] {logging_mixin.py:188} INFO - [2026-06-03T06:05:14.591+0000] {dag.py:3096} INFO - Sync 1 DAGs
[2026-06-03T06:05:14.625+0000] {logging_mixin.py:188} INFO - [2026-06-03T06:05:14.625+0000] {dag.py:3954} INFO - Setting next_dagrun for neuralretail_drift_monitoring to 2026-06-02 08:00:00+00:00, run_after=2026-06-03 08:00:00+00:00
[2026-06-03T06:05:14.661+0000] {processor.py:183} INFO - Processing /opt/airflow/dags/dag_drift_monitoring.py took 0.276 seconds
[2026-06-03T06:05:45.634+0000] {processor.py:161} INFO - Started process (PID=477) to work on /opt/airflow/dags/dag_drift_monitoring.py
[2026-06-03T06:05:45.640+0000] {processor.py:830} INFO - Processing file /opt/airflow/dags/dag_drift_monitoring.py for tasks to queue
[2026-06-03T06:05:45.650+0000] {logging_mixin.py:188} INFO - [2026-06-03T06:05:45.649+0000] {dagbag.py:540} INFO - Filling up the DagBag from /opt/airflow/dags/dag_drift_monitoring.py
[2026-06-03T06:05:45.839+0000] {processor.py:840} INFO - DAG(s) 'neuralretail_drift_monitoring' retrieved from /opt/airflow/dags/dag_drift_monitoring.py
[2026-06-03T06:05:45.898+0000] {logging_mixin.py:188} INFO - [2026-06-03T06:05:45.897+0000] {dag.py:3096} INFO - Sync 1 DAGs
[2026-06-03T06:05:45.944+0000] {logging_mixin.py:188} INFO - [2026-06-03T06:05:45.944+0000] {dag.py:3954} INFO - Setting next_dagrun for neuralretail_drift_monitoring to 2026-06-02 08:00:00+00:00, run_after=2026-06-03 08:00:00+00:00
[2026-06-03T06:05:46.009+0000] {processor.py:183} INFO - Processing /opt/airflow/dags/dag_drift_monitoring.py took 0.393 seconds
[2026-06-03T06:06:16.527+0000] {processor.py:161} INFO - Started process (PID=497) to work on /opt/airflow/dags/dag_drift_monitoring.py
[2026-06-03T06:06:16.534+0000] {processor.py:830} INFO - Processing file /opt/airflow/dags/dag_drift_monitoring.py for tasks to queue
[2026-06-03T06:06:16.541+0000] {logging_mixin.py:188} INFO - [2026-06-03T06:06:16.541+0000] {dagbag.py:540} INFO - Filling up the DagBag from /opt/airflow/dags/dag_drift_monitoring.py
[2026-06-03T06:06:16.625+0000] {processor.py:840} INFO - DAG(s) 'neuralretail_drift_monitoring' retrieved from /opt/airflow/dags/dag_drift_monitoring.py
[2026-06-03T06:06:16.677+0000] {logging_mixin.py:188} INFO - [2026-06-03T06:06:16.676+0000] {dag.py:3096} INFO - Sync 1 DAGs
[2026-06-03T06:06:16.724+0000] {logging_mixin.py:188} INFO - [2026-06-03T06:06:16.723+0000] {dag.py:3954} INFO - Setting next_dagrun for neuralretail_drift_monitoring to 2026-06-02 08:00:00+00:00, run_after=2026-06-03 08:00:00+00:00
[2026-06-03T06:06:16.774+0000] {processor.py:183} INFO - Processing /opt/airflow/dags/dag_drift_monitoring.py took 0.263 seconds
[2026-06-03T06:06:47.008+0000] {processor.py:161} INFO - Started process (PID=517) to work on /opt/airflow/dags/dag_drift_monitoring.py
[2026-06-03T06:06:47.011+0000] {processor.py:830} INFO - Processing file /opt/airflow/dags/dag_drift_monitoring.py for tasks to queue
[2026-06-03T06:06:47.016+0000] {logging_mixin.py:188} INFO - [2026-06-03T06:06:47.016+0000] {dagbag.py:540} INFO - Filling up the DagBag from /opt/airflow/dags/dag_drift_monitoring.py
[2026-06-03T06:06:47.230+0000] {processor.py:840} INFO - DAG(s) 'neuralretail_drift_monitoring' retrieved from /opt/airflow/dags/dag_drift_monitoring.py
[2026-06-03T06:06:47.286+0000] {logging_mixin.py:188} INFO - [2026-06-03T06:06:47.285+0000] {dag.py:3096} INFO - Sync 1 DAGs
[2026-06-03T06:06:47.329+0000] {logging_mixin.py:188} INFO - [2026-06-03T06:06:47.328+0000] {dag.py:3954} INFO - Setting next_dagrun for neuralretail_drift_monitoring to 2026-06-02 08:00:00+00:00, run_after=2026-06-03 08:00:00+00:00
[2026-06-03T06:06:47.370+0000] {processor.py:183} INFO - Processing /opt/airflow/dags/dag_drift_monitoring.py took 0.377 seconds
[2026-06-03T06:07:18.039+0000] {processor.py:161} INFO - Started process (PID=537) to work on /opt/airflow/dags/dag_drift_monitoring.py
[2026-06-03T06:07:18.054+0000] {processor.py:830} INFO - Processing file /opt/airflow/dags/dag_drift_monitoring.py for tasks to queue
[2026-06-03T06:07:18.065+0000] {logging_mixin.py:188} INFO - [2026-06-03T06:07:18.064+0000] {dagbag.py:540} INFO - Filling up the DagBag from /opt/airflow/dags/dag_drift_monitoring.py
[2026-06-03T06:07:18.166+0000] {processor.py:840} INFO - DAG(s) 'neuralretail_drift_monitoring' retrieved from /opt/airflow/dags/dag_drift_monitoring.py
[2026-06-03T06:07:18.210+0000] {logging_mixin.py:188} INFO - [2026-06-03T06:07:18.210+0000] {dag.py:3096} INFO - Sync 1 DAGs
[2026-06-03T06:07:18.242+0000] {logging_mixin.py:188} INFO - [2026-06-03T06:07:18.242+0000] {dag.py:3954} INFO - Setting next_dagrun for neuralretail_drift_monitoring to 2026-06-02 08:00:00+00:00, run_after=2026-06-03 08:00:00+00:00
[2026-06-03T06:07:18.271+0000] {processor.py:183} INFO - Processing /opt/airflow/dags/dag_drift_monitoring.py took 0.246 seconds
[2026-06-03T06:07:48.668+0000] {processor.py:161} INFO - Started process (PID=555) to work on /opt/airflow/dags/dag_drift_monitoring.py
[2026-06-03T06:07:48.672+0000] {processor.py:830} INFO - Processing file /opt/airflow/dags/dag_drift_monitoring.py for tasks to queue
[2026-06-03T06:07:48.679+0000] {logging_mixin.py:188} INFO - [2026-06-03T06:07:48.678+0000] {dagbag.py:540} INFO - Filling up the DagBag from /opt/airflow/dags/dag_drift_monitoring.py
[2026-06-03T06:07:48.762+0000] {processor.py:840} INFO - DAG(s) 'neuralretail_drift_monitoring' retrieved from /opt/airflow/dags/dag_drift_monitoring.py
[2026-06-03T06:07:48.784+0000] {logging_mixin.py:188} INFO - [2026-06-03T06:07:48.784+0000] {dag.py:3096} INFO - Sync 1 DAGs
[2026-06-03T06:07:48.809+0000] {logging_mixin.py:188} INFO - [2026-06-03T06:07:48.808+0000] {dag.py:3954} INFO - Setting next_dagrun for neuralretail_drift_monitoring to 2026-06-02 08:00:00+00:00, run_after=2026-06-03 08:00:00+00:00
[2026-06-03T06:07:48.849+0000] {processor.py:183} INFO - Processing /opt/airflow/dags/dag_drift_monitoring.py took 0.193 seconds
[2026-06-03T06:08:19.211+0000] {processor.py:161} INFO - Started process (PID=575) to work on /opt/airflow/dags/dag_drift_monitoring.py
[2026-06-03T06:08:19.215+0000] {processor.py:830} INFO - Processing file /opt/airflow/dags/dag_drift_monitoring.py for tasks to queue
[2026-06-03T06:08:19.221+0000] {logging_mixin.py:188} INFO - [2026-06-03T06:08:19.220+0000] {dagbag.py:540} INFO - Filling up the DagBag from /opt/airflow/dags/dag_drift_monitoring.py
[2026-06-03T06:08:19.294+0000] {processor.py:840} INFO - DAG(s) 'neuralretail_drift_monitoring' retrieved from /opt/airflow/dags/dag_drift_monitoring.py
[2026-06-03T06:08:19.325+0000] {logging_mixin.py:188} INFO - [2026-06-03T06:08:19.324+0000] {dag.py:3096} INFO - Sync 1 DAGs
[2026-06-03T06:08:19.357+0000] {logging_mixin.py:188} INFO - [2026-06-03T06:08:19.357+0000] {dag.py:3954} INFO - Setting next_dagrun for neuralretail_drift_monitoring to 2026-06-02 08:00:00+00:00, run_after=2026-06-03 08:00:00+00:00
[2026-06-03T06:08:19.443+0000] {processor.py:183} INFO - Processing /opt/airflow/dags/dag_drift_monitoring.py took 0.247 seconds
[2026-06-03T06:08:49.687+0000] {processor.py:161} INFO - Started process (PID=595) to work on /opt/airflow/dags/dag_drift_monitoring.py
[2026-06-03T06:08:49.689+0000] {processor.py:830} INFO - Processing file /opt/airflow/dags/dag_drift_monitoring.py for tasks to queue
[2026-06-03T06:08:49.691+0000] {logging_mixin.py:188} INFO - [2026-06-03T06:08:49.691+0000] {dagbag.py:540} INFO - Filling up the DagBag from /opt/airflow/dags/dag_drift_monitoring.py
[2026-06-03T06:08:49.820+0000] {processor.py:840} INFO - DAG(s) 'neuralretail_drift_monitoring' retrieved from /opt/airflow/dags/dag_drift_monitoring.py
[2026-06-03T06:08:49.889+0000] {logging_mixin.py:188} INFO - [2026-06-03T06:08:49.889+0000] {dag.py:3096} INFO - Sync 1 DAGs
[2026-06-03T06:08:49.923+0000] {logging_mixin.py:188} INFO - [2026-06-03T06:08:49.922+0000] {dag.py:3954} INFO - Setting next_dagrun for neuralretail_drift_monitoring to 2026-06-02 08:00:00+00:00, run_after=2026-06-03 08:00:00+00:00
[2026-06-03T06:08:49.979+0000] {processor.py:183} INFO - Processing /opt/airflow/dags/dag_drift_monitoring.py took 0.299 seconds
[2026-06-03T06:09:20.508+0000] {processor.py:161} INFO - Started process (PID=615) to work on /opt/airflow/dags/dag_drift_monitoring.py
[2026-06-03T06:09:20.512+0000] {processor.py:830} INFO - Processing file /opt/airflow/dags/dag_drift_monitoring.py for tasks to queue
[2026-06-03T06:09:20.518+0000] {logging_mixin.py:188} INFO - [2026-06-03T06:09:20.517+0000] {dagbag.py:540} INFO - Filling up the DagBag from /opt/airflow/dags/dag_drift_monitoring.py
[2026-06-03T06:09:20.774+0000] {processor.py:840} INFO - DAG(s) 'neuralretail_drift_monitoring' retrieved from /opt/airflow/dags/dag_drift_monitoring.py
[2026-06-03T06:09:20.847+0000] {logging_mixin.py:188} INFO - [2026-06-03T06:09:20.847+0000] {dag.py:3096} INFO - Sync 1 DAGs
[2026-06-03T06:09:20.898+0000] {logging_mixin.py:188} INFO - [2026-06-03T06:09:20.897+0000] {dag.py:3954} INFO - Setting next_dagrun for neuralretail_drift_monitoring to 2026-06-02 08:00:00+00:00, run_after=2026-06-03 08:00:00+00:00
[2026-06-03T06:09:20.964+0000] {processor.py:183} INFO - Processing /opt/airflow/dags/dag_drift_monitoring.py took 0.478 seconds
[2026-06-03T06:09:51.345+0000] {processor.py:161} INFO - Started process (PID=635) to work on /opt/airflow/dags/dag_drift_monitoring.py
[2026-06-03T06:09:51.350+0000] {processor.py:830} INFO - Processing file /opt/airflow/dags/dag_drift_monitoring.py for tasks to queue
[2026-06-03T06:09:51.356+0000] {logging_mixin.py:188} INFO - [2026-06-03T06:09:51.355+0000] {dagbag.py:540} INFO - Filling up the DagBag from /opt/airflow/dags/dag_drift_monitoring.py
[2026-06-03T06:09:51.462+0000] {processor.py:840} INFO - DAG(s) 'neuralretail_drift_monitoring' retrieved from /opt/airflow/dags/dag_drift_monitoring.py
[2026-06-03T06:09:51.504+0000] {logging_mixin.py:188} INFO - [2026-06-03T06:09:51.504+0000] {dag.py:3096} INFO - Sync 1 DAGs
[2026-06-03T06:09:51.556+0000] {logging_mixin.py:188} INFO - [2026-06-03T06:09:51.555+0000] {dag.py:3954} INFO - Setting next_dagrun for neuralretail_drift_monitoring to 2026-06-02 08:00:00+00:00, run_after=2026-06-03 08:00:00+00:00
[2026-06-03T06:09:51.615+0000] {processor.py:183} INFO - Processing /opt/airflow/dags/dag_drift_monitoring.py took 0.292 seconds
[2026-06-03T06:10:21.853+0000] {processor.py:161} INFO - Started process (PID=655) to work on /opt/airflow/dags/dag_drift_monitoring.py
[2026-06-03T06:10:21.859+0000] {processor.py:830} INFO - Processing file /opt/airflow/dags/dag_drift_monitoring.py for tasks to queue
[2026-06-03T06:10:21.865+0000] {logging_mixin.py:188} INFO - [2026-06-03T06:10:21.864+0000] {dagbag.py:540} INFO - Filling up the DagBag from /opt/airflow/dags/dag_drift_monitoring.py
[2026-06-03T06:10:21.990+0000] {processor.py:840} INFO - DAG(s) 'neuralretail_drift_monitoring' retrieved from /opt/airflow/dags/dag_drift_monitoring.py
[2026-06-03T06:10:22.025+0000] {logging_mixin.py:188} INFO - [2026-06-03T06:10:22.025+0000] {dag.py:3096} INFO - Sync 1 DAGs
[2026-06-03T06:10:22.054+0000] {logging_mixin.py:188} INFO - [2026-06-03T06:10:22.054+0000] {dag.py:3954} INFO - Setting next_dagrun for neuralretail_drift_monitoring to 2026-06-02 08:00:00+00:00, run_after=2026-06-03 08:00:00+00:00
[2026-06-03T06:10:22.107+0000] {processor.py:183} INFO - Processing /opt/airflow/dags/dag_drift_monitoring.py took 0.275 seconds
[2026-06-03T06:10:52.422+0000] {processor.py:161} INFO - Started process (PID=675) to work on /opt/airflow/dags/dag_drift_monitoring.py
[2026-06-03T06:10:52.429+0000] {processor.py:830} INFO - Processing file /opt/airflow/dags/dag_drift_monitoring.py for tasks to queue
[2026-06-03T06:10:52.461+0000] {logging_mixin.py:188} INFO - [2026-06-03T06:10:52.460+0000] {dagbag.py:540} INFO - Filling up the DagBag from /opt/airflow/dags/dag_drift_monitoring.py
[2026-06-03T06:10:52.728+0000] {processor.py:840} INFO - DAG(s) 'neuralretail_drift_monitoring' retrieved from /opt/airflow/dags/dag_drift_monitoring.py
[2026-06-03T06:10:52.781+0000] {logging_mixin.py:188} INFO - [2026-06-03T06:10:52.781+0000] {dag.py:3096} INFO - Sync 1 DAGs
[2026-06-03T06:10:52.847+0000] {logging_mixin.py:188} INFO - [2026-06-03T06:10:52.847+0000] {dag.py:3954} INFO - Setting next_dagrun for neuralretail_drift_monitoring to 2026-06-02 08:00:00+00:00, run_after=2026-06-03 08:00:00+00:00
[2026-06-03T06:10:52.925+0000] {processor.py:183} INFO - Processing /opt/airflow/dags/dag_drift_monitoring.py took 0.523 seconds
[2026-06-03T06:11:23.085+0000] {processor.py:161} INFO - Started process (PID=695) to work on /opt/airflow/dags/dag_drift_monitoring.py
[2026-06-03T06:11:23.087+0000] {processor.py:830} INFO - Processing file /opt/airflow/dags/dag_drift_monitoring.py for tasks to queue
[2026-06-03T06:11:23.090+0000] {logging_mixin.py:188} INFO - [2026-06-03T06:11:23.090+0000] {dagbag.py:540} INFO - Filling up the DagBag from /opt/airflow/dags/dag_drift_monitoring.py
[2026-06-03T06:11:23.153+0000] {processor.py:840} INFO - DAG(s) 'neuralretail_drift_monitoring' retrieved from /opt/airflow/dags/dag_drift_monitoring.py
[2026-06-03T06:11:23.185+0000] {logging_mixin.py:188} INFO - [2026-06-03T06:11:23.185+0000] {dag.py:3096} INFO - Sync 1 DAGs
[2026-06-03T06:11:23.218+0000] {logging_mixin.py:188} INFO - [2026-06-03T06:11:23.218+0000] {dag.py:3954} INFO - Setting next_dagrun for neuralretail_drift_monitoring to 2026-06-02 08:00:00+00:00, run_after=2026-06-03 08:00:00+00:00
[2026-06-03T06:11:23.284+0000] {processor.py:183} INFO - Processing /opt/airflow/dags/dag_drift_monitoring.py took 0.209 seconds
[2026-06-03T06:11:54.191+0000] {processor.py:161} INFO - Started process (PID=715) to work on /opt/airflow/dags/dag_drift_monitoring.py
[2026-06-03T06:11:54.195+0000] {processor.py:830} INFO - Processing file /opt/airflow/dags/dag_drift_monitoring.py for tasks to queue
[2026-06-03T06:11:54.203+0000] {logging_mixin.py:188} INFO - [2026-06-03T06:11:54.201+0000] {dagbag.py:540} INFO - Filling up the DagBag from /opt/airflow/dags/dag_drift_monitoring.py
[2026-06-03T06:11:54.318+0000] {processor.py:840} INFO - DAG(s) 'neuralretail_drift_monitoring' retrieved from /opt/airflow/dags/dag_drift_monitoring.py
[2026-06-03T06:11:54.365+0000] {logging_mixin.py:188} INFO - [2026-06-03T06:11:54.365+0000] {dag.py:3096} INFO - Sync 1 DAGs
[2026-06-03T06:11:54.409+0000] {logging_mixin.py:188} INFO - [2026-06-03T06:11:54.409+0000] {dag.py:3954} INFO - Setting next_dagrun for neuralretail_drift_monitoring to 2026-06-02 08:00:00+00:00, run_after=2026-06-03 08:00:00+00:00
[2026-06-03T06:11:54.445+0000] {processor.py:183} INFO - Processing /opt/airflow/dags/dag_drift_monitoring.py took 0.269 seconds
[2026-06-03T06:12:24.938+0000] {processor.py:161} INFO - Started process (PID=735) to work on /opt/airflow/dags/dag_drift_monitoring.py
[2026-06-03T06:12:24.940+0000] {processor.py:830} INFO - Processing file /opt/airflow/dags/dag_drift_monitoring.py for tasks to queue
[2026-06-03T06:12:24.943+0000] {logging_mixin.py:188} INFO - [2026-06-03T06:12:24.943+0000] {dagbag.py:540} INFO - Filling up the DagBag from /opt/airflow/dags/dag_drift_monitoring.py
[2026-06-03T06:12:25.005+0000] {processor.py:840} INFO - DAG(s) 'neuralretail_drift_monitoring' retrieved from /opt/airflow/dags/dag_drift_monitoring.py
[2026-06-03T06:12:25.025+0000] {logging_mixin.py:188} INFO - [2026-06-03T06:12:25.025+0000] {dag.py:3096} INFO - Sync 1 DAGs
[2026-06-03T06:12:25.046+0000] {logging_mixin.py:188} INFO - [2026-06-03T06:12:25.045+0000] {dag.py:3954} INFO - Setting next_dagrun for neuralretail_drift_monitoring to 2026-06-02 08:00:00+00:00, run_after=2026-06-03 08:00:00+00:00
[2026-06-03T06:12:25.067+0000] {processor.py:183} INFO - Processing /opt/airflow/dags/dag_drift_monitoring.py took 0.137 seconds
[2026-06-03T06:12:55.755+0000] {processor.py:161} INFO - Started process (PID=755) to work on /opt/airflow/dags/dag_drift_monitoring.py
[2026-06-03T06:12:55.759+0000] {processor.py:830} INFO - Processing file /opt/airflow/dags/dag_drift_monitoring.py for tasks to queue
[2026-06-03T06:12:55.763+0000] {logging_mixin.py:188} INFO - [2026-06-03T06:12:55.762+0000] {dagbag.py:540} INFO - Filling up the DagBag from /opt/airflow/dags/dag_drift_monitoring.py
[2026-06-03T06:12:55.896+0000] {processor.py:840} INFO - DAG(s) 'neuralretail_drift_monitoring' retrieved from /opt/airflow/dags/dag_drift_monitoring.py
[2026-06-03T06:12:55.947+0000] {logging_mixin.py:188} INFO - [2026-06-03T06:12:55.946+0000] {dag.py:3096} INFO - Sync 1 DAGs
[2026-06-03T06:12:55.976+0000] {logging_mixin.py:188} INFO - [2026-06-03T06:12:55.976+0000] {dag.py:3954} INFO - Setting next_dagrun for neuralretail_drift_monitoring to 2026-06-02 08:00:00+00:00, run_after=2026-06-03 08:00:00+00:00
[2026-06-03T06:12:56.046+0000] {processor.py:183} INFO - Processing /opt/airflow/dags/dag_drift_monitoring.py took 0.310 seconds
[2026-06-03T06:13:26.411+0000] {processor.py:161} INFO - Started process (PID=775) to work on /opt/airflow/dags/dag_drift_monitoring.py
[2026-06-03T06:13:26.413+0000] {processor.py:830} INFO - Processing file /opt/airflow/dags/dag_drift_monitoring.py for tasks to queue
[2026-06-03T06:13:26.420+0000] {logging_mixin.py:188} INFO - [2026-06-03T06:13:26.419+0000] {dagbag.py:540} INFO - Filling up the DagBag from /opt/airflow/dags/dag_drift_monitoring.py
[2026-06-03T06:13:26.551+0000] {processor.py:840} INFO - DAG(s) 'neuralretail_drift_monitoring' retrieved from /opt/airflow/dags/dag_drift_monitoring.py
[2026-06-03T06:13:26.594+0000] {logging_mixin.py:188} INFO - [2026-06-03T06:13:26.594+0000] {dag.py:3096} INFO - Sync 1 DAGs
[2026-06-03T06:13:26.643+0000] {logging_mixin.py:188} INFO - [2026-06-03T06:13:26.643+0000] {dag.py:3954} INFO - Setting next_dagrun for neuralretail_drift_monitoring to 2026-06-02 08:00:00+00:00, run_after=2026-06-03 08:00:00+00:00
[2026-06-03T06:13:26.677+0000] {processor.py:183} INFO - Processing /opt/airflow/dags/dag_drift_monitoring.py took 0.287 seconds
[2026-06-03T06:13:56.927+0000] {processor.py:161} INFO - Started process (PID=795) to work on /opt/airflow/dags/dag_drift_monitoring.py
[2026-06-03T06:13:56.929+0000] {processor.py:830} INFO - Processing file /opt/airflow/dags/dag_drift_monitoring.py for tasks to queue
[2026-06-03T06:13:56.934+0000] {logging_mixin.py:188} INFO - [2026-06-03T06:13:56.934+0000] {dagbag.py:540} INFO - Filling up the DagBag from /opt/airflow/dags/dag_drift_monitoring.py
[2026-06-03T06:13:57.139+0000] {processor.py:840} INFO - DAG(s) 'neuralretail_drift_monitoring' retrieved from /opt/airflow/dags/dag_drift_monitoring.py
[2026-06-03T06:13:57.165+0000] {logging_mixin.py:188} INFO - [2026-06-03T06:13:57.165+0000] {dag.py:3096} INFO - Sync 1 DAGs
[2026-06-03T06:13:57.190+0000] {logging_mixin.py:188} INFO - [2026-06-03T06:13:57.190+0000] {dag.py:3954} INFO - Setting next_dagrun for neuralretail_drift_monitoring to 2026-06-02 08:00:00+00:00, run_after=2026-06-03 08:00:00+00:00
[2026-06-03T06:13:57.219+0000] {processor.py:183} INFO - Processing /opt/airflow/dags/dag_drift_monitoring.py took 0.302 seconds
[2026-06-03T06:14:29.168+0000] {processor.py:161} INFO - Started process (PID=815) to work on /opt/airflow/dags/dag_drift_monitoring.py
[2026-06-03T06:14:29.222+0000] {processor.py:830} INFO - Processing file /opt/airflow/dags/dag_drift_monitoring.py for tasks to queue
[2026-06-03T06:14:29.236+0000] {logging_mixin.py:188} INFO - [2026-06-03T06:14:29.235+0000] {dagbag.py:540} INFO - Filling up the DagBag from /opt/airflow/dags/dag_drift_monitoring.py
[2026-06-03T06:14:30.474+0000] {processor.py:840} INFO - DAG(s) 'neuralretail_drift_monitoring' retrieved from /opt/airflow/dags/dag_drift_monitoring.py
[2026-06-03T06:14:30.537+0000] {logging_mixin.py:188} INFO - [2026-06-03T06:14:30.536+0000] {dag.py:3096} INFO - Sync 1 DAGs
[2026-06-03T06:14:30.636+0000] {logging_mixin.py:188} INFO - [2026-06-03T06:14:30.635+0000] {dag.py:3954} INFO - Setting next_dagrun for neuralretail_drift_monitoring to 2026-06-02 08:00:00+00:00, run_after=2026-06-03 08:00:00+00:00
[2026-06-03T06:14:30.911+0000] {processor.py:183} INFO - Processing /opt/airflow/dags/dag_drift_monitoring.py took 1.756 seconds
[2026-06-03T06:15:01.370+0000] {processor.py:161} INFO - Started process (PID=835) to work on /opt/airflow/dags/dag_drift_monitoring.py
[2026-06-03T06:15:01.373+0000] {processor.py:830} INFO - Processing file /opt/airflow/dags/dag_drift_monitoring.py for tasks to queue
[2026-06-03T06:15:01.380+0000] {logging_mixin.py:188} INFO - [2026-06-03T06:15:01.379+0000] {dagbag.py:540} INFO - Filling up the DagBag from /opt/airflow/dags/dag_drift_monitoring.py
[2026-06-03T06:15:01.490+0000] {processor.py:840} INFO - DAG(s) 'neuralretail_drift_monitoring' retrieved from /opt/airflow/dags/dag_drift_monitoring.py
[2026-06-03T06:15:01.519+0000] {logging_mixin.py:188} INFO - [2026-06-03T06:15:01.518+0000] {dag.py:3096} INFO - Sync 1 DAGs
[2026-06-03T06:15:01.540+0000] {logging_mixin.py:188} INFO - [2026-06-03T06:15:01.540+0000] {dag.py:3954} INFO - Setting next_dagrun for neuralretail_drift_monitoring to 2026-06-02 08:00:00+00:00, run_after=2026-06-03 08:00:00+00:00
[2026-06-03T06:15:01.588+0000] {processor.py:183} INFO - Processing /opt/airflow/dags/dag_drift_monitoring.py took 0.235 seconds
[2026-06-03T06:15:32.465+0000] {processor.py:161} INFO - Started process (PID=855) to work on /opt/airflow/dags/dag_drift_monitoring.py
[2026-06-03T06:15:32.470+0000] {processor.py:830} INFO - Processing file /opt/airflow/dags/dag_drift_monitoring.py for tasks to queue
[2026-06-03T06:15:32.477+0000] {logging_mixin.py:188} INFO - [2026-06-03T06:15:32.476+0000] {dagbag.py:540} INFO - Filling up the DagBag from /opt/airflow/dags/dag_drift_monitoring.py
[2026-06-03T06:15:32.608+0000] {processor.py:840} INFO - DAG(s) 'neuralretail_drift_monitoring' retrieved from /opt/airflow/dags/dag_drift_monitoring.py
[2026-06-03T06:15:32.673+0000] {logging_mixin.py:188} INFO - [2026-06-03T06:15:32.672+0000] {dag.py:3096} INFO - Sync 1 DAGs
[2026-06-03T06:15:32.713+0000] {logging_mixin.py:188} INFO - [2026-06-03T06:15:32.712+0000] {dag.py:3954} INFO - Setting next_dagrun for neuralretail_drift_monitoring to 2026-06-02 08:00:00+00:00, run_after=2026-06-03 08:00:00+00:00
[2026-06-03T06:15:32.794+0000] {processor.py:183} INFO - Processing /opt/airflow/dags/dag_drift_monitoring.py took 0.340 seconds
[2026-06-03T06:16:03.819+0000] {processor.py:161} INFO - Started process (PID=875) to work on /opt/airflow/dags/dag_drift_monitoring.py
[2026-06-03T06:16:03.823+0000] {processor.py:830} INFO - Processing file /opt/airflow/dags/dag_drift_monitoring.py for tasks to queue
[2026-06-03T06:16:03.829+0000] {logging_mixin.py:188} INFO - [2026-06-03T06:16:03.828+0000] {dagbag.py:540} INFO - Filling up the DagBag from /opt/airflow/dags/dag_drift_monitoring.py
[2026-06-03T06:16:03.942+0000] {processor.py:840} INFO - DAG(s) 'neuralretail_drift_monitoring' retrieved from /opt/airflow/dags/dag_drift_monitoring.py
[2026-06-03T06:16:04.003+0000] {logging_mixin.py:188} INFO - [2026-06-03T06:16:04.002+0000] {dag.py:3096} INFO - Sync 1 DAGs
[2026-06-03T06:16:04.057+0000] {logging_mixin.py:188} INFO - [2026-06-03T06:16:04.057+0000] {dag.py:3954} INFO - Setting next_dagrun for neuralretail_drift_monitoring to 2026-06-02 08:00:00+00:00, run_after=2026-06-03 08:00:00+00:00
[2026-06-03T06:16:04.134+0000] {processor.py:183} INFO - Processing /opt/airflow/dags/dag_drift_monitoring.py took 0.322 seconds
[2026-06-03T06:16:35.535+0000] {processor.py:161} INFO - Started process (PID=895) to work on /opt/airflow/dags/dag_drift_monitoring.py
[2026-06-03T06:16:35.540+0000] {processor.py:830} INFO - Processing file /opt/airflow/dags/dag_drift_monitoring.py for tasks to queue
[2026-06-03T06:16:35.547+0000] {logging_mixin.py:188} INFO - [2026-06-03T06:16:35.547+0000] {dagbag.py:540} INFO - Filling up the DagBag from /opt/airflow/dags/dag_drift_monitoring.py
[2026-06-03T06:16:35.687+0000] {processor.py:840} INFO - DAG(s) 'neuralretail_drift_monitoring' retrieved from /opt/airflow/dags/dag_drift_monitoring.py
[2026-06-03T06:16:35.724+0000] {logging_mixin.py:188} INFO - [2026-06-03T06:16:35.724+0000] {dag.py:3096} INFO - Sync 1 DAGs
[2026-06-03T06:16:35.775+0000] {logging_mixin.py:188} INFO - [2026-06-03T06:16:35.775+0000] {dag.py:3954} INFO - Setting next_dagrun for neuralretail_drift_monitoring to 2026-06-02 08:00:00+00:00, run_after=2026-06-03 08:00:00+00:00
[2026-06-03T06:16:35.833+0000] {processor.py:183} INFO - Processing /opt/airflow/dags/dag_drift_monitoring.py took 0.304 seconds
[2026-06-03T06:17:06.704+0000] {processor.py:161} INFO - Started process (PID=915) to work on /opt/airflow/dags/dag_drift_monitoring.py
[2026-06-03T06:17:06.706+0000] {processor.py:830} INFO - Processing file /opt/airflow/dags/dag_drift_monitoring.py for tasks to queue
[2026-06-03T06:17:06.708+0000] {logging_mixin.py:188} INFO - [2026-06-03T06:17:06.708+0000] {dagbag.py:540} INFO - Filling up the DagBag from /opt/airflow/dags/dag_drift_monitoring.py
[2026-06-03T06:17:06.819+0000] {processor.py:840} INFO - DAG(s) 'neuralretail_drift_monitoring' retrieved from /opt/airflow/dags/dag_drift_monitoring.py
[2026-06-03T06:17:06.889+0000] {logging_mixin.py:188} INFO - [2026-06-03T06:17:06.889+0000] {dag.py:3096} INFO - Sync 1 DAGs
[2026-06-03T06:17:06.933+0000] {logging_mixin.py:188} INFO - [2026-06-03T06:17:06.932+0000] {dag.py:3954} INFO - Setting next_dagrun for neuralretail_drift_monitoring to 2026-06-02 08:00:00+00:00, run_after=2026-06-03 08:00:00+00:00
[2026-06-03T06:17:07.134+0000] {processor.py:183} INFO - Processing /opt/airflow/dags/dag_drift_monitoring.py took 0.436 seconds
[2026-06-03T06:17:37.626+0000] {processor.py:161} INFO - Started process (PID=935) to work on /opt/airflow/dags/dag_drift_monitoring.py
[2026-06-03T06:17:37.631+0000] {processor.py:830} INFO - Processing file /opt/airflow/dags/dag_drift_monitoring.py for tasks to queue
[2026-06-03T06:17:37.636+0000] {logging_mixin.py:188} INFO - [2026-06-03T06:17:37.635+0000] {dagbag.py:540} INFO - Filling up the DagBag from /opt/airflow/dags/dag_drift_monitoring.py
[2026-06-03T06:17:37.756+0000] {processor.py:840} INFO - DAG(s) 'neuralretail_drift_monitoring' retrieved from /opt/airflow/dags/dag_drift_monitoring.py
[2026-06-03T06:17:37.836+0000] {logging_mixin.py:188} INFO - [2026-06-03T06:17:37.835+0000] {dag.py:3096} INFO - Sync 1 DAGs
[2026-06-03T06:17:37.878+0000] {logging_mixin.py:188} INFO - [2026-06-03T06:17:37.877+0000] {dag.py:3954} INFO - Setting next_dagrun for neuralretail_drift_monitoring to 2026-06-02 08:00:00+00:00, run_after=2026-06-03 08:00:00+00:00
[2026-06-03T06:17:37.909+0000] {processor.py:183} INFO - Processing /opt/airflow/dags/dag_drift_monitoring.py took 0.300 seconds
[2026-06-03T06:18:08.750+0000] {processor.py:161} INFO - Started process (PID=955) to work on /opt/airflow/dags/dag_drift_monitoring.py
[2026-06-03T06:18:08.760+0000] {processor.py:830} INFO - Processing file /opt/airflow/dags/dag_drift_monitoring.py for tasks to queue
[2026-06-03T06:18:08.769+0000] {logging_mixin.py:188} INFO - [2026-06-03T06:18:08.768+0000] {dagbag.py:540} INFO - Filling up the DagBag from /opt/airflow/dags/dag_drift_monitoring.py
[2026-06-03T06:18:08.913+0000] {processor.py:840} INFO - DAG(s) 'neuralretail_drift_monitoring' retrieved from /opt/airflow/dags/dag_drift_monitoring.py
[2026-06-03T06:18:09.009+0000] {logging_mixin.py:188} INFO - [2026-06-03T06:18:09.008+0000] {dag.py:3096} INFO - Sync 1 DAGs
[2026-06-03T06:18:09.056+0000] {logging_mixin.py:188} INFO - [2026-06-03T06:18:09.055+0000] {dag.py:3954} INFO - Setting next_dagrun for neuralretail_drift_monitoring to 2026-06-02 08:00:00+00:00, run_after=2026-06-03 08:00:00+00:00
[2026-06-03T06:18:09.108+0000] {processor.py:183} INFO - Processing /opt/airflow/dags/dag_drift_monitoring.py took 0.372 seconds
[2026-06-03T06:18:40.174+0000] {processor.py:161} INFO - Started process (PID=975) to work on /opt/airflow/dags/dag_drift_monitoring.py
[2026-06-03T06:18:40.180+0000] {processor.py:830} INFO - Processing file /opt/airflow/dags/dag_drift_monitoring.py for tasks to queue
[2026-06-03T06:18:40.182+0000] {logging_mixin.py:188} INFO - [2026-06-03T06:18:40.182+0000] {dagbag.py:540} INFO - Filling up the DagBag from /opt/airflow/dags/dag_drift_monitoring.py
[2026-06-03T06:18:40.243+0000] {processor.py:840} INFO - DAG(s) 'neuralretail_drift_monitoring' retrieved from /opt/airflow/dags/dag_drift_monitoring.py
[2026-06-03T06:18:40.291+0000] {logging_mixin.py:188} INFO - [2026-06-03T06:18:40.291+0000] {dag.py:3096} INFO - Sync 1 DAGs
[2026-06-03T06:18:40.503+0000] {logging_mixin.py:188} INFO - [2026-06-03T06:18:40.503+0000] {dag.py:3954} INFO - Setting next_dagrun for neuralretail_drift_monitoring to 2026-06-02 08:00:00+00:00, run_after=2026-06-03 08:00:00+00:00
[2026-06-03T06:18:40.536+0000] {processor.py:183} INFO - Processing /opt/airflow/dags/dag_drift_monitoring.py took 0.373 seconds
[2026-06-03T06:19:11.895+0000] {processor.py:161} INFO - Started process (PID=995) to work on /opt/airflow/dags/dag_drift_monitoring.py
[2026-06-03T06:19:11.897+0000] {processor.py:830} INFO - Processing file /opt/airflow/dags/dag_drift_monitoring.py for tasks to queue
[2026-06-03T06:19:11.900+0000] {logging_mixin.py:188} INFO - [2026-06-03T06:19:11.900+0000] {dagbag.py:540} INFO - Filling up the DagBag from /opt/airflow/dags/dag_drift_monitoring.py
[2026-06-03T06:19:11.959+0000] {processor.py:840} INFO - DAG(s) 'neuralretail_drift_monitoring' retrieved from /opt/airflow/dags/dag_drift_monitoring.py
[2026-06-03T06:19:11.980+0000] {logging_mixin.py:188} INFO - [2026-06-03T06:19:11.980+0000] {dag.py:3096} INFO - Sync 1 DAGs
[2026-06-03T06:19:12.003+0000] {logging_mixin.py:188} INFO - [2026-06-03T06:19:12.003+0000] {dag.py:3954} INFO - Setting next_dagrun for neuralretail_drift_monitoring to 2026-06-02 08:00:00+00:00, run_after=2026-06-03 08:00:00+00:00
[2026-06-03T06:19:12.057+0000] {processor.py:183} INFO - Processing /opt/airflow/dags/dag_drift_monitoring.py took 0.168 seconds
[2026-06-03T06:19:42.620+0000] {processor.py:161} INFO - Started process (PID=1015) to work on /opt/airflow/dags/dag_drift_monitoring.py
[2026-06-03T06:19:42.623+0000] {processor.py:830} INFO - Processing file /opt/airflow/dags/dag_drift_monitoring.py for tasks to queue
[2026-06-03T06:19:42.626+0000] {logging_mixin.py:188} INFO - [2026-06-03T06:19:42.625+0000] {dagbag.py:540} INFO - Filling up the DagBag from /opt/airflow/dags/dag_drift_monitoring.py
[2026-06-03T06:19:42.721+0000] {processor.py:840} INFO - DAG(s) 'neuralretail_drift_monitoring' retrieved from /opt/airflow/dags/dag_drift_monitoring.py
[2026-06-03T06:19:42.765+0000] {logging_mixin.py:188} INFO - [2026-06-03T06:19:42.764+0000] {dag.py:3096} INFO - Sync 1 DAGs
[2026-06-03T06:19:42.820+0000] {logging_mixin.py:188} INFO - [2026-06-03T06:19:42.820+0000] {dag.py:3954} INFO - Setting next_dagrun for neuralretail_drift_monitoring to 2026-06-02 08:00:00+00:00, run_after=2026-06-03 08:00:00+00:00
[2026-06-03T06:19:42.935+0000] {processor.py:183} INFO - Processing /opt/airflow/dags/dag_drift_monitoring.py took 0.324 seconds
[2026-06-03T06:20:13.638+0000] {processor.py:161} INFO - Started process (PID=1035) to work on /opt/airflow/dags/dag_drift_monitoring.py
[2026-06-03T06:20:13.640+0000] {processor.py:830} INFO - Processing file /opt/airflow/dags/dag_drift_monitoring.py for tasks to queue
[2026-06-03T06:20:13.643+0000] {logging_mixin.py:188} INFO - [2026-06-03T06:20:13.642+0000] {dagbag.py:540} INFO - Filling up the DagBag from /opt/airflow/dags/dag_drift_monitoring.py
[2026-06-03T06:20:13.688+0000] {processor.py:840} INFO - DAG(s) 'neuralretail_drift_monitoring' retrieved from /opt/airflow/dags/dag_drift_monitoring.py
[2026-06-03T06:20:13.716+0000] {logging_mixin.py:188} INFO - [2026-06-03T06:20:13.716+0000] {dag.py:3096} INFO - Sync 1 DAGs
[2026-06-03T06:20:13.742+0000] {logging_mixin.py:188} INFO - [2026-06-03T06:20:13.742+0000] {dag.py:3954} INFO - Setting next_dagrun for neuralretail_drift_monitoring to 2026-06-02 08:00:00+00:00, run_after=2026-06-03 08:00:00+00:00
[2026-06-03T06:20:13.789+0000] {processor.py:183} INFO - Processing /opt/airflow/dags/dag_drift_monitoring.py took 0.158 seconds
[2026-06-03T06:20:44.101+0000] {processor.py:161} INFO - Started process (PID=1055) to work on /opt/airflow/dags/dag_drift_monitoring.py
[2026-06-03T06:20:44.106+0000] {processor.py:830} INFO - Processing file /opt/airflow/dags/dag_drift_monitoring.py for tasks to queue
[2026-06-03T06:20:44.113+0000] {logging_mixin.py:188} INFO - [2026-06-03T06:20:44.112+0000] {dagbag.py:540} INFO - Filling up the DagBag from /opt/airflow/dags/dag_drift_monitoring.py
[2026-06-03T06:20:44.250+0000] {processor.py:840} INFO - DAG(s) 'neuralretail_drift_monitoring' retrieved from /opt/airflow/dags/dag_drift_monitoring.py
[2026-06-03T06:20:44.318+0000] {logging_mixin.py:188} INFO - [2026-06-03T06:20:44.317+0000] {dag.py:3096} INFO - Sync 1 DAGs
[2026-06-03T06:20:44.365+0000] {logging_mixin.py:188} INFO - [2026-06-03T06:20:44.365+0000] {dag.py:3954} INFO - Setting next_dagrun for neuralretail_drift_monitoring to 2026-06-02 08:00:00+00:00, run_after=2026-06-03 08:00:00+00:00
[2026-06-03T06:20:44.438+0000] {processor.py:183} INFO - Processing /opt/airflow/dags/dag_drift_monitoring.py took 0.351 seconds
[2026-06-03T06:21:15.665+0000] {processor.py:161} INFO - Started process (PID=1075) to work on /opt/airflow/dags/dag_drift_monitoring.py
[2026-06-03T06:21:15.668+0000] {processor.py:830} INFO - Processing file /opt/airflow/dags/dag_drift_monitoring.py for tasks to queue
[2026-06-03T06:21:15.672+0000] {logging_mixin.py:188} INFO - [2026-06-03T06:21:15.672+0000] {dagbag.py:540} INFO - Filling up the DagBag from /opt/airflow/dags/dag_drift_monitoring.py
[2026-06-03T06:21:15.773+0000] {processor.py:840} INFO - DAG(s) 'neuralretail_drift_monitoring' retrieved from /opt/airflow/dags/dag_drift_monitoring.py
[2026-06-03T06:21:15.797+0000] {logging_mixin.py:188} INFO - [2026-06-03T06:21:15.796+0000] {dag.py:3096} INFO - Sync 1 DAGs
[2026-06-03T06:21:15.816+0000] {logging_mixin.py:188} INFO - [2026-06-03T06:21:15.816+0000] {dag.py:3954} INFO - Setting next_dagrun for neuralretail_drift_monitoring to 2026-06-02 08:00:00+00:00, run_after=2026-06-03 08:00:00+00:00
[2026-06-03T06:21:15.847+0000] {processor.py:183} INFO - Processing /opt/airflow/dags/dag_drift_monitoring.py took 0.187 seconds
[2026-06-03T06:21:46.568+0000] {processor.py:161} INFO - Started process (PID=1095) to work on /opt/airflow/dags/dag_drift_monitoring.py
[2026-06-03T06:21:46.579+0000] {processor.py:830} INFO - Processing file /opt/airflow/dags/dag_drift_monitoring.py for tasks to queue
[2026-06-03T06:21:46.611+0000] {logging_mixin.py:188} INFO - [2026-06-03T06:21:46.609+0000] {dagbag.py:540} INFO - Filling up the DagBag from /opt/airflow/dags/dag_drift_monitoring.py
[2026-06-03T06:21:46.855+0000] {processor.py:840} INFO - DAG(s) 'neuralretail_drift_monitoring' retrieved from /opt/airflow/dags/dag_drift_monitoring.py
[2026-06-03T06:21:46.886+0000] {logging_mixin.py:188} INFO - [2026-06-03T06:21:46.886+0000] {dag.py:3096} INFO - Sync 1 DAGs
[2026-06-03T06:21:46.919+0000] {logging_mixin.py:188} INFO - [2026-06-03T06:21:46.919+0000] {dag.py:3954} INFO - Setting next_dagrun for neuralretail_drift_monitoring to 2026-06-02 08:00:00+00:00, run_after=2026-06-03 08:00:00+00:00
[2026-06-03T06:21:47.042+0000] {processor.py:183} INFO - Processing /opt/airflow/dags/dag_drift_monitoring.py took 0.490 seconds
[2026-06-03T06:22:17.759+0000] {processor.py:161} INFO - Started process (PID=1115) to work on /opt/airflow/dags/dag_drift_monitoring.py
[2026-06-03T06:22:17.769+0000] {processor.py:830} INFO - Processing file /opt/airflow/dags/dag_drift_monitoring.py for tasks to queue
[2026-06-03T06:22:17.775+0000] {logging_mixin.py:188} INFO - [2026-06-03T06:22:17.774+0000] {dagbag.py:540} INFO - Filling up the DagBag from /opt/airflow/dags/dag_drift_monitoring.py
[2026-06-03T06:22:17.895+0000] {processor.py:840} INFO - DAG(s) 'neuralretail_drift_monitoring' retrieved from /opt/airflow/dags/dag_drift_monitoring.py
[2026-06-03T06:22:17.928+0000] {logging_mixin.py:188} INFO - [2026-06-03T06:22:17.927+0000] {dag.py:3096} INFO - Sync 1 DAGs
[2026-06-03T06:22:17.966+0000] {logging_mixin.py:188} INFO - [2026-06-03T06:22:17.966+0000] {dag.py:3954} INFO - Setting next_dagrun for neuralretail_drift_monitoring to 2026-06-02 08:00:00+00:00, run_after=2026-06-03 08:00:00+00:00
[2026-06-03T06:22:17.993+0000] {processor.py:183} INFO - Processing /opt/airflow/dags/dag_drift_monitoring.py took 0.245 seconds
[2026-06-03T06:22:49.087+0000] {processor.py:161} INFO - Started process (PID=1135) to work on /opt/airflow/dags/dag_drift_monitoring.py
[2026-06-03T06:22:49.109+0000] {processor.py:830} INFO - Processing file /opt/airflow/dags/dag_drift_monitoring.py for tasks to queue
[2026-06-03T06:22:49.129+0000] {logging_mixin.py:188} INFO - [2026-06-03T06:22:49.128+0000] {dagbag.py:540} INFO - Filling up the DagBag from /opt/airflow/dags/dag_drift_monitoring.py
[2026-06-03T06:22:49.507+0000] {processor.py:840} INFO - DAG(s) 'neuralretail_drift_monitoring' retrieved from /opt/airflow/dags/dag_drift_monitoring.py
[2026-06-03T06:22:49.557+0000] {logging_mixin.py:188} INFO - [2026-06-03T06:22:49.557+0000] {dag.py:3096} INFO - Sync 1 DAGs
[2026-06-03T06:22:49.587+0000] {logging_mixin.py:188} INFO - [2026-06-03T06:22:49.587+0000] {dag.py:3954} INFO - Setting next_dagrun for neuralretail_drift_monitoring to 2026-06-02 08:00:00+00:00, run_after=2026-06-03 08:00:00+00:00
[2026-06-03T06:22:49.699+0000] {processor.py:183} INFO - Processing /opt/airflow/dags/dag_drift_monitoring.py took 0.621 seconds
[2026-06-03T06:23:20.142+0000] {processor.py:161} INFO - Started process (PID=1155) to work on /opt/airflow/dags/dag_drift_monitoring.py
[2026-06-03T06:23:20.144+0000] {processor.py:830} INFO - Processing file /opt/airflow/dags/dag_drift_monitoring.py for tasks to queue
[2026-06-03T06:23:20.149+0000] {logging_mixin.py:188} INFO - [2026-06-03T06:23:20.148+0000] {dagbag.py:540} INFO - Filling up the DagBag from /opt/airflow/dags/dag_drift_monitoring.py
[2026-06-03T06:23:20.270+0000] {processor.py:840} INFO - DAG(s) 'neuralretail_drift_monitoring' retrieved from /opt/airflow/dags/dag_drift_monitoring.py
[2026-06-03T06:23:20.308+0000] {logging_mixin.py:188} INFO - [2026-06-03T06:23:20.307+0000] {dag.py:3096} INFO - Sync 1 DAGs
[2026-06-03T06:23:20.342+0000] {logging_mixin.py:188} INFO - [2026-06-03T06:23:20.342+0000] {dag.py:3954} INFO - Setting next_dagrun for neuralretail_drift_monitoring to 2026-06-02 08:00:00+00:00, run_after=2026-06-03 08:00:00+00:00
[2026-06-03T06:23:20.392+0000] {processor.py:183} INFO - Processing /opt/airflow/dags/dag_drift_monitoring.py took 0.260 seconds
[2026-06-03T06:23:50.914+0000] {processor.py:161} INFO - Started process (PID=1175) to work on /opt/airflow/dags/dag_drift_monitoring.py
[2026-06-03T06:23:50.929+0000] {processor.py:830} INFO - Processing file /opt/airflow/dags/dag_drift_monitoring.py for tasks to queue
[2026-06-03T06:23:50.949+0000] {logging_mixin.py:188} INFO - [2026-06-03T06:23:50.948+0000] {dagbag.py:540} INFO - Filling up the DagBag from /opt/airflow/dags/dag_drift_monitoring.py
[2026-06-03T06:23:51.098+0000] {processor.py:840} INFO - DAG(s) 'neuralretail_drift_monitoring' retrieved from /opt/airflow/dags/dag_drift_monitoring.py
[2026-06-03T06:23:51.138+0000] {logging_mixin.py:188} INFO - [2026-06-03T06:23:51.137+0000] {dag.py:3096} INFO - Sync 1 DAGs
[2026-06-03T06:23:51.177+0000] {logging_mixin.py:188} INFO - [2026-06-03T06:23:51.176+0000] {dag.py:3954} INFO - Setting next_dagrun for neuralretail_drift_monitoring to 2026-06-02 08:00:00+00:00, run_after=2026-06-03 08:00:00+00:00
[2026-06-03T06:23:51.224+0000] {processor.py:183} INFO - Processing /opt/airflow/dags/dag_drift_monitoring.py took 0.329 seconds
[2026-06-03T06:24:22.067+0000] {processor.py:161} INFO - Started process (PID=1197) to work on /opt/airflow/dags/dag_drift_monitoring.py
[2026-06-03T06:24:22.068+0000] {processor.py:830} INFO - Processing file /opt/airflow/dags/dag_drift_monitoring.py for tasks to queue
[2026-06-03T06:24:22.076+0000] {logging_mixin.py:188} INFO - [2026-06-03T06:24:22.075+0000] {dagbag.py:540} INFO - Filling up the DagBag from /opt/airflow/dags/dag_drift_monitoring.py
[2026-06-03T06:24:22.214+0000] {processor.py:840} INFO - DAG(s) 'neuralretail_drift_monitoring' retrieved from /opt/airflow/dags/dag_drift_monitoring.py
[2026-06-03T06:24:22.250+0000] {logging_mixin.py:188} INFO - [2026-06-03T06:24:22.249+0000] {dag.py:3096} INFO - Sync 1 DAGs
[2026-06-03T06:24:22.295+0000] {logging_mixin.py:188} INFO - [2026-06-03T06:24:22.295+0000] {dag.py:3954} INFO - Setting next_dagrun for neuralretail_drift_monitoring to 2026-06-02 08:00:00+00:00, run_after=2026-06-03 08:00:00+00:00
[2026-06-03T06:24:22.326+0000] {processor.py:183} INFO - Processing /opt/airflow/dags/dag_drift_monitoring.py took 0.270 seconds
[2026-06-03T06:24:52.766+0000] {processor.py:161} INFO - Started process (PID=1215) to work on /opt/airflow/dags/dag_drift_monitoring.py
[2026-06-03T06:24:52.770+0000] {processor.py:830} INFO - Processing file /opt/airflow/dags/dag_drift_monitoring.py for tasks to queue
[2026-06-03T06:24:52.773+0000] {logging_mixin.py:188} INFO - [2026-06-03T06:24:52.773+0000] {dagbag.py:540} INFO - Filling up the DagBag from /opt/airflow/dags/dag_drift_monitoring.py
[2026-06-03T06:24:52.922+0000] {processor.py:840} INFO - DAG(s) 'neuralretail_drift_monitoring' retrieved from /opt/airflow/dags/dag_drift_monitoring.py
[2026-06-03T06:24:52.957+0000] {logging_mixin.py:188} INFO - [2026-06-03T06:24:52.956+0000] {dag.py:3096} INFO - Sync 1 DAGs
[2026-06-03T06:24:52.990+0000] {logging_mixin.py:188} INFO - [2026-06-03T06:24:52.990+0000] {dag.py:3954} INFO - Setting next_dagrun for neuralretail_drift_monitoring to 2026-06-02 08:00:00+00:00, run_after=2026-06-03 08:00:00+00:00
[2026-06-03T06:24:53.040+0000] {processor.py:183} INFO - Processing /opt/airflow/dags/dag_drift_monitoring.py took 0.285 seconds
[2026-06-03T06:25:24.064+0000] {processor.py:161} INFO - Started process (PID=1235) to work on /opt/airflow/dags/dag_drift_monitoring.py
[2026-06-03T06:25:24.087+0000] {processor.py:830} INFO - Processing file /opt/airflow/dags/dag_drift_monitoring.py for tasks to queue
[2026-06-03T06:25:24.090+0000] {logging_mixin.py:188} INFO - [2026-06-03T06:25:24.090+0000] {dagbag.py:540} INFO - Filling up the DagBag from /opt/airflow/dags/dag_drift_monitoring.py
[2026-06-03T06:25:24.316+0000] {processor.py:840} INFO - DAG(s) 'neuralretail_drift_monitoring' retrieved from /opt/airflow/dags/dag_drift_monitoring.py
[2026-06-03T06:25:24.362+0000] {logging_mixin.py:188} INFO - [2026-06-03T06:25:24.362+0000] {dag.py:3096} INFO - Sync 1 DAGs
[2026-06-03T06:25:24.390+0000] {logging_mixin.py:188} INFO - [2026-06-03T06:25:24.390+0000] {dag.py:3954} INFO - Setting next_dagrun for neuralretail_drift_monitoring to 2026-06-02 08:00:00+00:00, run_after=2026-06-03 08:00:00+00:00
[2026-06-03T06:25:24.460+0000] {processor.py:183} INFO - Processing /opt/airflow/dags/dag_drift_monitoring.py took 0.416 seconds
[2026-06-03T06:25:54.874+0000] {processor.py:161} INFO - Started process (PID=1255) to work on /opt/airflow/dags/dag_drift_monitoring.py
[2026-06-03T06:25:54.879+0000] {processor.py:830} INFO - Processing file /opt/airflow/dags/dag_drift_monitoring.py for tasks to queue
[2026-06-03T06:25:54.882+0000] {logging_mixin.py:188} INFO - [2026-06-03T06:25:54.882+0000] {dagbag.py:540} INFO - Filling up the DagBag from /opt/airflow/dags/dag_drift_monitoring.py
[2026-06-03T06:25:55.036+0000] {processor.py:840} INFO - DAG(s) 'neuralretail_drift_monitoring' retrieved from /opt/airflow/dags/dag_drift_monitoring.py
[2026-06-03T06:25:55.093+0000] {logging_mixin.py:188} INFO - [2026-06-03T06:25:55.093+0000] {dag.py:3096} INFO - Sync 1 DAGs
[2026-06-03T06:25:55.138+0000] {logging_mixin.py:188} INFO - [2026-06-03T06:25:55.138+0000] {dag.py:3954} INFO - Setting next_dagrun for neuralretail_drift_monitoring to 2026-06-02 08:00:00+00:00, run_after=2026-06-03 08:00:00+00:00
[2026-06-03T06:25:55.198+0000] {processor.py:183} INFO - Processing /opt/airflow/dags/dag_drift_monitoring.py took 0.334 seconds
[2026-06-03T06:26:26.547+0000] {processor.py:161} INFO - Started process (PID=1275) to work on /opt/airflow/dags/dag_drift_monitoring.py
[2026-06-03T06:26:26.561+0000] {processor.py:830} INFO - Processing file /opt/airflow/dags/dag_drift_monitoring.py for tasks to queue
[2026-06-03T06:26:26.591+0000] {logging_mixin.py:188} INFO - [2026-06-03T06:26:26.590+0000] {dagbag.py:540} INFO - Filling up the DagBag from /opt/airflow/dags/dag_drift_monitoring.py
[2026-06-03T06:26:26.782+0000] {processor.py:840} INFO - DAG(s) 'neuralretail_drift_monitoring' retrieved from /opt/airflow/dags/dag_drift_monitoring.py
[2026-06-03T06:26:26.832+0000] {logging_mixin.py:188} INFO - [2026-06-03T06:26:26.832+0000] {dag.py:3096} INFO - Sync 1 DAGs
[2026-06-03T06:26:26.868+0000] {logging_mixin.py:188} INFO - [2026-06-03T06:26:26.868+0000] {dag.py:3954} INFO - Setting next_dagrun for neuralretail_drift_monitoring to 2026-06-02 08:00:00+00:00, run_after=2026-06-03 08:00:00+00:00
[2026-06-03T06:26:26.925+0000] {processor.py:183} INFO - Processing /opt/airflow/dags/dag_drift_monitoring.py took 0.389 seconds
[2026-06-03T06:26:57.368+0000] {processor.py:161} INFO - Started process (PID=1295) to work on /opt/airflow/dags/dag_drift_monitoring.py
[2026-06-03T06:26:57.371+0000] {processor.py:830} INFO - Processing file /opt/airflow/dags/dag_drift_monitoring.py for tasks to queue
[2026-06-03T06:26:57.377+0000] {logging_mixin.py:188} INFO - [2026-06-03T06:26:57.376+0000] {dagbag.py:540} INFO - Filling up the DagBag from /opt/airflow/dags/dag_drift_monitoring.py
[2026-06-03T06:26:57.532+0000] {processor.py:840} INFO - DAG(s) 'neuralretail_drift_monitoring' retrieved from /opt/airflow/dags/dag_drift_monitoring.py
[2026-06-03T06:26:57.566+0000] {logging_mixin.py:188} INFO - [2026-06-03T06:26:57.565+0000] {dag.py:3096} INFO - Sync 1 DAGs
[2026-06-03T06:26:57.590+0000] {logging_mixin.py:188} INFO - [2026-06-03T06:26:57.590+0000] {dag.py:3954} INFO - Setting next_dagrun for neuralretail_drift_monitoring to 2026-06-02 08:00:00+00:00, run_after=2026-06-03 08:00:00+00:00
[2026-06-03T06:26:57.632+0000] {processor.py:183} INFO - Processing /opt/airflow/dags/dag_drift_monitoring.py took 0.275 seconds
[2026-06-03T06:27:28.065+0000] {processor.py:161} INFO - Started process (PID=1317) to work on /opt/airflow/dags/dag_drift_monitoring.py
[2026-06-03T06:27:28.075+0000] {processor.py:830} INFO - Processing file /opt/airflow/dags/dag_drift_monitoring.py for tasks to queue
[2026-06-03T06:27:28.083+0000] {logging_mixin.py:188} INFO - [2026-06-03T06:27:28.082+0000] {dagbag.py:540} INFO - Filling up the DagBag from /opt/airflow/dags/dag_drift_monitoring.py
[2026-06-03T06:27:28.293+0000] {processor.py:840} INFO - DAG(s) 'neuralretail_drift_monitoring' retrieved from /opt/airflow/dags/dag_drift_monitoring.py
[2026-06-03T06:27:28.328+0000] {logging_mixin.py:188} INFO - [2026-06-03T06:27:28.328+0000] {dag.py:3096} INFO - Sync 1 DAGs
[2026-06-03T06:27:28.365+0000] {logging_mixin.py:188} INFO - [2026-06-03T06:27:28.365+0000] {dag.py:3954} INFO - Setting next_dagrun for neuralretail_drift_monitoring to 2026-06-02 08:00:00+00:00, run_after=2026-06-03 08:00:00+00:00
[2026-06-03T06:27:28.430+0000] {processor.py:183} INFO - Processing /opt/airflow/dags/dag_drift_monitoring.py took 0.371 seconds
[2026-06-03T06:27:58.870+0000] {processor.py:161} INFO - Started process (PID=1335) to work on /opt/airflow/dags/dag_drift_monitoring.py
[2026-06-03T06:27:58.873+0000] {processor.py:830} INFO - Processing file /opt/airflow/dags/dag_drift_monitoring.py for tasks to queue
[2026-06-03T06:27:58.877+0000] {logging_mixin.py:188} INFO - [2026-06-03T06:27:58.877+0000] {dagbag.py:540} INFO - Filling up the DagBag from /opt/airflow/dags/dag_drift_monitoring.py
[2026-06-03T06:27:59.148+0000] {processor.py:840} INFO - DAG(s) 'neuralretail_drift_monitoring' retrieved from /opt/airflow/dags/dag_drift_monitoring.py
[2026-06-03T06:27:59.210+0000] {logging_mixin.py:188} INFO - [2026-06-03T06:27:59.209+0000] {dag.py:3096} INFO - Sync 1 DAGs
[2026-06-03T06:27:59.239+0000] {logging_mixin.py:188} INFO - [2026-06-03T06:27:59.238+0000] {dag.py:3954} INFO - Setting next_dagrun for neuralretail_drift_monitoring to 2026-06-02 08:00:00+00:00, run_after=2026-06-03 08:00:00+00:00
[2026-06-03T06:27:59.306+0000] {processor.py:183} INFO - Processing /opt/airflow/dags/dag_drift_monitoring.py took 0.443 seconds
[2026-06-03T06:28:30.044+0000] {processor.py:161} INFO - Started process (PID=1355) to work on /opt/airflow/dags/dag_drift_monitoring.py
[2026-06-03T06:28:30.046+0000] {processor.py:830} INFO - Processing file /opt/airflow/dags/dag_drift_monitoring.py for tasks to queue
[2026-06-03T06:28:30.049+0000] {logging_mixin.py:188} INFO - [2026-06-03T06:28:30.048+0000] {dagbag.py:540} INFO - Filling up the DagBag from /opt/airflow/dags/dag_drift_monitoring.py
[2026-06-03T06:28:30.115+0000] {processor.py:840} INFO - DAG(s) 'neuralretail_drift_monitoring' retrieved from /opt/airflow/dags/dag_drift_monitoring.py
[2026-06-03T06:28:30.154+0000] {logging_mixin.py:188} INFO - [2026-06-03T06:28:30.153+0000] {dag.py:3096} INFO - Sync 1 DAGs
[2026-06-03T06:28:30.182+0000] {logging_mixin.py:188} INFO - [2026-06-03T06:28:30.181+0000] {dag.py:3954} INFO - Setting next_dagrun for neuralretail_drift_monitoring to 2026-06-02 08:00:00+00:00, run_after=2026-06-03 08:00:00+00:00
[2026-06-03T06:28:30.215+0000] {processor.py:183} INFO - Processing /opt/airflow/dags/dag_drift_monitoring.py took 0.178 seconds
[2026-06-03T06:29:00.634+0000] {processor.py:161} INFO - Started process (PID=1375) to work on /opt/airflow/dags/dag_drift_monitoring.py
[2026-06-03T06:29:00.639+0000] {processor.py:830} INFO - Processing file /opt/airflow/dags/dag_drift_monitoring.py for tasks to queue
[2026-06-03T06:29:00.648+0000] {logging_mixin.py:188} INFO - [2026-06-03T06:29:00.647+0000] {dagbag.py:540} INFO - Filling up the DagBag from /opt/airflow/dags/dag_drift_monitoring.py
[2026-06-03T06:29:00.882+0000] {processor.py:840} INFO - DAG(s) 'neuralretail_drift_monitoring' retrieved from /opt/airflow/dags/dag_drift_monitoring.py
[2026-06-03T06:29:00.926+0000] {logging_mixin.py:188} INFO - [2026-06-03T06:29:00.925+0000] {dag.py:3096} INFO - Sync 1 DAGs
[2026-06-03T06:29:00.954+0000] {logging_mixin.py:188} INFO - [2026-06-03T06:29:00.954+0000] {dag.py:3954} INFO - Setting next_dagrun for neuralretail_drift_monitoring to 2026-06-02 08:00:00+00:00, run_after=2026-06-03 08:00:00+00:00
[2026-06-03T06:29:01.003+0000] {processor.py:183} INFO - Processing /opt/airflow/dags/dag_drift_monitoring.py took 0.378 seconds
[2026-06-03T06:29:32.211+0000] {processor.py:161} INFO - Started process (PID=1395) to work on /opt/airflow/dags/dag_drift_monitoring.py
[2026-06-03T06:29:32.225+0000] {processor.py:830} INFO - Processing file /opt/airflow/dags/dag_drift_monitoring.py for tasks to queue
[2026-06-03T06:29:32.238+0000] {logging_mixin.py:188} INFO - [2026-06-03T06:29:32.237+0000] {dagbag.py:540} INFO - Filling up the DagBag from /opt/airflow/dags/dag_drift_monitoring.py
[2026-06-03T06:29:32.322+0000] {processor.py:840} INFO - DAG(s) 'neuralretail_drift_monitoring' retrieved from /opt/airflow/dags/dag_drift_monitoring.py
[2026-06-03T06:29:32.358+0000] {logging_mixin.py:188} INFO - [2026-06-03T06:29:32.358+0000] {dag.py:3096} INFO - Sync 1 DAGs
[2026-06-03T06:29:32.406+0000] {logging_mixin.py:188} INFO - [2026-06-03T06:29:32.406+0000] {dag.py:3954} INFO - Setting next_dagrun for neuralretail_drift_monitoring to 2026-06-02 08:00:00+00:00, run_after=2026-06-03 08:00:00+00:00
[2026-06-03T06:29:32.432+0000] {processor.py:183} INFO - Processing /opt/airflow/dags/dag_drift_monitoring.py took 0.237 seconds
[2026-06-03T06:30:03.206+0000] {processor.py:161} INFO - Started process (PID=1415) to work on /opt/airflow/dags/dag_drift_monitoring.py
[2026-06-03T06:30:03.214+0000] {processor.py:830} INFO - Processing file /opt/airflow/dags/dag_drift_monitoring.py for tasks to queue
[2026-06-03T06:30:03.224+0000] {logging_mixin.py:188} INFO - [2026-06-03T06:30:03.222+0000] {dagbag.py:540} INFO - Filling up the DagBag from /opt/airflow/dags/dag_drift_monitoring.py
[2026-06-03T06:30:03.508+0000] {processor.py:840} INFO - DAG(s) 'neuralretail_drift_monitoring' retrieved from /opt/airflow/dags/dag_drift_monitoring.py
[2026-06-03T06:30:03.538+0000] {logging_mixin.py:188} INFO - [2026-06-03T06:30:03.537+0000] {dag.py:3096} INFO - Sync 1 DAGs
[2026-06-03T06:30:03.597+0000] {logging_mixin.py:188} INFO - [2026-06-03T06:30:03.597+0000] {dag.py:3954} INFO - Setting next_dagrun for neuralretail_drift_monitoring to 2026-06-02 08:00:00+00:00, run_after=2026-06-03 08:00:00+00:00
[2026-06-03T06:30:03.732+0000] {processor.py:183} INFO - Processing /opt/airflow/dags/dag_drift_monitoring.py took 0.537 seconds
[2026-06-03T06:30:35.824+0000] {processor.py:161} INFO - Started process (PID=1435) to work on /opt/airflow/dags/dag_drift_monitoring.py
[2026-06-03T06:30:35.853+0000] {processor.py:830} INFO - Processing file /opt/airflow/dags/dag_drift_monitoring.py for tasks to queue
[2026-06-03T06:30:35.881+0000] {logging_mixin.py:188} INFO - [2026-06-03T06:30:35.880+0000] {dagbag.py:540} INFO - Filling up the DagBag from /opt/airflow/dags/dag_drift_monitoring.py
[2026-06-03T06:30:36.920+0000] {processor.py:840} INFO - DAG(s) 'neuralretail_drift_monitoring' retrieved from /opt/airflow/dags/dag_drift_monitoring.py
[2026-06-03T06:30:36.950+0000] {logging_mixin.py:188} INFO - [2026-06-03T06:30:36.950+0000] {dag.py:3096} INFO - Sync 1 DAGs
[2026-06-03T06:30:37.030+0000] {logging_mixin.py:188} INFO - [2026-06-03T06:30:37.030+0000] {dag.py:3954} INFO - Setting next_dagrun for neuralretail_drift_monitoring to 2026-06-02 08:00:00+00:00, run_after=2026-06-03 08:00:00+00:00
[2026-06-03T06:30:37.185+0000] {processor.py:183} INFO - Processing /opt/airflow/dags/dag_drift_monitoring.py took 1.372 seconds
[2026-06-03T06:31:07.932+0000] {processor.py:161} INFO - Started process (PID=1455) to work on /opt/airflow/dags/dag_drift_monitoring.py
[2026-06-03T06:31:07.948+0000] {processor.py:830} INFO - Processing file /opt/airflow/dags/dag_drift_monitoring.py for tasks to queue
[2026-06-03T06:31:07.953+0000] {logging_mixin.py:188} INFO - [2026-06-03T06:31:07.953+0000] {dagbag.py:540} INFO - Filling up the DagBag from /opt/airflow/dags/dag_drift_monitoring.py
[2026-06-03T06:31:08.452+0000] {processor.py:840} INFO - DAG(s) 'neuralretail_drift_monitoring' retrieved from /opt/airflow/dags/dag_drift_monitoring.py
[2026-06-03T06:31:08.541+0000] {logging_mixin.py:188} INFO - [2026-06-03T06:31:08.541+0000] {dag.py:3096} INFO - Sync 1 DAGs
[2026-06-03T06:31:08.581+0000] {logging_mixin.py:188} INFO - [2026-06-03T06:31:08.581+0000] {dag.py:3954} INFO - Setting next_dagrun for neuralretail_drift_monitoring to 2026-06-02 08:00:00+00:00, run_after=2026-06-03 08:00:00+00:00
[2026-06-03T06:31:08.622+0000] {processor.py:183} INFO - Processing /opt/airflow/dags/dag_drift_monitoring.py took 0.706 seconds
[2026-06-03T06:31:39.741+0000] {processor.py:161} INFO - Started process (PID=1475) to work on /opt/airflow/dags/dag_drift_monitoring.py
[2026-06-03T06:31:39.756+0000] {processor.py:830} INFO - Processing file /opt/airflow/dags/dag_drift_monitoring.py for tasks to queue
[2026-06-03T06:31:39.796+0000] {logging_mixin.py:188} INFO - [2026-06-03T06:31:39.796+0000] {dagbag.py:540} INFO - Filling up the DagBag from /opt/airflow/dags/dag_drift_monitoring.py
[2026-06-03T06:31:40.261+0000] {processor.py:840} INFO - DAG(s) 'neuralretail_drift_monitoring' retrieved from /opt/airflow/dags/dag_drift_monitoring.py
[2026-06-03T06:31:40.308+0000] {logging_mixin.py:188} INFO - [2026-06-03T06:31:40.307+0000] {dag.py:3096} INFO - Sync 1 DAGs
[2026-06-03T06:31:40.336+0000] {logging_mixin.py:188} INFO - [2026-06-03T06:31:40.336+0000] {dag.py:3954} INFO - Setting next_dagrun for neuralretail_drift_monitoring to 2026-06-02 08:00:00+00:00, run_after=2026-06-03 08:00:00+00:00
[2026-06-03T06:31:40.383+0000] {processor.py:183} INFO - Processing /opt/airflow/dags/dag_drift_monitoring.py took 0.649 seconds
[2026-06-03T06:32:10.805+0000] {processor.py:161} INFO - Started process (PID=1497) to work on /opt/airflow/dags/dag_drift_monitoring.py
[2026-06-03T06:32:10.808+0000] {processor.py:830} INFO - Processing file /opt/airflow/dags/dag_drift_monitoring.py for tasks to queue
[2026-06-03T06:32:10.814+0000] {logging_mixin.py:188} INFO - [2026-06-03T06:32:10.813+0000] {dagbag.py:540} INFO - Filling up the DagBag from /opt/airflow/dags/dag_drift_monitoring.py
[2026-06-03T06:32:11.024+0000] {processor.py:840} INFO - DAG(s) 'neuralretail_drift_monitoring' retrieved from /opt/airflow/dags/dag_drift_monitoring.py
[2026-06-03T06:32:11.073+0000] {logging_mixin.py:188} INFO - [2026-06-03T06:32:11.072+0000] {dag.py:3096} INFO - Sync 1 DAGs
[2026-06-03T06:32:11.099+0000] {logging_mixin.py:188} INFO - [2026-06-03T06:32:11.099+0000] {dag.py:3954} INFO - Setting next_dagrun for neuralretail_drift_monitoring to 2026-06-02 08:00:00+00:00, run_after=2026-06-03 08:00:00+00:00
[2026-06-03T06:32:11.134+0000] {processor.py:183} INFO - Processing /opt/airflow/dags/dag_drift_monitoring.py took 0.338 seconds
[2026-06-03T06:32:41.667+0000] {processor.py:161} INFO - Started process (PID=1515) to work on /opt/airflow/dags/dag_drift_monitoring.py
[2026-06-03T06:32:41.678+0000] {processor.py:830} INFO - Processing file /opt/airflow/dags/dag_drift_monitoring.py for tasks to queue
[2026-06-03T06:32:41.698+0000] {logging_mixin.py:188} INFO - [2026-06-03T06:32:41.698+0000] {dagbag.py:540} INFO - Filling up the DagBag from /opt/airflow/dags/dag_drift_monitoring.py
[2026-06-03T06:32:42.011+0000] {processor.py:840} INFO - DAG(s) 'neuralretail_drift_monitoring' retrieved from /opt/airflow/dags/dag_drift_monitoring.py
[2026-06-03T06:32:42.057+0000] {logging_mixin.py:188} INFO - [2026-06-03T06:32:42.057+0000] {dag.py:3096} INFO - Sync 1 DAGs
[2026-06-03T06:32:42.105+0000] {logging_mixin.py:188} INFO - [2026-06-03T06:32:42.104+0000] {dag.py:3954} INFO - Setting next_dagrun for neuralretail_drift_monitoring to 2026-06-02 08:00:00+00:00, run_after=2026-06-03 08:00:00+00:00
[2026-06-03T06:32:42.171+0000] {processor.py:183} INFO - Processing /opt/airflow/dags/dag_drift_monitoring.py took 0.519 seconds
[2026-06-03T06:33:12.571+0000] {processor.py:161} INFO - Started process (PID=1535) to work on /opt/airflow/dags/dag_drift_monitoring.py
[2026-06-03T06:33:12.575+0000] {processor.py:830} INFO - Processing file /opt/airflow/dags/dag_drift_monitoring.py for tasks to queue
[2026-06-03T06:33:12.587+0000] {logging_mixin.py:188} INFO - [2026-06-03T06:33:12.586+0000] {dagbag.py:540} INFO - Filling up the DagBag from /opt/airflow/dags/dag_drift_monitoring.py
[2026-06-03T06:33:12.707+0000] {processor.py:840} INFO - DAG(s) 'neuralretail_drift_monitoring' retrieved from /opt/airflow/dags/dag_drift_monitoring.py
[2026-06-03T06:33:12.750+0000] {logging_mixin.py:188} INFO - [2026-06-03T06:33:12.750+0000] {dag.py:3096} INFO - Sync 1 DAGs
[2026-06-03T06:33:12.793+0000] {logging_mixin.py:188} INFO - [2026-06-03T06:33:12.793+0000] {dag.py:3954} INFO - Setting next_dagrun for neuralretail_drift_monitoring to 2026-06-02 08:00:00+00:00, run_after=2026-06-03 08:00:00+00:00
[2026-06-03T06:33:12.852+0000] {processor.py:183} INFO - Processing /opt/airflow/dags/dag_drift_monitoring.py took 0.292 seconds
[2026-06-03T06:33:43.182+0000] {processor.py:161} INFO - Started process (PID=1555) to work on /opt/airflow/dags/dag_drift_monitoring.py
[2026-06-03T06:33:43.188+0000] {processor.py:830} INFO - Processing file /opt/airflow/dags/dag_drift_monitoring.py for tasks to queue
[2026-06-03T06:33:43.206+0000] {logging_mixin.py:188} INFO - [2026-06-03T06:33:43.205+0000] {dagbag.py:540} INFO - Filling up the DagBag from /opt/airflow/dags/dag_drift_monitoring.py
[2026-06-03T06:33:43.539+0000] {processor.py:840} INFO - DAG(s) 'neuralretail_drift_monitoring' retrieved from /opt/airflow/dags/dag_drift_monitoring.py
[2026-06-03T06:33:43.571+0000] {logging_mixin.py:188} INFO - [2026-06-03T06:33:43.571+0000] {dag.py:3096} INFO - Sync 1 DAGs
[2026-06-03T06:33:43.608+0000] {logging_mixin.py:188} INFO - [2026-06-03T06:33:43.608+0000] {dag.py:3954} INFO - Setting next_dagrun for neuralretail_drift_monitoring to 2026-06-02 08:00:00+00:00, run_after=2026-06-03 08:00:00+00:00
[2026-06-03T06:33:43.641+0000] {processor.py:183} INFO - Processing /opt/airflow/dags/dag_drift_monitoring.py took 0.467 seconds
[2026-06-03T06:34:14.105+0000] {processor.py:161} INFO - Started process (PID=1575) to work on /opt/airflow/dags/dag_drift_monitoring.py
[2026-06-03T06:34:14.108+0000] {processor.py:830} INFO - Processing file /opt/airflow/dags/dag_drift_monitoring.py for tasks to queue
[2026-06-03T06:34:14.110+0000] {logging_mixin.py:188} INFO - [2026-06-03T06:34:14.110+0000] {dagbag.py:540} INFO - Filling up the DagBag from /opt/airflow/dags/dag_drift_monitoring.py
[2026-06-03T06:34:14.225+0000] {processor.py:840} INFO - DAG(s) 'neuralretail_drift_monitoring' retrieved from /opt/airflow/dags/dag_drift_monitoring.py
[2026-06-03T06:34:14.268+0000] {logging_mixin.py:188} INFO - [2026-06-03T06:34:14.268+0000] {dag.py:3096} INFO - Sync 1 DAGs
[2026-06-03T06:34:14.297+0000] {logging_mixin.py:188} INFO - [2026-06-03T06:34:14.296+0000] {dag.py:3954} INFO - Setting next_dagrun for neuralretail_drift_monitoring to 2026-06-02 08:00:00+00:00, run_after=2026-06-03 08:00:00+00:00
[2026-06-03T06:34:14.334+0000] {processor.py:183} INFO - Processing /opt/airflow/dags/dag_drift_monitoring.py took 0.241 seconds
[2026-06-03T06:34:44.691+0000] {processor.py:161} INFO - Started process (PID=1595) to work on /opt/airflow/dags/dag_drift_monitoring.py
[2026-06-03T06:34:44.693+0000] {processor.py:830} INFO - Processing file /opt/airflow/dags/dag_drift_monitoring.py for tasks to queue
[2026-06-03T06:34:44.696+0000] {logging_mixin.py:188} INFO - [2026-06-03T06:34:44.696+0000] {dagbag.py:540} INFO - Filling up the DagBag from /opt/airflow/dags/dag_drift_monitoring.py
[2026-06-03T06:34:44.887+0000] {processor.py:840} INFO - DAG(s) 'neuralretail_drift_monitoring' retrieved from /opt/airflow/dags/dag_drift_monitoring.py
[2026-06-03T06:34:44.937+0000] {logging_mixin.py:188} INFO - [2026-06-03T06:34:44.936+0000] {dag.py:3096} INFO - Sync 1 DAGs
[2026-06-03T06:34:44.975+0000] {logging_mixin.py:188} INFO - [2026-06-03T06:34:44.975+0000] {dag.py:3954} INFO - Setting next_dagrun for neuralretail_drift_monitoring to 2026-06-02 08:00:00+00:00, run_after=2026-06-03 08:00:00+00:00
[2026-06-03T06:34:45.033+0000] {processor.py:183} INFO - Processing /opt/airflow/dags/dag_drift_monitoring.py took 0.357 seconds
[2026-06-03T06:35:15.658+0000] {processor.py:161} INFO - Started process (PID=1615) to work on /opt/airflow/dags/dag_drift_monitoring.py
[2026-06-03T06:35:15.667+0000] {processor.py:830} INFO - Processing file /opt/airflow/dags/dag_drift_monitoring.py for tasks to queue
[2026-06-03T06:35:15.674+0000] {logging_mixin.py:188} INFO - [2026-06-03T06:35:15.674+0000] {dagbag.py:540} INFO - Filling up the DagBag from /opt/airflow/dags/dag_drift_monitoring.py
[2026-06-03T06:35:15.774+0000] {processor.py:840} INFO - DAG(s) 'neuralretail_drift_monitoring' retrieved from /opt/airflow/dags/dag_drift_monitoring.py
[2026-06-03T06:35:15.811+0000] {logging_mixin.py:188} INFO - [2026-06-03T06:35:15.811+0000] {dag.py:3096} INFO - Sync 1 DAGs
[2026-06-03T06:35:15.849+0000] {logging_mixin.py:188} INFO - [2026-06-03T06:35:15.848+0000] {dag.py:3954} INFO - Setting next_dagrun for neuralretail_drift_monitoring to 2026-06-02 08:00:00+00:00, run_after=2026-06-03 08:00:00+00:00
[2026-06-03T06:35:15.894+0000] {processor.py:183} INFO - Processing /opt/airflow/dags/dag_drift_monitoring.py took 0.251 seconds
[2026-06-03T06:35:46.747+0000] {processor.py:161} INFO - Started process (PID=1635) to work on /opt/airflow/dags/dag_drift_monitoring.py
[2026-06-03T06:35:46.751+0000] {processor.py:830} INFO - Processing file /opt/airflow/dags/dag_drift_monitoring.py for tasks to queue
[2026-06-03T06:35:46.758+0000] {logging_mixin.py:188} INFO - [2026-06-03T06:35:46.757+0000] {dagbag.py:540} INFO - Filling up the DagBag from /opt/airflow/dags/dag_drift_monitoring.py
[2026-06-03T06:35:46.862+0000] {processor.py:840} INFO - DAG(s) 'neuralretail_drift_monitoring' retrieved from /opt/airflow/dags/dag_drift_monitoring.py
[2026-06-03T06:35:46.904+0000] {logging_mixin.py:188} INFO - [2026-06-03T06:35:46.903+0000] {dag.py:3096} INFO - Sync 1 DAGs
[2026-06-03T06:35:46.963+0000] {logging_mixin.py:188} INFO - [2026-06-03T06:35:46.963+0000] {dag.py:3954} INFO - Setting next_dagrun for neuralretail_drift_monitoring to 2026-06-02 08:00:00+00:00, run_after=2026-06-03 08:00:00+00:00
[2026-06-03T06:35:47.007+0000] {processor.py:183} INFO - Processing /opt/airflow/dags/dag_drift_monitoring.py took 0.269 seconds
[2026-06-03T06:36:17.939+0000] {processor.py:161} INFO - Started process (PID=1655) to work on /opt/airflow/dags/dag_drift_monitoring.py
[2026-06-03T06:36:17.941+0000] {processor.py:830} INFO - Processing file /opt/airflow/dags/dag_drift_monitoring.py for tasks to queue
[2026-06-03T06:36:17.948+0000] {logging_mixin.py:188} INFO - [2026-06-03T06:36:17.948+0000] {dagbag.py:540} INFO - Filling up the DagBag from /opt/airflow/dags/dag_drift_monitoring.py
[2026-06-03T06:36:18.060+0000] {processor.py:840} INFO - DAG(s) 'neuralretail_drift_monitoring' retrieved from /opt/airflow/dags/dag_drift_monitoring.py
[2026-06-03T06:36:18.098+0000] {logging_mixin.py:188} INFO - [2026-06-03T06:36:18.098+0000] {dag.py:3096} INFO - Sync 1 DAGs
[2026-06-03T06:36:18.125+0000] {logging_mixin.py:188} INFO - [2026-06-03T06:36:18.125+0000] {dag.py:3954} INFO - Setting next_dagrun for neuralretail_drift_monitoring to 2026-06-02 08:00:00+00:00, run_after=2026-06-03 08:00:00+00:00
[2026-06-03T06:36:18.189+0000] {processor.py:183} INFO - Processing /opt/airflow/dags/dag_drift_monitoring.py took 0.261 seconds
[2026-06-03T06:36:49.101+0000] {processor.py:161} INFO - Started process (PID=1675) to work on /opt/airflow/dags/dag_drift_monitoring.py
[2026-06-03T06:36:49.106+0000] {processor.py:830} INFO - Processing file /opt/airflow/dags/dag_drift_monitoring.py for tasks to queue
[2026-06-03T06:36:49.109+0000] {logging_mixin.py:188} INFO - [2026-06-03T06:36:49.108+0000] {dagbag.py:540} INFO - Filling up the DagBag from /opt/airflow/dags/dag_drift_monitoring.py
[2026-06-03T06:36:49.176+0000] {processor.py:840} INFO - DAG(s) 'neuralretail_drift_monitoring' retrieved from /opt/airflow/dags/dag_drift_monitoring.py
[2026-06-03T06:36:49.202+0000] {logging_mixin.py:188} INFO - [2026-06-03T06:36:49.202+0000] {dag.py:3096} INFO - Sync 1 DAGs
[2026-06-03T06:36:49.223+0000] {logging_mixin.py:188} INFO - [2026-06-03T06:36:49.223+0000] {dag.py:3954} INFO - Setting next_dagrun for neuralretail_drift_monitoring to 2026-06-02 08:00:00+00:00, run_after=2026-06-03 08:00:00+00:00
[2026-06-03T06:36:49.240+0000] {processor.py:183} INFO - Processing /opt/airflow/dags/dag_drift_monitoring.py took 0.146 seconds
[2026-06-03T06:37:19.907+0000] {processor.py:161} INFO - Started process (PID=1695) to work on /opt/airflow/dags/dag_drift_monitoring.py
[2026-06-03T06:37:19.914+0000] {processor.py:830} INFO - Processing file /opt/airflow/dags/dag_drift_monitoring.py for tasks to queue
[2026-06-03T06:37:19.919+0000] {logging_mixin.py:188} INFO - [2026-06-03T06:37:19.919+0000] {dagbag.py:540} INFO - Filling up the DagBag from /opt/airflow/dags/dag_drift_monitoring.py
[2026-06-03T06:37:20.013+0000] {processor.py:840} INFO - DAG(s) 'neuralretail_drift_monitoring' retrieved from /opt/airflow/dags/dag_drift_monitoring.py
[2026-06-03T06:37:20.050+0000] {logging_mixin.py:188} INFO - [2026-06-03T06:37:20.050+0000] {dag.py:3096} INFO - Sync 1 DAGs
[2026-06-03T06:37:20.078+0000] {logging_mixin.py:188} INFO - [2026-06-03T06:37:20.078+0000] {dag.py:3954} INFO - Setting next_dagrun for neuralretail_drift_monitoring to 2026-06-02 08:00:00+00:00, run_after=2026-06-03 08:00:00+00:00
[2026-06-03T06:37:20.104+0000] {processor.py:183} INFO - Processing /opt/airflow/dags/dag_drift_monitoring.py took 0.204 seconds
[2026-06-03T06:37:51.075+0000] {processor.py:161} INFO - Started process (PID=1715) to work on /opt/airflow/dags/dag_drift_monitoring.py
[2026-06-03T06:37:51.077+0000] {processor.py:830} INFO - Processing file /opt/airflow/dags/dag_drift_monitoring.py for tasks to queue
[2026-06-03T06:37:51.083+0000] {logging_mixin.py:188} INFO - [2026-06-03T06:37:51.081+0000] {dagbag.py:540} INFO - Filling up the DagBag from /opt/airflow/dags/dag_drift_monitoring.py
[2026-06-03T06:37:51.219+0000] {processor.py:840} INFO - DAG(s) 'neuralretail_drift_monitoring' retrieved from /opt/airflow/dags/dag_drift_monitoring.py
[2026-06-03T06:37:51.262+0000] {logging_mixin.py:188} INFO - [2026-06-03T06:37:51.262+0000] {dag.py:3096} INFO - Sync 1 DAGs
[2026-06-03T06:37:51.296+0000] {logging_mixin.py:188} INFO - [2026-06-03T06:37:51.295+0000] {dag.py:3954} INFO - Setting next_dagrun for neuralretail_drift_monitoring to 2026-06-02 08:00:00+00:00, run_after=2026-06-03 08:00:00+00:00
[2026-06-03T06:37:51.366+0000] {processor.py:183} INFO - Processing /opt/airflow/dags/dag_drift_monitoring.py took 0.301 seconds
[2026-06-03T06:38:22.193+0000] {processor.py:161} INFO - Started process (PID=1735) to work on /opt/airflow/dags/dag_drift_monitoring.py
[2026-06-03T06:38:22.197+0000] {processor.py:830} INFO - Processing file /opt/airflow/dags/dag_drift_monitoring.py for tasks to queue
[2026-06-03T06:38:22.200+0000] {logging_mixin.py:188} INFO - [2026-06-03T06:38:22.200+0000] {dagbag.py:540} INFO - Filling up the DagBag from /opt/airflow/dags/dag_drift_monitoring.py
[2026-06-03T06:38:22.264+0000] {processor.py:840} INFO - DAG(s) 'neuralretail_drift_monitoring' retrieved from /opt/airflow/dags/dag_drift_monitoring.py
[2026-06-03T06:38:22.309+0000] {logging_mixin.py:188} INFO - [2026-06-03T06:38:22.309+0000] {dag.py:3096} INFO - Sync 1 DAGs
[2026-06-03T06:38:22.336+0000] {logging_mixin.py:188} INFO - [2026-06-03T06:38:22.335+0000] {dag.py:3954} INFO - Setting next_dagrun for neuralretail_drift_monitoring to 2026-06-02 08:00:00+00:00, run_after=2026-06-03 08:00:00+00:00
[2026-06-03T06:38:22.359+0000] {processor.py:183} INFO - Processing /opt/airflow/dags/dag_drift_monitoring.py took 0.182 seconds
[2026-06-03T06:38:52.725+0000] {processor.py:161} INFO - Started process (PID=1755) to work on /opt/airflow/dags/dag_drift_monitoring.py
[2026-06-03T06:38:52.727+0000] {processor.py:830} INFO - Processing file /opt/airflow/dags/dag_drift_monitoring.py for tasks to queue
[2026-06-03T06:38:52.731+0000] {logging_mixin.py:188} INFO - [2026-06-03T06:38:52.731+0000] {dagbag.py:540} INFO - Filling up the DagBag from /opt/airflow/dags/dag_drift_monitoring.py
[2026-06-03T06:38:52.788+0000] {processor.py:840} INFO - DAG(s) 'neuralretail_drift_monitoring' retrieved from /opt/airflow/dags/dag_drift_monitoring.py
[2026-06-03T06:38:52.822+0000] {logging_mixin.py:188} INFO - [2026-06-03T06:38:52.821+0000] {dag.py:3096} INFO - Sync 1 DAGs
[2026-06-03T06:38:52.851+0000] {logging_mixin.py:188} INFO - [2026-06-03T06:38:52.851+0000] {dag.py:3954} INFO - Setting next_dagrun for neuralretail_drift_monitoring to 2026-06-02 08:00:00+00:00, run_after=2026-06-03 08:00:00+00:00
[2026-06-03T06:38:52.877+0000] {processor.py:183} INFO - Processing /opt/airflow/dags/dag_drift_monitoring.py took 0.167 seconds
[2026-06-03T06:39:23.138+0000] {processor.py:161} INFO - Started process (PID=1775) to work on /opt/airflow/dags/dag_drift_monitoring.py
[2026-06-03T06:39:23.141+0000] {processor.py:830} INFO - Processing file /opt/airflow/dags/dag_drift_monitoring.py for tasks to queue
[2026-06-03T06:39:23.147+0000] {logging_mixin.py:188} INFO - [2026-06-03T06:39:23.147+0000] {dagbag.py:540} INFO - Filling up the DagBag from /opt/airflow/dags/dag_drift_monitoring.py
[2026-06-03T06:39:23.211+0000] {processor.py:840} INFO - DAG(s) 'neuralretail_drift_monitoring' retrieved from /opt/airflow/dags/dag_drift_monitoring.py
[2026-06-03T06:39:23.243+0000] {logging_mixin.py:188} INFO - [2026-06-03T06:39:23.243+0000] {dag.py:3096} INFO - Sync 1 DAGs
[2026-06-03T06:39:23.279+0000] {logging_mixin.py:188} INFO - [2026-06-03T06:39:23.279+0000] {dag.py:3954} INFO - Setting next_dagrun for neuralretail_drift_monitoring to 2026-06-02 08:00:00+00:00, run_after=2026-06-03 08:00:00+00:00
[2026-06-03T06:39:23.329+0000] {processor.py:183} INFO - Processing /opt/airflow/dags/dag_drift_monitoring.py took 0.205 seconds
[2026-06-03T06:39:54.081+0000] {processor.py:161} INFO - Started process (PID=1795) to work on /opt/airflow/dags/dag_drift_monitoring.py
[2026-06-03T06:39:54.083+0000] {processor.py:830} INFO - Processing file /opt/airflow/dags/dag_drift_monitoring.py for tasks to queue
[2026-06-03T06:39:54.086+0000] {logging_mixin.py:188} INFO - [2026-06-03T06:39:54.086+0000] {dagbag.py:540} INFO - Filling up the DagBag from /opt/airflow/dags/dag_drift_monitoring.py
[2026-06-03T06:39:54.164+0000] {processor.py:840} INFO - DAG(s) 'neuralretail_drift_monitoring' retrieved from /opt/airflow/dags/dag_drift_monitoring.py
[2026-06-03T06:39:54.196+0000] {logging_mixin.py:188} INFO - [2026-06-03T06:39:54.196+0000] {dag.py:3096} INFO - Sync 1 DAGs
[2026-06-03T06:39:54.226+0000] {logging_mixin.py:188} INFO - [2026-06-03T06:39:54.226+0000] {dag.py:3954} INFO - Setting next_dagrun for neuralretail_drift_monitoring to 2026-06-02 08:00:00+00:00, run_after=2026-06-03 08:00:00+00:00
[2026-06-03T06:39:54.283+0000] {processor.py:183} INFO - Processing /opt/airflow/dags/dag_drift_monitoring.py took 0.208 seconds
[2026-06-03T06:40:25.109+0000] {processor.py:161} INFO - Started process (PID=1815) to work on /opt/airflow/dags/dag_drift_monitoring.py
[2026-06-03T06:40:25.112+0000] {processor.py:830} INFO - Processing file /opt/airflow/dags/dag_drift_monitoring.py for tasks to queue
[2026-06-03T06:40:25.117+0000] {logging_mixin.py:188} INFO - [2026-06-03T06:40:25.116+0000] {dagbag.py:540} INFO - Filling up the DagBag from /opt/airflow/dags/dag_drift_monitoring.py
[2026-06-03T06:40:25.243+0000] {processor.py:840} INFO - DAG(s) 'neuralretail_drift_monitoring' retrieved from /opt/airflow/dags/dag_drift_monitoring.py
[2026-06-03T06:40:25.271+0000] {logging_mixin.py:188} INFO - [2026-06-03T06:40:25.270+0000] {dag.py:3096} INFO - Sync 1 DAGs
[2026-06-03T06:40:25.297+0000] {logging_mixin.py:188} INFO - [2026-06-03T06:40:25.296+0000] {dag.py:3954} INFO - Setting next_dagrun for neuralretail_drift_monitoring to 2026-06-02 08:00:00+00:00, run_after=2026-06-03 08:00:00+00:00
[2026-06-03T06:40:25.337+0000] {processor.py:183} INFO - Processing /opt/airflow/dags/dag_drift_monitoring.py took 0.241 seconds
[2026-06-03T06:40:56.216+0000] {processor.py:161} INFO - Started process (PID=1835) to work on /opt/airflow/dags/dag_drift_monitoring.py
[2026-06-03T06:40:56.221+0000] {processor.py:830} INFO - Processing file /opt/airflow/dags/dag_drift_monitoring.py for tasks to queue
[2026-06-03T06:40:56.226+0000] {logging_mixin.py:188} INFO - [2026-06-03T06:40:56.225+0000] {dagbag.py:540} INFO - Filling up the DagBag from /opt/airflow/dags/dag_drift_monitoring.py
[2026-06-03T06:40:56.306+0000] {processor.py:840} INFO - DAG(s) 'neuralretail_drift_monitoring' retrieved from /opt/airflow/dags/dag_drift_monitoring.py
[2026-06-03T06:40:56.344+0000] {logging_mixin.py:188} INFO - [2026-06-03T06:40:56.343+0000] {dag.py:3096} INFO - Sync 1 DAGs
[2026-06-03T06:40:56.378+0000] {logging_mixin.py:188} INFO - [2026-06-03T06:40:56.378+0000] {dag.py:3954} INFO - Setting next_dagrun for neuralretail_drift_monitoring to 2026-06-02 08:00:00+00:00, run_after=2026-06-03 08:00:00+00:00
[2026-06-03T06:40:56.400+0000] {processor.py:183} INFO - Processing /opt/airflow/dags/dag_drift_monitoring.py took 0.195 seconds
[2026-06-03T06:41:26.885+0000] {processor.py:161} INFO - Started process (PID=1855) to work on /opt/airflow/dags/dag_drift_monitoring.py
[2026-06-03T06:41:26.887+0000] {processor.py:830} INFO - Processing file /opt/airflow/dags/dag_drift_monitoring.py for tasks to queue
[2026-06-03T06:41:26.891+0000] {logging_mixin.py:188} INFO - [2026-06-03T06:41:26.891+0000] {dagbag.py:540} INFO - Filling up the DagBag from /opt/airflow/dags/dag_drift_monitoring.py
[2026-06-03T06:41:26.996+0000] {processor.py:840} INFO - DAG(s) 'neuralretail_drift_monitoring' retrieved from /opt/airflow/dags/dag_drift_monitoring.py
[2026-06-03T06:41:27.034+0000] {logging_mixin.py:188} INFO - [2026-06-03T06:41:27.034+0000] {dag.py:3096} INFO - Sync 1 DAGs
[2026-06-03T06:41:27.067+0000] {logging_mixin.py:188} INFO - [2026-06-03T06:41:27.067+0000] {dag.py:3954} INFO - Setting next_dagrun for neuralretail_drift_monitoring to 2026-06-02 08:00:00+00:00, run_after=2026-06-03 08:00:00+00:00
[2026-06-03T06:41:27.096+0000] {processor.py:183} INFO - Processing /opt/airflow/dags/dag_drift_monitoring.py took 0.219 seconds
[2026-06-03T06:41:57.670+0000] {processor.py:161} INFO - Started process (PID=1875) to work on /opt/airflow/dags/dag_drift_monitoring.py
[2026-06-03T06:41:57.671+0000] {processor.py:830} INFO - Processing file /opt/airflow/dags/dag_drift_monitoring.py for tasks to queue
[2026-06-03T06:41:57.675+0000] {logging_mixin.py:188} INFO - [2026-06-03T06:41:57.674+0000] {dagbag.py:540} INFO - Filling up the DagBag from /opt/airflow/dags/dag_drift_monitoring.py
[2026-06-03T06:41:57.742+0000] {processor.py:840} INFO - DAG(s) 'neuralretail_drift_monitoring' retrieved from /opt/airflow/dags/dag_drift_monitoring.py
[2026-06-03T06:41:57.770+0000] {logging_mixin.py:188} INFO - [2026-06-03T06:41:57.770+0000] {dag.py:3096} INFO - Sync 1 DAGs
[2026-06-03T06:41:57.801+0000] {logging_mixin.py:188} INFO - [2026-06-03T06:41:57.801+0000] {dag.py:3954} INFO - Setting next_dagrun for neuralretail_drift_monitoring to 2026-06-02 08:00:00+00:00, run_after=2026-06-03 08:00:00+00:00
[2026-06-03T06:41:57.828+0000] {processor.py:183} INFO - Processing /opt/airflow/dags/dag_drift_monitoring.py took 0.169 seconds
[2026-06-03T06:42:28.117+0000] {processor.py:161} INFO - Started process (PID=1895) to work on /opt/airflow/dags/dag_drift_monitoring.py
[2026-06-03T06:42:28.120+0000] {processor.py:830} INFO - Processing file /opt/airflow/dags/dag_drift_monitoring.py for tasks to queue
[2026-06-03T06:42:28.122+0000] {logging_mixin.py:188} INFO - [2026-06-03T06:42:28.122+0000] {dagbag.py:540} INFO - Filling up the DagBag from /opt/airflow/dags/dag_drift_monitoring.py
[2026-06-03T06:42:28.194+0000] {processor.py:840} INFO - DAG(s) 'neuralretail_drift_monitoring' retrieved from /opt/airflow/dags/dag_drift_monitoring.py
[2026-06-03T06:42:28.241+0000] {logging_mixin.py:188} INFO - [2026-06-03T06:42:28.241+0000] {dag.py:3096} INFO - Sync 1 DAGs
[2026-06-03T06:42:28.279+0000] {logging_mixin.py:188} INFO - [2026-06-03T06:42:28.278+0000] {dag.py:3954} INFO - Setting next_dagrun for neuralretail_drift_monitoring to 2026-06-02 08:00:00+00:00, run_after=2026-06-03 08:00:00+00:00
[2026-06-03T06:42:28.325+0000] {processor.py:183} INFO - Processing /opt/airflow/dags/dag_drift_monitoring.py took 0.218 seconds
[2026-06-03T06:43:01.099+0000] {processor.py:161} INFO - Started process (PID=1915) to work on /opt/airflow/dags/dag_drift_monitoring.py
[2026-06-03T06:43:01.126+0000] {processor.py:830} INFO - Processing file /opt/airflow/dags/dag_drift_monitoring.py for tasks to queue
[2026-06-03T06:43:01.169+0000] {logging_mixin.py:188} INFO - [2026-06-03T06:43:01.167+0000] {dagbag.py:540} INFO - Filling up the DagBag from /opt/airflow/dags/dag_drift_monitoring.py
[2026-06-03T06:43:02.425+0000] {processor.py:840} INFO - DAG(s) 'neuralretail_drift_monitoring' retrieved from /opt/airflow/dags/dag_drift_monitoring.py
[2026-06-03T06:43:02.496+0000] {logging_mixin.py:188} INFO - [2026-06-03T06:43:02.495+0000] {dag.py:3096} INFO - Sync 1 DAGs
[2026-06-03T06:43:02.564+0000] {logging_mixin.py:188} INFO - [2026-06-03T06:43:02.564+0000] {dag.py:3954} INFO - Setting next_dagrun for neuralretail_drift_monitoring to 2026-06-02 08:00:00+00:00, run_after=2026-06-03 08:00:00+00:00
[2026-06-03T06:43:02.698+0000] {processor.py:183} INFO - Processing /opt/airflow/dags/dag_drift_monitoring.py took 1.612 seconds
[2026-06-03T06:43:36.784+0000] {processor.py:161} INFO - Started process (PID=1935) to work on /opt/airflow/dags/dag_drift_monitoring.py
[2026-06-03T06:43:36.787+0000] {processor.py:830} INFO - Processing file /opt/airflow/dags/dag_drift_monitoring.py for tasks to queue
[2026-06-03T06:43:36.792+0000] {logging_mixin.py:188} INFO - [2026-06-03T06:43:36.791+0000] {dagbag.py:540} INFO - Filling up the DagBag from /opt/airflow/dags/dag_drift_monitoring.py
[2026-06-03T06:43:36.858+0000] {processor.py:840} INFO - DAG(s) 'neuralretail_drift_monitoring' retrieved from /opt/airflow/dags/dag_drift_monitoring.py
[2026-06-03T06:43:36.900+0000] {logging_mixin.py:188} INFO - [2026-06-03T06:43:36.900+0000] {dag.py:3096} INFO - Sync 1 DAGs
[2026-06-03T06:43:36.925+0000] {logging_mixin.py:188} INFO - [2026-06-03T06:43:36.925+0000] {dag.py:3954} INFO - Setting next_dagrun for neuralretail_drift_monitoring to 2026-06-02 08:00:00+00:00, run_after=2026-06-03 08:00:00+00:00
[2026-06-03T06:43:36.946+0000] {processor.py:183} INFO - Processing /opt/airflow/dags/dag_drift_monitoring.py took 0.168 seconds
[2026-06-03T06:44:07.233+0000] {processor.py:161} INFO - Started process (PID=1955) to work on /opt/airflow/dags/dag_drift_monitoring.py
[2026-06-03T06:44:07.235+0000] {processor.py:830} INFO - Processing file /opt/airflow/dags/dag_drift_monitoring.py for tasks to queue
[2026-06-03T06:44:07.238+0000] {logging_mixin.py:188} INFO - [2026-06-03T06:44:07.237+0000] {dagbag.py:540} INFO - Filling up the DagBag from /opt/airflow/dags/dag_drift_monitoring.py
[2026-06-03T06:44:07.317+0000] {processor.py:840} INFO - DAG(s) 'neuralretail_drift_monitoring' retrieved from /opt/airflow/dags/dag_drift_monitoring.py
[2026-06-03T06:44:07.351+0000] {logging_mixin.py:188} INFO - [2026-06-03T06:44:07.351+0000] {dag.py:3096} INFO - Sync 1 DAGs
[2026-06-03T06:44:07.385+0000] {logging_mixin.py:188} INFO - [2026-06-03T06:44:07.384+0000] {dag.py:3954} INFO - Setting next_dagrun for neuralretail_drift_monitoring to 2026-06-02 08:00:00+00:00, run_after=2026-06-03 08:00:00+00:00
[2026-06-03T06:44:07.407+0000] {processor.py:183} INFO - Processing /opt/airflow/dags/dag_drift_monitoring.py took 0.182 seconds
[2026-06-03T06:44:37.883+0000] {processor.py:161} INFO - Started process (PID=1975) to work on /opt/airflow/dags/dag_drift_monitoring.py
[2026-06-03T06:44:37.886+0000] {processor.py:830} INFO - Processing file /opt/airflow/dags/dag_drift_monitoring.py for tasks to queue
[2026-06-03T06:44:37.888+0000] {logging_mixin.py:188} INFO - [2026-06-03T06:44:37.888+0000] {dagbag.py:540} INFO - Filling up the DagBag from /opt/airflow/dags/dag_drift_monitoring.py
[2026-06-03T06:44:37.943+0000] {processor.py:840} INFO - DAG(s) 'neuralretail_drift_monitoring' retrieved from /opt/airflow/dags/dag_drift_monitoring.py
[2026-06-03T06:44:37.975+0000] {logging_mixin.py:188} INFO - [2026-06-03T06:44:37.975+0000] {dag.py:3096} INFO - Sync 1 DAGs
[2026-06-03T06:44:38.014+0000] {logging_mixin.py:188} INFO - [2026-06-03T06:44:38.014+0000] {dag.py:3954} INFO - Setting next_dagrun for neuralretail_drift_monitoring to 2026-06-02 08:00:00+00:00, run_after=2026-06-03 08:00:00+00:00
[2026-06-03T06:44:38.075+0000] {processor.py:183} INFO - Processing /opt/airflow/dags/dag_drift_monitoring.py took 0.200 seconds
[2026-06-03T06:45:08.484+0000] {processor.py:161} INFO - Started process (PID=1995) to work on /opt/airflow/dags/dag_drift_monitoring.py
[2026-06-03T06:45:08.486+0000] {processor.py:830} INFO - Processing file /opt/airflow/dags/dag_drift_monitoring.py for tasks to queue
[2026-06-03T06:45:08.490+0000] {logging_mixin.py:188} INFO - [2026-06-03T06:45:08.489+0000] {dagbag.py:540} INFO - Filling up the DagBag from /opt/airflow/dags/dag_drift_monitoring.py
[2026-06-03T06:45:08.593+0000] {processor.py:840} INFO - DAG(s) 'neuralretail_drift_monitoring' retrieved from /opt/airflow/dags/dag_drift_monitoring.py
[2026-06-03T06:45:08.616+0000] {logging_mixin.py:188} INFO - [2026-06-03T06:45:08.616+0000] {dag.py:3096} INFO - Sync 1 DAGs
[2026-06-03T06:45:08.653+0000] {logging_mixin.py:188} INFO - [2026-06-03T06:45:08.652+0000] {dag.py:3954} INFO - Setting next_dagrun for neuralretail_drift_monitoring to 2026-06-02 08:00:00+00:00, run_after=2026-06-03 08:00:00+00:00
[2026-06-03T06:45:08.683+0000] {processor.py:183} INFO - Processing /opt/airflow/dags/dag_drift_monitoring.py took 0.211 seconds
[2026-06-03T06:45:39.454+0000] {processor.py:161} INFO - Started process (PID=2015) to work on /opt/airflow/dags/dag_drift_monitoring.py
[2026-06-03T06:45:39.461+0000] {processor.py:830} INFO - Processing file /opt/airflow/dags/dag_drift_monitoring.py for tasks to queue
[2026-06-03T06:45:39.469+0000] {logging_mixin.py:188} INFO - [2026-06-03T06:45:39.467+0000] {dagbag.py:540} INFO - Filling up the DagBag from /opt/airflow/dags/dag_drift_monitoring.py
[2026-06-03T06:45:39.561+0000] {processor.py:840} INFO - DAG(s) 'neuralretail_drift_monitoring' retrieved from /opt/airflow/dags/dag_drift_monitoring.py
[2026-06-03T06:45:39.588+0000] {logging_mixin.py:188} INFO - [2026-06-03T06:45:39.588+0000] {dag.py:3096} INFO - Sync 1 DAGs
[2026-06-03T06:45:39.615+0000] {logging_mixin.py:188} INFO - [2026-06-03T06:45:39.615+0000] {dag.py:3954} INFO - Setting next_dagrun for neuralretail_drift_monitoring to 2026-06-02 08:00:00+00:00, run_after=2026-06-03 08:00:00+00:00
[2026-06-03T06:45:39.638+0000] {processor.py:183} INFO - Processing /opt/airflow/dags/dag_drift_monitoring.py took 0.191 seconds
[2026-06-03T06:46:10.278+0000] {processor.py:161} INFO - Started process (PID=2035) to work on /opt/airflow/dags/dag_drift_monitoring.py
[2026-06-03T06:46:10.280+0000] {processor.py:830} INFO - Processing file /opt/airflow/dags/dag_drift_monitoring.py for tasks to queue
[2026-06-03T06:46:10.287+0000] {logging_mixin.py:188} INFO - [2026-06-03T06:46:10.286+0000] {dagbag.py:540} INFO - Filling up the DagBag from /opt/airflow/dags/dag_drift_monitoring.py
[2026-06-03T06:46:10.382+0000] {processor.py:840} INFO - DAG(s) 'neuralretail_drift_monitoring' retrieved from /opt/airflow/dags/dag_drift_monitoring.py
[2026-06-03T06:46:10.425+0000] {logging_mixin.py:188} INFO - [2026-06-03T06:46:10.425+0000] {dag.py:3096} INFO - Sync 1 DAGs
[2026-06-03T06:46:10.455+0000] {logging_mixin.py:188} INFO - [2026-06-03T06:46:10.455+0000] {dag.py:3954} INFO - Setting next_dagrun for neuralretail_drift_monitoring to 2026-06-02 08:00:00+00:00, run_after=2026-06-03 08:00:00+00:00
[2026-06-03T06:46:10.550+0000] {processor.py:183} INFO - Processing /opt/airflow/dags/dag_drift_monitoring.py took 0.283 seconds
[2026-06-03T06:46:41.010+0000] {processor.py:161} INFO - Started process (PID=2055) to work on /opt/airflow/dags/dag_drift_monitoring.py
[2026-06-03T06:46:41.014+0000] {processor.py:830} INFO - Processing file /opt/airflow/dags/dag_drift_monitoring.py for tasks to queue
[2026-06-03T06:46:41.019+0000] {logging_mixin.py:188} INFO - [2026-06-03T06:46:41.018+0000] {dagbag.py:540} INFO - Filling up the DagBag from /opt/airflow/dags/dag_drift_monitoring.py
[2026-06-03T06:46:41.072+0000] {processor.py:840} INFO - DAG(s) 'neuralretail_drift_monitoring' retrieved from /opt/airflow/dags/dag_drift_monitoring.py
[2026-06-03T06:46:41.105+0000] {logging_mixin.py:188} INFO - [2026-06-03T06:46:41.105+0000] {dag.py:3096} INFO - Sync 1 DAGs
[2026-06-03T06:46:41.128+0000] {logging_mixin.py:188} INFO - [2026-06-03T06:46:41.128+0000] {dag.py:3954} INFO - Setting next_dagrun for neuralretail_drift_monitoring to 2026-06-02 08:00:00+00:00, run_after=2026-06-03 08:00:00+00:00
[2026-06-03T06:46:41.148+0000] {processor.py:183} INFO - Processing /opt/airflow/dags/dag_drift_monitoring.py took 0.144 seconds
[2026-06-03T06:47:11.848+0000] {processor.py:161} INFO - Started process (PID=2075) to work on /opt/airflow/dags/dag_drift_monitoring.py
[2026-06-03T06:47:11.855+0000] {processor.py:830} INFO - Processing file /opt/airflow/dags/dag_drift_monitoring.py for tasks to queue
[2026-06-03T06:47:11.864+0000] {logging_mixin.py:188} INFO - [2026-06-03T06:47:11.863+0000] {dagbag.py:540} INFO - Filling up the DagBag from /opt/airflow/dags/dag_drift_monitoring.py
[2026-06-03T06:47:11.980+0000] {processor.py:840} INFO - DAG(s) 'neuralretail_drift_monitoring' retrieved from /opt/airflow/dags/dag_drift_monitoring.py
[2026-06-03T06:47:12.015+0000] {logging_mixin.py:188} INFO - [2026-06-03T06:47:12.015+0000] {dag.py:3096} INFO - Sync 1 DAGs
[2026-06-03T06:47:12.052+0000] {logging_mixin.py:188} INFO - [2026-06-03T06:47:12.052+0000] {dag.py:3954} INFO - Setting next_dagrun for neuralretail_drift_monitoring to 2026-06-02 08:00:00+00:00, run_after=2026-06-03 08:00:00+00:00
[2026-06-03T06:47:12.094+0000] {processor.py:183} INFO - Processing /opt/airflow/dags/dag_drift_monitoring.py took 0.251 seconds
[2026-06-03T06:47:42.367+0000] {processor.py:161} INFO - Started process (PID=2095) to work on /opt/airflow/dags/dag_drift_monitoring.py
[2026-06-03T06:47:42.372+0000] {processor.py:830} INFO - Processing file /opt/airflow/dags/dag_drift_monitoring.py for tasks to queue
[2026-06-03T06:47:42.378+0000] {logging_mixin.py:188} INFO - [2026-06-03T06:47:42.378+0000] {dagbag.py:540} INFO - Filling up the DagBag from /opt/airflow/dags/dag_drift_monitoring.py
[2026-06-03T06:47:42.484+0000] {processor.py:840} INFO - DAG(s) 'neuralretail_drift_monitoring' retrieved from /opt/airflow/dags/dag_drift_monitoring.py
[2026-06-03T06:47:42.564+0000] {logging_mixin.py:188} INFO - [2026-06-03T06:47:42.563+0000] {dag.py:3096} INFO - Sync 1 DAGs
[2026-06-03T06:47:42.615+0000] {logging_mixin.py:188} INFO - [2026-06-03T06:47:42.615+0000] {dag.py:3954} INFO - Setting next_dagrun for neuralretail_drift_monitoring to 2026-06-02 08:00:00+00:00, run_after=2026-06-03 08:00:00+00:00
[2026-06-03T06:47:42.695+0000] {processor.py:183} INFO - Processing /opt/airflow/dags/dag_drift_monitoring.py took 0.354 seconds
[2026-06-03T06:48:12.892+0000] {processor.py:161} INFO - Started process (PID=2115) to work on /opt/airflow/dags/dag_drift_monitoring.py
[2026-06-03T06:48:12.909+0000] {processor.py:830} INFO - Processing file /opt/airflow/dags/dag_drift_monitoring.py for tasks to queue
[2026-06-03T06:48:12.915+0000] {logging_mixin.py:188} INFO - [2026-06-03T06:48:12.914+0000] {dagbag.py:540} INFO - Filling up the DagBag from /opt/airflow/dags/dag_drift_monitoring.py
[2026-06-03T06:48:13.014+0000] {processor.py:840} INFO - DAG(s) 'neuralretail_drift_monitoring' retrieved from /opt/airflow/dags/dag_drift_monitoring.py
[2026-06-03T06:48:13.040+0000] {logging_mixin.py:188} INFO - [2026-06-03T06:48:13.039+0000] {dag.py:3096} INFO - Sync 1 DAGs
[2026-06-03T06:48:13.058+0000] {logging_mixin.py:188} INFO - [2026-06-03T06:48:13.058+0000] {dag.py:3954} INFO - Setting next_dagrun for neuralretail_drift_monitoring to 2026-06-02 08:00:00+00:00, run_after=2026-06-03 08:00:00+00:00
[2026-06-03T06:48:13.101+0000] {processor.py:183} INFO - Processing /opt/airflow/dags/dag_drift_monitoring.py took 0.215 seconds
[2026-06-03T06:48:43.754+0000] {processor.py:161} INFO - Started process (PID=2137) to work on /opt/airflow/dags/dag_drift_monitoring.py
[2026-06-03T06:48:43.756+0000] {processor.py:830} INFO - Processing file /opt/airflow/dags/dag_drift_monitoring.py for tasks to queue
[2026-06-03T06:48:43.767+0000] {logging_mixin.py:188} INFO - [2026-06-03T06:48:43.767+0000] {dagbag.py:540} INFO - Filling up the DagBag from /opt/airflow/dags/dag_drift_monitoring.py
[2026-06-03T06:48:43.879+0000] {processor.py:840} INFO - DAG(s) 'neuralretail_drift_monitoring' retrieved from /opt/airflow/dags/dag_drift_monitoring.py
[2026-06-03T06:48:43.925+0000] {logging_mixin.py:188} INFO - [2026-06-03T06:48:43.925+0000] {dag.py:3096} INFO - Sync 1 DAGs
[2026-06-03T06:48:43.980+0000] {logging_mixin.py:188} INFO - [2026-06-03T06:48:43.979+0000] {dag.py:3954} INFO - Setting next_dagrun for neuralretail_drift_monitoring to 2026-06-02 08:00:00+00:00, run_after=2026-06-03 08:00:00+00:00
[2026-06-03T06:48:44.023+0000] {processor.py:183} INFO - Processing /opt/airflow/dags/dag_drift_monitoring.py took 0.279 seconds
[2026-06-03T06:49:14.517+0000] {processor.py:161} INFO - Started process (PID=2155) to work on /opt/airflow/dags/dag_drift_monitoring.py
[2026-06-03T06:49:14.520+0000] {processor.py:830} INFO - Processing file /opt/airflow/dags/dag_drift_monitoring.py for tasks to queue
[2026-06-03T06:49:14.523+0000] {logging_mixin.py:188} INFO - [2026-06-03T06:49:14.523+0000] {dagbag.py:540} INFO - Filling up the DagBag from /opt/airflow/dags/dag_drift_monitoring.py
[2026-06-03T06:49:14.613+0000] {processor.py:840} INFO - DAG(s) 'neuralretail_drift_monitoring' retrieved from /opt/airflow/dags/dag_drift_monitoring.py
[2026-06-03T06:49:14.659+0000] {logging_mixin.py:188} INFO - [2026-06-03T06:49:14.659+0000] {dag.py:3096} INFO - Sync 1 DAGs
[2026-06-03T06:49:14.708+0000] {logging_mixin.py:188} INFO - [2026-06-03T06:49:14.707+0000] {dag.py:3954} INFO - Setting next_dagrun for neuralretail_drift_monitoring to 2026-06-02 08:00:00+00:00, run_after=2026-06-03 08:00:00+00:00
[2026-06-03T06:49:14.755+0000] {processor.py:183} INFO - Processing /opt/airflow/dags/dag_drift_monitoring.py took 0.248 seconds
[2026-06-03T09:47:11.531+0000] {processor.py:161} INFO - Started process (PID=175) to work on /opt/airflow/dags/dag_drift_monitoring.py
[2026-06-03T09:47:11.532+0000] {processor.py:830} INFO - Processing file /opt/airflow/dags/dag_drift_monitoring.py for tasks to queue
[2026-06-03T09:47:11.534+0000] {logging_mixin.py:188} INFO - [2026-06-03T09:47:11.534+0000] {dagbag.py:540} INFO - Filling up the DagBag from /opt/airflow/dags/dag_drift_monitoring.py
[2026-06-03T09:47:11.590+0000] {processor.py:840} INFO - DAG(s) 'neuralretail_drift_monitoring' retrieved from /opt/airflow/dags/dag_drift_monitoring.py
[2026-06-03T09:47:11.735+0000] {logging_mixin.py:188} INFO - [2026-06-03T09:47:11.735+0000] {dag.py:3096} INFO - Sync 1 DAGs
[2026-06-03T09:47:11.756+0000] {logging_mixin.py:188} INFO - [2026-06-03T09:47:11.756+0000] {dag.py:3954} INFO - Setting next_dagrun for neuralretail_drift_monitoring to 2026-06-02 08:00:00+00:00, run_after=2026-06-03 08:00:00+00:00
[2026-06-03T09:47:11.787+0000] {processor.py:183} INFO - Processing /opt/airflow/dags/dag_drift_monitoring.py took 0.261 seconds
[2026-06-03T09:47:42.150+0000] {processor.py:161} INFO - Started process (PID=195) to work on /opt/airflow/dags/dag_drift_monitoring.py
[2026-06-03T09:47:42.151+0000] {processor.py:830} INFO - Processing file /opt/airflow/dags/dag_drift_monitoring.py for tasks to queue
[2026-06-03T09:47:42.154+0000] {logging_mixin.py:188} INFO - [2026-06-03T09:47:42.154+0000] {dagbag.py:540} INFO - Filling up the DagBag from /opt/airflow/dags/dag_drift_monitoring.py
[2026-06-03T09:47:42.214+0000] {processor.py:840} INFO - DAG(s) 'neuralretail_drift_monitoring' retrieved from /opt/airflow/dags/dag_drift_monitoring.py
[2026-06-03T09:47:42.255+0000] {logging_mixin.py:188} INFO - [2026-06-03T09:47:42.254+0000] {dag.py:3096} INFO - Sync 1 DAGs
[2026-06-03T09:47:42.304+0000] {logging_mixin.py:188} INFO - [2026-06-03T09:47:42.304+0000] {dag.py:3954} INFO - Setting next_dagrun for neuralretail_drift_monitoring to 2026-06-02 08:00:00+00:00, run_after=2026-06-03 08:00:00+00:00
[2026-06-03T09:47:42.330+0000] {processor.py:183} INFO - Processing /opt/airflow/dags/dag_drift_monitoring.py took 0.186 seconds
[2026-06-03T09:48:12.640+0000] {processor.py:161} INFO - Started process (PID=215) to work on /opt/airflow/dags/dag_drift_monitoring.py
[2026-06-03T09:48:12.642+0000] {processor.py:830} INFO - Processing file /opt/airflow/dags/dag_drift_monitoring.py for tasks to queue
[2026-06-03T09:48:12.648+0000] {logging_mixin.py:188} INFO - [2026-06-03T09:48:12.647+0000] {dagbag.py:540} INFO - Filling up the DagBag from /opt/airflow/dags/dag_drift_monitoring.py
[2026-06-03T09:48:12.752+0000] {processor.py:840} INFO - DAG(s) 'neuralretail_drift_monitoring' retrieved from /opt/airflow/dags/dag_drift_monitoring.py
[2026-06-03T09:48:12.805+0000] {logging_mixin.py:188} INFO - [2026-06-03T09:48:12.805+0000] {dag.py:3096} INFO - Sync 1 DAGs
[2026-06-03T09:48:12.851+0000] {logging_mixin.py:188} INFO - [2026-06-03T09:48:12.850+0000] {dag.py:3954} INFO - Setting next_dagrun for neuralretail_drift_monitoring to 2026-06-02 08:00:00+00:00, run_after=2026-06-03 08:00:00+00:00
[2026-06-03T09:48:12.900+0000] {processor.py:183} INFO - Processing /opt/airflow/dags/dag_drift_monitoring.py took 0.269 seconds
[2026-06-03T09:48:44.175+0000] {processor.py:161} INFO - Started process (PID=237) to work on /opt/airflow/dags/dag_drift_monitoring.py
[2026-06-03T09:48:44.176+0000] {processor.py:830} INFO - Processing file /opt/airflow/dags/dag_drift_monitoring.py for tasks to queue
[2026-06-03T09:48:44.177+0000] {logging_mixin.py:188} INFO - [2026-06-03T09:48:44.177+0000] {dagbag.py:540} INFO - Filling up the DagBag from /opt/airflow/dags/dag_drift_monitoring.py
[2026-06-03T09:48:44.232+0000] {processor.py:840} INFO - DAG(s) 'neuralretail_drift_monitoring' retrieved from /opt/airflow/dags/dag_drift_monitoring.py
[2026-06-03T09:48:44.255+0000] {logging_mixin.py:188} INFO - [2026-06-03T09:48:44.254+0000] {dag.py:3096} INFO - Sync 1 DAGs
[2026-06-03T09:48:44.280+0000] {logging_mixin.py:188} INFO - [2026-06-03T09:48:44.280+0000] {dag.py:3954} INFO - Setting next_dagrun for neuralretail_drift_monitoring to 2026-06-02 08:00:00+00:00, run_after=2026-06-03 08:00:00+00:00
[2026-06-03T09:48:44.304+0000] {processor.py:183} INFO - Processing /opt/airflow/dags/dag_drift_monitoring.py took 0.133 seconds
[2026-06-03T09:49:14.869+0000] {processor.py:161} INFO - Started process (PID=255) to work on /opt/airflow/dags/dag_drift_monitoring.py
[2026-06-03T09:49:14.874+0000] {processor.py:830} INFO - Processing file /opt/airflow/dags/dag_drift_monitoring.py for tasks to queue
[2026-06-03T09:49:14.878+0000] {logging_mixin.py:188} INFO - [2026-06-03T09:49:14.878+0000] {dagbag.py:540} INFO - Filling up the DagBag from /opt/airflow/dags/dag_drift_monitoring.py
[2026-06-03T09:49:14.941+0000] {processor.py:840} INFO - DAG(s) 'neuralretail_drift_monitoring' retrieved from /opt/airflow/dags/dag_drift_monitoring.py
[2026-06-03T09:49:14.972+0000] {logging_mixin.py:188} INFO - [2026-06-03T09:49:14.972+0000] {dag.py:3096} INFO - Sync 1 DAGs
[2026-06-03T09:49:15.002+0000] {logging_mixin.py:188} INFO - [2026-06-03T09:49:15.002+0000] {dag.py:3954} INFO - Setting next_dagrun for neuralretail_drift_monitoring to 2026-06-02 08:00:00+00:00, run_after=2026-06-03 08:00:00+00:00
[2026-06-03T09:49:15.026+0000] {processor.py:183} INFO - Processing /opt/airflow/dags/dag_drift_monitoring.py took 0.172 seconds
[2026-06-03T09:49:45.886+0000] {processor.py:161} INFO - Started process (PID=275) to work on /opt/airflow/dags/dag_drift_monitoring.py
[2026-06-03T09:49:45.888+0000] {processor.py:830} INFO - Processing file /opt/airflow/dags/dag_drift_monitoring.py for tasks to queue
[2026-06-03T09:49:45.890+0000] {logging_mixin.py:188} INFO - [2026-06-03T09:49:45.890+0000] {dagbag.py:540} INFO - Filling up the DagBag from /opt/airflow/dags/dag_drift_monitoring.py
[2026-06-03T09:49:45.983+0000] {processor.py:840} INFO - DAG(s) 'neuralretail_drift_monitoring' retrieved from /opt/airflow/dags/dag_drift_monitoring.py
[2026-06-03T09:49:46.024+0000] {logging_mixin.py:188} INFO - [2026-06-03T09:49:46.024+0000] {dag.py:3096} INFO - Sync 1 DAGs
[2026-06-03T09:49:46.066+0000] {logging_mixin.py:188} INFO - [2026-06-03T09:49:46.066+0000] {dag.py:3954} INFO - Setting next_dagrun for neuralretail_drift_monitoring to 2026-06-02 08:00:00+00:00, run_after=2026-06-03 08:00:00+00:00
[2026-06-03T09:49:46.088+0000] {processor.py:183} INFO - Processing /opt/airflow/dags/dag_drift_monitoring.py took 0.213 seconds
[2026-06-03T09:50:16.327+0000] {processor.py:161} INFO - Started process (PID=295) to work on /opt/airflow/dags/dag_drift_monitoring.py
[2026-06-03T09:50:16.337+0000] {processor.py:830} INFO - Processing file /opt/airflow/dags/dag_drift_monitoring.py for tasks to queue
[2026-06-03T09:50:16.341+0000] {logging_mixin.py:188} INFO - [2026-06-03T09:50:16.340+0000] {dagbag.py:540} INFO - Filling up the DagBag from /opt/airflow/dags/dag_drift_monitoring.py
[2026-06-03T09:50:16.407+0000] {processor.py:840} INFO - DAG(s) 'neuralretail_drift_monitoring' retrieved from /opt/airflow/dags/dag_drift_monitoring.py
[2026-06-03T09:50:16.436+0000] {logging_mixin.py:188} INFO - [2026-06-03T09:50:16.436+0000] {dag.py:3096} INFO - Sync 1 DAGs
[2026-06-03T09:50:16.463+0000] {logging_mixin.py:188} INFO - [2026-06-03T09:50:16.463+0000] {dag.py:3954} INFO - Setting next_dagrun for neuralretail_drift_monitoring to 2026-06-02 08:00:00+00:00, run_after=2026-06-03 08:00:00+00:00
[2026-06-03T09:50:16.521+0000] {processor.py:183} INFO - Processing /opt/airflow/dags/dag_drift_monitoring.py took 0.202 seconds
[2026-06-03T09:50:46.839+0000] {processor.py:161} INFO - Started process (PID=315) to work on /opt/airflow/dags/dag_drift_monitoring.py
[2026-06-03T09:50:46.842+0000] {processor.py:830} INFO - Processing file /opt/airflow/dags/dag_drift_monitoring.py for tasks to queue
[2026-06-03T09:50:46.845+0000] {logging_mixin.py:188} INFO - [2026-06-03T09:50:46.845+0000] {dagbag.py:540} INFO - Filling up the DagBag from /opt/airflow/dags/dag_drift_monitoring.py
[2026-06-03T09:50:46.916+0000] {processor.py:840} INFO - DAG(s) 'neuralretail_drift_monitoring' retrieved from /opt/airflow/dags/dag_drift_monitoring.py
[2026-06-03T09:50:46.973+0000] {logging_mixin.py:188} INFO - [2026-06-03T09:50:46.972+0000] {dag.py:3096} INFO - Sync 1 DAGs
[2026-06-03T09:50:47.009+0000] {logging_mixin.py:188} INFO - [2026-06-03T09:50:47.008+0000] {dag.py:3954} INFO - Setting next_dagrun for neuralretail_drift_monitoring to 2026-06-02 08:00:00+00:00, run_after=2026-06-03 08:00:00+00:00
[2026-06-03T09:50:47.039+0000] {processor.py:183} INFO - Processing /opt/airflow/dags/dag_drift_monitoring.py took 0.208 seconds
[2026-06-03T09:51:17.358+0000] {processor.py:161} INFO - Started process (PID=335) to work on /opt/airflow/dags/dag_drift_monitoring.py
[2026-06-03T09:51:17.361+0000] {processor.py:830} INFO - Processing file /opt/airflow/dags/dag_drift_monitoring.py for tasks to queue
[2026-06-03T09:51:17.365+0000] {logging_mixin.py:188} INFO - [2026-06-03T09:51:17.363+0000] {dagbag.py:540} INFO - Filling up the DagBag from /opt/airflow/dags/dag_drift_monitoring.py
[2026-06-03T09:51:17.416+0000] {processor.py:840} INFO - DAG(s) 'neuralretail_drift_monitoring' retrieved from /opt/airflow/dags/dag_drift_monitoring.py
[2026-06-03T09:51:17.468+0000] {logging_mixin.py:188} INFO - [2026-06-03T09:51:17.467+0000] {dag.py:3096} INFO - Sync 1 DAGs
[2026-06-03T09:51:17.528+0000] {logging_mixin.py:188} INFO - [2026-06-03T09:51:17.527+0000] {dag.py:3954} INFO - Setting next_dagrun for neuralretail_drift_monitoring to 2026-06-02 08:00:00+00:00, run_after=2026-06-03 08:00:00+00:00
[2026-06-03T09:51:17.555+0000] {processor.py:183} INFO - Processing /opt/airflow/dags/dag_drift_monitoring.py took 0.208 seconds
[2026-06-03T09:51:48.035+0000] {processor.py:161} INFO - Started process (PID=355) to work on /opt/airflow/dags/dag_drift_monitoring.py
[2026-06-03T09:51:48.043+0000] {processor.py:830} INFO - Processing file /opt/airflow/dags/dag_drift_monitoring.py for tasks to queue
[2026-06-03T09:51:48.052+0000] {logging_mixin.py:188} INFO - [2026-06-03T09:51:48.051+0000] {dagbag.py:540} INFO - Filling up the DagBag from /opt/airflow/dags/dag_drift_monitoring.py
[2026-06-03T09:51:48.325+0000] {processor.py:840} INFO - DAG(s) 'neuralretail_drift_monitoring' retrieved from /opt/airflow/dags/dag_drift_monitoring.py
[2026-06-03T09:51:48.365+0000] {logging_mixin.py:188} INFO - [2026-06-03T09:51:48.364+0000] {dag.py:3096} INFO - Sync 1 DAGs
[2026-06-03T09:51:48.386+0000] {logging_mixin.py:188} INFO - [2026-06-03T09:51:48.385+0000] {dag.py:3954} INFO - Setting next_dagrun for neuralretail_drift_monitoring to 2026-06-02 08:00:00+00:00, run_after=2026-06-03 08:00:00+00:00
[2026-06-03T09:51:48.433+0000] {processor.py:183} INFO - Processing /opt/airflow/dags/dag_drift_monitoring.py took 0.407 seconds
[2026-06-03T09:52:19.071+0000] {processor.py:161} INFO - Started process (PID=375) to work on /opt/airflow/dags/dag_drift_monitoring.py
[2026-06-03T09:52:19.072+0000] {processor.py:830} INFO - Processing file /opt/airflow/dags/dag_drift_monitoring.py for tasks to queue
[2026-06-03T09:52:19.075+0000] {logging_mixin.py:188} INFO - [2026-06-03T09:52:19.074+0000] {dagbag.py:540} INFO - Filling up the DagBag from /opt/airflow/dags/dag_drift_monitoring.py
[2026-06-03T09:52:19.128+0000] {processor.py:840} INFO - DAG(s) 'neuralretail_drift_monitoring' retrieved from /opt/airflow/dags/dag_drift_monitoring.py
[2026-06-03T09:52:19.151+0000] {logging_mixin.py:188} INFO - [2026-06-03T09:52:19.151+0000] {dag.py:3096} INFO - Sync 1 DAGs
[2026-06-03T09:52:19.172+0000] {logging_mixin.py:188} INFO - [2026-06-03T09:52:19.172+0000] {dag.py:3954} INFO - Setting next_dagrun for neuralretail_drift_monitoring to 2026-06-02 08:00:00+00:00, run_after=2026-06-03 08:00:00+00:00
[2026-06-03T09:52:19.190+0000] {processor.py:183} INFO - Processing /opt/airflow/dags/dag_drift_monitoring.py took 0.127 seconds
[2026-06-03T09:52:49.641+0000] {processor.py:161} INFO - Started process (PID=395) to work on /opt/airflow/dags/dag_drift_monitoring.py
[2026-06-03T09:52:49.644+0000] {processor.py:830} INFO - Processing file /opt/airflow/dags/dag_drift_monitoring.py for tasks to queue
[2026-06-03T09:52:49.648+0000] {logging_mixin.py:188} INFO - [2026-06-03T09:52:49.647+0000] {dagbag.py:540} INFO - Filling up the DagBag from /opt/airflow/dags/dag_drift_monitoring.py
[2026-06-03T09:52:49.710+0000] {processor.py:840} INFO - DAG(s) 'neuralretail_drift_monitoring' retrieved from /opt/airflow/dags/dag_drift_monitoring.py
[2026-06-03T09:52:49.731+0000] {logging_mixin.py:188} INFO - [2026-06-03T09:52:49.730+0000] {dag.py:3096} INFO - Sync 1 DAGs
[2026-06-03T09:52:49.750+0000] {logging_mixin.py:188} INFO - [2026-06-03T09:52:49.750+0000] {dag.py:3954} INFO - Setting next_dagrun for neuralretail_drift_monitoring to 2026-06-02 08:00:00+00:00, run_after=2026-06-03 08:00:00+00:00
[2026-06-03T09:52:49.768+0000] {processor.py:183} INFO - Processing /opt/airflow/dags/dag_drift_monitoring.py took 0.136 seconds
[2026-06-03T09:53:20.077+0000] {processor.py:161} INFO - Started process (PID=415) to work on /opt/airflow/dags/dag_drift_monitoring.py
[2026-06-03T09:53:20.085+0000] {processor.py:830} INFO - Processing file /opt/airflow/dags/dag_drift_monitoring.py for tasks to queue
[2026-06-03T09:53:20.090+0000] {logging_mixin.py:188} INFO - [2026-06-03T09:53:20.089+0000] {dagbag.py:540} INFO - Filling up the DagBag from /opt/airflow/dags/dag_drift_monitoring.py
[2026-06-03T09:53:20.219+0000] {processor.py:840} INFO - DAG(s) 'neuralretail_drift_monitoring' retrieved from /opt/airflow/dags/dag_drift_monitoring.py
[2026-06-03T09:53:20.271+0000] {logging_mixin.py:188} INFO - [2026-06-03T09:53:20.270+0000] {dag.py:3096} INFO - Sync 1 DAGs
[2026-06-03T09:53:20.317+0000] {logging_mixin.py:188} INFO - [2026-06-03T09:53:20.317+0000] {dag.py:3954} INFO - Setting next_dagrun for neuralretail_drift_monitoring to 2026-06-02 08:00:00+00:00, run_after=2026-06-03 08:00:00+00:00
[2026-06-03T09:53:20.341+0000] {processor.py:183} INFO - Processing /opt/airflow/dags/dag_drift_monitoring.py took 0.274 seconds
[2026-06-03T09:53:51.414+0000] {processor.py:161} INFO - Started process (PID=435) to work on /opt/airflow/dags/dag_drift_monitoring.py
[2026-06-03T09:53:51.419+0000] {processor.py:830} INFO - Processing file /opt/airflow/dags/dag_drift_monitoring.py for tasks to queue
[2026-06-03T09:53:51.422+0000] {logging_mixin.py:188} INFO - [2026-06-03T09:53:51.421+0000] {dagbag.py:540} INFO - Filling up the DagBag from /opt/airflow/dags/dag_drift_monitoring.py
[2026-06-03T09:53:51.482+0000] {processor.py:840} INFO - DAG(s) 'neuralretail_drift_monitoring' retrieved from /opt/airflow/dags/dag_drift_monitoring.py
[2026-06-03T09:53:51.521+0000] {logging_mixin.py:188} INFO - [2026-06-03T09:53:51.521+0000] {dag.py:3096} INFO - Sync 1 DAGs
[2026-06-03T09:53:51.549+0000] {logging_mixin.py:188} INFO - [2026-06-03T09:53:51.549+0000] {dag.py:3954} INFO - Setting next_dagrun for neuralretail_drift_monitoring to 2026-06-02 08:00:00+00:00, run_after=2026-06-03 08:00:00+00:00
[2026-06-03T09:53:51.572+0000] {processor.py:183} INFO - Processing /opt/airflow/dags/dag_drift_monitoring.py took 0.167 seconds
[2026-06-03T09:54:21.922+0000] {processor.py:161} INFO - Started process (PID=455) to work on /opt/airflow/dags/dag_drift_monitoring.py
[2026-06-03T09:54:21.927+0000] {processor.py:830} INFO - Processing file /opt/airflow/dags/dag_drift_monitoring.py for tasks to queue
[2026-06-03T09:54:21.935+0000] {logging_mixin.py:188} INFO - [2026-06-03T09:54:21.934+0000] {dagbag.py:540} INFO - Filling up the DagBag from /opt/airflow/dags/dag_drift_monitoring.py
[2026-06-03T09:54:22.029+0000] {processor.py:840} INFO - DAG(s) 'neuralretail_drift_monitoring' retrieved from /opt/airflow/dags/dag_drift_monitoring.py
[2026-06-03T09:54:22.098+0000] {logging_mixin.py:188} INFO - [2026-06-03T09:54:22.098+0000] {dag.py:3096} INFO - Sync 1 DAGs
[2026-06-03T09:54:22.152+0000] {logging_mixin.py:188} INFO - [2026-06-03T09:54:22.151+0000] {dag.py:3954} INFO - Setting next_dagrun for neuralretail_drift_monitoring to 2026-06-02 08:00:00+00:00, run_after=2026-06-03 08:00:00+00:00
[2026-06-03T09:54:22.182+0000] {processor.py:183} INFO - Processing /opt/airflow/dags/dag_drift_monitoring.py took 0.277 seconds
[2026-06-03T09:54:52.612+0000] {processor.py:161} INFO - Started process (PID=475) to work on /opt/airflow/dags/dag_drift_monitoring.py
[2026-06-03T09:54:52.616+0000] {processor.py:830} INFO - Processing file /opt/airflow/dags/dag_drift_monitoring.py for tasks to queue
[2026-06-03T09:54:52.626+0000] {logging_mixin.py:188} INFO - [2026-06-03T09:54:52.625+0000] {dagbag.py:540} INFO - Filling up the DagBag from /opt/airflow/dags/dag_drift_monitoring.py
[2026-06-03T09:54:52.719+0000] {processor.py:840} INFO - DAG(s) 'neuralretail_drift_monitoring' retrieved from /opt/airflow/dags/dag_drift_monitoring.py
[2026-06-03T09:54:52.784+0000] {logging_mixin.py:188} INFO - [2026-06-03T09:54:52.784+0000] {dag.py:3096} INFO - Sync 1 DAGs
[2026-06-03T09:54:52.822+0000] {logging_mixin.py:188} INFO - [2026-06-03T09:54:52.821+0000] {dag.py:3954} INFO - Setting next_dagrun for neuralretail_drift_monitoring to 2026-06-02 08:00:00+00:00, run_after=2026-06-03 08:00:00+00:00
[2026-06-03T09:54:52.842+0000] {processor.py:183} INFO - Processing /opt/airflow/dags/dag_drift_monitoring.py took 0.246 seconds
[2026-06-03T09:55:23.008+0000] {processor.py:161} INFO - Started process (PID=495) to work on /opt/airflow/dags/dag_drift_monitoring.py
[2026-06-03T09:55:23.010+0000] {processor.py:830} INFO - Processing file /opt/airflow/dags/dag_drift_monitoring.py for tasks to queue
[2026-06-03T09:55:23.016+0000] {logging_mixin.py:188} INFO - [2026-06-03T09:55:23.015+0000] {dagbag.py:540} INFO - Filling up the DagBag from /opt/airflow/dags/dag_drift_monitoring.py
[2026-06-03T09:55:23.105+0000] {processor.py:840} INFO - DAG(s) 'neuralretail_drift_monitoring' retrieved from /opt/airflow/dags/dag_drift_monitoring.py
[2026-06-03T09:55:23.156+0000] {logging_mixin.py:188} INFO - [2026-06-03T09:55:23.156+0000] {dag.py:3096} INFO - Sync 1 DAGs
[2026-06-03T09:55:23.194+0000] {logging_mixin.py:188} INFO - [2026-06-03T09:55:23.193+0000] {dag.py:3954} INFO - Setting next_dagrun for neuralretail_drift_monitoring to 2026-06-02 08:00:00+00:00, run_after=2026-06-03 08:00:00+00:00
[2026-06-03T09:55:23.219+0000] {processor.py:183} INFO - Processing /opt/airflow/dags/dag_drift_monitoring.py took 0.225 seconds
[2026-06-03T09:55:53.903+0000] {processor.py:161} INFO - Started process (PID=515) to work on /opt/airflow/dags/dag_drift_monitoring.py
[2026-06-03T09:55:53.908+0000] {processor.py:830} INFO - Processing file /opt/airflow/dags/dag_drift_monitoring.py for tasks to queue
[2026-06-03T09:55:53.918+0000] {logging_mixin.py:188} INFO - [2026-06-03T09:55:53.916+0000] {dagbag.py:540} INFO - Filling up the DagBag from /opt/airflow/dags/dag_drift_monitoring.py
[2026-06-03T09:55:54.069+0000] {processor.py:840} INFO - DAG(s) 'neuralretail_drift_monitoring' retrieved from /opt/airflow/dags/dag_drift_monitoring.py
[2026-06-03T09:55:54.110+0000] {logging_mixin.py:188} INFO - [2026-06-03T09:55:54.110+0000] {dag.py:3096} INFO - Sync 1 DAGs
[2026-06-03T09:55:54.138+0000] {logging_mixin.py:188} INFO - [2026-06-03T09:55:54.138+0000] {dag.py:3954} INFO - Setting next_dagrun for neuralretail_drift_monitoring to 2026-06-02 08:00:00+00:00, run_after=2026-06-03 08:00:00+00:00
[2026-06-03T09:55:54.166+0000] {processor.py:183} INFO - Processing /opt/airflow/dags/dag_drift_monitoring.py took 0.277 seconds
[2026-06-03T09:56:24.756+0000] {processor.py:161} INFO - Started process (PID=535) to work on /opt/airflow/dags/dag_drift_monitoring.py
[2026-06-03T09:56:24.760+0000] {processor.py:830} INFO - Processing file /opt/airflow/dags/dag_drift_monitoring.py for tasks to queue
[2026-06-03T09:56:24.770+0000] {logging_mixin.py:188} INFO - [2026-06-03T09:56:24.769+0000] {dagbag.py:540} INFO - Filling up the DagBag from /opt/airflow/dags/dag_drift_monitoring.py
[2026-06-03T09:56:24.868+0000] {processor.py:840} INFO - DAG(s) 'neuralretail_drift_monitoring' retrieved from /opt/airflow/dags/dag_drift_monitoring.py
[2026-06-03T09:56:24.913+0000] {logging_mixin.py:188} INFO - [2026-06-03T09:56:24.912+0000] {dag.py:3096} INFO - Sync 1 DAGs
[2026-06-03T09:56:24.934+0000] {logging_mixin.py:188} INFO - [2026-06-03T09:56:24.934+0000] {dag.py:3954} INFO - Setting next_dagrun for neuralretail_drift_monitoring to 2026-06-02 08:00:00+00:00, run_after=2026-06-03 08:00:00+00:00
[2026-06-03T09:56:24.959+0000] {processor.py:183} INFO - Processing /opt/airflow/dags/dag_drift_monitoring.py took 0.224 seconds
[2026-06-03T09:56:55.370+0000] {processor.py:161} INFO - Started process (PID=555) to work on /opt/airflow/dags/dag_drift_monitoring.py
[2026-06-03T09:56:55.372+0000] {processor.py:830} INFO - Processing file /opt/airflow/dags/dag_drift_monitoring.py for tasks to queue
[2026-06-03T09:56:55.376+0000] {logging_mixin.py:188} INFO - [2026-06-03T09:56:55.375+0000] {dagbag.py:540} INFO - Filling up the DagBag from /opt/airflow/dags/dag_drift_monitoring.py
[2026-06-03T09:56:55.480+0000] {processor.py:840} INFO - DAG(s) 'neuralretail_drift_monitoring' retrieved from /opt/airflow/dags/dag_drift_monitoring.py
[2026-06-03T09:56:55.503+0000] {logging_mixin.py:188} INFO - [2026-06-03T09:56:55.503+0000] {dag.py:3096} INFO - Sync 1 DAGs
[2026-06-03T09:56:55.525+0000] {logging_mixin.py:188} INFO - [2026-06-03T09:56:55.524+0000] {dag.py:3954} INFO - Setting next_dagrun for neuralretail_drift_monitoring to 2026-06-02 08:00:00+00:00, run_after=2026-06-03 08:00:00+00:00
[2026-06-03T09:56:55.548+0000] {processor.py:183} INFO - Processing /opt/airflow/dags/dag_drift_monitoring.py took 0.183 seconds
[2026-06-03T09:57:26.321+0000] {processor.py:161} INFO - Started process (PID=575) to work on /opt/airflow/dags/dag_drift_monitoring.py
[2026-06-03T09:57:26.326+0000] {processor.py:830} INFO - Processing file /opt/airflow/dags/dag_drift_monitoring.py for tasks to queue
[2026-06-03T09:57:26.336+0000] {logging_mixin.py:188} INFO - [2026-06-03T09:57:26.335+0000] {dagbag.py:540} INFO - Filling up the DagBag from /opt/airflow/dags/dag_drift_monitoring.py
[2026-06-03T09:57:26.404+0000] {processor.py:840} INFO - DAG(s) 'neuralretail_drift_monitoring' retrieved from /opt/airflow/dags/dag_drift_monitoring.py
[2026-06-03T09:57:26.429+0000] {logging_mixin.py:188} INFO - [2026-06-03T09:57:26.428+0000] {dag.py:3096} INFO - Sync 1 DAGs
[2026-06-03T09:57:26.452+0000] {logging_mixin.py:188} INFO - [2026-06-03T09:57:26.451+0000] {dag.py:3954} INFO - Setting next_dagrun for neuralretail_drift_monitoring to 2026-06-02 08:00:00+00:00, run_after=2026-06-03 08:00:00+00:00
[2026-06-03T09:57:26.476+0000] {processor.py:183} INFO - Processing /opt/airflow/dags/dag_drift_monitoring.py took 0.168 seconds
[2026-06-03T09:57:57.428+0000] {processor.py:161} INFO - Started process (PID=595) to work on /opt/airflow/dags/dag_drift_monitoring.py
[2026-06-03T09:57:57.430+0000] {processor.py:830} INFO - Processing file /opt/airflow/dags/dag_drift_monitoring.py for tasks to queue
[2026-06-03T09:57:57.437+0000] {logging_mixin.py:188} INFO - [2026-06-03T09:57:57.436+0000] {dagbag.py:540} INFO - Filling up the DagBag from /opt/airflow/dags/dag_drift_monitoring.py
[2026-06-03T09:57:57.505+0000] {processor.py:840} INFO - DAG(s) 'neuralretail_drift_monitoring' retrieved from /opt/airflow/dags/dag_drift_monitoring.py
[2026-06-03T09:57:57.534+0000] {logging_mixin.py:188} INFO - [2026-06-03T09:57:57.533+0000] {dag.py:3096} INFO - Sync 1 DAGs
[2026-06-03T09:57:57.584+0000] {logging_mixin.py:188} INFO - [2026-06-03T09:57:57.584+0000] {dag.py:3954} INFO - Setting next_dagrun for neuralretail_drift_monitoring to 2026-06-02 08:00:00+00:00, run_after=2026-06-03 08:00:00+00:00
[2026-06-03T09:57:57.605+0000] {processor.py:183} INFO - Processing /opt/airflow/dags/dag_drift_monitoring.py took 0.189 seconds
[2026-06-03T09:58:28.570+0000] {processor.py:161} INFO - Started process (PID=615) to work on /opt/airflow/dags/dag_drift_monitoring.py
[2026-06-03T09:58:28.571+0000] {processor.py:830} INFO - Processing file /opt/airflow/dags/dag_drift_monitoring.py for tasks to queue
[2026-06-03T09:58:28.575+0000] {logging_mixin.py:188} INFO - [2026-06-03T09:58:28.574+0000] {dagbag.py:540} INFO - Filling up the DagBag from /opt/airflow/dags/dag_drift_monitoring.py
[2026-06-03T09:58:28.670+0000] {processor.py:840} INFO - DAG(s) 'neuralretail_drift_monitoring' retrieved from /opt/airflow/dags/dag_drift_monitoring.py
[2026-06-03T09:58:28.694+0000] {logging_mixin.py:188} INFO - [2026-06-03T09:58:28.694+0000] {dag.py:3096} INFO - Sync 1 DAGs
[2026-06-03T09:58:28.721+0000] {logging_mixin.py:188} INFO - [2026-06-03T09:58:28.721+0000] {dag.py:3954} INFO - Setting next_dagrun for neuralretail_drift_monitoring to 2026-06-02 08:00:00+00:00, run_after=2026-06-03 08:00:00+00:00
[2026-06-03T09:58:28.746+0000] {processor.py:183} INFO - Processing /opt/airflow/dags/dag_drift_monitoring.py took 0.183 seconds
[2026-06-03T09:58:59.094+0000] {processor.py:161} INFO - Started process (PID=635) to work on /opt/airflow/dags/dag_drift_monitoring.py
[2026-06-03T09:58:59.096+0000] {processor.py:830} INFO - Processing file /opt/airflow/dags/dag_drift_monitoring.py for tasks to queue
[2026-06-03T09:58:59.100+0000] {logging_mixin.py:188} INFO - [2026-06-03T09:58:59.099+0000] {dagbag.py:540} INFO - Filling up the DagBag from /opt/airflow/dags/dag_drift_monitoring.py
[2026-06-03T09:58:59.243+0000] {processor.py:840} INFO - DAG(s) 'neuralretail_drift_monitoring' retrieved from /opt/airflow/dags/dag_drift_monitoring.py
[2026-06-03T09:58:59.271+0000] {logging_mixin.py:188} INFO - [2026-06-03T09:58:59.271+0000] {dag.py:3096} INFO - Sync 1 DAGs
[2026-06-03T09:58:59.294+0000] {logging_mixin.py:188} INFO - [2026-06-03T09:58:59.294+0000] {dag.py:3954} INFO - Setting next_dagrun for neuralretail_drift_monitoring to 2026-06-02 08:00:00+00:00, run_after=2026-06-03 08:00:00+00:00
[2026-06-03T09:58:59.313+0000] {processor.py:183} INFO - Processing /opt/airflow/dags/dag_drift_monitoring.py took 0.226 seconds
[2026-06-03T09:59:29.544+0000] {processor.py:161} INFO - Started process (PID=655) to work on /opt/airflow/dags/dag_drift_monitoring.py
[2026-06-03T09:59:29.546+0000] {processor.py:830} INFO - Processing file /opt/airflow/dags/dag_drift_monitoring.py for tasks to queue
[2026-06-03T09:59:29.550+0000] {logging_mixin.py:188} INFO - [2026-06-03T09:59:29.549+0000] {dagbag.py:540} INFO - Filling up the DagBag from /opt/airflow/dags/dag_drift_monitoring.py
[2026-06-03T09:59:29.704+0000] {processor.py:840} INFO - DAG(s) 'neuralretail_drift_monitoring' retrieved from /opt/airflow/dags/dag_drift_monitoring.py
[2026-06-03T09:59:29.744+0000] {logging_mixin.py:188} INFO - [2026-06-03T09:59:29.743+0000] {dag.py:3096} INFO - Sync 1 DAGs
[2026-06-03T09:59:29.793+0000] {logging_mixin.py:188} INFO - [2026-06-03T09:59:29.792+0000] {dag.py:3954} INFO - Setting next_dagrun for neuralretail_drift_monitoring to 2026-06-02 08:00:00+00:00, run_after=2026-06-03 08:00:00+00:00
[2026-06-03T09:59:29.833+0000] {processor.py:183} INFO - Processing /opt/airflow/dags/dag_drift_monitoring.py took 0.306 seconds
[2026-06-03T10:00:00.413+0000] {processor.py:161} INFO - Started process (PID=675) to work on /opt/airflow/dags/dag_drift_monitoring.py
[2026-06-03T10:00:00.415+0000] {processor.py:830} INFO - Processing file /opt/airflow/dags/dag_drift_monitoring.py for tasks to queue
[2026-06-03T10:00:00.428+0000] {logging_mixin.py:188} INFO - [2026-06-03T10:00:00.427+0000] {dagbag.py:540} INFO - Filling up the DagBag from /opt/airflow/dags/dag_drift_monitoring.py
[2026-06-03T10:00:00.506+0000] {processor.py:840} INFO - DAG(s) 'neuralretail_drift_monitoring' retrieved from /opt/airflow/dags/dag_drift_monitoring.py
[2026-06-03T10:00:00.553+0000] {logging_mixin.py:188} INFO - [2026-06-03T10:00:00.552+0000] {dag.py:3096} INFO - Sync 1 DAGs
[2026-06-03T10:00:00.600+0000] {logging_mixin.py:188} INFO - [2026-06-03T10:00:00.599+0000] {dag.py:3954} INFO - Setting next_dagrun for neuralretail_drift_monitoring to 2026-06-02 08:00:00+00:00, run_after=2026-06-03 08:00:00+00:00
[2026-06-03T10:00:00.642+0000] {processor.py:183} INFO - Processing /opt/airflow/dags/dag_drift_monitoring.py took 0.244 seconds
[2026-06-03T10:00:30.872+0000] {processor.py:161} INFO - Started process (PID=695) to work on /opt/airflow/dags/dag_drift_monitoring.py
[2026-06-03T10:00:30.876+0000] {processor.py:830} INFO - Processing file /opt/airflow/dags/dag_drift_monitoring.py for tasks to queue
[2026-06-03T10:00:30.882+0000] {logging_mixin.py:188} INFO - [2026-06-03T10:00:30.881+0000] {dagbag.py:540} INFO - Filling up the DagBag from /opt/airflow/dags/dag_drift_monitoring.py
[2026-06-03T10:00:31.017+0000] {processor.py:840} INFO - DAG(s) 'neuralretail_drift_monitoring' retrieved from /opt/airflow/dags/dag_drift_monitoring.py
[2026-06-03T10:00:31.067+0000] {logging_mixin.py:188} INFO - [2026-06-03T10:00:31.067+0000] {dag.py:3096} INFO - Sync 1 DAGs
[2026-06-03T10:00:31.097+0000] {logging_mixin.py:188} INFO - [2026-06-03T10:00:31.096+0000] {dag.py:3954} INFO - Setting next_dagrun for neuralretail_drift_monitoring to 2026-06-02 08:00:00+00:00, run_after=2026-06-03 08:00:00+00:00
[2026-06-03T10:00:31.127+0000] {processor.py:183} INFO - Processing /opt/airflow/dags/dag_drift_monitoring.py took 0.270 seconds
[2026-06-03T10:01:01.466+0000] {processor.py:161} INFO - Started process (PID=715) to work on /opt/airflow/dags/dag_drift_monitoring.py
[2026-06-03T10:01:01.468+0000] {processor.py:830} INFO - Processing file /opt/airflow/dags/dag_drift_monitoring.py for tasks to queue
[2026-06-03T10:01:01.470+0000] {logging_mixin.py:188} INFO - [2026-06-03T10:01:01.470+0000] {dagbag.py:540} INFO - Filling up the DagBag from /opt/airflow/dags/dag_drift_monitoring.py
[2026-06-03T10:01:01.538+0000] {processor.py:840} INFO - DAG(s) 'neuralretail_drift_monitoring' retrieved from /opt/airflow/dags/dag_drift_monitoring.py
[2026-06-03T10:01:01.583+0000] {logging_mixin.py:188} INFO - [2026-06-03T10:01:01.583+0000] {dag.py:3096} INFO - Sync 1 DAGs
[2026-06-03T10:01:01.631+0000] {logging_mixin.py:188} INFO - [2026-06-03T10:01:01.631+0000] {dag.py:3954} INFO - Setting next_dagrun for neuralretail_drift_monitoring to 2026-06-02 08:00:00+00:00, run_after=2026-06-03 08:00:00+00:00
[2026-06-03T10:01:01.663+0000] {processor.py:183} INFO - Processing /opt/airflow/dags/dag_drift_monitoring.py took 0.213 seconds
[2026-06-03T10:01:32.179+0000] {processor.py:161} INFO - Started process (PID=735) to work on /opt/airflow/dags/dag_drift_monitoring.py
[2026-06-03T10:01:32.180+0000] {processor.py:830} INFO - Processing file /opt/airflow/dags/dag_drift_monitoring.py for tasks to queue
[2026-06-03T10:01:32.182+0000] {logging_mixin.py:188} INFO - [2026-06-03T10:01:32.182+0000] {dagbag.py:540} INFO - Filling up the DagBag from /opt/airflow/dags/dag_drift_monitoring.py
[2026-06-03T10:01:32.227+0000] {processor.py:840} INFO - DAG(s) 'neuralretail_drift_monitoring' retrieved from /opt/airflow/dags/dag_drift_monitoring.py
[2026-06-03T10:01:32.252+0000] {logging_mixin.py:188} INFO - [2026-06-03T10:01:32.252+0000] {dag.py:3096} INFO - Sync 1 DAGs
[2026-06-03T10:01:32.271+0000] {logging_mixin.py:188} INFO - [2026-06-03T10:01:32.271+0000] {dag.py:3954} INFO - Setting next_dagrun for neuralretail_drift_monitoring to 2026-06-02 08:00:00+00:00, run_after=2026-06-03 08:00:00+00:00
[2026-06-03T10:01:32.289+0000] {processor.py:183} INFO - Processing /opt/airflow/dags/dag_drift_monitoring.py took 0.114 seconds
[2026-06-03T10:02:02.768+0000] {processor.py:161} INFO - Started process (PID=755) to work on /opt/airflow/dags/dag_drift_monitoring.py
[2026-06-03T10:02:02.770+0000] {processor.py:830} INFO - Processing file /opt/airflow/dags/dag_drift_monitoring.py for tasks to queue
[2026-06-03T10:02:02.777+0000] {logging_mixin.py:188} INFO - [2026-06-03T10:02:02.776+0000] {dagbag.py:540} INFO - Filling up the DagBag from /opt/airflow/dags/dag_drift_monitoring.py
[2026-06-03T10:02:02.871+0000] {processor.py:840} INFO - DAG(s) 'neuralretail_drift_monitoring' retrieved from /opt/airflow/dags/dag_drift_monitoring.py
[2026-06-03T10:02:02.912+0000] {logging_mixin.py:188} INFO - [2026-06-03T10:02:02.912+0000] {dag.py:3096} INFO - Sync 1 DAGs
[2026-06-03T10:02:02.945+0000] {logging_mixin.py:188} INFO - [2026-06-03T10:02:02.944+0000] {dag.py:3954} INFO - Setting next_dagrun for neuralretail_drift_monitoring to 2026-06-02 08:00:00+00:00, run_after=2026-06-03 08:00:00+00:00
[2026-06-03T10:02:02.973+0000] {processor.py:183} INFO - Processing /opt/airflow/dags/dag_drift_monitoring.py took 0.218 seconds
[2026-06-03T10:02:33.627+0000] {processor.py:161} INFO - Started process (PID=775) to work on /opt/airflow/dags/dag_drift_monitoring.py
[2026-06-03T10:02:33.631+0000] {processor.py:830} INFO - Processing file /opt/airflow/dags/dag_drift_monitoring.py for tasks to queue
[2026-06-03T10:02:33.638+0000] {logging_mixin.py:188} INFO - [2026-06-03T10:02:33.637+0000] {dagbag.py:540} INFO - Filling up the DagBag from /opt/airflow/dags/dag_drift_monitoring.py
[2026-06-03T10:02:33.725+0000] {processor.py:840} INFO - DAG(s) 'neuralretail_drift_monitoring' retrieved from /opt/airflow/dags/dag_drift_monitoring.py
[2026-06-03T10:02:33.768+0000] {logging_mixin.py:188} INFO - [2026-06-03T10:02:33.768+0000] {dag.py:3096} INFO - Sync 1 DAGs
[2026-06-03T10:02:33.803+0000] {logging_mixin.py:188} INFO - [2026-06-03T10:02:33.803+0000] {dag.py:3954} INFO - Setting next_dagrun for neuralretail_drift_monitoring to 2026-06-02 08:00:00+00:00, run_after=2026-06-03 08:00:00+00:00
[2026-06-03T10:02:33.852+0000] {processor.py:183} INFO - Processing /opt/airflow/dags/dag_drift_monitoring.py took 0.244 seconds
[2026-06-03T10:03:04.084+0000] {processor.py:161} INFO - Started process (PID=795) to work on /opt/airflow/dags/dag_drift_monitoring.py
[2026-06-03T10:03:04.088+0000] {processor.py:830} INFO - Processing file /opt/airflow/dags/dag_drift_monitoring.py for tasks to queue
[2026-06-03T10:03:04.097+0000] {logging_mixin.py:188} INFO - [2026-06-03T10:03:04.096+0000] {dagbag.py:540} INFO - Filling up the DagBag from /opt/airflow/dags/dag_drift_monitoring.py
[2026-06-03T10:03:04.192+0000] {processor.py:840} INFO - DAG(s) 'neuralretail_drift_monitoring' retrieved from /opt/airflow/dags/dag_drift_monitoring.py
[2026-06-03T10:03:04.250+0000] {logging_mixin.py:188} INFO - [2026-06-03T10:03:04.249+0000] {dag.py:3096} INFO - Sync 1 DAGs
[2026-06-03T10:03:04.297+0000] {logging_mixin.py:188} INFO - [2026-06-03T10:03:04.296+0000] {dag.py:3954} INFO - Setting next_dagrun for neuralretail_drift_monitoring to 2026-06-02 08:00:00+00:00, run_after=2026-06-03 08:00:00+00:00
[2026-06-03T10:03:04.352+0000] {processor.py:183} INFO - Processing /opt/airflow/dags/dag_drift_monitoring.py took 0.276 seconds
[2026-06-03T10:03:34.620+0000] {processor.py:161} INFO - Started process (PID=815) to work on /opt/airflow/dags/dag_drift_monitoring.py
[2026-06-03T10:03:34.622+0000] {processor.py:830} INFO - Processing file /opt/airflow/dags/dag_drift_monitoring.py for tasks to queue
[2026-06-03T10:03:34.625+0000] {logging_mixin.py:188} INFO - [2026-06-03T10:03:34.624+0000] {dagbag.py:540} INFO - Filling up the DagBag from /opt/airflow/dags/dag_drift_monitoring.py
[2026-06-03T10:03:34.669+0000] {processor.py:840} INFO - DAG(s) 'neuralretail_drift_monitoring' retrieved from /opt/airflow/dags/dag_drift_monitoring.py
[2026-06-03T10:03:34.692+0000] {logging_mixin.py:188} INFO - [2026-06-03T10:03:34.692+0000] {dag.py:3096} INFO - Sync 1 DAGs
[2026-06-03T10:03:34.714+0000] {logging_mixin.py:188} INFO - [2026-06-03T10:03:34.714+0000] {dag.py:3954} INFO - Setting next_dagrun for neuralretail_drift_monitoring to 2026-06-02 08:00:00+00:00, run_after=2026-06-03 08:00:00+00:00
[2026-06-03T10:03:34.733+0000] {processor.py:183} INFO - Processing /opt/airflow/dags/dag_drift_monitoring.py took 0.120 seconds
[2026-06-03T10:04:04.825+0000] {processor.py:161} INFO - Started process (PID=835) to work on /opt/airflow/dags/dag_drift_monitoring.py
[2026-06-03T10:04:04.827+0000] {processor.py:830} INFO - Processing file /opt/airflow/dags/dag_drift_monitoring.py for tasks to queue
[2026-06-03T10:04:04.830+0000] {logging_mixin.py:188} INFO - [2026-06-03T10:04:04.829+0000] {dagbag.py:540} INFO - Filling up the DagBag from /opt/airflow/dags/dag_drift_monitoring.py
[2026-06-03T10:04:04.949+0000] {processor.py:840} INFO - DAG(s) 'neuralretail_drift_monitoring' retrieved from /opt/airflow/dags/dag_drift_monitoring.py
[2026-06-03T10:04:05.001+0000] {logging_mixin.py:188} INFO - [2026-06-03T10:04:05.000+0000] {dag.py:3096} INFO - Sync 1 DAGs
[2026-06-03T10:04:05.056+0000] {logging_mixin.py:188} INFO - [2026-06-03T10:04:05.056+0000] {dag.py:3954} INFO - Setting next_dagrun for neuralretail_drift_monitoring to 2026-06-02 08:00:00+00:00, run_after=2026-06-03 08:00:00+00:00
[2026-06-03T10:04:05.092+0000] {processor.py:183} INFO - Processing /opt/airflow/dags/dag_drift_monitoring.py took 0.272 seconds
[2026-06-03T10:04:35.376+0000] {processor.py:161} INFO - Started process (PID=855) to work on /opt/airflow/dags/dag_drift_monitoring.py
[2026-06-03T10:04:35.384+0000] {processor.py:830} INFO - Processing file /opt/airflow/dags/dag_drift_monitoring.py for tasks to queue
[2026-06-03T10:04:35.387+0000] {logging_mixin.py:188} INFO - [2026-06-03T10:04:35.387+0000] {dagbag.py:540} INFO - Filling up the DagBag from /opt/airflow/dags/dag_drift_monitoring.py
[2026-06-03T10:04:35.465+0000] {processor.py:840} INFO - DAG(s) 'neuralretail_drift_monitoring' retrieved from /opt/airflow/dags/dag_drift_monitoring.py
[2026-06-03T10:04:35.498+0000] {logging_mixin.py:188} INFO - [2026-06-03T10:04:35.497+0000] {dag.py:3096} INFO - Sync 1 DAGs
[2026-06-03T10:04:35.525+0000] {logging_mixin.py:188} INFO - [2026-06-03T10:04:35.524+0000] {dag.py:3954} INFO - Setting next_dagrun for neuralretail_drift_monitoring to 2026-06-02 08:00:00+00:00, run_after=2026-06-03 08:00:00+00:00
[2026-06-03T10:04:35.561+0000] {processor.py:183} INFO - Processing /opt/airflow/dags/dag_drift_monitoring.py took 0.192 seconds
[2026-06-03T10:05:06.192+0000] {processor.py:161} INFO - Started process (PID=875) to work on /opt/airflow/dags/dag_drift_monitoring.py
[2026-06-03T10:05:06.193+0000] {processor.py:830} INFO - Processing file /opt/airflow/dags/dag_drift_monitoring.py for tasks to queue
[2026-06-03T10:05:06.197+0000] {logging_mixin.py:188} INFO - [2026-06-03T10:05:06.196+0000] {dagbag.py:540} INFO - Filling up the DagBag from /opt/airflow/dags/dag_drift_monitoring.py
[2026-06-03T10:05:06.244+0000] {processor.py:840} INFO - DAG(s) 'neuralretail_drift_monitoring' retrieved from /opt/airflow/dags/dag_drift_monitoring.py
[2026-06-03T10:05:06.274+0000] {logging_mixin.py:188} INFO - [2026-06-03T10:05:06.274+0000] {dag.py:3096} INFO - Sync 1 DAGs
[2026-06-03T10:05:06.307+0000] {logging_mixin.py:188} INFO - [2026-06-03T10:05:06.307+0000] {dag.py:3954} INFO - Setting next_dagrun for neuralretail_drift_monitoring to 2026-06-02 08:00:00+00:00, run_after=2026-06-03 08:00:00+00:00
[2026-06-03T10:05:06.328+0000] {processor.py:183} INFO - Processing /opt/airflow/dags/dag_drift_monitoring.py took 0.142 seconds
[2026-06-03T10:05:37.891+0000] {processor.py:161} INFO - Started process (PID=895) to work on /opt/airflow/dags/dag_drift_monitoring.py
[2026-06-03T10:05:37.904+0000] {processor.py:830} INFO - Processing file /opt/airflow/dags/dag_drift_monitoring.py for tasks to queue
[2026-06-03T10:05:37.913+0000] {logging_mixin.py:188} INFO - [2026-06-03T10:05:37.913+0000] {dagbag.py:540} INFO - Filling up the DagBag from /opt/airflow/dags/dag_drift_monitoring.py
[2026-06-03T10:05:38.490+0000] {processor.py:840} INFO - DAG(s) 'neuralretail_drift_monitoring' retrieved from /opt/airflow/dags/dag_drift_monitoring.py
[2026-06-03T10:05:38.535+0000] {logging_mixin.py:188} INFO - [2026-06-03T10:05:38.535+0000] {dag.py:3096} INFO - Sync 1 DAGs
[2026-06-03T10:05:38.580+0000] {logging_mixin.py:188} INFO - [2026-06-03T10:05:38.580+0000] {dag.py:3954} INFO - Setting next_dagrun for neuralretail_drift_monitoring to 2026-06-02 08:00:00+00:00, run_after=2026-06-03 08:00:00+00:00
[2026-06-03T10:05:38.653+0000] {processor.py:183} INFO - Processing /opt/airflow/dags/dag_drift_monitoring.py took 0.769 seconds
[2026-06-03T10:06:09.769+0000] {processor.py:161} INFO - Started process (PID=915) to work on /opt/airflow/dags/dag_drift_monitoring.py
[2026-06-03T10:06:09.777+0000] {processor.py:830} INFO - Processing file /opt/airflow/dags/dag_drift_monitoring.py for tasks to queue
[2026-06-03T10:06:09.784+0000] {logging_mixin.py:188} INFO - [2026-06-03T10:06:09.783+0000] {dagbag.py:540} INFO - Filling up the DagBag from /opt/airflow/dags/dag_drift_monitoring.py
[2026-06-03T10:06:09.889+0000] {processor.py:840} INFO - DAG(s) 'neuralretail_drift_monitoring' retrieved from /opt/airflow/dags/dag_drift_monitoring.py
[2026-06-03T10:06:09.919+0000] {logging_mixin.py:188} INFO - [2026-06-03T10:06:09.918+0000] {dag.py:3096} INFO - Sync 1 DAGs
[2026-06-03T10:06:10.071+0000] {logging_mixin.py:188} INFO - [2026-06-03T10:06:10.071+0000] {dag.py:3954} INFO - Setting next_dagrun for neuralretail_drift_monitoring to 2026-06-02 08:00:00+00:00, run_after=2026-06-03 08:00:00+00:00
[2026-06-03T10:06:10.122+0000] {processor.py:183} INFO - Processing /opt/airflow/dags/dag_drift_monitoring.py took 0.367 seconds
[2026-06-03T10:06:40.963+0000] {processor.py:161} INFO - Started process (PID=935) to work on /opt/airflow/dags/dag_drift_monitoring.py
[2026-06-03T10:06:40.968+0000] {processor.py:830} INFO - Processing file /opt/airflow/dags/dag_drift_monitoring.py for tasks to queue
[2026-06-03T10:06:40.976+0000] {logging_mixin.py:188} INFO - [2026-06-03T10:06:40.975+0000] {dagbag.py:540} INFO - Filling up the DagBag from /opt/airflow/dags/dag_drift_monitoring.py
[2026-06-03T10:06:41.065+0000] {processor.py:840} INFO - DAG(s) 'neuralretail_drift_monitoring' retrieved from /opt/airflow/dags/dag_drift_monitoring.py
[2026-06-03T10:06:41.098+0000] {logging_mixin.py:188} INFO - [2026-06-03T10:06:41.097+0000] {dag.py:3096} INFO - Sync 1 DAGs
[2026-06-03T10:06:41.126+0000] {logging_mixin.py:188} INFO - [2026-06-03T10:06:41.126+0000] {dag.py:3954} INFO - Setting next_dagrun for neuralretail_drift_monitoring to 2026-06-02 08:00:00+00:00, run_after=2026-06-03 08:00:00+00:00
[2026-06-03T10:06:41.148+0000] {processor.py:183} INFO - Processing /opt/airflow/dags/dag_drift_monitoring.py took 0.200 seconds
[2026-06-03T10:07:11.719+0000] {processor.py:161} INFO - Started process (PID=955) to work on /opt/airflow/dags/dag_drift_monitoring.py
[2026-06-03T10:07:11.721+0000] {processor.py:830} INFO - Processing file /opt/airflow/dags/dag_drift_monitoring.py for tasks to queue
[2026-06-03T10:07:11.726+0000] {logging_mixin.py:188} INFO - [2026-06-03T10:07:11.725+0000] {dagbag.py:540} INFO - Filling up the DagBag from /opt/airflow/dags/dag_drift_monitoring.py
[2026-06-03T10:07:11.819+0000] {processor.py:840} INFO - DAG(s) 'neuralretail_drift_monitoring' retrieved from /opt/airflow/dags/dag_drift_monitoring.py
[2026-06-03T10:07:11.863+0000] {logging_mixin.py:188} INFO - [2026-06-03T10:07:11.862+0000] {dag.py:3096} INFO - Sync 1 DAGs
[2026-06-03T10:07:11.899+0000] {logging_mixin.py:188} INFO - [2026-06-03T10:07:11.899+0000] {dag.py:3954} INFO - Setting next_dagrun for neuralretail_drift_monitoring to 2026-06-02 08:00:00+00:00, run_after=2026-06-03 08:00:00+00:00
[2026-06-03T10:07:12.072+0000] {processor.py:183} INFO - Processing /opt/airflow/dags/dag_drift_monitoring.py took 0.364 seconds
[2026-06-03T10:07:42.532+0000] {processor.py:161} INFO - Started process (PID=975) to work on /opt/airflow/dags/dag_drift_monitoring.py
[2026-06-03T10:07:42.533+0000] {processor.py:830} INFO - Processing file /opt/airflow/dags/dag_drift_monitoring.py for tasks to queue
[2026-06-03T10:07:42.534+0000] {logging_mixin.py:188} INFO - [2026-06-03T10:07:42.534+0000] {dagbag.py:540} INFO - Filling up the DagBag from /opt/airflow/dags/dag_drift_monitoring.py
[2026-06-03T10:07:42.579+0000] {processor.py:840} INFO - DAG(s) 'neuralretail_drift_monitoring' retrieved from /opt/airflow/dags/dag_drift_monitoring.py
[2026-06-03T10:07:42.604+0000] {logging_mixin.py:188} INFO - [2026-06-03T10:07:42.604+0000] {dag.py:3096} INFO - Sync 1 DAGs
[2026-06-03T10:07:42.624+0000] {logging_mixin.py:188} INFO - [2026-06-03T10:07:42.624+0000] {dag.py:3954} INFO - Setting next_dagrun for neuralretail_drift_monitoring to 2026-06-02 08:00:00+00:00, run_after=2026-06-03 08:00:00+00:00
[2026-06-03T10:07:42.646+0000] {processor.py:183} INFO - Processing /opt/airflow/dags/dag_drift_monitoring.py took 0.119 seconds
[2026-06-03T10:08:12.912+0000] {processor.py:161} INFO - Started process (PID=992) to work on /opt/airflow/dags/dag_drift_monitoring.py
[2026-06-03T10:08:12.917+0000] {processor.py:830} INFO - Processing file /opt/airflow/dags/dag_drift_monitoring.py for tasks to queue
[2026-06-03T10:08:12.921+0000] {logging_mixin.py:188} INFO - [2026-06-03T10:08:12.920+0000] {dagbag.py:540} INFO - Filling up the DagBag from /opt/airflow/dags/dag_drift_monitoring.py
[2026-06-03T10:08:13.018+0000] {processor.py:840} INFO - DAG(s) 'neuralretail_drift_monitoring' retrieved from /opt/airflow/dags/dag_drift_monitoring.py
[2026-06-03T10:08:13.046+0000] {logging_mixin.py:188} INFO - [2026-06-03T10:08:13.045+0000] {dag.py:3096} INFO - Sync 1 DAGs
[2026-06-03T10:08:13.066+0000] {logging_mixin.py:188} INFO - [2026-06-03T10:08:13.066+0000] {dag.py:3954} INFO - Setting next_dagrun for neuralretail_drift_monitoring to 2026-06-02 08:00:00+00:00, run_after=2026-06-03 08:00:00+00:00
[2026-06-03T10:08:13.113+0000] {processor.py:183} INFO - Processing /opt/airflow/dags/dag_drift_monitoring.py took 0.218 seconds
[2026-06-03T10:08:43.783+0000] {processor.py:161} INFO - Started process (PID=1015) to work on /opt/airflow/dags/dag_drift_monitoring.py
[2026-06-03T10:08:43.787+0000] {processor.py:830} INFO - Processing file /opt/airflow/dags/dag_drift_monitoring.py for tasks to queue
[2026-06-03T10:08:43.794+0000] {logging_mixin.py:188} INFO - [2026-06-03T10:08:43.792+0000] {dagbag.py:540} INFO - Filling up the DagBag from /opt/airflow/dags/dag_drift_monitoring.py
[2026-06-03T10:08:43.871+0000] {processor.py:840} INFO - DAG(s) 'neuralretail_drift_monitoring' retrieved from /opt/airflow/dags/dag_drift_monitoring.py
[2026-06-03T10:08:43.901+0000] {logging_mixin.py:188} INFO - [2026-06-03T10:08:43.900+0000] {dag.py:3096} INFO - Sync 1 DAGs
[2026-06-03T10:08:44.108+0000] {logging_mixin.py:188} INFO - [2026-06-03T10:08:44.108+0000] {dag.py:3954} INFO - Setting next_dagrun for neuralretail_drift_monitoring to 2026-06-02 08:00:00+00:00, run_after=2026-06-03 08:00:00+00:00
[2026-06-03T10:08:44.133+0000] {processor.py:183} INFO - Processing /opt/airflow/dags/dag_drift_monitoring.py took 0.364 seconds
[2026-06-03T10:09:14.856+0000] {processor.py:161} INFO - Started process (PID=1035) to work on /opt/airflow/dags/dag_drift_monitoring.py
[2026-06-03T10:09:14.858+0000] {processor.py:830} INFO - Processing file /opt/airflow/dags/dag_drift_monitoring.py for tasks to queue
[2026-06-03T10:09:14.862+0000] {logging_mixin.py:188} INFO - [2026-06-03T10:09:14.861+0000] {dagbag.py:540} INFO - Filling up the DagBag from /opt/airflow/dags/dag_drift_monitoring.py
[2026-06-03T10:09:14.935+0000] {processor.py:840} INFO - DAG(s) 'neuralretail_drift_monitoring' retrieved from /opt/airflow/dags/dag_drift_monitoring.py
[2026-06-03T10:09:14.977+0000] {logging_mixin.py:188} INFO - [2026-06-03T10:09:14.976+0000] {dag.py:3096} INFO - Sync 1 DAGs
[2026-06-03T10:09:15.009+0000] {logging_mixin.py:188} INFO - [2026-06-03T10:09:15.009+0000] {dag.py:3954} INFO - Setting next_dagrun for neuralretail_drift_monitoring to 2026-06-02 08:00:00+00:00, run_after=2026-06-03 08:00:00+00:00
[2026-06-03T10:09:15.026+0000] {processor.py:183} INFO - Processing /opt/airflow/dags/dag_drift_monitoring.py took 0.186 seconds
[2026-06-03T10:09:45.255+0000] {processor.py:161} INFO - Started process (PID=1055) to work on /opt/airflow/dags/dag_drift_monitoring.py
[2026-06-03T10:09:45.261+0000] {processor.py:830} INFO - Processing file /opt/airflow/dags/dag_drift_monitoring.py for tasks to queue
[2026-06-03T10:09:45.266+0000] {logging_mixin.py:188} INFO - [2026-06-03T10:09:45.265+0000] {dagbag.py:540} INFO - Filling up the DagBag from /opt/airflow/dags/dag_drift_monitoring.py
[2026-06-03T10:09:45.387+0000] {processor.py:840} INFO - DAG(s) 'neuralretail_drift_monitoring' retrieved from /opt/airflow/dags/dag_drift_monitoring.py
[2026-06-03T10:09:45.447+0000] {logging_mixin.py:188} INFO - [2026-06-03T10:09:45.446+0000] {dag.py:3096} INFO - Sync 1 DAGs
[2026-06-03T10:09:45.496+0000] {logging_mixin.py:188} INFO - [2026-06-03T10:09:45.495+0000] {dag.py:3954} INFO - Setting next_dagrun for neuralretail_drift_monitoring to 2026-06-02 08:00:00+00:00, run_after=2026-06-03 08:00:00+00:00
[2026-06-03T10:09:45.549+0000] {processor.py:183} INFO - Processing /opt/airflow/dags/dag_drift_monitoring.py took 0.309 seconds
[2026-06-03T10:10:15.940+0000] {processor.py:161} INFO - Started process (PID=1075) to work on /opt/airflow/dags/dag_drift_monitoring.py
[2026-06-03T10:10:15.947+0000] {processor.py:830} INFO - Processing file /opt/airflow/dags/dag_drift_monitoring.py for tasks to queue
[2026-06-03T10:10:15.950+0000] {logging_mixin.py:188} INFO - [2026-06-03T10:10:15.950+0000] {dagbag.py:540} INFO - Filling up the DagBag from /opt/airflow/dags/dag_drift_monitoring.py
[2026-06-03T10:10:16.036+0000] {processor.py:840} INFO - DAG(s) 'neuralretail_drift_monitoring' retrieved from /opt/airflow/dags/dag_drift_monitoring.py
[2026-06-03T10:10:16.073+0000] {logging_mixin.py:188} INFO - [2026-06-03T10:10:16.072+0000] {dag.py:3096} INFO - Sync 1 DAGs
[2026-06-03T10:10:16.130+0000] {logging_mixin.py:188} INFO - [2026-06-03T10:10:16.129+0000] {dag.py:3954} INFO - Setting next_dagrun for neuralretail_drift_monitoring to 2026-06-02 08:00:00+00:00, run_after=2026-06-03 08:00:00+00:00
[2026-06-03T10:10:16.190+0000] {processor.py:183} INFO - Processing /opt/airflow/dags/dag_drift_monitoring.py took 0.261 seconds
[2026-06-03T10:10:46.751+0000] {processor.py:161} INFO - Started process (PID=1095) to work on /opt/airflow/dags/dag_drift_monitoring.py
[2026-06-03T10:10:46.754+0000] {processor.py:830} INFO - Processing file /opt/airflow/dags/dag_drift_monitoring.py for tasks to queue
[2026-06-03T10:10:46.761+0000] {logging_mixin.py:188} INFO - [2026-06-03T10:10:46.760+0000] {dagbag.py:540} INFO - Filling up the DagBag from /opt/airflow/dags/dag_drift_monitoring.py
[2026-06-03T10:10:46.871+0000] {processor.py:840} INFO - DAG(s) 'neuralretail_drift_monitoring' retrieved from /opt/airflow/dags/dag_drift_monitoring.py
[2026-06-03T10:10:46.921+0000] {logging_mixin.py:188} INFO - [2026-06-03T10:10:46.920+0000] {dag.py:3096} INFO - Sync 1 DAGs
[2026-06-03T10:10:46.967+0000] {logging_mixin.py:188} INFO - [2026-06-03T10:10:46.967+0000] {dag.py:3954} INFO - Setting next_dagrun for neuralretail_drift_monitoring to 2026-06-02 08:00:00+00:00, run_after=2026-06-03 08:00:00+00:00
[2026-06-03T10:10:46.996+0000] {processor.py:183} INFO - Processing /opt/airflow/dags/dag_drift_monitoring.py took 0.258 seconds
[2026-06-03T10:11:17.588+0000] {processor.py:161} INFO - Started process (PID=1117) to work on /opt/airflow/dags/dag_drift_monitoring.py
[2026-06-03T10:11:17.590+0000] {processor.py:830} INFO - Processing file /opt/airflow/dags/dag_drift_monitoring.py for tasks to queue
[2026-06-03T10:11:17.593+0000] {logging_mixin.py:188} INFO - [2026-06-03T10:11:17.592+0000] {dagbag.py:540} INFO - Filling up the DagBag from /opt/airflow/dags/dag_drift_monitoring.py
[2026-06-03T10:11:17.685+0000] {processor.py:840} INFO - DAG(s) 'neuralretail_drift_monitoring' retrieved from /opt/airflow/dags/dag_drift_monitoring.py
[2026-06-03T10:11:17.743+0000] {logging_mixin.py:188} INFO - [2026-06-03T10:11:17.742+0000] {dag.py:3096} INFO - Sync 1 DAGs
[2026-06-03T10:11:17.802+0000] {logging_mixin.py:188} INFO - [2026-06-03T10:11:17.802+0000] {dag.py:3954} INFO - Setting next_dagrun for neuralretail_drift_monitoring to 2026-06-02 08:00:00+00:00, run_after=2026-06-03 08:00:00+00:00
[2026-06-03T10:11:17.862+0000] {processor.py:183} INFO - Processing /opt/airflow/dags/dag_drift_monitoring.py took 0.283 seconds
[2026-06-03T10:11:48.119+0000] {processor.py:161} INFO - Started process (PID=1137) to work on /opt/airflow/dags/dag_drift_monitoring.py
[2026-06-03T10:11:48.124+0000] {processor.py:830} INFO - Processing file /opt/airflow/dags/dag_drift_monitoring.py for tasks to queue
[2026-06-03T10:11:48.127+0000] {logging_mixin.py:188} INFO - [2026-06-03T10:11:48.126+0000] {dagbag.py:540} INFO - Filling up the DagBag from /opt/airflow/dags/dag_drift_monitoring.py
[2026-06-03T10:11:48.205+0000] {processor.py:840} INFO - DAG(s) 'neuralretail_drift_monitoring' retrieved from /opt/airflow/dags/dag_drift_monitoring.py
[2026-06-03T10:11:48.239+0000] {logging_mixin.py:188} INFO - [2026-06-03T10:11:48.239+0000] {dag.py:3096} INFO - Sync 1 DAGs
[2026-06-03T10:11:48.268+0000] {logging_mixin.py:188} INFO - [2026-06-03T10:11:48.268+0000] {dag.py:3954} INFO - Setting next_dagrun for neuralretail_drift_monitoring to 2026-06-02 08:00:00+00:00, run_after=2026-06-03 08:00:00+00:00
[2026-06-03T10:11:48.331+0000] {processor.py:183} INFO - Processing /opt/airflow/dags/dag_drift_monitoring.py took 0.225 seconds
[2026-06-03T10:12:18.842+0000] {processor.py:161} INFO - Started process (PID=1157) to work on /opt/airflow/dags/dag_drift_monitoring.py
[2026-06-03T10:12:18.847+0000] {processor.py:830} INFO - Processing file /opt/airflow/dags/dag_drift_monitoring.py for tasks to queue
[2026-06-03T10:12:18.853+0000] {logging_mixin.py:188} INFO - [2026-06-03T10:12:18.852+0000] {dagbag.py:540} INFO - Filling up the DagBag from /opt/airflow/dags/dag_drift_monitoring.py
[2026-06-03T10:12:19.128+0000] {processor.py:840} INFO - DAG(s) 'neuralretail_drift_monitoring' retrieved from /opt/airflow/dags/dag_drift_monitoring.py
[2026-06-03T10:12:19.177+0000] {logging_mixin.py:188} INFO - [2026-06-03T10:12:19.177+0000] {dag.py:3096} INFO - Sync 1 DAGs
[2026-06-03T10:12:19.232+0000] {logging_mixin.py:188} INFO - [2026-06-03T10:12:19.231+0000] {dag.py:3954} INFO - Setting next_dagrun for neuralretail_drift_monitoring to 2026-06-02 08:00:00+00:00, run_after=2026-06-03 08:00:00+00:00
[2026-06-03T10:12:19.293+0000] {processor.py:183} INFO - Processing /opt/airflow/dags/dag_drift_monitoring.py took 0.459 seconds
[2026-06-03T10:12:49.968+0000] {processor.py:161} INFO - Started process (PID=1177) to work on /opt/airflow/dags/dag_drift_monitoring.py
[2026-06-03T10:12:49.971+0000] {processor.py:830} INFO - Processing file /opt/airflow/dags/dag_drift_monitoring.py for tasks to queue
[2026-06-03T10:12:49.975+0000] {logging_mixin.py:188} INFO - [2026-06-03T10:12:49.974+0000] {dagbag.py:540} INFO - Filling up the DagBag from /opt/airflow/dags/dag_drift_monitoring.py
[2026-06-03T10:12:50.065+0000] {processor.py:840} INFO - DAG(s) 'neuralretail_drift_monitoring' retrieved from /opt/airflow/dags/dag_drift_monitoring.py
[2026-06-03T10:12:50.097+0000] {logging_mixin.py:188} INFO - [2026-06-03T10:12:50.097+0000] {dag.py:3096} INFO - Sync 1 DAGs
[2026-06-03T10:12:50.140+0000] {logging_mixin.py:188} INFO - [2026-06-03T10:12:50.139+0000] {dag.py:3954} INFO - Setting next_dagrun for neuralretail_drift_monitoring to 2026-06-02 08:00:00+00:00, run_after=2026-06-03 08:00:00+00:00
[2026-06-03T10:12:50.179+0000] {processor.py:183} INFO - Processing /opt/airflow/dags/dag_drift_monitoring.py took 0.230 seconds
[2026-06-03T10:13:20.618+0000] {processor.py:161} INFO - Started process (PID=1197) to work on /opt/airflow/dags/dag_drift_monitoring.py
[2026-06-03T10:13:20.620+0000] {processor.py:830} INFO - Processing file /opt/airflow/dags/dag_drift_monitoring.py for tasks to queue
[2026-06-03T10:13:20.622+0000] {logging_mixin.py:188} INFO - [2026-06-03T10:13:20.621+0000] {dagbag.py:540} INFO - Filling up the DagBag from /opt/airflow/dags/dag_drift_monitoring.py
[2026-06-03T10:13:20.657+0000] {processor.py:840} INFO - DAG(s) 'neuralretail_drift_monitoring' retrieved from /opt/airflow/dags/dag_drift_monitoring.py
[2026-06-03T10:13:20.677+0000] {logging_mixin.py:188} INFO - [2026-06-03T10:13:20.677+0000] {dag.py:3096} INFO - Sync 1 DAGs
[2026-06-03T10:13:20.694+0000] {logging_mixin.py:188} INFO - [2026-06-03T10:13:20.694+0000] {dag.py:3954} INFO - Setting next_dagrun for neuralretail_drift_monitoring to 2026-06-02 08:00:00+00:00, run_after=2026-06-03 08:00:00+00:00
[2026-06-03T10:13:20.741+0000] {processor.py:183} INFO - Processing /opt/airflow/dags/dag_drift_monitoring.py took 0.130 seconds
[2026-06-03T10:13:51.201+0000] {processor.py:161} INFO - Started process (PID=1217) to work on /opt/airflow/dags/dag_drift_monitoring.py
[2026-06-03T10:13:51.204+0000] {processor.py:830} INFO - Processing file /opt/airflow/dags/dag_drift_monitoring.py for tasks to queue
[2026-06-03T10:13:51.213+0000] {logging_mixin.py:188} INFO - [2026-06-03T10:13:51.212+0000] {dagbag.py:540} INFO - Filling up the DagBag from /opt/airflow/dags/dag_drift_monitoring.py
[2026-06-03T10:13:51.340+0000] {processor.py:840} INFO - DAG(s) 'neuralretail_drift_monitoring' retrieved from /opt/airflow/dags/dag_drift_monitoring.py
[2026-06-03T10:13:51.386+0000] {logging_mixin.py:188} INFO - [2026-06-03T10:13:51.385+0000] {dag.py:3096} INFO - Sync 1 DAGs
[2026-06-03T10:13:51.426+0000] {logging_mixin.py:188} INFO - [2026-06-03T10:13:51.425+0000] {dag.py:3954} INFO - Setting next_dagrun for neuralretail_drift_monitoring to 2026-06-02 08:00:00+00:00, run_after=2026-06-03 08:00:00+00:00
[2026-06-03T10:13:51.481+0000] {processor.py:183} INFO - Processing /opt/airflow/dags/dag_drift_monitoring.py took 0.295 seconds
[2026-06-03T10:14:21.662+0000] {processor.py:161} INFO - Started process (PID=1237) to work on /opt/airflow/dags/dag_drift_monitoring.py
[2026-06-03T10:14:21.665+0000] {processor.py:830} INFO - Processing file /opt/airflow/dags/dag_drift_monitoring.py for tasks to queue
[2026-06-03T10:14:21.670+0000] {logging_mixin.py:188} INFO - [2026-06-03T10:14:21.669+0000] {dagbag.py:540} INFO - Filling up the DagBag from /opt/airflow/dags/dag_drift_monitoring.py
[2026-06-03T10:14:21.759+0000] {processor.py:840} INFO - DAG(s) 'neuralretail_drift_monitoring' retrieved from /opt/airflow/dags/dag_drift_monitoring.py
[2026-06-03T10:14:21.783+0000] {logging_mixin.py:188} INFO - [2026-06-03T10:14:21.783+0000] {dag.py:3096} INFO - Sync 1 DAGs
[2026-06-03T10:14:21.803+0000] {logging_mixin.py:188} INFO - [2026-06-03T10:14:21.803+0000] {dag.py:3954} INFO - Setting next_dagrun for neuralretail_drift_monitoring to 2026-06-02 08:00:00+00:00, run_after=2026-06-03 08:00:00+00:00
[2026-06-03T10:14:21.823+0000] {processor.py:183} INFO - Processing /opt/airflow/dags/dag_drift_monitoring.py took 0.175 seconds
[2026-06-03T10:14:51.957+0000] {processor.py:161} INFO - Started process (PID=1255) to work on /opt/airflow/dags/dag_drift_monitoring.py
[2026-06-03T10:14:51.962+0000] {processor.py:830} INFO - Processing file /opt/airflow/dags/dag_drift_monitoring.py for tasks to queue
[2026-06-03T10:14:51.968+0000] {logging_mixin.py:188} INFO - [2026-06-03T10:14:51.968+0000] {dagbag.py:540} INFO - Filling up the DagBag from /opt/airflow/dags/dag_drift_monitoring.py
[2026-06-03T10:14:52.057+0000] {processor.py:840} INFO - DAG(s) 'neuralretail_drift_monitoring' retrieved from /opt/airflow/dags/dag_drift_monitoring.py
[2026-06-03T10:14:52.088+0000] {logging_mixin.py:188} INFO - [2026-06-03T10:14:52.087+0000] {dag.py:3096} INFO - Sync 1 DAGs
[2026-06-03T10:14:52.110+0000] {logging_mixin.py:188} INFO - [2026-06-03T10:14:52.110+0000] {dag.py:3954} INFO - Setting next_dagrun for neuralretail_drift_monitoring to 2026-06-02 08:00:00+00:00, run_after=2026-06-03 08:00:00+00:00
[2026-06-03T10:14:52.140+0000] {processor.py:183} INFO - Processing /opt/airflow/dags/dag_drift_monitoring.py took 0.188 seconds
[2026-06-03T10:15:22.490+0000] {processor.py:161} INFO - Started process (PID=1275) to work on /opt/airflow/dags/dag_drift_monitoring.py
[2026-06-03T10:15:22.498+0000] {processor.py:830} INFO - Processing file /opt/airflow/dags/dag_drift_monitoring.py for tasks to queue
[2026-06-03T10:15:22.503+0000] {logging_mixin.py:188} INFO - [2026-06-03T10:15:22.502+0000] {dagbag.py:540} INFO - Filling up the DagBag from /opt/airflow/dags/dag_drift_monitoring.py
[2026-06-03T10:15:22.589+0000] {processor.py:840} INFO - DAG(s) 'neuralretail_drift_monitoring' retrieved from /opt/airflow/dags/dag_drift_monitoring.py
[2026-06-03T10:15:22.619+0000] {logging_mixin.py:188} INFO - [2026-06-03T10:15:22.618+0000] {dag.py:3096} INFO - Sync 1 DAGs
[2026-06-03T10:15:22.663+0000] {logging_mixin.py:188} INFO - [2026-06-03T10:15:22.663+0000] {dag.py:3954} INFO - Setting next_dagrun for neuralretail_drift_monitoring to 2026-06-02 08:00:00+00:00, run_after=2026-06-03 08:00:00+00:00
[2026-06-03T10:15:22.695+0000] {processor.py:183} INFO - Processing /opt/airflow/dags/dag_drift_monitoring.py took 0.224 seconds
[2026-06-03T10:15:53.100+0000] {processor.py:161} INFO - Started process (PID=1297) to work on /opt/airflow/dags/dag_drift_monitoring.py
[2026-06-03T10:15:53.101+0000] {processor.py:830} INFO - Processing file /opt/airflow/dags/dag_drift_monitoring.py for tasks to queue
[2026-06-03T10:15:53.104+0000] {logging_mixin.py:188} INFO - [2026-06-03T10:15:53.104+0000] {dagbag.py:540} INFO - Filling up the DagBag from /opt/airflow/dags/dag_drift_monitoring.py
[2026-06-03T10:15:53.145+0000] {processor.py:840} INFO - DAG(s) 'neuralretail_drift_monitoring' retrieved from /opt/airflow/dags/dag_drift_monitoring.py
[2026-06-03T10:15:53.168+0000] {logging_mixin.py:188} INFO - [2026-06-03T10:15:53.168+0000] {dag.py:3096} INFO - Sync 1 DAGs
[2026-06-03T10:15:53.187+0000] {logging_mixin.py:188} INFO - [2026-06-03T10:15:53.187+0000] {dag.py:3954} INFO - Setting next_dagrun for neuralretail_drift_monitoring to 2026-06-02 08:00:00+00:00, run_after=2026-06-03 08:00:00+00:00
[2026-06-03T10:15:53.231+0000] {processor.py:183} INFO - Processing /opt/airflow/dags/dag_drift_monitoring.py took 0.135 seconds
[2026-06-03T10:16:23.396+0000] {processor.py:161} INFO - Started process (PID=1315) to work on /opt/airflow/dags/dag_drift_monitoring.py
[2026-06-03T10:16:23.403+0000] {processor.py:830} INFO - Processing file /opt/airflow/dags/dag_drift_monitoring.py for tasks to queue
[2026-06-03T10:16:23.411+0000] {logging_mixin.py:188} INFO - [2026-06-03T10:16:23.411+0000] {dagbag.py:540} INFO - Filling up the DagBag from /opt/airflow/dags/dag_drift_monitoring.py
[2026-06-03T10:16:23.517+0000] {processor.py:840} INFO - DAG(s) 'neuralretail_drift_monitoring' retrieved from /opt/airflow/dags/dag_drift_monitoring.py
[2026-06-03T10:16:23.560+0000] {logging_mixin.py:188} INFO - [2026-06-03T10:16:23.560+0000] {dag.py:3096} INFO - Sync 1 DAGs
[2026-06-03T10:16:23.591+0000] {logging_mixin.py:188} INFO - [2026-06-03T10:16:23.590+0000] {dag.py:3954} INFO - Setting next_dagrun for neuralretail_drift_monitoring to 2026-06-02 08:00:00+00:00, run_after=2026-06-03 08:00:00+00:00
[2026-06-03T10:16:23.617+0000] {processor.py:183} INFO - Processing /opt/airflow/dags/dag_drift_monitoring.py took 0.231 seconds
[2026-06-03T10:16:54.829+0000] {processor.py:161} INFO - Started process (PID=1335) to work on /opt/airflow/dags/dag_drift_monitoring.py
[2026-06-03T10:16:54.832+0000] {processor.py:830} INFO - Processing file /opt/airflow/dags/dag_drift_monitoring.py for tasks to queue
[2026-06-03T10:16:54.834+0000] {logging_mixin.py:188} INFO - [2026-06-03T10:16:54.834+0000] {dagbag.py:540} INFO - Filling up the DagBag from /opt/airflow/dags/dag_drift_monitoring.py
[2026-06-03T10:16:54.916+0000] {processor.py:840} INFO - DAG(s) 'neuralretail_drift_monitoring' retrieved from /opt/airflow/dags/dag_drift_monitoring.py
[2026-06-03T10:16:54.950+0000] {logging_mixin.py:188} INFO - [2026-06-03T10:16:54.949+0000] {dag.py:3096} INFO - Sync 1 DAGs
[2026-06-03T10:16:54.985+0000] {logging_mixin.py:188} INFO - [2026-06-03T10:16:54.985+0000] {dag.py:3954} INFO - Setting next_dagrun for neuralretail_drift_monitoring to 2026-06-02 08:00:00+00:00, run_after=2026-06-03 08:00:00+00:00
[2026-06-03T10:16:55.028+0000] {processor.py:183} INFO - Processing /opt/airflow/dags/dag_drift_monitoring.py took 0.218 seconds
[2026-06-03T10:17:25.450+0000] {processor.py:161} INFO - Started process (PID=1355) to work on /opt/airflow/dags/dag_drift_monitoring.py
[2026-06-03T10:17:25.454+0000] {processor.py:830} INFO - Processing file /opt/airflow/dags/dag_drift_monitoring.py for tasks to queue
[2026-06-03T10:17:25.462+0000] {logging_mixin.py:188} INFO - [2026-06-03T10:17:25.461+0000] {dagbag.py:540} INFO - Filling up the DagBag from /opt/airflow/dags/dag_drift_monitoring.py
[2026-06-03T10:17:25.576+0000] {processor.py:840} INFO - DAG(s) 'neuralretail_drift_monitoring' retrieved from /opt/airflow/dags/dag_drift_monitoring.py
[2026-06-03T10:17:25.637+0000] {logging_mixin.py:188} INFO - [2026-06-03T10:17:25.637+0000] {dag.py:3096} INFO - Sync 1 DAGs
[2026-06-03T10:17:25.665+0000] {logging_mixin.py:188} INFO - [2026-06-03T10:17:25.665+0000] {dag.py:3954} INFO - Setting next_dagrun for neuralretail_drift_monitoring to 2026-06-02 08:00:00+00:00, run_after=2026-06-03 08:00:00+00:00
[2026-06-03T10:17:25.701+0000] {processor.py:183} INFO - Processing /opt/airflow/dags/dag_drift_monitoring.py took 0.267 seconds
[2026-06-03T10:17:56.159+0000] {processor.py:161} INFO - Started process (PID=1375) to work on /opt/airflow/dags/dag_drift_monitoring.py
[2026-06-03T10:17:56.161+0000] {processor.py:830} INFO - Processing file /opt/airflow/dags/dag_drift_monitoring.py for tasks to queue
[2026-06-03T10:17:56.164+0000] {logging_mixin.py:188} INFO - [2026-06-03T10:17:56.164+0000] {dagbag.py:540} INFO - Filling up the DagBag from /opt/airflow/dags/dag_drift_monitoring.py
[2026-06-03T10:17:56.238+0000] {processor.py:840} INFO - DAG(s) 'neuralretail_drift_monitoring' retrieved from /opt/airflow/dags/dag_drift_monitoring.py
[2026-06-03T10:17:56.264+0000] {logging_mixin.py:188} INFO - [2026-06-03T10:17:56.264+0000] {dag.py:3096} INFO - Sync 1 DAGs
[2026-06-03T10:17:56.288+0000] {logging_mixin.py:188} INFO - [2026-06-03T10:17:56.288+0000] {dag.py:3954} INFO - Setting next_dagrun for neuralretail_drift_monitoring to 2026-06-02 08:00:00+00:00, run_after=2026-06-03 08:00:00+00:00
[2026-06-03T10:17:56.307+0000] {processor.py:183} INFO - Processing /opt/airflow/dags/dag_drift_monitoring.py took 0.154 seconds
[2026-06-03T10:18:26.698+0000] {processor.py:161} INFO - Started process (PID=1395) to work on /opt/airflow/dags/dag_drift_monitoring.py
[2026-06-03T10:18:26.700+0000] {processor.py:830} INFO - Processing file /opt/airflow/dags/dag_drift_monitoring.py for tasks to queue
[2026-06-03T10:18:26.703+0000] {logging_mixin.py:188} INFO - [2026-06-03T10:18:26.703+0000] {dagbag.py:540} INFO - Filling up the DagBag from /opt/airflow/dags/dag_drift_monitoring.py
[2026-06-03T10:18:26.750+0000] {processor.py:840} INFO - DAG(s) 'neuralretail_drift_monitoring' retrieved from /opt/airflow/dags/dag_drift_monitoring.py
[2026-06-03T10:18:26.773+0000] {logging_mixin.py:188} INFO - [2026-06-03T10:18:26.773+0000] {dag.py:3096} INFO - Sync 1 DAGs
[2026-06-03T10:18:26.794+0000] {logging_mixin.py:188} INFO - [2026-06-03T10:18:26.794+0000] {dag.py:3954} INFO - Setting next_dagrun for neuralretail_drift_monitoring to 2026-06-02 08:00:00+00:00, run_after=2026-06-03 08:00:00+00:00
[2026-06-03T10:18:26.814+0000] {processor.py:183} INFO - Processing /opt/airflow/dags/dag_drift_monitoring.py took 0.125 seconds
[2026-06-03T10:18:57.201+0000] {processor.py:161} INFO - Started process (PID=1417) to work on /opt/airflow/dags/dag_drift_monitoring.py
[2026-06-03T10:18:57.203+0000] {processor.py:830} INFO - Processing file /opt/airflow/dags/dag_drift_monitoring.py for tasks to queue
[2026-06-03T10:18:57.206+0000] {logging_mixin.py:188} INFO - [2026-06-03T10:18:57.205+0000] {dagbag.py:540} INFO - Filling up the DagBag from /opt/airflow/dags/dag_drift_monitoring.py
[2026-06-03T10:18:57.308+0000] {processor.py:840} INFO - DAG(s) 'neuralretail_drift_monitoring' retrieved from /opt/airflow/dags/dag_drift_monitoring.py
[2026-06-03T10:18:57.353+0000] {logging_mixin.py:188} INFO - [2026-06-03T10:18:57.352+0000] {dag.py:3096} INFO - Sync 1 DAGs
[2026-06-03T10:18:57.387+0000] {logging_mixin.py:188} INFO - [2026-06-03T10:18:57.386+0000] {dag.py:3954} INFO - Setting next_dagrun for neuralretail_drift_monitoring to 2026-06-02 08:00:00+00:00, run_after=2026-06-03 08:00:00+00:00
[2026-06-03T10:18:57.410+0000] {processor.py:183} INFO - Processing /opt/airflow/dags/dag_drift_monitoring.py took 0.222 seconds
[2026-06-03T10:19:27.878+0000] {processor.py:161} INFO - Started process (PID=1437) to work on /opt/airflow/dags/dag_drift_monitoring.py
[2026-06-03T10:19:27.879+0000] {processor.py:830} INFO - Processing file /opt/airflow/dags/dag_drift_monitoring.py for tasks to queue
[2026-06-03T10:19:27.881+0000] {logging_mixin.py:188} INFO - [2026-06-03T10:19:27.880+0000] {dagbag.py:540} INFO - Filling up the DagBag from /opt/airflow/dags/dag_drift_monitoring.py
[2026-06-03T10:19:27.942+0000] {processor.py:840} INFO - DAG(s) 'neuralretail_drift_monitoring' retrieved from /opt/airflow/dags/dag_drift_monitoring.py
[2026-06-03T10:19:27.970+0000] {logging_mixin.py:188} INFO - [2026-06-03T10:19:27.969+0000] {dag.py:3096} INFO - Sync 1 DAGs
[2026-06-03T10:19:27.996+0000] {logging_mixin.py:188} INFO - [2026-06-03T10:19:27.996+0000] {dag.py:3954} INFO - Setting next_dagrun for neuralretail_drift_monitoring to 2026-06-02 08:00:00+00:00, run_after=2026-06-03 08:00:00+00:00
[2026-06-03T10:19:28.024+0000] {processor.py:183} INFO - Processing /opt/airflow/dags/dag_drift_monitoring.py took 0.151 seconds
[2026-06-03T10:19:58.453+0000] {processor.py:161} INFO - Started process (PID=1457) to work on /opt/airflow/dags/dag_drift_monitoring.py
[2026-06-03T10:19:58.455+0000] {processor.py:830} INFO - Processing file /opt/airflow/dags/dag_drift_monitoring.py for tasks to queue
[2026-06-03T10:19:58.459+0000] {logging_mixin.py:188} INFO - [2026-06-03T10:19:58.459+0000] {dagbag.py:540} INFO - Filling up the DagBag from /opt/airflow/dags/dag_drift_monitoring.py
[2026-06-03T10:19:58.551+0000] {processor.py:840} INFO - DAG(s) 'neuralretail_drift_monitoring' retrieved from /opt/airflow/dags/dag_drift_monitoring.py
[2026-06-03T10:19:58.585+0000] {logging_mixin.py:188} INFO - [2026-06-03T10:19:58.585+0000] {dag.py:3096} INFO - Sync 1 DAGs
[2026-06-03T10:19:58.604+0000] {logging_mixin.py:188} INFO - [2026-06-03T10:19:58.604+0000] {dag.py:3954} INFO - Setting next_dagrun for neuralretail_drift_monitoring to 2026-06-02 08:00:00+00:00, run_after=2026-06-03 08:00:00+00:00
[2026-06-03T10:19:58.623+0000] {processor.py:183} INFO - Processing /opt/airflow/dags/dag_drift_monitoring.py took 0.178 seconds
[2026-06-03T10:20:28.943+0000] {processor.py:161} INFO - Started process (PID=1475) to work on /opt/airflow/dags/dag_drift_monitoring.py
[2026-06-03T10:20:28.944+0000] {processor.py:830} INFO - Processing file /opt/airflow/dags/dag_drift_monitoring.py for tasks to queue
[2026-06-03T10:20:28.946+0000] {logging_mixin.py:188} INFO - [2026-06-03T10:20:28.946+0000] {dagbag.py:540} INFO - Filling up the DagBag from /opt/airflow/dags/dag_drift_monitoring.py
[2026-06-03T10:20:29.020+0000] {processor.py:840} INFO - DAG(s) 'neuralretail_drift_monitoring' retrieved from /opt/airflow/dags/dag_drift_monitoring.py
[2026-06-03T10:20:29.057+0000] {logging_mixin.py:188} INFO - [2026-06-03T10:20:29.056+0000] {dag.py:3096} INFO - Sync 1 DAGs
[2026-06-03T10:20:29.083+0000] {logging_mixin.py:188} INFO - [2026-06-03T10:20:29.083+0000] {dag.py:3954} INFO - Setting next_dagrun for neuralretail_drift_monitoring to 2026-06-02 08:00:00+00:00, run_after=2026-06-03 08:00:00+00:00
[2026-06-03T10:20:29.106+0000] {processor.py:183} INFO - Processing /opt/airflow/dags/dag_drift_monitoring.py took 0.173 seconds
[2026-06-03T10:21:00.189+0000] {processor.py:161} INFO - Started process (PID=1495) to work on /opt/airflow/dags/dag_drift_monitoring.py
[2026-06-03T10:21:00.192+0000] {processor.py:830} INFO - Processing file /opt/airflow/dags/dag_drift_monitoring.py for tasks to queue
[2026-06-03T10:21:00.198+0000] {logging_mixin.py:188} INFO - [2026-06-03T10:21:00.197+0000] {dagbag.py:540} INFO - Filling up the DagBag from /opt/airflow/dags/dag_drift_monitoring.py
[2026-06-03T10:21:00.295+0000] {processor.py:840} INFO - DAG(s) 'neuralretail_drift_monitoring' retrieved from /opt/airflow/dags/dag_drift_monitoring.py
[2026-06-03T10:21:00.329+0000] {logging_mixin.py:188} INFO - [2026-06-03T10:21:00.328+0000] {dag.py:3096} INFO - Sync 1 DAGs
[2026-06-03T10:21:00.357+0000] {logging_mixin.py:188} INFO - [2026-06-03T10:21:00.357+0000] {dag.py:3954} INFO - Setting next_dagrun for neuralretail_drift_monitoring to 2026-06-02 08:00:00+00:00, run_after=2026-06-03 08:00:00+00:00
[2026-06-03T10:21:00.393+0000] {processor.py:183} INFO - Processing /opt/airflow/dags/dag_drift_monitoring.py took 0.217 seconds
[2026-06-03T10:21:31.133+0000] {processor.py:161} INFO - Started process (PID=1515) to work on /opt/airflow/dags/dag_drift_monitoring.py
[2026-06-03T10:21:31.135+0000] {processor.py:830} INFO - Processing file /opt/airflow/dags/dag_drift_monitoring.py for tasks to queue
[2026-06-03T10:21:31.138+0000] {logging_mixin.py:188} INFO - [2026-06-03T10:21:31.137+0000] {dagbag.py:540} INFO - Filling up the DagBag from /opt/airflow/dags/dag_drift_monitoring.py
[2026-06-03T10:21:31.265+0000] {processor.py:840} INFO - DAG(s) 'neuralretail_drift_monitoring' retrieved from /opt/airflow/dags/dag_drift_monitoring.py
[2026-06-03T10:21:31.288+0000] {logging_mixin.py:188} INFO - [2026-06-03T10:21:31.288+0000] {dag.py:3096} INFO - Sync 1 DAGs
[2026-06-03T10:21:31.313+0000] {logging_mixin.py:188} INFO - [2026-06-03T10:21:31.313+0000] {dag.py:3954} INFO - Setting next_dagrun for neuralretail_drift_monitoring to 2026-06-02 08:00:00+00:00, run_after=2026-06-03 08:00:00+00:00
[2026-06-03T10:21:31.395+0000] {processor.py:183} INFO - Processing /opt/airflow/dags/dag_drift_monitoring.py took 0.268 seconds
[2026-06-03T10:22:02.073+0000] {processor.py:161} INFO - Started process (PID=1535) to work on /opt/airflow/dags/dag_drift_monitoring.py
[2026-06-03T10:22:02.075+0000] {processor.py:830} INFO - Processing file /opt/airflow/dags/dag_drift_monitoring.py for tasks to queue
[2026-06-03T10:22:02.080+0000] {logging_mixin.py:188} INFO - [2026-06-03T10:22:02.079+0000] {dagbag.py:540} INFO - Filling up the DagBag from /opt/airflow/dags/dag_drift_monitoring.py
[2026-06-03T10:22:02.169+0000] {processor.py:840} INFO - DAG(s) 'neuralretail_drift_monitoring' retrieved from /opt/airflow/dags/dag_drift_monitoring.py
[2026-06-03T10:22:02.203+0000] {logging_mixin.py:188} INFO - [2026-06-03T10:22:02.203+0000] {dag.py:3096} INFO - Sync 1 DAGs
[2026-06-03T10:22:02.229+0000] {logging_mixin.py:188} INFO - [2026-06-03T10:22:02.229+0000] {dag.py:3954} INFO - Setting next_dagrun for neuralretail_drift_monitoring to 2026-06-02 08:00:00+00:00, run_after=2026-06-03 08:00:00+00:00
[2026-06-03T10:22:02.247+0000] {processor.py:183} INFO - Processing /opt/airflow/dags/dag_drift_monitoring.py took 0.181 seconds
[2026-06-03T10:22:32.421+0000] {processor.py:161} INFO - Started process (PID=1555) to work on /opt/airflow/dags/dag_drift_monitoring.py
[2026-06-03T10:22:32.424+0000] {processor.py:830} INFO - Processing file /opt/airflow/dags/dag_drift_monitoring.py for tasks to queue
[2026-06-03T10:22:32.428+0000] {logging_mixin.py:188} INFO - [2026-06-03T10:22:32.427+0000] {dagbag.py:540} INFO - Filling up the DagBag from /opt/airflow/dags/dag_drift_monitoring.py
[2026-06-03T10:22:32.556+0000] {processor.py:840} INFO - DAG(s) 'neuralretail_drift_monitoring' retrieved from /opt/airflow/dags/dag_drift_monitoring.py
[2026-06-03T10:22:32.585+0000] {logging_mixin.py:188} INFO - [2026-06-03T10:22:32.584+0000] {dag.py:3096} INFO - Sync 1 DAGs
[2026-06-03T10:22:32.641+0000] {logging_mixin.py:188} INFO - [2026-06-03T10:22:32.641+0000] {dag.py:3954} INFO - Setting next_dagrun for neuralretail_drift_monitoring to 2026-06-02 08:00:00+00:00, run_after=2026-06-03 08:00:00+00:00
[2026-06-03T10:22:32.684+0000] {processor.py:183} INFO - Processing /opt/airflow/dags/dag_drift_monitoring.py took 0.270 seconds
[2026-06-03T10:23:03.035+0000] {processor.py:161} INFO - Started process (PID=1575) to work on /opt/airflow/dags/dag_drift_monitoring.py
[2026-06-03T10:23:03.038+0000] {processor.py:830} INFO - Processing file /opt/airflow/dags/dag_drift_monitoring.py for tasks to queue
[2026-06-03T10:23:03.044+0000] {logging_mixin.py:188} INFO - [2026-06-03T10:23:03.043+0000] {dagbag.py:540} INFO - Filling up the DagBag from /opt/airflow/dags/dag_drift_monitoring.py
[2026-06-03T10:23:03.123+0000] {processor.py:840} INFO - DAG(s) 'neuralretail_drift_monitoring' retrieved from /opt/airflow/dags/dag_drift_monitoring.py
[2026-06-03T10:23:03.148+0000] {logging_mixin.py:188} INFO - [2026-06-03T10:23:03.148+0000] {dag.py:3096} INFO - Sync 1 DAGs
[2026-06-03T10:23:03.176+0000] {logging_mixin.py:188} INFO - [2026-06-03T10:23:03.176+0000] {dag.py:3954} INFO - Setting next_dagrun for neuralretail_drift_monitoring to 2026-06-02 08:00:00+00:00, run_after=2026-06-03 08:00:00+00:00
[2026-06-03T10:23:03.203+0000] {processor.py:183} INFO - Processing /opt/airflow/dags/dag_drift_monitoring.py took 0.178 seconds
[2026-06-03T10:23:34.090+0000] {processor.py:161} INFO - Started process (PID=1595) to work on /opt/airflow/dags/dag_drift_monitoring.py
[2026-06-03T10:23:34.095+0000] {processor.py:830} INFO - Processing file /opt/airflow/dags/dag_drift_monitoring.py for tasks to queue
[2026-06-03T10:23:34.108+0000] {logging_mixin.py:188} INFO - [2026-06-03T10:23:34.107+0000] {dagbag.py:540} INFO - Filling up the DagBag from /opt/airflow/dags/dag_drift_monitoring.py
[2026-06-03T10:23:34.194+0000] {processor.py:840} INFO - DAG(s) 'neuralretail_drift_monitoring' retrieved from /opt/airflow/dags/dag_drift_monitoring.py
[2026-06-03T10:23:34.243+0000] {logging_mixin.py:188} INFO - [2026-06-03T10:23:34.242+0000] {dag.py:3096} INFO - Sync 1 DAGs
[2026-06-03T10:23:34.283+0000] {logging_mixin.py:188} INFO - [2026-06-03T10:23:34.283+0000] {dag.py:3954} INFO - Setting next_dagrun for neuralretail_drift_monitoring to 2026-06-02 08:00:00+00:00, run_after=2026-06-03 08:00:00+00:00
[2026-06-03T10:23:34.321+0000] {processor.py:183} INFO - Processing /opt/airflow/dags/dag_drift_monitoring.py took 0.242 seconds
[2026-06-03T10:24:04.604+0000] {processor.py:161} INFO - Started process (PID=1615) to work on /opt/airflow/dags/dag_drift_monitoring.py
[2026-06-03T10:24:04.612+0000] {processor.py:830} INFO - Processing file /opt/airflow/dags/dag_drift_monitoring.py for tasks to queue
[2026-06-03T10:24:04.620+0000] {logging_mixin.py:188} INFO - [2026-06-03T10:24:04.619+0000] {dagbag.py:540} INFO - Filling up the DagBag from /opt/airflow/dags/dag_drift_monitoring.py
[2026-06-03T10:24:04.711+0000] {processor.py:840} INFO - DAG(s) 'neuralretail_drift_monitoring' retrieved from /opt/airflow/dags/dag_drift_monitoring.py
[2026-06-03T10:24:04.746+0000] {logging_mixin.py:188} INFO - [2026-06-03T10:24:04.745+0000] {dag.py:3096} INFO - Sync 1 DAGs
[2026-06-03T10:24:04.771+0000] {logging_mixin.py:188} INFO - [2026-06-03T10:24:04.771+0000] {dag.py:3954} INFO - Setting next_dagrun for neuralretail_drift_monitoring to 2026-06-02 08:00:00+00:00, run_after=2026-06-03 08:00:00+00:00
[2026-06-03T10:24:04.807+0000] {processor.py:183} INFO - Processing /opt/airflow/dags/dag_drift_monitoring.py took 0.212 seconds
[2026-06-03T10:24:35.090+0000] {processor.py:161} INFO - Started process (PID=1635) to work on /opt/airflow/dags/dag_drift_monitoring.py
[2026-06-03T10:24:35.098+0000] {processor.py:830} INFO - Processing file /opt/airflow/dags/dag_drift_monitoring.py for tasks to queue
[2026-06-03T10:24:35.103+0000] {logging_mixin.py:188} INFO - [2026-06-03T10:24:35.102+0000] {dagbag.py:540} INFO - Filling up the DagBag from /opt/airflow/dags/dag_drift_monitoring.py
[2026-06-03T10:24:35.325+0000] {processor.py:840} INFO - DAG(s) 'neuralretail_drift_monitoring' retrieved from /opt/airflow/dags/dag_drift_monitoring.py
[2026-06-03T10:24:35.381+0000] {logging_mixin.py:188} INFO - [2026-06-03T10:24:35.381+0000] {dag.py:3096} INFO - Sync 1 DAGs
[2026-06-03T10:24:35.432+0000] {logging_mixin.py:188} INFO - [2026-06-03T10:24:35.432+0000] {dag.py:3954} INFO - Setting next_dagrun for neuralretail_drift_monitoring to 2026-06-02 08:00:00+00:00, run_after=2026-06-03 08:00:00+00:00
[2026-06-03T10:24:35.463+0000] {processor.py:183} INFO - Processing /opt/airflow/dags/dag_drift_monitoring.py took 0.386 seconds
[2026-06-03T10:25:05.584+0000] {processor.py:161} INFO - Started process (PID=1655) to work on /opt/airflow/dags/dag_drift_monitoring.py
[2026-06-03T10:25:05.588+0000] {processor.py:830} INFO - Processing file /opt/airflow/dags/dag_drift_monitoring.py for tasks to queue
[2026-06-03T10:25:05.591+0000] {logging_mixin.py:188} INFO - [2026-06-03T10:25:05.591+0000] {dagbag.py:540} INFO - Filling up the DagBag from /opt/airflow/dags/dag_drift_monitoring.py
[2026-06-03T10:25:05.698+0000] {processor.py:840} INFO - DAG(s) 'neuralretail_drift_monitoring' retrieved from /opt/airflow/dags/dag_drift_monitoring.py
[2026-06-03T10:25:05.769+0000] {logging_mixin.py:188} INFO - [2026-06-03T10:25:05.769+0000] {dag.py:3096} INFO - Sync 1 DAGs
[2026-06-03T10:25:05.818+0000] {logging_mixin.py:188} INFO - [2026-06-03T10:25:05.818+0000] {dag.py:3954} INFO - Setting next_dagrun for neuralretail_drift_monitoring to 2026-06-02 08:00:00+00:00, run_after=2026-06-03 08:00:00+00:00
[2026-06-03T10:25:05.846+0000] {processor.py:183} INFO - Processing /opt/airflow/dags/dag_drift_monitoring.py took 0.273 seconds
[2026-06-03T10:25:36.167+0000] {processor.py:161} INFO - Started process (PID=1675) to work on /opt/airflow/dags/dag_drift_monitoring.py
[2026-06-03T10:25:36.173+0000] {processor.py:830} INFO - Processing file /opt/airflow/dags/dag_drift_monitoring.py for tasks to queue
[2026-06-03T10:25:36.178+0000] {logging_mixin.py:188} INFO - [2026-06-03T10:25:36.177+0000] {dagbag.py:540} INFO - Filling up the DagBag from /opt/airflow/dags/dag_drift_monitoring.py
[2026-06-03T10:25:36.246+0000] {processor.py:840} INFO - DAG(s) 'neuralretail_drift_monitoring' retrieved from /opt/airflow/dags/dag_drift_monitoring.py
[2026-06-03T10:25:36.273+0000] {logging_mixin.py:188} INFO - [2026-06-03T10:25:36.273+0000] {dag.py:3096} INFO - Sync 1 DAGs
[2026-06-03T10:25:36.292+0000] {logging_mixin.py:188} INFO - [2026-06-03T10:25:36.292+0000] {dag.py:3954} INFO - Setting next_dagrun for neuralretail_drift_monitoring to 2026-06-02 08:00:00+00:00, run_after=2026-06-03 08:00:00+00:00
[2026-06-03T10:25:36.316+0000] {processor.py:183} INFO - Processing /opt/airflow/dags/dag_drift_monitoring.py took 0.161 seconds
[2026-06-03T10:26:06.654+0000] {processor.py:161} INFO - Started process (PID=1695) to work on /opt/airflow/dags/dag_drift_monitoring.py
[2026-06-03T10:26:06.655+0000] {processor.py:830} INFO - Processing file /opt/airflow/dags/dag_drift_monitoring.py for tasks to queue
[2026-06-03T10:26:06.657+0000] {logging_mixin.py:188} INFO - [2026-06-03T10:26:06.657+0000] {dagbag.py:540} INFO - Filling up the DagBag from /opt/airflow/dags/dag_drift_monitoring.py
[2026-06-03T10:26:06.742+0000] {processor.py:840} INFO - DAG(s) 'neuralretail_drift_monitoring' retrieved from /opt/airflow/dags/dag_drift_monitoring.py
[2026-06-03T10:26:06.808+0000] {logging_mixin.py:188} INFO - [2026-06-03T10:26:06.808+0000] {dag.py:3096} INFO - Sync 1 DAGs
[2026-06-03T10:26:06.865+0000] {logging_mixin.py:188} INFO - [2026-06-03T10:26:06.864+0000] {dag.py:3954} INFO - Setting next_dagrun for neuralretail_drift_monitoring to 2026-06-02 08:00:00+00:00, run_after=2026-06-03 08:00:00+00:00
[2026-06-03T10:26:06.903+0000] {processor.py:183} INFO - Processing /opt/airflow/dags/dag_drift_monitoring.py took 0.260 seconds
[2026-06-03T10:26:37.105+0000] {processor.py:161} INFO - Started process (PID=1715) to work on /opt/airflow/dags/dag_drift_monitoring.py
[2026-06-03T10:26:37.106+0000] {processor.py:830} INFO - Processing file /opt/airflow/dags/dag_drift_monitoring.py for tasks to queue
[2026-06-03T10:26:37.108+0000] {logging_mixin.py:188} INFO - [2026-06-03T10:26:37.108+0000] {dagbag.py:540} INFO - Filling up the DagBag from /opt/airflow/dags/dag_drift_monitoring.py
[2026-06-03T10:26:37.204+0000] {processor.py:840} INFO - DAG(s) 'neuralretail_drift_monitoring' retrieved from /opt/airflow/dags/dag_drift_monitoring.py
[2026-06-03T10:26:37.240+0000] {logging_mixin.py:188} INFO - [2026-06-03T10:26:37.240+0000] {dag.py:3096} INFO - Sync 1 DAGs
[2026-06-03T10:26:37.274+0000] {logging_mixin.py:188} INFO - [2026-06-03T10:26:37.274+0000] {dag.py:3954} INFO - Setting next_dagrun for neuralretail_drift_monitoring to 2026-06-02 08:00:00+00:00, run_after=2026-06-03 08:00:00+00:00
[2026-06-03T10:26:37.354+0000] {processor.py:183} INFO - Processing /opt/airflow/dags/dag_drift_monitoring.py took 0.255 seconds
[2026-06-03T10:27:07.845+0000] {processor.py:161} INFO - Started process (PID=1735) to work on /opt/airflow/dags/dag_drift_monitoring.py
[2026-06-03T10:27:07.849+0000] {processor.py:830} INFO - Processing file /opt/airflow/dags/dag_drift_monitoring.py for tasks to queue
[2026-06-03T10:27:07.853+0000] {logging_mixin.py:188} INFO - [2026-06-03T10:27:07.852+0000] {dagbag.py:540} INFO - Filling up the DagBag from /opt/airflow/dags/dag_drift_monitoring.py
[2026-06-03T10:27:07.913+0000] {processor.py:840} INFO - DAG(s) 'neuralretail_drift_monitoring' retrieved from /opt/airflow/dags/dag_drift_monitoring.py
[2026-06-03T10:27:07.946+0000] {logging_mixin.py:188} INFO - [2026-06-03T10:27:07.946+0000] {dag.py:3096} INFO - Sync 1 DAGs
[2026-06-03T10:27:07.969+0000] {logging_mixin.py:188} INFO - [2026-06-03T10:27:07.969+0000] {dag.py:3954} INFO - Setting next_dagrun for neuralretail_drift_monitoring to 2026-06-02 08:00:00+00:00, run_after=2026-06-03 08:00:00+00:00
[2026-06-03T10:27:08.013+0000] {processor.py:183} INFO - Processing /opt/airflow/dags/dag_drift_monitoring.py took 0.178 seconds
[2026-06-03T10:27:38.232+0000] {processor.py:161} INFO - Started process (PID=1755) to work on /opt/airflow/dags/dag_drift_monitoring.py
[2026-06-03T10:27:38.234+0000] {processor.py:830} INFO - Processing file /opt/airflow/dags/dag_drift_monitoring.py for tasks to queue
[2026-06-03T10:27:38.237+0000] {logging_mixin.py:188} INFO - [2026-06-03T10:27:38.236+0000] {dagbag.py:540} INFO - Filling up the DagBag from /opt/airflow/dags/dag_drift_monitoring.py
[2026-06-03T10:27:38.282+0000] {processor.py:840} INFO - DAG(s) 'neuralretail_drift_monitoring' retrieved from /opt/airflow/dags/dag_drift_monitoring.py
[2026-06-03T10:27:38.312+0000] {logging_mixin.py:188} INFO - [2026-06-03T10:27:38.312+0000] {dag.py:3096} INFO - Sync 1 DAGs
[2026-06-03T10:27:38.336+0000] {logging_mixin.py:188} INFO - [2026-06-03T10:27:38.336+0000] {dag.py:3954} INFO - Setting next_dagrun for neuralretail_drift_monitoring to 2026-06-02 08:00:00+00:00, run_after=2026-06-03 08:00:00+00:00
[2026-06-03T10:27:38.354+0000] {processor.py:183} INFO - Processing /opt/airflow/dags/dag_drift_monitoring.py took 0.127 seconds
[2026-06-03T10:28:08.496+0000] {processor.py:161} INFO - Started process (PID=1775) to work on /opt/airflow/dags/dag_drift_monitoring.py
[2026-06-03T10:28:08.498+0000] {processor.py:830} INFO - Processing file /opt/airflow/dags/dag_drift_monitoring.py for tasks to queue
[2026-06-03T10:28:08.500+0000] {logging_mixin.py:188} INFO - [2026-06-03T10:28:08.499+0000] {dagbag.py:540} INFO - Filling up the DagBag from /opt/airflow/dags/dag_drift_monitoring.py
[2026-06-03T10:28:08.591+0000] {processor.py:840} INFO - DAG(s) 'neuralretail_drift_monitoring' retrieved from /opt/airflow/dags/dag_drift_monitoring.py
[2026-06-03T10:28:08.658+0000] {logging_mixin.py:188} INFO - [2026-06-03T10:28:08.657+0000] {dag.py:3096} INFO - Sync 1 DAGs
[2026-06-03T10:28:08.720+0000] {logging_mixin.py:188} INFO - [2026-06-03T10:28:08.720+0000] {dag.py:3954} INFO - Setting next_dagrun for neuralretail_drift_monitoring to 2026-06-02 08:00:00+00:00, run_after=2026-06-03 08:00:00+00:00
[2026-06-03T10:28:08.746+0000] {processor.py:183} INFO - Processing /opt/airflow/dags/dag_drift_monitoring.py took 0.257 seconds
[2026-06-03T10:28:39.051+0000] {processor.py:161} INFO - Started process (PID=1795) to work on /opt/airflow/dags/dag_drift_monitoring.py
[2026-06-03T10:28:39.055+0000] {processor.py:830} INFO - Processing file /opt/airflow/dags/dag_drift_monitoring.py for tasks to queue
[2026-06-03T10:28:39.062+0000] {logging_mixin.py:188} INFO - [2026-06-03T10:28:39.061+0000] {dagbag.py:540} INFO - Filling up the DagBag from /opt/airflow/dags/dag_drift_monitoring.py
[2026-06-03T10:28:39.104+0000] {processor.py:840} INFO - DAG(s) 'neuralretail_drift_monitoring' retrieved from /opt/airflow/dags/dag_drift_monitoring.py
[2026-06-03T10:28:39.135+0000] {logging_mixin.py:188} INFO - [2026-06-03T10:28:39.135+0000] {dag.py:3096} INFO - Sync 1 DAGs
[2026-06-03T10:28:39.155+0000] {logging_mixin.py:188} INFO - [2026-06-03T10:28:39.155+0000] {dag.py:3954} INFO - Setting next_dagrun for neuralretail_drift_monitoring to 2026-06-02 08:00:00+00:00, run_after=2026-06-03 08:00:00+00:00
[2026-06-03T10:28:39.175+0000] {processor.py:183} INFO - Processing /opt/airflow/dags/dag_drift_monitoring.py took 0.146 seconds
[2026-06-03T10:29:09.613+0000] {processor.py:161} INFO - Started process (PID=1815) to work on /opt/airflow/dags/dag_drift_monitoring.py
[2026-06-03T10:29:09.616+0000] {processor.py:830} INFO - Processing file /opt/airflow/dags/dag_drift_monitoring.py for tasks to queue
[2026-06-03T10:29:09.620+0000] {logging_mixin.py:188} INFO - [2026-06-03T10:29:09.618+0000] {dagbag.py:540} INFO - Filling up the DagBag from /opt/airflow/dags/dag_drift_monitoring.py
[2026-06-03T10:29:09.704+0000] {processor.py:840} INFO - DAG(s) 'neuralretail_drift_monitoring' retrieved from /opt/airflow/dags/dag_drift_monitoring.py
[2026-06-03T10:29:09.742+0000] {logging_mixin.py:188} INFO - [2026-06-03T10:29:09.742+0000] {dag.py:3096} INFO - Sync 1 DAGs
[2026-06-03T10:29:09.761+0000] {logging_mixin.py:188} INFO - [2026-06-03T10:29:09.760+0000] {dag.py:3954} INFO - Setting next_dagrun for neuralretail_drift_monitoring to 2026-06-02 08:00:00+00:00, run_after=2026-06-03 08:00:00+00:00
[2026-06-03T10:29:09.793+0000] {processor.py:183} INFO - Processing /opt/airflow/dags/dag_drift_monitoring.py took 0.192 seconds
[2026-06-03T10:29:40.082+0000] {processor.py:161} INFO - Started process (PID=1835) to work on /opt/airflow/dags/dag_drift_monitoring.py
[2026-06-03T10:29:40.087+0000] {processor.py:830} INFO - Processing file /opt/airflow/dags/dag_drift_monitoring.py for tasks to queue
[2026-06-03T10:29:40.094+0000] {logging_mixin.py:188} INFO - [2026-06-03T10:29:40.092+0000] {dagbag.py:540} INFO - Filling up the DagBag from /opt/airflow/dags/dag_drift_monitoring.py
[2026-06-03T10:29:40.198+0000] {processor.py:840} INFO - DAG(s) 'neuralretail_drift_monitoring' retrieved from /opt/airflow/dags/dag_drift_monitoring.py
[2026-06-03T10:29:40.257+0000] {logging_mixin.py:188} INFO - [2026-06-03T10:29:40.256+0000] {dag.py:3096} INFO - Sync 1 DAGs
[2026-06-03T10:29:40.297+0000] {logging_mixin.py:188} INFO - [2026-06-03T10:29:40.296+0000] {dag.py:3954} INFO - Setting next_dagrun for neuralretail_drift_monitoring to 2026-06-02 08:00:00+00:00, run_after=2026-06-03 08:00:00+00:00
[2026-06-03T10:29:40.341+0000] {processor.py:183} INFO - Processing /opt/airflow/dags/dag_drift_monitoring.py took 0.274 seconds
[2026-06-03T10:30:10.516+0000] {processor.py:161} INFO - Started process (PID=1855) to work on /opt/airflow/dags/dag_drift_monitoring.py
[2026-06-03T10:30:10.518+0000] {processor.py:830} INFO - Processing file /opt/airflow/dags/dag_drift_monitoring.py for tasks to queue
[2026-06-03T10:30:10.526+0000] {logging_mixin.py:188} INFO - [2026-06-03T10:30:10.525+0000] {dagbag.py:540} INFO - Filling up the DagBag from /opt/airflow/dags/dag_drift_monitoring.py
[2026-06-03T10:30:10.582+0000] {processor.py:840} INFO - DAG(s) 'neuralretail_drift_monitoring' retrieved from /opt/airflow/dags/dag_drift_monitoring.py
[2026-06-03T10:30:10.602+0000] {logging_mixin.py:188} INFO - [2026-06-03T10:30:10.602+0000] {dag.py:3096} INFO - Sync 1 DAGs
[2026-06-03T10:30:10.625+0000] {logging_mixin.py:188} INFO - [2026-06-03T10:30:10.624+0000] {dag.py:3954} INFO - Setting next_dagrun for neuralretail_drift_monitoring to 2026-06-02 08:00:00+00:00, run_after=2026-06-03 08:00:00+00:00
[2026-06-03T10:30:10.646+0000] {processor.py:183} INFO - Processing /opt/airflow/dags/dag_drift_monitoring.py took 0.137 seconds
[2026-06-03T10:30:41.071+0000] {processor.py:161} INFO - Started process (PID=1875) to work on /opt/airflow/dags/dag_drift_monitoring.py
[2026-06-03T10:30:41.074+0000] {processor.py:830} INFO - Processing file /opt/airflow/dags/dag_drift_monitoring.py for tasks to queue
[2026-06-03T10:30:41.077+0000] {logging_mixin.py:188} INFO - [2026-06-03T10:30:41.076+0000] {dagbag.py:540} INFO - Filling up the DagBag from /opt/airflow/dags/dag_drift_monitoring.py
[2026-06-03T10:30:41.137+0000] {processor.py:840} INFO - DAG(s) 'neuralretail_drift_monitoring' retrieved from /opt/airflow/dags/dag_drift_monitoring.py
[2026-06-03T10:30:41.171+0000] {logging_mixin.py:188} INFO - [2026-06-03T10:30:41.170+0000] {dag.py:3096} INFO - Sync 1 DAGs
[2026-06-03T10:30:41.192+0000] {logging_mixin.py:188} INFO - [2026-06-03T10:30:41.192+0000] {dag.py:3954} INFO - Setting next_dagrun for neuralretail_drift_monitoring to 2026-06-02 08:00:00+00:00, run_after=2026-06-03 08:00:00+00:00
[2026-06-03T10:30:41.214+0000] {processor.py:183} INFO - Processing /opt/airflow/dags/dag_drift_monitoring.py took 0.152 seconds
[2026-06-03T10:31:11.603+0000] {processor.py:161} INFO - Started process (PID=1895) to work on /opt/airflow/dags/dag_drift_monitoring.py
[2026-06-03T10:31:11.604+0000] {processor.py:830} INFO - Processing file /opt/airflow/dags/dag_drift_monitoring.py for tasks to queue
[2026-06-03T10:31:11.606+0000] {logging_mixin.py:188} INFO - [2026-06-03T10:31:11.606+0000] {dagbag.py:540} INFO - Filling up the DagBag from /opt/airflow/dags/dag_drift_monitoring.py
[2026-06-03T10:31:11.654+0000] {processor.py:840} INFO - DAG(s) 'neuralretail_drift_monitoring' retrieved from /opt/airflow/dags/dag_drift_monitoring.py
[2026-06-03T10:31:11.677+0000] {logging_mixin.py:188} INFO - [2026-06-03T10:31:11.677+0000] {dag.py:3096} INFO - Sync 1 DAGs
[2026-06-03T10:31:11.700+0000] {logging_mixin.py:188} INFO - [2026-06-03T10:31:11.700+0000] {dag.py:3954} INFO - Setting next_dagrun for neuralretail_drift_monitoring to 2026-06-02 08:00:00+00:00, run_after=2026-06-03 08:00:00+00:00
[2026-06-03T10:31:11.723+0000] {processor.py:183} INFO - Processing /opt/airflow/dags/dag_drift_monitoring.py took 0.127 seconds
[2026-06-03T10:31:42.963+0000] {processor.py:161} INFO - Started process (PID=1915) to work on /opt/airflow/dags/dag_drift_monitoring.py
[2026-06-03T10:31:42.965+0000] {processor.py:830} INFO - Processing file /opt/airflow/dags/dag_drift_monitoring.py for tasks to queue
[2026-06-03T10:31:42.969+0000] {logging_mixin.py:188} INFO - [2026-06-03T10:31:42.969+0000] {dagbag.py:540} INFO - Filling up the DagBag from /opt/airflow/dags/dag_drift_monitoring.py
[2026-06-03T10:31:43.103+0000] {processor.py:840} INFO - DAG(s) 'neuralretail_drift_monitoring' retrieved from /opt/airflow/dags/dag_drift_monitoring.py
[2026-06-03T10:31:43.185+0000] {logging_mixin.py:188} INFO - [2026-06-03T10:31:43.185+0000] {dag.py:3096} INFO - Sync 1 DAGs
[2026-06-03T10:31:43.236+0000] {logging_mixin.py:188} INFO - [2026-06-03T10:31:43.235+0000] {dag.py:3954} INFO - Setting next_dagrun for neuralretail_drift_monitoring to 2026-06-02 08:00:00+00:00, run_after=2026-06-03 08:00:00+00:00
[2026-06-03T10:31:43.319+0000] {processor.py:183} INFO - Processing /opt/airflow/dags/dag_drift_monitoring.py took 0.364 seconds
[2026-06-03T10:32:13.832+0000] {processor.py:161} INFO - Started process (PID=1935) to work on /opt/airflow/dags/dag_drift_monitoring.py
[2026-06-03T10:32:13.838+0000] {processor.py:830} INFO - Processing file /opt/airflow/dags/dag_drift_monitoring.py for tasks to queue
[2026-06-03T10:32:13.850+0000] {logging_mixin.py:188} INFO - [2026-06-03T10:32:13.849+0000] {dagbag.py:540} INFO - Filling up the DagBag from /opt/airflow/dags/dag_drift_monitoring.py
[2026-06-03T10:32:13.972+0000] {processor.py:840} INFO - DAG(s) 'neuralretail_drift_monitoring' retrieved from /opt/airflow/dags/dag_drift_monitoring.py
[2026-06-03T10:32:14.000+0000] {logging_mixin.py:188} INFO - [2026-06-03T10:32:14.000+0000] {dag.py:3096} INFO - Sync 1 DAGs
[2026-06-03T10:32:14.023+0000] {logging_mixin.py:188} INFO - [2026-06-03T10:32:14.023+0000] {dag.py:3954} INFO - Setting next_dagrun for neuralretail_drift_monitoring to 2026-06-02 08:00:00+00:00, run_after=2026-06-03 08:00:00+00:00
[2026-06-03T10:32:14.040+0000] {processor.py:183} INFO - Processing /opt/airflow/dags/dag_drift_monitoring.py took 0.223 seconds
[2026-06-03T10:32:44.564+0000] {processor.py:161} INFO - Started process (PID=1955) to work on /opt/airflow/dags/dag_drift_monitoring.py
[2026-06-03T10:32:44.567+0000] {processor.py:830} INFO - Processing file /opt/airflow/dags/dag_drift_monitoring.py for tasks to queue
[2026-06-03T10:32:44.583+0000] {logging_mixin.py:188} INFO - [2026-06-03T10:32:44.582+0000] {dagbag.py:540} INFO - Filling up the DagBag from /opt/airflow/dags/dag_drift_monitoring.py
[2026-06-03T10:32:44.658+0000] {processor.py:840} INFO - DAG(s) 'neuralretail_drift_monitoring' retrieved from /opt/airflow/dags/dag_drift_monitoring.py
[2026-06-03T10:32:44.697+0000] {logging_mixin.py:188} INFO - [2026-06-03T10:32:44.697+0000] {dag.py:3096} INFO - Sync 1 DAGs
[2026-06-03T10:32:44.744+0000] {logging_mixin.py:188} INFO - [2026-06-03T10:32:44.743+0000] {dag.py:3954} INFO - Setting next_dagrun for neuralretail_drift_monitoring to 2026-06-02 08:00:00+00:00, run_after=2026-06-03 08:00:00+00:00
[2026-06-03T10:32:44.785+0000] {processor.py:183} INFO - Processing /opt/airflow/dags/dag_drift_monitoring.py took 0.228 seconds
[2026-06-03T10:33:15.485+0000] {processor.py:161} INFO - Started process (PID=1975) to work on /opt/airflow/dags/dag_drift_monitoring.py
[2026-06-03T10:33:15.493+0000] {processor.py:830} INFO - Processing file /opt/airflow/dags/dag_drift_monitoring.py for tasks to queue
[2026-06-03T10:33:15.503+0000] {logging_mixin.py:188} INFO - [2026-06-03T10:33:15.502+0000] {dagbag.py:540} INFO - Filling up the DagBag from /opt/airflow/dags/dag_drift_monitoring.py
[2026-06-03T10:33:15.612+0000] {processor.py:840} INFO - DAG(s) 'neuralretail_drift_monitoring' retrieved from /opt/airflow/dags/dag_drift_monitoring.py
[2026-06-03T10:33:15.657+0000] {logging_mixin.py:188} INFO - [2026-06-03T10:33:15.657+0000] {dag.py:3096} INFO - Sync 1 DAGs
[2026-06-03T10:33:15.693+0000] {logging_mixin.py:188} INFO - [2026-06-03T10:33:15.693+0000] {dag.py:3954} INFO - Setting next_dagrun for neuralretail_drift_monitoring to 2026-06-02 08:00:00+00:00, run_after=2026-06-03 08:00:00+00:00
[2026-06-03T10:33:15.725+0000] {processor.py:183} INFO - Processing /opt/airflow/dags/dag_drift_monitoring.py took 0.257 seconds
[2026-06-03T10:33:45.824+0000] {processor.py:161} INFO - Started process (PID=1995) to work on /opt/airflow/dags/dag_drift_monitoring.py
[2026-06-03T10:33:45.825+0000] {processor.py:830} INFO - Processing file /opt/airflow/dags/dag_drift_monitoring.py for tasks to queue
[2026-06-03T10:33:45.826+0000] {logging_mixin.py:188} INFO - [2026-06-03T10:33:45.826+0000] {dagbag.py:540} INFO - Filling up the DagBag from /opt/airflow/dags/dag_drift_monitoring.py
[2026-06-03T10:33:45.871+0000] {processor.py:840} INFO - DAG(s) 'neuralretail_drift_monitoring' retrieved from /opt/airflow/dags/dag_drift_monitoring.py
[2026-06-03T10:33:45.890+0000] {logging_mixin.py:188} INFO - [2026-06-03T10:33:45.890+0000] {dag.py:3096} INFO - Sync 1 DAGs
[2026-06-03T10:33:45.922+0000] {logging_mixin.py:188} INFO - [2026-06-03T10:33:45.922+0000] {dag.py:3954} INFO - Setting next_dagrun for neuralretail_drift_monitoring to 2026-06-02 08:00:00+00:00, run_after=2026-06-03 08:00:00+00:00
[2026-06-03T10:33:45.955+0000] {processor.py:183} INFO - Processing /opt/airflow/dags/dag_drift_monitoring.py took 0.136 seconds
[2026-06-03T10:34:16.423+0000] {processor.py:161} INFO - Started process (PID=2015) to work on /opt/airflow/dags/dag_drift_monitoring.py
[2026-06-03T10:34:16.428+0000] {processor.py:830} INFO - Processing file /opt/airflow/dags/dag_drift_monitoring.py for tasks to queue
[2026-06-03T10:34:16.433+0000] {logging_mixin.py:188} INFO - [2026-06-03T10:34:16.432+0000] {dagbag.py:540} INFO - Filling up the DagBag from /opt/airflow/dags/dag_drift_monitoring.py
[2026-06-03T10:34:16.510+0000] {processor.py:840} INFO - DAG(s) 'neuralretail_drift_monitoring' retrieved from /opt/airflow/dags/dag_drift_monitoring.py
[2026-06-03T10:34:16.551+0000] {logging_mixin.py:188} INFO - [2026-06-03T10:34:16.551+0000] {dag.py:3096} INFO - Sync 1 DAGs
[2026-06-03T10:34:16.580+0000] {logging_mixin.py:188} INFO - [2026-06-03T10:34:16.580+0000] {dag.py:3954} INFO - Setting next_dagrun for neuralretail_drift_monitoring to 2026-06-02 08:00:00+00:00, run_after=2026-06-03 08:00:00+00:00
[2026-06-03T10:34:16.606+0000] {processor.py:183} INFO - Processing /opt/airflow/dags/dag_drift_monitoring.py took 0.197 seconds
[2026-06-03T10:34:46.858+0000] {processor.py:161} INFO - Started process (PID=2035) to work on /opt/airflow/dags/dag_drift_monitoring.py
[2026-06-03T10:34:46.860+0000] {processor.py:830} INFO - Processing file /opt/airflow/dags/dag_drift_monitoring.py for tasks to queue
[2026-06-03T10:34:46.861+0000] {logging_mixin.py:188} INFO - [2026-06-03T10:34:46.861+0000] {dagbag.py:540} INFO - Filling up the DagBag from /opt/airflow/dags/dag_drift_monitoring.py
[2026-06-03T10:34:46.909+0000] {processor.py:840} INFO - DAG(s) 'neuralretail_drift_monitoring' retrieved from /opt/airflow/dags/dag_drift_monitoring.py
[2026-06-03T10:34:46.929+0000] {logging_mixin.py:188} INFO - [2026-06-03T10:34:46.929+0000] {dag.py:3096} INFO - Sync 1 DAGs
[2026-06-03T10:34:46.976+0000] {logging_mixin.py:188} INFO - [2026-06-03T10:34:46.976+0000] {dag.py:3954} INFO - Setting next_dagrun for neuralretail_drift_monitoring to 2026-06-02 08:00:00+00:00, run_after=2026-06-03 08:00:00+00:00
[2026-06-03T10:34:47.034+0000] {processor.py:183} INFO - Processing /opt/airflow/dags/dag_drift_monitoring.py took 0.180 seconds
[2026-06-03T10:35:17.311+0000] {processor.py:161} INFO - Started process (PID=2055) to work on /opt/airflow/dags/dag_drift_monitoring.py
[2026-06-03T10:35:17.314+0000] {processor.py:830} INFO - Processing file /opt/airflow/dags/dag_drift_monitoring.py for tasks to queue
[2026-06-03T10:35:17.317+0000] {logging_mixin.py:188} INFO - [2026-06-03T10:35:17.317+0000] {dagbag.py:540} INFO - Filling up the DagBag from /opt/airflow/dags/dag_drift_monitoring.py
[2026-06-03T10:35:17.418+0000] {processor.py:840} INFO - DAG(s) 'neuralretail_drift_monitoring' retrieved from /opt/airflow/dags/dag_drift_monitoring.py
[2026-06-03T10:35:17.480+0000] {logging_mixin.py:188} INFO - [2026-06-03T10:35:17.480+0000] {dag.py:3096} INFO - Sync 1 DAGs
[2026-06-03T10:35:17.505+0000] {logging_mixin.py:188} INFO - [2026-06-03T10:35:17.505+0000] {dag.py:3954} INFO - Setting next_dagrun for neuralretail_drift_monitoring to 2026-06-02 08:00:00+00:00, run_after=2026-06-03 08:00:00+00:00
[2026-06-03T10:35:17.527+0000] {processor.py:183} INFO - Processing /opt/airflow/dags/dag_drift_monitoring.py took 0.230 seconds
[2026-06-03T10:35:48.100+0000] {processor.py:161} INFO - Started process (PID=2075) to work on /opt/airflow/dags/dag_drift_monitoring.py
[2026-06-03T10:35:48.102+0000] {processor.py:830} INFO - Processing file /opt/airflow/dags/dag_drift_monitoring.py for tasks to queue
[2026-06-03T10:35:48.105+0000] {logging_mixin.py:188} INFO - [2026-06-03T10:35:48.105+0000] {dagbag.py:540} INFO - Filling up the DagBag from /opt/airflow/dags/dag_drift_monitoring.py
[2026-06-03T10:35:48.167+0000] {processor.py:840} INFO - DAG(s) 'neuralretail_drift_monitoring' retrieved from /opt/airflow/dags/dag_drift_monitoring.py
[2026-06-03T10:35:48.200+0000] {logging_mixin.py:188} INFO - [2026-06-03T10:35:48.200+0000] {dag.py:3096} INFO - Sync 1 DAGs
[2026-06-03T10:35:48.224+0000] {logging_mixin.py:188} INFO - [2026-06-03T10:35:48.224+0000] {dag.py:3954} INFO - Setting next_dagrun for neuralretail_drift_monitoring to 2026-06-02 08:00:00+00:00, run_after=2026-06-03 08:00:00+00:00
[2026-06-03T10:35:48.244+0000] {processor.py:183} INFO - Processing /opt/airflow/dags/dag_drift_monitoring.py took 0.155 seconds
[2026-06-03T10:36:19.296+0000] {processor.py:161} INFO - Started process (PID=2095) to work on /opt/airflow/dags/dag_drift_monitoring.py
[2026-06-03T10:36:19.301+0000] {processor.py:830} INFO - Processing file /opt/airflow/dags/dag_drift_monitoring.py for tasks to queue
[2026-06-03T10:36:19.308+0000] {logging_mixin.py:188} INFO - [2026-06-03T10:36:19.307+0000] {dagbag.py:540} INFO - Filling up the DagBag from /opt/airflow/dags/dag_drift_monitoring.py
[2026-06-03T10:36:19.449+0000] {processor.py:840} INFO - DAG(s) 'neuralretail_drift_monitoring' retrieved from /opt/airflow/dags/dag_drift_monitoring.py
[2026-06-03T10:36:19.473+0000] {logging_mixin.py:188} INFO - [2026-06-03T10:36:19.473+0000] {dag.py:3096} INFO - Sync 1 DAGs
[2026-06-03T10:36:19.494+0000] {logging_mixin.py:188} INFO - [2026-06-03T10:36:19.494+0000] {dag.py:3954} INFO - Setting next_dagrun for neuralretail_drift_monitoring to 2026-06-02 08:00:00+00:00, run_after=2026-06-03 08:00:00+00:00
[2026-06-03T10:36:19.517+0000] {processor.py:183} INFO - Processing /opt/airflow/dags/dag_drift_monitoring.py took 0.229 seconds
[2026-06-03T10:36:50.314+0000] {processor.py:161} INFO - Started process (PID=2115) to work on /opt/airflow/dags/dag_drift_monitoring.py
[2026-06-03T10:36:50.316+0000] {processor.py:830} INFO - Processing file /opt/airflow/dags/dag_drift_monitoring.py for tasks to queue
[2026-06-03T10:36:50.320+0000] {logging_mixin.py:188} INFO - [2026-06-03T10:36:50.319+0000] {dagbag.py:540} INFO - Filling up the DagBag from /opt/airflow/dags/dag_drift_monitoring.py
[2026-06-03T10:36:50.373+0000] {processor.py:840} INFO - DAG(s) 'neuralretail_drift_monitoring' retrieved from /opt/airflow/dags/dag_drift_monitoring.py
[2026-06-03T10:36:50.393+0000] {logging_mixin.py:188} INFO - [2026-06-03T10:36:50.393+0000] {dag.py:3096} INFO - Sync 1 DAGs
[2026-06-03T10:36:50.410+0000] {logging_mixin.py:188} INFO - [2026-06-03T10:36:50.410+0000] {dag.py:3954} INFO - Setting next_dagrun for neuralretail_drift_monitoring to 2026-06-02 08:00:00+00:00, run_after=2026-06-03 08:00:00+00:00
[2026-06-03T10:36:50.426+0000] {processor.py:183} INFO - Processing /opt/airflow/dags/dag_drift_monitoring.py took 0.126 seconds
[2026-06-03T10:37:20.606+0000] {processor.py:161} INFO - Started process (PID=2135) to work on /opt/airflow/dags/dag_drift_monitoring.py
[2026-06-03T10:37:20.613+0000] {processor.py:830} INFO - Processing file /opt/airflow/dags/dag_drift_monitoring.py for tasks to queue
[2026-06-03T10:37:20.625+0000] {logging_mixin.py:188} INFO - [2026-06-03T10:37:20.624+0000] {dagbag.py:540} INFO - Filling up the DagBag from /opt/airflow/dags/dag_drift_monitoring.py
[2026-06-03T10:37:20.753+0000] {processor.py:840} INFO - DAG(s) 'neuralretail_drift_monitoring' retrieved from /opt/airflow/dags/dag_drift_monitoring.py
[2026-06-03T10:37:20.780+0000] {logging_mixin.py:188} INFO - [2026-06-03T10:37:20.780+0000] {dag.py:3096} INFO - Sync 1 DAGs
[2026-06-03T10:37:20.809+0000] {logging_mixin.py:188} INFO - [2026-06-03T10:37:20.809+0000] {dag.py:3954} INFO - Setting next_dagrun for neuralretail_drift_monitoring to 2026-06-02 08:00:00+00:00, run_after=2026-06-03 08:00:00+00:00
[2026-06-03T10:37:20.850+0000] {processor.py:183} INFO - Processing /opt/airflow/dags/dag_drift_monitoring.py took 0.252 seconds
[2026-06-03T10:37:51.248+0000] {processor.py:161} INFO - Started process (PID=2155) to work on /opt/airflow/dags/dag_drift_monitoring.py
[2026-06-03T10:37:51.250+0000] {processor.py:830} INFO - Processing file /opt/airflow/dags/dag_drift_monitoring.py for tasks to queue
[2026-06-03T10:37:51.252+0000] {logging_mixin.py:188} INFO - [2026-06-03T10:37:51.252+0000] {dagbag.py:540} INFO - Filling up the DagBag from /opt/airflow/dags/dag_drift_monitoring.py
[2026-06-03T10:37:51.332+0000] {processor.py:840} INFO - DAG(s) 'neuralretail_drift_monitoring' retrieved from /opt/airflow/dags/dag_drift_monitoring.py
[2026-06-03T10:37:51.377+0000] {logging_mixin.py:188} INFO - [2026-06-03T10:37:51.377+0000] {dag.py:3096} INFO - Sync 1 DAGs
[2026-06-03T10:37:51.402+0000] {logging_mixin.py:188} INFO - [2026-06-03T10:37:51.402+0000] {dag.py:3954} INFO - Setting next_dagrun for neuralretail_drift_monitoring to 2026-06-02 08:00:00+00:00, run_after=2026-06-03 08:00:00+00:00
[2026-06-03T10:37:51.480+0000] {processor.py:183} INFO - Processing /opt/airflow/dags/dag_drift_monitoring.py took 0.245 seconds
[2026-06-03T10:38:22.309+0000] {processor.py:161} INFO - Started process (PID=2175) to work on /opt/airflow/dags/dag_drift_monitoring.py
[2026-06-03T10:38:22.314+0000] {processor.py:830} INFO - Processing file /opt/airflow/dags/dag_drift_monitoring.py for tasks to queue
[2026-06-03T10:38:22.321+0000] {logging_mixin.py:188} INFO - [2026-06-03T10:38:22.320+0000] {dagbag.py:540} INFO - Filling up the DagBag from /opt/airflow/dags/dag_drift_monitoring.py
[2026-06-03T10:38:22.439+0000] {processor.py:840} INFO - DAG(s) 'neuralretail_drift_monitoring' retrieved from /opt/airflow/dags/dag_drift_monitoring.py
[2026-06-03T10:38:22.498+0000] {logging_mixin.py:188} INFO - [2026-06-03T10:38:22.497+0000] {dag.py:3096} INFO - Sync 1 DAGs
[2026-06-03T10:38:22.557+0000] {logging_mixin.py:188} INFO - [2026-06-03T10:38:22.556+0000] {dag.py:3954} INFO - Setting next_dagrun for neuralretail_drift_monitoring to 2026-06-02 08:00:00+00:00, run_after=2026-06-03 08:00:00+00:00
[2026-06-03T10:38:22.610+0000] {processor.py:183} INFO - Processing /opt/airflow/dags/dag_drift_monitoring.py took 0.324 seconds
[2026-06-03T10:38:52.903+0000] {processor.py:161} INFO - Started process (PID=2195) to work on /opt/airflow/dags/dag_drift_monitoring.py
[2026-06-03T10:38:52.912+0000] {processor.py:830} INFO - Processing file /opt/airflow/dags/dag_drift_monitoring.py for tasks to queue
[2026-06-03T10:38:52.928+0000] {logging_mixin.py:188} INFO - [2026-06-03T10:38:52.928+0000] {dagbag.py:540} INFO - Filling up the DagBag from /opt/airflow/dags/dag_drift_monitoring.py
[2026-06-03T10:38:53.065+0000] {processor.py:840} INFO - DAG(s) 'neuralretail_drift_monitoring' retrieved from /opt/airflow/dags/dag_drift_monitoring.py
[2026-06-03T10:38:53.132+0000] {logging_mixin.py:188} INFO - [2026-06-03T10:38:53.131+0000] {dag.py:3096} INFO - Sync 1 DAGs
[2026-06-03T10:38:53.167+0000] {logging_mixin.py:188} INFO - [2026-06-03T10:38:53.167+0000] {dag.py:3954} INFO - Setting next_dagrun for neuralretail_drift_monitoring to 2026-06-02 08:00:00+00:00, run_after=2026-06-03 08:00:00+00:00
[2026-06-03T10:38:53.193+0000] {processor.py:183} INFO - Processing /opt/airflow/dags/dag_drift_monitoring.py took 0.296 seconds
[2026-06-03T10:39:23.510+0000] {processor.py:161} INFO - Started process (PID=2215) to work on /opt/airflow/dags/dag_drift_monitoring.py
[2026-06-03T10:39:23.515+0000] {processor.py:830} INFO - Processing file /opt/airflow/dags/dag_drift_monitoring.py for tasks to queue
[2026-06-03T10:39:23.521+0000] {logging_mixin.py:188} INFO - [2026-06-03T10:39:23.520+0000] {dagbag.py:540} INFO - Filling up the DagBag from /opt/airflow/dags/dag_drift_monitoring.py
[2026-06-03T10:39:23.623+0000] {processor.py:840} INFO - DAG(s) 'neuralretail_drift_monitoring' retrieved from /opt/airflow/dags/dag_drift_monitoring.py
[2026-06-03T10:39:23.652+0000] {logging_mixin.py:188} INFO - [2026-06-03T10:39:23.652+0000] {dag.py:3096} INFO - Sync 1 DAGs
[2026-06-03T10:39:23.671+0000] {logging_mixin.py:188} INFO - [2026-06-03T10:39:23.671+0000] {dag.py:3954} INFO - Setting next_dagrun for neuralretail_drift_monitoring to 2026-06-02 08:00:00+00:00, run_after=2026-06-03 08:00:00+00:00
[2026-06-03T10:39:23.695+0000] {processor.py:183} INFO - Processing /opt/airflow/dags/dag_drift_monitoring.py took 0.197 seconds
[2026-06-03T10:39:54.273+0000] {processor.py:161} INFO - Started process (PID=2235) to work on /opt/airflow/dags/dag_drift_monitoring.py
[2026-06-03T10:39:54.275+0000] {processor.py:830} INFO - Processing file /opt/airflow/dags/dag_drift_monitoring.py for tasks to queue
[2026-06-03T10:39:54.285+0000] {logging_mixin.py:188} INFO - [2026-06-03T10:39:54.284+0000] {dagbag.py:540} INFO - Filling up the DagBag from /opt/airflow/dags/dag_drift_monitoring.py
[2026-06-03T10:39:54.380+0000] {processor.py:840} INFO - DAG(s) 'neuralretail_drift_monitoring' retrieved from /opt/airflow/dags/dag_drift_monitoring.py
[2026-06-03T10:39:54.416+0000] {logging_mixin.py:188} INFO - [2026-06-03T10:39:54.416+0000] {dag.py:3096} INFO - Sync 1 DAGs
[2026-06-03T10:39:54.439+0000] {logging_mixin.py:188} INFO - [2026-06-03T10:39:54.438+0000] {dag.py:3954} INFO - Setting next_dagrun for neuralretail_drift_monitoring to 2026-06-02 08:00:00+00:00, run_after=2026-06-03 08:00:00+00:00
[2026-06-03T10:39:54.484+0000] {processor.py:183} INFO - Processing /opt/airflow/dags/dag_drift_monitoring.py took 0.219 seconds
[2026-06-03T10:40:24.939+0000] {processor.py:161} INFO - Started process (PID=2257) to work on /opt/airflow/dags/dag_drift_monitoring.py
[2026-06-03T10:40:24.943+0000] {processor.py:830} INFO - Processing file /opt/airflow/dags/dag_drift_monitoring.py for tasks to queue
[2026-06-03T10:40:24.949+0000] {logging_mixin.py:188} INFO - [2026-06-03T10:40:24.947+0000] {dagbag.py:540} INFO - Filling up the DagBag from /opt/airflow/dags/dag_drift_monitoring.py
[2026-06-03T10:40:25.092+0000] {processor.py:840} INFO - DAG(s) 'neuralretail_drift_monitoring' retrieved from /opt/airflow/dags/dag_drift_monitoring.py
[2026-06-03T10:40:25.122+0000] {logging_mixin.py:188} INFO - [2026-06-03T10:40:25.121+0000] {dag.py:3096} INFO - Sync 1 DAGs
[2026-06-03T10:40:25.142+0000] {logging_mixin.py:188} INFO - [2026-06-03T10:40:25.142+0000] {dag.py:3954} INFO - Setting next_dagrun for neuralretail_drift_monitoring to 2026-06-02 08:00:00+00:00, run_after=2026-06-03 08:00:00+00:00
[2026-06-03T10:40:25.179+0000] {processor.py:183} INFO - Processing /opt/airflow/dags/dag_drift_monitoring.py took 0.258 seconds
[2026-06-03T10:40:55.530+0000] {processor.py:161} INFO - Started process (PID=2277) to work on /opt/airflow/dags/dag_drift_monitoring.py
[2026-06-03T10:40:55.532+0000] {processor.py:830} INFO - Processing file /opt/airflow/dags/dag_drift_monitoring.py for tasks to queue
[2026-06-03T10:40:55.536+0000] {logging_mixin.py:188} INFO - [2026-06-03T10:40:55.536+0000] {dagbag.py:540} INFO - Filling up the DagBag from /opt/airflow/dags/dag_drift_monitoring.py
[2026-06-03T10:40:55.644+0000] {processor.py:840} INFO - DAG(s) 'neuralretail_drift_monitoring' retrieved from /opt/airflow/dags/dag_drift_monitoring.py
[2026-06-03T10:40:55.688+0000] {logging_mixin.py:188} INFO - [2026-06-03T10:40:55.687+0000] {dag.py:3096} INFO - Sync 1 DAGs
[2026-06-03T10:40:55.712+0000] {logging_mixin.py:188} INFO - [2026-06-03T10:40:55.712+0000] {dag.py:3954} INFO - Setting next_dagrun for neuralretail_drift_monitoring to 2026-06-02 08:00:00+00:00, run_after=2026-06-03 08:00:00+00:00
[2026-06-03T10:40:55.735+0000] {processor.py:183} INFO - Processing /opt/airflow/dags/dag_drift_monitoring.py took 0.221 seconds
[2026-06-03T10:41:25.975+0000] {processor.py:161} INFO - Started process (PID=2297) to work on /opt/airflow/dags/dag_drift_monitoring.py
[2026-06-03T10:41:25.978+0000] {processor.py:830} INFO - Processing file /opt/airflow/dags/dag_drift_monitoring.py for tasks to queue
[2026-06-03T10:41:25.981+0000] {logging_mixin.py:188} INFO - [2026-06-03T10:41:25.980+0000] {dagbag.py:540} INFO - Filling up the DagBag from /opt/airflow/dags/dag_drift_monitoring.py
[2026-06-03T10:41:26.052+0000] {processor.py:840} INFO - DAG(s) 'neuralretail_drift_monitoring' retrieved from /opt/airflow/dags/dag_drift_monitoring.py
[2026-06-03T10:41:26.092+0000] {logging_mixin.py:188} INFO - [2026-06-03T10:41:26.092+0000] {dag.py:3096} INFO - Sync 1 DAGs
[2026-06-03T10:41:26.121+0000] {logging_mixin.py:188} INFO - [2026-06-03T10:41:26.121+0000] {dag.py:3954} INFO - Setting next_dagrun for neuralretail_drift_monitoring to 2026-06-02 08:00:00+00:00, run_after=2026-06-03 08:00:00+00:00
[2026-06-03T10:41:26.181+0000] {processor.py:183} INFO - Processing /opt/airflow/dags/dag_drift_monitoring.py took 0.222 seconds
[2026-06-03T10:41:56.401+0000] {processor.py:161} INFO - Started process (PID=2317) to work on /opt/airflow/dags/dag_drift_monitoring.py
[2026-06-03T10:41:56.403+0000] {processor.py:830} INFO - Processing file /opt/airflow/dags/dag_drift_monitoring.py for tasks to queue
[2026-06-03T10:41:56.406+0000] {logging_mixin.py:188} INFO - [2026-06-03T10:41:56.405+0000] {dagbag.py:540} INFO - Filling up the DagBag from /opt/airflow/dags/dag_drift_monitoring.py
[2026-06-03T10:41:56.480+0000] {processor.py:840} INFO - DAG(s) 'neuralretail_drift_monitoring' retrieved from /opt/airflow/dags/dag_drift_monitoring.py
[2026-06-03T10:41:56.517+0000] {logging_mixin.py:188} INFO - [2026-06-03T10:41:56.517+0000] {dag.py:3096} INFO - Sync 1 DAGs
[2026-06-03T10:41:56.551+0000] {logging_mixin.py:188} INFO - [2026-06-03T10:41:56.551+0000] {dag.py:3954} INFO - Setting next_dagrun for neuralretail_drift_monitoring to 2026-06-02 08:00:00+00:00, run_after=2026-06-03 08:00:00+00:00
[2026-06-03T10:41:56.573+0000] {processor.py:183} INFO - Processing /opt/airflow/dags/dag_drift_monitoring.py took 0.179 seconds
[2026-06-03T10:42:26.853+0000] {processor.py:161} INFO - Started process (PID=2337) to work on /opt/airflow/dags/dag_drift_monitoring.py
[2026-06-03T10:42:26.855+0000] {processor.py:830} INFO - Processing file /opt/airflow/dags/dag_drift_monitoring.py for tasks to queue
[2026-06-03T10:42:26.859+0000] {logging_mixin.py:188} INFO - [2026-06-03T10:42:26.859+0000] {dagbag.py:540} INFO - Filling up the DagBag from /opt/airflow/dags/dag_drift_monitoring.py
[2026-06-03T10:42:26.953+0000] {processor.py:840} INFO - DAG(s) 'neuralretail_drift_monitoring' retrieved from /opt/airflow/dags/dag_drift_monitoring.py
[2026-06-03T10:42:27.003+0000] {logging_mixin.py:188} INFO - [2026-06-03T10:42:27.002+0000] {dag.py:3096} INFO - Sync 1 DAGs
[2026-06-03T10:42:27.058+0000] {logging_mixin.py:188} INFO - [2026-06-03T10:42:27.057+0000] {dag.py:3954} INFO - Setting next_dagrun for neuralretail_drift_monitoring to 2026-06-02 08:00:00+00:00, run_after=2026-06-03 08:00:00+00:00
[2026-06-03T10:42:27.098+0000] {processor.py:183} INFO - Processing /opt/airflow/dags/dag_drift_monitoring.py took 0.259 seconds
[2026-06-03T10:42:57.621+0000] {processor.py:161} INFO - Started process (PID=2357) to work on /opt/airflow/dags/dag_drift_monitoring.py
[2026-06-03T10:42:57.624+0000] {processor.py:830} INFO - Processing file /opt/airflow/dags/dag_drift_monitoring.py for tasks to queue
[2026-06-03T10:42:57.630+0000] {logging_mixin.py:188} INFO - [2026-06-03T10:42:57.630+0000] {dagbag.py:540} INFO - Filling up the DagBag from /opt/airflow/dags/dag_drift_monitoring.py
[2026-06-03T10:42:57.728+0000] {processor.py:840} INFO - DAG(s) 'neuralretail_drift_monitoring' retrieved from /opt/airflow/dags/dag_drift_monitoring.py
[2026-06-03T10:42:57.776+0000] {logging_mixin.py:188} INFO - [2026-06-03T10:42:57.775+0000] {dag.py:3096} INFO - Sync 1 DAGs
[2026-06-03T10:42:57.816+0000] {logging_mixin.py:188} INFO - [2026-06-03T10:42:57.816+0000] {dag.py:3954} INFO - Setting next_dagrun for neuralretail_drift_monitoring to 2026-06-02 08:00:00+00:00, run_after=2026-06-03 08:00:00+00:00
[2026-06-03T10:42:57.848+0000] {processor.py:183} INFO - Processing /opt/airflow/dags/dag_drift_monitoring.py took 0.236 seconds
[2026-06-03T10:43:28.038+0000] {processor.py:161} INFO - Started process (PID=2375) to work on /opt/airflow/dags/dag_drift_monitoring.py
[2026-06-03T10:43:28.039+0000] {processor.py:830} INFO - Processing file /opt/airflow/dags/dag_drift_monitoring.py for tasks to queue
[2026-06-03T10:43:28.045+0000] {logging_mixin.py:188} INFO - [2026-06-03T10:43:28.044+0000] {dagbag.py:540} INFO - Filling up the DagBag from /opt/airflow/dags/dag_drift_monitoring.py
[2026-06-03T10:43:28.133+0000] {processor.py:840} INFO - DAG(s) 'neuralretail_drift_monitoring' retrieved from /opt/airflow/dags/dag_drift_monitoring.py
[2026-06-03T10:43:28.166+0000] {logging_mixin.py:188} INFO - [2026-06-03T10:43:28.166+0000] {dag.py:3096} INFO - Sync 1 DAGs
[2026-06-03T10:43:28.195+0000] {logging_mixin.py:188} INFO - [2026-06-03T10:43:28.195+0000] {dag.py:3954} INFO - Setting next_dagrun for neuralretail_drift_monitoring to 2026-06-02 08:00:00+00:00, run_after=2026-06-03 08:00:00+00:00
[2026-06-03T10:43:28.225+0000] {processor.py:183} INFO - Processing /opt/airflow/dags/dag_drift_monitoring.py took 0.195 seconds
[2026-06-03T10:43:58.740+0000] {processor.py:161} INFO - Started process (PID=2395) to work on /opt/airflow/dags/dag_drift_monitoring.py
[2026-06-03T10:43:58.740+0000] {processor.py:830} INFO - Processing file /opt/airflow/dags/dag_drift_monitoring.py for tasks to queue
[2026-06-03T10:43:58.743+0000] {logging_mixin.py:188} INFO - [2026-06-03T10:43:58.742+0000] {dagbag.py:540} INFO - Filling up the DagBag from /opt/airflow/dags/dag_drift_monitoring.py
[2026-06-03T10:43:58.782+0000] {processor.py:840} INFO - DAG(s) 'neuralretail_drift_monitoring' retrieved from /opt/airflow/dags/dag_drift_monitoring.py
[2026-06-03T10:43:58.807+0000] {logging_mixin.py:188} INFO - [2026-06-03T10:43:58.807+0000] {dag.py:3096} INFO - Sync 1 DAGs
[2026-06-03T10:43:58.826+0000] {logging_mixin.py:188} INFO - [2026-06-03T10:43:58.826+0000] {dag.py:3954} INFO - Setting next_dagrun for neuralretail_drift_monitoring to 2026-06-02 08:00:00+00:00, run_after=2026-06-03 08:00:00+00:00
[2026-06-03T10:43:58.845+0000] {processor.py:183} INFO - Processing /opt/airflow/dags/dag_drift_monitoring.py took 0.116 seconds
[2026-06-03T10:44:28.978+0000] {processor.py:161} INFO - Started process (PID=2415) to work on /opt/airflow/dags/dag_drift_monitoring.py
[2026-06-03T10:44:28.995+0000] {processor.py:830} INFO - Processing file /opt/airflow/dags/dag_drift_monitoring.py for tasks to queue
[2026-06-03T10:44:29.000+0000] {logging_mixin.py:188} INFO - [2026-06-03T10:44:28.999+0000] {dagbag.py:540} INFO - Filling up the DagBag from /opt/airflow/dags/dag_drift_monitoring.py
[2026-06-03T10:44:29.320+0000] {processor.py:840} INFO - DAG(s) 'neuralretail_drift_monitoring' retrieved from /opt/airflow/dags/dag_drift_monitoring.py
[2026-06-03T10:44:29.357+0000] {logging_mixin.py:188} INFO - [2026-06-03T10:44:29.357+0000] {dag.py:3096} INFO - Sync 1 DAGs
[2026-06-03T10:44:29.380+0000] {logging_mixin.py:188} INFO - [2026-06-03T10:44:29.379+0000] {dag.py:3954} INFO - Setting next_dagrun for neuralretail_drift_monitoring to 2026-06-02 08:00:00+00:00, run_after=2026-06-03 08:00:00+00:00
[2026-06-03T10:44:29.412+0000] {processor.py:183} INFO - Processing /opt/airflow/dags/dag_drift_monitoring.py took 0.439 seconds
[2026-06-03T10:45:00.134+0000] {processor.py:161} INFO - Started process (PID=2435) to work on /opt/airflow/dags/dag_drift_monitoring.py
[2026-06-03T10:45:00.139+0000] {processor.py:830} INFO - Processing file /opt/airflow/dags/dag_drift_monitoring.py for tasks to queue
[2026-06-03T10:45:00.145+0000] {logging_mixin.py:188} INFO - [2026-06-03T10:45:00.144+0000] {dagbag.py:540} INFO - Filling up the DagBag from /opt/airflow/dags/dag_drift_monitoring.py
[2026-06-03T10:45:00.264+0000] {processor.py:840} INFO - DAG(s) 'neuralretail_drift_monitoring' retrieved from /opt/airflow/dags/dag_drift_monitoring.py
[2026-06-03T10:45:00.310+0000] {logging_mixin.py:188} INFO - [2026-06-03T10:45:00.309+0000] {dag.py:3096} INFO - Sync 1 DAGs
[2026-06-03T10:45:00.332+0000] {logging_mixin.py:188} INFO - [2026-06-03T10:45:00.331+0000] {dag.py:3954} INFO - Setting next_dagrun for neuralretail_drift_monitoring to 2026-06-02 08:00:00+00:00, run_after=2026-06-03 08:00:00+00:00
[2026-06-03T10:45:00.352+0000] {processor.py:183} INFO - Processing /opt/airflow/dags/dag_drift_monitoring.py took 0.234 seconds
[2026-06-03T10:45:30.970+0000] {processor.py:161} INFO - Started process (PID=2455) to work on /opt/airflow/dags/dag_drift_monitoring.py
[2026-06-03T10:45:30.972+0000] {processor.py:830} INFO - Processing file /opt/airflow/dags/dag_drift_monitoring.py for tasks to queue
[2026-06-03T10:45:30.975+0000] {logging_mixin.py:188} INFO - [2026-06-03T10:45:30.974+0000] {dagbag.py:540} INFO - Filling up the DagBag from /opt/airflow/dags/dag_drift_monitoring.py
[2026-06-03T10:45:31.061+0000] {processor.py:840} INFO - DAG(s) 'neuralretail_drift_monitoring' retrieved from /opt/airflow/dags/dag_drift_monitoring.py
[2026-06-03T10:45:31.107+0000] {logging_mixin.py:188} INFO - [2026-06-03T10:45:31.107+0000] {dag.py:3096} INFO - Sync 1 DAGs
[2026-06-03T10:45:31.143+0000] {logging_mixin.py:188} INFO - [2026-06-03T10:45:31.142+0000] {dag.py:3954} INFO - Setting next_dagrun for neuralretail_drift_monitoring to 2026-06-02 08:00:00+00:00, run_after=2026-06-03 08:00:00+00:00
[2026-06-03T10:45:31.178+0000] {processor.py:183} INFO - Processing /opt/airflow/dags/dag_drift_monitoring.py took 0.218 seconds
[2026-06-03T10:46:01.500+0000] {processor.py:161} INFO - Started process (PID=2475) to work on /opt/airflow/dags/dag_drift_monitoring.py
[2026-06-03T10:46:01.504+0000] {processor.py:830} INFO - Processing file /opt/airflow/dags/dag_drift_monitoring.py for tasks to queue
[2026-06-03T10:46:01.511+0000] {logging_mixin.py:188} INFO - [2026-06-03T10:46:01.510+0000] {dagbag.py:540} INFO - Filling up the DagBag from /opt/airflow/dags/dag_drift_monitoring.py
[2026-06-03T10:46:01.613+0000] {processor.py:840} INFO - DAG(s) 'neuralretail_drift_monitoring' retrieved from /opt/airflow/dags/dag_drift_monitoring.py
[2026-06-03T10:46:01.670+0000] {logging_mixin.py:188} INFO - [2026-06-03T10:46:01.669+0000] {dag.py:3096} INFO - Sync 1 DAGs
[2026-06-03T10:46:01.732+0000] {logging_mixin.py:188} INFO - [2026-06-03T10:46:01.732+0000] {dag.py:3954} INFO - Setting next_dagrun for neuralretail_drift_monitoring to 2026-06-02 08:00:00+00:00, run_after=2026-06-03 08:00:00+00:00
[2026-06-03T10:46:01.767+0000] {processor.py:183} INFO - Processing /opt/airflow/dags/dag_drift_monitoring.py took 0.285 seconds
[2026-06-03T10:46:32.002+0000] {processor.py:161} INFO - Started process (PID=2495) to work on /opt/airflow/dags/dag_drift_monitoring.py
[2026-06-03T10:46:32.004+0000] {processor.py:830} INFO - Processing file /opt/airflow/dags/dag_drift_monitoring.py for tasks to queue
[2026-06-03T10:46:32.006+0000] {logging_mixin.py:188} INFO - [2026-06-03T10:46:32.006+0000] {dagbag.py:540} INFO - Filling up the DagBag from /opt/airflow/dags/dag_drift_monitoring.py
[2026-06-03T10:46:32.058+0000] {processor.py:840} INFO - DAG(s) 'neuralretail_drift_monitoring' retrieved from /opt/airflow/dags/dag_drift_monitoring.py
[2026-06-03T10:46:32.082+0000] {logging_mixin.py:188} INFO - [2026-06-03T10:46:32.081+0000] {dag.py:3096} INFO - Sync 1 DAGs
[2026-06-03T10:46:32.102+0000] {logging_mixin.py:188} INFO - [2026-06-03T10:46:32.102+0000] {dag.py:3954} INFO - Setting next_dagrun for neuralretail_drift_monitoring to 2026-06-02 08:00:00+00:00, run_after=2026-06-03 08:00:00+00:00
[2026-06-03T10:46:32.120+0000] {processor.py:183} INFO - Processing /opt/airflow/dags/dag_drift_monitoring.py took 0.124 seconds
[2026-06-03T10:47:02.420+0000] {processor.py:161} INFO - Started process (PID=2517) to work on /opt/airflow/dags/dag_drift_monitoring.py
[2026-06-03T10:47:02.424+0000] {processor.py:830} INFO - Processing file /opt/airflow/dags/dag_drift_monitoring.py for tasks to queue
[2026-06-03T10:47:02.429+0000] {logging_mixin.py:188} INFO - [2026-06-03T10:47:02.428+0000] {dagbag.py:540} INFO - Filling up the DagBag from /opt/airflow/dags/dag_drift_monitoring.py
[2026-06-03T10:47:02.525+0000] {processor.py:840} INFO - DAG(s) 'neuralretail_drift_monitoring' retrieved from /opt/airflow/dags/dag_drift_monitoring.py
[2026-06-03T10:47:02.555+0000] {logging_mixin.py:188} INFO - [2026-06-03T10:47:02.555+0000] {dag.py:3096} INFO - Sync 1 DAGs
[2026-06-03T10:47:02.597+0000] {logging_mixin.py:188} INFO - [2026-06-03T10:47:02.596+0000] {dag.py:3954} INFO - Setting next_dagrun for neuralretail_drift_monitoring to 2026-06-02 08:00:00+00:00, run_after=2026-06-03 08:00:00+00:00
[2026-06-03T10:47:02.644+0000] {processor.py:183} INFO - Processing /opt/airflow/dags/dag_drift_monitoring.py took 0.240 seconds
[2026-06-03T10:47:32.870+0000] {processor.py:161} INFO - Started process (PID=2537) to work on /opt/airflow/dags/dag_drift_monitoring.py
[2026-06-03T10:47:32.871+0000] {processor.py:830} INFO - Processing file /opt/airflow/dags/dag_drift_monitoring.py for tasks to queue
[2026-06-03T10:47:32.873+0000] {logging_mixin.py:188} INFO - [2026-06-03T10:47:32.872+0000] {dagbag.py:540} INFO - Filling up the DagBag from /opt/airflow/dags/dag_drift_monitoring.py
[2026-06-03T10:47:32.930+0000] {processor.py:840} INFO - DAG(s) 'neuralretail_drift_monitoring' retrieved from /opt/airflow/dags/dag_drift_monitoring.py
[2026-06-03T10:47:32.964+0000] {logging_mixin.py:188} INFO - [2026-06-03T10:47:32.964+0000] {dag.py:3096} INFO - Sync 1 DAGs
[2026-06-03T10:47:32.989+0000] {logging_mixin.py:188} INFO - [2026-06-03T10:47:32.989+0000] {dag.py:3954} INFO - Setting next_dagrun for neuralretail_drift_monitoring to 2026-06-02 08:00:00+00:00, run_after=2026-06-03 08:00:00+00:00
[2026-06-03T10:47:33.024+0000] {processor.py:183} INFO - Processing /opt/airflow/dags/dag_drift_monitoring.py took 0.159 seconds
[2026-06-03T10:48:03.428+0000] {processor.py:161} INFO - Started process (PID=2557) to work on /opt/airflow/dags/dag_drift_monitoring.py
[2026-06-03T10:48:03.430+0000] {processor.py:830} INFO - Processing file /opt/airflow/dags/dag_drift_monitoring.py for tasks to queue
[2026-06-03T10:48:03.436+0000] {logging_mixin.py:188} INFO - [2026-06-03T10:48:03.435+0000] {dagbag.py:540} INFO - Filling up the DagBag from /opt/airflow/dags/dag_drift_monitoring.py
[2026-06-03T10:48:03.517+0000] {processor.py:840} INFO - DAG(s) 'neuralretail_drift_monitoring' retrieved from /opt/airflow/dags/dag_drift_monitoring.py
[2026-06-03T10:48:03.547+0000] {logging_mixin.py:188} INFO - [2026-06-03T10:48:03.547+0000] {dag.py:3096} INFO - Sync 1 DAGs
[2026-06-03T10:48:03.579+0000] {logging_mixin.py:188} INFO - [2026-06-03T10:48:03.579+0000] {dag.py:3954} INFO - Setting next_dagrun for neuralretail_drift_monitoring to 2026-06-02 08:00:00+00:00, run_after=2026-06-03 08:00:00+00:00
[2026-06-03T10:48:03.608+0000] {processor.py:183} INFO - Processing /opt/airflow/dags/dag_drift_monitoring.py took 0.188 seconds
[2026-06-03T10:48:34.379+0000] {processor.py:161} INFO - Started process (PID=2577) to work on /opt/airflow/dags/dag_drift_monitoring.py
[2026-06-03T10:48:34.381+0000] {processor.py:830} INFO - Processing file /opt/airflow/dags/dag_drift_monitoring.py for tasks to queue
[2026-06-03T10:48:34.386+0000] {logging_mixin.py:188} INFO - [2026-06-03T10:48:34.385+0000] {dagbag.py:540} INFO - Filling up the DagBag from /opt/airflow/dags/dag_drift_monitoring.py
[2026-06-03T10:48:34.503+0000] {processor.py:840} INFO - DAG(s) 'neuralretail_drift_monitoring' retrieved from /opt/airflow/dags/dag_drift_monitoring.py
[2026-06-03T10:48:34.543+0000] {logging_mixin.py:188} INFO - [2026-06-03T10:48:34.542+0000] {dag.py:3096} INFO - Sync 1 DAGs
[2026-06-03T10:48:34.580+0000] {logging_mixin.py:188} INFO - [2026-06-03T10:48:34.579+0000] {dag.py:3954} INFO - Setting next_dagrun for neuralretail_drift_monitoring to 2026-06-02 08:00:00+00:00, run_after=2026-06-03 08:00:00+00:00
[2026-06-03T10:48:34.620+0000] {processor.py:183} INFO - Processing /opt/airflow/dags/dag_drift_monitoring.py took 0.252 seconds
[2026-06-03T10:49:04.878+0000] {processor.py:161} INFO - Started process (PID=2595) to work on /opt/airflow/dags/dag_drift_monitoring.py
[2026-06-03T10:49:04.880+0000] {processor.py:830} INFO - Processing file /opt/airflow/dags/dag_drift_monitoring.py for tasks to queue
[2026-06-03T10:49:04.884+0000] {logging_mixin.py:188} INFO - [2026-06-03T10:49:04.884+0000] {dagbag.py:540} INFO - Filling up the DagBag from /opt/airflow/dags/dag_drift_monitoring.py
[2026-06-03T10:49:04.930+0000] {processor.py:840} INFO - DAG(s) 'neuralretail_drift_monitoring' retrieved from /opt/airflow/dags/dag_drift_monitoring.py
[2026-06-03T10:49:04.958+0000] {logging_mixin.py:188} INFO - [2026-06-03T10:49:04.958+0000] {dag.py:3096} INFO - Sync 1 DAGs
[2026-06-03T10:49:04.982+0000] {logging_mixin.py:188} INFO - [2026-06-03T10:49:04.982+0000] {dag.py:3954} INFO - Setting next_dagrun for neuralretail_drift_monitoring to 2026-06-02 08:00:00+00:00, run_after=2026-06-03 08:00:00+00:00
[2026-06-03T10:49:05.004+0000] {processor.py:183} INFO - Processing /opt/airflow/dags/dag_drift_monitoring.py took 0.140 seconds
[2026-06-03T10:49:35.532+0000] {processor.py:161} INFO - Started process (PID=2615) to work on /opt/airflow/dags/dag_drift_monitoring.py
[2026-06-03T10:49:35.535+0000] {processor.py:830} INFO - Processing file /opt/airflow/dags/dag_drift_monitoring.py for tasks to queue
[2026-06-03T10:49:35.541+0000] {logging_mixin.py:188} INFO - [2026-06-03T10:49:35.541+0000] {dagbag.py:540} INFO - Filling up the DagBag from /opt/airflow/dags/dag_drift_monitoring.py
[2026-06-03T10:49:35.625+0000] {processor.py:840} INFO - DAG(s) 'neuralretail_drift_monitoring' retrieved from /opt/airflow/dags/dag_drift_monitoring.py
[2026-06-03T10:49:35.679+0000] {logging_mixin.py:188} INFO - [2026-06-03T10:49:35.679+0000] {dag.py:3096} INFO - Sync 1 DAGs
[2026-06-03T10:49:35.709+0000] {logging_mixin.py:188} INFO - [2026-06-03T10:49:35.709+0000] {dag.py:3954} INFO - Setting next_dagrun for neuralretail_drift_monitoring to 2026-06-02 08:00:00+00:00, run_after=2026-06-03 08:00:00+00:00
[2026-06-03T10:49:35.729+0000] {processor.py:183} INFO - Processing /opt/airflow/dags/dag_drift_monitoring.py took 0.212 seconds
[2026-06-03T10:50:06.529+0000] {processor.py:161} INFO - Started process (PID=2635) to work on /opt/airflow/dags/dag_drift_monitoring.py
[2026-06-03T10:50:06.531+0000] {processor.py:830} INFO - Processing file /opt/airflow/dags/dag_drift_monitoring.py for tasks to queue
[2026-06-03T10:50:06.536+0000] {logging_mixin.py:188} INFO - [2026-06-03T10:50:06.536+0000] {dagbag.py:540} INFO - Filling up the DagBag from /opt/airflow/dags/dag_drift_monitoring.py
[2026-06-03T10:50:06.596+0000] {processor.py:840} INFO - DAG(s) 'neuralretail_drift_monitoring' retrieved from /opt/airflow/dags/dag_drift_monitoring.py
[2026-06-03T10:50:06.622+0000] {logging_mixin.py:188} INFO - [2026-06-03T10:50:06.622+0000] {dag.py:3096} INFO - Sync 1 DAGs
[2026-06-03T10:50:06.641+0000] {logging_mixin.py:188} INFO - [2026-06-03T10:50:06.641+0000] {dag.py:3954} INFO - Setting next_dagrun for neuralretail_drift_monitoring to 2026-06-02 08:00:00+00:00, run_after=2026-06-03 08:00:00+00:00
[2026-06-03T10:50:06.664+0000] {processor.py:183} INFO - Processing /opt/airflow/dags/dag_drift_monitoring.py took 0.141 seconds
[2026-06-03T10:50:36.850+0000] {processor.py:161} INFO - Started process (PID=2655) to work on /opt/airflow/dags/dag_drift_monitoring.py
[2026-06-03T10:50:36.851+0000] {processor.py:830} INFO - Processing file /opt/airflow/dags/dag_drift_monitoring.py for tasks to queue
[2026-06-03T10:50:36.852+0000] {logging_mixin.py:188} INFO - [2026-06-03T10:50:36.852+0000] {dagbag.py:540} INFO - Filling up the DagBag from /opt/airflow/dags/dag_drift_monitoring.py
[2026-06-03T10:50:36.900+0000] {processor.py:840} INFO - DAG(s) 'neuralretail_drift_monitoring' retrieved from /opt/airflow/dags/dag_drift_monitoring.py
[2026-06-03T10:50:36.922+0000] {logging_mixin.py:188} INFO - [2026-06-03T10:50:36.922+0000] {dag.py:3096} INFO - Sync 1 DAGs
[2026-06-03T10:50:36.946+0000] {logging_mixin.py:188} INFO - [2026-06-03T10:50:36.946+0000] {dag.py:3954} INFO - Setting next_dagrun for neuralretail_drift_monitoring to 2026-06-02 08:00:00+00:00, run_after=2026-06-03 08:00:00+00:00
[2026-06-03T10:50:36.965+0000] {processor.py:183} INFO - Processing /opt/airflow/dags/dag_drift_monitoring.py took 0.121 seconds
[2026-06-03T10:51:07.930+0000] {processor.py:161} INFO - Started process (PID=2675) to work on /opt/airflow/dags/dag_drift_monitoring.py
[2026-06-03T10:51:07.931+0000] {processor.py:830} INFO - Processing file /opt/airflow/dags/dag_drift_monitoring.py for tasks to queue
[2026-06-03T10:51:07.935+0000] {logging_mixin.py:188} INFO - [2026-06-03T10:51:07.935+0000] {dagbag.py:540} INFO - Filling up the DagBag from /opt/airflow/dags/dag_drift_monitoring.py
[2026-06-03T10:51:07.987+0000] {processor.py:840} INFO - DAG(s) 'neuralretail_drift_monitoring' retrieved from /opt/airflow/dags/dag_drift_monitoring.py
[2026-06-03T10:51:08.013+0000] {logging_mixin.py:188} INFO - [2026-06-03T10:51:08.013+0000] {dag.py:3096} INFO - Sync 1 DAGs
[2026-06-03T10:51:08.032+0000] {logging_mixin.py:188} INFO - [2026-06-03T10:51:08.032+0000] {dag.py:3954} INFO - Setting next_dagrun for neuralretail_drift_monitoring to 2026-06-02 08:00:00+00:00, run_after=2026-06-03 08:00:00+00:00
[2026-06-03T10:51:08.063+0000] {processor.py:183} INFO - Processing /opt/airflow/dags/dag_drift_monitoring.py took 0.139 seconds
[2026-06-03T10:51:38.819+0000] {processor.py:161} INFO - Started process (PID=2695) to work on /opt/airflow/dags/dag_drift_monitoring.py
[2026-06-03T10:51:38.825+0000] {processor.py:830} INFO - Processing file /opt/airflow/dags/dag_drift_monitoring.py for tasks to queue
[2026-06-03T10:51:38.831+0000] {logging_mixin.py:188} INFO - [2026-06-03T10:51:38.830+0000] {dagbag.py:540} INFO - Filling up the DagBag from /opt/airflow/dags/dag_drift_monitoring.py
[2026-06-03T10:51:38.923+0000] {processor.py:840} INFO - DAG(s) 'neuralretail_drift_monitoring' retrieved from /opt/airflow/dags/dag_drift_monitoring.py
[2026-06-03T10:51:38.952+0000] {logging_mixin.py:188} INFO - [2026-06-03T10:51:38.951+0000] {dag.py:3096} INFO - Sync 1 DAGs
[2026-06-03T10:51:38.976+0000] {logging_mixin.py:188} INFO - [2026-06-03T10:51:38.976+0000] {dag.py:3954} INFO - Setting next_dagrun for neuralretail_drift_monitoring to 2026-06-02 08:00:00+00:00, run_after=2026-06-03 08:00:00+00:00
[2026-06-03T10:51:39.018+0000] {processor.py:183} INFO - Processing /opt/airflow/dags/dag_drift_monitoring.py took 0.220 seconds
[2026-06-03T10:52:09.285+0000] {processor.py:161} INFO - Started process (PID=2715) to work on /opt/airflow/dags/dag_drift_monitoring.py
[2026-06-03T10:52:09.286+0000] {processor.py:830} INFO - Processing file /opt/airflow/dags/dag_drift_monitoring.py for tasks to queue
[2026-06-03T10:52:09.287+0000] {logging_mixin.py:188} INFO - [2026-06-03T10:52:09.287+0000] {dagbag.py:540} INFO - Filling up the DagBag from /opt/airflow/dags/dag_drift_monitoring.py
[2026-06-03T10:52:09.399+0000] {processor.py:840} INFO - DAG(s) 'neuralretail_drift_monitoring' retrieved from /opt/airflow/dags/dag_drift_monitoring.py
[2026-06-03T10:52:09.437+0000] {logging_mixin.py:188} INFO - [2026-06-03T10:52:09.436+0000] {dag.py:3096} INFO - Sync 1 DAGs
[2026-06-03T10:52:09.462+0000] {logging_mixin.py:188} INFO - [2026-06-03T10:52:09.461+0000] {dag.py:3954} INFO - Setting next_dagrun for neuralretail_drift_monitoring to 2026-06-02 08:00:00+00:00, run_after=2026-06-03 08:00:00+00:00
[2026-06-03T10:52:09.483+0000] {processor.py:183} INFO - Processing /opt/airflow/dags/dag_drift_monitoring.py took 0.205 seconds
[2026-06-03T10:52:40.100+0000] {processor.py:161} INFO - Started process (PID=2735) to work on /opt/airflow/dags/dag_drift_monitoring.py
[2026-06-03T10:52:40.103+0000] {processor.py:830} INFO - Processing file /opt/airflow/dags/dag_drift_monitoring.py for tasks to queue
[2026-06-03T10:52:40.109+0000] {logging_mixin.py:188} INFO - [2026-06-03T10:52:40.108+0000] {dagbag.py:540} INFO - Filling up the DagBag from /opt/airflow/dags/dag_drift_monitoring.py
[2026-06-03T10:52:40.211+0000] {processor.py:840} INFO - DAG(s) 'neuralretail_drift_monitoring' retrieved from /opt/airflow/dags/dag_drift_monitoring.py
[2026-06-03T10:52:40.253+0000] {logging_mixin.py:188} INFO - [2026-06-03T10:52:40.253+0000] {dag.py:3096} INFO - Sync 1 DAGs
[2026-06-03T10:52:40.278+0000] {logging_mixin.py:188} INFO - [2026-06-03T10:52:40.278+0000] {dag.py:3954} INFO - Setting next_dagrun for neuralretail_drift_monitoring to 2026-06-02 08:00:00+00:00, run_after=2026-06-03 08:00:00+00:00
[2026-06-03T10:52:40.301+0000] {processor.py:183} INFO - Processing /opt/airflow/dags/dag_drift_monitoring.py took 0.215 seconds
[2026-06-03T10:53:10.524+0000] {processor.py:161} INFO - Started process (PID=2755) to work on /opt/airflow/dags/dag_drift_monitoring.py
[2026-06-03T10:53:10.526+0000] {processor.py:830} INFO - Processing file /opt/airflow/dags/dag_drift_monitoring.py for tasks to queue
[2026-06-03T10:53:10.529+0000] {logging_mixin.py:188} INFO - [2026-06-03T10:53:10.528+0000] {dagbag.py:540} INFO - Filling up the DagBag from /opt/airflow/dags/dag_drift_monitoring.py
[2026-06-03T10:53:10.578+0000] {processor.py:840} INFO - DAG(s) 'neuralretail_drift_monitoring' retrieved from /opt/airflow/dags/dag_drift_monitoring.py
[2026-06-03T10:53:10.608+0000] {logging_mixin.py:188} INFO - [2026-06-03T10:53:10.608+0000] {dag.py:3096} INFO - Sync 1 DAGs
[2026-06-03T10:53:10.629+0000] {logging_mixin.py:188} INFO - [2026-06-03T10:53:10.629+0000] {dag.py:3954} INFO - Setting next_dagrun for neuralretail_drift_monitoring to 2026-06-02 08:00:00+00:00, run_after=2026-06-03 08:00:00+00:00
[2026-06-03T10:53:10.654+0000] {processor.py:183} INFO - Processing /opt/airflow/dags/dag_drift_monitoring.py took 0.140 seconds
[2026-06-03T10:53:41.005+0000] {processor.py:161} INFO - Started process (PID=2775) to work on /opt/airflow/dags/dag_drift_monitoring.py
[2026-06-03T10:53:41.008+0000] {processor.py:830} INFO - Processing file /opt/airflow/dags/dag_drift_monitoring.py for tasks to queue
[2026-06-03T10:53:41.011+0000] {logging_mixin.py:188} INFO - [2026-06-03T10:53:41.010+0000] {dagbag.py:540} INFO - Filling up the DagBag from /opt/airflow/dags/dag_drift_monitoring.py
[2026-06-03T10:53:41.115+0000] {processor.py:840} INFO - DAG(s) 'neuralretail_drift_monitoring' retrieved from /opt/airflow/dags/dag_drift_monitoring.py
[2026-06-03T10:53:41.158+0000] {logging_mixin.py:188} INFO - [2026-06-03T10:53:41.158+0000] {dag.py:3096} INFO - Sync 1 DAGs
[2026-06-03T10:53:41.183+0000] {logging_mixin.py:188} INFO - [2026-06-03T10:53:41.182+0000] {dag.py:3954} INFO - Setting next_dagrun for neuralretail_drift_monitoring to 2026-06-02 08:00:00+00:00, run_after=2026-06-03 08:00:00+00:00
[2026-06-03T10:53:41.209+0000] {processor.py:183} INFO - Processing /opt/airflow/dags/dag_drift_monitoring.py took 0.212 seconds
[2026-06-03T10:54:11.661+0000] {processor.py:161} INFO - Started process (PID=2795) to work on /opt/airflow/dags/dag_drift_monitoring.py
[2026-06-03T10:54:11.662+0000] {processor.py:830} INFO - Processing file /opt/airflow/dags/dag_drift_monitoring.py for tasks to queue
[2026-06-03T10:54:11.665+0000] {logging_mixin.py:188} INFO - [2026-06-03T10:54:11.664+0000] {dagbag.py:540} INFO - Filling up the DagBag from /opt/airflow/dags/dag_drift_monitoring.py
[2026-06-03T10:54:11.714+0000] {processor.py:840} INFO - DAG(s) 'neuralretail_drift_monitoring' retrieved from /opt/airflow/dags/dag_drift_monitoring.py
[2026-06-03T10:54:11.741+0000] {logging_mixin.py:188} INFO - [2026-06-03T10:54:11.740+0000] {dag.py:3096} INFO - Sync 1 DAGs
[2026-06-03T10:54:11.772+0000] {logging_mixin.py:188} INFO - [2026-06-03T10:54:11.772+0000] {dag.py:3954} INFO - Setting next_dagrun for neuralretail_drift_monitoring to 2026-06-02 08:00:00+00:00, run_after=2026-06-03 08:00:00+00:00
[2026-06-03T10:54:11.797+0000] {processor.py:183} INFO - Processing /opt/airflow/dags/dag_drift_monitoring.py took 0.144 seconds
[2026-06-03T10:54:41.934+0000] {processor.py:161} INFO - Started process (PID=2815) to work on /opt/airflow/dags/dag_drift_monitoring.py
[2026-06-03T10:54:41.938+0000] {processor.py:830} INFO - Processing file /opt/airflow/dags/dag_drift_monitoring.py for tasks to queue
[2026-06-03T10:54:41.942+0000] {logging_mixin.py:188} INFO - [2026-06-03T10:54:41.941+0000] {dagbag.py:540} INFO - Filling up the DagBag from /opt/airflow/dags/dag_drift_monitoring.py
[2026-06-03T10:54:42.000+0000] {processor.py:840} INFO - DAG(s) 'neuralretail_drift_monitoring' retrieved from /opt/airflow/dags/dag_drift_monitoring.py
[2026-06-03T10:54:42.033+0000] {logging_mixin.py:188} INFO - [2026-06-03T10:54:42.033+0000] {dag.py:3096} INFO - Sync 1 DAGs
[2026-06-03T10:54:42.068+0000] {logging_mixin.py:188} INFO - [2026-06-03T10:54:42.067+0000] {dag.py:3954} INFO - Setting next_dagrun for neuralretail_drift_monitoring to 2026-06-02 08:00:00+00:00, run_after=2026-06-03 08:00:00+00:00
[2026-06-03T10:54:42.092+0000] {processor.py:183} INFO - Processing /opt/airflow/dags/dag_drift_monitoring.py took 0.167 seconds
[2026-06-03T10:55:12.515+0000] {processor.py:161} INFO - Started process (PID=2835) to work on /opt/airflow/dags/dag_drift_monitoring.py
[2026-06-03T10:55:12.516+0000] {processor.py:830} INFO - Processing file /opt/airflow/dags/dag_drift_monitoring.py for tasks to queue
[2026-06-03T10:55:12.518+0000] {logging_mixin.py:188} INFO - [2026-06-03T10:55:12.518+0000] {dagbag.py:540} INFO - Filling up the DagBag from /opt/airflow/dags/dag_drift_monitoring.py
[2026-06-03T10:55:12.570+0000] {processor.py:840} INFO - DAG(s) 'neuralretail_drift_monitoring' retrieved from /opt/airflow/dags/dag_drift_monitoring.py
[2026-06-03T10:55:12.614+0000] {logging_mixin.py:188} INFO - [2026-06-03T10:55:12.614+0000] {dag.py:3096} INFO - Sync 1 DAGs
[2026-06-03T10:55:12.648+0000] {logging_mixin.py:188} INFO - [2026-06-03T10:55:12.647+0000] {dag.py:3954} INFO - Setting next_dagrun for neuralretail_drift_monitoring to 2026-06-02 08:00:00+00:00, run_after=2026-06-03 08:00:00+00:00
[2026-06-03T10:55:12.677+0000] {processor.py:183} INFO - Processing /opt/airflow/dags/dag_drift_monitoring.py took 0.167 seconds
[2026-06-03T10:55:42.979+0000] {processor.py:161} INFO - Started process (PID=2857) to work on /opt/airflow/dags/dag_drift_monitoring.py
[2026-06-03T10:55:42.981+0000] {processor.py:830} INFO - Processing file /opt/airflow/dags/dag_drift_monitoring.py for tasks to queue
[2026-06-03T10:55:42.983+0000] {logging_mixin.py:188} INFO - [2026-06-03T10:55:42.983+0000] {dagbag.py:540} INFO - Filling up the DagBag from /opt/airflow/dags/dag_drift_monitoring.py
[2026-06-03T10:55:43.058+0000] {processor.py:840} INFO - DAG(s) 'neuralretail_drift_monitoring' retrieved from /opt/airflow/dags/dag_drift_monitoring.py
[2026-06-03T10:55:43.088+0000] {logging_mixin.py:188} INFO - [2026-06-03T10:55:43.088+0000] {dag.py:3096} INFO - Sync 1 DAGs
[2026-06-03T10:55:43.106+0000] {logging_mixin.py:188} INFO - [2026-06-03T10:55:43.106+0000] {dag.py:3954} INFO - Setting next_dagrun for neuralretail_drift_monitoring to 2026-06-02 08:00:00+00:00, run_after=2026-06-03 08:00:00+00:00
[2026-06-03T10:55:43.126+0000] {processor.py:183} INFO - Processing /opt/airflow/dags/dag_drift_monitoring.py took 0.160 seconds
[2026-06-03T10:56:13.320+0000] {processor.py:161} INFO - Started process (PID=2875) to work on /opt/airflow/dags/dag_drift_monitoring.py
[2026-06-03T10:56:13.321+0000] {processor.py:830} INFO - Processing file /opt/airflow/dags/dag_drift_monitoring.py for tasks to queue
[2026-06-03T10:56:13.323+0000] {logging_mixin.py:188} INFO - [2026-06-03T10:56:13.323+0000] {dagbag.py:540} INFO - Filling up the DagBag from /opt/airflow/dags/dag_drift_monitoring.py
[2026-06-03T10:56:13.358+0000] {processor.py:840} INFO - DAG(s) 'neuralretail_drift_monitoring' retrieved from /opt/airflow/dags/dag_drift_monitoring.py
[2026-06-03T10:56:13.386+0000] {logging_mixin.py:188} INFO - [2026-06-03T10:56:13.386+0000] {dag.py:3096} INFO - Sync 1 DAGs
[2026-06-03T10:56:13.424+0000] {logging_mixin.py:188} INFO - [2026-06-03T10:56:13.424+0000] {dag.py:3954} INFO - Setting next_dagrun for neuralretail_drift_monitoring to 2026-06-02 08:00:00+00:00, run_after=2026-06-03 08:00:00+00:00
[2026-06-03T10:56:13.489+0000] {processor.py:183} INFO - Processing /opt/airflow/dags/dag_drift_monitoring.py took 0.177 seconds
[2026-06-03T10:56:44.428+0000] {processor.py:161} INFO - Started process (PID=2895) to work on /opt/airflow/dags/dag_drift_monitoring.py
[2026-06-03T10:56:44.433+0000] {processor.py:830} INFO - Processing file /opt/airflow/dags/dag_drift_monitoring.py for tasks to queue
[2026-06-03T10:56:44.442+0000] {logging_mixin.py:188} INFO - [2026-06-03T10:56:44.441+0000] {dagbag.py:540} INFO - Filling up the DagBag from /opt/airflow/dags/dag_drift_monitoring.py
[2026-06-03T10:56:44.544+0000] {processor.py:840} INFO - DAG(s) 'neuralretail_drift_monitoring' retrieved from /opt/airflow/dags/dag_drift_monitoring.py
[2026-06-03T10:56:44.569+0000] {logging_mixin.py:188} INFO - [2026-06-03T10:56:44.569+0000] {dag.py:3096} INFO - Sync 1 DAGs
[2026-06-03T10:56:45.443+0000] {logging_mixin.py:188} INFO - [2026-06-03T10:56:45.443+0000] {dag.py:3954} INFO - Setting next_dagrun for neuralretail_drift_monitoring to 2026-06-02 08:00:00+00:00, run_after=2026-06-03 08:00:00+00:00
[2026-06-03T10:56:45.461+0000] {processor.py:183} INFO - Processing /opt/airflow/dags/dag_drift_monitoring.py took 1.047 seconds
[2026-06-03T10:57:16.342+0000] {processor.py:161} INFO - Started process (PID=2917) to work on /opt/airflow/dags/dag_drift_monitoring.py
[2026-06-03T10:57:16.343+0000] {processor.py:830} INFO - Processing file /opt/airflow/dags/dag_drift_monitoring.py for tasks to queue
[2026-06-03T10:57:16.345+0000] {logging_mixin.py:188} INFO - [2026-06-03T10:57:16.345+0000] {dagbag.py:540} INFO - Filling up the DagBag from /opt/airflow/dags/dag_drift_monitoring.py
[2026-06-03T10:57:16.408+0000] {processor.py:840} INFO - DAG(s) 'neuralretail_drift_monitoring' retrieved from /opt/airflow/dags/dag_drift_monitoring.py
[2026-06-03T10:57:16.426+0000] {logging_mixin.py:188} INFO - [2026-06-03T10:57:16.426+0000] {dag.py:3096} INFO - Sync 1 DAGs
[2026-06-03T10:57:16.441+0000] {logging_mixin.py:188} INFO - [2026-06-03T10:57:16.440+0000] {dag.py:3954} INFO - Setting next_dagrun for neuralretail_drift_monitoring to 2026-06-02 08:00:00+00:00, run_after=2026-06-03 08:00:00+00:00
[2026-06-03T10:57:16.456+0000] {processor.py:183} INFO - Processing /opt/airflow/dags/dag_drift_monitoring.py took 0.119 seconds
[2026-06-03T10:57:46.765+0000] {processor.py:161} INFO - Started process (PID=2937) to work on /opt/airflow/dags/dag_drift_monitoring.py
[2026-06-03T10:57:46.769+0000] {processor.py:830} INFO - Processing file /opt/airflow/dags/dag_drift_monitoring.py for tasks to queue
[2026-06-03T10:57:46.775+0000] {logging_mixin.py:188} INFO - [2026-06-03T10:57:46.774+0000] {dagbag.py:540} INFO - Filling up the DagBag from /opt/airflow/dags/dag_drift_monitoring.py
[2026-06-03T10:57:46.861+0000] {processor.py:840} INFO - DAG(s) 'neuralretail_drift_monitoring' retrieved from /opt/airflow/dags/dag_drift_monitoring.py
[2026-06-03T10:57:46.882+0000] {logging_mixin.py:188} INFO - [2026-06-03T10:57:46.882+0000] {dag.py:3096} INFO - Sync 1 DAGs
[2026-06-03T10:57:46.912+0000] {logging_mixin.py:188} INFO - [2026-06-03T10:57:46.912+0000] {dag.py:3954} INFO - Setting next_dagrun for neuralretail_drift_monitoring to 2026-06-02 08:00:00+00:00, run_after=2026-06-03 08:00:00+00:00
[2026-06-03T10:57:46.941+0000] {processor.py:183} INFO - Processing /opt/airflow/dags/dag_drift_monitoring.py took 0.193 seconds
[2026-06-03T10:58:17.808+0000] {processor.py:161} INFO - Started process (PID=2957) to work on /opt/airflow/dags/dag_drift_monitoring.py
[2026-06-03T10:58:17.810+0000] {processor.py:830} INFO - Processing file /opt/airflow/dags/dag_drift_monitoring.py for tasks to queue
[2026-06-03T10:58:17.811+0000] {logging_mixin.py:188} INFO - [2026-06-03T10:58:17.811+0000] {dagbag.py:540} INFO - Filling up the DagBag from /opt/airflow/dags/dag_drift_monitoring.py
[2026-06-03T10:58:17.858+0000] {processor.py:840} INFO - DAG(s) 'neuralretail_drift_monitoring' retrieved from /opt/airflow/dags/dag_drift_monitoring.py
[2026-06-03T10:58:17.877+0000] {logging_mixin.py:188} INFO - [2026-06-03T10:58:17.877+0000] {dag.py:3096} INFO - Sync 1 DAGs
[2026-06-03T10:58:18.004+0000] {logging_mixin.py:188} INFO - [2026-06-03T10:58:18.004+0000] {dag.py:3954} INFO - Setting next_dagrun for neuralretail_drift_monitoring to 2026-06-02 08:00:00+00:00, run_after=2026-06-03 08:00:00+00:00
[2026-06-03T10:58:18.025+0000] {processor.py:183} INFO - Processing /opt/airflow/dags/dag_drift_monitoring.py took 0.222 seconds
[2026-06-03T10:58:48.219+0000] {processor.py:161} INFO - Started process (PID=2977) to work on /opt/airflow/dags/dag_drift_monitoring.py
[2026-06-03T10:58:48.222+0000] {processor.py:830} INFO - Processing file /opt/airflow/dags/dag_drift_monitoring.py for tasks to queue
[2026-06-03T10:58:48.229+0000] {logging_mixin.py:188} INFO - [2026-06-03T10:58:48.228+0000] {dagbag.py:540} INFO - Filling up the DagBag from /opt/airflow/dags/dag_drift_monitoring.py
[2026-06-03T10:58:48.295+0000] {processor.py:840} INFO - DAG(s) 'neuralretail_drift_monitoring' retrieved from /opt/airflow/dags/dag_drift_monitoring.py
[2026-06-03T10:58:48.343+0000] {logging_mixin.py:188} INFO - [2026-06-03T10:58:48.343+0000] {dag.py:3096} INFO - Sync 1 DAGs
[2026-06-03T10:58:48.381+0000] {logging_mixin.py:188} INFO - [2026-06-03T10:58:48.381+0000] {dag.py:3954} INFO - Setting next_dagrun for neuralretail_drift_monitoring to 2026-06-02 08:00:00+00:00, run_after=2026-06-03 08:00:00+00:00
[2026-06-03T10:58:48.426+0000] {processor.py:183} INFO - Processing /opt/airflow/dags/dag_drift_monitoring.py took 0.222 seconds
[2026-06-03T10:59:18.763+0000] {processor.py:161} INFO - Started process (PID=2995) to work on /opt/airflow/dags/dag_drift_monitoring.py
[2026-06-03T10:59:18.765+0000] {processor.py:830} INFO - Processing file /opt/airflow/dags/dag_drift_monitoring.py for tasks to queue
[2026-06-03T10:59:18.768+0000] {logging_mixin.py:188} INFO - [2026-06-03T10:59:18.767+0000] {dagbag.py:540} INFO - Filling up the DagBag from /opt/airflow/dags/dag_drift_monitoring.py
[2026-06-03T10:59:18.819+0000] {processor.py:840} INFO - DAG(s) 'neuralretail_drift_monitoring' retrieved from /opt/airflow/dags/dag_drift_monitoring.py
[2026-06-03T10:59:18.841+0000] {logging_mixin.py:188} INFO - [2026-06-03T10:59:18.841+0000] {dag.py:3096} INFO - Sync 1 DAGs
[2026-06-03T10:59:18.998+0000] {logging_mixin.py:188} INFO - [2026-06-03T10:59:18.998+0000] {dag.py:3954} INFO - Setting next_dagrun for neuralretail_drift_monitoring to 2026-06-02 08:00:00+00:00, run_after=2026-06-03 08:00:00+00:00
[2026-06-03T10:59:19.046+0000] {processor.py:183} INFO - Processing /opt/airflow/dags/dag_drift_monitoring.py took 0.291 seconds
[2026-06-03T10:59:49.454+0000] {processor.py:161} INFO - Started process (PID=3017) to work on /opt/airflow/dags/dag_drift_monitoring.py
[2026-06-03T10:59:49.457+0000] {processor.py:830} INFO - Processing file /opt/airflow/dags/dag_drift_monitoring.py for tasks to queue
[2026-06-03T10:59:49.459+0000] {logging_mixin.py:188} INFO - [2026-06-03T10:59:49.459+0000] {dagbag.py:540} INFO - Filling up the DagBag from /opt/airflow/dags/dag_drift_monitoring.py
[2026-06-03T10:59:49.713+0000] {processor.py:840} INFO - DAG(s) 'neuralretail_drift_monitoring' retrieved from /opt/airflow/dags/dag_drift_monitoring.py
[2026-06-03T10:59:49.750+0000] {logging_mixin.py:188} INFO - [2026-06-03T10:59:49.750+0000] {dag.py:3096} INFO - Sync 1 DAGs
[2026-06-03T10:59:49.786+0000] {logging_mixin.py:188} INFO - [2026-06-03T10:59:49.786+0000] {dag.py:3954} INFO - Setting next_dagrun for neuralretail_drift_monitoring to 2026-06-02 08:00:00+00:00, run_after=2026-06-03 08:00:00+00:00
[2026-06-03T10:59:49.818+0000] {processor.py:183} INFO - Processing /opt/airflow/dags/dag_drift_monitoring.py took 0.371 seconds
[2026-06-03T11:00:20.614+0000] {processor.py:161} INFO - Started process (PID=3037) to work on /opt/airflow/dags/dag_drift_monitoring.py
[2026-06-03T11:00:20.617+0000] {processor.py:830} INFO - Processing file /opt/airflow/dags/dag_drift_monitoring.py for tasks to queue
[2026-06-03T11:00:20.620+0000] {logging_mixin.py:188} INFO - [2026-06-03T11:00:20.620+0000] {dagbag.py:540} INFO - Filling up the DagBag from /opt/airflow/dags/dag_drift_monitoring.py
[2026-06-03T11:00:20.676+0000] {processor.py:840} INFO - DAG(s) 'neuralretail_drift_monitoring' retrieved from /opt/airflow/dags/dag_drift_monitoring.py
[2026-06-03T11:00:20.699+0000] {logging_mixin.py:188} INFO - [2026-06-03T11:00:20.699+0000] {dag.py:3096} INFO - Sync 1 DAGs
[2026-06-03T11:00:20.720+0000] {logging_mixin.py:188} INFO - [2026-06-03T11:00:20.720+0000] {dag.py:3954} INFO - Setting next_dagrun for neuralretail_drift_monitoring to 2026-06-02 08:00:00+00:00, run_after=2026-06-03 08:00:00+00:00
[2026-06-03T11:00:20.741+0000] {processor.py:183} INFO - Processing /opt/airflow/dags/dag_drift_monitoring.py took 0.137 seconds
[2026-06-03T11:00:50.992+0000] {processor.py:161} INFO - Started process (PID=3057) to work on /opt/airflow/dags/dag_drift_monitoring.py
[2026-06-03T11:00:50.995+0000] {processor.py:830} INFO - Processing file /opt/airflow/dags/dag_drift_monitoring.py for tasks to queue
[2026-06-03T11:00:51.000+0000] {logging_mixin.py:188} INFO - [2026-06-03T11:00:50.999+0000] {dagbag.py:540} INFO - Filling up the DagBag from /opt/airflow/dags/dag_drift_monitoring.py
[2026-06-03T11:00:51.044+0000] {processor.py:840} INFO - DAG(s) 'neuralretail_drift_monitoring' retrieved from /opt/airflow/dags/dag_drift_monitoring.py
[2026-06-03T11:00:51.065+0000] {logging_mixin.py:188} INFO - [2026-06-03T11:00:51.065+0000] {dag.py:3096} INFO - Sync 1 DAGs
[2026-06-03T11:00:51.087+0000] {logging_mixin.py:188} INFO - [2026-06-03T11:00:51.087+0000] {dag.py:3954} INFO - Setting next_dagrun for neuralretail_drift_monitoring to 2026-06-02 08:00:00+00:00, run_after=2026-06-03 08:00:00+00:00
[2026-06-03T11:00:51.112+0000] {processor.py:183} INFO - Processing /opt/airflow/dags/dag_drift_monitoring.py took 0.126 seconds
[2026-06-03T11:01:21.795+0000] {processor.py:161} INFO - Started process (PID=3077) to work on /opt/airflow/dags/dag_drift_monitoring.py
[2026-06-03T11:01:21.798+0000] {processor.py:830} INFO - Processing file /opt/airflow/dags/dag_drift_monitoring.py for tasks to queue
[2026-06-03T11:01:21.803+0000] {logging_mixin.py:188} INFO - [2026-06-03T11:01:21.803+0000] {dagbag.py:540} INFO - Filling up the DagBag from /opt/airflow/dags/dag_drift_monitoring.py
[2026-06-03T11:01:21.890+0000] {processor.py:840} INFO - DAG(s) 'neuralretail_drift_monitoring' retrieved from /opt/airflow/dags/dag_drift_monitoring.py
[2026-06-03T11:01:21.933+0000] {logging_mixin.py:188} INFO - [2026-06-03T11:01:21.932+0000] {dag.py:3096} INFO - Sync 1 DAGs
[2026-06-03T11:01:21.973+0000] {logging_mixin.py:188} INFO - [2026-06-03T11:01:21.973+0000] {dag.py:3954} INFO - Setting next_dagrun for neuralretail_drift_monitoring to 2026-06-02 08:00:00+00:00, run_after=2026-06-03 08:00:00+00:00
[2026-06-03T11:01:22.011+0000] {processor.py:183} INFO - Processing /opt/airflow/dags/dag_drift_monitoring.py took 0.231 seconds
[2026-06-03T11:01:52.554+0000] {processor.py:161} INFO - Started process (PID=3097) to work on /opt/airflow/dags/dag_drift_monitoring.py
[2026-06-03T11:01:52.557+0000] {processor.py:830} INFO - Processing file /opt/airflow/dags/dag_drift_monitoring.py for tasks to queue
[2026-06-03T11:01:52.559+0000] {logging_mixin.py:188} INFO - [2026-06-03T11:01:52.558+0000] {dagbag.py:540} INFO - Filling up the DagBag from /opt/airflow/dags/dag_drift_monitoring.py
[2026-06-03T11:01:52.618+0000] {processor.py:840} INFO - DAG(s) 'neuralretail_drift_monitoring' retrieved from /opt/airflow/dags/dag_drift_monitoring.py
[2026-06-03T11:01:52.655+0000] {logging_mixin.py:188} INFO - [2026-06-03T11:01:52.655+0000] {dag.py:3096} INFO - Sync 1 DAGs
[2026-06-03T11:01:52.699+0000] {logging_mixin.py:188} INFO - [2026-06-03T11:01:52.699+0000] {dag.py:3954} INFO - Setting next_dagrun for neuralretail_drift_monitoring to 2026-06-02 08:00:00+00:00, run_after=2026-06-03 08:00:00+00:00
[2026-06-03T11:01:52.782+0000] {processor.py:183} INFO - Processing /opt/airflow/dags/dag_drift_monitoring.py took 0.238 seconds
[2026-06-03T11:02:23.417+0000] {processor.py:161} INFO - Started process (PID=3117) to work on /opt/airflow/dags/dag_drift_monitoring.py
[2026-06-03T11:02:23.418+0000] {processor.py:830} INFO - Processing file /opt/airflow/dags/dag_drift_monitoring.py for tasks to queue
[2026-06-03T11:02:23.422+0000] {logging_mixin.py:188} INFO - [2026-06-03T11:02:23.421+0000] {dagbag.py:540} INFO - Filling up the DagBag from /opt/airflow/dags/dag_drift_monitoring.py
[2026-06-03T11:02:23.495+0000] {processor.py:840} INFO - DAG(s) 'neuralretail_drift_monitoring' retrieved from /opt/airflow/dags/dag_drift_monitoring.py
[2026-06-03T11:02:23.515+0000] {logging_mixin.py:188} INFO - [2026-06-03T11:02:23.515+0000] {dag.py:3096} INFO - Sync 1 DAGs
[2026-06-03T11:02:23.541+0000] {logging_mixin.py:188} INFO - [2026-06-03T11:02:23.541+0000] {dag.py:3954} INFO - Setting next_dagrun for neuralretail_drift_monitoring to 2026-06-02 08:00:00+00:00, run_after=2026-06-03 08:00:00+00:00
[2026-06-03T11:02:23.565+0000] {processor.py:183} INFO - Processing /opt/airflow/dags/dag_drift_monitoring.py took 0.160 seconds
[2026-06-03T11:02:54.101+0000] {processor.py:161} INFO - Started process (PID=3137) to work on /opt/airflow/dags/dag_drift_monitoring.py
[2026-06-03T11:02:54.103+0000] {processor.py:830} INFO - Processing file /opt/airflow/dags/dag_drift_monitoring.py for tasks to queue
[2026-06-03T11:02:54.105+0000] {logging_mixin.py:188} INFO - [2026-06-03T11:02:54.105+0000] {dagbag.py:540} INFO - Filling up the DagBag from /opt/airflow/dags/dag_drift_monitoring.py
[2026-06-03T11:02:54.153+0000] {processor.py:840} INFO - DAG(s) 'neuralretail_drift_monitoring' retrieved from /opt/airflow/dags/dag_drift_monitoring.py
[2026-06-03T11:02:54.176+0000] {logging_mixin.py:188} INFO - [2026-06-03T11:02:54.176+0000] {dag.py:3096} INFO - Sync 1 DAGs
[2026-06-03T11:02:54.194+0000] {logging_mixin.py:188} INFO - [2026-06-03T11:02:54.194+0000] {dag.py:3954} INFO - Setting next_dagrun for neuralretail_drift_monitoring to 2026-06-02 08:00:00+00:00, run_after=2026-06-03 08:00:00+00:00
[2026-06-03T11:02:54.252+0000] {processor.py:183} INFO - Processing /opt/airflow/dags/dag_drift_monitoring.py took 0.162 seconds
[2026-06-03T11:03:24.352+0000] {processor.py:161} INFO - Started process (PID=3157) to work on /opt/airflow/dags/dag_drift_monitoring.py
[2026-06-03T11:03:24.355+0000] {processor.py:830} INFO - Processing file /opt/airflow/dags/dag_drift_monitoring.py for tasks to queue
[2026-06-03T11:03:24.359+0000] {logging_mixin.py:188} INFO - [2026-06-03T11:03:24.358+0000] {dagbag.py:540} INFO - Filling up the DagBag from /opt/airflow/dags/dag_drift_monitoring.py
[2026-06-03T11:03:24.421+0000] {processor.py:840} INFO - DAG(s) 'neuralretail_drift_monitoring' retrieved from /opt/airflow/dags/dag_drift_monitoring.py
[2026-06-03T11:03:24.451+0000] {logging_mixin.py:188} INFO - [2026-06-03T11:03:24.451+0000] {dag.py:3096} INFO - Sync 1 DAGs
[2026-06-03T11:03:24.482+0000] {logging_mixin.py:188} INFO - [2026-06-03T11:03:24.481+0000] {dag.py:3954} INFO - Setting next_dagrun for neuralretail_drift_monitoring to 2026-06-02 08:00:00+00:00, run_after=2026-06-03 08:00:00+00:00
[2026-06-03T11:03:24.515+0000] {processor.py:183} INFO - Processing /opt/airflow/dags/dag_drift_monitoring.py took 0.173 seconds
[2026-06-03T11:03:54.738+0000] {processor.py:161} INFO - Started process (PID=3177) to work on /opt/airflow/dags/dag_drift_monitoring.py
[2026-06-03T11:03:54.742+0000] {processor.py:830} INFO - Processing file /opt/airflow/dags/dag_drift_monitoring.py for tasks to queue
[2026-06-03T11:03:54.747+0000] {logging_mixin.py:188} INFO - [2026-06-03T11:03:54.746+0000] {dagbag.py:540} INFO - Filling up the DagBag from /opt/airflow/dags/dag_drift_monitoring.py
[2026-06-03T11:03:54.831+0000] {processor.py:840} INFO - DAG(s) 'neuralretail_drift_monitoring' retrieved from /opt/airflow/dags/dag_drift_monitoring.py
[2026-06-03T11:03:54.887+0000] {logging_mixin.py:188} INFO - [2026-06-03T11:03:54.887+0000] {dag.py:3096} INFO - Sync 1 DAGs
[2026-06-03T11:03:54.939+0000] {logging_mixin.py:188} INFO - [2026-06-03T11:03:54.938+0000] {dag.py:3954} INFO - Setting next_dagrun for neuralretail_drift_monitoring to 2026-06-02 08:00:00+00:00, run_after=2026-06-03 08:00:00+00:00
[2026-06-03T11:03:54.994+0000] {processor.py:183} INFO - Processing /opt/airflow/dags/dag_drift_monitoring.py took 0.267 seconds
[2026-06-03T11:04:25.119+0000] {processor.py:161} INFO - Started process (PID=3197) to work on /opt/airflow/dags/dag_drift_monitoring.py
[2026-06-03T11:04:25.122+0000] {processor.py:830} INFO - Processing file /opt/airflow/dags/dag_drift_monitoring.py for tasks to queue
[2026-06-03T11:04:25.127+0000] {logging_mixin.py:188} INFO - [2026-06-03T11:04:25.127+0000] {dagbag.py:540} INFO - Filling up the DagBag from /opt/airflow/dags/dag_drift_monitoring.py
[2026-06-03T11:04:25.228+0000] {processor.py:840} INFO - DAG(s) 'neuralretail_drift_monitoring' retrieved from /opt/airflow/dags/dag_drift_monitoring.py
[2026-06-03T11:04:25.256+0000] {logging_mixin.py:188} INFO - [2026-06-03T11:04:25.256+0000] {dag.py:3096} INFO - Sync 1 DAGs
[2026-06-03T11:04:25.282+0000] {logging_mixin.py:188} INFO - [2026-06-03T11:04:25.281+0000] {dag.py:3954} INFO - Setting next_dagrun for neuralretail_drift_monitoring to 2026-06-02 08:00:00+00:00, run_after=2026-06-03 08:00:00+00:00
[2026-06-03T11:04:25.302+0000] {processor.py:183} INFO - Processing /opt/airflow/dags/dag_drift_monitoring.py took 0.198 seconds
[2026-06-03T11:04:55.798+0000] {processor.py:161} INFO - Started process (PID=3217) to work on /opt/airflow/dags/dag_drift_monitoring.py
[2026-06-03T11:04:55.800+0000] {processor.py:830} INFO - Processing file /opt/airflow/dags/dag_drift_monitoring.py for tasks to queue
[2026-06-03T11:04:55.808+0000] {logging_mixin.py:188} INFO - [2026-06-03T11:04:55.808+0000] {dagbag.py:540} INFO - Filling up the DagBag from /opt/airflow/dags/dag_drift_monitoring.py
[2026-06-03T11:04:55.870+0000] {processor.py:840} INFO - DAG(s) 'neuralretail_drift_monitoring' retrieved from /opt/airflow/dags/dag_drift_monitoring.py
[2026-06-03T11:04:55.901+0000] {logging_mixin.py:188} INFO - [2026-06-03T11:04:55.900+0000] {dag.py:3096} INFO - Sync 1 DAGs
[2026-06-03T11:04:55.932+0000] {logging_mixin.py:188} INFO - [2026-06-03T11:04:55.932+0000] {dag.py:3954} INFO - Setting next_dagrun for neuralretail_drift_monitoring to 2026-06-02 08:00:00+00:00, run_after=2026-06-03 08:00:00+00:00
[2026-06-03T11:04:55.962+0000] {processor.py:183} INFO - Processing /opt/airflow/dags/dag_drift_monitoring.py took 0.180 seconds
[2026-06-03T11:05:26.390+0000] {processor.py:161} INFO - Started process (PID=3237) to work on /opt/airflow/dags/dag_drift_monitoring.py
[2026-06-03T11:05:26.404+0000] {processor.py:830} INFO - Processing file /opt/airflow/dags/dag_drift_monitoring.py for tasks to queue
[2026-06-03T11:05:26.428+0000] {logging_mixin.py:188} INFO - [2026-06-03T11:05:26.427+0000] {dagbag.py:540} INFO - Filling up the DagBag from /opt/airflow/dags/dag_drift_monitoring.py
[2026-06-03T11:05:26.976+0000] {processor.py:840} INFO - DAG(s) 'neuralretail_drift_monitoring' retrieved from /opt/airflow/dags/dag_drift_monitoring.py
[2026-06-03T11:05:27.079+0000] {logging_mixin.py:188} INFO - [2026-06-03T11:05:27.078+0000] {dag.py:3096} INFO - Sync 1 DAGs
[2026-06-03T11:05:27.178+0000] {logging_mixin.py:188} INFO - [2026-06-03T11:05:27.178+0000] {dag.py:3954} INFO - Setting next_dagrun for neuralretail_drift_monitoring to 2026-06-02 08:00:00+00:00, run_after=2026-06-03 08:00:00+00:00
[2026-06-03T11:05:27.213+0000] {processor.py:183} INFO - Processing /opt/airflow/dags/dag_drift_monitoring.py took 0.832 seconds
[2026-06-03T11:05:57.705+0000] {processor.py:161} INFO - Started process (PID=3257) to work on /opt/airflow/dags/dag_drift_monitoring.py
[2026-06-03T11:05:57.706+0000] {processor.py:830} INFO - Processing file /opt/airflow/dags/dag_drift_monitoring.py for tasks to queue
[2026-06-03T11:05:57.709+0000] {logging_mixin.py:188} INFO - [2026-06-03T11:05:57.709+0000] {dagbag.py:540} INFO - Filling up the DagBag from /opt/airflow/dags/dag_drift_monitoring.py
[2026-06-03T11:05:57.785+0000] {processor.py:840} INFO - DAG(s) 'neuralretail_drift_monitoring' retrieved from /opt/airflow/dags/dag_drift_monitoring.py
[2026-06-03T11:05:57.823+0000] {logging_mixin.py:188} INFO - [2026-06-03T11:05:57.822+0000] {dag.py:3096} INFO - Sync 1 DAGs
[2026-06-03T11:05:57.849+0000] {logging_mixin.py:188} INFO - [2026-06-03T11:05:57.849+0000] {dag.py:3954} INFO - Setting next_dagrun for neuralretail_drift_monitoring to 2026-06-02 08:00:00+00:00, run_after=2026-06-03 08:00:00+00:00
[2026-06-03T11:05:57.876+0000] {processor.py:183} INFO - Processing /opt/airflow/dags/dag_drift_monitoring.py took 0.188 seconds
[2026-06-03T11:06:28.453+0000] {processor.py:161} INFO - Started process (PID=3277) to work on /opt/airflow/dags/dag_drift_monitoring.py
[2026-06-03T11:06:28.462+0000] {processor.py:830} INFO - Processing file /opt/airflow/dags/dag_drift_monitoring.py for tasks to queue
[2026-06-03T11:06:28.481+0000] {logging_mixin.py:188} INFO - [2026-06-03T11:06:28.480+0000] {dagbag.py:540} INFO - Filling up the DagBag from /opt/airflow/dags/dag_drift_monitoring.py
[2026-06-03T11:06:28.957+0000] {processor.py:840} INFO - DAG(s) 'neuralretail_drift_monitoring' retrieved from /opt/airflow/dags/dag_drift_monitoring.py
[2026-06-03T11:06:29.011+0000] {logging_mixin.py:188} INFO - [2026-06-03T11:06:29.011+0000] {dag.py:3096} INFO - Sync 1 DAGs
[2026-06-03T11:06:29.081+0000] {logging_mixin.py:188} INFO - [2026-06-03T11:06:29.081+0000] {dag.py:3954} INFO - Setting next_dagrun for neuralretail_drift_monitoring to 2026-06-02 08:00:00+00:00, run_after=2026-06-03 08:00:00+00:00
[2026-06-03T11:06:29.128+0000] {processor.py:183} INFO - Processing /opt/airflow/dags/dag_drift_monitoring.py took 0.684 seconds
[2026-06-03T11:06:59.557+0000] {processor.py:161} INFO - Started process (PID=3295) to work on /opt/airflow/dags/dag_drift_monitoring.py
[2026-06-03T11:06:59.563+0000] {processor.py:830} INFO - Processing file /opt/airflow/dags/dag_drift_monitoring.py for tasks to queue
[2026-06-03T11:06:59.571+0000] {logging_mixin.py:188} INFO - [2026-06-03T11:06:59.571+0000] {dagbag.py:540} INFO - Filling up the DagBag from /opt/airflow/dags/dag_drift_monitoring.py
[2026-06-03T11:06:59.766+0000] {processor.py:840} INFO - DAG(s) 'neuralretail_drift_monitoring' retrieved from /opt/airflow/dags/dag_drift_monitoring.py
[2026-06-03T11:06:59.864+0000] {logging_mixin.py:188} INFO - [2026-06-03T11:06:59.864+0000] {dag.py:3096} INFO - Sync 1 DAGs
[2026-06-03T11:06:59.952+0000] {logging_mixin.py:188} INFO - [2026-06-03T11:06:59.951+0000] {dag.py:3954} INFO - Setting next_dagrun for neuralretail_drift_monitoring to 2026-06-02 08:00:00+00:00, run_after=2026-06-03 08:00:00+00:00
[2026-06-03T11:07:00.023+0000] {processor.py:183} INFO - Processing /opt/airflow/dags/dag_drift_monitoring.py took 0.477 seconds
[2026-06-03T11:07:30.388+0000] {processor.py:161} INFO - Started process (PID=3315) to work on /opt/airflow/dags/dag_drift_monitoring.py
[2026-06-03T11:07:30.393+0000] {processor.py:830} INFO - Processing file /opt/airflow/dags/dag_drift_monitoring.py for tasks to queue
[2026-06-03T11:07:30.402+0000] {logging_mixin.py:188} INFO - [2026-06-03T11:07:30.401+0000] {dagbag.py:540} INFO - Filling up the DagBag from /opt/airflow/dags/dag_drift_monitoring.py
[2026-06-03T11:07:30.532+0000] {processor.py:840} INFO - DAG(s) 'neuralretail_drift_monitoring' retrieved from /opt/airflow/dags/dag_drift_monitoring.py
[2026-06-03T11:07:30.589+0000] {logging_mixin.py:188} INFO - [2026-06-03T11:07:30.588+0000] {dag.py:3096} INFO - Sync 1 DAGs
[2026-06-03T11:07:30.635+0000] {logging_mixin.py:188} INFO - [2026-06-03T11:07:30.635+0000] {dag.py:3954} INFO - Setting next_dagrun for neuralretail_drift_monitoring to 2026-06-02 08:00:00+00:00, run_after=2026-06-03 08:00:00+00:00
[2026-06-03T11:07:30.681+0000] {processor.py:183} INFO - Processing /opt/airflow/dags/dag_drift_monitoring.py took 0.308 seconds
[2026-06-03T11:08:00.955+0000] {processor.py:161} INFO - Started process (PID=3335) to work on /opt/airflow/dags/dag_drift_monitoring.py
[2026-06-03T11:08:00.957+0000] {processor.py:830} INFO - Processing file /opt/airflow/dags/dag_drift_monitoring.py for tasks to queue
[2026-06-03T11:08:00.962+0000] {logging_mixin.py:188} INFO - [2026-06-03T11:08:00.962+0000] {dagbag.py:540} INFO - Filling up the DagBag from /opt/airflow/dags/dag_drift_monitoring.py
[2026-06-03T11:08:01.057+0000] {processor.py:840} INFO - DAG(s) 'neuralretail_drift_monitoring' retrieved from /opt/airflow/dags/dag_drift_monitoring.py
[2026-06-03T11:08:01.117+0000] {logging_mixin.py:188} INFO - [2026-06-03T11:08:01.116+0000] {dag.py:3096} INFO - Sync 1 DAGs
[2026-06-03T11:08:01.163+0000] {logging_mixin.py:188} INFO - [2026-06-03T11:08:01.162+0000] {dag.py:3954} INFO - Setting next_dagrun for neuralretail_drift_monitoring to 2026-06-02 08:00:00+00:00, run_after=2026-06-03 08:00:00+00:00
[2026-06-03T11:08:01.222+0000] {processor.py:183} INFO - Processing /opt/airflow/dags/dag_drift_monitoring.py took 0.283 seconds
[2026-06-03T11:08:31.779+0000] {processor.py:161} INFO - Started process (PID=3355) to work on /opt/airflow/dags/dag_drift_monitoring.py
[2026-06-03T11:08:31.781+0000] {processor.py:830} INFO - Processing file /opt/airflow/dags/dag_drift_monitoring.py for tasks to queue
[2026-06-03T11:08:31.784+0000] {logging_mixin.py:188} INFO - [2026-06-03T11:08:31.783+0000] {dagbag.py:540} INFO - Filling up the DagBag from /opt/airflow/dags/dag_drift_monitoring.py
[2026-06-03T11:08:31.860+0000] {processor.py:840} INFO - DAG(s) 'neuralretail_drift_monitoring' retrieved from /opt/airflow/dags/dag_drift_monitoring.py
[2026-06-03T11:08:31.935+0000] {logging_mixin.py:188} INFO - [2026-06-03T11:08:31.934+0000] {dag.py:3096} INFO - Sync 1 DAGs
[2026-06-03T11:08:32.008+0000] {logging_mixin.py:188} INFO - [2026-06-03T11:08:32.007+0000] {dag.py:3954} INFO - Setting next_dagrun for neuralretail_drift_monitoring to 2026-06-02 08:00:00+00:00, run_after=2026-06-03 08:00:00+00:00
[2026-06-03T11:08:32.107+0000] {processor.py:183} INFO - Processing /opt/airflow/dags/dag_drift_monitoring.py took 0.338 seconds
[2026-06-03T11:09:02.905+0000] {processor.py:161} INFO - Started process (PID=3375) to work on /opt/airflow/dags/dag_drift_monitoring.py
[2026-06-03T11:09:02.909+0000] {processor.py:830} INFO - Processing file /opt/airflow/dags/dag_drift_monitoring.py for tasks to queue
[2026-06-03T11:09:02.914+0000] {logging_mixin.py:188} INFO - [2026-06-03T11:09:02.914+0000] {dagbag.py:540} INFO - Filling up the DagBag from /opt/airflow/dags/dag_drift_monitoring.py
[2026-06-03T11:09:03.009+0000] {processor.py:840} INFO - DAG(s) 'neuralretail_drift_monitoring' retrieved from /opt/airflow/dags/dag_drift_monitoring.py
[2026-06-03T11:09:03.082+0000] {logging_mixin.py:188} INFO - [2026-06-03T11:09:03.081+0000] {dag.py:3096} INFO - Sync 1 DAGs
[2026-06-03T11:09:03.134+0000] {logging_mixin.py:188} INFO - [2026-06-03T11:09:03.133+0000] {dag.py:3954} INFO - Setting next_dagrun for neuralretail_drift_monitoring to 2026-06-02 08:00:00+00:00, run_after=2026-06-03 08:00:00+00:00
[2026-06-03T11:09:03.177+0000] {processor.py:183} INFO - Processing /opt/airflow/dags/dag_drift_monitoring.py took 0.291 seconds
[2026-06-03T11:09:33.517+0000] {processor.py:161} INFO - Started process (PID=3395) to work on /opt/airflow/dags/dag_drift_monitoring.py
[2026-06-03T11:09:33.518+0000] {processor.py:830} INFO - Processing file /opt/airflow/dags/dag_drift_monitoring.py for tasks to queue
[2026-06-03T11:09:33.521+0000] {logging_mixin.py:188} INFO - [2026-06-03T11:09:33.521+0000] {dagbag.py:540} INFO - Filling up the DagBag from /opt/airflow/dags/dag_drift_monitoring.py
[2026-06-03T11:09:33.605+0000] {processor.py:840} INFO - DAG(s) 'neuralretail_drift_monitoring' retrieved from /opt/airflow/dags/dag_drift_monitoring.py
[2026-06-03T11:09:33.668+0000] {logging_mixin.py:188} INFO - [2026-06-03T11:09:33.667+0000] {dag.py:3096} INFO - Sync 1 DAGs
[2026-06-03T11:09:33.730+0000] {logging_mixin.py:188} INFO - [2026-06-03T11:09:33.729+0000] {dag.py:3954} INFO - Setting next_dagrun for neuralretail_drift_monitoring to 2026-06-02 08:00:00+00:00, run_after=2026-06-03 08:00:00+00:00
[2026-06-03T11:09:33.784+0000] {processor.py:183} INFO - Processing /opt/airflow/dags/dag_drift_monitoring.py took 0.273 seconds
[2026-06-03T11:10:04.343+0000] {processor.py:161} INFO - Started process (PID=3415) to work on /opt/airflow/dags/dag_drift_monitoring.py
[2026-06-03T11:10:04.356+0000] {processor.py:830} INFO - Processing file /opt/airflow/dags/dag_drift_monitoring.py for tasks to queue
[2026-06-03T11:10:04.368+0000] {logging_mixin.py:188} INFO - [2026-06-03T11:10:04.368+0000] {dagbag.py:540} INFO - Filling up the DagBag from /opt/airflow/dags/dag_drift_monitoring.py
[2026-06-03T11:10:04.466+0000] {processor.py:840} INFO - DAG(s) 'neuralretail_drift_monitoring' retrieved from /opt/airflow/dags/dag_drift_monitoring.py
[2026-06-03T11:10:04.541+0000] {logging_mixin.py:188} INFO - [2026-06-03T11:10:04.540+0000] {dag.py:3096} INFO - Sync 1 DAGs
[2026-06-03T11:10:04.582+0000] {logging_mixin.py:188} INFO - [2026-06-03T11:10:04.582+0000] {dag.py:3954} INFO - Setting next_dagrun for neuralretail_drift_monitoring to 2026-06-02 08:00:00+00:00, run_after=2026-06-03 08:00:00+00:00
[2026-06-03T11:10:04.632+0000] {processor.py:183} INFO - Processing /opt/airflow/dags/dag_drift_monitoring.py took 0.300 seconds
[2026-06-03T11:10:34.862+0000] {processor.py:161} INFO - Started process (PID=3435) to work on /opt/airflow/dags/dag_drift_monitoring.py
[2026-06-03T11:10:34.864+0000] {processor.py:830} INFO - Processing file /opt/airflow/dags/dag_drift_monitoring.py for tasks to queue
[2026-06-03T11:10:34.867+0000] {logging_mixin.py:188} INFO - [2026-06-03T11:10:34.866+0000] {dagbag.py:540} INFO - Filling up the DagBag from /opt/airflow/dags/dag_drift_monitoring.py
[2026-06-03T11:10:34.938+0000] {processor.py:840} INFO - DAG(s) 'neuralretail_drift_monitoring' retrieved from /opt/airflow/dags/dag_drift_monitoring.py
[2026-06-03T11:10:35.055+0000] {logging_mixin.py:188} INFO - [2026-06-03T11:10:35.052+0000] {dag.py:3096} INFO - Sync 1 DAGs
[2026-06-03T11:10:35.212+0000] {logging_mixin.py:188} INFO - [2026-06-03T11:10:35.209+0000] {dag.py:3954} INFO - Setting next_dagrun for neuralretail_drift_monitoring to 2026-06-02 08:00:00+00:00, run_after=2026-06-03 08:00:00+00:00
[2026-06-03T11:10:35.261+0000] {processor.py:183} INFO - Processing /opt/airflow/dags/dag_drift_monitoring.py took 0.415 seconds
[2026-06-03T11:11:06.033+0000] {processor.py:161} INFO - Started process (PID=3455) to work on /opt/airflow/dags/dag_drift_monitoring.py
[2026-06-03T11:11:06.036+0000] {processor.py:830} INFO - Processing file /opt/airflow/dags/dag_drift_monitoring.py for tasks to queue
[2026-06-03T11:11:06.041+0000] {logging_mixin.py:188} INFO - [2026-06-03T11:11:06.040+0000] {dagbag.py:540} INFO - Filling up the DagBag from /opt/airflow/dags/dag_drift_monitoring.py
[2026-06-03T11:11:06.150+0000] {processor.py:840} INFO - DAG(s) 'neuralretail_drift_monitoring' retrieved from /opt/airflow/dags/dag_drift_monitoring.py
[2026-06-03T11:11:06.213+0000] {logging_mixin.py:188} INFO - [2026-06-03T11:11:06.212+0000] {dag.py:3096} INFO - Sync 1 DAGs
[2026-06-03T11:11:06.295+0000] {logging_mixin.py:188} INFO - [2026-06-03T11:11:06.295+0000] {dag.py:3954} INFO - Setting next_dagrun for neuralretail_drift_monitoring to 2026-06-02 08:00:00+00:00, run_after=2026-06-03 08:00:00+00:00
[2026-06-03T11:11:06.353+0000] {processor.py:183} INFO - Processing /opt/airflow/dags/dag_drift_monitoring.py took 0.333 seconds
[2026-06-03T11:11:36.948+0000] {processor.py:161} INFO - Started process (PID=3475) to work on /opt/airflow/dags/dag_drift_monitoring.py
[2026-06-03T11:11:36.951+0000] {processor.py:830} INFO - Processing file /opt/airflow/dags/dag_drift_monitoring.py for tasks to queue
[2026-06-03T11:11:36.992+0000] {logging_mixin.py:188} INFO - [2026-06-03T11:11:36.988+0000] {dagbag.py:540} INFO - Filling up the DagBag from /opt/airflow/dags/dag_drift_monitoring.py
[2026-06-03T11:11:37.186+0000] {processor.py:840} INFO - DAG(s) 'neuralretail_drift_monitoring' retrieved from /opt/airflow/dags/dag_drift_monitoring.py
[2026-06-03T11:11:37.282+0000] {logging_mixin.py:188} INFO - [2026-06-03T11:11:37.282+0000] {dag.py:3096} INFO - Sync 1 DAGs
[2026-06-03T11:11:37.356+0000] {logging_mixin.py:188} INFO - [2026-06-03T11:11:37.356+0000] {dag.py:3954} INFO - Setting next_dagrun for neuralretail_drift_monitoring to 2026-06-02 08:00:00+00:00, run_after=2026-06-03 08:00:00+00:00
[2026-06-03T11:11:37.397+0000] {processor.py:183} INFO - Processing /opt/airflow/dags/dag_drift_monitoring.py took 0.468 seconds
[2026-06-03T11:12:08.093+0000] {processor.py:161} INFO - Started process (PID=3495) to work on /opt/airflow/dags/dag_drift_monitoring.py
[2026-06-03T11:12:08.096+0000] {processor.py:830} INFO - Processing file /opt/airflow/dags/dag_drift_monitoring.py for tasks to queue
[2026-06-03T11:12:08.100+0000] {logging_mixin.py:188} INFO - [2026-06-03T11:12:08.099+0000] {dagbag.py:540} INFO - Filling up the DagBag from /opt/airflow/dags/dag_drift_monitoring.py
[2026-06-03T11:12:08.202+0000] {processor.py:840} INFO - DAG(s) 'neuralretail_drift_monitoring' retrieved from /opt/airflow/dags/dag_drift_monitoring.py
[2026-06-03T11:12:08.261+0000] {logging_mixin.py:188} INFO - [2026-06-03T11:12:08.261+0000] {dag.py:3096} INFO - Sync 1 DAGs
[2026-06-03T11:12:08.292+0000] {logging_mixin.py:188} INFO - [2026-06-03T11:12:08.292+0000] {dag.py:3954} INFO - Setting next_dagrun for neuralretail_drift_monitoring to 2026-06-02 08:00:00+00:00, run_after=2026-06-03 08:00:00+00:00
[2026-06-03T11:12:08.323+0000] {processor.py:183} INFO - Processing /opt/airflow/dags/dag_drift_monitoring.py took 0.251 seconds
[2026-06-03T11:12:38.640+0000] {processor.py:161} INFO - Started process (PID=3515) to work on /opt/airflow/dags/dag_drift_monitoring.py
[2026-06-03T11:12:38.642+0000] {processor.py:830} INFO - Processing file /opt/airflow/dags/dag_drift_monitoring.py for tasks to queue
[2026-06-03T11:12:38.646+0000] {logging_mixin.py:188} INFO - [2026-06-03T11:12:38.645+0000] {dagbag.py:540} INFO - Filling up the DagBag from /opt/airflow/dags/dag_drift_monitoring.py
[2026-06-03T11:12:38.766+0000] {processor.py:840} INFO - DAG(s) 'neuralretail_drift_monitoring' retrieved from /opt/airflow/dags/dag_drift_monitoring.py
[2026-06-03T11:12:38.824+0000] {logging_mixin.py:188} INFO - [2026-06-03T11:12:38.824+0000] {dag.py:3096} INFO - Sync 1 DAGs
[2026-06-03T11:12:38.880+0000] {logging_mixin.py:188} INFO - [2026-06-03T11:12:38.879+0000] {dag.py:3954} INFO - Setting next_dagrun for neuralretail_drift_monitoring to 2026-06-02 08:00:00+00:00, run_after=2026-06-03 08:00:00+00:00
[2026-06-03T11:12:38.918+0000] {processor.py:183} INFO - Processing /opt/airflow/dags/dag_drift_monitoring.py took 0.288 seconds
[2026-06-03T11:13:09.483+0000] {processor.py:161} INFO - Started process (PID=3535) to work on /opt/airflow/dags/dag_drift_monitoring.py
[2026-06-03T11:13:09.486+0000] {processor.py:830} INFO - Processing file /opt/airflow/dags/dag_drift_monitoring.py for tasks to queue
[2026-06-03T11:13:09.491+0000] {logging_mixin.py:188} INFO - [2026-06-03T11:13:09.490+0000] {dagbag.py:540} INFO - Filling up the DagBag from /opt/airflow/dags/dag_drift_monitoring.py
[2026-06-03T11:13:09.550+0000] {processor.py:840} INFO - DAG(s) 'neuralretail_drift_monitoring' retrieved from /opt/airflow/dags/dag_drift_monitoring.py
[2026-06-03T11:13:09.583+0000] {logging_mixin.py:188} INFO - [2026-06-03T11:13:09.582+0000] {dag.py:3096} INFO - Sync 1 DAGs
[2026-06-03T11:13:09.607+0000] {logging_mixin.py:188} INFO - [2026-06-03T11:13:09.607+0000] {dag.py:3954} INFO - Setting next_dagrun for neuralretail_drift_monitoring to 2026-06-02 08:00:00+00:00, run_after=2026-06-03 08:00:00+00:00
[2026-06-03T11:13:09.630+0000] {processor.py:183} INFO - Processing /opt/airflow/dags/dag_drift_monitoring.py took 0.158 seconds
[2026-06-03T11:13:40.621+0000] {processor.py:161} INFO - Started process (PID=3555) to work on /opt/airflow/dags/dag_drift_monitoring.py
[2026-06-03T11:13:40.623+0000] {processor.py:830} INFO - Processing file /opt/airflow/dags/dag_drift_monitoring.py for tasks to queue
[2026-06-03T11:13:40.628+0000] {logging_mixin.py:188} INFO - [2026-06-03T11:13:40.627+0000] {dagbag.py:540} INFO - Filling up the DagBag from /opt/airflow/dags/dag_drift_monitoring.py
[2026-06-03T11:13:40.705+0000] {processor.py:840} INFO - DAG(s) 'neuralretail_drift_monitoring' retrieved from /opt/airflow/dags/dag_drift_monitoring.py
[2026-06-03T11:13:40.753+0000] {logging_mixin.py:188} INFO - [2026-06-03T11:13:40.752+0000] {dag.py:3096} INFO - Sync 1 DAGs
[2026-06-03T11:13:40.803+0000] {logging_mixin.py:188} INFO - [2026-06-03T11:13:40.802+0000] {dag.py:3954} INFO - Setting next_dagrun for neuralretail_drift_monitoring to 2026-06-02 08:00:00+00:00, run_after=2026-06-03 08:00:00+00:00
[2026-06-03T11:13:40.854+0000] {processor.py:183} INFO - Processing /opt/airflow/dags/dag_drift_monitoring.py took 0.246 seconds
[2026-06-03T11:14:11.127+0000] {processor.py:161} INFO - Started process (PID=3575) to work on /opt/airflow/dags/dag_drift_monitoring.py
[2026-06-03T11:14:11.129+0000] {processor.py:830} INFO - Processing file /opt/airflow/dags/dag_drift_monitoring.py for tasks to queue
[2026-06-03T11:14:11.132+0000] {logging_mixin.py:188} INFO - [2026-06-03T11:14:11.131+0000] {dagbag.py:540} INFO - Filling up the DagBag from /opt/airflow/dags/dag_drift_monitoring.py
[2026-06-03T11:14:11.196+0000] {processor.py:840} INFO - DAG(s) 'neuralretail_drift_monitoring' retrieved from /opt/airflow/dags/dag_drift_monitoring.py
[2026-06-03T11:14:11.241+0000] {logging_mixin.py:188} INFO - [2026-06-03T11:14:11.241+0000] {dag.py:3096} INFO - Sync 1 DAGs
[2026-06-03T11:14:11.275+0000] {logging_mixin.py:188} INFO - [2026-06-03T11:14:11.275+0000] {dag.py:3954} INFO - Setting next_dagrun for neuralretail_drift_monitoring to 2026-06-02 08:00:00+00:00, run_after=2026-06-03 08:00:00+00:00
[2026-06-03T11:14:11.302+0000] {processor.py:183} INFO - Processing /opt/airflow/dags/dag_drift_monitoring.py took 0.186 seconds
[2026-06-03T11:14:41.619+0000] {processor.py:161} INFO - Started process (PID=3595) to work on /opt/airflow/dags/dag_drift_monitoring.py
[2026-06-03T11:14:41.621+0000] {processor.py:830} INFO - Processing file /opt/airflow/dags/dag_drift_monitoring.py for tasks to queue
[2026-06-03T11:14:41.626+0000] {logging_mixin.py:188} INFO - [2026-06-03T11:14:41.625+0000] {dagbag.py:540} INFO - Filling up the DagBag from /opt/airflow/dags/dag_drift_monitoring.py
[2026-06-03T11:14:41.710+0000] {processor.py:840} INFO - DAG(s) 'neuralretail_drift_monitoring' retrieved from /opt/airflow/dags/dag_drift_monitoring.py
[2026-06-03T11:14:41.748+0000] {logging_mixin.py:188} INFO - [2026-06-03T11:14:41.748+0000] {dag.py:3096} INFO - Sync 1 DAGs
[2026-06-03T11:14:41.786+0000] {logging_mixin.py:188} INFO - [2026-06-03T11:14:41.786+0000] {dag.py:3954} INFO - Setting next_dagrun for neuralretail_drift_monitoring to 2026-06-02 08:00:00+00:00, run_after=2026-06-03 08:00:00+00:00
[2026-06-03T11:14:41.823+0000] {processor.py:183} INFO - Processing /opt/airflow/dags/dag_drift_monitoring.py took 0.210 seconds
[2026-06-03T11:15:12.098+0000] {processor.py:161} INFO - Started process (PID=3615) to work on /opt/airflow/dags/dag_drift_monitoring.py
[2026-06-03T11:15:12.101+0000] {processor.py:830} INFO - Processing file /opt/airflow/dags/dag_drift_monitoring.py for tasks to queue
[2026-06-03T11:15:12.106+0000] {logging_mixin.py:188} INFO - [2026-06-03T11:15:12.104+0000] {dagbag.py:540} INFO - Filling up the DagBag from /opt/airflow/dags/dag_drift_monitoring.py
[2026-06-03T11:15:12.313+0000] {processor.py:840} INFO - DAG(s) 'neuralretail_drift_monitoring' retrieved from /opt/airflow/dags/dag_drift_monitoring.py
[2026-06-03T11:15:12.353+0000] {logging_mixin.py:188} INFO - [2026-06-03T11:15:12.353+0000] {dag.py:3096} INFO - Sync 1 DAGs
[2026-06-03T11:15:12.382+0000] {logging_mixin.py:188} INFO - [2026-06-03T11:15:12.382+0000] {dag.py:3954} INFO - Setting next_dagrun for neuralretail_drift_monitoring to 2026-06-02 08:00:00+00:00, run_after=2026-06-03 08:00:00+00:00
[2026-06-03T11:15:12.426+0000] {processor.py:183} INFO - Processing /opt/airflow/dags/dag_drift_monitoring.py took 0.343 seconds
[2026-06-03T11:15:42.878+0000] {processor.py:161} INFO - Started process (PID=3635) to work on /opt/airflow/dags/dag_drift_monitoring.py
[2026-06-03T11:15:42.880+0000] {processor.py:830} INFO - Processing file /opt/airflow/dags/dag_drift_monitoring.py for tasks to queue
[2026-06-03T11:15:42.884+0000] {logging_mixin.py:188} INFO - [2026-06-03T11:15:42.883+0000] {dagbag.py:540} INFO - Filling up the DagBag from /opt/airflow/dags/dag_drift_monitoring.py
[2026-06-03T11:15:42.948+0000] {processor.py:840} INFO - DAG(s) 'neuralretail_drift_monitoring' retrieved from /opt/airflow/dags/dag_drift_monitoring.py
[2026-06-03T11:15:42.979+0000] {logging_mixin.py:188} INFO - [2026-06-03T11:15:42.979+0000] {dag.py:3096} INFO - Sync 1 DAGs
[2026-06-03T11:15:43.009+0000] {logging_mixin.py:188} INFO - [2026-06-03T11:15:43.008+0000] {dag.py:3954} INFO - Setting next_dagrun for neuralretail_drift_monitoring to 2026-06-02 08:00:00+00:00, run_after=2026-06-03 08:00:00+00:00
[2026-06-03T11:15:43.065+0000] {processor.py:183} INFO - Processing /opt/airflow/dags/dag_drift_monitoring.py took 0.197 seconds
[2026-06-03T11:16:14.037+0000] {processor.py:161} INFO - Started process (PID=3655) to work on /opt/airflow/dags/dag_drift_monitoring.py
[2026-06-03T11:16:14.039+0000] {processor.py:830} INFO - Processing file /opt/airflow/dags/dag_drift_monitoring.py for tasks to queue
[2026-06-03T11:16:14.042+0000] {logging_mixin.py:188} INFO - [2026-06-03T11:16:14.042+0000] {dagbag.py:540} INFO - Filling up the DagBag from /opt/airflow/dags/dag_drift_monitoring.py
[2026-06-03T11:16:14.112+0000] {processor.py:840} INFO - DAG(s) 'neuralretail_drift_monitoring' retrieved from /opt/airflow/dags/dag_drift_monitoring.py
[2026-06-03T11:16:14.148+0000] {logging_mixin.py:188} INFO - [2026-06-03T11:16:14.148+0000] {dag.py:3096} INFO - Sync 1 DAGs
[2026-06-03T11:16:14.180+0000] {logging_mixin.py:188} INFO - [2026-06-03T11:16:14.180+0000] {dag.py:3954} INFO - Setting next_dagrun for neuralretail_drift_monitoring to 2026-06-02 08:00:00+00:00, run_after=2026-06-03 08:00:00+00:00
[2026-06-03T11:16:14.219+0000] {processor.py:183} INFO - Processing /opt/airflow/dags/dag_drift_monitoring.py took 0.190 seconds
[2026-06-03T11:16:44.830+0000] {processor.py:161} INFO - Started process (PID=3675) to work on /opt/airflow/dags/dag_drift_monitoring.py
[2026-06-03T11:16:44.833+0000] {processor.py:830} INFO - Processing file /opt/airflow/dags/dag_drift_monitoring.py for tasks to queue
[2026-06-03T11:16:44.837+0000] {logging_mixin.py:188} INFO - [2026-06-03T11:16:44.836+0000] {dagbag.py:540} INFO - Filling up the DagBag from /opt/airflow/dags/dag_drift_monitoring.py
[2026-06-03T11:16:44.899+0000] {processor.py:840} INFO - DAG(s) 'neuralretail_drift_monitoring' retrieved from /opt/airflow/dags/dag_drift_monitoring.py
[2026-06-03T11:16:44.932+0000] {logging_mixin.py:188} INFO - [2026-06-03T11:16:44.931+0000] {dag.py:3096} INFO - Sync 1 DAGs
[2026-06-03T11:16:44.959+0000] {logging_mixin.py:188} INFO - [2026-06-03T11:16:44.959+0000] {dag.py:3954} INFO - Setting next_dagrun for neuralretail_drift_monitoring to 2026-06-02 08:00:00+00:00, run_after=2026-06-03 08:00:00+00:00
[2026-06-03T11:16:44.983+0000] {processor.py:183} INFO - Processing /opt/airflow/dags/dag_drift_monitoring.py took 0.162 seconds
[2026-06-03T11:17:15.189+0000] {processor.py:161} INFO - Started process (PID=3695) to work on /opt/airflow/dags/dag_drift_monitoring.py
[2026-06-03T11:17:15.191+0000] {processor.py:830} INFO - Processing file /opt/airflow/dags/dag_drift_monitoring.py for tasks to queue
[2026-06-03T11:17:15.197+0000] {logging_mixin.py:188} INFO - [2026-06-03T11:17:15.196+0000] {dagbag.py:540} INFO - Filling up the DagBag from /opt/airflow/dags/dag_drift_monitoring.py
[2026-06-03T11:17:15.263+0000] {processor.py:840} INFO - DAG(s) 'neuralretail_drift_monitoring' retrieved from /opt/airflow/dags/dag_drift_monitoring.py
[2026-06-03T11:17:15.300+0000] {logging_mixin.py:188} INFO - [2026-06-03T11:17:15.300+0000] {dag.py:3096} INFO - Sync 1 DAGs
[2026-06-03T11:17:15.332+0000] {logging_mixin.py:188} INFO - [2026-06-03T11:17:15.332+0000] {dag.py:3954} INFO - Setting next_dagrun for neuralretail_drift_monitoring to 2026-06-02 08:00:00+00:00, run_after=2026-06-03 08:00:00+00:00
[2026-06-03T11:17:15.352+0000] {processor.py:183} INFO - Processing /opt/airflow/dags/dag_drift_monitoring.py took 0.177 seconds
[2026-06-03T11:17:45.831+0000] {processor.py:161} INFO - Started process (PID=3715) to work on /opt/airflow/dags/dag_drift_monitoring.py
[2026-06-03T11:17:45.832+0000] {processor.py:830} INFO - Processing file /opt/airflow/dags/dag_drift_monitoring.py for tasks to queue
[2026-06-03T11:17:45.835+0000] {logging_mixin.py:188} INFO - [2026-06-03T11:17:45.834+0000] {dagbag.py:540} INFO - Filling up the DagBag from /opt/airflow/dags/dag_drift_monitoring.py
[2026-06-03T11:17:45.871+0000] {processor.py:840} INFO - DAG(s) 'neuralretail_drift_monitoring' retrieved from /opt/airflow/dags/dag_drift_monitoring.py
[2026-06-03T11:17:45.892+0000] {logging_mixin.py:188} INFO - [2026-06-03T11:17:45.892+0000] {dag.py:3096} INFO - Sync 1 DAGs
[2026-06-03T11:17:45.911+0000] {logging_mixin.py:188} INFO - [2026-06-03T11:17:45.910+0000] {dag.py:3954} INFO - Setting next_dagrun for neuralretail_drift_monitoring to 2026-06-02 08:00:00+00:00, run_after=2026-06-03 08:00:00+00:00
[2026-06-03T11:17:45.940+0000] {processor.py:183} INFO - Processing /opt/airflow/dags/dag_drift_monitoring.py took 0.114 seconds
[2026-06-03T11:18:16.333+0000] {processor.py:161} INFO - Started process (PID=3735) to work on /opt/airflow/dags/dag_drift_monitoring.py
[2026-06-03T11:18:16.336+0000] {processor.py:830} INFO - Processing file /opt/airflow/dags/dag_drift_monitoring.py for tasks to queue
[2026-06-03T11:18:16.340+0000] {logging_mixin.py:188} INFO - [2026-06-03T11:18:16.339+0000] {dagbag.py:540} INFO - Filling up the DagBag from /opt/airflow/dags/dag_drift_monitoring.py
[2026-06-03T11:18:16.381+0000] {processor.py:840} INFO - DAG(s) 'neuralretail_drift_monitoring' retrieved from /opt/airflow/dags/dag_drift_monitoring.py
[2026-06-03T11:18:16.411+0000] {logging_mixin.py:188} INFO - [2026-06-03T11:18:16.411+0000] {dag.py:3096} INFO - Sync 1 DAGs
[2026-06-03T11:18:16.439+0000] {logging_mixin.py:188} INFO - [2026-06-03T11:18:16.439+0000] {dag.py:3954} INFO - Setting next_dagrun for neuralretail_drift_monitoring to 2026-06-02 08:00:00+00:00, run_after=2026-06-03 08:00:00+00:00
[2026-06-03T11:18:16.462+0000] {processor.py:183} INFO - Processing /opt/airflow/dags/dag_drift_monitoring.py took 0.142 seconds
[2026-06-03T11:18:47.255+0000] {processor.py:161} INFO - Started process (PID=3755) to work on /opt/airflow/dags/dag_drift_monitoring.py
[2026-06-03T11:18:47.257+0000] {processor.py:830} INFO - Processing file /opt/airflow/dags/dag_drift_monitoring.py for tasks to queue
[2026-06-03T11:18:47.259+0000] {logging_mixin.py:188} INFO - [2026-06-03T11:18:47.259+0000] {dagbag.py:540} INFO - Filling up the DagBag from /opt/airflow/dags/dag_drift_monitoring.py
[2026-06-03T11:18:47.563+0000] {processor.py:840} INFO - DAG(s) 'neuralretail_drift_monitoring' retrieved from /opt/airflow/dags/dag_drift_monitoring.py
[2026-06-03T11:18:47.606+0000] {logging_mixin.py:188} INFO - [2026-06-03T11:18:47.605+0000] {dag.py:3096} INFO - Sync 1 DAGs
[2026-06-03T11:18:47.642+0000] {logging_mixin.py:188} INFO - [2026-06-03T11:18:47.642+0000] {dag.py:3954} INFO - Setting next_dagrun for neuralretail_drift_monitoring to 2026-06-02 08:00:00+00:00, run_after=2026-06-03 08:00:00+00:00
[2026-06-03T11:18:47.673+0000] {processor.py:183} INFO - Processing /opt/airflow/dags/dag_drift_monitoring.py took 0.425 seconds
[2026-06-03T11:19:17.862+0000] {processor.py:161} INFO - Started process (PID=3775) to work on /opt/airflow/dags/dag_drift_monitoring.py
[2026-06-03T11:19:17.864+0000] {processor.py:830} INFO - Processing file /opt/airflow/dags/dag_drift_monitoring.py for tasks to queue
[2026-06-03T11:19:17.870+0000] {logging_mixin.py:188} INFO - [2026-06-03T11:19:17.868+0000] {dagbag.py:540} INFO - Filling up the DagBag from /opt/airflow/dags/dag_drift_monitoring.py
[2026-06-03T11:19:17.919+0000] {processor.py:840} INFO - DAG(s) 'neuralretail_drift_monitoring' retrieved from /opt/airflow/dags/dag_drift_monitoring.py
[2026-06-03T11:19:17.947+0000] {logging_mixin.py:188} INFO - [2026-06-03T11:19:17.947+0000] {dag.py:3096} INFO - Sync 1 DAGs
[2026-06-03T11:19:17.967+0000] {logging_mixin.py:188} INFO - [2026-06-03T11:19:17.967+0000] {dag.py:3954} INFO - Setting next_dagrun for neuralretail_drift_monitoring to 2026-06-02 08:00:00+00:00, run_after=2026-06-03 08:00:00+00:00
[2026-06-03T11:19:17.989+0000] {processor.py:183} INFO - Processing /opt/airflow/dags/dag_drift_monitoring.py took 0.136 seconds
[2026-06-03T11:19:48.325+0000] {processor.py:161} INFO - Started process (PID=3795) to work on /opt/airflow/dags/dag_drift_monitoring.py
[2026-06-03T11:19:48.327+0000] {processor.py:830} INFO - Processing file /opt/airflow/dags/dag_drift_monitoring.py for tasks to queue
[2026-06-03T11:19:48.329+0000] {logging_mixin.py:188} INFO - [2026-06-03T11:19:48.329+0000] {dagbag.py:540} INFO - Filling up the DagBag from /opt/airflow/dags/dag_drift_monitoring.py
[2026-06-03T11:19:48.374+0000] {processor.py:840} INFO - DAG(s) 'neuralretail_drift_monitoring' retrieved from /opt/airflow/dags/dag_drift_monitoring.py
[2026-06-03T11:19:48.399+0000] {logging_mixin.py:188} INFO - [2026-06-03T11:19:48.398+0000] {dag.py:3096} INFO - Sync 1 DAGs
[2026-06-03T11:19:48.427+0000] {logging_mixin.py:188} INFO - [2026-06-03T11:19:48.427+0000] {dag.py:3954} INFO - Setting next_dagrun for neuralretail_drift_monitoring to 2026-06-02 08:00:00+00:00, run_after=2026-06-03 08:00:00+00:00
[2026-06-03T11:19:48.447+0000] {processor.py:183} INFO - Processing /opt/airflow/dags/dag_drift_monitoring.py took 0.129 seconds
[2026-06-03T11:20:18.947+0000] {processor.py:161} INFO - Started process (PID=3815) to work on /opt/airflow/dags/dag_drift_monitoring.py
[2026-06-03T11:20:18.948+0000] {processor.py:830} INFO - Processing file /opt/airflow/dags/dag_drift_monitoring.py for tasks to queue
[2026-06-03T11:20:18.950+0000] {logging_mixin.py:188} INFO - [2026-06-03T11:20:18.950+0000] {dagbag.py:540} INFO - Filling up the DagBag from /opt/airflow/dags/dag_drift_monitoring.py
[2026-06-03T11:20:19.005+0000] {processor.py:840} INFO - DAG(s) 'neuralretail_drift_monitoring' retrieved from /opt/airflow/dags/dag_drift_monitoring.py
[2026-06-03T11:20:19.029+0000] {logging_mixin.py:188} INFO - [2026-06-03T11:20:19.029+0000] {dag.py:3096} INFO - Sync 1 DAGs
[2026-06-03T11:20:19.049+0000] {logging_mixin.py:188} INFO - [2026-06-03T11:20:19.049+0000] {dag.py:3954} INFO - Setting next_dagrun for neuralretail_drift_monitoring to 2026-06-02 08:00:00+00:00, run_after=2026-06-03 08:00:00+00:00
[2026-06-03T11:20:19.070+0000] {processor.py:183} INFO - Processing /opt/airflow/dags/dag_drift_monitoring.py took 0.127 seconds
[2026-06-03T11:20:49.971+0000] {processor.py:161} INFO - Started process (PID=3835) to work on /opt/airflow/dags/dag_drift_monitoring.py
[2026-06-03T11:20:49.972+0000] {processor.py:830} INFO - Processing file /opt/airflow/dags/dag_drift_monitoring.py for tasks to queue
[2026-06-03T11:20:49.974+0000] {logging_mixin.py:188} INFO - [2026-06-03T11:20:49.974+0000] {dagbag.py:540} INFO - Filling up the DagBag from /opt/airflow/dags/dag_drift_monitoring.py
[2026-06-03T11:20:50.014+0000] {processor.py:840} INFO - DAG(s) 'neuralretail_drift_monitoring' retrieved from /opt/airflow/dags/dag_drift_monitoring.py
[2026-06-03T11:20:50.038+0000] {logging_mixin.py:188} INFO - [2026-06-03T11:20:50.038+0000] {dag.py:3096} INFO - Sync 1 DAGs
[2026-06-03T11:20:50.057+0000] {logging_mixin.py:188} INFO - [2026-06-03T11:20:50.057+0000] {dag.py:3954} INFO - Setting next_dagrun for neuralretail_drift_monitoring to 2026-06-02 08:00:00+00:00, run_after=2026-06-03 08:00:00+00:00
[2026-06-03T11:20:50.077+0000] {processor.py:183} INFO - Processing /opt/airflow/dags/dag_drift_monitoring.py took 0.111 seconds
[2026-06-03T11:21:21.124+0000] {processor.py:161} INFO - Started process (PID=3855) to work on /opt/airflow/dags/dag_drift_monitoring.py
[2026-06-03T11:21:21.126+0000] {processor.py:830} INFO - Processing file /opt/airflow/dags/dag_drift_monitoring.py for tasks to queue
[2026-06-03T11:21:21.128+0000] {logging_mixin.py:188} INFO - [2026-06-03T11:21:21.127+0000] {dagbag.py:540} INFO - Filling up the DagBag from /opt/airflow/dags/dag_drift_monitoring.py
[2026-06-03T11:21:21.168+0000] {processor.py:840} INFO - DAG(s) 'neuralretail_drift_monitoring' retrieved from /opt/airflow/dags/dag_drift_monitoring.py
[2026-06-03T11:21:21.190+0000] {logging_mixin.py:188} INFO - [2026-06-03T11:21:21.189+0000] {dag.py:3096} INFO - Sync 1 DAGs
[2026-06-03T11:21:21.211+0000] {logging_mixin.py:188} INFO - [2026-06-03T11:21:21.211+0000] {dag.py:3954} INFO - Setting next_dagrun for neuralretail_drift_monitoring to 2026-06-02 08:00:00+00:00, run_after=2026-06-03 08:00:00+00:00
[2026-06-03T11:21:21.231+0000] {processor.py:183} INFO - Processing /opt/airflow/dags/dag_drift_monitoring.py took 0.113 seconds
[2026-06-03T11:21:51.523+0000] {processor.py:161} INFO - Started process (PID=3875) to work on /opt/airflow/dags/dag_drift_monitoring.py
[2026-06-03T11:21:51.525+0000] {processor.py:830} INFO - Processing file /opt/airflow/dags/dag_drift_monitoring.py for tasks to queue
[2026-06-03T11:21:51.527+0000] {logging_mixin.py:188} INFO - [2026-06-03T11:21:51.527+0000] {dagbag.py:540} INFO - Filling up the DagBag from /opt/airflow/dags/dag_drift_monitoring.py
[2026-06-03T11:21:51.585+0000] {processor.py:840} INFO - DAG(s) 'neuralretail_drift_monitoring' retrieved from /opt/airflow/dags/dag_drift_monitoring.py
[2026-06-03T11:21:51.615+0000] {logging_mixin.py:188} INFO - [2026-06-03T11:21:51.615+0000] {dag.py:3096} INFO - Sync 1 DAGs
[2026-06-03T11:21:51.635+0000] {logging_mixin.py:188} INFO - [2026-06-03T11:21:51.635+0000] {dag.py:3954} INFO - Setting next_dagrun for neuralretail_drift_monitoring to 2026-06-02 08:00:00+00:00, run_after=2026-06-03 08:00:00+00:00
[2026-06-03T11:21:51.659+0000] {processor.py:183} INFO - Processing /opt/airflow/dags/dag_drift_monitoring.py took 0.141 seconds
[2026-06-03T11:22:21.925+0000] {processor.py:161} INFO - Started process (PID=3895) to work on /opt/airflow/dags/dag_drift_monitoring.py
[2026-06-03T11:22:21.936+0000] {processor.py:830} INFO - Processing file /opt/airflow/dags/dag_drift_monitoring.py for tasks to queue
[2026-06-03T11:22:21.940+0000] {logging_mixin.py:188} INFO - [2026-06-03T11:22:21.940+0000] {dagbag.py:540} INFO - Filling up the DagBag from /opt/airflow/dags/dag_drift_monitoring.py
[2026-06-03T11:22:22.122+0000] {processor.py:840} INFO - DAG(s) 'neuralretail_drift_monitoring' retrieved from /opt/airflow/dags/dag_drift_monitoring.py
[2026-06-03T11:22:22.152+0000] {logging_mixin.py:188} INFO - [2026-06-03T11:22:22.152+0000] {dag.py:3096} INFO - Sync 1 DAGs
[2026-06-03T11:22:22.178+0000] {logging_mixin.py:188} INFO - [2026-06-03T11:22:22.178+0000] {dag.py:3954} INFO - Setting next_dagrun for neuralretail_drift_monitoring to 2026-06-02 08:00:00+00:00, run_after=2026-06-03 08:00:00+00:00
[2026-06-03T11:22:22.199+0000] {processor.py:183} INFO - Processing /opt/airflow/dags/dag_drift_monitoring.py took 0.282 seconds
[2026-06-03T11:22:52.545+0000] {processor.py:161} INFO - Started process (PID=3915) to work on /opt/airflow/dags/dag_drift_monitoring.py
[2026-06-03T11:22:52.547+0000] {processor.py:830} INFO - Processing file /opt/airflow/dags/dag_drift_monitoring.py for tasks to queue
[2026-06-03T11:22:52.550+0000] {logging_mixin.py:188} INFO - [2026-06-03T11:22:52.549+0000] {dagbag.py:540} INFO - Filling up the DagBag from /opt/airflow/dags/dag_drift_monitoring.py
[2026-06-03T11:22:52.613+0000] {processor.py:840} INFO - DAG(s) 'neuralretail_drift_monitoring' retrieved from /opt/airflow/dags/dag_drift_monitoring.py
[2026-06-03T11:22:52.653+0000] {logging_mixin.py:188} INFO - [2026-06-03T11:22:52.652+0000] {dag.py:3096} INFO - Sync 1 DAGs
[2026-06-03T11:22:52.704+0000] {logging_mixin.py:188} INFO - [2026-06-03T11:22:52.704+0000] {dag.py:3954} INFO - Setting next_dagrun for neuralretail_drift_monitoring to 2026-06-02 08:00:00+00:00, run_after=2026-06-03 08:00:00+00:00
[2026-06-03T11:22:52.726+0000] {processor.py:183} INFO - Processing /opt/airflow/dags/dag_drift_monitoring.py took 0.187 seconds
[2026-06-03T11:23:23.016+0000] {processor.py:161} INFO - Started process (PID=3935) to work on /opt/airflow/dags/dag_drift_monitoring.py
[2026-06-03T11:23:23.018+0000] {processor.py:830} INFO - Processing file /opt/airflow/dags/dag_drift_monitoring.py for tasks to queue
[2026-06-03T11:23:23.021+0000] {logging_mixin.py:188} INFO - [2026-06-03T11:23:23.020+0000] {dagbag.py:540} INFO - Filling up the DagBag from /opt/airflow/dags/dag_drift_monitoring.py
[2026-06-03T11:23:23.093+0000] {processor.py:840} INFO - DAG(s) 'neuralretail_drift_monitoring' retrieved from /opt/airflow/dags/dag_drift_monitoring.py
[2026-06-03T11:23:23.141+0000] {logging_mixin.py:188} INFO - [2026-06-03T11:23:23.141+0000] {dag.py:3096} INFO - Sync 1 DAGs
[2026-06-03T11:23:23.192+0000] {logging_mixin.py:188} INFO - [2026-06-03T11:23:23.192+0000] {dag.py:3954} INFO - Setting next_dagrun for neuralretail_drift_monitoring to 2026-06-02 08:00:00+00:00, run_after=2026-06-03 08:00:00+00:00
[2026-06-03T11:23:23.214+0000] {processor.py:183} INFO - Processing /opt/airflow/dags/dag_drift_monitoring.py took 0.207 seconds
[2026-06-03T11:23:53.737+0000] {processor.py:161} INFO - Started process (PID=3955) to work on /opt/airflow/dags/dag_drift_monitoring.py
[2026-06-03T11:23:53.739+0000] {processor.py:830} INFO - Processing file /opt/airflow/dags/dag_drift_monitoring.py for tasks to queue
[2026-06-03T11:23:53.745+0000] {logging_mixin.py:188} INFO - [2026-06-03T11:23:53.744+0000] {dagbag.py:540} INFO - Filling up the DagBag from /opt/airflow/dags/dag_drift_monitoring.py
[2026-06-03T11:23:53.813+0000] {processor.py:840} INFO - DAG(s) 'neuralretail_drift_monitoring' retrieved from /opt/airflow/dags/dag_drift_monitoring.py
[2026-06-03T11:23:53.843+0000] {logging_mixin.py:188} INFO - [2026-06-03T11:23:53.842+0000] {dag.py:3096} INFO - Sync 1 DAGs
[2026-06-03T11:23:53.865+0000] {logging_mixin.py:188} INFO - [2026-06-03T11:23:53.865+0000] {dag.py:3954} INFO - Setting next_dagrun for neuralretail_drift_monitoring to 2026-06-02 08:00:00+00:00, run_after=2026-06-03 08:00:00+00:00
[2026-06-03T11:23:53.881+0000] {processor.py:183} INFO - Processing /opt/airflow/dags/dag_drift_monitoring.py took 0.151 seconds
[2026-06-03T11:24:24.379+0000] {processor.py:161} INFO - Started process (PID=3975) to work on /opt/airflow/dags/dag_drift_monitoring.py
[2026-06-03T11:24:24.386+0000] {processor.py:830} INFO - Processing file /opt/airflow/dags/dag_drift_monitoring.py for tasks to queue
[2026-06-03T11:24:24.399+0000] {logging_mixin.py:188} INFO - [2026-06-03T11:24:24.398+0000] {dagbag.py:540} INFO - Filling up the DagBag from /opt/airflow/dags/dag_drift_monitoring.py
[2026-06-03T11:24:24.504+0000] {processor.py:840} INFO - DAG(s) 'neuralretail_drift_monitoring' retrieved from /opt/airflow/dags/dag_drift_monitoring.py
[2026-06-03T11:24:24.577+0000] {logging_mixin.py:188} INFO - [2026-06-03T11:24:24.576+0000] {dag.py:3096} INFO - Sync 1 DAGs
[2026-06-03T11:24:24.655+0000] {logging_mixin.py:188} INFO - [2026-06-03T11:24:24.654+0000] {dag.py:3954} INFO - Setting next_dagrun for neuralretail_drift_monitoring to 2026-06-02 08:00:00+00:00, run_after=2026-06-03 08:00:00+00:00
[2026-06-03T11:24:24.716+0000] {processor.py:183} INFO - Processing /opt/airflow/dags/dag_drift_monitoring.py took 0.352 seconds
[2026-06-03T11:24:55.532+0000] {processor.py:161} INFO - Started process (PID=3997) to work on /opt/airflow/dags/dag_drift_monitoring.py
[2026-06-03T11:24:55.537+0000] {processor.py:830} INFO - Processing file /opt/airflow/dags/dag_drift_monitoring.py for tasks to queue
[2026-06-03T11:24:55.545+0000] {logging_mixin.py:188} INFO - [2026-06-03T11:24:55.544+0000] {dagbag.py:540} INFO - Filling up the DagBag from /opt/airflow/dags/dag_drift_monitoring.py
[2026-06-03T11:24:55.662+0000] {processor.py:840} INFO - DAG(s) 'neuralretail_drift_monitoring' retrieved from /opt/airflow/dags/dag_drift_monitoring.py
[2026-06-03T11:24:55.699+0000] {logging_mixin.py:188} INFO - [2026-06-03T11:24:55.698+0000] {dag.py:3096} INFO - Sync 1 DAGs
[2026-06-03T11:24:55.738+0000] {logging_mixin.py:188} INFO - [2026-06-03T11:24:55.738+0000] {dag.py:3954} INFO - Setting next_dagrun for neuralretail_drift_monitoring to 2026-06-02 08:00:00+00:00, run_after=2026-06-03 08:00:00+00:00
[2026-06-03T11:24:55.791+0000] {processor.py:183} INFO - Processing /opt/airflow/dags/dag_drift_monitoring.py took 0.275 seconds
[2026-06-03T11:25:26.127+0000] {processor.py:161} INFO - Started process (PID=4017) to work on /opt/airflow/dags/dag_drift_monitoring.py
[2026-06-03T11:25:26.134+0000] {processor.py:830} INFO - Processing file /opt/airflow/dags/dag_drift_monitoring.py for tasks to queue
[2026-06-03T11:25:26.140+0000] {logging_mixin.py:188} INFO - [2026-06-03T11:25:26.139+0000] {dagbag.py:540} INFO - Filling up the DagBag from /opt/airflow/dags/dag_drift_monitoring.py
[2026-06-03T11:25:26.227+0000] {processor.py:840} INFO - DAG(s) 'neuralretail_drift_monitoring' retrieved from /opt/airflow/dags/dag_drift_monitoring.py
[2026-06-03T11:25:26.258+0000] {logging_mixin.py:188} INFO - [2026-06-03T11:25:26.258+0000] {dag.py:3096} INFO - Sync 1 DAGs
[2026-06-03T11:25:26.278+0000] {logging_mixin.py:188} INFO - [2026-06-03T11:25:26.278+0000] {dag.py:3954} INFO - Setting next_dagrun for neuralretail_drift_monitoring to 2026-06-02 08:00:00+00:00, run_after=2026-06-03 08:00:00+00:00
[2026-06-03T11:25:26.298+0000] {processor.py:183} INFO - Processing /opt/airflow/dags/dag_drift_monitoring.py took 0.182 seconds
[2026-06-03T11:25:57.055+0000] {processor.py:161} INFO - Started process (PID=4035) to work on /opt/airflow/dags/dag_drift_monitoring.py
[2026-06-03T11:25:57.057+0000] {processor.py:830} INFO - Processing file /opt/airflow/dags/dag_drift_monitoring.py for tasks to queue
[2026-06-03T11:25:57.061+0000] {logging_mixin.py:188} INFO - [2026-06-03T11:25:57.060+0000] {dagbag.py:540} INFO - Filling up the DagBag from /opt/airflow/dags/dag_drift_monitoring.py
[2026-06-03T11:25:57.108+0000] {processor.py:840} INFO - DAG(s) 'neuralretail_drift_monitoring' retrieved from /opt/airflow/dags/dag_drift_monitoring.py
[2026-06-03T11:25:57.135+0000] {logging_mixin.py:188} INFO - [2026-06-03T11:25:57.135+0000] {dag.py:3096} INFO - Sync 1 DAGs
[2026-06-03T11:25:57.155+0000] {logging_mixin.py:188} INFO - [2026-06-03T11:25:57.155+0000] {dag.py:3954} INFO - Setting next_dagrun for neuralretail_drift_monitoring to 2026-06-02 08:00:00+00:00, run_after=2026-06-03 08:00:00+00:00
[2026-06-03T11:25:57.179+0000] {processor.py:183} INFO - Processing /opt/airflow/dags/dag_drift_monitoring.py took 0.130 seconds
[2026-06-03T11:26:28.046+0000] {processor.py:161} INFO - Started process (PID=4055) to work on /opt/airflow/dags/dag_drift_monitoring.py
[2026-06-03T11:26:28.048+0000] {processor.py:830} INFO - Processing file /opt/airflow/dags/dag_drift_monitoring.py for tasks to queue
[2026-06-03T11:26:28.051+0000] {logging_mixin.py:188} INFO - [2026-06-03T11:26:28.050+0000] {dagbag.py:540} INFO - Filling up the DagBag from /opt/airflow/dags/dag_drift_monitoring.py
[2026-06-03T11:26:28.111+0000] {processor.py:840} INFO - DAG(s) 'neuralretail_drift_monitoring' retrieved from /opt/airflow/dags/dag_drift_monitoring.py
[2026-06-03T11:26:28.140+0000] {logging_mixin.py:188} INFO - [2026-06-03T11:26:28.140+0000] {dag.py:3096} INFO - Sync 1 DAGs
[2026-06-03T11:26:28.162+0000] {logging_mixin.py:188} INFO - [2026-06-03T11:26:28.161+0000] {dag.py:3954} INFO - Setting next_dagrun for neuralretail_drift_monitoring to 2026-06-02 08:00:00+00:00, run_after=2026-06-03 08:00:00+00:00
[2026-06-03T11:26:28.181+0000] {processor.py:183} INFO - Processing /opt/airflow/dags/dag_drift_monitoring.py took 0.142 seconds
[2026-06-03T11:26:58.478+0000] {processor.py:161} INFO - Started process (PID=4075) to work on /opt/airflow/dags/dag_drift_monitoring.py
[2026-06-03T11:26:58.481+0000] {processor.py:830} INFO - Processing file /opt/airflow/dags/dag_drift_monitoring.py for tasks to queue
[2026-06-03T11:26:58.486+0000] {logging_mixin.py:188} INFO - [2026-06-03T11:26:58.485+0000] {dagbag.py:540} INFO - Filling up the DagBag from /opt/airflow/dags/dag_drift_monitoring.py
[2026-06-03T11:26:58.583+0000] {processor.py:840} INFO - DAG(s) 'neuralretail_drift_monitoring' retrieved from /opt/airflow/dags/dag_drift_monitoring.py
[2026-06-03T11:26:58.635+0000] {logging_mixin.py:188} INFO - [2026-06-03T11:26:58.634+0000] {dag.py:3096} INFO - Sync 1 DAGs
[2026-06-03T11:26:58.711+0000] {logging_mixin.py:188} INFO - [2026-06-03T11:26:58.711+0000] {dag.py:3954} INFO - Setting next_dagrun for neuralretail_drift_monitoring to 2026-06-02 08:00:00+00:00, run_after=2026-06-03 08:00:00+00:00
[2026-06-03T11:26:58.747+0000] {processor.py:183} INFO - Processing /opt/airflow/dags/dag_drift_monitoring.py took 0.285 seconds
[2026-06-03T11:27:29.303+0000] {processor.py:161} INFO - Started process (PID=4095) to work on /opt/airflow/dags/dag_drift_monitoring.py
[2026-06-03T11:27:29.306+0000] {processor.py:830} INFO - Processing file /opt/airflow/dags/dag_drift_monitoring.py for tasks to queue
[2026-06-03T11:27:29.310+0000] {logging_mixin.py:188} INFO - [2026-06-03T11:27:29.309+0000] {dagbag.py:540} INFO - Filling up the DagBag from /opt/airflow/dags/dag_drift_monitoring.py
[2026-06-03T11:27:29.373+0000] {processor.py:840} INFO - DAG(s) 'neuralretail_drift_monitoring' retrieved from /opt/airflow/dags/dag_drift_monitoring.py
[2026-06-03T11:27:29.409+0000] {logging_mixin.py:188} INFO - [2026-06-03T11:27:29.408+0000] {dag.py:3096} INFO - Sync 1 DAGs
[2026-06-03T11:27:29.444+0000] {logging_mixin.py:188} INFO - [2026-06-03T11:27:29.444+0000] {dag.py:3954} INFO - Setting next_dagrun for neuralretail_drift_monitoring to 2026-06-02 08:00:00+00:00, run_after=2026-06-03 08:00:00+00:00
[2026-06-03T11:27:29.471+0000] {processor.py:183} INFO - Processing /opt/airflow/dags/dag_drift_monitoring.py took 0.177 seconds
[2026-06-03T11:28:00.342+0000] {processor.py:161} INFO - Started process (PID=4115) to work on /opt/airflow/dags/dag_drift_monitoring.py
[2026-06-03T11:28:00.344+0000] {processor.py:830} INFO - Processing file /opt/airflow/dags/dag_drift_monitoring.py for tasks to queue
[2026-06-03T11:28:00.346+0000] {logging_mixin.py:188} INFO - [2026-06-03T11:28:00.345+0000] {dagbag.py:540} INFO - Filling up the DagBag from /opt/airflow/dags/dag_drift_monitoring.py
[2026-06-03T11:28:00.394+0000] {processor.py:840} INFO - DAG(s) 'neuralretail_drift_monitoring' retrieved from /opt/airflow/dags/dag_drift_monitoring.py
[2026-06-03T11:28:00.417+0000] {logging_mixin.py:188} INFO - [2026-06-03T11:28:00.417+0000] {dag.py:3096} INFO - Sync 1 DAGs
[2026-06-03T11:28:00.436+0000] {logging_mixin.py:188} INFO - [2026-06-03T11:28:00.436+0000] {dag.py:3954} INFO - Setting next_dagrun for neuralretail_drift_monitoring to 2026-06-02 08:00:00+00:00, run_after=2026-06-03 08:00:00+00:00
[2026-06-03T11:28:00.454+0000] {processor.py:183} INFO - Processing /opt/airflow/dags/dag_drift_monitoring.py took 0.121 seconds
[2026-06-03T11:28:31.482+0000] {processor.py:161} INFO - Started process (PID=4135) to work on /opt/airflow/dags/dag_drift_monitoring.py
[2026-06-03T11:28:31.483+0000] {processor.py:830} INFO - Processing file /opt/airflow/dags/dag_drift_monitoring.py for tasks to queue
[2026-06-03T11:28:31.485+0000] {logging_mixin.py:188} INFO - [2026-06-03T11:28:31.485+0000] {dagbag.py:540} INFO - Filling up the DagBag from /opt/airflow/dags/dag_drift_monitoring.py
[2026-06-03T11:28:31.529+0000] {processor.py:840} INFO - DAG(s) 'neuralretail_drift_monitoring' retrieved from /opt/airflow/dags/dag_drift_monitoring.py
[2026-06-03T11:28:31.550+0000] {logging_mixin.py:188} INFO - [2026-06-03T11:28:31.550+0000] {dag.py:3096} INFO - Sync 1 DAGs
[2026-06-03T11:28:31.570+0000] {logging_mixin.py:188} INFO - [2026-06-03T11:28:31.570+0000] {dag.py:3954} INFO - Setting next_dagrun for neuralretail_drift_monitoring to 2026-06-02 08:00:00+00:00, run_after=2026-06-03 08:00:00+00:00
[2026-06-03T11:28:31.589+0000] {processor.py:183} INFO - Processing /opt/airflow/dags/dag_drift_monitoring.py took 0.114 seconds
[2026-06-03T11:29:02.297+0000] {processor.py:161} INFO - Started process (PID=4155) to work on /opt/airflow/dags/dag_drift_monitoring.py
[2026-06-03T11:29:02.299+0000] {processor.py:830} INFO - Processing file /opt/airflow/dags/dag_drift_monitoring.py for tasks to queue
[2026-06-03T11:29:02.301+0000] {logging_mixin.py:188} INFO - [2026-06-03T11:29:02.301+0000] {dagbag.py:540} INFO - Filling up the DagBag from /opt/airflow/dags/dag_drift_monitoring.py
[2026-06-03T11:29:02.348+0000] {processor.py:840} INFO - DAG(s) 'neuralretail_drift_monitoring' retrieved from /opt/airflow/dags/dag_drift_monitoring.py
[2026-06-03T11:29:02.376+0000] {logging_mixin.py:188} INFO - [2026-06-03T11:29:02.376+0000] {dag.py:3096} INFO - Sync 1 DAGs
[2026-06-03T11:29:02.399+0000] {logging_mixin.py:188} INFO - [2026-06-03T11:29:02.399+0000] {dag.py:3954} INFO - Setting next_dagrun for neuralretail_drift_monitoring to 2026-06-02 08:00:00+00:00, run_after=2026-06-03 08:00:00+00:00
[2026-06-03T11:29:02.447+0000] {processor.py:183} INFO - Processing /opt/airflow/dags/dag_drift_monitoring.py took 0.156 seconds
[2026-06-03T11:29:33.353+0000] {processor.py:161} INFO - Started process (PID=4175) to work on /opt/airflow/dags/dag_drift_monitoring.py
[2026-06-03T11:29:33.355+0000] {processor.py:830} INFO - Processing file /opt/airflow/dags/dag_drift_monitoring.py for tasks to queue
[2026-06-03T11:29:33.357+0000] {logging_mixin.py:188} INFO - [2026-06-03T11:29:33.357+0000] {dagbag.py:540} INFO - Filling up the DagBag from /opt/airflow/dags/dag_drift_monitoring.py
[2026-06-03T11:29:33.409+0000] {processor.py:840} INFO - DAG(s) 'neuralretail_drift_monitoring' retrieved from /opt/airflow/dags/dag_drift_monitoring.py
[2026-06-03T11:29:33.437+0000] {logging_mixin.py:188} INFO - [2026-06-03T11:29:33.437+0000] {dag.py:3096} INFO - Sync 1 DAGs
[2026-06-03T11:29:33.457+0000] {logging_mixin.py:188} INFO - [2026-06-03T11:29:33.457+0000] {dag.py:3954} INFO - Setting next_dagrun for neuralretail_drift_monitoring to 2026-06-02 08:00:00+00:00, run_after=2026-06-03 08:00:00+00:00
[2026-06-03T11:29:33.473+0000] {processor.py:183} INFO - Processing /opt/airflow/dags/dag_drift_monitoring.py took 0.131 seconds
[2026-06-03T11:30:04.376+0000] {processor.py:161} INFO - Started process (PID=4195) to work on /opt/airflow/dags/dag_drift_monitoring.py
[2026-06-03T11:30:04.378+0000] {processor.py:830} INFO - Processing file /opt/airflow/dags/dag_drift_monitoring.py for tasks to queue
[2026-06-03T11:30:04.380+0000] {logging_mixin.py:188} INFO - [2026-06-03T11:30:04.380+0000] {dagbag.py:540} INFO - Filling up the DagBag from /opt/airflow/dags/dag_drift_monitoring.py
[2026-06-03T11:30:04.421+0000] {processor.py:840} INFO - DAG(s) 'neuralretail_drift_monitoring' retrieved from /opt/airflow/dags/dag_drift_monitoring.py
[2026-06-03T11:30:04.444+0000] {logging_mixin.py:188} INFO - [2026-06-03T11:30:04.443+0000] {dag.py:3096} INFO - Sync 1 DAGs
[2026-06-03T11:30:04.465+0000] {logging_mixin.py:188} INFO - [2026-06-03T11:30:04.465+0000] {dag.py:3954} INFO - Setting next_dagrun for neuralretail_drift_monitoring to 2026-06-02 08:00:00+00:00, run_after=2026-06-03 08:00:00+00:00
[2026-06-03T11:30:04.486+0000] {processor.py:183} INFO - Processing /opt/airflow/dags/dag_drift_monitoring.py took 0.116 seconds
[2026-06-03T11:30:35.292+0000] {processor.py:161} INFO - Started process (PID=4215) to work on /opt/airflow/dags/dag_drift_monitoring.py
[2026-06-03T11:30:35.294+0000] {processor.py:830} INFO - Processing file /opt/airflow/dags/dag_drift_monitoring.py for tasks to queue
[2026-06-03T11:30:35.299+0000] {logging_mixin.py:188} INFO - [2026-06-03T11:30:35.298+0000] {dagbag.py:540} INFO - Filling up the DagBag from /opt/airflow/dags/dag_drift_monitoring.py
[2026-06-03T11:30:35.367+0000] {processor.py:840} INFO - DAG(s) 'neuralretail_drift_monitoring' retrieved from /opt/airflow/dags/dag_drift_monitoring.py
[2026-06-03T11:30:35.401+0000] {logging_mixin.py:188} INFO - [2026-06-03T11:30:35.401+0000] {dag.py:3096} INFO - Sync 1 DAGs
[2026-06-03T11:30:35.431+0000] {logging_mixin.py:188} INFO - [2026-06-03T11:30:35.431+0000] {dag.py:3954} INFO - Setting next_dagrun for neuralretail_drift_monitoring to 2026-06-02 08:00:00+00:00, run_after=2026-06-03 08:00:00+00:00
[2026-06-03T11:30:35.450+0000] {processor.py:183} INFO - Processing /opt/airflow/dags/dag_drift_monitoring.py took 0.171 seconds
[2026-06-03T11:31:05.857+0000] {processor.py:161} INFO - Started process (PID=4235) to work on /opt/airflow/dags/dag_drift_monitoring.py
[2026-06-03T11:31:05.861+0000] {processor.py:830} INFO - Processing file /opt/airflow/dags/dag_drift_monitoring.py for tasks to queue
[2026-06-03T11:31:05.863+0000] {logging_mixin.py:188} INFO - [2026-06-03T11:31:05.863+0000] {dagbag.py:540} INFO - Filling up the DagBag from /opt/airflow/dags/dag_drift_monitoring.py
[2026-06-03T11:31:05.919+0000] {processor.py:840} INFO - DAG(s) 'neuralretail_drift_monitoring' retrieved from /opt/airflow/dags/dag_drift_monitoring.py
[2026-06-03T11:31:05.955+0000] {logging_mixin.py:188} INFO - [2026-06-03T11:31:05.955+0000] {dag.py:3096} INFO - Sync 1 DAGs
[2026-06-03T11:31:05.982+0000] {logging_mixin.py:188} INFO - [2026-06-03T11:31:05.982+0000] {dag.py:3954} INFO - Setting next_dagrun for neuralretail_drift_monitoring to 2026-06-02 08:00:00+00:00, run_after=2026-06-03 08:00:00+00:00
[2026-06-03T11:31:06.009+0000] {processor.py:183} INFO - Processing /opt/airflow/dags/dag_drift_monitoring.py took 0.159 seconds
[2026-06-03T11:31:36.888+0000] {processor.py:161} INFO - Started process (PID=4255) to work on /opt/airflow/dags/dag_drift_monitoring.py
[2026-06-03T11:31:36.890+0000] {processor.py:830} INFO - Processing file /opt/airflow/dags/dag_drift_monitoring.py for tasks to queue
[2026-06-03T11:31:36.894+0000] {logging_mixin.py:188} INFO - [2026-06-03T11:31:36.893+0000] {dagbag.py:540} INFO - Filling up the DagBag from /opt/airflow/dags/dag_drift_monitoring.py
[2026-06-03T11:31:36.951+0000] {processor.py:840} INFO - DAG(s) 'neuralretail_drift_monitoring' retrieved from /opt/airflow/dags/dag_drift_monitoring.py
[2026-06-03T11:31:36.975+0000] {logging_mixin.py:188} INFO - [2026-06-03T11:31:36.975+0000] {dag.py:3096} INFO - Sync 1 DAGs
[2026-06-03T11:31:36.996+0000] {logging_mixin.py:188} INFO - [2026-06-03T11:31:36.996+0000] {dag.py:3954} INFO - Setting next_dagrun for neuralretail_drift_monitoring to 2026-06-02 08:00:00+00:00, run_after=2026-06-03 08:00:00+00:00
[2026-06-03T11:31:37.014+0000] {processor.py:183} INFO - Processing /opt/airflow/dags/dag_drift_monitoring.py took 0.134 seconds
[2026-06-03T11:32:08.031+0000] {processor.py:161} INFO - Started process (PID=4275) to work on /opt/airflow/dags/dag_drift_monitoring.py
[2026-06-03T11:32:08.034+0000] {processor.py:830} INFO - Processing file /opt/airflow/dags/dag_drift_monitoring.py for tasks to queue
[2026-06-03T11:32:08.038+0000] {logging_mixin.py:188} INFO - [2026-06-03T11:32:08.037+0000] {dagbag.py:540} INFO - Filling up the DagBag from /opt/airflow/dags/dag_drift_monitoring.py
[2026-06-03T11:32:08.088+0000] {processor.py:840} INFO - DAG(s) 'neuralretail_drift_monitoring' retrieved from /opt/airflow/dags/dag_drift_monitoring.py
[2026-06-03T11:32:08.123+0000] {logging_mixin.py:188} INFO - [2026-06-03T11:32:08.123+0000] {dag.py:3096} INFO - Sync 1 DAGs
[2026-06-03T11:32:08.161+0000] {logging_mixin.py:188} INFO - [2026-06-03T11:32:08.160+0000] {dag.py:3954} INFO - Setting next_dagrun for neuralretail_drift_monitoring to 2026-06-02 08:00:00+00:00, run_after=2026-06-03 08:00:00+00:00
[2026-06-03T11:32:08.189+0000] {processor.py:183} INFO - Processing /opt/airflow/dags/dag_drift_monitoring.py took 0.168 seconds
[2026-06-03T11:32:38.792+0000] {processor.py:161} INFO - Started process (PID=4295) to work on /opt/airflow/dags/dag_drift_monitoring.py
[2026-06-03T11:32:38.798+0000] {processor.py:830} INFO - Processing file /opt/airflow/dags/dag_drift_monitoring.py for tasks to queue
[2026-06-03T11:32:38.803+0000] {logging_mixin.py:188} INFO - [2026-06-03T11:32:38.803+0000] {dagbag.py:540} INFO - Filling up the DagBag from /opt/airflow/dags/dag_drift_monitoring.py
[2026-06-03T11:32:38.886+0000] {processor.py:840} INFO - DAG(s) 'neuralretail_drift_monitoring' retrieved from /opt/airflow/dags/dag_drift_monitoring.py
[2026-06-03T11:32:38.936+0000] {logging_mixin.py:188} INFO - [2026-06-03T11:32:38.936+0000] {dag.py:3096} INFO - Sync 1 DAGs
[2026-06-03T11:32:38.971+0000] {logging_mixin.py:188} INFO - [2026-06-03T11:32:38.971+0000] {dag.py:3954} INFO - Setting next_dagrun for neuralretail_drift_monitoring to 2026-06-02 08:00:00+00:00, run_after=2026-06-03 08:00:00+00:00
[2026-06-03T11:32:38.991+0000] {processor.py:183} INFO - Processing /opt/airflow/dags/dag_drift_monitoring.py took 0.209 seconds
[2026-06-03T11:33:09.862+0000] {processor.py:161} INFO - Started process (PID=4315) to work on /opt/airflow/dags/dag_drift_monitoring.py
[2026-06-03T11:33:09.866+0000] {processor.py:830} INFO - Processing file /opt/airflow/dags/dag_drift_monitoring.py for tasks to queue
[2026-06-03T11:33:09.869+0000] {logging_mixin.py:188} INFO - [2026-06-03T11:33:09.869+0000] {dagbag.py:540} INFO - Filling up the DagBag from /opt/airflow/dags/dag_drift_monitoring.py
[2026-06-03T11:33:09.936+0000] {processor.py:840} INFO - DAG(s) 'neuralretail_drift_monitoring' retrieved from /opt/airflow/dags/dag_drift_monitoring.py
[2026-06-03T11:33:09.979+0000] {logging_mixin.py:188} INFO - [2026-06-03T11:33:09.978+0000] {dag.py:3096} INFO - Sync 1 DAGs
[2026-06-03T11:33:10.013+0000] {logging_mixin.py:188} INFO - [2026-06-03T11:33:10.013+0000] {dag.py:3954} INFO - Setting next_dagrun for neuralretail_drift_monitoring to 2026-06-02 08:00:00+00:00, run_after=2026-06-03 08:00:00+00:00
[2026-06-03T11:33:10.037+0000] {processor.py:183} INFO - Processing /opt/airflow/dags/dag_drift_monitoring.py took 0.183 seconds
[2026-06-03T11:33:40.403+0000] {processor.py:161} INFO - Started process (PID=4335) to work on /opt/airflow/dags/dag_drift_monitoring.py
[2026-06-03T11:33:40.405+0000] {processor.py:830} INFO - Processing file /opt/airflow/dags/dag_drift_monitoring.py for tasks to queue
[2026-06-03T11:33:40.407+0000] {logging_mixin.py:188} INFO - [2026-06-03T11:33:40.407+0000] {dagbag.py:540} INFO - Filling up the DagBag from /opt/airflow/dags/dag_drift_monitoring.py
[2026-06-03T11:33:40.449+0000] {processor.py:840} INFO - DAG(s) 'neuralretail_drift_monitoring' retrieved from /opt/airflow/dags/dag_drift_monitoring.py
[2026-06-03T11:33:40.478+0000] {logging_mixin.py:188} INFO - [2026-06-03T11:33:40.478+0000] {dag.py:3096} INFO - Sync 1 DAGs
[2026-06-03T11:33:40.496+0000] {logging_mixin.py:188} INFO - [2026-06-03T11:33:40.496+0000] {dag.py:3954} INFO - Setting next_dagrun for neuralretail_drift_monitoring to 2026-06-02 08:00:00+00:00, run_after=2026-06-03 08:00:00+00:00
[2026-06-03T11:33:40.528+0000] {processor.py:183} INFO - Processing /opt/airflow/dags/dag_drift_monitoring.py took 0.130 seconds
[2026-06-03T11:34:10.989+0000] {processor.py:161} INFO - Started process (PID=4355) to work on /opt/airflow/dags/dag_drift_monitoring.py
[2026-06-03T11:34:10.991+0000] {processor.py:830} INFO - Processing file /opt/airflow/dags/dag_drift_monitoring.py for tasks to queue
[2026-06-03T11:34:10.994+0000] {logging_mixin.py:188} INFO - [2026-06-03T11:34:10.994+0000] {dagbag.py:540} INFO - Filling up the DagBag from /opt/airflow/dags/dag_drift_monitoring.py
[2026-06-03T11:34:11.054+0000] {processor.py:840} INFO - DAG(s) 'neuralretail_drift_monitoring' retrieved from /opt/airflow/dags/dag_drift_monitoring.py
[2026-06-03T11:34:11.075+0000] {logging_mixin.py:188} INFO - [2026-06-03T11:34:11.074+0000] {dag.py:3096} INFO - Sync 1 DAGs
[2026-06-03T11:34:11.098+0000] {logging_mixin.py:188} INFO - [2026-06-03T11:34:11.098+0000] {dag.py:3954} INFO - Setting next_dagrun for neuralretail_drift_monitoring to 2026-06-02 08:00:00+00:00, run_after=2026-06-03 08:00:00+00:00
[2026-06-03T11:34:11.117+0000] {processor.py:183} INFO - Processing /opt/airflow/dags/dag_drift_monitoring.py took 0.134 seconds
[2026-06-03T11:34:41.526+0000] {processor.py:161} INFO - Started process (PID=4375) to work on /opt/airflow/dags/dag_drift_monitoring.py
[2026-06-03T11:34:41.527+0000] {processor.py:830} INFO - Processing file /opt/airflow/dags/dag_drift_monitoring.py for tasks to queue
[2026-06-03T11:34:41.529+0000] {logging_mixin.py:188} INFO - [2026-06-03T11:34:41.528+0000] {dagbag.py:540} INFO - Filling up the DagBag from /opt/airflow/dags/dag_drift_monitoring.py
[2026-06-03T11:34:41.612+0000] {processor.py:840} INFO - DAG(s) 'neuralretail_drift_monitoring' retrieved from /opt/airflow/dags/dag_drift_monitoring.py
[2026-06-03T11:34:41.644+0000] {logging_mixin.py:188} INFO - [2026-06-03T11:34:41.644+0000] {dag.py:3096} INFO - Sync 1 DAGs
[2026-06-03T11:34:41.667+0000] {logging_mixin.py:188} INFO - [2026-06-03T11:34:41.667+0000] {dag.py:3954} INFO - Setting next_dagrun for neuralretail_drift_monitoring to 2026-06-02 08:00:00+00:00, run_after=2026-06-03 08:00:00+00:00
[2026-06-03T11:34:41.697+0000] {processor.py:183} INFO - Processing /opt/airflow/dags/dag_drift_monitoring.py took 0.178 seconds
[2026-06-03T11:35:11.916+0000] {processor.py:161} INFO - Started process (PID=4395) to work on /opt/airflow/dags/dag_drift_monitoring.py
[2026-06-03T11:35:11.918+0000] {processor.py:830} INFO - Processing file /opt/airflow/dags/dag_drift_monitoring.py for tasks to queue
[2026-06-03T11:35:11.920+0000] {logging_mixin.py:188} INFO - [2026-06-03T11:35:11.920+0000] {dagbag.py:540} INFO - Filling up the DagBag from /opt/airflow/dags/dag_drift_monitoring.py
[2026-06-03T11:35:11.991+0000] {processor.py:840} INFO - DAG(s) 'neuralretail_drift_monitoring' retrieved from /opt/airflow/dags/dag_drift_monitoring.py
[2026-06-03T11:35:12.014+0000] {logging_mixin.py:188} INFO - [2026-06-03T11:35:12.014+0000] {dag.py:3096} INFO - Sync 1 DAGs
[2026-06-03T11:35:12.040+0000] {logging_mixin.py:188} INFO - [2026-06-03T11:35:12.040+0000] {dag.py:3954} INFO - Setting next_dagrun for neuralretail_drift_monitoring to 2026-06-02 08:00:00+00:00, run_after=2026-06-03 08:00:00+00:00
[2026-06-03T11:35:12.065+0000] {processor.py:183} INFO - Processing /opt/airflow/dags/dag_drift_monitoring.py took 0.157 seconds
[2026-06-03T11:35:42.557+0000] {processor.py:161} INFO - Started process (PID=4415) to work on /opt/airflow/dags/dag_drift_monitoring.py
[2026-06-03T11:35:42.561+0000] {processor.py:830} INFO - Processing file /opt/airflow/dags/dag_drift_monitoring.py for tasks to queue
[2026-06-03T11:35:42.566+0000] {logging_mixin.py:188} INFO - [2026-06-03T11:35:42.565+0000] {dagbag.py:540} INFO - Filling up the DagBag from /opt/airflow/dags/dag_drift_monitoring.py
[2026-06-03T11:35:42.645+0000] {processor.py:840} INFO - DAG(s) 'neuralretail_drift_monitoring' retrieved from /opt/airflow/dags/dag_drift_monitoring.py
[2026-06-03T11:35:42.673+0000] {logging_mixin.py:188} INFO - [2026-06-03T11:35:42.673+0000] {dag.py:3096} INFO - Sync 1 DAGs
[2026-06-03T11:35:42.693+0000] {logging_mixin.py:188} INFO - [2026-06-03T11:35:42.693+0000] {dag.py:3954} INFO - Setting next_dagrun for neuralretail_drift_monitoring to 2026-06-02 08:00:00+00:00, run_after=2026-06-03 08:00:00+00:00
[2026-06-03T11:35:42.711+0000] {processor.py:183} INFO - Processing /opt/airflow/dags/dag_drift_monitoring.py took 0.171 seconds
[2026-06-03T11:36:13.282+0000] {processor.py:161} INFO - Started process (PID=4435) to work on /opt/airflow/dags/dag_drift_monitoring.py
[2026-06-03T11:36:13.287+0000] {processor.py:830} INFO - Processing file /opt/airflow/dags/dag_drift_monitoring.py for tasks to queue
[2026-06-03T11:36:13.294+0000] {logging_mixin.py:188} INFO - [2026-06-03T11:36:13.293+0000] {dagbag.py:540} INFO - Filling up the DagBag from /opt/airflow/dags/dag_drift_monitoring.py
[2026-06-03T11:36:13.793+0000] {processor.py:840} INFO - DAG(s) 'neuralretail_drift_monitoring' retrieved from /opt/airflow/dags/dag_drift_monitoring.py
[2026-06-03T11:36:13.846+0000] {logging_mixin.py:188} INFO - [2026-06-03T11:36:13.845+0000] {dag.py:3096} INFO - Sync 1 DAGs
[2026-06-03T11:36:13.885+0000] {logging_mixin.py:188} INFO - [2026-06-03T11:36:13.885+0000] {dag.py:3954} INFO - Setting next_dagrun for neuralretail_drift_monitoring to 2026-06-02 08:00:00+00:00, run_after=2026-06-03 08:00:00+00:00
[2026-06-03T11:36:13.969+0000] {processor.py:183} INFO - Processing /opt/airflow/dags/dag_drift_monitoring.py took 0.695 seconds
[2026-06-03T11:36:44.207+0000] {processor.py:161} INFO - Started process (PID=4455) to work on /opt/airflow/dags/dag_drift_monitoring.py
[2026-06-03T11:36:44.212+0000] {processor.py:830} INFO - Processing file /opt/airflow/dags/dag_drift_monitoring.py for tasks to queue
[2026-06-03T11:36:44.219+0000] {logging_mixin.py:188} INFO - [2026-06-03T11:36:44.217+0000] {dagbag.py:540} INFO - Filling up the DagBag from /opt/airflow/dags/dag_drift_monitoring.py
[2026-06-03T11:36:44.292+0000] {processor.py:840} INFO - DAG(s) 'neuralretail_drift_monitoring' retrieved from /opt/airflow/dags/dag_drift_monitoring.py
[2026-06-03T11:36:44.319+0000] {logging_mixin.py:188} INFO - [2026-06-03T11:36:44.319+0000] {dag.py:3096} INFO - Sync 1 DAGs
[2026-06-03T11:36:44.346+0000] {logging_mixin.py:188} INFO - [2026-06-03T11:36:44.346+0000] {dag.py:3954} INFO - Setting next_dagrun for neuralretail_drift_monitoring to 2026-06-02 08:00:00+00:00, run_after=2026-06-03 08:00:00+00:00
[2026-06-03T11:36:44.368+0000] {processor.py:183} INFO - Processing /opt/airflow/dags/dag_drift_monitoring.py took 0.168 seconds
[2026-06-03T11:37:14.495+0000] {processor.py:161} INFO - Started process (PID=4475) to work on /opt/airflow/dags/dag_drift_monitoring.py
[2026-06-03T11:37:14.504+0000] {processor.py:830} INFO - Processing file /opt/airflow/dags/dag_drift_monitoring.py for tasks to queue
[2026-06-03T11:37:14.509+0000] {logging_mixin.py:188} INFO - [2026-06-03T11:37:14.507+0000] {dagbag.py:540} INFO - Filling up the DagBag from /opt/airflow/dags/dag_drift_monitoring.py
[2026-06-03T11:37:14.611+0000] {processor.py:840} INFO - DAG(s) 'neuralretail_drift_monitoring' retrieved from /opt/airflow/dags/dag_drift_monitoring.py
[2026-06-03T11:37:14.665+0000] {logging_mixin.py:188} INFO - [2026-06-03T11:37:14.664+0000] {dag.py:3096} INFO - Sync 1 DAGs
[2026-06-03T11:37:14.711+0000] {logging_mixin.py:188} INFO - [2026-06-03T11:37:14.711+0000] {dag.py:3954} INFO - Setting next_dagrun for neuralretail_drift_monitoring to 2026-06-02 08:00:00+00:00, run_after=2026-06-03 08:00:00+00:00
[2026-06-03T11:37:14.750+0000] {processor.py:183} INFO - Processing /opt/airflow/dags/dag_drift_monitoring.py took 0.265 seconds
[2026-06-03T11:37:45.085+0000] {processor.py:161} INFO - Started process (PID=4495) to work on /opt/airflow/dags/dag_drift_monitoring.py
[2026-06-03T11:37:45.089+0000] {processor.py:830} INFO - Processing file /opt/airflow/dags/dag_drift_monitoring.py for tasks to queue
[2026-06-03T11:37:45.096+0000] {logging_mixin.py:188} INFO - [2026-06-03T11:37:45.095+0000] {dagbag.py:540} INFO - Filling up the DagBag from /opt/airflow/dags/dag_drift_monitoring.py
[2026-06-03T11:37:45.206+0000] {processor.py:840} INFO - DAG(s) 'neuralretail_drift_monitoring' retrieved from /opt/airflow/dags/dag_drift_monitoring.py
[2026-06-03T11:37:45.255+0000] {logging_mixin.py:188} INFO - [2026-06-03T11:37:45.254+0000] {dag.py:3096} INFO - Sync 1 DAGs
[2026-06-03T11:37:45.313+0000] {logging_mixin.py:188} INFO - [2026-06-03T11:37:45.313+0000] {dag.py:3954} INFO - Setting next_dagrun for neuralretail_drift_monitoring to 2026-06-02 08:00:00+00:00, run_after=2026-06-03 08:00:00+00:00
[2026-06-03T11:37:45.361+0000] {processor.py:183} INFO - Processing /opt/airflow/dags/dag_drift_monitoring.py took 0.293 seconds
[2026-06-03T11:39:36.079+0000] {processor.py:161} INFO - Started process (PID=4517) to work on /opt/airflow/dags/dag_drift_monitoring.py
[2026-06-03T11:39:36.083+0000] {processor.py:830} INFO - Processing file /opt/airflow/dags/dag_drift_monitoring.py for tasks to queue
[2026-06-03T11:39:36.091+0000] {logging_mixin.py:188} INFO - [2026-06-03T11:39:36.091+0000] {dagbag.py:540} INFO - Filling up the DagBag from /opt/airflow/dags/dag_drift_monitoring.py
[2026-06-03T11:39:36.649+0000] {processor.py:840} INFO - DAG(s) 'neuralretail_drift_monitoring' retrieved from /opt/airflow/dags/dag_drift_monitoring.py
[2026-06-03T11:39:36.680+0000] {logging_mixin.py:188} INFO - [2026-06-03T11:39:36.680+0000] {dag.py:3096} INFO - Sync 1 DAGs
[2026-06-03T11:39:36.718+0000] {logging_mixin.py:188} INFO - [2026-06-03T11:39:36.718+0000] {dag.py:3954} INFO - Setting next_dagrun for neuralretail_drift_monitoring to 2026-06-02 08:00:00+00:00, run_after=2026-06-03 08:00:00+00:00
[2026-06-03T11:39:36.754+0000] {processor.py:183} INFO - Processing /opt/airflow/dags/dag_drift_monitoring.py took 0.680 seconds
[2026-06-03T12:00:46.525+0000] {processor.py:161} INFO - Started process (PID=4539) to work on /opt/airflow/dags/dag_drift_monitoring.py
[2026-06-03T12:00:46.527+0000] {processor.py:830} INFO - Processing file /opt/airflow/dags/dag_drift_monitoring.py for tasks to queue
[2026-06-03T12:00:46.531+0000] {logging_mixin.py:188} INFO - [2026-06-03T12:00:46.530+0000] {dagbag.py:540} INFO - Filling up the DagBag from /opt/airflow/dags/dag_drift_monitoring.py
[2026-06-03T12:00:46.580+0000] {processor.py:840} INFO - DAG(s) 'neuralretail_drift_monitoring' retrieved from /opt/airflow/dags/dag_drift_monitoring.py
[2026-06-03T12:00:46.609+0000] {logging_mixin.py:188} INFO - [2026-06-03T12:00:46.609+0000] {dag.py:3096} INFO - Sync 1 DAGs
[2026-06-03T12:00:46.638+0000] {logging_mixin.py:188} INFO - [2026-06-03T12:00:46.637+0000] {dag.py:3954} INFO - Setting next_dagrun for neuralretail_drift_monitoring to 2026-06-02 08:00:00+00:00, run_after=2026-06-03 08:00:00+00:00
[2026-06-03T12:00:46.659+0000] {processor.py:183} INFO - Processing /opt/airflow/dags/dag_drift_monitoring.py took 0.142 seconds
[2026-06-03T12:01:17.108+0000] {processor.py:161} INFO - Started process (PID=4559) to work on /opt/airflow/dags/dag_drift_monitoring.py
[2026-06-03T12:01:17.110+0000] {processor.py:830} INFO - Processing file /opt/airflow/dags/dag_drift_monitoring.py for tasks to queue
[2026-06-03T12:01:17.113+0000] {logging_mixin.py:188} INFO - [2026-06-03T12:01:17.112+0000] {dagbag.py:540} INFO - Filling up the DagBag from /opt/airflow/dags/dag_drift_monitoring.py
[2026-06-03T12:01:17.199+0000] {processor.py:840} INFO - DAG(s) 'neuralretail_drift_monitoring' retrieved from /opt/airflow/dags/dag_drift_monitoring.py
[2026-06-03T12:01:17.231+0000] {logging_mixin.py:188} INFO - [2026-06-03T12:01:17.231+0000] {dag.py:3096} INFO - Sync 1 DAGs
[2026-06-03T12:01:17.323+0000] {logging_mixin.py:188} INFO - [2026-06-03T12:01:17.323+0000] {dag.py:3954} INFO - Setting next_dagrun for neuralretail_drift_monitoring to 2026-06-02 08:00:00+00:00, run_after=2026-06-03 08:00:00+00:00
[2026-06-03T12:01:17.367+0000] {processor.py:183} INFO - Processing /opt/airflow/dags/dag_drift_monitoring.py took 0.268 seconds
[2026-06-03T12:01:48.014+0000] {processor.py:161} INFO - Started process (PID=4579) to work on /opt/airflow/dags/dag_drift_monitoring.py
[2026-06-03T12:01:48.015+0000] {processor.py:830} INFO - Processing file /opt/airflow/dags/dag_drift_monitoring.py for tasks to queue
[2026-06-03T12:01:48.018+0000] {logging_mixin.py:188} INFO - [2026-06-03T12:01:48.017+0000] {dagbag.py:540} INFO - Filling up the DagBag from /opt/airflow/dags/dag_drift_monitoring.py
[2026-06-03T12:01:48.071+0000] {processor.py:840} INFO - DAG(s) 'neuralretail_drift_monitoring' retrieved from /opt/airflow/dags/dag_drift_monitoring.py
[2026-06-03T12:01:48.099+0000] {logging_mixin.py:188} INFO - [2026-06-03T12:01:48.099+0000] {dag.py:3096} INFO - Sync 1 DAGs
[2026-06-03T12:01:48.119+0000] {logging_mixin.py:188} INFO - [2026-06-03T12:01:48.119+0000] {dag.py:3954} INFO - Setting next_dagrun for neuralretail_drift_monitoring to 2026-06-02 08:00:00+00:00, run_after=2026-06-03 08:00:00+00:00
[2026-06-03T12:01:48.141+0000] {processor.py:183} INFO - Processing /opt/airflow/dags/dag_drift_monitoring.py took 0.133 seconds
[2026-06-03T12:02:18.779+0000] {processor.py:161} INFO - Started process (PID=4599) to work on /opt/airflow/dags/dag_drift_monitoring.py
[2026-06-03T12:02:18.781+0000] {processor.py:830} INFO - Processing file /opt/airflow/dags/dag_drift_monitoring.py for tasks to queue
[2026-06-03T12:02:18.783+0000] {logging_mixin.py:188} INFO - [2026-06-03T12:02:18.782+0000] {dagbag.py:540} INFO - Filling up the DagBag from /opt/airflow/dags/dag_drift_monitoring.py
[2026-06-03T12:02:18.898+0000] {processor.py:840} INFO - DAG(s) 'neuralretail_drift_monitoring' retrieved from /opt/airflow/dags/dag_drift_monitoring.py
[2026-06-03T12:02:18.942+0000] {logging_mixin.py:188} INFO - [2026-06-03T12:02:18.942+0000] {dag.py:3096} INFO - Sync 1 DAGs
[2026-06-03T12:02:18.969+0000] {logging_mixin.py:188} INFO - [2026-06-03T12:02:18.969+0000] {dag.py:3954} INFO - Setting next_dagrun for neuralretail_drift_monitoring to 2026-06-02 08:00:00+00:00, run_after=2026-06-03 08:00:00+00:00
[2026-06-03T12:02:18.991+0000] {processor.py:183} INFO - Processing /opt/airflow/dags/dag_drift_monitoring.py took 0.219 seconds
[2026-06-03T12:02:49.430+0000] {processor.py:161} INFO - Started process (PID=4619) to work on /opt/airflow/dags/dag_drift_monitoring.py
[2026-06-03T12:02:49.432+0000] {processor.py:830} INFO - Processing file /opt/airflow/dags/dag_drift_monitoring.py for tasks to queue
[2026-06-03T12:02:49.434+0000] {logging_mixin.py:188} INFO - [2026-06-03T12:02:49.434+0000] {dagbag.py:540} INFO - Filling up the DagBag from /opt/airflow/dags/dag_drift_monitoring.py
[2026-06-03T12:02:49.487+0000] {processor.py:840} INFO - DAG(s) 'neuralretail_drift_monitoring' retrieved from /opt/airflow/dags/dag_drift_monitoring.py
[2026-06-03T12:02:49.513+0000] {logging_mixin.py:188} INFO - [2026-06-03T12:02:49.513+0000] {dag.py:3096} INFO - Sync 1 DAGs
[2026-06-03T12:02:49.535+0000] {logging_mixin.py:188} INFO - [2026-06-03T12:02:49.535+0000] {dag.py:3954} INFO - Setting next_dagrun for neuralretail_drift_monitoring to 2026-06-02 08:00:00+00:00, run_after=2026-06-03 08:00:00+00:00
[2026-06-03T12:02:49.559+0000] {processor.py:183} INFO - Processing /opt/airflow/dags/dag_drift_monitoring.py took 0.136 seconds
[2026-06-03T12:03:19.756+0000] {processor.py:161} INFO - Started process (PID=4639) to work on /opt/airflow/dags/dag_drift_monitoring.py
[2026-06-03T12:03:19.757+0000] {processor.py:830} INFO - Processing file /opt/airflow/dags/dag_drift_monitoring.py for tasks to queue
[2026-06-03T12:03:19.760+0000] {logging_mixin.py:188} INFO - [2026-06-03T12:03:19.759+0000] {dagbag.py:540} INFO - Filling up the DagBag from /opt/airflow/dags/dag_drift_monitoring.py
[2026-06-03T12:03:19.813+0000] {processor.py:840} INFO - DAG(s) 'neuralretail_drift_monitoring' retrieved from /opt/airflow/dags/dag_drift_monitoring.py
[2026-06-03T12:03:19.861+0000] {logging_mixin.py:188} INFO - [2026-06-03T12:03:19.861+0000] {dag.py:3096} INFO - Sync 1 DAGs
[2026-06-03T12:03:19.885+0000] {logging_mixin.py:188} INFO - [2026-06-03T12:03:19.884+0000] {dag.py:3954} INFO - Setting next_dagrun for neuralretail_drift_monitoring to 2026-06-02 08:00:00+00:00, run_after=2026-06-03 08:00:00+00:00
[2026-06-03T12:03:19.907+0000] {processor.py:183} INFO - Processing /opt/airflow/dags/dag_drift_monitoring.py took 0.158 seconds
[2026-06-03T12:03:51.019+0000] {processor.py:161} INFO - Started process (PID=4659) to work on /opt/airflow/dags/dag_drift_monitoring.py
[2026-06-03T12:03:51.021+0000] {processor.py:830} INFO - Processing file /opt/airflow/dags/dag_drift_monitoring.py for tasks to queue
[2026-06-03T12:03:51.023+0000] {logging_mixin.py:188} INFO - [2026-06-03T12:03:51.023+0000] {dagbag.py:540} INFO - Filling up the DagBag from /opt/airflow/dags/dag_drift_monitoring.py
[2026-06-03T12:03:51.079+0000] {processor.py:840} INFO - DAG(s) 'neuralretail_drift_monitoring' retrieved from /opt/airflow/dags/dag_drift_monitoring.py
[2026-06-03T12:03:51.107+0000] {logging_mixin.py:188} INFO - [2026-06-03T12:03:51.106+0000] {dag.py:3096} INFO - Sync 1 DAGs
[2026-06-03T12:03:51.139+0000] {logging_mixin.py:188} INFO - [2026-06-03T12:03:51.139+0000] {dag.py:3954} INFO - Setting next_dagrun for neuralretail_drift_monitoring to 2026-06-02 08:00:00+00:00, run_after=2026-06-03 08:00:00+00:00
[2026-06-03T12:03:51.167+0000] {processor.py:183} INFO - Processing /opt/airflow/dags/dag_drift_monitoring.py took 0.154 seconds
[2026-06-03T12:04:21.399+0000] {processor.py:161} INFO - Started process (PID=4679) to work on /opt/airflow/dags/dag_drift_monitoring.py
[2026-06-03T12:04:21.401+0000] {processor.py:830} INFO - Processing file /opt/airflow/dags/dag_drift_monitoring.py for tasks to queue
[2026-06-03T12:04:21.405+0000] {logging_mixin.py:188} INFO - [2026-06-03T12:04:21.404+0000] {dagbag.py:540} INFO - Filling up the DagBag from /opt/airflow/dags/dag_drift_monitoring.py
[2026-06-03T12:04:21.472+0000] {processor.py:840} INFO - DAG(s) 'neuralretail_drift_monitoring' retrieved from /opt/airflow/dags/dag_drift_monitoring.py
[2026-06-03T12:04:21.515+0000] {logging_mixin.py:188} INFO - [2026-06-03T12:04:21.515+0000] {dag.py:3096} INFO - Sync 1 DAGs
[2026-06-03T12:04:21.549+0000] {logging_mixin.py:188} INFO - [2026-06-03T12:04:21.549+0000] {dag.py:3954} INFO - Setting next_dagrun for neuralretail_drift_monitoring to 2026-06-02 08:00:00+00:00, run_after=2026-06-03 08:00:00+00:00
[2026-06-03T12:04:21.569+0000] {processor.py:183} INFO - Processing /opt/airflow/dags/dag_drift_monitoring.py took 0.177 seconds
[2026-06-03T12:04:51.950+0000] {processor.py:161} INFO - Started process (PID=4699) to work on /opt/airflow/dags/dag_drift_monitoring.py
[2026-06-03T12:04:51.952+0000] {processor.py:830} INFO - Processing file /opt/airflow/dags/dag_drift_monitoring.py for tasks to queue
[2026-06-03T12:04:51.962+0000] {logging_mixin.py:188} INFO - [2026-06-03T12:04:51.962+0000] {dagbag.py:540} INFO - Filling up the DagBag from /opt/airflow/dags/dag_drift_monitoring.py
[2026-06-03T12:04:52.066+0000] {processor.py:840} INFO - DAG(s) 'neuralretail_drift_monitoring' retrieved from /opt/airflow/dags/dag_drift_monitoring.py
[2026-06-03T12:04:52.133+0000] {logging_mixin.py:188} INFO - [2026-06-03T12:04:52.133+0000] {dag.py:3096} INFO - Sync 1 DAGs
[2026-06-03T12:04:52.155+0000] {logging_mixin.py:188} INFO - [2026-06-03T12:04:52.155+0000] {dag.py:3954} INFO - Setting next_dagrun for neuralretail_drift_monitoring to 2026-06-02 08:00:00+00:00, run_after=2026-06-03 08:00:00+00:00
[2026-06-03T12:04:52.176+0000] {processor.py:183} INFO - Processing /opt/airflow/dags/dag_drift_monitoring.py took 0.241 seconds
[2026-06-03T12:05:22.627+0000] {processor.py:161} INFO - Started process (PID=4719) to work on /opt/airflow/dags/dag_drift_monitoring.py
[2026-06-03T12:05:22.629+0000] {processor.py:830} INFO - Processing file /opt/airflow/dags/dag_drift_monitoring.py for tasks to queue
[2026-06-03T12:05:22.631+0000] {logging_mixin.py:188} INFO - [2026-06-03T12:05:22.630+0000] {dagbag.py:540} INFO - Filling up the DagBag from /opt/airflow/dags/dag_drift_monitoring.py
[2026-06-03T12:05:22.682+0000] {processor.py:840} INFO - DAG(s) 'neuralretail_drift_monitoring' retrieved from /opt/airflow/dags/dag_drift_monitoring.py
[2026-06-03T12:05:22.705+0000] {logging_mixin.py:188} INFO - [2026-06-03T12:05:22.704+0000] {dag.py:3096} INFO - Sync 1 DAGs
[2026-06-03T12:05:22.728+0000] {logging_mixin.py:188} INFO - [2026-06-03T12:05:22.728+0000] {dag.py:3954} INFO - Setting next_dagrun for neuralretail_drift_monitoring to 2026-06-02 08:00:00+00:00, run_after=2026-06-03 08:00:00+00:00
[2026-06-03T12:05:22.748+0000] {processor.py:183} INFO - Processing /opt/airflow/dags/dag_drift_monitoring.py took 0.128 seconds
[2026-06-03T12:05:53.225+0000] {processor.py:161} INFO - Started process (PID=4739) to work on /opt/airflow/dags/dag_drift_monitoring.py
[2026-06-03T12:05:53.229+0000] {processor.py:830} INFO - Processing file /opt/airflow/dags/dag_drift_monitoring.py for tasks to queue
[2026-06-03T12:05:53.235+0000] {logging_mixin.py:188} INFO - [2026-06-03T12:05:53.234+0000] {dagbag.py:540} INFO - Filling up the DagBag from /opt/airflow/dags/dag_drift_monitoring.py
[2026-06-03T12:05:53.299+0000] {processor.py:840} INFO - DAG(s) 'neuralretail_drift_monitoring' retrieved from /opt/airflow/dags/dag_drift_monitoring.py
[2026-06-03T12:05:53.320+0000] {logging_mixin.py:188} INFO - [2026-06-03T12:05:53.320+0000] {dag.py:3096} INFO - Sync 1 DAGs
[2026-06-03T12:05:53.340+0000] {logging_mixin.py:188} INFO - [2026-06-03T12:05:53.340+0000] {dag.py:3954} INFO - Setting next_dagrun for neuralretail_drift_monitoring to 2026-06-02 08:00:00+00:00, run_after=2026-06-03 08:00:00+00:00
[2026-06-03T12:05:53.357+0000] {processor.py:183} INFO - Processing /opt/airflow/dags/dag_drift_monitoring.py took 0.148 seconds
[2026-06-03T12:06:23.765+0000] {processor.py:161} INFO - Started process (PID=4759) to work on /opt/airflow/dags/dag_drift_monitoring.py
[2026-06-03T12:06:23.767+0000] {processor.py:830} INFO - Processing file /opt/airflow/dags/dag_drift_monitoring.py for tasks to queue
[2026-06-03T12:06:23.773+0000] {logging_mixin.py:188} INFO - [2026-06-03T12:06:23.773+0000] {dagbag.py:540} INFO - Filling up the DagBag from /opt/airflow/dags/dag_drift_monitoring.py
[2026-06-03T12:06:23.861+0000] {processor.py:840} INFO - DAG(s) 'neuralretail_drift_monitoring' retrieved from /opt/airflow/dags/dag_drift_monitoring.py
[2026-06-03T12:06:23.901+0000] {logging_mixin.py:188} INFO - [2026-06-03T12:06:23.901+0000] {dag.py:3096} INFO - Sync 1 DAGs
[2026-06-03T12:06:23.933+0000] {logging_mixin.py:188} INFO - [2026-06-03T12:06:23.932+0000] {dag.py:3954} INFO - Setting next_dagrun for neuralretail_drift_monitoring to 2026-06-02 08:00:00+00:00, run_after=2026-06-03 08:00:00+00:00
[2026-06-03T12:06:23.966+0000] {processor.py:183} INFO - Processing /opt/airflow/dags/dag_drift_monitoring.py took 0.209 seconds
[2026-06-03T12:06:54.134+0000] {processor.py:161} INFO - Started process (PID=4779) to work on /opt/airflow/dags/dag_drift_monitoring.py
[2026-06-03T12:06:54.136+0000] {processor.py:830} INFO - Processing file /opt/airflow/dags/dag_drift_monitoring.py for tasks to queue
[2026-06-03T12:06:54.138+0000] {logging_mixin.py:188} INFO - [2026-06-03T12:06:54.138+0000] {dagbag.py:540} INFO - Filling up the DagBag from /opt/airflow/dags/dag_drift_monitoring.py
[2026-06-03T12:06:54.192+0000] {processor.py:840} INFO - DAG(s) 'neuralretail_drift_monitoring' retrieved from /opt/airflow/dags/dag_drift_monitoring.py
[2026-06-03T12:06:54.234+0000] {logging_mixin.py:188} INFO - [2026-06-03T12:06:54.233+0000] {dag.py:3096} INFO - Sync 1 DAGs
[2026-06-03T12:06:54.265+0000] {logging_mixin.py:188} INFO - [2026-06-03T12:06:54.265+0000] {dag.py:3954} INFO - Setting next_dagrun for neuralretail_drift_monitoring to 2026-06-02 08:00:00+00:00, run_after=2026-06-03 08:00:00+00:00
[2026-06-03T12:06:54.294+0000] {processor.py:183} INFO - Processing /opt/airflow/dags/dag_drift_monitoring.py took 0.165 seconds
[2026-06-03T12:07:24.524+0000] {processor.py:161} INFO - Started process (PID=4799) to work on /opt/airflow/dags/dag_drift_monitoring.py
[2026-06-03T12:07:24.526+0000] {processor.py:830} INFO - Processing file /opt/airflow/dags/dag_drift_monitoring.py for tasks to queue
[2026-06-03T12:07:24.529+0000] {logging_mixin.py:188} INFO - [2026-06-03T12:07:24.529+0000] {dagbag.py:540} INFO - Filling up the DagBag from /opt/airflow/dags/dag_drift_monitoring.py
[2026-06-03T12:07:24.578+0000] {processor.py:840} INFO - DAG(s) 'neuralretail_drift_monitoring' retrieved from /opt/airflow/dags/dag_drift_monitoring.py
[2026-06-03T12:07:24.602+0000] {logging_mixin.py:188} INFO - [2026-06-03T12:07:24.601+0000] {dag.py:3096} INFO - Sync 1 DAGs
[2026-06-03T12:07:24.620+0000] {logging_mixin.py:188} INFO - [2026-06-03T12:07:24.620+0000] {dag.py:3954} INFO - Setting next_dagrun for neuralretail_drift_monitoring to 2026-06-02 08:00:00+00:00, run_after=2026-06-03 08:00:00+00:00
[2026-06-03T12:07:24.647+0000] {processor.py:183} INFO - Processing /opt/airflow/dags/dag_drift_monitoring.py took 0.130 seconds
[2026-06-03T12:07:54.910+0000] {processor.py:161} INFO - Started process (PID=4819) to work on /opt/airflow/dags/dag_drift_monitoring.py
[2026-06-03T12:07:54.912+0000] {processor.py:830} INFO - Processing file /opt/airflow/dags/dag_drift_monitoring.py for tasks to queue
[2026-06-03T12:07:54.915+0000] {logging_mixin.py:188} INFO - [2026-06-03T12:07:54.915+0000] {dagbag.py:540} INFO - Filling up the DagBag from /opt/airflow/dags/dag_drift_monitoring.py
[2026-06-03T12:07:54.976+0000] {processor.py:840} INFO - DAG(s) 'neuralretail_drift_monitoring' retrieved from /opt/airflow/dags/dag_drift_monitoring.py
[2026-06-03T12:07:55.015+0000] {logging_mixin.py:188} INFO - [2026-06-03T12:07:55.015+0000] {dag.py:3096} INFO - Sync 1 DAGs
[2026-06-03T12:07:55.051+0000] {logging_mixin.py:188} INFO - [2026-06-03T12:07:55.051+0000] {dag.py:3954} INFO - Setting next_dagrun for neuralretail_drift_monitoring to 2026-06-02 08:00:00+00:00, run_after=2026-06-03 08:00:00+00:00
[2026-06-03T12:07:55.099+0000] {processor.py:183} INFO - Processing /opt/airflow/dags/dag_drift_monitoring.py took 0.195 seconds
[2026-06-03T12:08:25.641+0000] {processor.py:161} INFO - Started process (PID=4839) to work on /opt/airflow/dags/dag_drift_monitoring.py
[2026-06-03T12:08:25.643+0000] {processor.py:830} INFO - Processing file /opt/airflow/dags/dag_drift_monitoring.py for tasks to queue
[2026-06-03T12:08:25.646+0000] {logging_mixin.py:188} INFO - [2026-06-03T12:08:25.646+0000] {dagbag.py:540} INFO - Filling up the DagBag from /opt/airflow/dags/dag_drift_monitoring.py
[2026-06-03T12:08:25.691+0000] {processor.py:840} INFO - DAG(s) 'neuralretail_drift_monitoring' retrieved from /opt/airflow/dags/dag_drift_monitoring.py
[2026-06-03T12:08:25.714+0000] {logging_mixin.py:188} INFO - [2026-06-03T12:08:25.714+0000] {dag.py:3096} INFO - Sync 1 DAGs
[2026-06-03T12:08:25.740+0000] {logging_mixin.py:188} INFO - [2026-06-03T12:08:25.740+0000] {dag.py:3954} INFO - Setting next_dagrun for neuralretail_drift_monitoring to 2026-06-02 08:00:00+00:00, run_after=2026-06-03 08:00:00+00:00
[2026-06-03T12:08:25.765+0000] {processor.py:183} INFO - Processing /opt/airflow/dags/dag_drift_monitoring.py took 0.128 seconds
[2026-06-03T12:08:56.229+0000] {processor.py:161} INFO - Started process (PID=4859) to work on /opt/airflow/dags/dag_drift_monitoring.py
[2026-06-03T12:08:56.233+0000] {processor.py:830} INFO - Processing file /opt/airflow/dags/dag_drift_monitoring.py for tasks to queue
[2026-06-03T12:08:56.240+0000] {logging_mixin.py:188} INFO - [2026-06-03T12:08:56.239+0000] {dagbag.py:540} INFO - Filling up the DagBag from /opt/airflow/dags/dag_drift_monitoring.py
[2026-06-03T12:08:56.346+0000] {processor.py:840} INFO - DAG(s) 'neuralretail_drift_monitoring' retrieved from /opt/airflow/dags/dag_drift_monitoring.py
[2026-06-03T12:08:56.435+0000] {logging_mixin.py:188} INFO - [2026-06-03T12:08:56.435+0000] {dag.py:3096} INFO - Sync 1 DAGs
[2026-06-03T12:08:56.483+0000] {logging_mixin.py:188} INFO - [2026-06-03T12:08:56.483+0000] {dag.py:3954} INFO - Setting next_dagrun for neuralretail_drift_monitoring to 2026-06-02 08:00:00+00:00, run_after=2026-06-03 08:00:00+00:00
[2026-06-03T12:08:56.530+0000] {processor.py:183} INFO - Processing /opt/airflow/dags/dag_drift_monitoring.py took 0.322 seconds
[2026-06-03T12:09:26.987+0000] {processor.py:161} INFO - Started process (PID=4879) to work on /opt/airflow/dags/dag_drift_monitoring.py
[2026-06-03T12:09:26.989+0000] {processor.py:830} INFO - Processing file /opt/airflow/dags/dag_drift_monitoring.py for tasks to queue
[2026-06-03T12:09:26.992+0000] {logging_mixin.py:188} INFO - [2026-06-03T12:09:26.992+0000] {dagbag.py:540} INFO - Filling up the DagBag from /opt/airflow/dags/dag_drift_monitoring.py
[2026-06-03T12:09:27.050+0000] {processor.py:840} INFO - DAG(s) 'neuralretail_drift_monitoring' retrieved from /opt/airflow/dags/dag_drift_monitoring.py
[2026-06-03T12:09:27.068+0000] {logging_mixin.py:188} INFO - [2026-06-03T12:09:27.068+0000] {dag.py:3096} INFO - Sync 1 DAGs
[2026-06-03T12:09:27.084+0000] {logging_mixin.py:188} INFO - [2026-06-03T12:09:27.084+0000] {dag.py:3954} INFO - Setting next_dagrun for neuralretail_drift_monitoring to 2026-06-02 08:00:00+00:00, run_after=2026-06-03 08:00:00+00:00
[2026-06-03T12:09:27.101+0000] {processor.py:183} INFO - Processing /opt/airflow/dags/dag_drift_monitoring.py took 0.121 seconds
[2026-06-03T12:09:57.452+0000] {processor.py:161} INFO - Started process (PID=4899) to work on /opt/airflow/dags/dag_drift_monitoring.py
[2026-06-03T12:09:57.456+0000] {processor.py:830} INFO - Processing file /opt/airflow/dags/dag_drift_monitoring.py for tasks to queue
[2026-06-03T12:09:57.460+0000] {logging_mixin.py:188} INFO - [2026-06-03T12:09:57.460+0000] {dagbag.py:540} INFO - Filling up the DagBag from /opt/airflow/dags/dag_drift_monitoring.py
[2026-06-03T12:09:57.560+0000] {processor.py:840} INFO - DAG(s) 'neuralretail_drift_monitoring' retrieved from /opt/airflow/dags/dag_drift_monitoring.py
[2026-06-03T12:09:57.603+0000] {logging_mixin.py:188} INFO - [2026-06-03T12:09:57.603+0000] {dag.py:3096} INFO - Sync 1 DAGs
[2026-06-03T12:09:57.642+0000] {logging_mixin.py:188} INFO - [2026-06-03T12:09:57.642+0000] {dag.py:3954} INFO - Setting next_dagrun for neuralretail_drift_monitoring to 2026-06-02 08:00:00+00:00, run_after=2026-06-03 08:00:00+00:00
[2026-06-03T12:09:57.685+0000] {processor.py:183} INFO - Processing /opt/airflow/dags/dag_drift_monitoring.py took 0.243 seconds
[2026-06-03T12:10:28.092+0000] {processor.py:161} INFO - Started process (PID=4919) to work on /opt/airflow/dags/dag_drift_monitoring.py
[2026-06-03T12:10:28.095+0000] {processor.py:830} INFO - Processing file /opt/airflow/dags/dag_drift_monitoring.py for tasks to queue
[2026-06-03T12:10:28.101+0000] {logging_mixin.py:188} INFO - [2026-06-03T12:10:28.100+0000] {dagbag.py:540} INFO - Filling up the DagBag from /opt/airflow/dags/dag_drift_monitoring.py
[2026-06-03T12:10:28.263+0000] {processor.py:840} INFO - DAG(s) 'neuralretail_drift_monitoring' retrieved from /opt/airflow/dags/dag_drift_monitoring.py
[2026-06-03T12:10:28.315+0000] {logging_mixin.py:188} INFO - [2026-06-03T12:10:28.314+0000] {dag.py:3096} INFO - Sync 1 DAGs
[2026-06-03T12:10:28.891+0000] {logging_mixin.py:188} INFO - [2026-06-03T12:10:28.891+0000] {dag.py:3954} INFO - Setting next_dagrun for neuralretail_drift_monitoring to 2026-06-02 08:00:00+00:00, run_after=2026-06-03 08:00:00+00:00
[2026-06-03T12:10:28.910+0000] {processor.py:183} INFO - Processing /opt/airflow/dags/dag_drift_monitoring.py took 0.839 seconds
[2026-06-03T12:10:59.486+0000] {processor.py:161} INFO - Started process (PID=4939) to work on /opt/airflow/dags/dag_drift_monitoring.py
[2026-06-03T12:10:59.490+0000] {processor.py:830} INFO - Processing file /opt/airflow/dags/dag_drift_monitoring.py for tasks to queue
[2026-06-03T12:10:59.498+0000] {logging_mixin.py:188} INFO - [2026-06-03T12:10:59.496+0000] {dagbag.py:540} INFO - Filling up the DagBag from /opt/airflow/dags/dag_drift_monitoring.py
[2026-06-03T12:10:59.596+0000] {processor.py:840} INFO - DAG(s) 'neuralretail_drift_monitoring' retrieved from /opt/airflow/dags/dag_drift_monitoring.py
[2026-06-03T12:10:59.648+0000] {logging_mixin.py:188} INFO - [2026-06-03T12:10:59.648+0000] {dag.py:3096} INFO - Sync 1 DAGs
[2026-06-03T12:10:59.687+0000] {logging_mixin.py:188} INFO - [2026-06-03T12:10:59.686+0000] {dag.py:3954} INFO - Setting next_dagrun for neuralretail_drift_monitoring to 2026-06-02 08:00:00+00:00, run_after=2026-06-03 08:00:00+00:00
[2026-06-03T12:10:59.736+0000] {processor.py:183} INFO - Processing /opt/airflow/dags/dag_drift_monitoring.py took 0.268 seconds
[2026-06-03T12:11:30.398+0000] {processor.py:161} INFO - Started process (PID=4959) to work on /opt/airflow/dags/dag_drift_monitoring.py
[2026-06-03T12:11:30.402+0000] {processor.py:830} INFO - Processing file /opt/airflow/dags/dag_drift_monitoring.py for tasks to queue
[2026-06-03T12:11:30.409+0000] {logging_mixin.py:188} INFO - [2026-06-03T12:11:30.407+0000] {dagbag.py:540} INFO - Filling up the DagBag from /opt/airflow/dags/dag_drift_monitoring.py
[2026-06-03T12:11:30.574+0000] {processor.py:840} INFO - DAG(s) 'neuralretail_drift_monitoring' retrieved from /opt/airflow/dags/dag_drift_monitoring.py
[2026-06-03T12:11:30.602+0000] {logging_mixin.py:188} INFO - [2026-06-03T12:11:30.601+0000] {dag.py:3096} INFO - Sync 1 DAGs
[2026-06-03T12:11:30.630+0000] {logging_mixin.py:188} INFO - [2026-06-03T12:11:30.630+0000] {dag.py:3954} INFO - Setting next_dagrun for neuralretail_drift_monitoring to 2026-06-02 08:00:00+00:00, run_after=2026-06-03 08:00:00+00:00
[2026-06-03T12:11:30.838+0000] {processor.py:183} INFO - Processing /opt/airflow/dags/dag_drift_monitoring.py took 0.461 seconds
[2026-06-03T12:12:01.215+0000] {processor.py:161} INFO - Started process (PID=4981) to work on /opt/airflow/dags/dag_drift_monitoring.py
[2026-06-03T12:12:01.218+0000] {processor.py:830} INFO - Processing file /opt/airflow/dags/dag_drift_monitoring.py for tasks to queue
[2026-06-03T12:12:01.221+0000] {logging_mixin.py:188} INFO - [2026-06-03T12:12:01.220+0000] {dagbag.py:540} INFO - Filling up the DagBag from /opt/airflow/dags/dag_drift_monitoring.py
[2026-06-03T12:12:01.335+0000] {processor.py:840} INFO - DAG(s) 'neuralretail_drift_monitoring' retrieved from /opt/airflow/dags/dag_drift_monitoring.py
[2026-06-03T12:12:01.487+0000] {logging_mixin.py:188} INFO - [2026-06-03T12:12:01.487+0000] {dag.py:3096} INFO - Sync 1 DAGs
[2026-06-03T12:12:01.503+0000] {logging_mixin.py:188} INFO - [2026-06-03T12:12:01.503+0000] {dag.py:3954} INFO - Setting next_dagrun for neuralretail_drift_monitoring to 2026-06-02 08:00:00+00:00, run_after=2026-06-03 08:00:00+00:00
[2026-06-03T12:12:01.523+0000] {processor.py:183} INFO - Processing /opt/airflow/dags/dag_drift_monitoring.py took 0.320 seconds
[2026-06-03T12:12:31.644+0000] {processor.py:161} INFO - Started process (PID=5001) to work on /opt/airflow/dags/dag_drift_monitoring.py
[2026-06-03T12:12:31.646+0000] {processor.py:830} INFO - Processing file /opt/airflow/dags/dag_drift_monitoring.py for tasks to queue
[2026-06-03T12:12:31.648+0000] {logging_mixin.py:188} INFO - [2026-06-03T12:12:31.648+0000] {dagbag.py:540} INFO - Filling up the DagBag from /opt/airflow/dags/dag_drift_monitoring.py
[2026-06-03T12:12:31.706+0000] {processor.py:840} INFO - DAG(s) 'neuralretail_drift_monitoring' retrieved from /opt/airflow/dags/dag_drift_monitoring.py
[2026-06-03T12:12:31.752+0000] {logging_mixin.py:188} INFO - [2026-06-03T12:12:31.751+0000] {dag.py:3096} INFO - Sync 1 DAGs
[2026-06-03T12:12:31.795+0000] {logging_mixin.py:188} INFO - [2026-06-03T12:12:31.795+0000] {dag.py:3954} INFO - Setting next_dagrun for neuralretail_drift_monitoring to 2026-06-02 08:00:00+00:00, run_after=2026-06-03 08:00:00+00:00
[2026-06-03T12:12:31.847+0000] {processor.py:183} INFO - Processing /opt/airflow/dags/dag_drift_monitoring.py took 0.213 seconds
[2026-06-03T12:13:01.953+0000] {processor.py:161} INFO - Started process (PID=5019) to work on /opt/airflow/dags/dag_drift_monitoring.py
[2026-06-03T12:13:01.957+0000] {processor.py:830} INFO - Processing file /opt/airflow/dags/dag_drift_monitoring.py for tasks to queue
[2026-06-03T12:13:01.964+0000] {logging_mixin.py:188} INFO - [2026-06-03T12:13:01.964+0000] {dagbag.py:540} INFO - Filling up the DagBag from /opt/airflow/dags/dag_drift_monitoring.py
[2026-06-03T12:13:02.056+0000] {processor.py:840} INFO - DAG(s) 'neuralretail_drift_monitoring' retrieved from /opt/airflow/dags/dag_drift_monitoring.py
[2026-06-03T12:13:02.100+0000] {logging_mixin.py:188} INFO - [2026-06-03T12:13:02.099+0000] {dag.py:3096} INFO - Sync 1 DAGs
[2026-06-03T12:13:02.246+0000] {logging_mixin.py:188} INFO - [2026-06-03T12:13:02.246+0000] {dag.py:3954} INFO - Setting next_dagrun for neuralretail_drift_monitoring to 2026-06-02 08:00:00+00:00, run_after=2026-06-03 08:00:00+00:00
[2026-06-03T12:13:02.276+0000] {processor.py:183} INFO - Processing /opt/airflow/dags/dag_drift_monitoring.py took 0.339 seconds
[2026-06-03T12:13:32.975+0000] {processor.py:161} INFO - Started process (PID=5039) to work on /opt/airflow/dags/dag_drift_monitoring.py
[2026-06-03T12:13:32.977+0000] {processor.py:830} INFO - Processing file /opt/airflow/dags/dag_drift_monitoring.py for tasks to queue
[2026-06-03T12:13:32.979+0000] {logging_mixin.py:188} INFO - [2026-06-03T12:13:32.979+0000] {dagbag.py:540} INFO - Filling up the DagBag from /opt/airflow/dags/dag_drift_monitoring.py
[2026-06-03T12:13:33.027+0000] {processor.py:840} INFO - DAG(s) 'neuralretail_drift_monitoring' retrieved from /opt/airflow/dags/dag_drift_monitoring.py
[2026-06-03T12:13:33.048+0000] {logging_mixin.py:188} INFO - [2026-06-03T12:13:33.048+0000] {dag.py:3096} INFO - Sync 1 DAGs
[2026-06-03T12:13:33.066+0000] {logging_mixin.py:188} INFO - [2026-06-03T12:13:33.066+0000] {dag.py:3954} INFO - Setting next_dagrun for neuralretail_drift_monitoring to 2026-06-02 08:00:00+00:00, run_after=2026-06-03 08:00:00+00:00
[2026-06-03T12:13:33.090+0000] {processor.py:183} INFO - Processing /opt/airflow/dags/dag_drift_monitoring.py took 0.120 seconds
[2026-06-03T12:14:03.214+0000] {processor.py:161} INFO - Started process (PID=5056) to work on /opt/airflow/dags/dag_drift_monitoring.py
[2026-06-03T12:14:03.216+0000] {processor.py:830} INFO - Processing file /opt/airflow/dags/dag_drift_monitoring.py for tasks to queue
[2026-06-03T12:14:03.219+0000] {logging_mixin.py:188} INFO - [2026-06-03T12:14:03.219+0000] {dagbag.py:540} INFO - Filling up the DagBag from /opt/airflow/dags/dag_drift_monitoring.py
[2026-06-03T12:14:03.282+0000] {processor.py:840} INFO - DAG(s) 'neuralretail_drift_monitoring' retrieved from /opt/airflow/dags/dag_drift_monitoring.py
[2026-06-03T12:14:03.329+0000] {logging_mixin.py:188} INFO - [2026-06-03T12:14:03.329+0000] {dag.py:3096} INFO - Sync 1 DAGs
[2026-06-03T12:14:03.384+0000] {logging_mixin.py:188} INFO - [2026-06-03T12:14:03.384+0000] {dag.py:3954} INFO - Setting next_dagrun for neuralretail_drift_monitoring to 2026-06-02 08:00:00+00:00, run_after=2026-06-03 08:00:00+00:00
[2026-06-03T12:14:03.432+0000] {processor.py:183} INFO - Processing /opt/airflow/dags/dag_drift_monitoring.py took 0.224 seconds
[2026-06-03T12:14:33.786+0000] {processor.py:161} INFO - Started process (PID=5076) to work on /opt/airflow/dags/dag_drift_monitoring.py
[2026-06-03T12:14:33.789+0000] {processor.py:830} INFO - Processing file /opt/airflow/dags/dag_drift_monitoring.py for tasks to queue
[2026-06-03T12:14:33.796+0000] {logging_mixin.py:188} INFO - [2026-06-03T12:14:33.795+0000] {dagbag.py:540} INFO - Filling up the DagBag from /opt/airflow/dags/dag_drift_monitoring.py
[2026-06-03T12:14:33.886+0000] {processor.py:840} INFO - DAG(s) 'neuralretail_drift_monitoring' retrieved from /opt/airflow/dags/dag_drift_monitoring.py
[2026-06-03T12:14:33.931+0000] {logging_mixin.py:188} INFO - [2026-06-03T12:14:33.930+0000] {dag.py:3096} INFO - Sync 1 DAGs
[2026-06-03T12:14:33.951+0000] {logging_mixin.py:188} INFO - [2026-06-03T12:14:33.951+0000] {dag.py:3954} INFO - Setting next_dagrun for neuralretail_drift_monitoring to 2026-06-02 08:00:00+00:00, run_after=2026-06-03 08:00:00+00:00
[2026-06-03T12:14:33.973+0000] {processor.py:183} INFO - Processing /opt/airflow/dags/dag_drift_monitoring.py took 0.202 seconds
[2026-06-03T12:15:04.637+0000] {processor.py:161} INFO - Started process (PID=5099) to work on /opt/airflow/dags/dag_drift_monitoring.py
[2026-06-03T12:15:04.638+0000] {processor.py:830} INFO - Processing file /opt/airflow/dags/dag_drift_monitoring.py for tasks to queue
[2026-06-03T12:15:04.640+0000] {logging_mixin.py:188} INFO - [2026-06-03T12:15:04.640+0000] {dagbag.py:540} INFO - Filling up the DagBag from /opt/airflow/dags/dag_drift_monitoring.py
[2026-06-03T12:15:04.687+0000] {processor.py:840} INFO - DAG(s) 'neuralretail_drift_monitoring' retrieved from /opt/airflow/dags/dag_drift_monitoring.py
[2026-06-03T12:15:04.724+0000] {logging_mixin.py:188} INFO - [2026-06-03T12:15:04.723+0000] {dag.py:3096} INFO - Sync 1 DAGs
[2026-06-03T12:15:04.753+0000] {logging_mixin.py:188} INFO - [2026-06-03T12:15:04.753+0000] {dag.py:3954} INFO - Setting next_dagrun for neuralretail_drift_monitoring to 2026-06-02 08:00:00+00:00, run_after=2026-06-03 08:00:00+00:00
[2026-06-03T12:15:04.784+0000] {processor.py:183} INFO - Processing /opt/airflow/dags/dag_drift_monitoring.py took 0.157 seconds
[2026-06-03T12:15:35.397+0000] {processor.py:161} INFO - Started process (PID=5119) to work on /opt/airflow/dags/dag_drift_monitoring.py
[2026-06-03T12:15:35.411+0000] {processor.py:830} INFO - Processing file /opt/airflow/dags/dag_drift_monitoring.py for tasks to queue
[2026-06-03T12:15:35.418+0000] {logging_mixin.py:188} INFO - [2026-06-03T12:15:35.418+0000] {dagbag.py:540} INFO - Filling up the DagBag from /opt/airflow/dags/dag_drift_monitoring.py
[2026-06-03T12:15:35.540+0000] {processor.py:840} INFO - DAG(s) 'neuralretail_drift_monitoring' retrieved from /opt/airflow/dags/dag_drift_monitoring.py
[2026-06-03T12:15:35.575+0000] {logging_mixin.py:188} INFO - [2026-06-03T12:15:35.575+0000] {dag.py:3096} INFO - Sync 1 DAGs
[2026-06-03T12:15:35.592+0000] {logging_mixin.py:188} INFO - [2026-06-03T12:15:35.592+0000] {dag.py:3954} INFO - Setting next_dagrun for neuralretail_drift_monitoring to 2026-06-02 08:00:00+00:00, run_after=2026-06-03 08:00:00+00:00
[2026-06-03T12:15:35.609+0000] {processor.py:183} INFO - Processing /opt/airflow/dags/dag_drift_monitoring.py took 0.233 seconds
[2026-06-03T12:16:06.105+0000] {processor.py:161} INFO - Started process (PID=5139) to work on /opt/airflow/dags/dag_drift_monitoring.py
[2026-06-03T12:16:06.106+0000] {processor.py:830} INFO - Processing file /opt/airflow/dags/dag_drift_monitoring.py for tasks to queue
[2026-06-03T12:16:06.108+0000] {logging_mixin.py:188} INFO - [2026-06-03T12:16:06.108+0000] {dagbag.py:540} INFO - Filling up the DagBag from /opt/airflow/dags/dag_drift_monitoring.py
[2026-06-03T12:16:06.155+0000] {processor.py:840} INFO - DAG(s) 'neuralretail_drift_monitoring' retrieved from /opt/airflow/dags/dag_drift_monitoring.py
[2026-06-03T12:16:06.177+0000] {logging_mixin.py:188} INFO - [2026-06-03T12:16:06.177+0000] {dag.py:3096} INFO - Sync 1 DAGs
[2026-06-03T12:16:06.197+0000] {logging_mixin.py:188} INFO - [2026-06-03T12:16:06.197+0000] {dag.py:3954} INFO - Setting next_dagrun for neuralretail_drift_monitoring to 2026-06-02 08:00:00+00:00, run_after=2026-06-03 08:00:00+00:00
[2026-06-03T12:16:06.219+0000] {processor.py:183} INFO - Processing /opt/airflow/dags/dag_drift_monitoring.py took 0.120 seconds
[2026-06-03T12:16:36.656+0000] {processor.py:161} INFO - Started process (PID=5159) to work on /opt/airflow/dags/dag_drift_monitoring.py
[2026-06-03T12:16:36.661+0000] {processor.py:830} INFO - Processing file /opt/airflow/dags/dag_drift_monitoring.py for tasks to queue
[2026-06-03T12:16:36.665+0000] {logging_mixin.py:188} INFO - [2026-06-03T12:16:36.664+0000] {dagbag.py:540} INFO - Filling up the DagBag from /opt/airflow/dags/dag_drift_monitoring.py
[2026-06-03T12:16:36.741+0000] {processor.py:840} INFO - DAG(s) 'neuralretail_drift_monitoring' retrieved from /opt/airflow/dags/dag_drift_monitoring.py
[2026-06-03T12:16:36.779+0000] {logging_mixin.py:188} INFO - [2026-06-03T12:16:36.779+0000] {dag.py:3096} INFO - Sync 1 DAGs
[2026-06-03T12:16:36.807+0000] {logging_mixin.py:188} INFO - [2026-06-03T12:16:36.807+0000] {dag.py:3954} INFO - Setting next_dagrun for neuralretail_drift_monitoring to 2026-06-02 08:00:00+00:00, run_after=2026-06-03 08:00:00+00:00
[2026-06-03T12:16:36.843+0000] {processor.py:183} INFO - Processing /opt/airflow/dags/dag_drift_monitoring.py took 0.201 seconds
[2026-06-03T12:17:07.607+0000] {processor.py:161} INFO - Started process (PID=5179) to work on /opt/airflow/dags/dag_drift_monitoring.py
[2026-06-03T12:17:07.612+0000] {processor.py:830} INFO - Processing file /opt/airflow/dags/dag_drift_monitoring.py for tasks to queue
[2026-06-03T12:17:07.618+0000] {logging_mixin.py:188} INFO - [2026-06-03T12:17:07.616+0000] {dagbag.py:540} INFO - Filling up the DagBag from /opt/airflow/dags/dag_drift_monitoring.py
[2026-06-03T12:17:07.740+0000] {processor.py:840} INFO - DAG(s) 'neuralretail_drift_monitoring' retrieved from /opt/airflow/dags/dag_drift_monitoring.py
[2026-06-03T12:17:07.794+0000] {logging_mixin.py:188} INFO - [2026-06-03T12:17:07.794+0000] {dag.py:3096} INFO - Sync 1 DAGs
[2026-06-03T12:17:07.826+0000] {logging_mixin.py:188} INFO - [2026-06-03T12:17:07.826+0000] {dag.py:3954} INFO - Setting next_dagrun for neuralretail_drift_monitoring to 2026-06-02 08:00:00+00:00, run_after=2026-06-03 08:00:00+00:00
[2026-06-03T12:17:07.846+0000] {processor.py:183} INFO - Processing /opt/airflow/dags/dag_drift_monitoring.py took 0.253 seconds
[2026-06-03T12:17:38.265+0000] {processor.py:161} INFO - Started process (PID=5199) to work on /opt/airflow/dags/dag_drift_monitoring.py
[2026-06-03T12:17:38.269+0000] {processor.py:830} INFO - Processing file /opt/airflow/dags/dag_drift_monitoring.py for tasks to queue
[2026-06-03T12:17:38.275+0000] {logging_mixin.py:188} INFO - [2026-06-03T12:17:38.274+0000] {dagbag.py:540} INFO - Filling up the DagBag from /opt/airflow/dags/dag_drift_monitoring.py
[2026-06-03T12:17:38.386+0000] {processor.py:840} INFO - DAG(s) 'neuralretail_drift_monitoring' retrieved from /opt/airflow/dags/dag_drift_monitoring.py
[2026-06-03T12:17:38.429+0000] {logging_mixin.py:188} INFO - [2026-06-03T12:17:38.429+0000] {dag.py:3096} INFO - Sync 1 DAGs
[2026-06-03T12:17:38.478+0000] {logging_mixin.py:188} INFO - [2026-06-03T12:17:38.477+0000] {dag.py:3954} INFO - Setting next_dagrun for neuralretail_drift_monitoring to 2026-06-02 08:00:00+00:00, run_after=2026-06-03 08:00:00+00:00
[2026-06-03T12:17:38.516+0000] {processor.py:183} INFO - Processing /opt/airflow/dags/dag_drift_monitoring.py took 0.266 seconds
[2026-06-03T12:18:08.723+0000] {processor.py:161} INFO - Started process (PID=5219) to work on /opt/airflow/dags/dag_drift_monitoring.py
[2026-06-03T12:18:08.727+0000] {processor.py:830} INFO - Processing file /opt/airflow/dags/dag_drift_monitoring.py for tasks to queue
[2026-06-03T12:18:08.731+0000] {logging_mixin.py:188} INFO - [2026-06-03T12:18:08.730+0000] {dagbag.py:540} INFO - Filling up the DagBag from /opt/airflow/dags/dag_drift_monitoring.py
[2026-06-03T12:18:08.804+0000] {processor.py:840} INFO - DAG(s) 'neuralretail_drift_monitoring' retrieved from /opt/airflow/dags/dag_drift_monitoring.py
[2026-06-03T12:18:08.862+0000] {logging_mixin.py:188} INFO - [2026-06-03T12:18:08.861+0000] {dag.py:3096} INFO - Sync 1 DAGs
[2026-06-03T12:18:08.902+0000] {logging_mixin.py:188} INFO - [2026-06-03T12:18:08.902+0000] {dag.py:3954} INFO - Setting next_dagrun for neuralretail_drift_monitoring to 2026-06-02 08:00:00+00:00, run_after=2026-06-03 08:00:00+00:00
[2026-06-03T12:18:08.934+0000] {processor.py:183} INFO - Processing /opt/airflow/dags/dag_drift_monitoring.py took 0.229 seconds
[2026-06-03T12:18:39.331+0000] {processor.py:161} INFO - Started process (PID=5239) to work on /opt/airflow/dags/dag_drift_monitoring.py
[2026-06-03T12:18:39.334+0000] {processor.py:830} INFO - Processing file /opt/airflow/dags/dag_drift_monitoring.py for tasks to queue
[2026-06-03T12:18:39.340+0000] {logging_mixin.py:188} INFO - [2026-06-03T12:18:39.339+0000] {dagbag.py:540} INFO - Filling up the DagBag from /opt/airflow/dags/dag_drift_monitoring.py
[2026-06-03T12:18:39.451+0000] {processor.py:840} INFO - DAG(s) 'neuralretail_drift_monitoring' retrieved from /opt/airflow/dags/dag_drift_monitoring.py
[2026-06-03T12:18:39.478+0000] {logging_mixin.py:188} INFO - [2026-06-03T12:18:39.478+0000] {dag.py:3096} INFO - Sync 1 DAGs
[2026-06-03T12:18:39.508+0000] {logging_mixin.py:188} INFO - [2026-06-03T12:18:39.508+0000] {dag.py:3954} INFO - Setting next_dagrun for neuralretail_drift_monitoring to 2026-06-02 08:00:00+00:00, run_after=2026-06-03 08:00:00+00:00
[2026-06-03T12:18:39.528+0000] {processor.py:183} INFO - Processing /opt/airflow/dags/dag_drift_monitoring.py took 0.213 seconds
[2026-06-03T12:19:09.800+0000] {processor.py:161} INFO - Started process (PID=5259) to work on /opt/airflow/dags/dag_drift_monitoring.py
[2026-06-03T12:19:09.804+0000] {processor.py:830} INFO - Processing file /opt/airflow/dags/dag_drift_monitoring.py for tasks to queue
[2026-06-03T12:19:09.811+0000] {logging_mixin.py:188} INFO - [2026-06-03T12:19:09.810+0000] {dagbag.py:540} INFO - Filling up the DagBag from /opt/airflow/dags/dag_drift_monitoring.py
[2026-06-03T12:19:09.892+0000] {processor.py:840} INFO - DAG(s) 'neuralretail_drift_monitoring' retrieved from /opt/airflow/dags/dag_drift_monitoring.py
[2026-06-03T12:19:09.915+0000] {logging_mixin.py:188} INFO - [2026-06-03T12:19:09.914+0000] {dag.py:3096} INFO - Sync 1 DAGs
[2026-06-03T12:19:09.934+0000] {logging_mixin.py:188} INFO - [2026-06-03T12:19:09.933+0000] {dag.py:3954} INFO - Setting next_dagrun for neuralretail_drift_monitoring to 2026-06-02 08:00:00+00:00, run_after=2026-06-03 08:00:00+00:00
[2026-06-03T12:19:09.962+0000] {processor.py:183} INFO - Processing /opt/airflow/dags/dag_drift_monitoring.py took 0.177 seconds
[2026-06-03T12:19:40.224+0000] {processor.py:161} INFO - Started process (PID=5279) to work on /opt/airflow/dags/dag_drift_monitoring.py
[2026-06-03T12:19:40.226+0000] {processor.py:830} INFO - Processing file /opt/airflow/dags/dag_drift_monitoring.py for tasks to queue
[2026-06-03T12:19:40.230+0000] {logging_mixin.py:188} INFO - [2026-06-03T12:19:40.229+0000] {dagbag.py:540} INFO - Filling up the DagBag from /opt/airflow/dags/dag_drift_monitoring.py
[2026-06-03T12:19:40.301+0000] {processor.py:840} INFO - DAG(s) 'neuralretail_drift_monitoring' retrieved from /opt/airflow/dags/dag_drift_monitoring.py
[2026-06-03T12:19:40.339+0000] {logging_mixin.py:188} INFO - [2026-06-03T12:19:40.339+0000] {dag.py:3096} INFO - Sync 1 DAGs
[2026-06-03T12:19:40.365+0000] {logging_mixin.py:188} INFO - [2026-06-03T12:19:40.365+0000] {dag.py:3954} INFO - Setting next_dagrun for neuralretail_drift_monitoring to 2026-06-02 08:00:00+00:00, run_after=2026-06-03 08:00:00+00:00
[2026-06-03T12:19:40.383+0000] {processor.py:183} INFO - Processing /opt/airflow/dags/dag_drift_monitoring.py took 0.171 seconds
[2026-06-03T12:20:11.077+0000] {processor.py:161} INFO - Started process (PID=5299) to work on /opt/airflow/dags/dag_drift_monitoring.py
[2026-06-03T12:20:11.078+0000] {processor.py:830} INFO - Processing file /opt/airflow/dags/dag_drift_monitoring.py for tasks to queue
[2026-06-03T12:20:11.080+0000] {logging_mixin.py:188} INFO - [2026-06-03T12:20:11.080+0000] {dagbag.py:540} INFO - Filling up the DagBag from /opt/airflow/dags/dag_drift_monitoring.py
[2026-06-03T12:20:11.124+0000] {processor.py:840} INFO - DAG(s) 'neuralretail_drift_monitoring' retrieved from /opt/airflow/dags/dag_drift_monitoring.py
[2026-06-03T12:20:11.146+0000] {logging_mixin.py:188} INFO - [2026-06-03T12:20:11.146+0000] {dag.py:3096} INFO - Sync 1 DAGs
[2026-06-03T12:20:11.166+0000] {logging_mixin.py:188} INFO - [2026-06-03T12:20:11.165+0000] {dag.py:3954} INFO - Setting next_dagrun for neuralretail_drift_monitoring to 2026-06-02 08:00:00+00:00, run_after=2026-06-03 08:00:00+00:00
[2026-06-03T12:20:11.183+0000] {processor.py:183} INFO - Processing /opt/airflow/dags/dag_drift_monitoring.py took 0.113 seconds
[2026-06-03T12:20:41.641+0000] {processor.py:161} INFO - Started process (PID=5319) to work on /opt/airflow/dags/dag_drift_monitoring.py
[2026-06-03T12:20:41.642+0000] {processor.py:830} INFO - Processing file /opt/airflow/dags/dag_drift_monitoring.py for tasks to queue
[2026-06-03T12:20:41.644+0000] {logging_mixin.py:188} INFO - [2026-06-03T12:20:41.644+0000] {dagbag.py:540} INFO - Filling up the DagBag from /opt/airflow/dags/dag_drift_monitoring.py
[2026-06-03T12:20:41.689+0000] {processor.py:840} INFO - DAG(s) 'neuralretail_drift_monitoring' retrieved from /opt/airflow/dags/dag_drift_monitoring.py
[2026-06-03T12:20:41.720+0000] {logging_mixin.py:188} INFO - [2026-06-03T12:20:41.719+0000] {dag.py:3096} INFO - Sync 1 DAGs
[2026-06-03T12:20:41.750+0000] {logging_mixin.py:188} INFO - [2026-06-03T12:20:41.749+0000] {dag.py:3954} INFO - Setting next_dagrun for neuralretail_drift_monitoring to 2026-06-02 08:00:00+00:00, run_after=2026-06-03 08:00:00+00:00
[2026-06-03T12:20:41.783+0000] {processor.py:183} INFO - Processing /opt/airflow/dags/dag_drift_monitoring.py took 0.149 seconds
[2026-06-03T12:21:12.309+0000] {processor.py:161} INFO - Started process (PID=5339) to work on /opt/airflow/dags/dag_drift_monitoring.py
[2026-06-03T12:21:12.312+0000] {processor.py:830} INFO - Processing file /opt/airflow/dags/dag_drift_monitoring.py for tasks to queue
[2026-06-03T12:21:12.317+0000] {logging_mixin.py:188} INFO - [2026-06-03T12:21:12.316+0000] {dagbag.py:540} INFO - Filling up the DagBag from /opt/airflow/dags/dag_drift_monitoring.py
[2026-06-03T12:21:12.402+0000] {processor.py:840} INFO - DAG(s) 'neuralretail_drift_monitoring' retrieved from /opt/airflow/dags/dag_drift_monitoring.py
[2026-06-03T12:21:12.466+0000] {logging_mixin.py:188} INFO - [2026-06-03T12:21:12.466+0000] {dag.py:3096} INFO - Sync 1 DAGs
[2026-06-03T12:21:12.521+0000] {logging_mixin.py:188} INFO - [2026-06-03T12:21:12.521+0000] {dag.py:3954} INFO - Setting next_dagrun for neuralretail_drift_monitoring to 2026-06-02 08:00:00+00:00, run_after=2026-06-03 08:00:00+00:00
[2026-06-03T12:21:12.568+0000] {processor.py:183} INFO - Processing /opt/airflow/dags/dag_drift_monitoring.py took 0.273 seconds
[2026-06-03T12:21:42.783+0000] {processor.py:161} INFO - Started process (PID=5359) to work on /opt/airflow/dags/dag_drift_monitoring.py
[2026-06-03T12:21:42.787+0000] {processor.py:830} INFO - Processing file /opt/airflow/dags/dag_drift_monitoring.py for tasks to queue
[2026-06-03T12:21:42.795+0000] {logging_mixin.py:188} INFO - [2026-06-03T12:21:42.794+0000] {dagbag.py:540} INFO - Filling up the DagBag from /opt/airflow/dags/dag_drift_monitoring.py
[2026-06-03T12:21:42.905+0000] {processor.py:840} INFO - DAG(s) 'neuralretail_drift_monitoring' retrieved from /opt/airflow/dags/dag_drift_monitoring.py
[2026-06-03T12:21:42.957+0000] {logging_mixin.py:188} INFO - [2026-06-03T12:21:42.956+0000] {dag.py:3096} INFO - Sync 1 DAGs
[2026-06-03T12:21:42.992+0000] {logging_mixin.py:188} INFO - [2026-06-03T12:21:42.992+0000] {dag.py:3954} INFO - Setting next_dagrun for neuralretail_drift_monitoring to 2026-06-02 08:00:00+00:00, run_after=2026-06-03 08:00:00+00:00
[2026-06-03T12:21:43.015+0000] {processor.py:183} INFO - Processing /opt/airflow/dags/dag_drift_monitoring.py took 0.256 seconds
[2026-06-03T12:22:13.434+0000] {processor.py:161} INFO - Started process (PID=5379) to work on /opt/airflow/dags/dag_drift_monitoring.py
[2026-06-03T12:22:13.439+0000] {processor.py:830} INFO - Processing file /opt/airflow/dags/dag_drift_monitoring.py for tasks to queue
[2026-06-03T12:22:13.445+0000] {logging_mixin.py:188} INFO - [2026-06-03T12:22:13.444+0000] {dagbag.py:540} INFO - Filling up the DagBag from /opt/airflow/dags/dag_drift_monitoring.py
[2026-06-03T12:22:13.541+0000] {processor.py:840} INFO - DAG(s) 'neuralretail_drift_monitoring' retrieved from /opt/airflow/dags/dag_drift_monitoring.py
[2026-06-03T12:22:13.588+0000] {logging_mixin.py:188} INFO - [2026-06-03T12:22:13.588+0000] {dag.py:3096} INFO - Sync 1 DAGs
[2026-06-03T12:22:13.628+0000] {logging_mixin.py:188} INFO - [2026-06-03T12:22:13.627+0000] {dag.py:3954} INFO - Setting next_dagrun for neuralretail_drift_monitoring to 2026-06-02 08:00:00+00:00, run_after=2026-06-03 08:00:00+00:00
[2026-06-03T12:22:13.663+0000] {processor.py:183} INFO - Processing /opt/airflow/dags/dag_drift_monitoring.py took 0.248 seconds
[2026-06-03T12:22:43.972+0000] {processor.py:161} INFO - Started process (PID=5399) to work on /opt/airflow/dags/dag_drift_monitoring.py
[2026-06-03T12:22:43.974+0000] {processor.py:830} INFO - Processing file /opt/airflow/dags/dag_drift_monitoring.py for tasks to queue
[2026-06-03T12:22:43.976+0000] {logging_mixin.py:188} INFO - [2026-06-03T12:22:43.976+0000] {dagbag.py:540} INFO - Filling up the DagBag from /opt/airflow/dags/dag_drift_monitoring.py
[2026-06-03T12:22:44.028+0000] {processor.py:840} INFO - DAG(s) 'neuralretail_drift_monitoring' retrieved from /opt/airflow/dags/dag_drift_monitoring.py
[2026-06-03T12:22:44.049+0000] {logging_mixin.py:188} INFO - [2026-06-03T12:22:44.049+0000] {dag.py:3096} INFO - Sync 1 DAGs
[2026-06-03T12:22:44.072+0000] {logging_mixin.py:188} INFO - [2026-06-03T12:22:44.072+0000] {dag.py:3954} INFO - Setting next_dagrun for neuralretail_drift_monitoring to 2026-06-02 08:00:00+00:00, run_after=2026-06-03 08:00:00+00:00
[2026-06-03T12:22:44.101+0000] {processor.py:183} INFO - Processing /opt/airflow/dags/dag_drift_monitoring.py took 0.136 seconds
[2026-06-03T12:23:14.644+0000] {processor.py:161} INFO - Started process (PID=5419) to work on /opt/airflow/dags/dag_drift_monitoring.py
[2026-06-03T12:23:14.647+0000] {processor.py:830} INFO - Processing file /opt/airflow/dags/dag_drift_monitoring.py for tasks to queue
[2026-06-03T12:23:14.650+0000] {logging_mixin.py:188} INFO - [2026-06-03T12:23:14.649+0000] {dagbag.py:540} INFO - Filling up the DagBag from /opt/airflow/dags/dag_drift_monitoring.py
[2026-06-03T12:23:14.698+0000] {processor.py:840} INFO - DAG(s) 'neuralretail_drift_monitoring' retrieved from /opt/airflow/dags/dag_drift_monitoring.py
[2026-06-03T12:23:14.722+0000] {logging_mixin.py:188} INFO - [2026-06-03T12:23:14.722+0000] {dag.py:3096} INFO - Sync 1 DAGs
[2026-06-03T12:23:14.750+0000] {logging_mixin.py:188} INFO - [2026-06-03T12:23:14.749+0000] {dag.py:3954} INFO - Setting next_dagrun for neuralretail_drift_monitoring to 2026-06-02 08:00:00+00:00, run_after=2026-06-03 08:00:00+00:00
[2026-06-03T12:23:14.769+0000] {processor.py:183} INFO - Processing /opt/airflow/dags/dag_drift_monitoring.py took 0.134 seconds
[2026-06-03T12:23:45.439+0000] {processor.py:161} INFO - Started process (PID=5439) to work on /opt/airflow/dags/dag_drift_monitoring.py
[2026-06-03T12:23:45.441+0000] {processor.py:830} INFO - Processing file /opt/airflow/dags/dag_drift_monitoring.py for tasks to queue
[2026-06-03T12:23:45.444+0000] {logging_mixin.py:188} INFO - [2026-06-03T12:23:45.443+0000] {dagbag.py:540} INFO - Filling up the DagBag from /opt/airflow/dags/dag_drift_monitoring.py
[2026-06-03T12:23:45.522+0000] {processor.py:840} INFO - DAG(s) 'neuralretail_drift_monitoring' retrieved from /opt/airflow/dags/dag_drift_monitoring.py
[2026-06-03T12:23:45.564+0000] {logging_mixin.py:188} INFO - [2026-06-03T12:23:45.564+0000] {dag.py:3096} INFO - Sync 1 DAGs
[2026-06-03T12:23:45.600+0000] {logging_mixin.py:188} INFO - [2026-06-03T12:23:45.600+0000] {dag.py:3954} INFO - Setting next_dagrun for neuralretail_drift_monitoring to 2026-06-02 08:00:00+00:00, run_after=2026-06-03 08:00:00+00:00
[2026-06-03T12:23:45.622+0000] {processor.py:183} INFO - Processing /opt/airflow/dags/dag_drift_monitoring.py took 0.191 seconds
[2026-06-03T12:24:15.839+0000] {processor.py:161} INFO - Started process (PID=5459) to work on /opt/airflow/dags/dag_drift_monitoring.py
[2026-06-03T12:24:15.842+0000] {processor.py:830} INFO - Processing file /opt/airflow/dags/dag_drift_monitoring.py for tasks to queue
[2026-06-03T12:24:15.846+0000] {logging_mixin.py:188} INFO - [2026-06-03T12:24:15.846+0000] {dagbag.py:540} INFO - Filling up the DagBag from /opt/airflow/dags/dag_drift_monitoring.py
[2026-06-03T12:24:15.949+0000] {processor.py:840} INFO - DAG(s) 'neuralretail_drift_monitoring' retrieved from /opt/airflow/dags/dag_drift_monitoring.py
[2026-06-03T12:24:15.990+0000] {logging_mixin.py:188} INFO - [2026-06-03T12:24:15.989+0000] {dag.py:3096} INFO - Sync 1 DAGs
[2026-06-03T12:24:16.022+0000] {logging_mixin.py:188} INFO - [2026-06-03T12:24:16.022+0000] {dag.py:3954} INFO - Setting next_dagrun for neuralretail_drift_monitoring to 2026-06-02 08:00:00+00:00, run_after=2026-06-03 08:00:00+00:00
[2026-06-03T12:24:16.051+0000] {processor.py:183} INFO - Processing /opt/airflow/dags/dag_drift_monitoring.py took 0.226 seconds
[2026-06-03T12:24:46.295+0000] {processor.py:161} INFO - Started process (PID=5479) to work on /opt/airflow/dags/dag_drift_monitoring.py
[2026-06-03T12:24:46.298+0000] {processor.py:830} INFO - Processing file /opt/airflow/dags/dag_drift_monitoring.py for tasks to queue
[2026-06-03T12:24:46.305+0000] {logging_mixin.py:188} INFO - [2026-06-03T12:24:46.304+0000] {dagbag.py:540} INFO - Filling up the DagBag from /opt/airflow/dags/dag_drift_monitoring.py
[2026-06-03T12:24:46.426+0000] {processor.py:840} INFO - DAG(s) 'neuralretail_drift_monitoring' retrieved from /opt/airflow/dags/dag_drift_monitoring.py
[2026-06-03T12:24:46.492+0000] {logging_mixin.py:188} INFO - [2026-06-03T12:24:46.492+0000] {dag.py:3096} INFO - Sync 1 DAGs
[2026-06-03T12:24:46.561+0000] {logging_mixin.py:188} INFO - [2026-06-03T12:24:46.561+0000] {dag.py:3954} INFO - Setting next_dagrun for neuralretail_drift_monitoring to 2026-06-02 08:00:00+00:00, run_after=2026-06-03 08:00:00+00:00
[2026-06-03T12:24:46.600+0000] {processor.py:183} INFO - Processing /opt/airflow/dags/dag_drift_monitoring.py took 0.320 seconds
[2026-06-03T12:25:17.042+0000] {processor.py:161} INFO - Started process (PID=5499) to work on /opt/airflow/dags/dag_drift_monitoring.py
[2026-06-03T12:25:17.044+0000] {processor.py:830} INFO - Processing file /opt/airflow/dags/dag_drift_monitoring.py for tasks to queue
[2026-06-03T12:25:17.047+0000] {logging_mixin.py:188} INFO - [2026-06-03T12:25:17.046+0000] {dagbag.py:540} INFO - Filling up the DagBag from /opt/airflow/dags/dag_drift_monitoring.py
[2026-06-03T12:25:17.095+0000] {processor.py:840} INFO - DAG(s) 'neuralretail_drift_monitoring' retrieved from /opt/airflow/dags/dag_drift_monitoring.py
[2026-06-03T12:25:17.121+0000] {logging_mixin.py:188} INFO - [2026-06-03T12:25:17.121+0000] {dag.py:3096} INFO - Sync 1 DAGs
[2026-06-03T12:25:17.143+0000] {logging_mixin.py:188} INFO - [2026-06-03T12:25:17.143+0000] {dag.py:3954} INFO - Setting next_dagrun for neuralretail_drift_monitoring to 2026-06-02 08:00:00+00:00, run_after=2026-06-03 08:00:00+00:00
[2026-06-03T12:25:17.160+0000] {processor.py:183} INFO - Processing /opt/airflow/dags/dag_drift_monitoring.py took 0.125 seconds
[2026-06-03T12:25:47.362+0000] {processor.py:161} INFO - Started process (PID=5519) to work on /opt/airflow/dags/dag_drift_monitoring.py
[2026-06-03T12:25:47.367+0000] {processor.py:830} INFO - Processing file /opt/airflow/dags/dag_drift_monitoring.py for tasks to queue
[2026-06-03T12:25:47.375+0000] {logging_mixin.py:188} INFO - [2026-06-03T12:25:47.374+0000] {dagbag.py:540} INFO - Filling up the DagBag from /opt/airflow/dags/dag_drift_monitoring.py
[2026-06-03T12:25:47.434+0000] {processor.py:840} INFO - DAG(s) 'neuralretail_drift_monitoring' retrieved from /opt/airflow/dags/dag_drift_monitoring.py
[2026-06-03T12:25:47.466+0000] {logging_mixin.py:188} INFO - [2026-06-03T12:25:47.466+0000] {dag.py:3096} INFO - Sync 1 DAGs
[2026-06-03T12:25:47.492+0000] {logging_mixin.py:188} INFO - [2026-06-03T12:25:47.492+0000] {dag.py:3954} INFO - Setting next_dagrun for neuralretail_drift_monitoring to 2026-06-02 08:00:00+00:00, run_after=2026-06-03 08:00:00+00:00
[2026-06-03T12:25:47.518+0000] {processor.py:183} INFO - Processing /opt/airflow/dags/dag_drift_monitoring.py took 0.180 seconds
[2026-06-03T12:26:18.311+0000] {processor.py:161} INFO - Started process (PID=5539) to work on /opt/airflow/dags/dag_drift_monitoring.py
[2026-06-03T12:26:18.314+0000] {processor.py:830} INFO - Processing file /opt/airflow/dags/dag_drift_monitoring.py for tasks to queue
[2026-06-03T12:26:18.317+0000] {logging_mixin.py:188} INFO - [2026-06-03T12:26:18.316+0000] {dagbag.py:540} INFO - Filling up the DagBag from /opt/airflow/dags/dag_drift_monitoring.py
[2026-06-03T12:26:18.356+0000] {processor.py:840} INFO - DAG(s) 'neuralretail_drift_monitoring' retrieved from /opt/airflow/dags/dag_drift_monitoring.py
[2026-06-03T12:26:18.376+0000] {logging_mixin.py:188} INFO - [2026-06-03T12:26:18.376+0000] {dag.py:3096} INFO - Sync 1 DAGs
[2026-06-03T12:26:18.397+0000] {logging_mixin.py:188} INFO - [2026-06-03T12:26:18.396+0000] {dag.py:3954} INFO - Setting next_dagrun for neuralretail_drift_monitoring to 2026-06-02 08:00:00+00:00, run_after=2026-06-03 08:00:00+00:00
[2026-06-03T12:26:18.413+0000] {processor.py:183} INFO - Processing /opt/airflow/dags/dag_drift_monitoring.py took 0.107 seconds
[2026-06-03T12:26:49.080+0000] {processor.py:161} INFO - Started process (PID=5559) to work on /opt/airflow/dags/dag_drift_monitoring.py
[2026-06-03T12:26:49.084+0000] {processor.py:830} INFO - Processing file /opt/airflow/dags/dag_drift_monitoring.py for tasks to queue
[2026-06-03T12:26:49.094+0000] {logging_mixin.py:188} INFO - [2026-06-03T12:26:49.093+0000] {dagbag.py:540} INFO - Filling up the DagBag from /opt/airflow/dags/dag_drift_monitoring.py
[2026-06-03T12:26:49.181+0000] {processor.py:840} INFO - DAG(s) 'neuralretail_drift_monitoring' retrieved from /opt/airflow/dags/dag_drift_monitoring.py
[2026-06-03T12:26:49.207+0000] {logging_mixin.py:188} INFO - [2026-06-03T12:26:49.206+0000] {dag.py:3096} INFO - Sync 1 DAGs
[2026-06-03T12:26:49.230+0000] {logging_mixin.py:188} INFO - [2026-06-03T12:26:49.230+0000] {dag.py:3954} INFO - Setting next_dagrun for neuralretail_drift_monitoring to 2026-06-02 08:00:00+00:00, run_after=2026-06-03 08:00:00+00:00
[2026-06-03T12:26:49.249+0000] {processor.py:183} INFO - Processing /opt/airflow/dags/dag_drift_monitoring.py took 0.178 seconds
[2026-06-03T12:27:19.672+0000] {processor.py:161} INFO - Started process (PID=5579) to work on /opt/airflow/dags/dag_drift_monitoring.py
[2026-06-03T12:27:19.674+0000] {processor.py:830} INFO - Processing file /opt/airflow/dags/dag_drift_monitoring.py for tasks to queue
[2026-06-03T12:27:19.676+0000] {logging_mixin.py:188} INFO - [2026-06-03T12:27:19.676+0000] {dagbag.py:540} INFO - Filling up the DagBag from /opt/airflow/dags/dag_drift_monitoring.py
[2026-06-03T12:27:19.727+0000] {processor.py:840} INFO - DAG(s) 'neuralretail_drift_monitoring' retrieved from /opt/airflow/dags/dag_drift_monitoring.py
[2026-06-03T12:27:19.752+0000] {logging_mixin.py:188} INFO - [2026-06-03T12:27:19.751+0000] {dag.py:3096} INFO - Sync 1 DAGs
[2026-06-03T12:27:19.787+0000] {logging_mixin.py:188} INFO - [2026-06-03T12:27:19.787+0000] {dag.py:3954} INFO - Setting next_dagrun for neuralretail_drift_monitoring to 2026-06-02 08:00:00+00:00, run_after=2026-06-03 08:00:00+00:00
[2026-06-03T12:27:19.826+0000] {processor.py:183} INFO - Processing /opt/airflow/dags/dag_drift_monitoring.py took 0.161 seconds
[2026-06-03T12:27:50.731+0000] {processor.py:161} INFO - Started process (PID=5599) to work on /opt/airflow/dags/dag_drift_monitoring.py
[2026-06-03T12:27:50.735+0000] {processor.py:830} INFO - Processing file /opt/airflow/dags/dag_drift_monitoring.py for tasks to queue
[2026-06-03T12:27:50.740+0000] {logging_mixin.py:188} INFO - [2026-06-03T12:27:50.740+0000] {dagbag.py:540} INFO - Filling up the DagBag from /opt/airflow/dags/dag_drift_monitoring.py
[2026-06-03T12:27:50.851+0000] {processor.py:840} INFO - DAG(s) 'neuralretail_drift_monitoring' retrieved from /opt/airflow/dags/dag_drift_monitoring.py
[2026-06-03T12:27:50.895+0000] {logging_mixin.py:188} INFO - [2026-06-03T12:27:50.894+0000] {dag.py:3096} INFO - Sync 1 DAGs
[2026-06-03T12:27:50.923+0000] {logging_mixin.py:188} INFO - [2026-06-03T12:27:50.923+0000] {dag.py:3954} INFO - Setting next_dagrun for neuralretail_drift_monitoring to 2026-06-02 08:00:00+00:00, run_after=2026-06-03 08:00:00+00:00
[2026-06-03T12:27:50.967+0000] {processor.py:183} INFO - Processing /opt/airflow/dags/dag_drift_monitoring.py took 0.245 seconds
[2026-06-03T12:28:21.410+0000] {processor.py:161} INFO - Started process (PID=5621) to work on /opt/airflow/dags/dag_drift_monitoring.py
[2026-06-03T12:28:21.411+0000] {processor.py:830} INFO - Processing file /opt/airflow/dags/dag_drift_monitoring.py for tasks to queue
[2026-06-03T12:28:21.413+0000] {logging_mixin.py:188} INFO - [2026-06-03T12:28:21.413+0000] {dagbag.py:540} INFO - Filling up the DagBag from /opt/airflow/dags/dag_drift_monitoring.py
[2026-06-03T12:28:21.455+0000] {processor.py:840} INFO - DAG(s) 'neuralretail_drift_monitoring' retrieved from /opt/airflow/dags/dag_drift_monitoring.py
[2026-06-03T12:28:21.473+0000] {logging_mixin.py:188} INFO - [2026-06-03T12:28:21.473+0000] {dag.py:3096} INFO - Sync 1 DAGs
[2026-06-03T12:28:21.490+0000] {logging_mixin.py:188} INFO - [2026-06-03T12:28:21.490+0000] {dag.py:3954} INFO - Setting next_dagrun for neuralretail_drift_monitoring to 2026-06-02 08:00:00+00:00, run_after=2026-06-03 08:00:00+00:00
[2026-06-03T12:28:21.511+0000] {processor.py:183} INFO - Processing /opt/airflow/dags/dag_drift_monitoring.py took 0.107 seconds
[2026-06-03T12:28:51.608+0000] {processor.py:161} INFO - Started process (PID=5639) to work on /opt/airflow/dags/dag_drift_monitoring.py
[2026-06-03T12:28:51.609+0000] {processor.py:830} INFO - Processing file /opt/airflow/dags/dag_drift_monitoring.py for tasks to queue
[2026-06-03T12:28:51.612+0000] {logging_mixin.py:188} INFO - [2026-06-03T12:28:51.612+0000] {dagbag.py:540} INFO - Filling up the DagBag from /opt/airflow/dags/dag_drift_monitoring.py
[2026-06-03T12:28:51.650+0000] {processor.py:840} INFO - DAG(s) 'neuralretail_drift_monitoring' retrieved from /opt/airflow/dags/dag_drift_monitoring.py
[2026-06-03T12:28:51.672+0000] {logging_mixin.py:188} INFO - [2026-06-03T12:28:51.672+0000] {dag.py:3096} INFO - Sync 1 DAGs
[2026-06-03T12:28:51.692+0000] {logging_mixin.py:188} INFO - [2026-06-03T12:28:51.691+0000] {dag.py:3954} INFO - Setting next_dagrun for neuralretail_drift_monitoring to 2026-06-02 08:00:00+00:00, run_after=2026-06-03 08:00:00+00:00
[2026-06-03T12:28:51.718+0000] {processor.py:183} INFO - Processing /opt/airflow/dags/dag_drift_monitoring.py took 0.116 seconds
[2026-06-03T12:29:22.537+0000] {processor.py:161} INFO - Started process (PID=5659) to work on /opt/airflow/dags/dag_drift_monitoring.py
[2026-06-03T12:29:22.539+0000] {processor.py:830} INFO - Processing file /opt/airflow/dags/dag_drift_monitoring.py for tasks to queue
[2026-06-03T12:29:22.543+0000] {logging_mixin.py:188} INFO - [2026-06-03T12:29:22.542+0000] {dagbag.py:540} INFO - Filling up the DagBag from /opt/airflow/dags/dag_drift_monitoring.py
[2026-06-03T12:29:22.627+0000] {processor.py:840} INFO - DAG(s) 'neuralretail_drift_monitoring' retrieved from /opt/airflow/dags/dag_drift_monitoring.py
[2026-06-03T12:29:22.655+0000] {logging_mixin.py:188} INFO - [2026-06-03T12:29:22.654+0000] {dag.py:3096} INFO - Sync 1 DAGs
[2026-06-03T12:29:22.676+0000] {logging_mixin.py:188} INFO - [2026-06-03T12:29:22.676+0000] {dag.py:3954} INFO - Setting next_dagrun for neuralretail_drift_monitoring to 2026-06-02 08:00:00+00:00, run_after=2026-06-03 08:00:00+00:00
[2026-06-03T12:29:22.697+0000] {processor.py:183} INFO - Processing /opt/airflow/dags/dag_drift_monitoring.py took 0.171 seconds
[2026-06-03T12:29:53.312+0000] {processor.py:161} INFO - Started process (PID=5679) to work on /opt/airflow/dags/dag_drift_monitoring.py
[2026-06-03T12:29:53.316+0000] {processor.py:830} INFO - Processing file /opt/airflow/dags/dag_drift_monitoring.py for tasks to queue
[2026-06-03T12:29:53.325+0000] {logging_mixin.py:188} INFO - [2026-06-03T12:29:53.323+0000] {dagbag.py:540} INFO - Filling up the DagBag from /opt/airflow/dags/dag_drift_monitoring.py
[2026-06-03T12:29:53.439+0000] {processor.py:840} INFO - DAG(s) 'neuralretail_drift_monitoring' retrieved from /opt/airflow/dags/dag_drift_monitoring.py
[2026-06-03T12:29:53.480+0000] {logging_mixin.py:188} INFO - [2026-06-03T12:29:53.480+0000] {dag.py:3096} INFO - Sync 1 DAGs
[2026-06-03T12:29:53.525+0000] {logging_mixin.py:188} INFO - [2026-06-03T12:29:53.525+0000] {dag.py:3954} INFO - Setting next_dagrun for neuralretail_drift_monitoring to 2026-06-02 08:00:00+00:00, run_after=2026-06-03 08:00:00+00:00
[2026-06-03T12:29:53.553+0000] {processor.py:183} INFO - Processing /opt/airflow/dags/dag_drift_monitoring.py took 0.262 seconds
[2026-06-03T12:30:23.761+0000] {processor.py:161} INFO - Started process (PID=5699) to work on /opt/airflow/dags/dag_drift_monitoring.py
[2026-06-03T12:30:23.769+0000] {processor.py:830} INFO - Processing file /opt/airflow/dags/dag_drift_monitoring.py for tasks to queue
[2026-06-03T12:30:23.772+0000] {logging_mixin.py:188} INFO - [2026-06-03T12:30:23.771+0000] {dagbag.py:540} INFO - Filling up the DagBag from /opt/airflow/dags/dag_drift_monitoring.py
[2026-06-03T12:30:23.859+0000] {processor.py:840} INFO - DAG(s) 'neuralretail_drift_monitoring' retrieved from /opt/airflow/dags/dag_drift_monitoring.py
[2026-06-03T12:30:23.887+0000] {logging_mixin.py:188} INFO - [2026-06-03T12:30:23.887+0000] {dag.py:3096} INFO - Sync 1 DAGs
[2026-06-03T12:30:23.906+0000] {logging_mixin.py:188} INFO - [2026-06-03T12:30:23.906+0000] {dag.py:3954} INFO - Setting next_dagrun for neuralretail_drift_monitoring to 2026-06-02 08:00:00+00:00, run_after=2026-06-03 08:00:00+00:00
[2026-06-03T12:30:23.924+0000] {processor.py:183} INFO - Processing /opt/airflow/dags/dag_drift_monitoring.py took 0.170 seconds
[2026-06-03T12:30:54.383+0000] {processor.py:161} INFO - Started process (PID=5719) to work on /opt/airflow/dags/dag_drift_monitoring.py
[2026-06-03T12:30:54.385+0000] {processor.py:830} INFO - Processing file /opt/airflow/dags/dag_drift_monitoring.py for tasks to queue
[2026-06-03T12:30:54.389+0000] {logging_mixin.py:188} INFO - [2026-06-03T12:30:54.388+0000] {dagbag.py:540} INFO - Filling up the DagBag from /opt/airflow/dags/dag_drift_monitoring.py
[2026-06-03T12:30:54.475+0000] {processor.py:840} INFO - DAG(s) 'neuralretail_drift_monitoring' retrieved from /opt/airflow/dags/dag_drift_monitoring.py
[2026-06-03T12:30:54.521+0000] {logging_mixin.py:188} INFO - [2026-06-03T12:30:54.520+0000] {dag.py:3096} INFO - Sync 1 DAGs
[2026-06-03T12:30:54.548+0000] {logging_mixin.py:188} INFO - [2026-06-03T12:30:54.548+0000] {dag.py:3954} INFO - Setting next_dagrun for neuralretail_drift_monitoring to 2026-06-02 08:00:00+00:00, run_after=2026-06-03 08:00:00+00:00
[2026-06-03T12:30:54.575+0000] {processor.py:183} INFO - Processing /opt/airflow/dags/dag_drift_monitoring.py took 0.203 seconds
[2026-06-03T12:31:25.226+0000] {processor.py:161} INFO - Started process (PID=5741) to work on /opt/airflow/dags/dag_drift_monitoring.py
[2026-06-03T12:31:25.227+0000] {processor.py:830} INFO - Processing file /opt/airflow/dags/dag_drift_monitoring.py for tasks to queue
[2026-06-03T12:31:25.230+0000] {logging_mixin.py:188} INFO - [2026-06-03T12:31:25.229+0000] {dagbag.py:540} INFO - Filling up the DagBag from /opt/airflow/dags/dag_drift_monitoring.py
[2026-06-03T12:31:25.301+0000] {processor.py:840} INFO - DAG(s) 'neuralretail_drift_monitoring' retrieved from /opt/airflow/dags/dag_drift_monitoring.py
[2026-06-03T12:31:25.325+0000] {logging_mixin.py:188} INFO - [2026-06-03T12:31:25.325+0000] {dag.py:3096} INFO - Sync 1 DAGs
[2026-06-03T12:31:25.351+0000] {logging_mixin.py:188} INFO - [2026-06-03T12:31:25.351+0000] {dag.py:3954} INFO - Setting next_dagrun for neuralretail_drift_monitoring to 2026-06-02 08:00:00+00:00, run_after=2026-06-03 08:00:00+00:00
[2026-06-03T12:31:25.378+0000] {processor.py:183} INFO - Processing /opt/airflow/dags/dag_drift_monitoring.py took 0.161 seconds
[2026-06-03T12:31:55.511+0000] {processor.py:161} INFO - Started process (PID=5759) to work on /opt/airflow/dags/dag_drift_monitoring.py
[2026-06-03T12:31:55.514+0000] {processor.py:830} INFO - Processing file /opt/airflow/dags/dag_drift_monitoring.py for tasks to queue
[2026-06-03T12:31:55.520+0000] {logging_mixin.py:188} INFO - [2026-06-03T12:31:55.519+0000] {dagbag.py:540} INFO - Filling up the DagBag from /opt/airflow/dags/dag_drift_monitoring.py
[2026-06-03T12:31:55.598+0000] {processor.py:840} INFO - DAG(s) 'neuralretail_drift_monitoring' retrieved from /opt/airflow/dags/dag_drift_monitoring.py
[2026-06-03T12:31:55.630+0000] {logging_mixin.py:188} INFO - [2026-06-03T12:31:55.630+0000] {dag.py:3096} INFO - Sync 1 DAGs
[2026-06-03T12:31:55.658+0000] {logging_mixin.py:188} INFO - [2026-06-03T12:31:55.658+0000] {dag.py:3954} INFO - Setting next_dagrun for neuralretail_drift_monitoring to 2026-06-02 08:00:00+00:00, run_after=2026-06-03 08:00:00+00:00
[2026-06-03T12:31:55.683+0000] {processor.py:183} INFO - Processing /opt/airflow/dags/dag_drift_monitoring.py took 0.181 seconds
[2026-06-03T12:32:25.912+0000] {processor.py:161} INFO - Started process (PID=5779) to work on /opt/airflow/dags/dag_drift_monitoring.py
[2026-06-03T12:32:25.917+0000] {processor.py:830} INFO - Processing file /opt/airflow/dags/dag_drift_monitoring.py for tasks to queue
[2026-06-03T12:32:25.924+0000] {logging_mixin.py:188} INFO - [2026-06-03T12:32:25.923+0000] {dagbag.py:540} INFO - Filling up the DagBag from /opt/airflow/dags/dag_drift_monitoring.py
[2026-06-03T12:32:26.018+0000] {processor.py:840} INFO - DAG(s) 'neuralretail_drift_monitoring' retrieved from /opt/airflow/dags/dag_drift_monitoring.py
[2026-06-03T12:32:26.060+0000] {logging_mixin.py:188} INFO - [2026-06-03T12:32:26.060+0000] {dag.py:3096} INFO - Sync 1 DAGs
[2026-06-03T12:32:26.094+0000] {logging_mixin.py:188} INFO - [2026-06-03T12:32:26.094+0000] {dag.py:3954} INFO - Setting next_dagrun for neuralretail_drift_monitoring to 2026-06-02 08:00:00+00:00, run_after=2026-06-03 08:00:00+00:00
[2026-06-03T12:32:26.141+0000] {processor.py:183} INFO - Processing /opt/airflow/dags/dag_drift_monitoring.py took 0.248 seconds
[2026-06-03T12:32:56.606+0000] {processor.py:161} INFO - Started process (PID=5799) to work on /opt/airflow/dags/dag_drift_monitoring.py
[2026-06-03T12:32:56.608+0000] {processor.py:830} INFO - Processing file /opt/airflow/dags/dag_drift_monitoring.py for tasks to queue
[2026-06-03T12:32:56.610+0000] {logging_mixin.py:188} INFO - [2026-06-03T12:32:56.610+0000] {dagbag.py:540} INFO - Filling up the DagBag from /opt/airflow/dags/dag_drift_monitoring.py
[2026-06-03T12:32:56.667+0000] {processor.py:840} INFO - DAG(s) 'neuralretail_drift_monitoring' retrieved from /opt/airflow/dags/dag_drift_monitoring.py
[2026-06-03T12:32:56.690+0000] {logging_mixin.py:188} INFO - [2026-06-03T12:32:56.690+0000] {dag.py:3096} INFO - Sync 1 DAGs
[2026-06-03T12:32:56.714+0000] {logging_mixin.py:188} INFO - [2026-06-03T12:32:56.714+0000] {dag.py:3954} INFO - Setting next_dagrun for neuralretail_drift_monitoring to 2026-06-02 08:00:00+00:00, run_after=2026-06-03 08:00:00+00:00
[2026-06-03T12:32:56.734+0000] {processor.py:183} INFO - Processing /opt/airflow/dags/dag_drift_monitoring.py took 0.136 seconds
[2026-06-03T12:33:27.240+0000] {processor.py:161} INFO - Started process (PID=5819) to work on /opt/airflow/dags/dag_drift_monitoring.py
[2026-06-03T12:33:27.241+0000] {processor.py:830} INFO - Processing file /opt/airflow/dags/dag_drift_monitoring.py for tasks to queue
[2026-06-03T12:33:27.246+0000] {logging_mixin.py:188} INFO - [2026-06-03T12:33:27.246+0000] {dagbag.py:540} INFO - Filling up the DagBag from /opt/airflow/dags/dag_drift_monitoring.py
[2026-06-03T12:33:27.333+0000] {processor.py:840} INFO - DAG(s) 'neuralretail_drift_monitoring' retrieved from /opt/airflow/dags/dag_drift_monitoring.py
[2026-06-03T12:33:27.365+0000] {logging_mixin.py:188} INFO - [2026-06-03T12:33:27.365+0000] {dag.py:3096} INFO - Sync 1 DAGs
[2026-06-03T12:33:27.398+0000] {logging_mixin.py:188} INFO - [2026-06-03T12:33:27.398+0000] {dag.py:3954} INFO - Setting next_dagrun for neuralretail_drift_monitoring to 2026-06-02 08:00:00+00:00, run_after=2026-06-03 08:00:00+00:00
[2026-06-03T12:33:27.421+0000] {processor.py:183} INFO - Processing /opt/airflow/dags/dag_drift_monitoring.py took 0.187 seconds
[2026-06-03T12:33:58.193+0000] {processor.py:161} INFO - Started process (PID=5839) to work on /opt/airflow/dags/dag_drift_monitoring.py
[2026-06-03T12:33:58.195+0000] {processor.py:830} INFO - Processing file /opt/airflow/dags/dag_drift_monitoring.py for tasks to queue
[2026-06-03T12:33:58.199+0000] {logging_mixin.py:188} INFO - [2026-06-03T12:33:58.198+0000] {dagbag.py:540} INFO - Filling up the DagBag from /opt/airflow/dags/dag_drift_monitoring.py
[2026-06-03T12:33:58.246+0000] {processor.py:840} INFO - DAG(s) 'neuralretail_drift_monitoring' retrieved from /opt/airflow/dags/dag_drift_monitoring.py
[2026-06-03T12:33:58.273+0000] {logging_mixin.py:188} INFO - [2026-06-03T12:33:58.273+0000] {dag.py:3096} INFO - Sync 1 DAGs
[2026-06-03T12:33:58.293+0000] {logging_mixin.py:188} INFO - [2026-06-03T12:33:58.293+0000] {dag.py:3954} INFO - Setting next_dagrun for neuralretail_drift_monitoring to 2026-06-02 08:00:00+00:00, run_after=2026-06-03 08:00:00+00:00
[2026-06-03T12:33:58.312+0000] {processor.py:183} INFO - Processing /opt/airflow/dags/dag_drift_monitoring.py took 0.125 seconds
[2026-06-03T12:34:28.539+0000] {processor.py:161} INFO - Started process (PID=5859) to work on /opt/airflow/dags/dag_drift_monitoring.py
[2026-06-03T12:34:28.541+0000] {processor.py:830} INFO - Processing file /opt/airflow/dags/dag_drift_monitoring.py for tasks to queue
[2026-06-03T12:34:28.544+0000] {logging_mixin.py:188} INFO - [2026-06-03T12:34:28.544+0000] {dagbag.py:540} INFO - Filling up the DagBag from /opt/airflow/dags/dag_drift_monitoring.py
[2026-06-03T12:34:28.643+0000] {processor.py:840} INFO - DAG(s) 'neuralretail_drift_monitoring' retrieved from /opt/airflow/dags/dag_drift_monitoring.py
[2026-06-03T12:34:28.677+0000] {logging_mixin.py:188} INFO - [2026-06-03T12:34:28.677+0000] {dag.py:3096} INFO - Sync 1 DAGs
[2026-06-03T12:34:28.707+0000] {logging_mixin.py:188} INFO - [2026-06-03T12:34:28.706+0000] {dag.py:3954} INFO - Setting next_dagrun for neuralretail_drift_monitoring to 2026-06-02 08:00:00+00:00, run_after=2026-06-03 08:00:00+00:00
[2026-06-03T12:34:28.729+0000] {processor.py:183} INFO - Processing /opt/airflow/dags/dag_drift_monitoring.py took 0.196 seconds
[2026-06-03T12:34:59.088+0000] {processor.py:161} INFO - Started process (PID=5879) to work on /opt/airflow/dags/dag_drift_monitoring.py
[2026-06-03T12:34:59.094+0000] {processor.py:830} INFO - Processing file /opt/airflow/dags/dag_drift_monitoring.py for tasks to queue
[2026-06-03T12:34:59.104+0000] {logging_mixin.py:188} INFO - [2026-06-03T12:34:59.103+0000] {dagbag.py:540} INFO - Filling up the DagBag from /opt/airflow/dags/dag_drift_monitoring.py
[2026-06-03T12:34:59.196+0000] {processor.py:840} INFO - DAG(s) 'neuralretail_drift_monitoring' retrieved from /opt/airflow/dags/dag_drift_monitoring.py
[2026-06-03T12:34:59.258+0000] {logging_mixin.py:188} INFO - [2026-06-03T12:34:59.258+0000] {dag.py:3096} INFO - Sync 1 DAGs
[2026-06-03T12:34:59.312+0000] {logging_mixin.py:188} INFO - [2026-06-03T12:34:59.312+0000] {dag.py:3954} INFO - Setting next_dagrun for neuralretail_drift_monitoring to 2026-06-02 08:00:00+00:00, run_after=2026-06-03 08:00:00+00:00
[2026-06-03T12:34:59.357+0000] {processor.py:183} INFO - Processing /opt/airflow/dags/dag_drift_monitoring.py took 0.288 seconds
[2026-06-03T12:35:29.769+0000] {processor.py:161} INFO - Started process (PID=5899) to work on /opt/airflow/dags/dag_drift_monitoring.py
[2026-06-03T12:35:29.771+0000] {processor.py:830} INFO - Processing file /opt/airflow/dags/dag_drift_monitoring.py for tasks to queue
[2026-06-03T12:35:29.777+0000] {logging_mixin.py:188} INFO - [2026-06-03T12:35:29.776+0000] {dagbag.py:540} INFO - Filling up the DagBag from /opt/airflow/dags/dag_drift_monitoring.py
[2026-06-03T12:35:29.850+0000] {processor.py:840} INFO - DAG(s) 'neuralretail_drift_monitoring' retrieved from /opt/airflow/dags/dag_drift_monitoring.py
[2026-06-03T12:35:29.879+0000] {logging_mixin.py:188} INFO - [2026-06-03T12:35:29.878+0000] {dag.py:3096} INFO - Sync 1 DAGs
[2026-06-03T12:35:29.922+0000] {logging_mixin.py:188} INFO - [2026-06-03T12:35:29.922+0000] {dag.py:3954} INFO - Setting next_dagrun for neuralretail_drift_monitoring to 2026-06-02 08:00:00+00:00, run_after=2026-06-03 08:00:00+00:00
[2026-06-03T12:35:29.950+0000] {processor.py:183} INFO - Processing /opt/airflow/dags/dag_drift_monitoring.py took 0.191 seconds
[2026-06-03T12:36:00.392+0000] {processor.py:161} INFO - Started process (PID=5919) to work on /opt/airflow/dags/dag_drift_monitoring.py
[2026-06-03T12:36:00.394+0000] {processor.py:830} INFO - Processing file /opt/airflow/dags/dag_drift_monitoring.py for tasks to queue
[2026-06-03T12:36:00.396+0000] {logging_mixin.py:188} INFO - [2026-06-03T12:36:00.396+0000] {dagbag.py:540} INFO - Filling up the DagBag from /opt/airflow/dags/dag_drift_monitoring.py
[2026-06-03T12:36:00.493+0000] {processor.py:840} INFO - DAG(s) 'neuralretail_drift_monitoring' retrieved from /opt/airflow/dags/dag_drift_monitoring.py
[2026-06-03T12:36:00.518+0000] {logging_mixin.py:188} INFO - [2026-06-03T12:36:00.518+0000] {dag.py:3096} INFO - Sync 1 DAGs
[2026-06-03T12:36:00.536+0000] {logging_mixin.py:188} INFO - [2026-06-03T12:36:00.536+0000] {dag.py:3954} INFO - Setting next_dagrun for neuralretail_drift_monitoring to 2026-06-02 08:00:00+00:00, run_after=2026-06-03 08:00:00+00:00
[2026-06-03T12:36:00.559+0000] {processor.py:183} INFO - Processing /opt/airflow/dags/dag_drift_monitoring.py took 0.176 seconds
[2026-06-03T12:36:31.189+0000] {processor.py:161} INFO - Started process (PID=5939) to work on /opt/airflow/dags/dag_drift_monitoring.py
[2026-06-03T12:36:31.190+0000] {processor.py:830} INFO - Processing file /opt/airflow/dags/dag_drift_monitoring.py for tasks to queue
[2026-06-03T12:36:31.192+0000] {logging_mixin.py:188} INFO - [2026-06-03T12:36:31.192+0000] {dagbag.py:540} INFO - Filling up the DagBag from /opt/airflow/dags/dag_drift_monitoring.py
[2026-06-03T12:36:31.252+0000] {processor.py:840} INFO - DAG(s) 'neuralretail_drift_monitoring' retrieved from /opt/airflow/dags/dag_drift_monitoring.py
[2026-06-03T12:36:31.284+0000] {logging_mixin.py:188} INFO - [2026-06-03T12:36:31.283+0000] {dag.py:3096} INFO - Sync 1 DAGs
[2026-06-03T12:36:31.311+0000] {logging_mixin.py:188} INFO - [2026-06-03T12:36:31.310+0000] {dag.py:3954} INFO - Setting next_dagrun for neuralretail_drift_monitoring to 2026-06-02 08:00:00+00:00, run_after=2026-06-03 08:00:00+00:00
[2026-06-03T12:36:31.341+0000] {processor.py:183} INFO - Processing /opt/airflow/dags/dag_drift_monitoring.py took 0.159 seconds
[2026-06-03T12:37:02.245+0000] {processor.py:161} INFO - Started process (PID=5959) to work on /opt/airflow/dags/dag_drift_monitoring.py
[2026-06-03T12:37:02.247+0000] {processor.py:830} INFO - Processing file /opt/airflow/dags/dag_drift_monitoring.py for tasks to queue
[2026-06-03T12:37:02.251+0000] {logging_mixin.py:188} INFO - [2026-06-03T12:37:02.250+0000] {dagbag.py:540} INFO - Filling up the DagBag from /opt/airflow/dags/dag_drift_monitoring.py
[2026-06-03T12:37:02.330+0000] {processor.py:840} INFO - DAG(s) 'neuralretail_drift_monitoring' retrieved from /opt/airflow/dags/dag_drift_monitoring.py
[2026-06-03T12:37:02.354+0000] {logging_mixin.py:188} INFO - [2026-06-03T12:37:02.354+0000] {dag.py:3096} INFO - Sync 1 DAGs
[2026-06-03T12:37:02.375+0000] {logging_mixin.py:188} INFO - [2026-06-03T12:37:02.374+0000] {dag.py:3954} INFO - Setting next_dagrun for neuralretail_drift_monitoring to 2026-06-02 08:00:00+00:00, run_after=2026-06-03 08:00:00+00:00
[2026-06-03T12:37:02.409+0000] {processor.py:183} INFO - Processing /opt/airflow/dags/dag_drift_monitoring.py took 0.174 seconds
[2026-06-03T12:37:32.552+0000] {processor.py:161} INFO - Started process (PID=5979) to work on /opt/airflow/dags/dag_drift_monitoring.py
[2026-06-03T12:37:32.557+0000] {processor.py:830} INFO - Processing file /opt/airflow/dags/dag_drift_monitoring.py for tasks to queue
[2026-06-03T12:37:32.560+0000] {logging_mixin.py:188} INFO - [2026-06-03T12:37:32.559+0000] {dagbag.py:540} INFO - Filling up the DagBag from /opt/airflow/dags/dag_drift_monitoring.py
[2026-06-03T12:37:32.614+0000] {processor.py:840} INFO - DAG(s) 'neuralretail_drift_monitoring' retrieved from /opt/airflow/dags/dag_drift_monitoring.py
[2026-06-03T12:37:32.636+0000] {logging_mixin.py:188} INFO - [2026-06-03T12:37:32.636+0000] {dag.py:3096} INFO - Sync 1 DAGs
[2026-06-03T12:37:32.656+0000] {logging_mixin.py:188} INFO - [2026-06-03T12:37:32.655+0000] {dag.py:3954} INFO - Setting next_dagrun for neuralretail_drift_monitoring to 2026-06-02 08:00:00+00:00, run_after=2026-06-03 08:00:00+00:00
[2026-06-03T12:37:32.675+0000] {processor.py:183} INFO - Processing /opt/airflow/dags/dag_drift_monitoring.py took 0.129 seconds
[2026-06-03T12:38:03.375+0000] {processor.py:161} INFO - Started process (PID=5999) to work on /opt/airflow/dags/dag_drift_monitoring.py
[2026-06-03T12:38:03.377+0000] {processor.py:830} INFO - Processing file /opt/airflow/dags/dag_drift_monitoring.py for tasks to queue
[2026-06-03T12:38:03.379+0000] {logging_mixin.py:188} INFO - [2026-06-03T12:38:03.379+0000] {dagbag.py:540} INFO - Filling up the DagBag from /opt/airflow/dags/dag_drift_monitoring.py
[2026-06-03T12:38:03.414+0000] {processor.py:840} INFO - DAG(s) 'neuralretail_drift_monitoring' retrieved from /opt/airflow/dags/dag_drift_monitoring.py
[2026-06-03T12:38:03.439+0000] {logging_mixin.py:188} INFO - [2026-06-03T12:38:03.439+0000] {dag.py:3096} INFO - Sync 1 DAGs
[2026-06-03T12:38:03.461+0000] {logging_mixin.py:188} INFO - [2026-06-03T12:38:03.461+0000] {dag.py:3954} INFO - Setting next_dagrun for neuralretail_drift_monitoring to 2026-06-02 08:00:00+00:00, run_after=2026-06-03 08:00:00+00:00
[2026-06-03T12:38:03.482+0000] {processor.py:183} INFO - Processing /opt/airflow/dags/dag_drift_monitoring.py took 0.111 seconds
[2026-06-03T12:38:33.670+0000] {processor.py:161} INFO - Started process (PID=6019) to work on /opt/airflow/dags/dag_drift_monitoring.py
[2026-06-03T12:38:33.673+0000] {processor.py:830} INFO - Processing file /opt/airflow/dags/dag_drift_monitoring.py for tasks to queue
[2026-06-03T12:38:33.676+0000] {logging_mixin.py:188} INFO - [2026-06-03T12:38:33.676+0000] {dagbag.py:540} INFO - Filling up the DagBag from /opt/airflow/dags/dag_drift_monitoring.py
[2026-06-03T12:38:33.901+0000] {processor.py:840} INFO - DAG(s) 'neuralretail_drift_monitoring' retrieved from /opt/airflow/dags/dag_drift_monitoring.py
[2026-06-03T12:38:33.930+0000] {logging_mixin.py:188} INFO - [2026-06-03T12:38:33.930+0000] {dag.py:3096} INFO - Sync 1 DAGs
[2026-06-03T12:38:33.963+0000] {logging_mixin.py:188} INFO - [2026-06-03T12:38:33.962+0000] {dag.py:3954} INFO - Setting next_dagrun for neuralretail_drift_monitoring to 2026-06-02 08:00:00+00:00, run_after=2026-06-03 08:00:00+00:00
[2026-06-03T12:38:34.003+0000] {processor.py:183} INFO - Processing /opt/airflow/dags/dag_drift_monitoring.py took 0.338 seconds
[2026-06-03T12:39:04.144+0000] {processor.py:161} INFO - Started process (PID=6039) to work on /opt/airflow/dags/dag_drift_monitoring.py
[2026-06-03T12:39:04.145+0000] {processor.py:830} INFO - Processing file /opt/airflow/dags/dag_drift_monitoring.py for tasks to queue
[2026-06-03T12:39:04.147+0000] {logging_mixin.py:188} INFO - [2026-06-03T12:39:04.147+0000] {dagbag.py:540} INFO - Filling up the DagBag from /opt/airflow/dags/dag_drift_monitoring.py
[2026-06-03T12:39:04.229+0000] {processor.py:840} INFO - DAG(s) 'neuralretail_drift_monitoring' retrieved from /opt/airflow/dags/dag_drift_monitoring.py
[2026-06-03T12:39:04.252+0000] {logging_mixin.py:188} INFO - [2026-06-03T12:39:04.252+0000] {dag.py:3096} INFO - Sync 1 DAGs
[2026-06-03T12:39:04.272+0000] {logging_mixin.py:188} INFO - [2026-06-03T12:39:04.271+0000] {dag.py:3954} INFO - Setting next_dagrun for neuralretail_drift_monitoring to 2026-06-02 08:00:00+00:00, run_after=2026-06-03 08:00:00+00:00
[2026-06-03T12:39:04.289+0000] {processor.py:183} INFO - Processing /opt/airflow/dags/dag_drift_monitoring.py took 0.150 seconds
[2026-06-03T12:39:34.704+0000] {processor.py:161} INFO - Started process (PID=6059) to work on /opt/airflow/dags/dag_drift_monitoring.py
[2026-06-03T12:39:34.706+0000] {processor.py:830} INFO - Processing file /opt/airflow/dags/dag_drift_monitoring.py for tasks to queue
[2026-06-03T12:39:34.710+0000] {logging_mixin.py:188} INFO - [2026-06-03T12:39:34.709+0000] {dagbag.py:540} INFO - Filling up the DagBag from /opt/airflow/dags/dag_drift_monitoring.py
[2026-06-03T12:39:34.763+0000] {processor.py:840} INFO - DAG(s) 'neuralretail_drift_monitoring' retrieved from /opt/airflow/dags/dag_drift_monitoring.py
[2026-06-03T12:39:34.792+0000] {logging_mixin.py:188} INFO - [2026-06-03T12:39:34.792+0000] {dag.py:3096} INFO - Sync 1 DAGs
[2026-06-03T12:39:34.816+0000] {logging_mixin.py:188} INFO - [2026-06-03T12:39:34.816+0000] {dag.py:3954} INFO - Setting next_dagrun for neuralretail_drift_monitoring to 2026-06-02 08:00:00+00:00, run_after=2026-06-03 08:00:00+00:00
[2026-06-03T12:39:34.837+0000] {processor.py:183} INFO - Processing /opt/airflow/dags/dag_drift_monitoring.py took 0.141 seconds
[2026-06-03T12:40:05.656+0000] {processor.py:161} INFO - Started process (PID=6079) to work on /opt/airflow/dags/dag_drift_monitoring.py
[2026-06-03T12:40:05.658+0000] {processor.py:830} INFO - Processing file /opt/airflow/dags/dag_drift_monitoring.py for tasks to queue
[2026-06-03T12:40:05.662+0000] {logging_mixin.py:188} INFO - [2026-06-03T12:40:05.661+0000] {dagbag.py:540} INFO - Filling up the DagBag from /opt/airflow/dags/dag_drift_monitoring.py
[2026-06-03T12:40:05.840+0000] {processor.py:840} INFO - DAG(s) 'neuralretail_drift_monitoring' retrieved from /opt/airflow/dags/dag_drift_monitoring.py
[2026-06-03T12:40:05.871+0000] {logging_mixin.py:188} INFO - [2026-06-03T12:40:05.870+0000] {dag.py:3096} INFO - Sync 1 DAGs
[2026-06-03T12:40:05.918+0000] {logging_mixin.py:188} INFO - [2026-06-03T12:40:05.918+0000] {dag.py:3954} INFO - Setting next_dagrun for neuralretail_drift_monitoring to 2026-06-02 08:00:00+00:00, run_after=2026-06-03 08:00:00+00:00
[2026-06-03T12:40:05.967+0000] {processor.py:183} INFO - Processing /opt/airflow/dags/dag_drift_monitoring.py took 0.323 seconds
[2026-06-03T12:40:36.220+0000] {processor.py:161} INFO - Started process (PID=6099) to work on /opt/airflow/dags/dag_drift_monitoring.py
[2026-06-03T12:40:36.222+0000] {processor.py:830} INFO - Processing file /opt/airflow/dags/dag_drift_monitoring.py for tasks to queue
[2026-06-03T12:40:36.224+0000] {logging_mixin.py:188} INFO - [2026-06-03T12:40:36.224+0000] {dagbag.py:540} INFO - Filling up the DagBag from /opt/airflow/dags/dag_drift_monitoring.py
[2026-06-03T12:40:36.260+0000] {processor.py:840} INFO - DAG(s) 'neuralretail_drift_monitoring' retrieved from /opt/airflow/dags/dag_drift_monitoring.py
[2026-06-03T12:40:36.282+0000] {logging_mixin.py:188} INFO - [2026-06-03T12:40:36.282+0000] {dag.py:3096} INFO - Sync 1 DAGs
[2026-06-03T12:40:36.301+0000] {logging_mixin.py:188} INFO - [2026-06-03T12:40:36.300+0000] {dag.py:3954} INFO - Setting next_dagrun for neuralretail_drift_monitoring to 2026-06-02 08:00:00+00:00, run_after=2026-06-03 08:00:00+00:00
[2026-06-03T12:40:36.316+0000] {processor.py:183} INFO - Processing /opt/airflow/dags/dag_drift_monitoring.py took 0.101 seconds
[2026-06-03T12:41:06.876+0000] {processor.py:161} INFO - Started process (PID=6119) to work on /opt/airflow/dags/dag_drift_monitoring.py
[2026-06-03T12:41:06.930+0000] {processor.py:830} INFO - Processing file /opt/airflow/dags/dag_drift_monitoring.py for tasks to queue
[2026-06-03T12:41:06.944+0000] {logging_mixin.py:188} INFO - [2026-06-03T12:41:06.942+0000] {dagbag.py:540} INFO - Filling up the DagBag from /opt/airflow/dags/dag_drift_monitoring.py
[2026-06-03T12:41:07.034+0000] {processor.py:840} INFO - DAG(s) 'neuralretail_drift_monitoring' retrieved from /opt/airflow/dags/dag_drift_monitoring.py
[2026-06-03T12:41:07.095+0000] {logging_mixin.py:188} INFO - [2026-06-03T12:41:07.094+0000] {dag.py:3096} INFO - Sync 1 DAGs
[2026-06-03T12:41:07.145+0000] {logging_mixin.py:188} INFO - [2026-06-03T12:41:07.145+0000] {dag.py:3954} INFO - Setting next_dagrun for neuralretail_drift_monitoring to 2026-06-02 08:00:00+00:00, run_after=2026-06-03 08:00:00+00:00
[2026-06-03T12:41:07.175+0000] {processor.py:183} INFO - Processing /opt/airflow/dags/dag_drift_monitoring.py took 0.315 seconds
[2026-06-03T12:41:37.340+0000] {processor.py:161} INFO - Started process (PID=6139) to work on /opt/airflow/dags/dag_drift_monitoring.py
[2026-06-03T12:41:37.342+0000] {processor.py:830} INFO - Processing file /opt/airflow/dags/dag_drift_monitoring.py for tasks to queue
[2026-06-03T12:41:37.349+0000] {logging_mixin.py:188} INFO - [2026-06-03T12:41:37.348+0000] {dagbag.py:540} INFO - Filling up the DagBag from /opt/airflow/dags/dag_drift_monitoring.py
[2026-06-03T12:41:37.418+0000] {processor.py:840} INFO - DAG(s) 'neuralretail_drift_monitoring' retrieved from /opt/airflow/dags/dag_drift_monitoring.py
[2026-06-03T12:41:37.465+0000] {logging_mixin.py:188} INFO - [2026-06-03T12:41:37.464+0000] {dag.py:3096} INFO - Sync 1 DAGs
[2026-06-03T12:41:37.495+0000] {logging_mixin.py:188} INFO - [2026-06-03T12:41:37.495+0000] {dag.py:3954} INFO - Setting next_dagrun for neuralretail_drift_monitoring to 2026-06-02 08:00:00+00:00, run_after=2026-06-03 08:00:00+00:00
[2026-06-03T12:41:37.531+0000] {processor.py:183} INFO - Processing /opt/airflow/dags/dag_drift_monitoring.py took 0.209 seconds
[2026-06-03T12:42:07.842+0000] {processor.py:161} INFO - Started process (PID=6159) to work on /opt/airflow/dags/dag_drift_monitoring.py
[2026-06-03T12:42:07.848+0000] {processor.py:830} INFO - Processing file /opt/airflow/dags/dag_drift_monitoring.py for tasks to queue
[2026-06-03T12:42:07.853+0000] {logging_mixin.py:188} INFO - [2026-06-03T12:42:07.852+0000] {dagbag.py:540} INFO - Filling up the DagBag from /opt/airflow/dags/dag_drift_monitoring.py
[2026-06-03T12:42:07.936+0000] {processor.py:840} INFO - DAG(s) 'neuralretail_drift_monitoring' retrieved from /opt/airflow/dags/dag_drift_monitoring.py
[2026-06-03T12:42:08.006+0000] {logging_mixin.py:188} INFO - [2026-06-03T12:42:08.005+0000] {dag.py:3096} INFO - Sync 1 DAGs
[2026-06-03T12:42:08.032+0000] {logging_mixin.py:188} INFO - [2026-06-03T12:42:08.032+0000] {dag.py:3954} INFO - Setting next_dagrun for neuralretail_drift_monitoring to 2026-06-02 08:00:00+00:00, run_after=2026-06-03 08:00:00+00:00
[2026-06-03T12:42:08.061+0000] {processor.py:183} INFO - Processing /opt/airflow/dags/dag_drift_monitoring.py took 0.224 seconds
[2026-06-03T12:42:38.757+0000] {processor.py:161} INFO - Started process (PID=6179) to work on /opt/airflow/dags/dag_drift_monitoring.py
[2026-06-03T12:42:38.759+0000] {processor.py:830} INFO - Processing file /opt/airflow/dags/dag_drift_monitoring.py for tasks to queue
[2026-06-03T12:42:38.768+0000] {logging_mixin.py:188} INFO - [2026-06-03T12:42:38.767+0000] {dagbag.py:540} INFO - Filling up the DagBag from /opt/airflow/dags/dag_drift_monitoring.py
[2026-06-03T12:42:38.859+0000] {processor.py:840} INFO - DAG(s) 'neuralretail_drift_monitoring' retrieved from /opt/airflow/dags/dag_drift_monitoring.py
[2026-06-03T12:42:38.902+0000] {logging_mixin.py:188} INFO - [2026-06-03T12:42:38.901+0000] {dag.py:3096} INFO - Sync 1 DAGs
[2026-06-03T12:42:38.930+0000] {logging_mixin.py:188} INFO - [2026-06-03T12:42:38.929+0000] {dag.py:3954} INFO - Setting next_dagrun for neuralretail_drift_monitoring to 2026-06-02 08:00:00+00:00, run_after=2026-06-03 08:00:00+00:00
[2026-06-03T12:42:38.974+0000] {processor.py:183} INFO - Processing /opt/airflow/dags/dag_drift_monitoring.py took 0.225 seconds
[2026-06-03T12:43:09.311+0000] {processor.py:161} INFO - Started process (PID=6201) to work on /opt/airflow/dags/dag_drift_monitoring.py
[2026-06-03T12:43:09.313+0000] {processor.py:830} INFO - Processing file /opt/airflow/dags/dag_drift_monitoring.py for tasks to queue
[2026-06-03T12:43:09.316+0000] {logging_mixin.py:188} INFO - [2026-06-03T12:43:09.316+0000] {dagbag.py:540} INFO - Filling up the DagBag from /opt/airflow/dags/dag_drift_monitoring.py
[2026-06-03T12:43:09.370+0000] {processor.py:840} INFO - DAG(s) 'neuralretail_drift_monitoring' retrieved from /opt/airflow/dags/dag_drift_monitoring.py
[2026-06-03T12:43:09.400+0000] {logging_mixin.py:188} INFO - [2026-06-03T12:43:09.399+0000] {dag.py:3096} INFO - Sync 1 DAGs
[2026-06-03T12:43:09.435+0000] {logging_mixin.py:188} INFO - [2026-06-03T12:43:09.434+0000] {dag.py:3954} INFO - Setting next_dagrun for neuralretail_drift_monitoring to 2026-06-02 08:00:00+00:00, run_after=2026-06-03 08:00:00+00:00
[2026-06-03T12:43:09.497+0000] {processor.py:183} INFO - Processing /opt/airflow/dags/dag_drift_monitoring.py took 0.204 seconds
[2026-06-03T12:43:39.662+0000] {processor.py:161} INFO - Started process (PID=6219) to work on /opt/airflow/dags/dag_drift_monitoring.py
[2026-06-03T12:43:39.664+0000] {processor.py:830} INFO - Processing file /opt/airflow/dags/dag_drift_monitoring.py for tasks to queue
[2026-06-03T12:43:39.666+0000] {logging_mixin.py:188} INFO - [2026-06-03T12:43:39.666+0000] {dagbag.py:540} INFO - Filling up the DagBag from /opt/airflow/dags/dag_drift_monitoring.py
[2026-06-03T12:43:39.721+0000] {processor.py:840} INFO - DAG(s) 'neuralretail_drift_monitoring' retrieved from /opt/airflow/dags/dag_drift_monitoring.py
[2026-06-03T12:43:39.741+0000] {logging_mixin.py:188} INFO - [2026-06-03T12:43:39.741+0000] {dag.py:3096} INFO - Sync 1 DAGs
[2026-06-03T12:43:39.758+0000] {logging_mixin.py:188} INFO - [2026-06-03T12:43:39.758+0000] {dag.py:3954} INFO - Setting next_dagrun for neuralretail_drift_monitoring to 2026-06-02 08:00:00+00:00, run_after=2026-06-03 08:00:00+00:00
[2026-06-03T12:43:39.774+0000] {processor.py:183} INFO - Processing /opt/airflow/dags/dag_drift_monitoring.py took 0.117 seconds
[2026-06-03T12:44:10.248+0000] {processor.py:161} INFO - Started process (PID=6241) to work on /opt/airflow/dags/dag_drift_monitoring.py
[2026-06-03T12:44:10.251+0000] {processor.py:830} INFO - Processing file /opt/airflow/dags/dag_drift_monitoring.py for tasks to queue
[2026-06-03T12:44:10.252+0000] {logging_mixin.py:188} INFO - [2026-06-03T12:44:10.252+0000] {dagbag.py:540} INFO - Filling up the DagBag from /opt/airflow/dags/dag_drift_monitoring.py
[2026-06-03T12:44:10.310+0000] {processor.py:840} INFO - DAG(s) 'neuralretail_drift_monitoring' retrieved from /opt/airflow/dags/dag_drift_monitoring.py
[2026-06-03T12:44:10.332+0000] {logging_mixin.py:188} INFO - [2026-06-03T12:44:10.332+0000] {dag.py:3096} INFO - Sync 1 DAGs
[2026-06-03T12:44:10.364+0000] {logging_mixin.py:188} INFO - [2026-06-03T12:44:10.364+0000] {dag.py:3954} INFO - Setting next_dagrun for neuralretail_drift_monitoring to 2026-06-02 08:00:00+00:00, run_after=2026-06-03 08:00:00+00:00
[2026-06-03T12:44:10.401+0000] {processor.py:183} INFO - Processing /opt/airflow/dags/dag_drift_monitoring.py took 0.160 seconds
[2026-06-03T12:44:40.607+0000] {processor.py:161} INFO - Started process (PID=6259) to work on /opt/airflow/dags/dag_drift_monitoring.py
[2026-06-03T12:44:40.609+0000] {processor.py:830} INFO - Processing file /opt/airflow/dags/dag_drift_monitoring.py for tasks to queue
[2026-06-03T12:44:40.612+0000] {logging_mixin.py:188} INFO - [2026-06-03T12:44:40.612+0000] {dagbag.py:540} INFO - Filling up the DagBag from /opt/airflow/dags/dag_drift_monitoring.py
[2026-06-03T12:44:40.715+0000] {processor.py:840} INFO - DAG(s) 'neuralretail_drift_monitoring' retrieved from /opt/airflow/dags/dag_drift_monitoring.py
[2026-06-03T12:44:40.741+0000] {logging_mixin.py:188} INFO - [2026-06-03T12:44:40.740+0000] {dag.py:3096} INFO - Sync 1 DAGs
[2026-06-03T12:44:40.769+0000] {logging_mixin.py:188} INFO - [2026-06-03T12:44:40.768+0000] {dag.py:3954} INFO - Setting next_dagrun for neuralretail_drift_monitoring to 2026-06-02 08:00:00+00:00, run_after=2026-06-03 08:00:00+00:00
[2026-06-03T12:44:40.792+0000] {processor.py:183} INFO - Processing /opt/airflow/dags/dag_drift_monitoring.py took 0.191 seconds
[2026-06-03T12:45:11.371+0000] {processor.py:161} INFO - Started process (PID=6281) to work on /opt/airflow/dags/dag_drift_monitoring.py
[2026-06-03T12:45:11.373+0000] {processor.py:830} INFO - Processing file /opt/airflow/dags/dag_drift_monitoring.py for tasks to queue
[2026-06-03T12:45:11.385+0000] {logging_mixin.py:188} INFO - [2026-06-03T12:45:11.384+0000] {dagbag.py:540} INFO - Filling up the DagBag from /opt/airflow/dags/dag_drift_monitoring.py
[2026-06-03T12:45:11.474+0000] {processor.py:840} INFO - DAG(s) 'neuralretail_drift_monitoring' retrieved from /opt/airflow/dags/dag_drift_monitoring.py
[2026-06-03T12:45:11.509+0000] {logging_mixin.py:188} INFO - [2026-06-03T12:45:11.508+0000] {dag.py:3096} INFO - Sync 1 DAGs
[2026-06-03T12:45:11.539+0000] {logging_mixin.py:188} INFO - [2026-06-03T12:45:11.539+0000] {dag.py:3954} INFO - Setting next_dagrun for neuralretail_drift_monitoring to 2026-06-02 08:00:00+00:00, run_after=2026-06-03 08:00:00+00:00
[2026-06-03T12:45:11.561+0000] {processor.py:183} INFO - Processing /opt/airflow/dags/dag_drift_monitoring.py took 0.202 seconds
[2026-06-03T12:45:41.756+0000] {processor.py:161} INFO - Started process (PID=6299) to work on /opt/airflow/dags/dag_drift_monitoring.py
[2026-06-03T12:45:41.758+0000] {processor.py:830} INFO - Processing file /opt/airflow/dags/dag_drift_monitoring.py for tasks to queue
[2026-06-03T12:45:41.760+0000] {logging_mixin.py:188} INFO - [2026-06-03T12:45:41.760+0000] {dagbag.py:540} INFO - Filling up the DagBag from /opt/airflow/dags/dag_drift_monitoring.py
[2026-06-03T12:45:41.801+0000] {processor.py:840} INFO - DAG(s) 'neuralretail_drift_monitoring' retrieved from /opt/airflow/dags/dag_drift_monitoring.py
[2026-06-03T12:45:41.826+0000] {logging_mixin.py:188} INFO - [2026-06-03T12:45:41.825+0000] {dag.py:3096} INFO - Sync 1 DAGs
[2026-06-03T12:45:41.845+0000] {logging_mixin.py:188} INFO - [2026-06-03T12:45:41.845+0000] {dag.py:3954} INFO - Setting next_dagrun for neuralretail_drift_monitoring to 2026-06-02 08:00:00+00:00, run_after=2026-06-03 08:00:00+00:00
[2026-06-03T12:45:41.865+0000] {processor.py:183} INFO - Processing /opt/airflow/dags/dag_drift_monitoring.py took 0.116 seconds
[2026-06-03T12:46:12.579+0000] {processor.py:161} INFO - Started process (PID=6319) to work on /opt/airflow/dags/dag_drift_monitoring.py
[2026-06-03T12:46:12.580+0000] {processor.py:830} INFO - Processing file /opt/airflow/dags/dag_drift_monitoring.py for tasks to queue
[2026-06-03T12:46:12.585+0000] {logging_mixin.py:188} INFO - [2026-06-03T12:46:12.584+0000] {dagbag.py:540} INFO - Filling up the DagBag from /opt/airflow/dags/dag_drift_monitoring.py
[2026-06-03T12:46:12.643+0000] {processor.py:840} INFO - DAG(s) 'neuralretail_drift_monitoring' retrieved from /opt/airflow/dags/dag_drift_monitoring.py
[2026-06-03T12:46:12.675+0000] {logging_mixin.py:188} INFO - [2026-06-03T12:46:12.674+0000] {dag.py:3096} INFO - Sync 1 DAGs
[2026-06-03T12:46:12.697+0000] {logging_mixin.py:188} INFO - [2026-06-03T12:46:12.697+0000] {dag.py:3954} INFO - Setting next_dagrun for neuralretail_drift_monitoring to 2026-06-02 08:00:00+00:00, run_after=2026-06-03 08:00:00+00:00
[2026-06-03T12:46:12.721+0000] {processor.py:183} INFO - Processing /opt/airflow/dags/dag_drift_monitoring.py took 0.153 seconds
[2026-06-03T12:46:43.342+0000] {processor.py:161} INFO - Started process (PID=6339) to work on /opt/airflow/dags/dag_drift_monitoring.py
[2026-06-03T12:46:43.344+0000] {processor.py:830} INFO - Processing file /opt/airflow/dags/dag_drift_monitoring.py for tasks to queue
[2026-06-03T12:46:43.351+0000] {logging_mixin.py:188} INFO - [2026-06-03T12:46:43.350+0000] {dagbag.py:540} INFO - Filling up the DagBag from /opt/airflow/dags/dag_drift_monitoring.py
[2026-06-03T12:46:43.412+0000] {processor.py:840} INFO - DAG(s) 'neuralretail_drift_monitoring' retrieved from /opt/airflow/dags/dag_drift_monitoring.py
[2026-06-03T12:46:43.454+0000] {logging_mixin.py:188} INFO - [2026-06-03T12:46:43.454+0000] {dag.py:3096} INFO - Sync 1 DAGs
[2026-06-03T12:46:43.496+0000] {logging_mixin.py:188} INFO - [2026-06-03T12:46:43.495+0000] {dag.py:3954} INFO - Setting next_dagrun for neuralretail_drift_monitoring to 2026-06-02 08:00:00+00:00, run_after=2026-06-03 08:00:00+00:00
[2026-06-03T12:46:43.525+0000] {processor.py:183} INFO - Processing /opt/airflow/dags/dag_drift_monitoring.py took 0.199 seconds
[2026-06-03T12:47:14.550+0000] {processor.py:161} INFO - Started process (PID=6359) to work on /opt/airflow/dags/dag_drift_monitoring.py
[2026-06-03T12:47:14.559+0000] {processor.py:830} INFO - Processing file /opt/airflow/dags/dag_drift_monitoring.py for tasks to queue
[2026-06-03T12:47:14.566+0000] {logging_mixin.py:188} INFO - [2026-06-03T12:47:14.566+0000] {dagbag.py:540} INFO - Filling up the DagBag from /opt/airflow/dags/dag_drift_monitoring.py
[2026-06-03T12:47:14.928+0000] {processor.py:840} INFO - DAG(s) 'neuralretail_drift_monitoring' retrieved from /opt/airflow/dags/dag_drift_monitoring.py
[2026-06-03T12:47:15.011+0000] {logging_mixin.py:188} INFO - [2026-06-03T12:47:15.010+0000] {dag.py:3096} INFO - Sync 1 DAGs
[2026-06-03T12:47:15.059+0000] {logging_mixin.py:188} INFO - [2026-06-03T12:47:15.059+0000] {dag.py:3954} INFO - Setting next_dagrun for neuralretail_drift_monitoring to 2026-06-02 08:00:00+00:00, run_after=2026-06-03 08:00:00+00:00
[2026-06-03T12:47:15.111+0000] {processor.py:183} INFO - Processing /opt/airflow/dags/dag_drift_monitoring.py took 0.568 seconds
[2026-06-03T12:47:45.484+0000] {processor.py:161} INFO - Started process (PID=6379) to work on /opt/airflow/dags/dag_drift_monitoring.py
[2026-06-03T12:47:45.490+0000] {processor.py:830} INFO - Processing file /opt/airflow/dags/dag_drift_monitoring.py for tasks to queue
[2026-06-03T12:47:45.493+0000] {logging_mixin.py:188} INFO - [2026-06-03T12:47:45.493+0000] {dagbag.py:540} INFO - Filling up the DagBag from /opt/airflow/dags/dag_drift_monitoring.py
[2026-06-03T12:47:45.581+0000] {processor.py:840} INFO - DAG(s) 'neuralretail_drift_monitoring' retrieved from /opt/airflow/dags/dag_drift_monitoring.py
[2026-06-03T12:47:45.606+0000] {logging_mixin.py:188} INFO - [2026-06-03T12:47:45.605+0000] {dag.py:3096} INFO - Sync 1 DAGs
[2026-06-03T12:47:45.631+0000] {logging_mixin.py:188} INFO - [2026-06-03T12:47:45.630+0000] {dag.py:3954} INFO - Setting next_dagrun for neuralretail_drift_monitoring to 2026-06-02 08:00:00+00:00, run_after=2026-06-03 08:00:00+00:00
[2026-06-03T12:47:45.663+0000] {processor.py:183} INFO - Processing /opt/airflow/dags/dag_drift_monitoring.py took 0.186 seconds
[2026-06-03T12:48:15.909+0000] {processor.py:161} INFO - Started process (PID=6399) to work on /opt/airflow/dags/dag_drift_monitoring.py
[2026-06-03T12:48:15.911+0000] {processor.py:830} INFO - Processing file /opt/airflow/dags/dag_drift_monitoring.py for tasks to queue
[2026-06-03T12:48:15.915+0000] {logging_mixin.py:188} INFO - [2026-06-03T12:48:15.915+0000] {dagbag.py:540} INFO - Filling up the DagBag from /opt/airflow/dags/dag_drift_monitoring.py
[2026-06-03T12:48:16.056+0000] {processor.py:840} INFO - DAG(s) 'neuralretail_drift_monitoring' retrieved from /opt/airflow/dags/dag_drift_monitoring.py
[2026-06-03T12:48:16.098+0000] {logging_mixin.py:188} INFO - [2026-06-03T12:48:16.098+0000] {dag.py:3096} INFO - Sync 1 DAGs
[2026-06-03T12:48:16.135+0000] {logging_mixin.py:188} INFO - [2026-06-03T12:48:16.135+0000] {dag.py:3954} INFO - Setting next_dagrun for neuralretail_drift_monitoring to 2026-06-02 08:00:00+00:00, run_after=2026-06-03 08:00:00+00:00
[2026-06-03T12:48:16.164+0000] {processor.py:183} INFO - Processing /opt/airflow/dags/dag_drift_monitoring.py took 0.263 seconds
[2026-06-03T12:48:46.676+0000] {processor.py:161} INFO - Started process (PID=6419) to work on /opt/airflow/dags/dag_drift_monitoring.py
[2026-06-03T12:48:46.679+0000] {processor.py:830} INFO - Processing file /opt/airflow/dags/dag_drift_monitoring.py for tasks to queue
[2026-06-03T12:48:46.683+0000] {logging_mixin.py:188} INFO - [2026-06-03T12:48:46.683+0000] {dagbag.py:540} INFO - Filling up the DagBag from /opt/airflow/dags/dag_drift_monitoring.py
[2026-06-03T12:48:46.807+0000] {processor.py:840} INFO - DAG(s) 'neuralretail_drift_monitoring' retrieved from /opt/airflow/dags/dag_drift_monitoring.py
[2026-06-03T12:48:46.842+0000] {logging_mixin.py:188} INFO - [2026-06-03T12:48:46.841+0000] {dag.py:3096} INFO - Sync 1 DAGs
[2026-06-03T12:48:46.886+0000] {logging_mixin.py:188} INFO - [2026-06-03T12:48:46.885+0000] {dag.py:3954} INFO - Setting next_dagrun for neuralretail_drift_monitoring to 2026-06-02 08:00:00+00:00, run_after=2026-06-03 08:00:00+00:00
[2026-06-03T12:48:46.920+0000] {processor.py:183} INFO - Processing /opt/airflow/dags/dag_drift_monitoring.py took 0.252 seconds
[2026-06-03T12:49:17.272+0000] {processor.py:161} INFO - Started process (PID=6439) to work on /opt/airflow/dags/dag_drift_monitoring.py
[2026-06-03T12:49:17.276+0000] {processor.py:830} INFO - Processing file /opt/airflow/dags/dag_drift_monitoring.py for tasks to queue
[2026-06-03T12:49:17.283+0000] {logging_mixin.py:188} INFO - [2026-06-03T12:49:17.281+0000] {dagbag.py:540} INFO - Filling up the DagBag from /opt/airflow/dags/dag_drift_monitoring.py
[2026-06-03T12:49:17.418+0000] {processor.py:840} INFO - DAG(s) 'neuralretail_drift_monitoring' retrieved from /opt/airflow/dags/dag_drift_monitoring.py
[2026-06-03T12:49:17.446+0000] {logging_mixin.py:188} INFO - [2026-06-03T12:49:17.446+0000] {dag.py:3096} INFO - Sync 1 DAGs
[2026-06-03T12:49:17.474+0000] {logging_mixin.py:188} INFO - [2026-06-03T12:49:17.474+0000] {dag.py:3954} INFO - Setting next_dagrun for neuralretail_drift_monitoring to 2026-06-02 08:00:00+00:00, run_after=2026-06-03 08:00:00+00:00
[2026-06-03T12:49:17.501+0000] {processor.py:183} INFO - Processing /opt/airflow/dags/dag_drift_monitoring.py took 0.237 seconds
[2026-06-03T12:49:47.782+0000] {processor.py:161} INFO - Started process (PID=6459) to work on /opt/airflow/dags/dag_drift_monitoring.py
[2026-06-03T12:49:47.788+0000] {processor.py:830} INFO - Processing file /opt/airflow/dags/dag_drift_monitoring.py for tasks to queue
[2026-06-03T12:49:47.796+0000] {logging_mixin.py:188} INFO - [2026-06-03T12:49:47.795+0000] {dagbag.py:540} INFO - Filling up the DagBag from /opt/airflow/dags/dag_drift_monitoring.py
[2026-06-03T12:49:47.867+0000] {processor.py:840} INFO - DAG(s) 'neuralretail_drift_monitoring' retrieved from /opt/airflow/dags/dag_drift_monitoring.py
[2026-06-03T12:49:47.906+0000] {logging_mixin.py:188} INFO - [2026-06-03T12:49:47.906+0000] {dag.py:3096} INFO - Sync 1 DAGs
[2026-06-03T12:49:47.944+0000] {logging_mixin.py:188} INFO - [2026-06-03T12:49:47.944+0000] {dag.py:3954} INFO - Setting next_dagrun for neuralretail_drift_monitoring to 2026-06-02 08:00:00+00:00, run_after=2026-06-03 08:00:00+00:00
[2026-06-03T12:49:47.978+0000] {processor.py:183} INFO - Processing /opt/airflow/dags/dag_drift_monitoring.py took 0.217 seconds
[2026-06-03T12:50:18.147+0000] {processor.py:161} INFO - Started process (PID=6479) to work on /opt/airflow/dags/dag_drift_monitoring.py
[2026-06-03T12:50:18.152+0000] {processor.py:830} INFO - Processing file /opt/airflow/dags/dag_drift_monitoring.py for tasks to queue
[2026-06-03T12:50:18.163+0000] {logging_mixin.py:188} INFO - [2026-06-03T12:50:18.161+0000] {dagbag.py:540} INFO - Filling up the DagBag from /opt/airflow/dags/dag_drift_monitoring.py
[2026-06-03T12:50:18.230+0000] {processor.py:840} INFO - DAG(s) 'neuralretail_drift_monitoring' retrieved from /opt/airflow/dags/dag_drift_monitoring.py
[2026-06-03T12:50:18.254+0000] {logging_mixin.py:188} INFO - [2026-06-03T12:50:18.254+0000] {dag.py:3096} INFO - Sync 1 DAGs
[2026-06-03T12:50:18.280+0000] {logging_mixin.py:188} INFO - [2026-06-03T12:50:18.279+0000] {dag.py:3954} INFO - Setting next_dagrun for neuralretail_drift_monitoring to 2026-06-02 08:00:00+00:00, run_after=2026-06-03 08:00:00+00:00
[2026-06-03T12:50:18.315+0000] {processor.py:183} INFO - Processing /opt/airflow/dags/dag_drift_monitoring.py took 0.183 seconds
[2026-06-03T12:50:48.736+0000] {processor.py:161} INFO - Started process (PID=6499) to work on /opt/airflow/dags/dag_drift_monitoring.py
[2026-06-03T12:50:48.739+0000] {processor.py:830} INFO - Processing file /opt/airflow/dags/dag_drift_monitoring.py for tasks to queue
[2026-06-03T12:50:48.741+0000] {logging_mixin.py:188} INFO - [2026-06-03T12:50:48.741+0000] {dagbag.py:540} INFO - Filling up the DagBag from /opt/airflow/dags/dag_drift_monitoring.py
[2026-06-03T12:50:48.859+0000] {processor.py:840} INFO - DAG(s) 'neuralretail_drift_monitoring' retrieved from /opt/airflow/dags/dag_drift_monitoring.py
[2026-06-03T12:50:48.904+0000] {logging_mixin.py:188} INFO - [2026-06-03T12:50:48.904+0000] {dag.py:3096} INFO - Sync 1 DAGs
[2026-06-03T12:50:48.925+0000] {logging_mixin.py:188} INFO - [2026-06-03T12:50:48.925+0000] {dag.py:3954} INFO - Setting next_dagrun for neuralretail_drift_monitoring to 2026-06-02 08:00:00+00:00, run_after=2026-06-03 08:00:00+00:00
[2026-06-03T12:50:48.953+0000] {processor.py:183} INFO - Processing /opt/airflow/dags/dag_drift_monitoring.py took 0.227 seconds
[2026-06-03T12:51:19.261+0000] {processor.py:161} INFO - Started process (PID=6519) to work on /opt/airflow/dags/dag_drift_monitoring.py
[2026-06-03T12:51:19.262+0000] {processor.py:830} INFO - Processing file /opt/airflow/dags/dag_drift_monitoring.py for tasks to queue
[2026-06-03T12:51:19.264+0000] {logging_mixin.py:188} INFO - [2026-06-03T12:51:19.263+0000] {dagbag.py:540} INFO - Filling up the DagBag from /opt/airflow/dags/dag_drift_monitoring.py
[2026-06-03T12:51:19.307+0000] {processor.py:840} INFO - DAG(s) 'neuralretail_drift_monitoring' retrieved from /opt/airflow/dags/dag_drift_monitoring.py
[2026-06-03T12:51:19.337+0000] {logging_mixin.py:188} INFO - [2026-06-03T12:51:19.337+0000] {dag.py:3096} INFO - Sync 1 DAGs
[2026-06-03T12:51:19.358+0000] {logging_mixin.py:188} INFO - [2026-06-03T12:51:19.358+0000] {dag.py:3954} INFO - Setting next_dagrun for neuralretail_drift_monitoring to 2026-06-02 08:00:00+00:00, run_after=2026-06-03 08:00:00+00:00
[2026-06-03T12:51:19.384+0000] {processor.py:183} INFO - Processing /opt/airflow/dags/dag_drift_monitoring.py took 0.128 seconds
[2026-06-03T12:51:49.925+0000] {processor.py:161} INFO - Started process (PID=6539) to work on /opt/airflow/dags/dag_drift_monitoring.py
[2026-06-03T12:51:49.928+0000] {processor.py:830} INFO - Processing file /opt/airflow/dags/dag_drift_monitoring.py for tasks to queue
[2026-06-03T12:51:49.934+0000] {logging_mixin.py:188} INFO - [2026-06-03T12:51:49.933+0000] {dagbag.py:540} INFO - Filling up the DagBag from /opt/airflow/dags/dag_drift_monitoring.py
[2026-06-03T12:51:50.029+0000] {processor.py:840} INFO - DAG(s) 'neuralretail_drift_monitoring' retrieved from /opt/airflow/dags/dag_drift_monitoring.py
[2026-06-03T12:51:50.064+0000] {logging_mixin.py:188} INFO - [2026-06-03T12:51:50.064+0000] {dag.py:3096} INFO - Sync 1 DAGs
[2026-06-03T12:51:50.089+0000] {logging_mixin.py:188} INFO - [2026-06-03T12:51:50.089+0000] {dag.py:3954} INFO - Setting next_dagrun for neuralretail_drift_monitoring to 2026-06-02 08:00:00+00:00, run_after=2026-06-03 08:00:00+00:00
[2026-06-03T12:51:50.107+0000] {processor.py:183} INFO - Processing /opt/airflow/dags/dag_drift_monitoring.py took 0.190 seconds
[2026-06-03T12:52:20.572+0000] {processor.py:161} INFO - Started process (PID=6559) to work on /opt/airflow/dags/dag_drift_monitoring.py
[2026-06-03T12:52:20.575+0000] {processor.py:830} INFO - Processing file /opt/airflow/dags/dag_drift_monitoring.py for tasks to queue
[2026-06-03T12:52:20.577+0000] {logging_mixin.py:188} INFO - [2026-06-03T12:52:20.577+0000] {dagbag.py:540} INFO - Filling up the DagBag from /opt/airflow/dags/dag_drift_monitoring.py
[2026-06-03T12:52:20.707+0000] {processor.py:840} INFO - DAG(s) 'neuralretail_drift_monitoring' retrieved from /opt/airflow/dags/dag_drift_monitoring.py
[2026-06-03T12:52:20.738+0000] {logging_mixin.py:188} INFO - [2026-06-03T12:52:20.738+0000] {dag.py:3096} INFO - Sync 1 DAGs
[2026-06-03T12:52:20.762+0000] {logging_mixin.py:188} INFO - [2026-06-03T12:52:20.762+0000] {dag.py:3954} INFO - Setting next_dagrun for neuralretail_drift_monitoring to 2026-06-02 08:00:00+00:00, run_after=2026-06-03 08:00:00+00:00
[2026-06-03T12:52:20.788+0000] {processor.py:183} INFO - Processing /opt/airflow/dags/dag_drift_monitoring.py took 0.224 seconds
[2026-06-03T12:52:51.950+0000] {processor.py:161} INFO - Started process (PID=6579) to work on /opt/airflow/dags/dag_drift_monitoring.py
[2026-06-03T12:52:51.953+0000] {processor.py:830} INFO - Processing file /opt/airflow/dags/dag_drift_monitoring.py for tasks to queue
[2026-06-03T12:52:51.961+0000] {logging_mixin.py:188} INFO - [2026-06-03T12:52:51.961+0000] {dagbag.py:540} INFO - Filling up the DagBag from /opt/airflow/dags/dag_drift_monitoring.py
[2026-06-03T12:52:52.075+0000] {processor.py:840} INFO - DAG(s) 'neuralretail_drift_monitoring' retrieved from /opt/airflow/dags/dag_drift_monitoring.py
[2026-06-03T12:52:52.141+0000] {logging_mixin.py:188} INFO - [2026-06-03T12:52:52.141+0000] {dag.py:3096} INFO - Sync 1 DAGs
[2026-06-03T12:52:52.207+0000] {logging_mixin.py:188} INFO - [2026-06-03T12:52:52.206+0000] {dag.py:3954} INFO - Setting next_dagrun for neuralretail_drift_monitoring to 2026-06-02 08:00:00+00:00, run_after=2026-06-03 08:00:00+00:00
[2026-06-03T12:52:52.237+0000] {processor.py:183} INFO - Processing /opt/airflow/dags/dag_drift_monitoring.py took 0.298 seconds
[2026-06-03T12:53:22.761+0000] {processor.py:161} INFO - Started process (PID=6599) to work on /opt/airflow/dags/dag_drift_monitoring.py
[2026-06-03T12:53:22.764+0000] {processor.py:830} INFO - Processing file /opt/airflow/dags/dag_drift_monitoring.py for tasks to queue
[2026-06-03T12:53:22.770+0000] {logging_mixin.py:188} INFO - [2026-06-03T12:53:22.769+0000] {dagbag.py:540} INFO - Filling up the DagBag from /opt/airflow/dags/dag_drift_monitoring.py
[2026-06-03T12:53:23.009+0000] {processor.py:840} INFO - DAG(s) 'neuralretail_drift_monitoring' retrieved from /opt/airflow/dags/dag_drift_monitoring.py
[2026-06-03T12:53:23.059+0000] {logging_mixin.py:188} INFO - [2026-06-03T12:53:23.058+0000] {dag.py:3096} INFO - Sync 1 DAGs
[2026-06-03T12:53:23.093+0000] {logging_mixin.py:188} INFO - [2026-06-03T12:53:23.093+0000] {dag.py:3954} INFO - Setting next_dagrun for neuralretail_drift_monitoring to 2026-06-02 08:00:00+00:00, run_after=2026-06-03 08:00:00+00:00
[2026-06-03T12:53:23.124+0000] {processor.py:183} INFO - Processing /opt/airflow/dags/dag_drift_monitoring.py took 0.378 seconds
[2026-06-03T12:53:53.728+0000] {processor.py:161} INFO - Started process (PID=6619) to work on /opt/airflow/dags/dag_drift_monitoring.py
[2026-06-03T12:53:53.732+0000] {processor.py:830} INFO - Processing file /opt/airflow/dags/dag_drift_monitoring.py for tasks to queue
[2026-06-03T12:53:53.739+0000] {logging_mixin.py:188} INFO - [2026-06-03T12:53:53.739+0000] {dagbag.py:540} INFO - Filling up the DagBag from /opt/airflow/dags/dag_drift_monitoring.py
[2026-06-03T12:53:53.941+0000] {processor.py:840} INFO - DAG(s) 'neuralretail_drift_monitoring' retrieved from /opt/airflow/dags/dag_drift_monitoring.py
[2026-06-03T12:53:53.966+0000] {logging_mixin.py:188} INFO - [2026-06-03T12:53:53.966+0000] {dag.py:3096} INFO - Sync 1 DAGs
[2026-06-03T12:53:53.995+0000] {logging_mixin.py:188} INFO - [2026-06-03T12:53:53.995+0000] {dag.py:3954} INFO - Setting next_dagrun for neuralretail_drift_monitoring to 2026-06-02 08:00:00+00:00, run_after=2026-06-03 08:00:00+00:00
[2026-06-03T12:53:54.034+0000] {processor.py:183} INFO - Processing /opt/airflow/dags/dag_drift_monitoring.py took 0.326 seconds
[2026-06-03T12:54:24.511+0000] {processor.py:161} INFO - Started process (PID=6639) to work on /opt/airflow/dags/dag_drift_monitoring.py
[2026-06-03T12:54:24.516+0000] {processor.py:830} INFO - Processing file /opt/airflow/dags/dag_drift_monitoring.py for tasks to queue
[2026-06-03T12:54:24.520+0000] {logging_mixin.py:188} INFO - [2026-06-03T12:54:24.519+0000] {dagbag.py:540} INFO - Filling up the DagBag from /opt/airflow/dags/dag_drift_monitoring.py
[2026-06-03T12:54:24.588+0000] {processor.py:840} INFO - DAG(s) 'neuralretail_drift_monitoring' retrieved from /opt/airflow/dags/dag_drift_monitoring.py
[2026-06-03T12:54:24.629+0000] {logging_mixin.py:188} INFO - [2026-06-03T12:54:24.628+0000] {dag.py:3096} INFO - Sync 1 DAGs
[2026-06-03T12:54:24.656+0000] {logging_mixin.py:188} INFO - [2026-06-03T12:54:24.656+0000] {dag.py:3954} INFO - Setting next_dagrun for neuralretail_drift_monitoring to 2026-06-02 08:00:00+00:00, run_after=2026-06-03 08:00:00+00:00
[2026-06-03T12:54:24.679+0000] {processor.py:183} INFO - Processing /opt/airflow/dags/dag_drift_monitoring.py took 0.177 seconds
[2026-06-03T12:54:55.535+0000] {processor.py:161} INFO - Started process (PID=6659) to work on /opt/airflow/dags/dag_drift_monitoring.py
[2026-06-03T12:54:55.538+0000] {processor.py:830} INFO - Processing file /opt/airflow/dags/dag_drift_monitoring.py for tasks to queue
[2026-06-03T12:54:55.542+0000] {logging_mixin.py:188} INFO - [2026-06-03T12:54:55.541+0000] {dagbag.py:540} INFO - Filling up the DagBag from /opt/airflow/dags/dag_drift_monitoring.py
[2026-06-03T12:54:55.615+0000] {processor.py:840} INFO - DAG(s) 'neuralretail_drift_monitoring' retrieved from /opt/airflow/dags/dag_drift_monitoring.py
[2026-06-03T12:54:55.639+0000] {logging_mixin.py:188} INFO - [2026-06-03T12:54:55.639+0000] {dag.py:3096} INFO - Sync 1 DAGs
[2026-06-03T12:54:56.139+0000] {logging_mixin.py:188} INFO - [2026-06-03T12:54:56.139+0000] {dag.py:3954} INFO - Setting next_dagrun for neuralretail_drift_monitoring to 2026-06-02 08:00:00+00:00, run_after=2026-06-03 08:00:00+00:00
[2026-06-03T12:54:56.175+0000] {processor.py:183} INFO - Processing /opt/airflow/dags/dag_drift_monitoring.py took 0.651 seconds
[2026-06-03T12:55:26.281+0000] {processor.py:161} INFO - Started process (PID=6686) to work on /opt/airflow/dags/dag_drift_monitoring.py
[2026-06-03T12:55:26.283+0000] {processor.py:830} INFO - Processing file /opt/airflow/dags/dag_drift_monitoring.py for tasks to queue
[2026-06-03T12:55:26.285+0000] {logging_mixin.py:188} INFO - [2026-06-03T12:55:26.285+0000] {dagbag.py:540} INFO - Filling up the DagBag from /opt/airflow/dags/dag_drift_monitoring.py
[2026-06-03T12:55:26.347+0000] {processor.py:840} INFO - DAG(s) 'neuralretail_drift_monitoring' retrieved from /opt/airflow/dags/dag_drift_monitoring.py
[2026-06-03T12:55:26.417+0000] {logging_mixin.py:188} INFO - [2026-06-03T12:55:26.417+0000] {dag.py:3096} INFO - Sync 1 DAGs
[2026-06-03T12:55:26.465+0000] {logging_mixin.py:188} INFO - [2026-06-03T12:55:26.464+0000] {dag.py:3954} INFO - Setting next_dagrun for neuralretail_drift_monitoring to 2026-06-02 08:00:00+00:00, run_after=2026-06-03 08:00:00+00:00
[2026-06-03T12:55:26.519+0000] {processor.py:183} INFO - Processing /opt/airflow/dags/dag_drift_monitoring.py took 0.247 seconds
[2026-06-03T12:55:56.845+0000] {processor.py:161} INFO - Started process (PID=6706) to work on /opt/airflow/dags/dag_drift_monitoring.py
[2026-06-03T12:55:56.847+0000] {processor.py:830} INFO - Processing file /opt/airflow/dags/dag_drift_monitoring.py for tasks to queue
[2026-06-03T12:55:56.851+0000] {logging_mixin.py:188} INFO - [2026-06-03T12:55:56.850+0000] {dagbag.py:540} INFO - Filling up the DagBag from /opt/airflow/dags/dag_drift_monitoring.py
[2026-06-03T12:55:56.928+0000] {processor.py:840} INFO - DAG(s) 'neuralretail_drift_monitoring' retrieved from /opt/airflow/dags/dag_drift_monitoring.py
[2026-06-03T12:55:56.980+0000] {logging_mixin.py:188} INFO - [2026-06-03T12:55:56.979+0000] {dag.py:3096} INFO - Sync 1 DAGs
[2026-06-03T12:55:57.146+0000] {logging_mixin.py:188} INFO - [2026-06-03T12:55:57.146+0000] {dag.py:3954} INFO - Setting next_dagrun for neuralretail_drift_monitoring to 2026-06-02 08:00:00+00:00, run_after=2026-06-03 08:00:00+00:00
[2026-06-03T12:55:57.164+0000] {processor.py:183} INFO - Processing /opt/airflow/dags/dag_drift_monitoring.py took 0.330 seconds
[2026-06-03T12:56:27.630+0000] {processor.py:161} INFO - Started process (PID=6719) to work on /opt/airflow/dags/dag_drift_monitoring.py
[2026-06-03T12:56:27.631+0000] {processor.py:830} INFO - Processing file /opt/airflow/dags/dag_drift_monitoring.py for tasks to queue
[2026-06-03T12:56:27.634+0000] {logging_mixin.py:188} INFO - [2026-06-03T12:56:27.634+0000] {dagbag.py:540} INFO - Filling up the DagBag from /opt/airflow/dags/dag_drift_monitoring.py
[2026-06-03T12:56:27.712+0000] {processor.py:840} INFO - DAG(s) 'neuralretail_drift_monitoring' retrieved from /opt/airflow/dags/dag_drift_monitoring.py
[2026-06-03T12:56:27.743+0000] {logging_mixin.py:188} INFO - [2026-06-03T12:56:27.743+0000] {dag.py:3096} INFO - Sync 1 DAGs
[2026-06-03T12:56:27.775+0000] {logging_mixin.py:188} INFO - [2026-06-03T12:56:27.775+0000] {dag.py:3954} INFO - Setting next_dagrun for neuralretail_drift_monitoring to 2026-06-02 08:00:00+00:00, run_after=2026-06-03 08:00:00+00:00
[2026-06-03T12:56:27.802+0000] {processor.py:183} INFO - Processing /opt/airflow/dags/dag_drift_monitoring.py took 0.186 seconds
[2026-06-03T12:56:58.407+0000] {processor.py:161} INFO - Started process (PID=6739) to work on /opt/airflow/dags/dag_drift_monitoring.py
[2026-06-03T12:56:58.409+0000] {processor.py:830} INFO - Processing file /opt/airflow/dags/dag_drift_monitoring.py for tasks to queue
[2026-06-03T12:56:58.414+0000] {logging_mixin.py:188} INFO - [2026-06-03T12:56:58.413+0000] {dagbag.py:540} INFO - Filling up the DagBag from /opt/airflow/dags/dag_drift_monitoring.py
[2026-06-03T12:56:58.571+0000] {processor.py:840} INFO - DAG(s) 'neuralretail_drift_monitoring' retrieved from /opt/airflow/dags/dag_drift_monitoring.py
[2026-06-03T12:56:58.604+0000] {logging_mixin.py:188} INFO - [2026-06-03T12:56:58.604+0000] {dag.py:3096} INFO - Sync 1 DAGs
[2026-06-03T12:56:58.635+0000] {logging_mixin.py:188} INFO - [2026-06-03T12:56:58.635+0000] {dag.py:3954} INFO - Setting next_dagrun for neuralretail_drift_monitoring to 2026-06-02 08:00:00+00:00, run_after=2026-06-03 08:00:00+00:00
[2026-06-03T12:56:58.661+0000] {processor.py:183} INFO - Processing /opt/airflow/dags/dag_drift_monitoring.py took 0.270 seconds
[2026-06-03T12:57:29.203+0000] {processor.py:161} INFO - Started process (PID=6759) to work on /opt/airflow/dags/dag_drift_monitoring.py
[2026-06-03T12:57:29.205+0000] {processor.py:830} INFO - Processing file /opt/airflow/dags/dag_drift_monitoring.py for tasks to queue
[2026-06-03T12:57:29.209+0000] {logging_mixin.py:188} INFO - [2026-06-03T12:57:29.208+0000] {dagbag.py:540} INFO - Filling up the DagBag from /opt/airflow/dags/dag_drift_monitoring.py
[2026-06-03T12:57:29.280+0000] {processor.py:840} INFO - DAG(s) 'neuralretail_drift_monitoring' retrieved from /opt/airflow/dags/dag_drift_monitoring.py
[2026-06-03T12:57:29.304+0000] {logging_mixin.py:188} INFO - [2026-06-03T12:57:29.304+0000] {dag.py:3096} INFO - Sync 1 DAGs
[2026-06-03T12:57:29.442+0000] {logging_mixin.py:188} INFO - [2026-06-03T12:57:29.442+0000] {dag.py:3954} INFO - Setting next_dagrun for neuralretail_drift_monitoring to 2026-06-02 08:00:00+00:00, run_after=2026-06-03 08:00:00+00:00
[2026-06-03T12:57:29.459+0000] {processor.py:183} INFO - Processing /opt/airflow/dags/dag_drift_monitoring.py took 0.269 seconds
[2026-06-03T12:58:00.395+0000] {processor.py:161} INFO - Started process (PID=6779) to work on /opt/airflow/dags/dag_drift_monitoring.py
[2026-06-03T12:58:00.396+0000] {processor.py:830} INFO - Processing file /opt/airflow/dags/dag_drift_monitoring.py for tasks to queue
[2026-06-03T12:58:00.398+0000] {logging_mixin.py:188} INFO - [2026-06-03T12:58:00.398+0000] {dagbag.py:540} INFO - Filling up the DagBag from /opt/airflow/dags/dag_drift_monitoring.py
[2026-06-03T12:58:00.451+0000] {processor.py:840} INFO - DAG(s) 'neuralretail_drift_monitoring' retrieved from /opt/airflow/dags/dag_drift_monitoring.py
[2026-06-03T12:58:00.471+0000] {logging_mixin.py:188} INFO - [2026-06-03T12:58:00.471+0000] {dag.py:3096} INFO - Sync 1 DAGs
[2026-06-03T12:58:00.492+0000] {logging_mixin.py:188} INFO - [2026-06-03T12:58:00.491+0000] {dag.py:3954} INFO - Setting next_dagrun for neuralretail_drift_monitoring to 2026-06-02 08:00:00+00:00, run_after=2026-06-03 08:00:00+00:00
[2026-06-03T12:58:00.523+0000] {processor.py:183} INFO - Processing /opt/airflow/dags/dag_drift_monitoring.py took 0.135 seconds
[2026-06-03T12:58:31.243+0000] {processor.py:161} INFO - Started process (PID=6799) to work on /opt/airflow/dags/dag_drift_monitoring.py
[2026-06-03T12:58:31.247+0000] {processor.py:830} INFO - Processing file /opt/airflow/dags/dag_drift_monitoring.py for tasks to queue
[2026-06-03T12:58:31.251+0000] {logging_mixin.py:188} INFO - [2026-06-03T12:58:31.250+0000] {dagbag.py:540} INFO - Filling up the DagBag from /opt/airflow/dags/dag_drift_monitoring.py
[2026-06-03T12:58:31.312+0000] {processor.py:840} INFO - DAG(s) 'neuralretail_drift_monitoring' retrieved from /opt/airflow/dags/dag_drift_monitoring.py
[2026-06-03T12:58:31.349+0000] {logging_mixin.py:188} INFO - [2026-06-03T12:58:31.349+0000] {dag.py:3096} INFO - Sync 1 DAGs
[2026-06-03T12:58:31.373+0000] {logging_mixin.py:188} INFO - [2026-06-03T12:58:31.373+0000] {dag.py:3954} INFO - Setting next_dagrun for neuralretail_drift_monitoring to 2026-06-02 08:00:00+00:00, run_after=2026-06-03 08:00:00+00:00
[2026-06-03T12:58:31.397+0000] {processor.py:183} INFO - Processing /opt/airflow/dags/dag_drift_monitoring.py took 0.165 seconds
[2026-06-03T12:59:01.776+0000] {processor.py:161} INFO - Started process (PID=6819) to work on /opt/airflow/dags/dag_drift_monitoring.py
[2026-06-03T12:59:01.790+0000] {processor.py:830} INFO - Processing file /opt/airflow/dags/dag_drift_monitoring.py for tasks to queue
[2026-06-03T12:59:01.805+0000] {logging_mixin.py:188} INFO - [2026-06-03T12:59:01.804+0000] {dagbag.py:540} INFO - Filling up the DagBag from /opt/airflow/dags/dag_drift_monitoring.py
[2026-06-03T12:59:01.947+0000] {processor.py:840} INFO - DAG(s) 'neuralretail_drift_monitoring' retrieved from /opt/airflow/dags/dag_drift_monitoring.py
[2026-06-03T12:59:01.988+0000] {logging_mixin.py:188} INFO - [2026-06-03T12:59:01.987+0000] {dag.py:3096} INFO - Sync 1 DAGs
[2026-06-03T12:59:02.015+0000] {logging_mixin.py:188} INFO - [2026-06-03T12:59:02.015+0000] {dag.py:3954} INFO - Setting next_dagrun for neuralretail_drift_monitoring to 2026-06-02 08:00:00+00:00, run_after=2026-06-03 08:00:00+00:00
[2026-06-03T12:59:02.035+0000] {processor.py:183} INFO - Processing /opt/airflow/dags/dag_drift_monitoring.py took 0.267 seconds
[2026-06-03T12:59:32.991+0000] {processor.py:161} INFO - Started process (PID=6839) to work on /opt/airflow/dags/dag_drift_monitoring.py
[2026-06-03T12:59:32.997+0000] {processor.py:830} INFO - Processing file /opt/airflow/dags/dag_drift_monitoring.py for tasks to queue
[2026-06-03T12:59:33.004+0000] {logging_mixin.py:188} INFO - [2026-06-03T12:59:33.004+0000] {dagbag.py:540} INFO - Filling up the DagBag from /opt/airflow/dags/dag_drift_monitoring.py
[2026-06-03T12:59:33.067+0000] {processor.py:840} INFO - DAG(s) 'neuralretail_drift_monitoring' retrieved from /opt/airflow/dags/dag_drift_monitoring.py
[2026-06-03T12:59:33.110+0000] {logging_mixin.py:188} INFO - [2026-06-03T12:59:33.110+0000] {dag.py:3096} INFO - Sync 1 DAGs
[2026-06-03T12:59:33.149+0000] {logging_mixin.py:188} INFO - [2026-06-03T12:59:33.148+0000] {dag.py:3954} INFO - Setting next_dagrun for neuralretail_drift_monitoring to 2026-06-02 08:00:00+00:00, run_after=2026-06-03 08:00:00+00:00
[2026-06-03T12:59:33.179+0000] {processor.py:183} INFO - Processing /opt/airflow/dags/dag_drift_monitoring.py took 0.203 seconds
[2026-06-03T13:00:03.829+0000] {processor.py:161} INFO - Started process (PID=6859) to work on /opt/airflow/dags/dag_drift_monitoring.py
[2026-06-03T13:00:03.833+0000] {processor.py:830} INFO - Processing file /opt/airflow/dags/dag_drift_monitoring.py for tasks to queue
[2026-06-03T13:00:03.838+0000] {logging_mixin.py:188} INFO - [2026-06-03T13:00:03.837+0000] {dagbag.py:540} INFO - Filling up the DagBag from /opt/airflow/dags/dag_drift_monitoring.py
[2026-06-03T13:00:04.054+0000] {processor.py:840} INFO - DAG(s) 'neuralretail_drift_monitoring' retrieved from /opt/airflow/dags/dag_drift_monitoring.py
[2026-06-03T13:00:04.092+0000] {logging_mixin.py:188} INFO - [2026-06-03T13:00:04.092+0000] {dag.py:3096} INFO - Sync 1 DAGs
[2026-06-03T13:00:04.166+0000] {logging_mixin.py:188} INFO - [2026-06-03T13:00:04.165+0000] {dag.py:3954} INFO - Setting next_dagrun for neuralretail_drift_monitoring to 2026-06-02 08:00:00+00:00, run_after=2026-06-03 08:00:00+00:00
[2026-06-03T13:00:04.220+0000] {processor.py:183} INFO - Processing /opt/airflow/dags/dag_drift_monitoring.py took 0.409 seconds
[2026-06-03T13:00:35.090+0000] {processor.py:161} INFO - Started process (PID=6879) to work on /opt/airflow/dags/dag_drift_monitoring.py
[2026-06-03T13:00:35.097+0000] {processor.py:830} INFO - Processing file /opt/airflow/dags/dag_drift_monitoring.py for tasks to queue
[2026-06-03T13:00:35.107+0000] {logging_mixin.py:188} INFO - [2026-06-03T13:00:35.106+0000] {dagbag.py:540} INFO - Filling up the DagBag from /opt/airflow/dags/dag_drift_monitoring.py
[2026-06-03T13:00:35.178+0000] {processor.py:840} INFO - DAG(s) 'neuralretail_drift_monitoring' retrieved from /opt/airflow/dags/dag_drift_monitoring.py
[2026-06-03T13:00:35.200+0000] {logging_mixin.py:188} INFO - [2026-06-03T13:00:35.200+0000] {dag.py:3096} INFO - Sync 1 DAGs
[2026-06-03T13:00:35.227+0000] {logging_mixin.py:188} INFO - [2026-06-03T13:00:35.227+0000] {dag.py:3954} INFO - Setting next_dagrun for neuralretail_drift_monitoring to 2026-06-02 08:00:00+00:00, run_after=2026-06-03 08:00:00+00:00
[2026-06-03T13:00:35.245+0000] {processor.py:183} INFO - Processing /opt/airflow/dags/dag_drift_monitoring.py took 0.167 seconds
[2026-06-03T13:01:05.969+0000] {processor.py:161} INFO - Started process (PID=6899) to work on /opt/airflow/dags/dag_drift_monitoring.py
[2026-06-03T13:01:05.970+0000] {processor.py:830} INFO - Processing file /opt/airflow/dags/dag_drift_monitoring.py for tasks to queue
[2026-06-03T13:01:05.976+0000] {logging_mixin.py:188} INFO - [2026-06-03T13:01:05.976+0000] {dagbag.py:540} INFO - Filling up the DagBag from /opt/airflow/dags/dag_drift_monitoring.py
[2026-06-03T13:01:06.069+0000] {processor.py:840} INFO - DAG(s) 'neuralretail_drift_monitoring' retrieved from /opt/airflow/dags/dag_drift_monitoring.py
[2026-06-03T13:01:06.116+0000] {logging_mixin.py:188} INFO - [2026-06-03T13:01:06.115+0000] {dag.py:3096} INFO - Sync 1 DAGs
[2026-06-03T13:01:06.149+0000] {logging_mixin.py:188} INFO - [2026-06-03T13:01:06.149+0000] {dag.py:3954} INFO - Setting next_dagrun for neuralretail_drift_monitoring to 2026-06-02 08:00:00+00:00, run_after=2026-06-03 08:00:00+00:00
[2026-06-03T13:01:06.197+0000] {processor.py:183} INFO - Processing /opt/airflow/dags/dag_drift_monitoring.py took 0.239 seconds
[2026-06-03T13:01:37.110+0000] {processor.py:161} INFO - Started process (PID=6919) to work on /opt/airflow/dags/dag_drift_monitoring.py
[2026-06-03T13:01:37.116+0000] {processor.py:830} INFO - Processing file /opt/airflow/dags/dag_drift_monitoring.py for tasks to queue
[2026-06-03T13:01:37.131+0000] {logging_mixin.py:188} INFO - [2026-06-03T13:01:37.129+0000] {dagbag.py:540} INFO - Filling up the DagBag from /opt/airflow/dags/dag_drift_monitoring.py
[2026-06-03T13:01:37.351+0000] {processor.py:840} INFO - DAG(s) 'neuralretail_drift_monitoring' retrieved from /opt/airflow/dags/dag_drift_monitoring.py
[2026-06-03T13:01:37.406+0000] {logging_mixin.py:188} INFO - [2026-06-03T13:01:37.406+0000] {dag.py:3096} INFO - Sync 1 DAGs
[2026-06-03T13:01:37.441+0000] {logging_mixin.py:188} INFO - [2026-06-03T13:01:37.441+0000] {dag.py:3954} INFO - Setting next_dagrun for neuralretail_drift_monitoring to 2026-06-02 08:00:00+00:00, run_after=2026-06-03 08:00:00+00:00
[2026-06-03T13:01:37.489+0000] {processor.py:183} INFO - Processing /opt/airflow/dags/dag_drift_monitoring.py took 0.391 seconds
[2026-06-03T13:02:08.562+0000] {processor.py:161} INFO - Started process (PID=6939) to work on /opt/airflow/dags/dag_drift_monitoring.py
[2026-06-03T13:02:08.574+0000] {processor.py:830} INFO - Processing file /opt/airflow/dags/dag_drift_monitoring.py for tasks to queue
[2026-06-03T13:02:08.579+0000] {logging_mixin.py:188} INFO - [2026-06-03T13:02:08.578+0000] {dagbag.py:540} INFO - Filling up the DagBag from /opt/airflow/dags/dag_drift_monitoring.py
[2026-06-03T13:02:08.838+0000] {processor.py:840} INFO - DAG(s) 'neuralretail_drift_monitoring' retrieved from /opt/airflow/dags/dag_drift_monitoring.py
[2026-06-03T13:02:08.867+0000] {logging_mixin.py:188} INFO - [2026-06-03T13:02:08.867+0000] {dag.py:3096} INFO - Sync 1 DAGs
[2026-06-03T13:02:08.893+0000] {logging_mixin.py:188} INFO - [2026-06-03T13:02:08.892+0000] {dag.py:3954} INFO - Setting next_dagrun for neuralretail_drift_monitoring to 2026-06-02 08:00:00+00:00, run_after=2026-06-03 08:00:00+00:00
[2026-06-03T13:02:08.922+0000] {processor.py:183} INFO - Processing /opt/airflow/dags/dag_drift_monitoring.py took 0.364 seconds
[2026-06-03T13:02:39.670+0000] {processor.py:161} INFO - Started process (PID=6959) to work on /opt/airflow/dags/dag_drift_monitoring.py
[2026-06-03T13:02:39.672+0000] {processor.py:830} INFO - Processing file /opt/airflow/dags/dag_drift_monitoring.py for tasks to queue
[2026-06-03T13:02:39.674+0000] {logging_mixin.py:188} INFO - [2026-06-03T13:02:39.674+0000] {dagbag.py:540} INFO - Filling up the DagBag from /opt/airflow/dags/dag_drift_monitoring.py
[2026-06-03T13:02:39.718+0000] {processor.py:840} INFO - DAG(s) 'neuralretail_drift_monitoring' retrieved from /opt/airflow/dags/dag_drift_monitoring.py
[2026-06-03T13:02:39.744+0000] {logging_mixin.py:188} INFO - [2026-06-03T13:02:39.744+0000] {dag.py:3096} INFO - Sync 1 DAGs
[2026-06-03T13:02:39.772+0000] {logging_mixin.py:188} INFO - [2026-06-03T13:02:39.771+0000] {dag.py:3954} INFO - Setting next_dagrun for neuralretail_drift_monitoring to 2026-06-02 08:00:00+00:00, run_after=2026-06-03 08:00:00+00:00
[2026-06-03T13:02:39.796+0000] {processor.py:183} INFO - Processing /opt/airflow/dags/dag_drift_monitoring.py took 0.132 seconds
[2026-06-03T13:03:10.692+0000] {processor.py:161} INFO - Started process (PID=6979) to work on /opt/airflow/dags/dag_drift_monitoring.py
[2026-06-03T13:03:10.697+0000] {processor.py:830} INFO - Processing file /opt/airflow/dags/dag_drift_monitoring.py for tasks to queue
[2026-06-03T13:03:10.708+0000] {logging_mixin.py:188} INFO - [2026-06-03T13:03:10.707+0000] {dagbag.py:540} INFO - Filling up the DagBag from /opt/airflow/dags/dag_drift_monitoring.py
[2026-06-03T13:03:10.866+0000] {processor.py:840} INFO - DAG(s) 'neuralretail_drift_monitoring' retrieved from /opt/airflow/dags/dag_drift_monitoring.py
[2026-06-03T13:03:10.898+0000] {logging_mixin.py:188} INFO - [2026-06-03T13:03:10.898+0000] {dag.py:3096} INFO - Sync 1 DAGs
[2026-06-03T13:03:10.931+0000] {logging_mixin.py:188} INFO - [2026-06-03T13:03:10.930+0000] {dag.py:3954} INFO - Setting next_dagrun for neuralretail_drift_monitoring to 2026-06-02 08:00:00+00:00, run_after=2026-06-03 08:00:00+00:00
[2026-06-03T13:03:10.970+0000] {processor.py:183} INFO - Processing /opt/airflow/dags/dag_drift_monitoring.py took 0.290 seconds
[2026-06-03T13:03:41.308+0000] {processor.py:161} INFO - Started process (PID=6999) to work on /opt/airflow/dags/dag_drift_monitoring.py
[2026-06-03T13:03:41.316+0000] {processor.py:830} INFO - Processing file /opt/airflow/dags/dag_drift_monitoring.py for tasks to queue
[2026-06-03T13:03:41.325+0000] {logging_mixin.py:188} INFO - [2026-06-03T13:03:41.325+0000] {dagbag.py:540} INFO - Filling up the DagBag from /opt/airflow/dags/dag_drift_monitoring.py
[2026-06-03T13:03:41.574+0000] {processor.py:840} INFO - DAG(s) 'neuralretail_drift_monitoring' retrieved from /opt/airflow/dags/dag_drift_monitoring.py
[2026-06-03T13:03:41.604+0000] {logging_mixin.py:188} INFO - [2026-06-03T13:03:41.604+0000] {dag.py:3096} INFO - Sync 1 DAGs
[2026-06-03T13:03:41.648+0000] {logging_mixin.py:188} INFO - [2026-06-03T13:03:41.648+0000] {dag.py:3954} INFO - Setting next_dagrun for neuralretail_drift_monitoring to 2026-06-02 08:00:00+00:00, run_after=2026-06-03 08:00:00+00:00
[2026-06-03T13:03:41.696+0000] {processor.py:183} INFO - Processing /opt/airflow/dags/dag_drift_monitoring.py took 0.400 seconds
[2026-06-03T13:04:12.437+0000] {processor.py:161} INFO - Started process (PID=7019) to work on /opt/airflow/dags/dag_drift_monitoring.py
[2026-06-03T13:04:12.439+0000] {processor.py:830} INFO - Processing file /opt/airflow/dags/dag_drift_monitoring.py for tasks to queue
[2026-06-03T13:04:12.442+0000] {logging_mixin.py:188} INFO - [2026-06-03T13:04:12.441+0000] {dagbag.py:540} INFO - Filling up the DagBag from /opt/airflow/dags/dag_drift_monitoring.py
[2026-06-03T13:04:12.481+0000] {processor.py:840} INFO - DAG(s) 'neuralretail_drift_monitoring' retrieved from /opt/airflow/dags/dag_drift_monitoring.py
[2026-06-03T13:04:12.501+0000] {logging_mixin.py:188} INFO - [2026-06-03T13:04:12.501+0000] {dag.py:3096} INFO - Sync 1 DAGs
[2026-06-03T13:04:12.519+0000] {logging_mixin.py:188} INFO - [2026-06-03T13:04:12.519+0000] {dag.py:3954} INFO - Setting next_dagrun for neuralretail_drift_monitoring to 2026-06-02 08:00:00+00:00, run_after=2026-06-03 08:00:00+00:00
[2026-06-03T13:04:12.537+0000] {processor.py:183} INFO - Processing /opt/airflow/dags/dag_drift_monitoring.py took 0.107 seconds
[2026-06-03T13:04:42.953+0000] {processor.py:161} INFO - Started process (PID=7039) to work on /opt/airflow/dags/dag_drift_monitoring.py
[2026-06-03T13:04:42.956+0000] {processor.py:830} INFO - Processing file /opt/airflow/dags/dag_drift_monitoring.py for tasks to queue
[2026-06-03T13:04:42.967+0000] {logging_mixin.py:188} INFO - [2026-06-03T13:04:42.966+0000] {dagbag.py:540} INFO - Filling up the DagBag from /opt/airflow/dags/dag_drift_monitoring.py
[2026-06-03T13:04:43.064+0000] {processor.py:840} INFO - DAG(s) 'neuralretail_drift_monitoring' retrieved from /opt/airflow/dags/dag_drift_monitoring.py
[2026-06-03T13:04:43.105+0000] {logging_mixin.py:188} INFO - [2026-06-03T13:04:43.105+0000] {dag.py:3096} INFO - Sync 1 DAGs
[2026-06-03T13:04:43.138+0000] {logging_mixin.py:188} INFO - [2026-06-03T13:04:43.137+0000] {dag.py:3954} INFO - Setting next_dagrun for neuralretail_drift_monitoring to 2026-06-02 08:00:00+00:00, run_after=2026-06-03 08:00:00+00:00
[2026-06-03T13:04:43.160+0000] {processor.py:183} INFO - Processing /opt/airflow/dags/dag_drift_monitoring.py took 0.220 seconds
[2026-06-03T13:05:14.205+0000] {processor.py:161} INFO - Started process (PID=7059) to work on /opt/airflow/dags/dag_drift_monitoring.py
[2026-06-03T13:05:14.220+0000] {processor.py:830} INFO - Processing file /opt/airflow/dags/dag_drift_monitoring.py for tasks to queue
[2026-06-03T13:05:14.228+0000] {logging_mixin.py:188} INFO - [2026-06-03T13:05:14.227+0000] {dagbag.py:540} INFO - Filling up the DagBag from /opt/airflow/dags/dag_drift_monitoring.py
[2026-06-03T13:05:14.333+0000] {processor.py:840} INFO - DAG(s) 'neuralretail_drift_monitoring' retrieved from /opt/airflow/dags/dag_drift_monitoring.py
[2026-06-03T13:05:14.365+0000] {logging_mixin.py:188} INFO - [2026-06-03T13:05:14.364+0000] {dag.py:3096} INFO - Sync 1 DAGs
[2026-06-03T13:05:14.393+0000] {logging_mixin.py:188} INFO - [2026-06-03T13:05:14.392+0000] {dag.py:3954} INFO - Setting next_dagrun for neuralretail_drift_monitoring to 2026-06-02 08:00:00+00:00, run_after=2026-06-03 08:00:00+00:00
[2026-06-03T13:05:14.421+0000] {processor.py:183} INFO - Processing /opt/airflow/dags/dag_drift_monitoring.py took 0.234 seconds
[2026-06-03T13:05:45.039+0000] {processor.py:161} INFO - Started process (PID=7081) to work on /opt/airflow/dags/dag_drift_monitoring.py
[2026-06-03T13:05:45.041+0000] {processor.py:830} INFO - Processing file /opt/airflow/dags/dag_drift_monitoring.py for tasks to queue
[2026-06-03T13:05:45.044+0000] {logging_mixin.py:188} INFO - [2026-06-03T13:05:45.044+0000] {dagbag.py:540} INFO - Filling up the DagBag from /opt/airflow/dags/dag_drift_monitoring.py
[2026-06-03T13:05:45.145+0000] {processor.py:840} INFO - DAG(s) 'neuralretail_drift_monitoring' retrieved from /opt/airflow/dags/dag_drift_monitoring.py
[2026-06-03T13:05:45.180+0000] {logging_mixin.py:188} INFO - [2026-06-03T13:05:45.179+0000] {dag.py:3096} INFO - Sync 1 DAGs
[2026-06-03T13:05:45.220+0000] {logging_mixin.py:188} INFO - [2026-06-03T13:05:45.219+0000] {dag.py:3954} INFO - Setting next_dagrun for neuralretail_drift_monitoring to 2026-06-02 08:00:00+00:00, run_after=2026-06-03 08:00:00+00:00
[2026-06-03T13:05:45.247+0000] {processor.py:183} INFO - Processing /opt/airflow/dags/dag_drift_monitoring.py took 0.216 seconds
[2026-06-03T13:06:16.183+0000] {processor.py:161} INFO - Started process (PID=7101) to work on /opt/airflow/dags/dag_drift_monitoring.py
[2026-06-03T13:06:16.186+0000] {processor.py:830} INFO - Processing file /opt/airflow/dags/dag_drift_monitoring.py for tasks to queue
[2026-06-03T13:06:16.189+0000] {logging_mixin.py:188} INFO - [2026-06-03T13:06:16.188+0000] {dagbag.py:540} INFO - Filling up the DagBag from /opt/airflow/dags/dag_drift_monitoring.py
[2026-06-03T13:06:16.269+0000] {processor.py:840} INFO - DAG(s) 'neuralretail_drift_monitoring' retrieved from /opt/airflow/dags/dag_drift_monitoring.py
[2026-06-03T13:06:16.302+0000] {logging_mixin.py:188} INFO - [2026-06-03T13:06:16.302+0000] {dag.py:3096} INFO - Sync 1 DAGs
[2026-06-03T13:06:16.334+0000] {logging_mixin.py:188} INFO - [2026-06-03T13:06:16.334+0000] {dag.py:3954} INFO - Setting next_dagrun for neuralretail_drift_monitoring to 2026-06-02 08:00:00+00:00, run_after=2026-06-03 08:00:00+00:00
[2026-06-03T13:06:16.368+0000] {processor.py:183} INFO - Processing /opt/airflow/dags/dag_drift_monitoring.py took 0.192 seconds
[2026-06-03T13:06:46.759+0000] {processor.py:161} INFO - Started process (PID=7119) to work on /opt/airflow/dags/dag_drift_monitoring.py
[2026-06-03T13:06:46.762+0000] {processor.py:830} INFO - Processing file /opt/airflow/dags/dag_drift_monitoring.py for tasks to queue
[2026-06-03T13:06:46.768+0000] {logging_mixin.py:188} INFO - [2026-06-03T13:06:46.767+0000] {dagbag.py:540} INFO - Filling up the DagBag from /opt/airflow/dags/dag_drift_monitoring.py
[2026-06-03T13:06:47.423+0000] {processor.py:840} INFO - DAG(s) 'neuralretail_drift_monitoring' retrieved from /opt/airflow/dags/dag_drift_monitoring.py
[2026-06-03T13:06:47.485+0000] {logging_mixin.py:188} INFO - [2026-06-03T13:06:47.484+0000] {dag.py:3096} INFO - Sync 1 DAGs
[2026-06-03T13:06:47.547+0000] {logging_mixin.py:188} INFO - [2026-06-03T13:06:47.547+0000] {dag.py:3954} INFO - Setting next_dagrun for neuralretail_drift_monitoring to 2026-06-02 08:00:00+00:00, run_after=2026-06-03 08:00:00+00:00
[2026-06-03T13:06:47.630+0000] {processor.py:183} INFO - Processing /opt/airflow/dags/dag_drift_monitoring.py took 0.878 seconds
[2026-06-03T13:07:17.873+0000] {processor.py:161} INFO - Started process (PID=7141) to work on /opt/airflow/dags/dag_drift_monitoring.py
[2026-06-03T13:07:17.880+0000] {processor.py:830} INFO - Processing file /opt/airflow/dags/dag_drift_monitoring.py for tasks to queue
[2026-06-03T13:07:17.884+0000] {logging_mixin.py:188} INFO - [2026-06-03T13:07:17.883+0000] {dagbag.py:540} INFO - Filling up the DagBag from /opt/airflow/dags/dag_drift_monitoring.py
[2026-06-03T13:07:17.943+0000] {processor.py:840} INFO - DAG(s) 'neuralretail_drift_monitoring' retrieved from /opt/airflow/dags/dag_drift_monitoring.py
[2026-06-03T13:07:17.968+0000] {logging_mixin.py:188} INFO - [2026-06-03T13:07:17.967+0000] {dag.py:3096} INFO - Sync 1 DAGs
[2026-06-03T13:07:17.992+0000] {logging_mixin.py:188} INFO - [2026-06-03T13:07:17.992+0000] {dag.py:3954} INFO - Setting next_dagrun for neuralretail_drift_monitoring to 2026-06-02 08:00:00+00:00, run_after=2026-06-03 08:00:00+00:00
[2026-06-03T13:07:18.016+0000] {processor.py:183} INFO - Processing /opt/airflow/dags/dag_drift_monitoring.py took 0.150 seconds
[2026-06-03T13:07:48.437+0000] {processor.py:161} INFO - Started process (PID=7159) to work on /opt/airflow/dags/dag_drift_monitoring.py
[2026-06-03T13:07:48.440+0000] {processor.py:830} INFO - Processing file /opt/airflow/dags/dag_drift_monitoring.py for tasks to queue
[2026-06-03T13:07:48.445+0000] {logging_mixin.py:188} INFO - [2026-06-03T13:07:48.444+0000] {dagbag.py:540} INFO - Filling up the DagBag from /opt/airflow/dags/dag_drift_monitoring.py
[2026-06-03T13:07:48.571+0000] {processor.py:840} INFO - DAG(s) 'neuralretail_drift_monitoring' retrieved from /opt/airflow/dags/dag_drift_monitoring.py
[2026-06-03T13:07:48.594+0000] {logging_mixin.py:188} INFO - [2026-06-03T13:07:48.593+0000] {dag.py:3096} INFO - Sync 1 DAGs
[2026-06-03T13:07:48.612+0000] {logging_mixin.py:188} INFO - [2026-06-03T13:07:48.612+0000] {dag.py:3954} INFO - Setting next_dagrun for neuralretail_drift_monitoring to 2026-06-02 08:00:00+00:00, run_after=2026-06-03 08:00:00+00:00
[2026-06-03T13:07:48.635+0000] {processor.py:183} INFO - Processing /opt/airflow/dags/dag_drift_monitoring.py took 0.206 seconds
[2026-06-03T13:08:19.980+0000] {processor.py:161} INFO - Started process (PID=7179) to work on /opt/airflow/dags/dag_drift_monitoring.py
[2026-06-03T13:08:20.000+0000] {processor.py:830} INFO - Processing file /opt/airflow/dags/dag_drift_monitoring.py for tasks to queue
[2026-06-03T13:08:20.034+0000] {logging_mixin.py:188} INFO - [2026-06-03T13:08:20.032+0000] {dagbag.py:540} INFO - Filling up the DagBag from /opt/airflow/dags/dag_drift_monitoring.py
[2026-06-03T13:08:20.712+0000] {processor.py:840} INFO - DAG(s) 'neuralretail_drift_monitoring' retrieved from /opt/airflow/dags/dag_drift_monitoring.py
[2026-06-03T13:08:20.755+0000] {logging_mixin.py:188} INFO - [2026-06-03T13:08:20.754+0000] {dag.py:3096} INFO - Sync 1 DAGs
[2026-06-03T13:08:20.788+0000] {logging_mixin.py:188} INFO - [2026-06-03T13:08:20.787+0000] {dag.py:3954} INFO - Setting next_dagrun for neuralretail_drift_monitoring to 2026-06-02 08:00:00+00:00, run_after=2026-06-03 08:00:00+00:00
[2026-06-03T13:08:20.839+0000] {processor.py:183} INFO - Processing /opt/airflow/dags/dag_drift_monitoring.py took 0.867 seconds
[2026-06-03T13:08:51.322+0000] {processor.py:161} INFO - Started process (PID=7199) to work on /opt/airflow/dags/dag_drift_monitoring.py
[2026-06-03T13:08:51.332+0000] {processor.py:830} INFO - Processing file /opt/airflow/dags/dag_drift_monitoring.py for tasks to queue
[2026-06-03T13:08:51.341+0000] {logging_mixin.py:188} INFO - [2026-06-03T13:08:51.340+0000] {dagbag.py:540} INFO - Filling up the DagBag from /opt/airflow/dags/dag_drift_monitoring.py
[2026-06-03T13:08:51.418+0000] {processor.py:840} INFO - DAG(s) 'neuralretail_drift_monitoring' retrieved from /opt/airflow/dags/dag_drift_monitoring.py
[2026-06-03T13:08:51.448+0000] {logging_mixin.py:188} INFO - [2026-06-03T13:08:51.447+0000] {dag.py:3096} INFO - Sync 1 DAGs
[2026-06-03T13:08:51.492+0000] {logging_mixin.py:188} INFO - [2026-06-03T13:08:51.492+0000] {dag.py:3954} INFO - Setting next_dagrun for neuralretail_drift_monitoring to 2026-06-02 08:00:00+00:00, run_after=2026-06-03 08:00:00+00:00
[2026-06-03T13:08:51.520+0000] {processor.py:183} INFO - Processing /opt/airflow/dags/dag_drift_monitoring.py took 0.204 seconds
[2026-06-03T13:09:22.097+0000] {processor.py:161} INFO - Started process (PID=7219) to work on /opt/airflow/dags/dag_drift_monitoring.py
[2026-06-03T13:09:22.099+0000] {processor.py:830} INFO - Processing file /opt/airflow/dags/dag_drift_monitoring.py for tasks to queue
[2026-06-03T13:09:22.102+0000] {logging_mixin.py:188} INFO - [2026-06-03T13:09:22.101+0000] {dagbag.py:540} INFO - Filling up the DagBag from /opt/airflow/dags/dag_drift_monitoring.py
[2026-06-03T13:09:22.180+0000] {processor.py:840} INFO - DAG(s) 'neuralretail_drift_monitoring' retrieved from /opt/airflow/dags/dag_drift_monitoring.py
[2026-06-03T13:09:22.203+0000] {logging_mixin.py:188} INFO - [2026-06-03T13:09:22.203+0000] {dag.py:3096} INFO - Sync 1 DAGs
[2026-06-03T13:09:22.225+0000] {logging_mixin.py:188} INFO - [2026-06-03T13:09:22.225+0000] {dag.py:3954} INFO - Setting next_dagrun for neuralretail_drift_monitoring to 2026-06-02 08:00:00+00:00, run_after=2026-06-03 08:00:00+00:00
[2026-06-03T13:09:22.250+0000] {processor.py:183} INFO - Processing /opt/airflow/dags/dag_drift_monitoring.py took 0.160 seconds
[2026-06-03T13:09:53.075+0000] {processor.py:161} INFO - Started process (PID=7239) to work on /opt/airflow/dags/dag_drift_monitoring.py
[2026-06-03T13:09:53.080+0000] {processor.py:830} INFO - Processing file /opt/airflow/dags/dag_drift_monitoring.py for tasks to queue
[2026-06-03T13:09:53.086+0000] {logging_mixin.py:188} INFO - [2026-06-03T13:09:53.086+0000] {dagbag.py:540} INFO - Filling up the DagBag from /opt/airflow/dags/dag_drift_monitoring.py
[2026-06-03T13:09:53.296+0000] {processor.py:840} INFO - DAG(s) 'neuralretail_drift_monitoring' retrieved from /opt/airflow/dags/dag_drift_monitoring.py
[2026-06-03T13:09:53.334+0000] {logging_mixin.py:188} INFO - [2026-06-03T13:09:53.333+0000] {dag.py:3096} INFO - Sync 1 DAGs
[2026-06-03T13:09:53.373+0000] {logging_mixin.py:188} INFO - [2026-06-03T13:09:53.373+0000] {dag.py:3954} INFO - Setting next_dagrun for neuralretail_drift_monitoring to 2026-06-02 08:00:00+00:00, run_after=2026-06-03 08:00:00+00:00
[2026-06-03T13:09:53.423+0000] {processor.py:183} INFO - Processing /opt/airflow/dags/dag_drift_monitoring.py took 0.354 seconds
[2026-06-03T13:10:24.056+0000] {processor.py:161} INFO - Started process (PID=7261) to work on /opt/airflow/dags/dag_drift_monitoring.py
[2026-06-03T13:10:24.058+0000] {processor.py:830} INFO - Processing file /opt/airflow/dags/dag_drift_monitoring.py for tasks to queue
[2026-06-03T13:10:24.061+0000] {logging_mixin.py:188} INFO - [2026-06-03T13:10:24.060+0000] {dagbag.py:540} INFO - Filling up the DagBag from /opt/airflow/dags/dag_drift_monitoring.py
[2026-06-03T13:10:24.177+0000] {processor.py:840} INFO - DAG(s) 'neuralretail_drift_monitoring' retrieved from /opt/airflow/dags/dag_drift_monitoring.py
[2026-06-03T13:10:24.214+0000] {logging_mixin.py:188} INFO - [2026-06-03T13:10:24.214+0000] {dag.py:3096} INFO - Sync 1 DAGs
[2026-06-03T13:10:24.251+0000] {logging_mixin.py:188} INFO - [2026-06-03T13:10:24.251+0000] {dag.py:3954} INFO - Setting next_dagrun for neuralretail_drift_monitoring to 2026-06-02 08:00:00+00:00, run_after=2026-06-03 08:00:00+00:00
[2026-06-03T13:10:24.301+0000] {processor.py:183} INFO - Processing /opt/airflow/dags/dag_drift_monitoring.py took 0.250 seconds
[2026-06-03T13:10:55.322+0000] {processor.py:161} INFO - Started process (PID=7281) to work on /opt/airflow/dags/dag_drift_monitoring.py
[2026-06-03T13:10:55.324+0000] {processor.py:830} INFO - Processing file /opt/airflow/dags/dag_drift_monitoring.py for tasks to queue
[2026-06-03T13:10:55.328+0000] {logging_mixin.py:188} INFO - [2026-06-03T13:10:55.327+0000] {dagbag.py:540} INFO - Filling up the DagBag from /opt/airflow/dags/dag_drift_monitoring.py
[2026-06-03T13:10:55.394+0000] {processor.py:840} INFO - DAG(s) 'neuralretail_drift_monitoring' retrieved from /opt/airflow/dags/dag_drift_monitoring.py
[2026-06-03T13:10:55.431+0000] {logging_mixin.py:188} INFO - [2026-06-03T13:10:55.431+0000] {dag.py:3096} INFO - Sync 1 DAGs
[2026-06-03T13:10:55.469+0000] {logging_mixin.py:188} INFO - [2026-06-03T13:10:55.469+0000] {dag.py:3954} INFO - Setting next_dagrun for neuralretail_drift_monitoring to 2026-06-02 08:00:00+00:00, run_after=2026-06-03 08:00:00+00:00
[2026-06-03T13:10:55.521+0000] {processor.py:183} INFO - Processing /opt/airflow/dags/dag_drift_monitoring.py took 0.207 seconds
[2026-06-03T14:16:03.001+0000] {processor.py:161} INFO - Started process (PID=175) to work on /opt/airflow/dags/dag_drift_monitoring.py
[2026-06-03T14:16:03.014+0000] {processor.py:830} INFO - Processing file /opt/airflow/dags/dag_drift_monitoring.py for tasks to queue
[2026-06-03T14:16:03.073+0000] {logging_mixin.py:188} INFO - [2026-06-03T14:16:03.073+0000] {dagbag.py:540} INFO - Filling up the DagBag from /opt/airflow/dags/dag_drift_monitoring.py
[2026-06-03T14:16:06.275+0000] {processor.py:840} INFO - DAG(s) 'neuralretail_drift_monitoring' retrieved from /opt/airflow/dags/dag_drift_monitoring.py
[2026-06-03T14:16:06.420+0000] {logging_mixin.py:188} INFO - [2026-06-03T14:16:06.419+0000] {dag.py:3096} INFO - Sync 1 DAGs
[2026-06-03T14:16:06.479+0000] {logging_mixin.py:188} INFO - [2026-06-03T14:16:06.479+0000] {dag.py:3954} INFO - Setting next_dagrun for neuralretail_drift_monitoring to 2026-06-02 08:00:00+00:00, run_after=2026-06-03 08:00:00+00:00
[2026-06-03T14:16:06.643+0000] {processor.py:183} INFO - Processing /opt/airflow/dags/dag_drift_monitoring.py took 3.655 seconds
[2026-06-03T14:16:48.643+0000] {processor.py:161} INFO - Started process (PID=195) to work on /opt/airflow/dags/dag_drift_monitoring.py
[2026-06-03T14:16:48.728+0000] {processor.py:830} INFO - Processing file /opt/airflow/dags/dag_drift_monitoring.py for tasks to queue
[2026-06-03T14:16:48.798+0000] {logging_mixin.py:188} INFO - [2026-06-03T14:16:48.797+0000] {dagbag.py:540} INFO - Filling up the DagBag from /opt/airflow/dags/dag_drift_monitoring.py
[2026-06-03T14:16:53.515+0000] {processor.py:840} INFO - DAG(s) 'neuralretail_drift_monitoring' retrieved from /opt/airflow/dags/dag_drift_monitoring.py
[2026-06-03T14:16:53.543+0000] {logging_mixin.py:188} INFO - [2026-06-03T14:16:53.543+0000] {dag.py:3096} INFO - Sync 1 DAGs
[2026-06-03T14:16:53.577+0000] {logging_mixin.py:188} INFO - [2026-06-03T14:16:53.577+0000] {dag.py:3954} INFO - Setting next_dagrun for neuralretail_drift_monitoring to 2026-06-02 08:00:00+00:00, run_after=2026-06-03 08:00:00+00:00
[2026-06-03T14:16:53.714+0000] {processor.py:183} INFO - Processing /opt/airflow/dags/dag_drift_monitoring.py took 5.077 seconds
[2026-06-03T14:17:24.779+0000] {processor.py:161} INFO - Started process (PID=217) to work on /opt/airflow/dags/dag_drift_monitoring.py
[2026-06-03T14:17:24.789+0000] {processor.py:830} INFO - Processing file /opt/airflow/dags/dag_drift_monitoring.py for tasks to queue
[2026-06-03T14:17:24.803+0000] {logging_mixin.py:188} INFO - [2026-06-03T14:17:24.803+0000] {dagbag.py:540} INFO - Filling up the DagBag from /opt/airflow/dags/dag_drift_monitoring.py
[2026-06-03T14:17:24.960+0000] {processor.py:840} INFO - DAG(s) 'neuralretail_drift_monitoring' retrieved from /opt/airflow/dags/dag_drift_monitoring.py
[2026-06-03T14:17:25.011+0000] {logging_mixin.py:188} INFO - [2026-06-03T14:17:25.010+0000] {dag.py:3096} INFO - Sync 1 DAGs
[2026-06-03T14:17:25.037+0000] {logging_mixin.py:188} INFO - [2026-06-03T14:17:25.037+0000] {dag.py:3954} INFO - Setting next_dagrun for neuralretail_drift_monitoring to 2026-06-02 08:00:00+00:00, run_after=2026-06-03 08:00:00+00:00
[2026-06-03T14:17:25.078+0000] {processor.py:183} INFO - Processing /opt/airflow/dags/dag_drift_monitoring.py took 0.308 seconds
[2026-06-03T14:17:55.751+0000] {processor.py:161} INFO - Started process (PID=237) to work on /opt/airflow/dags/dag_drift_monitoring.py
[2026-06-03T14:17:55.753+0000] {processor.py:830} INFO - Processing file /opt/airflow/dags/dag_drift_monitoring.py for tasks to queue
[2026-06-03T14:17:55.756+0000] {logging_mixin.py:188} INFO - [2026-06-03T14:17:55.756+0000] {dagbag.py:540} INFO - Filling up the DagBag from /opt/airflow/dags/dag_drift_monitoring.py
[2026-06-03T14:17:55.808+0000] {processor.py:840} INFO - DAG(s) 'neuralretail_drift_monitoring' retrieved from /opt/airflow/dags/dag_drift_monitoring.py
[2026-06-03T14:17:55.836+0000] {logging_mixin.py:188} INFO - [2026-06-03T14:17:55.836+0000] {dag.py:3096} INFO - Sync 1 DAGs
[2026-06-03T14:17:55.856+0000] {logging_mixin.py:188} INFO - [2026-06-03T14:17:55.856+0000] {dag.py:3954} INFO - Setting next_dagrun for neuralretail_drift_monitoring to 2026-06-02 08:00:00+00:00, run_after=2026-06-03 08:00:00+00:00
[2026-06-03T14:17:55.895+0000] {processor.py:183} INFO - Processing /opt/airflow/dags/dag_drift_monitoring.py took 0.149 seconds
[2026-06-03T14:18:27.331+0000] {processor.py:161} INFO - Started process (PID=257) to work on /opt/airflow/dags/dag_drift_monitoring.py
[2026-06-03T14:18:27.354+0000] {processor.py:830} INFO - Processing file /opt/airflow/dags/dag_drift_monitoring.py for tasks to queue
[2026-06-03T14:18:27.403+0000] {logging_mixin.py:188} INFO - [2026-06-03T14:18:27.402+0000] {dagbag.py:540} INFO - Filling up the DagBag from /opt/airflow/dags/dag_drift_monitoring.py
[2026-06-03T14:18:28.217+0000] {processor.py:840} INFO - DAG(s) 'neuralretail_drift_monitoring' retrieved from /opt/airflow/dags/dag_drift_monitoring.py
[2026-06-03T14:18:28.300+0000] {logging_mixin.py:188} INFO - [2026-06-03T14:18:28.299+0000] {dag.py:3096} INFO - Sync 1 DAGs
[2026-06-03T14:18:28.396+0000] {logging_mixin.py:188} INFO - [2026-06-03T14:18:28.395+0000] {dag.py:3954} INFO - Setting next_dagrun for neuralretail_drift_monitoring to 2026-06-02 08:00:00+00:00, run_after=2026-06-03 08:00:00+00:00
[2026-06-03T14:18:28.470+0000] {processor.py:183} INFO - Processing /opt/airflow/dags/dag_drift_monitoring.py took 1.169 seconds
[2026-06-03T14:18:58.768+0000] {processor.py:161} INFO - Started process (PID=277) to work on /opt/airflow/dags/dag_drift_monitoring.py
[2026-06-03T14:18:58.769+0000] {processor.py:830} INFO - Processing file /opt/airflow/dags/dag_drift_monitoring.py for tasks to queue
[2026-06-03T14:18:58.771+0000] {logging_mixin.py:188} INFO - [2026-06-03T14:18:58.771+0000] {dagbag.py:540} INFO - Filling up the DagBag from /opt/airflow/dags/dag_drift_monitoring.py
[2026-06-03T14:18:58.822+0000] {processor.py:840} INFO - DAG(s) 'neuralretail_drift_monitoring' retrieved from /opt/airflow/dags/dag_drift_monitoring.py
[2026-06-03T14:18:58.918+0000] {logging_mixin.py:188} INFO - [2026-06-03T14:18:58.917+0000] {dag.py:3096} INFO - Sync 1 DAGs
[2026-06-03T14:18:58.938+0000] {logging_mixin.py:188} INFO - [2026-06-03T14:18:58.937+0000] {dag.py:3954} INFO - Setting next_dagrun for neuralretail_drift_monitoring to 2026-06-02 08:00:00+00:00, run_after=2026-06-03 08:00:00+00:00
[2026-06-03T14:18:58.989+0000] {processor.py:183} INFO - Processing /opt/airflow/dags/dag_drift_monitoring.py took 0.231 seconds
[2026-06-03T14:19:29.384+0000] {processor.py:161} INFO - Started process (PID=297) to work on /opt/airflow/dags/dag_drift_monitoring.py
[2026-06-03T14:19:29.388+0000] {processor.py:830} INFO - Processing file /opt/airflow/dags/dag_drift_monitoring.py for tasks to queue
[2026-06-03T14:19:29.394+0000] {logging_mixin.py:188} INFO - [2026-06-03T14:19:29.393+0000] {dagbag.py:540} INFO - Filling up the DagBag from /opt/airflow/dags/dag_drift_monitoring.py
[2026-06-03T14:19:29.504+0000] {processor.py:840} INFO - DAG(s) 'neuralretail_drift_monitoring' retrieved from /opt/airflow/dags/dag_drift_monitoring.py
[2026-06-03T14:19:29.525+0000] {logging_mixin.py:188} INFO - [2026-06-03T14:19:29.525+0000] {dag.py:3096} INFO - Sync 1 DAGs
[2026-06-03T14:19:29.544+0000] {logging_mixin.py:188} INFO - [2026-06-03T14:19:29.543+0000] {dag.py:3954} INFO - Setting next_dagrun for neuralretail_drift_monitoring to 2026-06-02 08:00:00+00:00, run_after=2026-06-03 08:00:00+00:00
[2026-06-03T14:19:29.603+0000] {processor.py:183} INFO - Processing /opt/airflow/dags/dag_drift_monitoring.py took 0.229 seconds
[2026-06-03T14:20:00.006+0000] {processor.py:161} INFO - Started process (PID=317) to work on /opt/airflow/dags/dag_drift_monitoring.py
[2026-06-03T14:20:00.013+0000] {processor.py:830} INFO - Processing file /opt/airflow/dags/dag_drift_monitoring.py for tasks to queue
[2026-06-03T14:20:00.026+0000] {logging_mixin.py:188} INFO - [2026-06-03T14:20:00.024+0000] {dagbag.py:540} INFO - Filling up the DagBag from /opt/airflow/dags/dag_drift_monitoring.py
[2026-06-03T14:20:00.141+0000] {processor.py:840} INFO - DAG(s) 'neuralretail_drift_monitoring' retrieved from /opt/airflow/dags/dag_drift_monitoring.py
[2026-06-03T14:20:00.198+0000] {logging_mixin.py:188} INFO - [2026-06-03T14:20:00.197+0000] {dag.py:3096} INFO - Sync 1 DAGs
[2026-06-03T14:20:00.227+0000] {logging_mixin.py:188} INFO - [2026-06-03T14:20:00.227+0000] {dag.py:3954} INFO - Setting next_dagrun for neuralretail_drift_monitoring to 2026-06-02 08:00:00+00:00, run_after=2026-06-03 08:00:00+00:00
[2026-06-03T14:20:00.271+0000] {processor.py:183} INFO - Processing /opt/airflow/dags/dag_drift_monitoring.py took 0.276 seconds
[2026-06-03T14:20:30.868+0000] {processor.py:161} INFO - Started process (PID=337) to work on /opt/airflow/dags/dag_drift_monitoring.py
[2026-06-03T14:20:30.872+0000] {processor.py:830} INFO - Processing file /opt/airflow/dags/dag_drift_monitoring.py for tasks to queue
[2026-06-03T14:20:30.878+0000] {logging_mixin.py:188} INFO - [2026-06-03T14:20:30.877+0000] {dagbag.py:540} INFO - Filling up the DagBag from /opt/airflow/dags/dag_drift_monitoring.py
[2026-06-03T14:20:31.021+0000] {processor.py:840} INFO - DAG(s) 'neuralretail_drift_monitoring' retrieved from /opt/airflow/dags/dag_drift_monitoring.py
[2026-06-03T14:20:31.068+0000] {logging_mixin.py:188} INFO - [2026-06-03T14:20:31.068+0000] {dag.py:3096} INFO - Sync 1 DAGs
[2026-06-03T14:20:31.113+0000] {logging_mixin.py:188} INFO - [2026-06-03T14:20:31.112+0000] {dag.py:3954} INFO - Setting next_dagrun for neuralretail_drift_monitoring to 2026-06-02 08:00:00+00:00, run_after=2026-06-03 08:00:00+00:00
[2026-06-03T14:20:31.221+0000] {processor.py:183} INFO - Processing /opt/airflow/dags/dag_drift_monitoring.py took 0.371 seconds
[2026-06-03T14:21:01.424+0000] {processor.py:161} INFO - Started process (PID=357) to work on /opt/airflow/dags/dag_drift_monitoring.py
[2026-06-03T14:21:01.427+0000] {processor.py:830} INFO - Processing file /opt/airflow/dags/dag_drift_monitoring.py for tasks to queue
[2026-06-03T14:21:01.430+0000] {logging_mixin.py:188} INFO - [2026-06-03T14:21:01.430+0000] {dagbag.py:540} INFO - Filling up the DagBag from /opt/airflow/dags/dag_drift_monitoring.py
[2026-06-03T14:21:01.511+0000] {processor.py:840} INFO - DAG(s) 'neuralretail_drift_monitoring' retrieved from /opt/airflow/dags/dag_drift_monitoring.py
[2026-06-03T14:21:01.562+0000] {logging_mixin.py:188} INFO - [2026-06-03T14:21:01.562+0000] {dag.py:3096} INFO - Sync 1 DAGs
[2026-06-03T14:21:01.584+0000] {logging_mixin.py:188} INFO - [2026-06-03T14:21:01.584+0000] {dag.py:3954} INFO - Setting next_dagrun for neuralretail_drift_monitoring to 2026-06-02 08:00:00+00:00, run_after=2026-06-03 08:00:00+00:00
[2026-06-03T14:21:01.686+0000] {processor.py:183} INFO - Processing /opt/airflow/dags/dag_drift_monitoring.py took 0.277 seconds
[2026-06-03T14:21:32.124+0000] {processor.py:161} INFO - Started process (PID=377) to work on /opt/airflow/dags/dag_drift_monitoring.py
[2026-06-03T14:21:32.128+0000] {processor.py:830} INFO - Processing file /opt/airflow/dags/dag_drift_monitoring.py for tasks to queue
[2026-06-03T14:21:32.131+0000] {logging_mixin.py:188} INFO - [2026-06-03T14:21:32.130+0000] {dagbag.py:540} INFO - Filling up the DagBag from /opt/airflow/dags/dag_drift_monitoring.py
[2026-06-03T14:21:32.194+0000] {processor.py:840} INFO - DAG(s) 'neuralretail_drift_monitoring' retrieved from /opt/airflow/dags/dag_drift_monitoring.py
[2026-06-03T14:21:32.237+0000] {logging_mixin.py:188} INFO - [2026-06-03T14:21:32.236+0000] {dag.py:3096} INFO - Sync 1 DAGs
[2026-06-03T14:21:32.279+0000] {logging_mixin.py:188} INFO - [2026-06-03T14:21:32.279+0000] {dag.py:3954} INFO - Setting next_dagrun for neuralretail_drift_monitoring to 2026-06-02 08:00:00+00:00, run_after=2026-06-03 08:00:00+00:00
[2026-06-03T14:21:32.318+0000] {processor.py:183} INFO - Processing /opt/airflow/dags/dag_drift_monitoring.py took 0.201 seconds
[2026-06-03T14:22:02.448+0000] {processor.py:161} INFO - Started process (PID=397) to work on /opt/airflow/dags/dag_drift_monitoring.py
[2026-06-03T14:22:02.449+0000] {processor.py:830} INFO - Processing file /opt/airflow/dags/dag_drift_monitoring.py for tasks to queue
[2026-06-03T14:22:02.450+0000] {logging_mixin.py:188} INFO - [2026-06-03T14:22:02.450+0000] {dagbag.py:540} INFO - Filling up the DagBag from /opt/airflow/dags/dag_drift_monitoring.py
[2026-06-03T14:22:02.475+0000] {processor.py:840} INFO - DAG(s) 'neuralretail_drift_monitoring' retrieved from /opt/airflow/dags/dag_drift_monitoring.py
[2026-06-03T14:22:02.493+0000] {logging_mixin.py:188} INFO - [2026-06-03T14:22:02.492+0000] {dag.py:3096} INFO - Sync 1 DAGs
[2026-06-03T14:22:02.508+0000] {logging_mixin.py:188} INFO - [2026-06-03T14:22:02.508+0000] {dag.py:3954} INFO - Setting next_dagrun for neuralretail_drift_monitoring to 2026-06-02 08:00:00+00:00, run_after=2026-06-03 08:00:00+00:00
[2026-06-03T14:22:02.524+0000] {processor.py:183} INFO - Processing /opt/airflow/dags/dag_drift_monitoring.py took 0.083 seconds
[2026-06-03T14:22:33.026+0000] {processor.py:161} INFO - Started process (PID=417) to work on /opt/airflow/dags/dag_drift_monitoring.py
[2026-06-03T14:22:33.028+0000] {processor.py:830} INFO - Processing file /opt/airflow/dags/dag_drift_monitoring.py for tasks to queue
[2026-06-03T14:22:33.032+0000] {logging_mixin.py:188} INFO - [2026-06-03T14:22:33.032+0000] {dagbag.py:540} INFO - Filling up the DagBag from /opt/airflow/dags/dag_drift_monitoring.py
[2026-06-03T14:22:33.145+0000] {processor.py:840} INFO - DAG(s) 'neuralretail_drift_monitoring' retrieved from /opt/airflow/dags/dag_drift_monitoring.py
[2026-06-03T14:22:33.188+0000] {logging_mixin.py:188} INFO - [2026-06-03T14:22:33.188+0000] {dag.py:3096} INFO - Sync 1 DAGs
[2026-06-03T14:22:33.208+0000] {logging_mixin.py:188} INFO - [2026-06-03T14:22:33.208+0000] {dag.py:3954} INFO - Setting next_dagrun for neuralretail_drift_monitoring to 2026-06-02 08:00:00+00:00, run_after=2026-06-03 08:00:00+00:00
[2026-06-03T14:22:33.247+0000] {processor.py:183} INFO - Processing /opt/airflow/dags/dag_drift_monitoring.py took 0.227 seconds
[2026-06-03T14:23:03.409+0000] {processor.py:161} INFO - Started process (PID=437) to work on /opt/airflow/dags/dag_drift_monitoring.py
[2026-06-03T14:23:03.411+0000] {processor.py:830} INFO - Processing file /opt/airflow/dags/dag_drift_monitoring.py for tasks to queue
[2026-06-03T14:23:03.414+0000] {logging_mixin.py:188} INFO - [2026-06-03T14:23:03.413+0000] {dagbag.py:540} INFO - Filling up the DagBag from /opt/airflow/dags/dag_drift_monitoring.py
[2026-06-03T14:23:03.570+0000] {processor.py:840} INFO - DAG(s) 'neuralretail_drift_monitoring' retrieved from /opt/airflow/dags/dag_drift_monitoring.py
[2026-06-03T14:23:03.605+0000] {logging_mixin.py:188} INFO - [2026-06-03T14:23:03.604+0000] {dag.py:3096} INFO - Sync 1 DAGs
[2026-06-03T14:23:03.635+0000] {logging_mixin.py:188} INFO - [2026-06-03T14:23:03.634+0000] {dag.py:3954} INFO - Setting next_dagrun for neuralretail_drift_monitoring to 2026-06-02 08:00:00+00:00, run_after=2026-06-03 08:00:00+00:00
[2026-06-03T14:23:03.662+0000] {processor.py:183} INFO - Processing /opt/airflow/dags/dag_drift_monitoring.py took 0.262 seconds
[2026-06-03T14:23:33.872+0000] {processor.py:161} INFO - Started process (PID=457) to work on /opt/airflow/dags/dag_drift_monitoring.py
[2026-06-03T14:23:33.875+0000] {processor.py:830} INFO - Processing file /opt/airflow/dags/dag_drift_monitoring.py for tasks to queue
[2026-06-03T14:23:33.883+0000] {logging_mixin.py:188} INFO - [2026-06-03T14:23:33.882+0000] {dagbag.py:540} INFO - Filling up the DagBag from /opt/airflow/dags/dag_drift_monitoring.py
[2026-06-03T14:23:34.007+0000] {processor.py:840} INFO - DAG(s) 'neuralretail_drift_monitoring' retrieved from /opt/airflow/dags/dag_drift_monitoring.py
[2026-06-03T14:23:34.026+0000] {logging_mixin.py:188} INFO - [2026-06-03T14:23:34.026+0000] {dag.py:3096} INFO - Sync 1 DAGs
[2026-06-03T14:23:34.045+0000] {logging_mixin.py:188} INFO - [2026-06-03T14:23:34.045+0000] {dag.py:3954} INFO - Setting next_dagrun for neuralretail_drift_monitoring to 2026-06-02 08:00:00+00:00, run_after=2026-06-03 08:00:00+00:00
[2026-06-03T14:23:34.079+0000] {processor.py:183} INFO - Processing /opt/airflow/dags/dag_drift_monitoring.py took 0.221 seconds
[2026-06-03T14:24:04.292+0000] {processor.py:161} INFO - Started process (PID=477) to work on /opt/airflow/dags/dag_drift_monitoring.py
[2026-06-03T14:24:04.293+0000] {processor.py:830} INFO - Processing file /opt/airflow/dags/dag_drift_monitoring.py for tasks to queue
[2026-06-03T14:24:04.295+0000] {logging_mixin.py:188} INFO - [2026-06-03T14:24:04.294+0000] {dagbag.py:540} INFO - Filling up the DagBag from /opt/airflow/dags/dag_drift_monitoring.py
[2026-06-03T14:24:04.319+0000] {processor.py:840} INFO - DAG(s) 'neuralretail_drift_monitoring' retrieved from /opt/airflow/dags/dag_drift_monitoring.py
[2026-06-03T14:24:04.338+0000] {logging_mixin.py:188} INFO - [2026-06-03T14:24:04.338+0000] {dag.py:3096} INFO - Sync 1 DAGs
[2026-06-03T14:24:04.354+0000] {logging_mixin.py:188} INFO - [2026-06-03T14:24:04.354+0000] {dag.py:3954} INFO - Setting next_dagrun for neuralretail_drift_monitoring to 2026-06-02 08:00:00+00:00, run_after=2026-06-03 08:00:00+00:00
[2026-06-03T14:24:04.371+0000] {processor.py:183} INFO - Processing /opt/airflow/dags/dag_drift_monitoring.py took 0.085 seconds
[2026-06-03T14:24:35.441+0000] {processor.py:161} INFO - Started process (PID=497) to work on /opt/airflow/dags/dag_drift_monitoring.py
[2026-06-03T14:24:35.442+0000] {processor.py:830} INFO - Processing file /opt/airflow/dags/dag_drift_monitoring.py for tasks to queue
[2026-06-03T14:24:35.444+0000] {logging_mixin.py:188} INFO - [2026-06-03T14:24:35.444+0000] {dagbag.py:540} INFO - Filling up the DagBag from /opt/airflow/dags/dag_drift_monitoring.py
[2026-06-03T14:24:35.493+0000] {processor.py:840} INFO - DAG(s) 'neuralretail_drift_monitoring' retrieved from /opt/airflow/dags/dag_drift_monitoring.py
[2026-06-03T14:24:35.513+0000] {logging_mixin.py:188} INFO - [2026-06-03T14:24:35.512+0000] {dag.py:3096} INFO - Sync 1 DAGs
[2026-06-03T14:24:35.532+0000] {logging_mixin.py:188} INFO - [2026-06-03T14:24:35.531+0000] {dag.py:3954} INFO - Setting next_dagrun for neuralretail_drift_monitoring to 2026-06-02 08:00:00+00:00, run_after=2026-06-03 08:00:00+00:00
[2026-06-03T14:24:35.550+0000] {processor.py:183} INFO - Processing /opt/airflow/dags/dag_drift_monitoring.py took 0.115 seconds
[2026-06-03T14:25:06.773+0000] {processor.py:161} INFO - Started process (PID=517) to work on /opt/airflow/dags/dag_drift_monitoring.py
[2026-06-03T14:25:06.779+0000] {processor.py:830} INFO - Processing file /opt/airflow/dags/dag_drift_monitoring.py for tasks to queue
[2026-06-03T14:25:06.782+0000] {logging_mixin.py:188} INFO - [2026-06-03T14:25:06.781+0000] {dagbag.py:540} INFO - Filling up the DagBag from /opt/airflow/dags/dag_drift_monitoring.py
[2026-06-03T14:25:06.854+0000] {processor.py:840} INFO - DAG(s) 'neuralretail_drift_monitoring' retrieved from /opt/airflow/dags/dag_drift_monitoring.py
[2026-06-03T14:25:06.878+0000] {logging_mixin.py:188} INFO - [2026-06-03T14:25:06.878+0000] {dag.py:3096} INFO - Sync 1 DAGs
[2026-06-03T14:25:06.900+0000] {logging_mixin.py:188} INFO - [2026-06-03T14:25:06.900+0000] {dag.py:3954} INFO - Setting next_dagrun for neuralretail_drift_monitoring to 2026-06-02 08:00:00+00:00, run_after=2026-06-03 08:00:00+00:00
[2026-06-03T14:25:06.919+0000] {processor.py:183} INFO - Processing /opt/airflow/dags/dag_drift_monitoring.py took 0.154 seconds
[2026-06-03T14:25:37.175+0000] {processor.py:161} INFO - Started process (PID=537) to work on /opt/airflow/dags/dag_drift_monitoring.py
[2026-06-03T14:25:37.177+0000] {processor.py:830} INFO - Processing file /opt/airflow/dags/dag_drift_monitoring.py for tasks to queue
[2026-06-03T14:25:37.179+0000] {logging_mixin.py:188} INFO - [2026-06-03T14:25:37.179+0000] {dagbag.py:540} INFO - Filling up the DagBag from /opt/airflow/dags/dag_drift_monitoring.py
[2026-06-03T14:25:37.310+0000] {processor.py:840} INFO - DAG(s) 'neuralretail_drift_monitoring' retrieved from /opt/airflow/dags/dag_drift_monitoring.py
[2026-06-03T14:25:37.334+0000] {logging_mixin.py:188} INFO - [2026-06-03T14:25:37.334+0000] {dag.py:3096} INFO - Sync 1 DAGs
[2026-06-03T14:25:37.357+0000] {logging_mixin.py:188} INFO - [2026-06-03T14:25:37.356+0000] {dag.py:3954} INFO - Setting next_dagrun for neuralretail_drift_monitoring to 2026-06-02 08:00:00+00:00, run_after=2026-06-03 08:00:00+00:00
[2026-06-03T14:25:37.380+0000] {processor.py:183} INFO - Processing /opt/airflow/dags/dag_drift_monitoring.py took 0.218 seconds
[2026-06-03T14:26:07.752+0000] {processor.py:161} INFO - Started process (PID=557) to work on /opt/airflow/dags/dag_drift_monitoring.py
[2026-06-03T14:26:07.755+0000] {processor.py:830} INFO - Processing file /opt/airflow/dags/dag_drift_monitoring.py for tasks to queue
[2026-06-03T14:26:07.758+0000] {logging_mixin.py:188} INFO - [2026-06-03T14:26:07.757+0000] {dagbag.py:540} INFO - Filling up the DagBag from /opt/airflow/dags/dag_drift_monitoring.py
[2026-06-03T14:26:07.882+0000] {processor.py:840} INFO - DAG(s) 'neuralretail_drift_monitoring' retrieved from /opt/airflow/dags/dag_drift_monitoring.py
[2026-06-03T14:26:07.903+0000] {logging_mixin.py:188} INFO - [2026-06-03T14:26:07.903+0000] {dag.py:3096} INFO - Sync 1 DAGs
[2026-06-03T14:26:07.923+0000] {logging_mixin.py:188} INFO - [2026-06-03T14:26:07.922+0000] {dag.py:3954} INFO - Setting next_dagrun for neuralretail_drift_monitoring to 2026-06-02 08:00:00+00:00, run_after=2026-06-03 08:00:00+00:00
[2026-06-03T14:26:07.941+0000] {processor.py:183} INFO - Processing /opt/airflow/dags/dag_drift_monitoring.py took 0.201 seconds
[2026-06-03T14:26:38.201+0000] {processor.py:161} INFO - Started process (PID=577) to work on /opt/airflow/dags/dag_drift_monitoring.py
[2026-06-03T14:26:38.204+0000] {processor.py:830} INFO - Processing file /opt/airflow/dags/dag_drift_monitoring.py for tasks to queue
[2026-06-03T14:26:38.207+0000] {logging_mixin.py:188} INFO - [2026-06-03T14:26:38.206+0000] {dagbag.py:540} INFO - Filling up the DagBag from /opt/airflow/dags/dag_drift_monitoring.py
[2026-06-03T14:26:38.254+0000] {processor.py:840} INFO - DAG(s) 'neuralretail_drift_monitoring' retrieved from /opt/airflow/dags/dag_drift_monitoring.py
[2026-06-03T14:26:38.275+0000] {logging_mixin.py:188} INFO - [2026-06-03T14:26:38.275+0000] {dag.py:3096} INFO - Sync 1 DAGs
[2026-06-03T14:26:38.295+0000] {logging_mixin.py:188} INFO - [2026-06-03T14:26:38.295+0000] {dag.py:3954} INFO - Setting next_dagrun for neuralretail_drift_monitoring to 2026-06-02 08:00:00+00:00, run_after=2026-06-03 08:00:00+00:00
[2026-06-03T14:26:38.402+0000] {processor.py:183} INFO - Processing /opt/airflow/dags/dag_drift_monitoring.py took 0.217 seconds
[2026-06-03T14:27:08.540+0000] {processor.py:161} INFO - Started process (PID=597) to work on /opt/airflow/dags/dag_drift_monitoring.py
[2026-06-03T14:27:08.541+0000] {processor.py:830} INFO - Processing file /opt/airflow/dags/dag_drift_monitoring.py for tasks to queue
[2026-06-03T14:27:08.542+0000] {logging_mixin.py:188} INFO - [2026-06-03T14:27:08.542+0000] {dagbag.py:540} INFO - Filling up the DagBag from /opt/airflow/dags/dag_drift_monitoring.py
[2026-06-03T14:27:08.690+0000] {processor.py:840} INFO - DAG(s) 'neuralretail_drift_monitoring' retrieved from /opt/airflow/dags/dag_drift_monitoring.py
[2026-06-03T14:27:08.720+0000] {logging_mixin.py:188} INFO - [2026-06-03T14:27:08.720+0000] {dag.py:3096} INFO - Sync 1 DAGs
[2026-06-03T14:27:08.738+0000] {logging_mixin.py:188} INFO - [2026-06-03T14:27:08.738+0000] {dag.py:3954} INFO - Setting next_dagrun for neuralretail_drift_monitoring to 2026-06-02 08:00:00+00:00, run_after=2026-06-03 08:00:00+00:00
[2026-06-03T14:27:08.816+0000] {processor.py:183} INFO - Processing /opt/airflow/dags/dag_drift_monitoring.py took 0.281 seconds
[2026-06-03T14:27:39.176+0000] {processor.py:161} INFO - Started process (PID=617) to work on /opt/airflow/dags/dag_drift_monitoring.py
[2026-06-03T14:27:39.177+0000] {processor.py:830} INFO - Processing file /opt/airflow/dags/dag_drift_monitoring.py for tasks to queue
[2026-06-03T14:27:39.180+0000] {logging_mixin.py:188} INFO - [2026-06-03T14:27:39.179+0000] {dagbag.py:540} INFO - Filling up the DagBag from /opt/airflow/dags/dag_drift_monitoring.py
[2026-06-03T14:27:39.227+0000] {processor.py:840} INFO - DAG(s) 'neuralretail_drift_monitoring' retrieved from /opt/airflow/dags/dag_drift_monitoring.py
[2026-06-03T14:27:39.244+0000] {logging_mixin.py:188} INFO - [2026-06-03T14:27:39.244+0000] {dag.py:3096} INFO - Sync 1 DAGs
[2026-06-03T14:27:39.260+0000] {logging_mixin.py:188} INFO - [2026-06-03T14:27:39.260+0000] {dag.py:3954} INFO - Setting next_dagrun for neuralretail_drift_monitoring to 2026-06-02 08:00:00+00:00, run_after=2026-06-03 08:00:00+00:00
[2026-06-03T14:27:39.281+0000] {processor.py:183} INFO - Processing /opt/airflow/dags/dag_drift_monitoring.py took 0.110 seconds
[2026-06-03T14:28:10.219+0000] {processor.py:161} INFO - Started process (PID=637) to work on /opt/airflow/dags/dag_drift_monitoring.py
[2026-06-03T14:28:10.221+0000] {processor.py:830} INFO - Processing file /opt/airflow/dags/dag_drift_monitoring.py for tasks to queue
[2026-06-03T14:28:10.223+0000] {logging_mixin.py:188} INFO - [2026-06-03T14:28:10.223+0000] {dagbag.py:540} INFO - Filling up the DagBag from /opt/airflow/dags/dag_drift_monitoring.py
[2026-06-03T14:28:10.280+0000] {processor.py:840} INFO - DAG(s) 'neuralretail_drift_monitoring' retrieved from /opt/airflow/dags/dag_drift_monitoring.py
[2026-06-03T14:28:10.309+0000] {logging_mixin.py:188} INFO - [2026-06-03T14:28:10.309+0000] {dag.py:3096} INFO - Sync 1 DAGs
[2026-06-03T14:28:10.358+0000] {logging_mixin.py:188} INFO - [2026-06-03T14:28:10.358+0000] {dag.py:3954} INFO - Setting next_dagrun for neuralretail_drift_monitoring to 2026-06-02 08:00:00+00:00, run_after=2026-06-03 08:00:00+00:00
[2026-06-03T14:28:10.415+0000] {processor.py:183} INFO - Processing /opt/airflow/dags/dag_drift_monitoring.py took 0.204 seconds
[2026-06-03T14:28:41.461+0000] {processor.py:161} INFO - Started process (PID=657) to work on /opt/airflow/dags/dag_drift_monitoring.py
[2026-06-03T14:28:41.462+0000] {processor.py:830} INFO - Processing file /opt/airflow/dags/dag_drift_monitoring.py for tasks to queue
[2026-06-03T14:28:41.463+0000] {logging_mixin.py:188} INFO - [2026-06-03T14:28:41.463+0000] {dagbag.py:540} INFO - Filling up the DagBag from /opt/airflow/dags/dag_drift_monitoring.py
[2026-06-03T14:28:41.485+0000] {processor.py:840} INFO - DAG(s) 'neuralretail_drift_monitoring' retrieved from /opt/airflow/dags/dag_drift_monitoring.py
[2026-06-03T14:28:41.501+0000] {logging_mixin.py:188} INFO - [2026-06-03T14:28:41.501+0000] {dag.py:3096} INFO - Sync 1 DAGs
[2026-06-03T14:28:41.516+0000] {logging_mixin.py:188} INFO - [2026-06-03T14:28:41.516+0000] {dag.py:3954} INFO - Setting next_dagrun for neuralretail_drift_monitoring to 2026-06-02 08:00:00+00:00, run_after=2026-06-03 08:00:00+00:00
[2026-06-03T14:28:41.550+0000] {processor.py:183} INFO - Processing /opt/airflow/dags/dag_drift_monitoring.py took 0.092 seconds
[2026-06-03T14:29:11.871+0000] {processor.py:161} INFO - Started process (PID=677) to work on /opt/airflow/dags/dag_drift_monitoring.py
[2026-06-03T14:29:11.873+0000] {processor.py:830} INFO - Processing file /opt/airflow/dags/dag_drift_monitoring.py for tasks to queue
[2026-06-03T14:29:11.875+0000] {logging_mixin.py:188} INFO - [2026-06-03T14:29:11.875+0000] {dagbag.py:540} INFO - Filling up the DagBag from /opt/airflow/dags/dag_drift_monitoring.py
[2026-06-03T14:29:11.939+0000] {processor.py:840} INFO - DAG(s) 'neuralretail_drift_monitoring' retrieved from /opt/airflow/dags/dag_drift_monitoring.py
[2026-06-03T14:29:11.959+0000] {logging_mixin.py:188} INFO - [2026-06-03T14:29:11.959+0000] {dag.py:3096} INFO - Sync 1 DAGs
[2026-06-03T14:29:12.021+0000] {logging_mixin.py:188} INFO - [2026-06-03T14:29:12.020+0000] {dag.py:3954} INFO - Setting next_dagrun for neuralretail_drift_monitoring to 2026-06-02 08:00:00+00:00, run_after=2026-06-03 08:00:00+00:00
[2026-06-03T14:29:12.083+0000] {processor.py:183} INFO - Processing /opt/airflow/dags/dag_drift_monitoring.py took 0.220 seconds
[2026-06-03T14:29:42.203+0000] {processor.py:161} INFO - Started process (PID=697) to work on /opt/airflow/dags/dag_drift_monitoring.py
[2026-06-03T14:29:42.204+0000] {processor.py:830} INFO - Processing file /opt/airflow/dags/dag_drift_monitoring.py for tasks to queue
[2026-06-03T14:29:42.205+0000] {logging_mixin.py:188} INFO - [2026-06-03T14:29:42.205+0000] {dagbag.py:540} INFO - Filling up the DagBag from /opt/airflow/dags/dag_drift_monitoring.py
[2026-06-03T14:29:42.225+0000] {processor.py:840} INFO - DAG(s) 'neuralretail_drift_monitoring' retrieved from /opt/airflow/dags/dag_drift_monitoring.py
[2026-06-03T14:29:42.257+0000] {logging_mixin.py:188} INFO - [2026-06-03T14:29:42.256+0000] {dag.py:3096} INFO - Sync 1 DAGs
[2026-06-03T14:29:42.291+0000] {logging_mixin.py:188} INFO - [2026-06-03T14:29:42.291+0000] {dag.py:3954} INFO - Setting next_dagrun for neuralretail_drift_monitoring to 2026-06-02 08:00:00+00:00, run_after=2026-06-03 08:00:00+00:00
[2026-06-03T14:29:42.314+0000] {processor.py:183} INFO - Processing /opt/airflow/dags/dag_drift_monitoring.py took 0.116 seconds
[2026-06-03T14:30:12.934+0000] {processor.py:161} INFO - Started process (PID=717) to work on /opt/airflow/dags/dag_drift_monitoring.py
[2026-06-03T14:30:12.936+0000] {processor.py:830} INFO - Processing file /opt/airflow/dags/dag_drift_monitoring.py for tasks to queue
[2026-06-03T14:30:12.964+0000] {logging_mixin.py:188} INFO - [2026-06-03T14:30:12.963+0000] {dagbag.py:540} INFO - Filling up the DagBag from /opt/airflow/dags/dag_drift_monitoring.py
[2026-06-03T14:30:13.207+0000] {processor.py:840} INFO - DAG(s) 'neuralretail_drift_monitoring' retrieved from /opt/airflow/dags/dag_drift_monitoring.py
[2026-06-03T14:30:13.237+0000] {logging_mixin.py:188} INFO - [2026-06-03T14:30:13.237+0000] {dag.py:3096} INFO - Sync 1 DAGs
[2026-06-03T14:30:13.267+0000] {logging_mixin.py:188} INFO - [2026-06-03T14:30:13.267+0000] {dag.py:3954} INFO - Setting next_dagrun for neuralretail_drift_monitoring to 2026-06-02 08:00:00+00:00, run_after=2026-06-03 08:00:00+00:00
[2026-06-03T14:30:13.338+0000] {processor.py:183} INFO - Processing /opt/airflow/dags/dag_drift_monitoring.py took 0.418 seconds
[2026-06-03T14:30:43.971+0000] {processor.py:161} INFO - Started process (PID=737) to work on /opt/airflow/dags/dag_drift_monitoring.py
[2026-06-03T14:30:43.977+0000] {processor.py:830} INFO - Processing file /opt/airflow/dags/dag_drift_monitoring.py for tasks to queue
[2026-06-03T14:30:43.986+0000] {logging_mixin.py:188} INFO - [2026-06-03T14:30:43.985+0000] {dagbag.py:540} INFO - Filling up the DagBag from /opt/airflow/dags/dag_drift_monitoring.py
[2026-06-03T14:30:44.205+0000] {processor.py:840} INFO - DAG(s) 'neuralretail_drift_monitoring' retrieved from /opt/airflow/dags/dag_drift_monitoring.py
[2026-06-03T14:30:44.251+0000] {logging_mixin.py:188} INFO - [2026-06-03T14:30:44.250+0000] {dag.py:3096} INFO - Sync 1 DAGs
[2026-06-03T14:30:44.282+0000] {logging_mixin.py:188} INFO - [2026-06-03T14:30:44.282+0000] {dag.py:3954} INFO - Setting next_dagrun for neuralretail_drift_monitoring to 2026-06-02 08:00:00+00:00, run_after=2026-06-03 08:00:00+00:00
[2026-06-03T14:30:44.312+0000] {processor.py:183} INFO - Processing /opt/airflow/dags/dag_drift_monitoring.py took 0.358 seconds
[2026-06-03T14:31:15.040+0000] {processor.py:161} INFO - Started process (PID=757) to work on /opt/airflow/dags/dag_drift_monitoring.py
[2026-06-03T14:31:15.041+0000] {processor.py:830} INFO - Processing file /opt/airflow/dags/dag_drift_monitoring.py for tasks to queue
[2026-06-03T14:31:15.043+0000] {logging_mixin.py:188} INFO - [2026-06-03T14:31:15.043+0000] {dagbag.py:540} INFO - Filling up the DagBag from /opt/airflow/dags/dag_drift_monitoring.py
[2026-06-03T14:31:15.135+0000] {processor.py:840} INFO - DAG(s) 'neuralretail_drift_monitoring' retrieved from /opt/airflow/dags/dag_drift_monitoring.py
[2026-06-03T14:31:15.188+0000] {logging_mixin.py:188} INFO - [2026-06-03T14:31:15.187+0000] {dag.py:3096} INFO - Sync 1 DAGs
[2026-06-03T14:31:15.208+0000] {logging_mixin.py:188} INFO - [2026-06-03T14:31:15.207+0000] {dag.py:3954} INFO - Setting next_dagrun for neuralretail_drift_monitoring to 2026-06-02 08:00:00+00:00, run_after=2026-06-03 08:00:00+00:00
[2026-06-03T14:31:15.227+0000] {processor.py:183} INFO - Processing /opt/airflow/dags/dag_drift_monitoring.py took 0.195 seconds
[2026-06-03T14:31:45.836+0000] {processor.py:161} INFO - Started process (PID=777) to work on /opt/airflow/dags/dag_drift_monitoring.py
[2026-06-03T14:31:45.845+0000] {processor.py:830} INFO - Processing file /opt/airflow/dags/dag_drift_monitoring.py for tasks to queue
[2026-06-03T14:31:45.854+0000] {logging_mixin.py:188} INFO - [2026-06-03T14:31:45.853+0000] {dagbag.py:540} INFO - Filling up the DagBag from /opt/airflow/dags/dag_drift_monitoring.py
[2026-06-03T14:31:46.056+0000] {processor.py:840} INFO - DAG(s) 'neuralretail_drift_monitoring' retrieved from /opt/airflow/dags/dag_drift_monitoring.py
[2026-06-03T14:31:46.090+0000] {logging_mixin.py:188} INFO - [2026-06-03T14:31:46.089+0000] {dag.py:3096} INFO - Sync 1 DAGs
[2026-06-03T14:31:46.112+0000] {logging_mixin.py:188} INFO - [2026-06-03T14:31:46.112+0000] {dag.py:3954} INFO - Setting next_dagrun for neuralretail_drift_monitoring to 2026-06-02 08:00:00+00:00, run_after=2026-06-03 08:00:00+00:00
[2026-06-03T14:31:46.133+0000] {processor.py:183} INFO - Processing /opt/airflow/dags/dag_drift_monitoring.py took 0.305 seconds
[2026-06-03T14:32:16.904+0000] {processor.py:161} INFO - Started process (PID=797) to work on /opt/airflow/dags/dag_drift_monitoring.py
[2026-06-03T14:32:16.905+0000] {processor.py:830} INFO - Processing file /opt/airflow/dags/dag_drift_monitoring.py for tasks to queue
[2026-06-03T14:32:16.907+0000] {logging_mixin.py:188} INFO - [2026-06-03T14:32:16.906+0000] {dagbag.py:540} INFO - Filling up the DagBag from /opt/airflow/dags/dag_drift_monitoring.py
[2026-06-03T14:32:16.933+0000] {processor.py:840} INFO - DAG(s) 'neuralretail_drift_monitoring' retrieved from /opt/airflow/dags/dag_drift_monitoring.py
[2026-06-03T14:32:16.953+0000] {logging_mixin.py:188} INFO - [2026-06-03T14:32:16.953+0000] {dag.py:3096} INFO - Sync 1 DAGs
[2026-06-03T14:32:16.971+0000] {logging_mixin.py:188} INFO - [2026-06-03T14:32:16.970+0000] {dag.py:3954} INFO - Setting next_dagrun for neuralretail_drift_monitoring to 2026-06-02 08:00:00+00:00, run_after=2026-06-03 08:00:00+00:00
[2026-06-03T14:32:16.986+0000] {processor.py:183} INFO - Processing /opt/airflow/dags/dag_drift_monitoring.py took 0.089 seconds
[2026-06-03T14:32:47.191+0000] {processor.py:161} INFO - Started process (PID=817) to work on /opt/airflow/dags/dag_drift_monitoring.py
[2026-06-03T14:32:47.193+0000] {processor.py:830} INFO - Processing file /opt/airflow/dags/dag_drift_monitoring.py for tasks to queue
[2026-06-03T14:32:47.195+0000] {logging_mixin.py:188} INFO - [2026-06-03T14:32:47.195+0000] {dagbag.py:540} INFO - Filling up the DagBag from /opt/airflow/dags/dag_drift_monitoring.py
[2026-06-03T14:32:47.254+0000] {processor.py:840} INFO - DAG(s) 'neuralretail_drift_monitoring' retrieved from /opt/airflow/dags/dag_drift_monitoring.py
[2026-06-03T14:32:47.277+0000] {logging_mixin.py:188} INFO - [2026-06-03T14:32:47.276+0000] {dag.py:3096} INFO - Sync 1 DAGs
[2026-06-03T14:32:47.296+0000] {logging_mixin.py:188} INFO - [2026-06-03T14:32:47.296+0000] {dag.py:3954} INFO - Setting next_dagrun for neuralretail_drift_monitoring to 2026-06-02 08:00:00+00:00, run_after=2026-06-03 08:00:00+00:00
[2026-06-03T14:32:47.318+0000] {processor.py:183} INFO - Processing /opt/airflow/dags/dag_drift_monitoring.py took 0.138 seconds
[2026-06-03T14:33:18.167+0000] {processor.py:161} INFO - Started process (PID=837) to work on /opt/airflow/dags/dag_drift_monitoring.py
[2026-06-03T14:33:18.168+0000] {processor.py:830} INFO - Processing file /opt/airflow/dags/dag_drift_monitoring.py for tasks to queue
[2026-06-03T14:33:18.170+0000] {logging_mixin.py:188} INFO - [2026-06-03T14:33:18.169+0000] {dagbag.py:540} INFO - Filling up the DagBag from /opt/airflow/dags/dag_drift_monitoring.py
[2026-06-03T14:33:18.193+0000] {processor.py:840} INFO - DAG(s) 'neuralretail_drift_monitoring' retrieved from /opt/airflow/dags/dag_drift_monitoring.py
[2026-06-03T14:33:18.214+0000] {logging_mixin.py:188} INFO - [2026-06-03T14:33:18.213+0000] {dag.py:3096} INFO - Sync 1 DAGs
[2026-06-03T14:33:18.232+0000] {logging_mixin.py:188} INFO - [2026-06-03T14:33:18.232+0000] {dag.py:3954} INFO - Setting next_dagrun for neuralretail_drift_monitoring to 2026-06-02 08:00:00+00:00, run_after=2026-06-03 08:00:00+00:00
[2026-06-03T14:33:18.249+0000] {processor.py:183} INFO - Processing /opt/airflow/dags/dag_drift_monitoring.py took 0.086 seconds
[2026-06-03T14:33:48.427+0000] {processor.py:161} INFO - Started process (PID=857) to work on /opt/airflow/dags/dag_drift_monitoring.py
[2026-06-03T14:33:48.428+0000] {processor.py:830} INFO - Processing file /opt/airflow/dags/dag_drift_monitoring.py for tasks to queue
[2026-06-03T14:33:48.430+0000] {logging_mixin.py:188} INFO - [2026-06-03T14:33:48.429+0000] {dagbag.py:540} INFO - Filling up the DagBag from /opt/airflow/dags/dag_drift_monitoring.py
[2026-06-03T14:33:48.450+0000] {processor.py:840} INFO - DAG(s) 'neuralretail_drift_monitoring' retrieved from /opt/airflow/dags/dag_drift_monitoring.py
[2026-06-03T14:33:48.471+0000] {logging_mixin.py:188} INFO - [2026-06-03T14:33:48.471+0000] {dag.py:3096} INFO - Sync 1 DAGs
[2026-06-03T14:33:48.489+0000] {logging_mixin.py:188} INFO - [2026-06-03T14:33:48.488+0000] {dag.py:3954} INFO - Setting next_dagrun for neuralretail_drift_monitoring to 2026-06-02 08:00:00+00:00, run_after=2026-06-03 08:00:00+00:00
[2026-06-03T14:33:48.506+0000] {processor.py:183} INFO - Processing /opt/airflow/dags/dag_drift_monitoring.py took 0.083 seconds
[2026-06-03T14:34:19.618+0000] {processor.py:161} INFO - Started process (PID=877) to work on /opt/airflow/dags/dag_drift_monitoring.py
[2026-06-03T14:34:19.621+0000] {processor.py:830} INFO - Processing file /opt/airflow/dags/dag_drift_monitoring.py for tasks to queue
[2026-06-03T14:34:19.625+0000] {logging_mixin.py:188} INFO - [2026-06-03T14:34:19.624+0000] {dagbag.py:540} INFO - Filling up the DagBag from /opt/airflow/dags/dag_drift_monitoring.py
[2026-06-03T14:34:19.690+0000] {processor.py:840} INFO - DAG(s) 'neuralretail_drift_monitoring' retrieved from /opt/airflow/dags/dag_drift_monitoring.py
[2026-06-03T14:34:19.719+0000] {logging_mixin.py:188} INFO - [2026-06-03T14:34:19.719+0000] {dag.py:3096} INFO - Sync 1 DAGs
[2026-06-03T14:34:19.741+0000] {logging_mixin.py:188} INFO - [2026-06-03T14:34:19.740+0000] {dag.py:3954} INFO - Setting next_dagrun for neuralretail_drift_monitoring to 2026-06-02 08:00:00+00:00, run_after=2026-06-03 08:00:00+00:00
[2026-06-03T14:34:20.178+0000] {processor.py:183} INFO - Processing /opt/airflow/dags/dag_drift_monitoring.py took 0.567 seconds
[2026-06-03T14:34:51.013+0000] {processor.py:161} INFO - Started process (PID=897) to work on /opt/airflow/dags/dag_drift_monitoring.py
[2026-06-03T14:34:51.014+0000] {processor.py:830} INFO - Processing file /opt/airflow/dags/dag_drift_monitoring.py for tasks to queue
[2026-06-03T14:34:51.017+0000] {logging_mixin.py:188} INFO - [2026-06-03T14:34:51.017+0000] {dagbag.py:540} INFO - Filling up the DagBag from /opt/airflow/dags/dag_drift_monitoring.py
[2026-06-03T14:34:51.062+0000] {processor.py:840} INFO - DAG(s) 'neuralretail_drift_monitoring' retrieved from /opt/airflow/dags/dag_drift_monitoring.py
[2026-06-03T14:34:51.082+0000] {logging_mixin.py:188} INFO - [2026-06-03T14:34:51.081+0000] {dag.py:3096} INFO - Sync 1 DAGs
[2026-06-03T14:34:51.098+0000] {logging_mixin.py:188} INFO - [2026-06-03T14:34:51.098+0000] {dag.py:3954} INFO - Setting next_dagrun for neuralretail_drift_monitoring to 2026-06-02 08:00:00+00:00, run_after=2026-06-03 08:00:00+00:00
[2026-06-03T14:34:51.114+0000] {processor.py:183} INFO - Processing /opt/airflow/dags/dag_drift_monitoring.py took 0.105 seconds
[2026-06-03T14:35:22.107+0000] {processor.py:161} INFO - Started process (PID=917) to work on /opt/airflow/dags/dag_drift_monitoring.py
[2026-06-03T14:35:22.110+0000] {processor.py:830} INFO - Processing file /opt/airflow/dags/dag_drift_monitoring.py for tasks to queue
[2026-06-03T14:35:22.115+0000] {logging_mixin.py:188} INFO - [2026-06-03T14:35:22.114+0000] {dagbag.py:540} INFO - Filling up the DagBag from /opt/airflow/dags/dag_drift_monitoring.py
[2026-06-03T14:35:22.230+0000] {processor.py:840} INFO - DAG(s) 'neuralretail_drift_monitoring' retrieved from /opt/airflow/dags/dag_drift_monitoring.py
[2026-06-03T14:35:22.264+0000] {logging_mixin.py:188} INFO - [2026-06-03T14:35:22.263+0000] {dag.py:3096} INFO - Sync 1 DAGs
[2026-06-03T14:35:22.294+0000] {logging_mixin.py:188} INFO - [2026-06-03T14:35:22.294+0000] {dag.py:3954} INFO - Setting next_dagrun for neuralretail_drift_monitoring to 2026-06-02 08:00:00+00:00, run_after=2026-06-03 08:00:00+00:00
[2026-06-03T14:35:22.314+0000] {processor.py:183} INFO - Processing /opt/airflow/dags/dag_drift_monitoring.py took 0.214 seconds
[2026-06-03T14:35:52.750+0000] {processor.py:161} INFO - Started process (PID=937) to work on /opt/airflow/dags/dag_drift_monitoring.py
[2026-06-03T14:35:52.751+0000] {processor.py:830} INFO - Processing file /opt/airflow/dags/dag_drift_monitoring.py for tasks to queue
[2026-06-03T14:35:52.753+0000] {logging_mixin.py:188} INFO - [2026-06-03T14:35:52.753+0000] {dagbag.py:540} INFO - Filling up the DagBag from /opt/airflow/dags/dag_drift_monitoring.py
[2026-06-03T14:35:52.775+0000] {processor.py:840} INFO - DAG(s) 'neuralretail_drift_monitoring' retrieved from /opt/airflow/dags/dag_drift_monitoring.py
[2026-06-03T14:35:52.795+0000] {logging_mixin.py:188} INFO - [2026-06-03T14:35:52.794+0000] {dag.py:3096} INFO - Sync 1 DAGs
[2026-06-03T14:35:52.913+0000] {logging_mixin.py:188} INFO - [2026-06-03T14:35:52.913+0000] {dag.py:3954} INFO - Setting next_dagrun for neuralretail_drift_monitoring to 2026-06-02 08:00:00+00:00, run_after=2026-06-03 08:00:00+00:00
[2026-06-03T14:35:52.927+0000] {processor.py:183} INFO - Processing /opt/airflow/dags/dag_drift_monitoring.py took 0.181 seconds
[2026-06-03T14:36:23.199+0000] {processor.py:161} INFO - Started process (PID=957) to work on /opt/airflow/dags/dag_drift_monitoring.py
[2026-06-03T14:36:23.201+0000] {processor.py:830} INFO - Processing file /opt/airflow/dags/dag_drift_monitoring.py for tasks to queue
[2026-06-03T14:36:23.203+0000] {logging_mixin.py:188} INFO - [2026-06-03T14:36:23.203+0000] {dagbag.py:540} INFO - Filling up the DagBag from /opt/airflow/dags/dag_drift_monitoring.py
[2026-06-03T14:36:23.305+0000] {processor.py:840} INFO - DAG(s) 'neuralretail_drift_monitoring' retrieved from /opt/airflow/dags/dag_drift_monitoring.py
[2026-06-03T14:36:23.375+0000] {logging_mixin.py:188} INFO - [2026-06-03T14:36:23.374+0000] {dag.py:3096} INFO - Sync 1 DAGs
[2026-06-03T14:36:23.404+0000] {logging_mixin.py:188} INFO - [2026-06-03T14:36:23.404+0000] {dag.py:3954} INFO - Setting next_dagrun for neuralretail_drift_monitoring to 2026-06-02 08:00:00+00:00, run_after=2026-06-03 08:00:00+00:00
[2026-06-03T14:36:23.467+0000] {processor.py:183} INFO - Processing /opt/airflow/dags/dag_drift_monitoring.py took 0.274 seconds
[2026-06-03T14:36:53.769+0000] {processor.py:161} INFO - Started process (PID=977) to work on /opt/airflow/dags/dag_drift_monitoring.py
[2026-06-03T14:36:53.771+0000] {processor.py:830} INFO - Processing file /opt/airflow/dags/dag_drift_monitoring.py for tasks to queue
[2026-06-03T14:36:53.773+0000] {logging_mixin.py:188} INFO - [2026-06-03T14:36:53.773+0000] {dagbag.py:540} INFO - Filling up the DagBag from /opt/airflow/dags/dag_drift_monitoring.py
[2026-06-03T14:36:53.828+0000] {processor.py:840} INFO - DAG(s) 'neuralretail_drift_monitoring' retrieved from /opt/airflow/dags/dag_drift_monitoring.py
[2026-06-03T14:36:53.854+0000] {logging_mixin.py:188} INFO - [2026-06-03T14:36:53.854+0000] {dag.py:3096} INFO - Sync 1 DAGs
[2026-06-03T14:36:53.991+0000] {logging_mixin.py:188} INFO - [2026-06-03T14:36:53.991+0000] {dag.py:3954} INFO - Setting next_dagrun for neuralretail_drift_monitoring to 2026-06-02 08:00:00+00:00, run_after=2026-06-03 08:00:00+00:00
[2026-06-03T14:36:54.007+0000] {processor.py:183} INFO - Processing /opt/airflow/dags/dag_drift_monitoring.py took 0.246 seconds
[2026-06-03T14:37:25.117+0000] {processor.py:161} INFO - Started process (PID=997) to work on /opt/airflow/dags/dag_drift_monitoring.py
[2026-06-03T14:37:25.119+0000] {processor.py:830} INFO - Processing file /opt/airflow/dags/dag_drift_monitoring.py for tasks to queue
[2026-06-03T14:37:25.122+0000] {logging_mixin.py:188} INFO - [2026-06-03T14:37:25.121+0000] {dagbag.py:540} INFO - Filling up the DagBag from /opt/airflow/dags/dag_drift_monitoring.py
[2026-06-03T14:37:25.303+0000] {processor.py:840} INFO - DAG(s) 'neuralretail_drift_monitoring' retrieved from /opt/airflow/dags/dag_drift_monitoring.py
[2026-06-03T14:37:25.340+0000] {logging_mixin.py:188} INFO - [2026-06-03T14:37:25.339+0000] {dag.py:3096} INFO - Sync 1 DAGs
[2026-06-03T14:37:25.364+0000] {logging_mixin.py:188} INFO - [2026-06-03T14:37:25.364+0000] {dag.py:3954} INFO - Setting next_dagrun for neuralretail_drift_monitoring to 2026-06-02 08:00:00+00:00, run_after=2026-06-03 08:00:00+00:00
[2026-06-03T14:37:25.411+0000] {processor.py:183} INFO - Processing /opt/airflow/dags/dag_drift_monitoring.py took 0.304 seconds
[2026-06-03T14:37:55.743+0000] {processor.py:161} INFO - Started process (PID=1017) to work on /opt/airflow/dags/dag_drift_monitoring.py
[2026-06-03T14:37:55.744+0000] {processor.py:830} INFO - Processing file /opt/airflow/dags/dag_drift_monitoring.py for tasks to queue
[2026-06-03T14:37:55.745+0000] {logging_mixin.py:188} INFO - [2026-06-03T14:37:55.745+0000] {dagbag.py:540} INFO - Filling up the DagBag from /opt/airflow/dags/dag_drift_monitoring.py
[2026-06-03T14:37:55.780+0000] {processor.py:840} INFO - DAG(s) 'neuralretail_drift_monitoring' retrieved from /opt/airflow/dags/dag_drift_monitoring.py
[2026-06-03T14:37:55.802+0000] {logging_mixin.py:188} INFO - [2026-06-03T14:37:55.801+0000] {dag.py:3096} INFO - Sync 1 DAGs
[2026-06-03T14:37:55.818+0000] {logging_mixin.py:188} INFO - [2026-06-03T14:37:55.818+0000] {dag.py:3954} INFO - Setting next_dagrun for neuralretail_drift_monitoring to 2026-06-02 08:00:00+00:00, run_after=2026-06-03 08:00:00+00:00
[2026-06-03T14:37:55.836+0000] {processor.py:183} INFO - Processing /opt/airflow/dags/dag_drift_monitoring.py took 0.100 seconds
[2026-06-03T14:38:25.949+0000] {processor.py:161} INFO - Started process (PID=1037) to work on /opt/airflow/dags/dag_drift_monitoring.py
[2026-06-03T14:38:25.951+0000] {processor.py:830} INFO - Processing file /opt/airflow/dags/dag_drift_monitoring.py for tasks to queue
[2026-06-03T14:38:25.953+0000] {logging_mixin.py:188} INFO - [2026-06-03T14:38:25.953+0000] {dagbag.py:540} INFO - Filling up the DagBag from /opt/airflow/dags/dag_drift_monitoring.py
[2026-06-03T14:38:26.003+0000] {processor.py:840} INFO - DAG(s) 'neuralretail_drift_monitoring' retrieved from /opt/airflow/dags/dag_drift_monitoring.py
[2026-06-03T14:38:26.027+0000] {logging_mixin.py:188} INFO - [2026-06-03T14:38:26.027+0000] {dag.py:3096} INFO - Sync 1 DAGs
[2026-06-03T14:38:26.050+0000] {logging_mixin.py:188} INFO - [2026-06-03T14:38:26.050+0000] {dag.py:3954} INFO - Setting next_dagrun for neuralretail_drift_monitoring to 2026-06-02 08:00:00+00:00, run_after=2026-06-03 08:00:00+00:00
[2026-06-03T14:38:26.108+0000] {processor.py:183} INFO - Processing /opt/airflow/dags/dag_drift_monitoring.py took 0.165 seconds
[2026-06-03T14:38:56.341+0000] {processor.py:161} INFO - Started process (PID=1057) to work on /opt/airflow/dags/dag_drift_monitoring.py
[2026-06-03T14:38:56.342+0000] {processor.py:830} INFO - Processing file /opt/airflow/dags/dag_drift_monitoring.py for tasks to queue
[2026-06-03T14:38:56.343+0000] {logging_mixin.py:188} INFO - [2026-06-03T14:38:56.343+0000] {dagbag.py:540} INFO - Filling up the DagBag from /opt/airflow/dags/dag_drift_monitoring.py
[2026-06-03T14:38:56.363+0000] {processor.py:840} INFO - DAG(s) 'neuralretail_drift_monitoring' retrieved from /opt/airflow/dags/dag_drift_monitoring.py
[2026-06-03T14:38:56.381+0000] {logging_mixin.py:188} INFO - [2026-06-03T14:38:56.381+0000] {dag.py:3096} INFO - Sync 1 DAGs
[2026-06-03T14:38:56.397+0000] {logging_mixin.py:188} INFO - [2026-06-03T14:38:56.397+0000] {dag.py:3954} INFO - Setting next_dagrun for neuralretail_drift_monitoring to 2026-06-02 08:00:00+00:00, run_after=2026-06-03 08:00:00+00:00
[2026-06-03T14:38:56.412+0000] {processor.py:183} INFO - Processing /opt/airflow/dags/dag_drift_monitoring.py took 0.075 seconds
[2026-06-03T14:39:26.847+0000] {processor.py:161} INFO - Started process (PID=1077) to work on /opt/airflow/dags/dag_drift_monitoring.py
[2026-06-03T14:39:26.848+0000] {processor.py:830} INFO - Processing file /opt/airflow/dags/dag_drift_monitoring.py for tasks to queue
[2026-06-03T14:39:26.850+0000] {logging_mixin.py:188} INFO - [2026-06-03T14:39:26.849+0000] {dagbag.py:540} INFO - Filling up the DagBag from /opt/airflow/dags/dag_drift_monitoring.py
[2026-06-03T14:39:26.891+0000] {processor.py:840} INFO - DAG(s) 'neuralretail_drift_monitoring' retrieved from /opt/airflow/dags/dag_drift_monitoring.py
[2026-06-03T14:39:26.911+0000] {logging_mixin.py:188} INFO - [2026-06-03T14:39:26.911+0000] {dag.py:3096} INFO - Sync 1 DAGs
[2026-06-03T14:39:26.929+0000] {logging_mixin.py:188} INFO - [2026-06-03T14:39:26.929+0000] {dag.py:3954} INFO - Setting next_dagrun for neuralretail_drift_monitoring to 2026-06-02 08:00:00+00:00, run_after=2026-06-03 08:00:00+00:00
[2026-06-03T14:39:26.945+0000] {processor.py:183} INFO - Processing /opt/airflow/dags/dag_drift_monitoring.py took 0.104 seconds
[2026-06-03T14:39:58.041+0000] {processor.py:161} INFO - Started process (PID=1097) to work on /opt/airflow/dags/dag_drift_monitoring.py
[2026-06-03T14:39:58.042+0000] {processor.py:830} INFO - Processing file /opt/airflow/dags/dag_drift_monitoring.py for tasks to queue
[2026-06-03T14:39:58.044+0000] {logging_mixin.py:188} INFO - [2026-06-03T14:39:58.044+0000] {dagbag.py:540} INFO - Filling up the DagBag from /opt/airflow/dags/dag_drift_monitoring.py
[2026-06-03T14:39:58.089+0000] {processor.py:840} INFO - DAG(s) 'neuralretail_drift_monitoring' retrieved from /opt/airflow/dags/dag_drift_monitoring.py
[2026-06-03T14:39:58.125+0000] {logging_mixin.py:188} INFO - [2026-06-03T14:39:58.125+0000] {dag.py:3096} INFO - Sync 1 DAGs
[2026-06-03T14:39:58.147+0000] {logging_mixin.py:188} INFO - [2026-06-03T14:39:58.147+0000] {dag.py:3954} INFO - Setting next_dagrun for neuralretail_drift_monitoring to 2026-06-02 08:00:00+00:00, run_after=2026-06-03 08:00:00+00:00
[2026-06-03T14:39:58.171+0000] {processor.py:183} INFO - Processing /opt/airflow/dags/dag_drift_monitoring.py took 0.135 seconds
[2026-06-03T14:40:29.212+0000] {processor.py:161} INFO - Started process (PID=1117) to work on /opt/airflow/dags/dag_drift_monitoring.py
[2026-06-03T14:40:29.213+0000] {processor.py:830} INFO - Processing file /opt/airflow/dags/dag_drift_monitoring.py for tasks to queue
[2026-06-03T14:40:29.215+0000] {logging_mixin.py:188} INFO - [2026-06-03T14:40:29.215+0000] {dagbag.py:540} INFO - Filling up the DagBag from /opt/airflow/dags/dag_drift_monitoring.py
[2026-06-03T14:40:29.238+0000] {processor.py:840} INFO - DAG(s) 'neuralretail_drift_monitoring' retrieved from /opt/airflow/dags/dag_drift_monitoring.py
[2026-06-03T14:40:29.256+0000] {logging_mixin.py:188} INFO - [2026-06-03T14:40:29.256+0000] {dag.py:3096} INFO - Sync 1 DAGs
[2026-06-03T14:40:29.273+0000] {logging_mixin.py:188} INFO - [2026-06-03T14:40:29.273+0000] {dag.py:3954} INFO - Setting next_dagrun for neuralretail_drift_monitoring to 2026-06-02 08:00:00+00:00, run_after=2026-06-03 08:00:00+00:00
[2026-06-03T14:40:29.289+0000] {processor.py:183} INFO - Processing /opt/airflow/dags/dag_drift_monitoring.py took 0.081 seconds
[2026-06-03T14:40:59.831+0000] {processor.py:161} INFO - Started process (PID=1137) to work on /opt/airflow/dags/dag_drift_monitoring.py
[2026-06-03T14:40:59.833+0000] {processor.py:830} INFO - Processing file /opt/airflow/dags/dag_drift_monitoring.py for tasks to queue
[2026-06-03T14:40:59.837+0000] {logging_mixin.py:188} INFO - [2026-06-03T14:40:59.837+0000] {dagbag.py:540} INFO - Filling up the DagBag from /opt/airflow/dags/dag_drift_monitoring.py
[2026-06-03T14:40:59.913+0000] {processor.py:840} INFO - DAG(s) 'neuralretail_drift_monitoring' retrieved from /opt/airflow/dags/dag_drift_monitoring.py
[2026-06-03T14:40:59.934+0000] {logging_mixin.py:188} INFO - [2026-06-03T14:40:59.933+0000] {dag.py:3096} INFO - Sync 1 DAGs
[2026-06-03T14:40:59.950+0000] {logging_mixin.py:188} INFO - [2026-06-03T14:40:59.950+0000] {dag.py:3954} INFO - Setting next_dagrun for neuralretail_drift_monitoring to 2026-06-02 08:00:00+00:00, run_after=2026-06-03 08:00:00+00:00
[2026-06-03T14:40:59.971+0000] {processor.py:183} INFO - Processing /opt/airflow/dags/dag_drift_monitoring.py took 0.146 seconds
[2026-06-03T14:41:30.159+0000] {processor.py:161} INFO - Started process (PID=1157) to work on /opt/airflow/dags/dag_drift_monitoring.py
[2026-06-03T14:41:30.162+0000] {processor.py:830} INFO - Processing file /opt/airflow/dags/dag_drift_monitoring.py for tasks to queue
[2026-06-03T14:41:30.164+0000] {logging_mixin.py:188} INFO - [2026-06-03T14:41:30.164+0000] {dagbag.py:540} INFO - Filling up the DagBag from /opt/airflow/dags/dag_drift_monitoring.py
[2026-06-03T14:41:30.243+0000] {processor.py:840} INFO - DAG(s) 'neuralretail_drift_monitoring' retrieved from /opt/airflow/dags/dag_drift_monitoring.py
[2026-06-03T14:41:30.267+0000] {logging_mixin.py:188} INFO - [2026-06-03T14:41:30.267+0000] {dag.py:3096} INFO - Sync 1 DAGs
[2026-06-03T14:41:30.289+0000] {logging_mixin.py:188} INFO - [2026-06-03T14:41:30.289+0000] {dag.py:3954} INFO - Setting next_dagrun for neuralretail_drift_monitoring to 2026-06-02 08:00:00+00:00, run_after=2026-06-03 08:00:00+00:00
[2026-06-03T14:41:30.319+0000] {processor.py:183} INFO - Processing /opt/airflow/dags/dag_drift_monitoring.py took 0.167 seconds
[2026-06-03T14:42:01.334+0000] {processor.py:161} INFO - Started process (PID=1177) to work on /opt/airflow/dags/dag_drift_monitoring.py
[2026-06-03T14:42:01.336+0000] {processor.py:830} INFO - Processing file /opt/airflow/dags/dag_drift_monitoring.py for tasks to queue
[2026-06-03T14:42:01.338+0000] {logging_mixin.py:188} INFO - [2026-06-03T14:42:01.337+0000] {dagbag.py:540} INFO - Filling up the DagBag from /opt/airflow/dags/dag_drift_monitoring.py
[2026-06-03T14:42:01.391+0000] {processor.py:840} INFO - DAG(s) 'neuralretail_drift_monitoring' retrieved from /opt/airflow/dags/dag_drift_monitoring.py
[2026-06-03T14:42:01.410+0000] {logging_mixin.py:188} INFO - [2026-06-03T14:42:01.409+0000] {dag.py:3096} INFO - Sync 1 DAGs
[2026-06-03T14:42:01.427+0000] {logging_mixin.py:188} INFO - [2026-06-03T14:42:01.427+0000] {dag.py:3954} INFO - Setting next_dagrun for neuralretail_drift_monitoring to 2026-06-02 08:00:00+00:00, run_after=2026-06-03 08:00:00+00:00
[2026-06-03T14:42:01.449+0000] {processor.py:183} INFO - Processing /opt/airflow/dags/dag_drift_monitoring.py took 0.121 seconds
[2026-06-03T14:42:31.723+0000] {processor.py:161} INFO - Started process (PID=1197) to work on /opt/airflow/dags/dag_drift_monitoring.py
[2026-06-03T14:42:31.726+0000] {processor.py:830} INFO - Processing file /opt/airflow/dags/dag_drift_monitoring.py for tasks to queue
[2026-06-03T14:42:31.732+0000] {logging_mixin.py:188} INFO - [2026-06-03T14:42:31.732+0000] {dagbag.py:540} INFO - Filling up the DagBag from /opt/airflow/dags/dag_drift_monitoring.py
[2026-06-03T14:42:31.794+0000] {processor.py:840} INFO - DAG(s) 'neuralretail_drift_monitoring' retrieved from /opt/airflow/dags/dag_drift_monitoring.py
[2026-06-03T14:42:31.813+0000] {logging_mixin.py:188} INFO - [2026-06-03T14:42:31.813+0000] {dag.py:3096} INFO - Sync 1 DAGs
[2026-06-03T14:42:31.834+0000] {logging_mixin.py:188} INFO - [2026-06-03T14:42:31.834+0000] {dag.py:3954} INFO - Setting next_dagrun for neuralretail_drift_monitoring to 2026-06-02 08:00:00+00:00, run_after=2026-06-03 08:00:00+00:00
[2026-06-03T14:42:31.859+0000] {processor.py:183} INFO - Processing /opt/airflow/dags/dag_drift_monitoring.py took 0.153 seconds
[2026-06-03T14:43:02.097+0000] {processor.py:161} INFO - Started process (PID=1217) to work on /opt/airflow/dags/dag_drift_monitoring.py
[2026-06-03T14:43:02.098+0000] {processor.py:830} INFO - Processing file /opt/airflow/dags/dag_drift_monitoring.py for tasks to queue
[2026-06-03T14:43:02.099+0000] {logging_mixin.py:188} INFO - [2026-06-03T14:43:02.099+0000] {dagbag.py:540} INFO - Filling up the DagBag from /opt/airflow/dags/dag_drift_monitoring.py
[2026-06-03T14:43:02.120+0000] {processor.py:840} INFO - DAG(s) 'neuralretail_drift_monitoring' retrieved from /opt/airflow/dags/dag_drift_monitoring.py
[2026-06-03T14:43:02.139+0000] {logging_mixin.py:188} INFO - [2026-06-03T14:43:02.139+0000] {dag.py:3096} INFO - Sync 1 DAGs
[2026-06-03T14:43:02.157+0000] {logging_mixin.py:188} INFO - [2026-06-03T14:43:02.157+0000] {dag.py:3954} INFO - Setting next_dagrun for neuralretail_drift_monitoring to 2026-06-02 08:00:00+00:00, run_after=2026-06-03 08:00:00+00:00
[2026-06-03T14:43:02.175+0000] {processor.py:183} INFO - Processing /opt/airflow/dags/dag_drift_monitoring.py took 0.082 seconds
[2026-06-03T14:43:32.247+0000] {processor.py:161} INFO - Started process (PID=1237) to work on /opt/airflow/dags/dag_drift_monitoring.py
[2026-06-03T14:43:32.248+0000] {processor.py:830} INFO - Processing file /opt/airflow/dags/dag_drift_monitoring.py for tasks to queue
[2026-06-03T14:43:32.249+0000] {logging_mixin.py:188} INFO - [2026-06-03T14:43:32.249+0000] {dagbag.py:540} INFO - Filling up the DagBag from /opt/airflow/dags/dag_drift_monitoring.py
[2026-06-03T14:43:32.270+0000] {processor.py:840} INFO - DAG(s) 'neuralretail_drift_monitoring' retrieved from /opt/airflow/dags/dag_drift_monitoring.py
[2026-06-03T14:43:32.322+0000] {logging_mixin.py:188} INFO - [2026-06-03T14:43:32.322+0000] {dag.py:3096} INFO - Sync 1 DAGs
[2026-06-03T14:43:32.339+0000] {logging_mixin.py:188} INFO - [2026-06-03T14:43:32.338+0000] {dag.py:3954} INFO - Setting next_dagrun for neuralretail_drift_monitoring to 2026-06-02 08:00:00+00:00, run_after=2026-06-03 08:00:00+00:00
[2026-06-03T14:43:32.360+0000] {processor.py:183} INFO - Processing /opt/airflow/dags/dag_drift_monitoring.py took 0.117 seconds
[2026-06-03T14:44:02.434+0000] {processor.py:161} INFO - Started process (PID=1257) to work on /opt/airflow/dags/dag_drift_monitoring.py
[2026-06-03T14:44:02.435+0000] {processor.py:830} INFO - Processing file /opt/airflow/dags/dag_drift_monitoring.py for tasks to queue
[2026-06-03T14:44:02.436+0000] {logging_mixin.py:188} INFO - [2026-06-03T14:44:02.436+0000] {dagbag.py:540} INFO - Filling up the DagBag from /opt/airflow/dags/dag_drift_monitoring.py
[2026-06-03T14:44:02.473+0000] {processor.py:840} INFO - DAG(s) 'neuralretail_drift_monitoring' retrieved from /opt/airflow/dags/dag_drift_monitoring.py
[2026-06-03T14:44:02.494+0000] {logging_mixin.py:188} INFO - [2026-06-03T14:44:02.494+0000] {dag.py:3096} INFO - Sync 1 DAGs
[2026-06-03T14:44:02.511+0000] {logging_mixin.py:188} INFO - [2026-06-03T14:44:02.511+0000] {dag.py:3954} INFO - Setting next_dagrun for neuralretail_drift_monitoring to 2026-06-02 08:00:00+00:00, run_after=2026-06-03 08:00:00+00:00
[2026-06-03T14:44:02.530+0000] {processor.py:183} INFO - Processing /opt/airflow/dags/dag_drift_monitoring.py took 0.101 seconds
[2026-06-03T14:44:32.670+0000] {processor.py:161} INFO - Started process (PID=1277) to work on /opt/airflow/dags/dag_drift_monitoring.py
[2026-06-03T14:44:32.671+0000] {processor.py:830} INFO - Processing file /opt/airflow/dags/dag_drift_monitoring.py for tasks to queue
[2026-06-03T14:44:32.672+0000] {logging_mixin.py:188} INFO - [2026-06-03T14:44:32.672+0000] {dagbag.py:540} INFO - Filling up the DagBag from /opt/airflow/dags/dag_drift_monitoring.py
[2026-06-03T14:44:32.694+0000] {processor.py:840} INFO - DAG(s) 'neuralretail_drift_monitoring' retrieved from /opt/airflow/dags/dag_drift_monitoring.py
[2026-06-03T14:44:32.713+0000] {logging_mixin.py:188} INFO - [2026-06-03T14:44:32.712+0000] {dag.py:3096} INFO - Sync 1 DAGs
[2026-06-03T14:44:32.729+0000] {logging_mixin.py:188} INFO - [2026-06-03T14:44:32.729+0000] {dag.py:3954} INFO - Setting next_dagrun for neuralretail_drift_monitoring to 2026-06-02 08:00:00+00:00, run_after=2026-06-03 08:00:00+00:00
[2026-06-03T14:44:32.745+0000] {processor.py:183} INFO - Processing /opt/airflow/dags/dag_drift_monitoring.py took 0.080 seconds
[2026-06-03T14:45:03.838+0000] {processor.py:161} INFO - Started process (PID=1297) to work on /opt/airflow/dags/dag_drift_monitoring.py
[2026-06-03T14:45:03.840+0000] {processor.py:830} INFO - Processing file /opt/airflow/dags/dag_drift_monitoring.py for tasks to queue
[2026-06-03T14:45:03.843+0000] {logging_mixin.py:188} INFO - [2026-06-03T14:45:03.842+0000] {dagbag.py:540} INFO - Filling up the DagBag from /opt/airflow/dags/dag_drift_monitoring.py
[2026-06-03T14:45:03.910+0000] {processor.py:840} INFO - DAG(s) 'neuralretail_drift_monitoring' retrieved from /opt/airflow/dags/dag_drift_monitoring.py
[2026-06-03T14:45:03.930+0000] {logging_mixin.py:188} INFO - [2026-06-03T14:45:03.930+0000] {dag.py:3096} INFO - Sync 1 DAGs
[2026-06-03T14:45:03.951+0000] {logging_mixin.py:188} INFO - [2026-06-03T14:45:03.951+0000] {dag.py:3954} INFO - Setting next_dagrun for neuralretail_drift_monitoring to 2026-06-02 08:00:00+00:00, run_after=2026-06-03 08:00:00+00:00
[2026-06-03T14:45:04.005+0000] {processor.py:183} INFO - Processing /opt/airflow/dags/dag_drift_monitoring.py took 0.178 seconds
[2026-06-03T14:45:35.070+0000] {processor.py:161} INFO - Started process (PID=1317) to work on /opt/airflow/dags/dag_drift_monitoring.py
[2026-06-03T14:45:35.071+0000] {processor.py:830} INFO - Processing file /opt/airflow/dags/dag_drift_monitoring.py for tasks to queue
[2026-06-03T14:45:35.073+0000] {logging_mixin.py:188} INFO - [2026-06-03T14:45:35.072+0000] {dagbag.py:540} INFO - Filling up the DagBag from /opt/airflow/dags/dag_drift_monitoring.py
[2026-06-03T14:45:35.094+0000] {processor.py:840} INFO - DAG(s) 'neuralretail_drift_monitoring' retrieved from /opt/airflow/dags/dag_drift_monitoring.py
[2026-06-03T14:45:35.112+0000] {logging_mixin.py:188} INFO - [2026-06-03T14:45:35.112+0000] {dag.py:3096} INFO - Sync 1 DAGs
[2026-06-03T14:45:35.129+0000] {logging_mixin.py:188} INFO - [2026-06-03T14:45:35.129+0000] {dag.py:3954} INFO - Setting next_dagrun for neuralretail_drift_monitoring to 2026-06-02 08:00:00+00:00, run_after=2026-06-03 08:00:00+00:00
[2026-06-03T14:45:35.146+0000] {processor.py:183} INFO - Processing /opt/airflow/dags/dag_drift_monitoring.py took 0.080 seconds
[2026-06-03T14:46:06.186+0000] {processor.py:161} INFO - Started process (PID=1337) to work on /opt/airflow/dags/dag_drift_monitoring.py
[2026-06-03T14:46:06.188+0000] {processor.py:830} INFO - Processing file /opt/airflow/dags/dag_drift_monitoring.py for tasks to queue
[2026-06-03T14:46:06.192+0000] {logging_mixin.py:188} INFO - [2026-06-03T14:46:06.191+0000] {dagbag.py:540} INFO - Filling up the DagBag from /opt/airflow/dags/dag_drift_monitoring.py
[2026-06-03T14:46:06.225+0000] {processor.py:840} INFO - DAG(s) 'neuralretail_drift_monitoring' retrieved from /opt/airflow/dags/dag_drift_monitoring.py
[2026-06-03T14:46:06.245+0000] {logging_mixin.py:188} INFO - [2026-06-03T14:46:06.245+0000] {dag.py:3096} INFO - Sync 1 DAGs
[2026-06-03T14:46:06.263+0000] {logging_mixin.py:188} INFO - [2026-06-03T14:46:06.263+0000] {dag.py:3954} INFO - Setting next_dagrun for neuralretail_drift_monitoring to 2026-06-02 08:00:00+00:00, run_after=2026-06-03 08:00:00+00:00
[2026-06-03T14:46:06.279+0000] {processor.py:183} INFO - Processing /opt/airflow/dags/dag_drift_monitoring.py took 0.105 seconds
[2026-06-03T14:46:36.450+0000] {processor.py:161} INFO - Started process (PID=1357) to work on /opt/airflow/dags/dag_drift_monitoring.py
[2026-06-03T14:46:36.452+0000] {processor.py:830} INFO - Processing file /opt/airflow/dags/dag_drift_monitoring.py for tasks to queue
[2026-06-03T14:46:36.454+0000] {logging_mixin.py:188} INFO - [2026-06-03T14:46:36.454+0000] {dagbag.py:540} INFO - Filling up the DagBag from /opt/airflow/dags/dag_drift_monitoring.py
[2026-06-03T14:46:36.505+0000] {processor.py:840} INFO - DAG(s) 'neuralretail_drift_monitoring' retrieved from /opt/airflow/dags/dag_drift_monitoring.py
[2026-06-03T14:46:36.525+0000] {logging_mixin.py:188} INFO - [2026-06-03T14:46:36.525+0000] {dag.py:3096} INFO - Sync 1 DAGs
[2026-06-03T14:46:36.543+0000] {logging_mixin.py:188} INFO - [2026-06-03T14:46:36.543+0000] {dag.py:3954} INFO - Setting next_dagrun for neuralretail_drift_monitoring to 2026-06-02 08:00:00+00:00, run_after=2026-06-03 08:00:00+00:00
[2026-06-03T14:46:36.558+0000] {processor.py:183} INFO - Processing /opt/airflow/dags/dag_drift_monitoring.py took 0.112 seconds
[2026-06-03T14:47:06.778+0000] {processor.py:161} INFO - Started process (PID=1377) to work on /opt/airflow/dags/dag_drift_monitoring.py
[2026-06-03T14:47:06.779+0000] {processor.py:830} INFO - Processing file /opt/airflow/dags/dag_drift_monitoring.py for tasks to queue
[2026-06-03T14:47:06.781+0000] {logging_mixin.py:188} INFO - [2026-06-03T14:47:06.780+0000] {dagbag.py:540} INFO - Filling up the DagBag from /opt/airflow/dags/dag_drift_monitoring.py
[2026-06-03T14:47:06.809+0000] {processor.py:840} INFO - DAG(s) 'neuralretail_drift_monitoring' retrieved from /opt/airflow/dags/dag_drift_monitoring.py
[2026-06-03T14:47:06.829+0000] {logging_mixin.py:188} INFO - [2026-06-03T14:47:06.829+0000] {dag.py:3096} INFO - Sync 1 DAGs
[2026-06-03T14:47:06.845+0000] {logging_mixin.py:188} INFO - [2026-06-03T14:47:06.845+0000] {dag.py:3954} INFO - Setting next_dagrun for neuralretail_drift_monitoring to 2026-06-02 08:00:00+00:00, run_after=2026-06-03 08:00:00+00:00
[2026-06-03T14:47:06.860+0000] {processor.py:183} INFO - Processing /opt/airflow/dags/dag_drift_monitoring.py took 0.086 seconds
[2026-06-03T14:47:37.032+0000] {processor.py:161} INFO - Started process (PID=1397) to work on /opt/airflow/dags/dag_drift_monitoring.py
[2026-06-03T14:47:37.032+0000] {processor.py:830} INFO - Processing file /opt/airflow/dags/dag_drift_monitoring.py for tasks to queue
[2026-06-03T14:47:37.034+0000] {logging_mixin.py:188} INFO - [2026-06-03T14:47:37.034+0000] {dagbag.py:540} INFO - Filling up the DagBag from /opt/airflow/dags/dag_drift_monitoring.py
[2026-06-03T14:47:37.075+0000] {processor.py:840} INFO - DAG(s) 'neuralretail_drift_monitoring' retrieved from /opt/airflow/dags/dag_drift_monitoring.py
[2026-06-03T14:47:37.096+0000] {logging_mixin.py:188} INFO - [2026-06-03T14:47:37.096+0000] {dag.py:3096} INFO - Sync 1 DAGs
[2026-06-03T14:47:37.112+0000] {logging_mixin.py:188} INFO - [2026-06-03T14:47:37.112+0000] {dag.py:3954} INFO - Setting next_dagrun for neuralretail_drift_monitoring to 2026-06-02 08:00:00+00:00, run_after=2026-06-03 08:00:00+00:00
[2026-06-03T14:47:37.167+0000] {processor.py:183} INFO - Processing /opt/airflow/dags/dag_drift_monitoring.py took 0.140 seconds
[2026-06-03T14:48:07.257+0000] {processor.py:161} INFO - Started process (PID=1420) to work on /opt/airflow/dags/dag_drift_monitoring.py
[2026-06-03T14:48:07.258+0000] {processor.py:830} INFO - Processing file /opt/airflow/dags/dag_drift_monitoring.py for tasks to queue
[2026-06-03T14:48:07.259+0000] {logging_mixin.py:188} INFO - [2026-06-03T14:48:07.259+0000] {dagbag.py:540} INFO - Filling up the DagBag from /opt/airflow/dags/dag_drift_monitoring.py
[2026-06-03T14:48:07.281+0000] {processor.py:840} INFO - DAG(s) 'neuralretail_drift_monitoring' retrieved from /opt/airflow/dags/dag_drift_monitoring.py
[2026-06-03T14:48:07.303+0000] {logging_mixin.py:188} INFO - [2026-06-03T14:48:07.303+0000] {dag.py:3096} INFO - Sync 1 DAGs
[2026-06-03T14:48:07.319+0000] {logging_mixin.py:188} INFO - [2026-06-03T14:48:07.319+0000] {dag.py:3954} INFO - Setting next_dagrun for neuralretail_drift_monitoring to 2026-06-02 08:00:00+00:00, run_after=2026-06-03 08:00:00+00:00
[2026-06-03T14:48:07.335+0000] {processor.py:183} INFO - Processing /opt/airflow/dags/dag_drift_monitoring.py took 0.084 seconds
[2026-06-03T14:48:37.566+0000] {processor.py:161} INFO - Started process (PID=1437) to work on /opt/airflow/dags/dag_drift_monitoring.py
[2026-06-03T14:48:37.567+0000] {processor.py:830} INFO - Processing file /opt/airflow/dags/dag_drift_monitoring.py for tasks to queue
[2026-06-03T14:48:37.569+0000] {logging_mixin.py:188} INFO - [2026-06-03T14:48:37.568+0000] {dagbag.py:540} INFO - Filling up the DagBag from /opt/airflow/dags/dag_drift_monitoring.py
[2026-06-03T14:48:37.612+0000] {processor.py:840} INFO - DAG(s) 'neuralretail_drift_monitoring' retrieved from /opt/airflow/dags/dag_drift_monitoring.py
[2026-06-03T14:48:37.649+0000] {logging_mixin.py:188} INFO - [2026-06-03T14:48:37.649+0000] {dag.py:3096} INFO - Sync 1 DAGs
[2026-06-03T14:48:37.670+0000] {logging_mixin.py:188} INFO - [2026-06-03T14:48:37.670+0000] {dag.py:3954} INFO - Setting next_dagrun for neuralretail_drift_monitoring to 2026-06-02 08:00:00+00:00, run_after=2026-06-03 08:00:00+00:00
[2026-06-03T14:48:37.699+0000] {processor.py:183} INFO - Processing /opt/airflow/dags/dag_drift_monitoring.py took 0.138 seconds
[2026-06-03T14:49:07.907+0000] {processor.py:161} INFO - Started process (PID=1457) to work on /opt/airflow/dags/dag_drift_monitoring.py
[2026-06-03T14:49:07.909+0000] {processor.py:830} INFO - Processing file /opt/airflow/dags/dag_drift_monitoring.py for tasks to queue
[2026-06-03T14:49:07.910+0000] {logging_mixin.py:188} INFO - [2026-06-03T14:49:07.910+0000] {dagbag.py:540} INFO - Filling up the DagBag from /opt/airflow/dags/dag_drift_monitoring.py
[2026-06-03T14:49:07.934+0000] {processor.py:840} INFO - DAG(s) 'neuralretail_drift_monitoring' retrieved from /opt/airflow/dags/dag_drift_monitoring.py
[2026-06-03T14:49:07.955+0000] {logging_mixin.py:188} INFO - [2026-06-03T14:49:07.955+0000] {dag.py:3096} INFO - Sync 1 DAGs
[2026-06-03T14:49:07.974+0000] {logging_mixin.py:188} INFO - [2026-06-03T14:49:07.973+0000] {dag.py:3954} INFO - Setting next_dagrun for neuralretail_drift_monitoring to 2026-06-02 08:00:00+00:00, run_after=2026-06-03 08:00:00+00:00
[2026-06-03T14:49:07.994+0000] {processor.py:183} INFO - Processing /opt/airflow/dags/dag_drift_monitoring.py took 0.091 seconds
[2026-06-03T14:49:38.194+0000] {processor.py:161} INFO - Started process (PID=1477) to work on /opt/airflow/dags/dag_drift_monitoring.py
[2026-06-03T14:49:38.195+0000] {processor.py:830} INFO - Processing file /opt/airflow/dags/dag_drift_monitoring.py for tasks to queue
[2026-06-03T14:49:38.197+0000] {logging_mixin.py:188} INFO - [2026-06-03T14:49:38.196+0000] {dagbag.py:540} INFO - Filling up the DagBag from /opt/airflow/dags/dag_drift_monitoring.py
[2026-06-03T14:49:38.220+0000] {processor.py:840} INFO - DAG(s) 'neuralretail_drift_monitoring' retrieved from /opt/airflow/dags/dag_drift_monitoring.py
[2026-06-03T14:49:38.238+0000] {logging_mixin.py:188} INFO - [2026-06-03T14:49:38.238+0000] {dag.py:3096} INFO - Sync 1 DAGs
[2026-06-03T14:49:38.255+0000] {logging_mixin.py:188} INFO - [2026-06-03T14:49:38.255+0000] {dag.py:3954} INFO - Setting next_dagrun for neuralretail_drift_monitoring to 2026-06-02 08:00:00+00:00, run_after=2026-06-03 08:00:00+00:00
[2026-06-03T14:49:38.271+0000] {processor.py:183} INFO - Processing /opt/airflow/dags/dag_drift_monitoring.py took 0.082 seconds
[2026-06-03T14:50:09.268+0000] {processor.py:161} INFO - Started process (PID=1497) to work on /opt/airflow/dags/dag_drift_monitoring.py
[2026-06-03T14:50:09.269+0000] {processor.py:830} INFO - Processing file /opt/airflow/dags/dag_drift_monitoring.py for tasks to queue
[2026-06-03T14:50:09.271+0000] {logging_mixin.py:188} INFO - [2026-06-03T14:50:09.271+0000] {dagbag.py:540} INFO - Filling up the DagBag from /opt/airflow/dags/dag_drift_monitoring.py
[2026-06-03T14:50:09.291+0000] {processor.py:840} INFO - DAG(s) 'neuralretail_drift_monitoring' retrieved from /opt/airflow/dags/dag_drift_monitoring.py
[2026-06-03T14:50:09.310+0000] {logging_mixin.py:188} INFO - [2026-06-03T14:50:09.310+0000] {dag.py:3096} INFO - Sync 1 DAGs
[2026-06-03T14:50:09.327+0000] {logging_mixin.py:188} INFO - [2026-06-03T14:50:09.327+0000] {dag.py:3954} INFO - Setting next_dagrun for neuralretail_drift_monitoring to 2026-06-02 08:00:00+00:00, run_after=2026-06-03 08:00:00+00:00
[2026-06-03T14:50:09.344+0000] {processor.py:183} INFO - Processing /opt/airflow/dags/dag_drift_monitoring.py took 0.081 seconds
[2026-06-03T14:50:39.672+0000] {processor.py:161} INFO - Started process (PID=1517) to work on /opt/airflow/dags/dag_drift_monitoring.py
[2026-06-03T14:50:39.678+0000] {processor.py:830} INFO - Processing file /opt/airflow/dags/dag_drift_monitoring.py for tasks to queue
[2026-06-03T14:50:39.682+0000] {logging_mixin.py:188} INFO - [2026-06-03T14:50:39.681+0000] {dagbag.py:540} INFO - Filling up the DagBag from /opt/airflow/dags/dag_drift_monitoring.py
[2026-06-03T14:50:39.709+0000] {processor.py:840} INFO - DAG(s) 'neuralretail_drift_monitoring' retrieved from /opt/airflow/dags/dag_drift_monitoring.py
[2026-06-03T14:50:39.729+0000] {logging_mixin.py:188} INFO - [2026-06-03T14:50:39.728+0000] {dag.py:3096} INFO - Sync 1 DAGs
[2026-06-03T14:50:39.760+0000] {logging_mixin.py:188} INFO - [2026-06-03T14:50:39.760+0000] {dag.py:3954} INFO - Setting next_dagrun for neuralretail_drift_monitoring to 2026-06-02 08:00:00+00:00, run_after=2026-06-03 08:00:00+00:00
[2026-06-03T14:50:39.842+0000] {processor.py:183} INFO - Processing /opt/airflow/dags/dag_drift_monitoring.py took 0.179 seconds
[2026-06-03T14:51:09.971+0000] {processor.py:161} INFO - Started process (PID=1537) to work on /opt/airflow/dags/dag_drift_monitoring.py
[2026-06-03T14:51:09.973+0000] {processor.py:830} INFO - Processing file /opt/airflow/dags/dag_drift_monitoring.py for tasks to queue
[2026-06-03T14:51:09.974+0000] {logging_mixin.py:188} INFO - [2026-06-03T14:51:09.974+0000] {dagbag.py:540} INFO - Filling up the DagBag from /opt/airflow/dags/dag_drift_monitoring.py
[2026-06-03T14:51:09.994+0000] {processor.py:840} INFO - DAG(s) 'neuralretail_drift_monitoring' retrieved from /opt/airflow/dags/dag_drift_monitoring.py
[2026-06-03T14:51:10.013+0000] {logging_mixin.py:188} INFO - [2026-06-03T14:51:10.013+0000] {dag.py:3096} INFO - Sync 1 DAGs
[2026-06-03T14:51:10.030+0000] {logging_mixin.py:188} INFO - [2026-06-03T14:51:10.030+0000] {dag.py:3954} INFO - Setting next_dagrun for neuralretail_drift_monitoring to 2026-06-02 08:00:00+00:00, run_after=2026-06-03 08:00:00+00:00
[2026-06-03T14:51:10.046+0000] {processor.py:183} INFO - Processing /opt/airflow/dags/dag_drift_monitoring.py took 0.079 seconds
[2026-06-03T14:51:40.356+0000] {processor.py:161} INFO - Started process (PID=1557) to work on /opt/airflow/dags/dag_drift_monitoring.py
[2026-06-03T14:51:40.359+0000] {processor.py:830} INFO - Processing file /opt/airflow/dags/dag_drift_monitoring.py for tasks to queue
[2026-06-03T14:51:40.361+0000] {logging_mixin.py:188} INFO - [2026-06-03T14:51:40.360+0000] {dagbag.py:540} INFO - Filling up the DagBag from /opt/airflow/dags/dag_drift_monitoring.py
[2026-06-03T14:51:40.391+0000] {processor.py:840} INFO - DAG(s) 'neuralretail_drift_monitoring' retrieved from /opt/airflow/dags/dag_drift_monitoring.py
[2026-06-03T14:51:40.412+0000] {logging_mixin.py:188} INFO - [2026-06-03T14:51:40.411+0000] {dag.py:3096} INFO - Sync 1 DAGs
[2026-06-03T14:51:40.432+0000] {logging_mixin.py:188} INFO - [2026-06-03T14:51:40.432+0000] {dag.py:3954} INFO - Setting next_dagrun for neuralretail_drift_monitoring to 2026-06-02 08:00:00+00:00, run_after=2026-06-03 08:00:00+00:00
[2026-06-03T14:51:40.452+0000] {processor.py:183} INFO - Processing /opt/airflow/dags/dag_drift_monitoring.py took 0.101 seconds
[2026-06-03T14:52:10.569+0000] {processor.py:161} INFO - Started process (PID=1577) to work on /opt/airflow/dags/dag_drift_monitoring.py
[2026-06-03T14:52:10.570+0000] {processor.py:830} INFO - Processing file /opt/airflow/dags/dag_drift_monitoring.py for tasks to queue
[2026-06-03T14:52:10.572+0000] {logging_mixin.py:188} INFO - [2026-06-03T14:52:10.572+0000] {dagbag.py:540} INFO - Filling up the DagBag from /opt/airflow/dags/dag_drift_monitoring.py
[2026-06-03T14:52:10.602+0000] {processor.py:840} INFO - DAG(s) 'neuralretail_drift_monitoring' retrieved from /opt/airflow/dags/dag_drift_monitoring.py
[2026-06-03T14:52:10.632+0000] {logging_mixin.py:188} INFO - [2026-06-03T14:52:10.631+0000] {dag.py:3096} INFO - Sync 1 DAGs
[2026-06-03T14:52:10.651+0000] {logging_mixin.py:188} INFO - [2026-06-03T14:52:10.651+0000] {dag.py:3954} INFO - Setting next_dagrun for neuralretail_drift_monitoring to 2026-06-02 08:00:00+00:00, run_after=2026-06-03 08:00:00+00:00
[2026-06-03T14:52:10.673+0000] {processor.py:183} INFO - Processing /opt/airflow/dags/dag_drift_monitoring.py took 0.110 seconds
[2026-06-03T14:52:40.961+0000] {processor.py:161} INFO - Started process (PID=1597) to work on /opt/airflow/dags/dag_drift_monitoring.py
[2026-06-03T14:52:40.966+0000] {processor.py:830} INFO - Processing file /opt/airflow/dags/dag_drift_monitoring.py for tasks to queue
[2026-06-03T14:52:40.969+0000] {logging_mixin.py:188} INFO - [2026-06-03T14:52:40.969+0000] {dagbag.py:540} INFO - Filling up the DagBag from /opt/airflow/dags/dag_drift_monitoring.py
[2026-06-03T14:52:41.044+0000] {processor.py:840} INFO - DAG(s) 'neuralretail_drift_monitoring' retrieved from /opt/airflow/dags/dag_drift_monitoring.py
[2026-06-03T14:52:41.062+0000] {logging_mixin.py:188} INFO - [2026-06-03T14:52:41.062+0000] {dag.py:3096} INFO - Sync 1 DAGs
[2026-06-03T14:52:41.084+0000] {logging_mixin.py:188} INFO - [2026-06-03T14:52:41.084+0000] {dag.py:3954} INFO - Setting next_dagrun for neuralretail_drift_monitoring to 2026-06-02 08:00:00+00:00, run_after=2026-06-03 08:00:00+00:00
[2026-06-03T14:52:41.105+0000] {processor.py:183} INFO - Processing /opt/airflow/dags/dag_drift_monitoring.py took 0.160 seconds
[2026-06-03T14:53:11.393+0000] {processor.py:161} INFO - Started process (PID=1617) to work on /opt/airflow/dags/dag_drift_monitoring.py
[2026-06-03T14:53:11.394+0000] {processor.py:830} INFO - Processing file /opt/airflow/dags/dag_drift_monitoring.py for tasks to queue
[2026-06-03T14:53:11.396+0000] {logging_mixin.py:188} INFO - [2026-06-03T14:53:11.396+0000] {dagbag.py:540} INFO - Filling up the DagBag from /opt/airflow/dags/dag_drift_monitoring.py
[2026-06-03T14:53:11.460+0000] {processor.py:840} INFO - DAG(s) 'neuralretail_drift_monitoring' retrieved from /opt/airflow/dags/dag_drift_monitoring.py
[2026-06-03T14:53:11.480+0000] {logging_mixin.py:188} INFO - [2026-06-03T14:53:11.480+0000] {dag.py:3096} INFO - Sync 1 DAGs
[2026-06-03T14:53:11.498+0000] {logging_mixin.py:188} INFO - [2026-06-03T14:53:11.498+0000] {dag.py:3954} INFO - Setting next_dagrun for neuralretail_drift_monitoring to 2026-06-02 08:00:00+00:00, run_after=2026-06-03 08:00:00+00:00
[2026-06-03T14:53:11.522+0000] {processor.py:183} INFO - Processing /opt/airflow/dags/dag_drift_monitoring.py took 0.135 seconds
[2026-06-03T14:53:41.641+0000] {processor.py:161} INFO - Started process (PID=1637) to work on /opt/airflow/dags/dag_drift_monitoring.py
[2026-06-03T14:53:41.653+0000] {processor.py:830} INFO - Processing file /opt/airflow/dags/dag_drift_monitoring.py for tasks to queue
[2026-06-03T14:53:41.672+0000] {logging_mixin.py:188} INFO - [2026-06-03T14:53:41.672+0000] {dagbag.py:540} INFO - Filling up the DagBag from /opt/airflow/dags/dag_drift_monitoring.py
[2026-06-03T14:53:41.778+0000] {processor.py:840} INFO - DAG(s) 'neuralretail_drift_monitoring' retrieved from /opt/airflow/dags/dag_drift_monitoring.py
[2026-06-03T14:53:41.802+0000] {logging_mixin.py:188} INFO - [2026-06-03T14:53:41.802+0000] {dag.py:3096} INFO - Sync 1 DAGs
[2026-06-03T14:53:41.823+0000] {logging_mixin.py:188} INFO - [2026-06-03T14:53:41.823+0000] {dag.py:3954} INFO - Setting next_dagrun for neuralretail_drift_monitoring to 2026-06-02 08:00:00+00:00, run_after=2026-06-03 08:00:00+00:00
[2026-06-03T14:53:41.842+0000] {processor.py:183} INFO - Processing /opt/airflow/dags/dag_drift_monitoring.py took 0.208 seconds
[2026-06-03T14:54:12.138+0000] {processor.py:161} INFO - Started process (PID=1657) to work on /opt/airflow/dags/dag_drift_monitoring.py
[2026-06-03T14:54:12.140+0000] {processor.py:830} INFO - Processing file /opt/airflow/dags/dag_drift_monitoring.py for tasks to queue
[2026-06-03T14:54:12.143+0000] {logging_mixin.py:188} INFO - [2026-06-03T14:54:12.143+0000] {dagbag.py:540} INFO - Filling up the DagBag from /opt/airflow/dags/dag_drift_monitoring.py
[2026-06-03T14:54:12.185+0000] {processor.py:840} INFO - DAG(s) 'neuralretail_drift_monitoring' retrieved from /opt/airflow/dags/dag_drift_monitoring.py
[2026-06-03T14:54:12.204+0000] {logging_mixin.py:188} INFO - [2026-06-03T14:54:12.204+0000] {dag.py:3096} INFO - Sync 1 DAGs
[2026-06-03T14:54:12.220+0000] {logging_mixin.py:188} INFO - [2026-06-03T14:54:12.220+0000] {dag.py:3954} INFO - Setting next_dagrun for neuralretail_drift_monitoring to 2026-06-02 08:00:00+00:00, run_after=2026-06-03 08:00:00+00:00
[2026-06-03T14:54:12.236+0000] {processor.py:183} INFO - Processing /opt/airflow/dags/dag_drift_monitoring.py took 0.103 seconds
[2026-06-03T14:54:42.423+0000] {processor.py:161} INFO - Started process (PID=1677) to work on /opt/airflow/dags/dag_drift_monitoring.py
[2026-06-03T14:54:42.424+0000] {processor.py:830} INFO - Processing file /opt/airflow/dags/dag_drift_monitoring.py for tasks to queue
[2026-06-03T14:54:42.425+0000] {logging_mixin.py:188} INFO - [2026-06-03T14:54:42.425+0000] {dagbag.py:540} INFO - Filling up the DagBag from /opt/airflow/dags/dag_drift_monitoring.py
[2026-06-03T14:54:42.446+0000] {processor.py:840} INFO - DAG(s) 'neuralretail_drift_monitoring' retrieved from /opt/airflow/dags/dag_drift_monitoring.py
[2026-06-03T14:54:42.464+0000] {logging_mixin.py:188} INFO - [2026-06-03T14:54:42.463+0000] {dag.py:3096} INFO - Sync 1 DAGs
[2026-06-03T14:54:42.479+0000] {logging_mixin.py:188} INFO - [2026-06-03T14:54:42.479+0000] {dag.py:3954} INFO - Setting next_dagrun for neuralretail_drift_monitoring to 2026-06-02 08:00:00+00:00, run_after=2026-06-03 08:00:00+00:00
[2026-06-03T14:54:42.496+0000] {processor.py:183} INFO - Processing /opt/airflow/dags/dag_drift_monitoring.py took 0.078 seconds
[2026-06-03T14:55:13.522+0000] {processor.py:161} INFO - Started process (PID=1697) to work on /opt/airflow/dags/dag_drift_monitoring.py
[2026-06-03T14:55:13.523+0000] {processor.py:830} INFO - Processing file /opt/airflow/dags/dag_drift_monitoring.py for tasks to queue
[2026-06-03T14:55:13.525+0000] {logging_mixin.py:188} INFO - [2026-06-03T14:55:13.525+0000] {dagbag.py:540} INFO - Filling up the DagBag from /opt/airflow/dags/dag_drift_monitoring.py
[2026-06-03T14:55:13.549+0000] {processor.py:840} INFO - DAG(s) 'neuralretail_drift_monitoring' retrieved from /opt/airflow/dags/dag_drift_monitoring.py
[2026-06-03T14:55:13.568+0000] {logging_mixin.py:188} INFO - [2026-06-03T14:55:13.568+0000] {dag.py:3096} INFO - Sync 1 DAGs
[2026-06-03T14:55:13.584+0000] {logging_mixin.py:188} INFO - [2026-06-03T14:55:13.584+0000] {dag.py:3954} INFO - Setting next_dagrun for neuralretail_drift_monitoring to 2026-06-02 08:00:00+00:00, run_after=2026-06-03 08:00:00+00:00
[2026-06-03T14:55:13.599+0000] {processor.py:183} INFO - Processing /opt/airflow/dags/dag_drift_monitoring.py took 0.081 seconds
[2026-06-03T14:55:43.922+0000] {processor.py:161} INFO - Started process (PID=1717) to work on /opt/airflow/dags/dag_drift_monitoring.py
[2026-06-03T14:55:43.924+0000] {processor.py:830} INFO - Processing file /opt/airflow/dags/dag_drift_monitoring.py for tasks to queue
[2026-06-03T14:55:43.926+0000] {logging_mixin.py:188} INFO - [2026-06-03T14:55:43.926+0000] {dagbag.py:540} INFO - Filling up the DagBag from /opt/airflow/dags/dag_drift_monitoring.py
[2026-06-03T14:55:43.991+0000] {processor.py:840} INFO - DAG(s) 'neuralretail_drift_monitoring' retrieved from /opt/airflow/dags/dag_drift_monitoring.py
[2026-06-03T14:55:44.010+0000] {logging_mixin.py:188} INFO - [2026-06-03T14:55:44.010+0000] {dag.py:3096} INFO - Sync 1 DAGs
[2026-06-03T14:55:44.027+0000] {logging_mixin.py:188} INFO - [2026-06-03T14:55:44.027+0000] {dag.py:3954} INFO - Setting next_dagrun for neuralretail_drift_monitoring to 2026-06-02 08:00:00+00:00, run_after=2026-06-03 08:00:00+00:00
[2026-06-03T14:55:44.183+0000] {processor.py:183} INFO - Processing /opt/airflow/dags/dag_drift_monitoring.py took 0.267 seconds
[2026-06-03T14:56:15.102+0000] {processor.py:161} INFO - Started process (PID=1737) to work on /opt/airflow/dags/dag_drift_monitoring.py
[2026-06-03T14:56:15.103+0000] {processor.py:830} INFO - Processing file /opt/airflow/dags/dag_drift_monitoring.py for tasks to queue
[2026-06-03T14:56:15.104+0000] {logging_mixin.py:188} INFO - [2026-06-03T14:56:15.104+0000] {dagbag.py:540} INFO - Filling up the DagBag from /opt/airflow/dags/dag_drift_monitoring.py
[2026-06-03T14:56:15.125+0000] {processor.py:840} INFO - DAG(s) 'neuralretail_drift_monitoring' retrieved from /opt/airflow/dags/dag_drift_monitoring.py
[2026-06-03T14:56:15.144+0000] {logging_mixin.py:188} INFO - [2026-06-03T14:56:15.144+0000] {dag.py:3096} INFO - Sync 1 DAGs
[2026-06-03T14:56:15.161+0000] {logging_mixin.py:188} INFO - [2026-06-03T14:56:15.161+0000] {dag.py:3954} INFO - Setting next_dagrun for neuralretail_drift_monitoring to 2026-06-02 08:00:00+00:00, run_after=2026-06-03 08:00:00+00:00
[2026-06-03T14:56:15.177+0000] {processor.py:183} INFO - Processing /opt/airflow/dags/dag_drift_monitoring.py took 0.080 seconds
[2026-06-03T14:56:45.487+0000] {processor.py:161} INFO - Started process (PID=1757) to work on /opt/airflow/dags/dag_drift_monitoring.py
[2026-06-03T14:56:45.488+0000] {processor.py:830} INFO - Processing file /opt/airflow/dags/dag_drift_monitoring.py for tasks to queue
[2026-06-03T14:56:45.489+0000] {logging_mixin.py:188} INFO - [2026-06-03T14:56:45.489+0000] {dagbag.py:540} INFO - Filling up the DagBag from /opt/airflow/dags/dag_drift_monitoring.py
[2026-06-03T14:56:45.511+0000] {processor.py:840} INFO - DAG(s) 'neuralretail_drift_monitoring' retrieved from /opt/airflow/dags/dag_drift_monitoring.py
[2026-06-03T14:56:45.529+0000] {logging_mixin.py:188} INFO - [2026-06-03T14:56:45.529+0000] {dag.py:3096} INFO - Sync 1 DAGs
[2026-06-03T14:56:45.545+0000] {logging_mixin.py:188} INFO - [2026-06-03T14:56:45.545+0000] {dag.py:3954} INFO - Setting next_dagrun for neuralretail_drift_monitoring to 2026-06-02 08:00:00+00:00, run_after=2026-06-03 08:00:00+00:00
[2026-06-03T14:56:45.561+0000] {processor.py:183} INFO - Processing /opt/airflow/dags/dag_drift_monitoring.py took 0.079 seconds
[2026-06-03T14:57:16.699+0000] {processor.py:161} INFO - Started process (PID=1777) to work on /opt/airflow/dags/dag_drift_monitoring.py
[2026-06-03T14:57:16.700+0000] {processor.py:830} INFO - Processing file /opt/airflow/dags/dag_drift_monitoring.py for tasks to queue
[2026-06-03T14:57:16.701+0000] {logging_mixin.py:188} INFO - [2026-06-03T14:57:16.701+0000] {dagbag.py:540} INFO - Filling up the DagBag from /opt/airflow/dags/dag_drift_monitoring.py
[2026-06-03T14:57:16.729+0000] {processor.py:840} INFO - DAG(s) 'neuralretail_drift_monitoring' retrieved from /opt/airflow/dags/dag_drift_monitoring.py
[2026-06-03T14:57:16.751+0000] {logging_mixin.py:188} INFO - [2026-06-03T14:57:16.750+0000] {dag.py:3096} INFO - Sync 1 DAGs
[2026-06-03T14:57:16.768+0000] {logging_mixin.py:188} INFO - [2026-06-03T14:57:16.768+0000] {dag.py:3954} INFO - Setting next_dagrun for neuralretail_drift_monitoring to 2026-06-02 08:00:00+00:00, run_after=2026-06-03 08:00:00+00:00
[2026-06-03T14:57:16.786+0000] {processor.py:183} INFO - Processing /opt/airflow/dags/dag_drift_monitoring.py took 0.092 seconds
[2026-06-03T14:57:46.918+0000] {processor.py:161} INFO - Started process (PID=1797) to work on /opt/airflow/dags/dag_drift_monitoring.py
[2026-06-03T14:57:46.920+0000] {processor.py:830} INFO - Processing file /opt/airflow/dags/dag_drift_monitoring.py for tasks to queue
[2026-06-03T14:57:46.922+0000] {logging_mixin.py:188} INFO - [2026-06-03T14:57:46.922+0000] {dagbag.py:540} INFO - Filling up the DagBag from /opt/airflow/dags/dag_drift_monitoring.py
[2026-06-03T14:57:46.981+0000] {processor.py:840} INFO - DAG(s) 'neuralretail_drift_monitoring' retrieved from /opt/airflow/dags/dag_drift_monitoring.py
[2026-06-03T14:57:47.028+0000] {logging_mixin.py:188} INFO - [2026-06-03T14:57:47.028+0000] {dag.py:3096} INFO - Sync 1 DAGs
[2026-06-03T14:57:47.050+0000] {logging_mixin.py:188} INFO - [2026-06-03T14:57:47.050+0000] {dag.py:3954} INFO - Setting next_dagrun for neuralretail_drift_monitoring to 2026-06-02 08:00:00+00:00, run_after=2026-06-03 08:00:00+00:00
[2026-06-03T14:57:47.073+0000] {processor.py:183} INFO - Processing /opt/airflow/dags/dag_drift_monitoring.py took 0.161 seconds
[2026-06-03T14:58:17.324+0000] {processor.py:161} INFO - Started process (PID=1817) to work on /opt/airflow/dags/dag_drift_monitoring.py
[2026-06-03T14:58:17.325+0000] {processor.py:830} INFO - Processing file /opt/airflow/dags/dag_drift_monitoring.py for tasks to queue
[2026-06-03T14:58:17.327+0000] {logging_mixin.py:188} INFO - [2026-06-03T14:58:17.327+0000] {dagbag.py:540} INFO - Filling up the DagBag from /opt/airflow/dags/dag_drift_monitoring.py
[2026-06-03T14:58:17.355+0000] {processor.py:840} INFO - DAG(s) 'neuralretail_drift_monitoring' retrieved from /opt/airflow/dags/dag_drift_monitoring.py
[2026-06-03T14:58:17.374+0000] {logging_mixin.py:188} INFO - [2026-06-03T14:58:17.374+0000] {dag.py:3096} INFO - Sync 1 DAGs
[2026-06-03T14:58:17.391+0000] {logging_mixin.py:188} INFO - [2026-06-03T14:58:17.390+0000] {dag.py:3954} INFO - Setting next_dagrun for neuralretail_drift_monitoring to 2026-06-02 08:00:00+00:00, run_after=2026-06-03 08:00:00+00:00
[2026-06-03T14:58:17.408+0000] {processor.py:183} INFO - Processing /opt/airflow/dags/dag_drift_monitoring.py took 0.088 seconds
[2026-06-03T14:58:47.597+0000] {processor.py:161} INFO - Started process (PID=1837) to work on /opt/airflow/dags/dag_drift_monitoring.py
[2026-06-03T14:58:47.598+0000] {processor.py:830} INFO - Processing file /opt/airflow/dags/dag_drift_monitoring.py for tasks to queue
[2026-06-03T14:58:47.600+0000] {logging_mixin.py:188} INFO - [2026-06-03T14:58:47.600+0000] {dagbag.py:540} INFO - Filling up the DagBag from /opt/airflow/dags/dag_drift_monitoring.py
[2026-06-03T14:58:47.621+0000] {processor.py:840} INFO - DAG(s) 'neuralretail_drift_monitoring' retrieved from /opt/airflow/dags/dag_drift_monitoring.py
[2026-06-03T14:58:47.672+0000] {logging_mixin.py:188} INFO - [2026-06-03T14:58:47.672+0000] {dag.py:3096} INFO - Sync 1 DAGs
[2026-06-03T14:58:47.690+0000] {logging_mixin.py:188} INFO - [2026-06-03T14:58:47.690+0000] {dag.py:3954} INFO - Setting next_dagrun for neuralretail_drift_monitoring to 2026-06-02 08:00:00+00:00, run_after=2026-06-03 08:00:00+00:00
[2026-06-03T14:58:47.711+0000] {processor.py:183} INFO - Processing /opt/airflow/dags/dag_drift_monitoring.py took 0.119 seconds
[2026-06-03T14:59:17.812+0000] {processor.py:161} INFO - Started process (PID=1857) to work on /opt/airflow/dags/dag_drift_monitoring.py
[2026-06-03T14:59:17.812+0000] {processor.py:830} INFO - Processing file /opt/airflow/dags/dag_drift_monitoring.py for tasks to queue
[2026-06-03T14:59:17.814+0000] {logging_mixin.py:188} INFO - [2026-06-03T14:59:17.814+0000] {dagbag.py:540} INFO - Filling up the DagBag from /opt/airflow/dags/dag_drift_monitoring.py
[2026-06-03T14:59:17.835+0000] {processor.py:840} INFO - DAG(s) 'neuralretail_drift_monitoring' retrieved from /opt/airflow/dags/dag_drift_monitoring.py
[2026-06-03T14:59:17.873+0000] {logging_mixin.py:188} INFO - [2026-06-03T14:59:17.873+0000] {dag.py:3096} INFO - Sync 1 DAGs
[2026-06-03T14:59:17.890+0000] {logging_mixin.py:188} INFO - [2026-06-03T14:59:17.890+0000] {dag.py:3954} INFO - Setting next_dagrun for neuralretail_drift_monitoring to 2026-06-02 08:00:00+00:00, run_after=2026-06-03 08:00:00+00:00
[2026-06-03T14:59:17.915+0000] {processor.py:183} INFO - Processing /opt/airflow/dags/dag_drift_monitoring.py took 0.108 seconds
[2026-06-03T14:59:48.198+0000] {processor.py:161} INFO - Started process (PID=1877) to work on /opt/airflow/dags/dag_drift_monitoring.py
[2026-06-03T14:59:48.201+0000] {processor.py:830} INFO - Processing file /opt/airflow/dags/dag_drift_monitoring.py for tasks to queue
[2026-06-03T14:59:48.203+0000] {logging_mixin.py:188} INFO - [2026-06-03T14:59:48.203+0000] {dagbag.py:540} INFO - Filling up the DagBag from /opt/airflow/dags/dag_drift_monitoring.py
[2026-06-03T14:59:48.249+0000] {processor.py:840} INFO - DAG(s) 'neuralretail_drift_monitoring' retrieved from /opt/airflow/dags/dag_drift_monitoring.py
[2026-06-03T14:59:48.270+0000] {logging_mixin.py:188} INFO - [2026-06-03T14:59:48.269+0000] {dag.py:3096} INFO - Sync 1 DAGs
[2026-06-03T14:59:48.291+0000] {logging_mixin.py:188} INFO - [2026-06-03T14:59:48.290+0000] {dag.py:3954} INFO - Setting next_dagrun for neuralretail_drift_monitoring to 2026-06-02 08:00:00+00:00, run_after=2026-06-03 08:00:00+00:00
[2026-06-03T14:59:48.308+0000] {processor.py:183} INFO - Processing /opt/airflow/dags/dag_drift_monitoring.py took 0.114 seconds
[2026-06-03T15:00:18.578+0000] {processor.py:161} INFO - Started process (PID=1897) to work on /opt/airflow/dags/dag_drift_monitoring.py
[2026-06-03T15:00:18.579+0000] {processor.py:830} INFO - Processing file /opt/airflow/dags/dag_drift_monitoring.py for tasks to queue
[2026-06-03T15:00:18.580+0000] {logging_mixin.py:188} INFO - [2026-06-03T15:00:18.580+0000] {dagbag.py:540} INFO - Filling up the DagBag from /opt/airflow/dags/dag_drift_monitoring.py
[2026-06-03T15:00:18.601+0000] {processor.py:840} INFO - DAG(s) 'neuralretail_drift_monitoring' retrieved from /opt/airflow/dags/dag_drift_monitoring.py
[2026-06-03T15:00:18.620+0000] {logging_mixin.py:188} INFO - [2026-06-03T15:00:18.620+0000] {dag.py:3096} INFO - Sync 1 DAGs
[2026-06-03T15:00:18.636+0000] {logging_mixin.py:188} INFO - [2026-06-03T15:00:18.636+0000] {dag.py:3954} INFO - Setting next_dagrun for neuralretail_drift_monitoring to 2026-06-02 08:00:00+00:00, run_after=2026-06-03 08:00:00+00:00
[2026-06-03T15:00:18.654+0000] {processor.py:183} INFO - Processing /opt/airflow/dags/dag_drift_monitoring.py took 0.081 seconds
[2026-06-03T15:00:48.972+0000] {processor.py:161} INFO - Started process (PID=1917) to work on /opt/airflow/dags/dag_drift_monitoring.py
[2026-06-03T15:00:48.979+0000] {processor.py:830} INFO - Processing file /opt/airflow/dags/dag_drift_monitoring.py for tasks to queue
[2026-06-03T15:00:48.981+0000] {logging_mixin.py:188} INFO - [2026-06-03T15:00:48.980+0000] {dagbag.py:540} INFO - Filling up the DagBag from /opt/airflow/dags/dag_drift_monitoring.py
[2026-06-03T15:00:49.043+0000] {processor.py:840} INFO - DAG(s) 'neuralretail_drift_monitoring' retrieved from /opt/airflow/dags/dag_drift_monitoring.py
[2026-06-03T15:00:49.062+0000] {logging_mixin.py:188} INFO - [2026-06-03T15:00:49.062+0000] {dag.py:3096} INFO - Sync 1 DAGs
[2026-06-03T15:00:49.078+0000] {logging_mixin.py:188} INFO - [2026-06-03T15:00:49.078+0000] {dag.py:3954} INFO - Setting next_dagrun for neuralretail_drift_monitoring to 2026-06-02 08:00:00+00:00, run_after=2026-06-03 08:00:00+00:00
[2026-06-03T15:00:49.094+0000] {processor.py:183} INFO - Processing /opt/airflow/dags/dag_drift_monitoring.py took 0.139 seconds
[2026-06-03T15:01:19.963+0000] {processor.py:161} INFO - Started process (PID=1937) to work on /opt/airflow/dags/dag_drift_monitoring.py
[2026-06-03T15:01:19.965+0000] {processor.py:830} INFO - Processing file /opt/airflow/dags/dag_drift_monitoring.py for tasks to queue
[2026-06-03T15:01:19.967+0000] {logging_mixin.py:188} INFO - [2026-06-03T15:01:19.966+0000] {dagbag.py:540} INFO - Filling up the DagBag from /opt/airflow/dags/dag_drift_monitoring.py
[2026-06-03T15:01:19.987+0000] {processor.py:840} INFO - DAG(s) 'neuralretail_drift_monitoring' retrieved from /opt/airflow/dags/dag_drift_monitoring.py
[2026-06-03T15:01:20.006+0000] {logging_mixin.py:188} INFO - [2026-06-03T15:01:20.006+0000] {dag.py:3096} INFO - Sync 1 DAGs
[2026-06-03T15:01:20.024+0000] {logging_mixin.py:188} INFO - [2026-06-03T15:01:20.023+0000] {dag.py:3954} INFO - Setting next_dagrun for neuralretail_drift_monitoring to 2026-06-02 08:00:00+00:00, run_after=2026-06-03 08:00:00+00:00
[2026-06-03T15:01:20.040+0000] {processor.py:183} INFO - Processing /opt/airflow/dags/dag_drift_monitoring.py took 0.081 seconds
[2026-06-03T15:01:51.137+0000] {processor.py:161} INFO - Started process (PID=1957) to work on /opt/airflow/dags/dag_drift_monitoring.py
[2026-06-03T15:01:51.138+0000] {processor.py:830} INFO - Processing file /opt/airflow/dags/dag_drift_monitoring.py for tasks to queue
[2026-06-03T15:01:51.139+0000] {logging_mixin.py:188} INFO - [2026-06-03T15:01:51.139+0000] {dagbag.py:540} INFO - Filling up the DagBag from /opt/airflow/dags/dag_drift_monitoring.py
[2026-06-03T15:01:51.160+0000] {processor.py:840} INFO - DAG(s) 'neuralretail_drift_monitoring' retrieved from /opt/airflow/dags/dag_drift_monitoring.py
[2026-06-03T15:01:51.179+0000] {logging_mixin.py:188} INFO - [2026-06-03T15:01:51.179+0000] {dag.py:3096} INFO - Sync 1 DAGs
[2026-06-03T15:01:51.195+0000] {logging_mixin.py:188} INFO - [2026-06-03T15:01:51.195+0000] {dag.py:3954} INFO - Setting next_dagrun for neuralretail_drift_monitoring to 2026-06-02 08:00:00+00:00, run_after=2026-06-03 08:00:00+00:00
[2026-06-03T15:01:51.212+0000] {processor.py:183} INFO - Processing /opt/airflow/dags/dag_drift_monitoring.py took 0.080 seconds
[2026-06-03T15:02:22.047+0000] {processor.py:161} INFO - Started process (PID=1977) to work on /opt/airflow/dags/dag_drift_monitoring.py
[2026-06-03T15:02:22.048+0000] {processor.py:830} INFO - Processing file /opt/airflow/dags/dag_drift_monitoring.py for tasks to queue
[2026-06-03T15:02:22.050+0000] {logging_mixin.py:188} INFO - [2026-06-03T15:02:22.049+0000] {dagbag.py:540} INFO - Filling up the DagBag from /opt/airflow/dags/dag_drift_monitoring.py
[2026-06-03T15:02:22.071+0000] {processor.py:840} INFO - DAG(s) 'neuralretail_drift_monitoring' retrieved from /opt/airflow/dags/dag_drift_monitoring.py
[2026-06-03T15:02:22.089+0000] {logging_mixin.py:188} INFO - [2026-06-03T15:02:22.089+0000] {dag.py:3096} INFO - Sync 1 DAGs
[2026-06-03T15:02:22.106+0000] {logging_mixin.py:188} INFO - [2026-06-03T15:02:22.106+0000] {dag.py:3954} INFO - Setting next_dagrun for neuralretail_drift_monitoring to 2026-06-02 08:00:00+00:00, run_after=2026-06-03 08:00:00+00:00
[2026-06-03T15:02:22.122+0000] {processor.py:183} INFO - Processing /opt/airflow/dags/dag_drift_monitoring.py took 0.080 seconds
[2026-06-03T15:02:52.379+0000] {processor.py:161} INFO - Started process (PID=1997) to work on /opt/airflow/dags/dag_drift_monitoring.py
[2026-06-03T15:02:52.381+0000] {processor.py:830} INFO - Processing file /opt/airflow/dags/dag_drift_monitoring.py for tasks to queue
[2026-06-03T15:02:52.382+0000] {logging_mixin.py:188} INFO - [2026-06-03T15:02:52.382+0000] {dagbag.py:540} INFO - Filling up the DagBag from /opt/airflow/dags/dag_drift_monitoring.py
[2026-06-03T15:02:52.401+0000] {processor.py:840} INFO - DAG(s) 'neuralretail_drift_monitoring' retrieved from /opt/airflow/dags/dag_drift_monitoring.py
[2026-06-03T15:02:52.420+0000] {logging_mixin.py:188} INFO - [2026-06-03T15:02:52.420+0000] {dag.py:3096} INFO - Sync 1 DAGs
[2026-06-03T15:02:52.437+0000] {logging_mixin.py:188} INFO - [2026-06-03T15:02:52.437+0000] {dag.py:3954} INFO - Setting next_dagrun for neuralretail_drift_monitoring to 2026-06-02 08:00:00+00:00, run_after=2026-06-03 08:00:00+00:00
[2026-06-03T15:02:52.451+0000] {processor.py:183} INFO - Processing /opt/airflow/dags/dag_drift_monitoring.py took 0.077 seconds
[2026-06-03T15:03:22.766+0000] {processor.py:161} INFO - Started process (PID=2017) to work on /opt/airflow/dags/dag_drift_monitoring.py
[2026-06-03T15:03:22.767+0000] {processor.py:830} INFO - Processing file /opt/airflow/dags/dag_drift_monitoring.py for tasks to queue
[2026-06-03T15:03:22.770+0000] {logging_mixin.py:188} INFO - [2026-06-03T15:03:22.769+0000] {dagbag.py:540} INFO - Filling up the DagBag from /opt/airflow/dags/dag_drift_monitoring.py
[2026-06-03T15:03:22.791+0000] {processor.py:840} INFO - DAG(s) 'neuralretail_drift_monitoring' retrieved from /opt/airflow/dags/dag_drift_monitoring.py
[2026-06-03T15:03:22.810+0000] {logging_mixin.py:188} INFO - [2026-06-03T15:03:22.809+0000] {dag.py:3096} INFO - Sync 1 DAGs
[2026-06-03T15:03:22.826+0000] {logging_mixin.py:188} INFO - [2026-06-03T15:03:22.826+0000] {dag.py:3954} INFO - Setting next_dagrun for neuralretail_drift_monitoring to 2026-06-02 08:00:00+00:00, run_after=2026-06-03 08:00:00+00:00
[2026-06-03T15:03:22.844+0000] {processor.py:183} INFO - Processing /opt/airflow/dags/dag_drift_monitoring.py took 0.082 seconds
[2026-06-03T15:03:53.684+0000] {processor.py:161} INFO - Started process (PID=2037) to work on /opt/airflow/dags/dag_drift_monitoring.py
[2026-06-03T15:03:53.685+0000] {processor.py:830} INFO - Processing file /opt/airflow/dags/dag_drift_monitoring.py for tasks to queue
[2026-06-03T15:03:53.686+0000] {logging_mixin.py:188} INFO - [2026-06-03T15:03:53.686+0000] {dagbag.py:540} INFO - Filling up the DagBag from /opt/airflow/dags/dag_drift_monitoring.py
[2026-06-03T15:03:53.709+0000] {processor.py:840} INFO - DAG(s) 'neuralretail_drift_monitoring' retrieved from /opt/airflow/dags/dag_drift_monitoring.py
[2026-06-03T15:03:53.728+0000] {logging_mixin.py:188} INFO - [2026-06-03T15:03:53.728+0000] {dag.py:3096} INFO - Sync 1 DAGs
[2026-06-03T15:03:53.745+0000] {logging_mixin.py:188} INFO - [2026-06-03T15:03:53.745+0000] {dag.py:3954} INFO - Setting next_dagrun for neuralretail_drift_monitoring to 2026-06-02 08:00:00+00:00, run_after=2026-06-03 08:00:00+00:00
[2026-06-03T15:03:53.759+0000] {processor.py:183} INFO - Processing /opt/airflow/dags/dag_drift_monitoring.py took 0.081 seconds
[2026-06-03T15:04:23.918+0000] {processor.py:161} INFO - Started process (PID=2057) to work on /opt/airflow/dags/dag_drift_monitoring.py
[2026-06-03T15:04:23.919+0000] {processor.py:830} INFO - Processing file /opt/airflow/dags/dag_drift_monitoring.py for tasks to queue
[2026-06-03T15:04:23.920+0000] {logging_mixin.py:188} INFO - [2026-06-03T15:04:23.920+0000] {dagbag.py:540} INFO - Filling up the DagBag from /opt/airflow/dags/dag_drift_monitoring.py
[2026-06-03T15:04:23.943+0000] {processor.py:840} INFO - DAG(s) 'neuralretail_drift_monitoring' retrieved from /opt/airflow/dags/dag_drift_monitoring.py
[2026-06-03T15:04:23.962+0000] {logging_mixin.py:188} INFO - [2026-06-03T15:04:23.961+0000] {dag.py:3096} INFO - Sync 1 DAGs
[2026-06-03T15:04:23.997+0000] {logging_mixin.py:188} INFO - [2026-06-03T15:04:23.997+0000] {dag.py:3954} INFO - Setting next_dagrun for neuralretail_drift_monitoring to 2026-06-02 08:00:00+00:00, run_after=2026-06-03 08:00:00+00:00
[2026-06-03T15:04:24.040+0000] {processor.py:183} INFO - Processing /opt/airflow/dags/dag_drift_monitoring.py took 0.126 seconds
[2026-06-03T15:04:54.302+0000] {processor.py:161} INFO - Started process (PID=2077) to work on /opt/airflow/dags/dag_drift_monitoring.py
[2026-06-03T15:04:54.304+0000] {processor.py:830} INFO - Processing file /opt/airflow/dags/dag_drift_monitoring.py for tasks to queue
[2026-06-03T15:04:54.311+0000] {logging_mixin.py:188} INFO - [2026-06-03T15:04:54.310+0000] {dagbag.py:540} INFO - Filling up the DagBag from /opt/airflow/dags/dag_drift_monitoring.py
[2026-06-03T15:04:54.371+0000] {processor.py:840} INFO - DAG(s) 'neuralretail_drift_monitoring' retrieved from /opt/airflow/dags/dag_drift_monitoring.py
[2026-06-03T15:04:54.392+0000] {logging_mixin.py:188} INFO - [2026-06-03T15:04:54.392+0000] {dag.py:3096} INFO - Sync 1 DAGs
[2026-06-03T15:04:54.409+0000] {logging_mixin.py:188} INFO - [2026-06-03T15:04:54.409+0000] {dag.py:3954} INFO - Setting next_dagrun for neuralretail_drift_monitoring to 2026-06-02 08:00:00+00:00, run_after=2026-06-03 08:00:00+00:00
[2026-06-03T15:04:54.428+0000] {processor.py:183} INFO - Processing /opt/airflow/dags/dag_drift_monitoring.py took 0.131 seconds
[2026-06-03T15:05:25.185+0000] {processor.py:161} INFO - Started process (PID=2097) to work on /opt/airflow/dags/dag_drift_monitoring.py
[2026-06-03T15:05:25.186+0000] {processor.py:830} INFO - Processing file /opt/airflow/dags/dag_drift_monitoring.py for tasks to queue
[2026-06-03T15:05:25.188+0000] {logging_mixin.py:188} INFO - [2026-06-03T15:05:25.188+0000] {dagbag.py:540} INFO - Filling up the DagBag from /opt/airflow/dags/dag_drift_monitoring.py
[2026-06-03T15:05:25.224+0000] {processor.py:840} INFO - DAG(s) 'neuralretail_drift_monitoring' retrieved from /opt/airflow/dags/dag_drift_monitoring.py
[2026-06-03T15:05:25.244+0000] {logging_mixin.py:188} INFO - [2026-06-03T15:05:25.244+0000] {dag.py:3096} INFO - Sync 1 DAGs
[2026-06-03T15:05:25.261+0000] {logging_mixin.py:188} INFO - [2026-06-03T15:05:25.261+0000] {dag.py:3954} INFO - Setting next_dagrun for neuralretail_drift_monitoring to 2026-06-02 08:00:00+00:00, run_after=2026-06-03 08:00:00+00:00
[2026-06-03T15:05:25.278+0000] {processor.py:183} INFO - Processing /opt/airflow/dags/dag_drift_monitoring.py took 0.097 seconds
[2026-06-03T15:05:55.889+0000] {processor.py:161} INFO - Started process (PID=2117) to work on /opt/airflow/dags/dag_drift_monitoring.py
[2026-06-03T15:05:55.890+0000] {processor.py:830} INFO - Processing file /opt/airflow/dags/dag_drift_monitoring.py for tasks to queue
[2026-06-03T15:05:55.891+0000] {logging_mixin.py:188} INFO - [2026-06-03T15:05:55.891+0000] {dagbag.py:540} INFO - Filling up the DagBag from /opt/airflow/dags/dag_drift_monitoring.py
[2026-06-03T15:05:55.911+0000] {processor.py:840} INFO - DAG(s) 'neuralretail_drift_monitoring' retrieved from /opt/airflow/dags/dag_drift_monitoring.py
[2026-06-03T15:05:55.931+0000] {logging_mixin.py:188} INFO - [2026-06-03T15:05:55.931+0000] {dag.py:3096} INFO - Sync 1 DAGs
[2026-06-03T15:05:55.948+0000] {logging_mixin.py:188} INFO - [2026-06-03T15:05:55.948+0000] {dag.py:3954} INFO - Setting next_dagrun for neuralretail_drift_monitoring to 2026-06-02 08:00:00+00:00, run_after=2026-06-03 08:00:00+00:00
[2026-06-03T15:05:55.966+0000] {processor.py:183} INFO - Processing /opt/airflow/dags/dag_drift_monitoring.py took 0.081 seconds
[2026-06-03T15:06:26.181+0000] {processor.py:161} INFO - Started process (PID=2137) to work on /opt/airflow/dags/dag_drift_monitoring.py
[2026-06-03T15:06:26.182+0000] {processor.py:830} INFO - Processing file /opt/airflow/dags/dag_drift_monitoring.py for tasks to queue
[2026-06-03T15:06:26.185+0000] {logging_mixin.py:188} INFO - [2026-06-03T15:06:26.184+0000] {dagbag.py:540} INFO - Filling up the DagBag from /opt/airflow/dags/dag_drift_monitoring.py
[2026-06-03T15:06:26.224+0000] {processor.py:840} INFO - DAG(s) 'neuralretail_drift_monitoring' retrieved from /opt/airflow/dags/dag_drift_monitoring.py
[2026-06-03T15:06:26.245+0000] {logging_mixin.py:188} INFO - [2026-06-03T15:06:26.245+0000] {dag.py:3096} INFO - Sync 1 DAGs
[2026-06-03T15:06:26.262+0000] {logging_mixin.py:188} INFO - [2026-06-03T15:06:26.262+0000] {dag.py:3954} INFO - Setting next_dagrun for neuralretail_drift_monitoring to 2026-06-02 08:00:00+00:00, run_after=2026-06-03 08:00:00+00:00
[2026-06-03T15:06:26.280+0000] {processor.py:183} INFO - Processing /opt/airflow/dags/dag_drift_monitoring.py took 0.105 seconds
[2026-06-03T15:06:56.396+0000] {processor.py:161} INFO - Started process (PID=2157) to work on /opt/airflow/dags/dag_drift_monitoring.py
[2026-06-03T15:06:56.396+0000] {processor.py:830} INFO - Processing file /opt/airflow/dags/dag_drift_monitoring.py for tasks to queue
[2026-06-03T15:06:56.398+0000] {logging_mixin.py:188} INFO - [2026-06-03T15:06:56.397+0000] {dagbag.py:540} INFO - Filling up the DagBag from /opt/airflow/dags/dag_drift_monitoring.py
[2026-06-03T15:06:56.429+0000] {processor.py:840} INFO - DAG(s) 'neuralretail_drift_monitoring' retrieved from /opt/airflow/dags/dag_drift_monitoring.py
[2026-06-03T15:06:56.449+0000] {logging_mixin.py:188} INFO - [2026-06-03T15:06:56.448+0000] {dag.py:3096} INFO - Sync 1 DAGs
[2026-06-03T15:06:56.464+0000] {logging_mixin.py:188} INFO - [2026-06-03T15:06:56.464+0000] {dag.py:3954} INFO - Setting next_dagrun for neuralretail_drift_monitoring to 2026-06-02 08:00:00+00:00, run_after=2026-06-03 08:00:00+00:00
[2026-06-03T15:06:56.482+0000] {processor.py:183} INFO - Processing /opt/airflow/dags/dag_drift_monitoring.py took 0.091 seconds
[2026-06-03T15:07:26.707+0000] {processor.py:161} INFO - Started process (PID=2177) to work on /opt/airflow/dags/dag_drift_monitoring.py
[2026-06-03T15:07:26.708+0000] {processor.py:830} INFO - Processing file /opt/airflow/dags/dag_drift_monitoring.py for tasks to queue
[2026-06-03T15:07:26.709+0000] {logging_mixin.py:188} INFO - [2026-06-03T15:07:26.709+0000] {dagbag.py:540} INFO - Filling up the DagBag from /opt/airflow/dags/dag_drift_monitoring.py
[2026-06-03T15:07:26.730+0000] {processor.py:840} INFO - DAG(s) 'neuralretail_drift_monitoring' retrieved from /opt/airflow/dags/dag_drift_monitoring.py
[2026-06-03T15:07:26.749+0000] {logging_mixin.py:188} INFO - [2026-06-03T15:07:26.748+0000] {dag.py:3096} INFO - Sync 1 DAGs
[2026-06-03T15:07:26.765+0000] {logging_mixin.py:188} INFO - [2026-06-03T15:07:26.765+0000] {dag.py:3954} INFO - Setting next_dagrun for neuralretail_drift_monitoring to 2026-06-02 08:00:00+00:00, run_after=2026-06-03 08:00:00+00:00
[2026-06-03T15:07:26.781+0000] {processor.py:183} INFO - Processing /opt/airflow/dags/dag_drift_monitoring.py took 0.078 seconds
[2026-06-03T15:07:56.906+0000] {processor.py:161} INFO - Started process (PID=2197) to work on /opt/airflow/dags/dag_drift_monitoring.py
[2026-06-03T15:07:56.907+0000] {processor.py:830} INFO - Processing file /opt/airflow/dags/dag_drift_monitoring.py for tasks to queue
[2026-06-03T15:07:56.908+0000] {logging_mixin.py:188} INFO - [2026-06-03T15:07:56.908+0000] {dagbag.py:540} INFO - Filling up the DagBag from /opt/airflow/dags/dag_drift_monitoring.py
[2026-06-03T15:07:56.934+0000] {processor.py:840} INFO - DAG(s) 'neuralretail_drift_monitoring' retrieved from /opt/airflow/dags/dag_drift_monitoring.py
[2026-06-03T15:07:56.953+0000] {logging_mixin.py:188} INFO - [2026-06-03T15:07:56.952+0000] {dag.py:3096} INFO - Sync 1 DAGs
[2026-06-03T15:07:56.969+0000] {logging_mixin.py:188} INFO - [2026-06-03T15:07:56.968+0000] {dag.py:3954} INFO - Setting next_dagrun for neuralretail_drift_monitoring to 2026-06-02 08:00:00+00:00, run_after=2026-06-03 08:00:00+00:00
[2026-06-03T15:07:56.986+0000] {processor.py:183} INFO - Processing /opt/airflow/dags/dag_drift_monitoring.py took 0.085 seconds
[2026-06-03T15:08:27.140+0000] {processor.py:161} INFO - Started process (PID=2217) to work on /opt/airflow/dags/dag_drift_monitoring.py
[2026-06-03T15:08:27.144+0000] {processor.py:830} INFO - Processing file /opt/airflow/dags/dag_drift_monitoring.py for tasks to queue
[2026-06-03T15:08:27.157+0000] {logging_mixin.py:188} INFO - [2026-06-03T15:08:27.157+0000] {dagbag.py:540} INFO - Filling up the DagBag from /opt/airflow/dags/dag_drift_monitoring.py
[2026-06-03T15:08:27.192+0000] {processor.py:840} INFO - DAG(s) 'neuralretail_drift_monitoring' retrieved from /opt/airflow/dags/dag_drift_monitoring.py
[2026-06-03T15:08:27.216+0000] {logging_mixin.py:188} INFO - [2026-06-03T15:08:27.216+0000] {dag.py:3096} INFO - Sync 1 DAGs
[2026-06-03T15:08:27.235+0000] {logging_mixin.py:188} INFO - [2026-06-03T15:08:27.235+0000] {dag.py:3954} INFO - Setting next_dagrun for neuralretail_drift_monitoring to 2026-06-02 08:00:00+00:00, run_after=2026-06-03 08:00:00+00:00
[2026-06-03T15:08:27.255+0000] {processor.py:183} INFO - Processing /opt/airflow/dags/dag_drift_monitoring.py took 0.120 seconds
[2026-06-03T15:08:57.520+0000] {processor.py:161} INFO - Started process (PID=2237) to work on /opt/airflow/dags/dag_drift_monitoring.py
[2026-06-03T15:08:57.522+0000] {processor.py:830} INFO - Processing file /opt/airflow/dags/dag_drift_monitoring.py for tasks to queue
[2026-06-03T15:08:57.523+0000] {logging_mixin.py:188} INFO - [2026-06-03T15:08:57.523+0000] {dagbag.py:540} INFO - Filling up the DagBag from /opt/airflow/dags/dag_drift_monitoring.py
[2026-06-03T15:08:57.548+0000] {processor.py:840} INFO - DAG(s) 'neuralretail_drift_monitoring' retrieved from /opt/airflow/dags/dag_drift_monitoring.py
[2026-06-03T15:08:57.567+0000] {logging_mixin.py:188} INFO - [2026-06-03T15:08:57.567+0000] {dag.py:3096} INFO - Sync 1 DAGs
[2026-06-03T15:08:57.584+0000] {logging_mixin.py:188} INFO - [2026-06-03T15:08:57.584+0000] {dag.py:3954} INFO - Setting next_dagrun for neuralretail_drift_monitoring to 2026-06-02 08:00:00+00:00, run_after=2026-06-03 08:00:00+00:00
[2026-06-03T15:08:57.599+0000] {processor.py:183} INFO - Processing /opt/airflow/dags/dag_drift_monitoring.py took 0.082 seconds
[2026-06-03T15:09:27.818+0000] {processor.py:161} INFO - Started process (PID=2257) to work on /opt/airflow/dags/dag_drift_monitoring.py
[2026-06-03T15:09:27.819+0000] {processor.py:830} INFO - Processing file /opt/airflow/dags/dag_drift_monitoring.py for tasks to queue
[2026-06-03T15:09:27.820+0000] {logging_mixin.py:188} INFO - [2026-06-03T15:09:27.820+0000] {dagbag.py:540} INFO - Filling up the DagBag from /opt/airflow/dags/dag_drift_monitoring.py
[2026-06-03T15:09:27.842+0000] {processor.py:840} INFO - DAG(s) 'neuralretail_drift_monitoring' retrieved from /opt/airflow/dags/dag_drift_monitoring.py
[2026-06-03T15:09:27.860+0000] {logging_mixin.py:188} INFO - [2026-06-03T15:09:27.860+0000] {dag.py:3096} INFO - Sync 1 DAGs
[2026-06-03T15:09:27.876+0000] {logging_mixin.py:188} INFO - [2026-06-03T15:09:27.876+0000] {dag.py:3954} INFO - Setting next_dagrun for neuralretail_drift_monitoring to 2026-06-02 08:00:00+00:00, run_after=2026-06-03 08:00:00+00:00
[2026-06-03T15:09:27.894+0000] {processor.py:183} INFO - Processing /opt/airflow/dags/dag_drift_monitoring.py took 0.081 seconds
[2026-06-03T15:09:59.127+0000] {processor.py:161} INFO - Started process (PID=2277) to work on /opt/airflow/dags/dag_drift_monitoring.py
[2026-06-03T15:09:59.129+0000] {processor.py:830} INFO - Processing file /opt/airflow/dags/dag_drift_monitoring.py for tasks to queue
[2026-06-03T15:09:59.131+0000] {logging_mixin.py:188} INFO - [2026-06-03T15:09:59.131+0000] {dagbag.py:540} INFO - Filling up the DagBag from /opt/airflow/dags/dag_drift_monitoring.py
[2026-06-03T15:09:59.162+0000] {processor.py:840} INFO - DAG(s) 'neuralretail_drift_monitoring' retrieved from /opt/airflow/dags/dag_drift_monitoring.py
[2026-06-03T15:09:59.180+0000] {logging_mixin.py:188} INFO - [2026-06-03T15:09:59.180+0000] {dag.py:3096} INFO - Sync 1 DAGs
[2026-06-03T15:09:59.197+0000] {logging_mixin.py:188} INFO - [2026-06-03T15:09:59.197+0000] {dag.py:3954} INFO - Setting next_dagrun for neuralretail_drift_monitoring to 2026-06-02 08:00:00+00:00, run_after=2026-06-03 08:00:00+00:00
[2026-06-03T15:09:59.214+0000] {processor.py:183} INFO - Processing /opt/airflow/dags/dag_drift_monitoring.py took 0.100 seconds
[2026-06-03T15:10:29.446+0000] {processor.py:161} INFO - Started process (PID=2297) to work on /opt/airflow/dags/dag_drift_monitoring.py
[2026-06-03T15:10:29.447+0000] {processor.py:830} INFO - Processing file /opt/airflow/dags/dag_drift_monitoring.py for tasks to queue
[2026-06-03T15:10:29.449+0000] {logging_mixin.py:188} INFO - [2026-06-03T15:10:29.449+0000] {dagbag.py:540} INFO - Filling up the DagBag from /opt/airflow/dags/dag_drift_monitoring.py
[2026-06-03T15:10:29.495+0000] {processor.py:840} INFO - DAG(s) 'neuralretail_drift_monitoring' retrieved from /opt/airflow/dags/dag_drift_monitoring.py
[2026-06-03T15:10:29.516+0000] {logging_mixin.py:188} INFO - [2026-06-03T15:10:29.516+0000] {dag.py:3096} INFO - Sync 1 DAGs
[2026-06-03T15:10:29.533+0000] {logging_mixin.py:188} INFO - [2026-06-03T15:10:29.533+0000] {dag.py:3954} INFO - Setting next_dagrun for neuralretail_drift_monitoring to 2026-06-02 08:00:00+00:00, run_after=2026-06-03 08:00:00+00:00
[2026-06-03T15:10:29.549+0000] {processor.py:183} INFO - Processing /opt/airflow/dags/dag_drift_monitoring.py took 0.109 seconds
[2026-06-03T15:10:59.662+0000] {processor.py:161} INFO - Started process (PID=2317) to work on /opt/airflow/dags/dag_drift_monitoring.py
[2026-06-03T15:10:59.663+0000] {processor.py:830} INFO - Processing file /opt/airflow/dags/dag_drift_monitoring.py for tasks to queue
[2026-06-03T15:10:59.664+0000] {logging_mixin.py:188} INFO - [2026-06-03T15:10:59.664+0000] {dagbag.py:540} INFO - Filling up the DagBag from /opt/airflow/dags/dag_drift_monitoring.py
[2026-06-03T15:10:59.685+0000] {processor.py:840} INFO - DAG(s) 'neuralretail_drift_monitoring' retrieved from /opt/airflow/dags/dag_drift_monitoring.py
[2026-06-03T15:10:59.705+0000] {logging_mixin.py:188} INFO - [2026-06-03T15:10:59.705+0000] {dag.py:3096} INFO - Sync 1 DAGs
[2026-06-03T15:10:59.722+0000] {logging_mixin.py:188} INFO - [2026-06-03T15:10:59.722+0000] {dag.py:3954} INFO - Setting next_dagrun for neuralretail_drift_monitoring to 2026-06-02 08:00:00+00:00, run_after=2026-06-03 08:00:00+00:00
[2026-06-03T15:10:59.738+0000] {processor.py:183} INFO - Processing /opt/airflow/dags/dag_drift_monitoring.py took 0.081 seconds
[2026-06-03T15:11:30.060+0000] {processor.py:161} INFO - Started process (PID=2337) to work on /opt/airflow/dags/dag_drift_monitoring.py
[2026-06-03T15:11:30.061+0000] {processor.py:830} INFO - Processing file /opt/airflow/dags/dag_drift_monitoring.py for tasks to queue
[2026-06-03T15:11:30.063+0000] {logging_mixin.py:188} INFO - [2026-06-03T15:11:30.063+0000] {dagbag.py:540} INFO - Filling up the DagBag from /opt/airflow/dags/dag_drift_monitoring.py
[2026-06-03T15:11:30.086+0000] {processor.py:840} INFO - DAG(s) 'neuralretail_drift_monitoring' retrieved from /opt/airflow/dags/dag_drift_monitoring.py
[2026-06-03T15:11:30.105+0000] {logging_mixin.py:188} INFO - [2026-06-03T15:11:30.105+0000] {dag.py:3096} INFO - Sync 1 DAGs
[2026-06-03T15:11:30.121+0000] {logging_mixin.py:188} INFO - [2026-06-03T15:11:30.121+0000] {dag.py:3954} INFO - Setting next_dagrun for neuralretail_drift_monitoring to 2026-06-02 08:00:00+00:00, run_after=2026-06-03 08:00:00+00:00
[2026-06-03T15:11:30.136+0000] {processor.py:183} INFO - Processing /opt/airflow/dags/dag_drift_monitoring.py took 0.082 seconds
[2026-06-03T15:12:00.373+0000] {processor.py:161} INFO - Started process (PID=2362) to work on /opt/airflow/dags/dag_drift_monitoring.py
[2026-06-03T15:12:00.374+0000] {processor.py:830} INFO - Processing file /opt/airflow/dags/dag_drift_monitoring.py for tasks to queue
[2026-06-03T15:12:00.375+0000] {logging_mixin.py:188} INFO - [2026-06-03T15:12:00.375+0000] {dagbag.py:540} INFO - Filling up the DagBag from /opt/airflow/dags/dag_drift_monitoring.py
[2026-06-03T15:12:00.394+0000] {processor.py:840} INFO - DAG(s) 'neuralretail_drift_monitoring' retrieved from /opt/airflow/dags/dag_drift_monitoring.py
[2026-06-03T15:12:00.414+0000] {logging_mixin.py:188} INFO - [2026-06-03T15:12:00.414+0000] {dag.py:3096} INFO - Sync 1 DAGs
[2026-06-03T15:12:00.431+0000] {logging_mixin.py:188} INFO - [2026-06-03T15:12:00.431+0000] {dag.py:3954} INFO - Setting next_dagrun for neuralretail_drift_monitoring to 2026-06-02 08:00:00+00:00, run_after=2026-06-03 08:00:00+00:00
[2026-06-03T15:12:00.450+0000] {processor.py:183} INFO - Processing /opt/airflow/dags/dag_drift_monitoring.py took 0.081 seconds
[2026-06-03T15:12:30.543+0000] {processor.py:161} INFO - Started process (PID=2382) to work on /opt/airflow/dags/dag_drift_monitoring.py
[2026-06-03T15:12:30.543+0000] {processor.py:830} INFO - Processing file /opt/airflow/dags/dag_drift_monitoring.py for tasks to queue
[2026-06-03T15:12:30.545+0000] {logging_mixin.py:188} INFO - [2026-06-03T15:12:30.545+0000] {dagbag.py:540} INFO - Filling up the DagBag from /opt/airflow/dags/dag_drift_monitoring.py
[2026-06-03T15:12:30.563+0000] {processor.py:840} INFO - DAG(s) 'neuralretail_drift_monitoring' retrieved from /opt/airflow/dags/dag_drift_monitoring.py
[2026-06-03T15:12:30.581+0000] {logging_mixin.py:188} INFO - [2026-06-03T15:12:30.581+0000] {dag.py:3096} INFO - Sync 1 DAGs
[2026-06-03T15:12:30.597+0000] {logging_mixin.py:188} INFO - [2026-06-03T15:12:30.597+0000] {dag.py:3954} INFO - Setting next_dagrun for neuralretail_drift_monitoring to 2026-06-02 08:00:00+00:00, run_after=2026-06-03 08:00:00+00:00
[2026-06-03T15:12:30.616+0000] {processor.py:183} INFO - Processing /opt/airflow/dags/dag_drift_monitoring.py took 0.077 seconds
[2026-06-03T15:13:00.697+0000] {processor.py:161} INFO - Started process (PID=2397) to work on /opt/airflow/dags/dag_drift_monitoring.py
[2026-06-03T15:13:00.698+0000] {processor.py:830} INFO - Processing file /opt/airflow/dags/dag_drift_monitoring.py for tasks to queue
[2026-06-03T15:13:00.699+0000] {logging_mixin.py:188} INFO - [2026-06-03T15:13:00.699+0000] {dagbag.py:540} INFO - Filling up the DagBag from /opt/airflow/dags/dag_drift_monitoring.py
[2026-06-03T15:13:00.721+0000] {processor.py:840} INFO - DAG(s) 'neuralretail_drift_monitoring' retrieved from /opt/airflow/dags/dag_drift_monitoring.py
[2026-06-03T15:13:00.739+0000] {logging_mixin.py:188} INFO - [2026-06-03T15:13:00.739+0000] {dag.py:3096} INFO - Sync 1 DAGs
[2026-06-03T15:13:00.755+0000] {logging_mixin.py:188} INFO - [2026-06-03T15:13:00.755+0000] {dag.py:3954} INFO - Setting next_dagrun for neuralretail_drift_monitoring to 2026-06-02 08:00:00+00:00, run_after=2026-06-03 08:00:00+00:00
[2026-06-03T15:13:00.772+0000] {processor.py:183} INFO - Processing /opt/airflow/dags/dag_drift_monitoring.py took 0.079 seconds
[2026-06-03T15:13:31.001+0000] {processor.py:161} INFO - Started process (PID=2417) to work on /opt/airflow/dags/dag_drift_monitoring.py
[2026-06-03T15:13:31.002+0000] {processor.py:830} INFO - Processing file /opt/airflow/dags/dag_drift_monitoring.py for tasks to queue
[2026-06-03T15:13:31.004+0000] {logging_mixin.py:188} INFO - [2026-06-03T15:13:31.004+0000] {dagbag.py:540} INFO - Filling up the DagBag from /opt/airflow/dags/dag_drift_monitoring.py
[2026-06-03T15:13:31.045+0000] {processor.py:840} INFO - DAG(s) 'neuralretail_drift_monitoring' retrieved from /opt/airflow/dags/dag_drift_monitoring.py
[2026-06-03T15:13:31.064+0000] {logging_mixin.py:188} INFO - [2026-06-03T15:13:31.064+0000] {dag.py:3096} INFO - Sync 1 DAGs
[2026-06-03T15:13:31.081+0000] {logging_mixin.py:188} INFO - [2026-06-03T15:13:31.081+0000] {dag.py:3954} INFO - Setting next_dagrun for neuralretail_drift_monitoring to 2026-06-02 08:00:00+00:00, run_after=2026-06-03 08:00:00+00:00
[2026-06-03T15:13:31.102+0000] {processor.py:183} INFO - Processing /opt/airflow/dags/dag_drift_monitoring.py took 0.106 seconds
[2026-06-03T15:14:01.406+0000] {processor.py:161} INFO - Started process (PID=2437) to work on /opt/airflow/dags/dag_drift_monitoring.py
[2026-06-03T15:14:01.407+0000] {processor.py:830} INFO - Processing file /opt/airflow/dags/dag_drift_monitoring.py for tasks to queue
[2026-06-03T15:14:01.409+0000] {logging_mixin.py:188} INFO - [2026-06-03T15:14:01.409+0000] {dagbag.py:540} INFO - Filling up the DagBag from /opt/airflow/dags/dag_drift_monitoring.py
[2026-06-03T15:14:01.451+0000] {processor.py:840} INFO - DAG(s) 'neuralretail_drift_monitoring' retrieved from /opt/airflow/dags/dag_drift_monitoring.py
[2026-06-03T15:14:01.538+0000] {logging_mixin.py:188} INFO - [2026-06-03T15:14:01.538+0000] {dag.py:3096} INFO - Sync 1 DAGs
[2026-06-03T15:14:01.581+0000] {logging_mixin.py:188} INFO - [2026-06-03T15:14:01.581+0000] {dag.py:3954} INFO - Setting next_dagrun for neuralretail_drift_monitoring to 2026-06-02 08:00:00+00:00, run_after=2026-06-03 08:00:00+00:00
[2026-06-03T15:14:01.622+0000] {processor.py:183} INFO - Processing /opt/airflow/dags/dag_drift_monitoring.py took 0.220 seconds
[2026-06-03T15:14:32.087+0000] {processor.py:161} INFO - Started process (PID=2457) to work on /opt/airflow/dags/dag_drift_monitoring.py
[2026-06-03T15:14:32.088+0000] {processor.py:830} INFO - Processing file /opt/airflow/dags/dag_drift_monitoring.py for tasks to queue
[2026-06-03T15:14:32.090+0000] {logging_mixin.py:188} INFO - [2026-06-03T15:14:32.090+0000] {dagbag.py:540} INFO - Filling up the DagBag from /opt/airflow/dags/dag_drift_monitoring.py
[2026-06-03T15:14:32.114+0000] {processor.py:840} INFO - DAG(s) 'neuralretail_drift_monitoring' retrieved from /opt/airflow/dags/dag_drift_monitoring.py
[2026-06-03T15:14:32.132+0000] {logging_mixin.py:188} INFO - [2026-06-03T15:14:32.132+0000] {dag.py:3096} INFO - Sync 1 DAGs
[2026-06-03T15:14:32.149+0000] {logging_mixin.py:188} INFO - [2026-06-03T15:14:32.149+0000] {dag.py:3954} INFO - Setting next_dagrun for neuralretail_drift_monitoring to 2026-06-02 08:00:00+00:00, run_after=2026-06-03 08:00:00+00:00
[2026-06-03T15:14:32.169+0000] {processor.py:183} INFO - Processing /opt/airflow/dags/dag_drift_monitoring.py took 0.087 seconds
[2026-06-03T15:15:02.240+0000] {processor.py:161} INFO - Started process (PID=2477) to work on /opt/airflow/dags/dag_drift_monitoring.py
[2026-06-03T15:15:02.241+0000] {processor.py:830} INFO - Processing file /opt/airflow/dags/dag_drift_monitoring.py for tasks to queue
[2026-06-03T15:15:02.242+0000] {logging_mixin.py:188} INFO - [2026-06-03T15:15:02.242+0000] {dagbag.py:540} INFO - Filling up the DagBag from /opt/airflow/dags/dag_drift_monitoring.py
[2026-06-03T15:15:02.262+0000] {processor.py:840} INFO - DAG(s) 'neuralretail_drift_monitoring' retrieved from /opt/airflow/dags/dag_drift_monitoring.py
[2026-06-03T15:15:02.281+0000] {logging_mixin.py:188} INFO - [2026-06-03T15:15:02.281+0000] {dag.py:3096} INFO - Sync 1 DAGs
[2026-06-03T15:15:02.297+0000] {logging_mixin.py:188} INFO - [2026-06-03T15:15:02.297+0000] {dag.py:3954} INFO - Setting next_dagrun for neuralretail_drift_monitoring to 2026-06-02 08:00:00+00:00, run_after=2026-06-03 08:00:00+00:00
[2026-06-03T15:15:02.313+0000] {processor.py:183} INFO - Processing /opt/airflow/dags/dag_drift_monitoring.py took 0.078 seconds
[2026-06-03T15:15:32.802+0000] {processor.py:161} INFO - Started process (PID=2497) to work on /opt/airflow/dags/dag_drift_monitoring.py
[2026-06-03T15:15:32.808+0000] {processor.py:830} INFO - Processing file /opt/airflow/dags/dag_drift_monitoring.py for tasks to queue
[2026-06-03T15:15:32.815+0000] {logging_mixin.py:188} INFO - [2026-06-03T15:15:32.814+0000] {dagbag.py:540} INFO - Filling up the DagBag from /opt/airflow/dags/dag_drift_monitoring.py
[2026-06-03T15:15:32.918+0000] {processor.py:840} INFO - DAG(s) 'neuralretail_drift_monitoring' retrieved from /opt/airflow/dags/dag_drift_monitoring.py
[2026-06-03T15:15:32.966+0000] {logging_mixin.py:188} INFO - [2026-06-03T15:15:32.966+0000] {dag.py:3096} INFO - Sync 1 DAGs
[2026-06-03T15:15:33.020+0000] {logging_mixin.py:188} INFO - [2026-06-03T15:15:33.020+0000] {dag.py:3954} INFO - Setting next_dagrun for neuralretail_drift_monitoring to 2026-06-02 08:00:00+00:00, run_after=2026-06-03 08:00:00+00:00
[2026-06-03T15:15:33.061+0000] {processor.py:183} INFO - Processing /opt/airflow/dags/dag_drift_monitoring.py took 0.280 seconds
