[2026-05-30T19:38:54.860+0000] {processor.py:161} INFO - Started process (PID=182) to work on /opt/airflow/dags/dag_dq_checkpoint.py
[2026-05-30T19:38:54.862+0000] {processor.py:830} INFO - Processing file /opt/airflow/dags/dag_dq_checkpoint.py for tasks to queue
[2026-05-30T19:38:54.866+0000] {logging_mixin.py:188} INFO - [2026-05-30T19:38:54.865+0000] {dagbag.py:540} INFO - Filling up the DagBag from /opt/airflow/dags/dag_dq_checkpoint.py
[2026-05-30T19:38:54.947+0000] {processor.py:840} INFO - DAG(s) 'neuralretail_dq_checkpoint' retrieved from /opt/airflow/dags/dag_dq_checkpoint.py
[2026-05-30T19:38:55.113+0000] {logging_mixin.py:188} INFO - [2026-05-30T19:38:55.112+0000] {override.py:1829} INFO - Created Permission View: can read on DAG:neuralretail_dq_checkpoint
[2026-05-30T19:38:55.125+0000] {logging_mixin.py:188} INFO - [2026-05-30T19:38:55.124+0000] {override.py:1829} INFO - Created Permission View: can edit on DAG:neuralretail_dq_checkpoint
[2026-05-30T19:38:55.134+0000] {logging_mixin.py:188} INFO - [2026-05-30T19:38:55.134+0000] {override.py:1829} INFO - Created Permission View: can delete on DAG:neuralretail_dq_checkpoint
[2026-05-30T19:38:55.135+0000] {logging_mixin.py:188} INFO - [2026-05-30T19:38:55.135+0000] {dag.py:3096} INFO - Sync 1 DAGs
[2026-05-30T19:38:55.149+0000] {logging_mixin.py:188} INFO - [2026-05-30T19:38:55.149+0000] {dag.py:3118} INFO - Creating ORM DAG for neuralretail_dq_checkpoint
[2026-05-30T19:38:55.151+0000] {logging_mixin.py:188} INFO - [2026-05-30T19:38:55.151+0000] {dag.py:3954} INFO - Setting next_dagrun for neuralretail_dq_checkpoint to None, run_after=None
[2026-05-30T19:38:55.184+0000] {processor.py:183} INFO - Processing /opt/airflow/dags/dag_dq_checkpoint.py took 0.333 seconds
[2026-05-30T19:39:25.338+0000] {processor.py:161} INFO - Started process (PID=202) to work on /opt/airflow/dags/dag_dq_checkpoint.py
[2026-05-30T19:39:25.340+0000] {processor.py:830} INFO - Processing file /opt/airflow/dags/dag_dq_checkpoint.py for tasks to queue
[2026-05-30T19:39:25.342+0000] {logging_mixin.py:188} INFO - [2026-05-30T19:39:25.341+0000] {dagbag.py:540} INFO - Filling up the DagBag from /opt/airflow/dags/dag_dq_checkpoint.py
[2026-05-30T19:39:25.373+0000] {processor.py:840} INFO - DAG(s) 'neuralretail_dq_checkpoint' retrieved from /opt/airflow/dags/dag_dq_checkpoint.py
[2026-05-30T19:39:25.458+0000] {logging_mixin.py:188} INFO - [2026-05-30T19:39:25.458+0000] {dag.py:3096} INFO - Sync 1 DAGs
[2026-05-30T19:39:25.466+0000] {logging_mixin.py:188} INFO - [2026-05-30T19:39:25.466+0000] {dag.py:3954} INFO - Setting next_dagrun for neuralretail_dq_checkpoint to None, run_after=None
[2026-05-30T19:39:25.488+0000] {processor.py:183} INFO - Processing /opt/airflow/dags/dag_dq_checkpoint.py took 0.155 seconds
[2026-05-30T19:39:56.128+0000] {processor.py:161} INFO - Started process (PID=222) to work on /opt/airflow/dags/dag_dq_checkpoint.py
[2026-05-30T19:39:56.130+0000] {processor.py:830} INFO - Processing file /opt/airflow/dags/dag_dq_checkpoint.py for tasks to queue
[2026-05-30T19:39:56.132+0000] {logging_mixin.py:188} INFO - [2026-05-30T19:39:56.131+0000] {dagbag.py:540} INFO - Filling up the DagBag from /opt/airflow/dags/dag_dq_checkpoint.py
[2026-05-30T19:39:56.179+0000] {processor.py:840} INFO - DAG(s) 'neuralretail_dq_checkpoint' retrieved from /opt/airflow/dags/dag_dq_checkpoint.py
[2026-05-30T19:39:56.224+0000] {logging_mixin.py:188} INFO - [2026-05-30T19:39:56.224+0000] {dag.py:3096} INFO - Sync 1 DAGs
[2026-05-30T19:39:56.240+0000] {logging_mixin.py:188} INFO - [2026-05-30T19:39:56.239+0000] {dag.py:3954} INFO - Setting next_dagrun for neuralretail_dq_checkpoint to None, run_after=None
[2026-05-30T19:39:56.264+0000] {processor.py:183} INFO - Processing /opt/airflow/dags/dag_dq_checkpoint.py took 0.144 seconds
[2026-05-30T19:40:26.590+0000] {processor.py:161} INFO - Started process (PID=242) to work on /opt/airflow/dags/dag_dq_checkpoint.py
[2026-05-30T19:40:26.591+0000] {processor.py:830} INFO - Processing file /opt/airflow/dags/dag_dq_checkpoint.py for tasks to queue
[2026-05-30T19:40:26.595+0000] {logging_mixin.py:188} INFO - [2026-05-30T19:40:26.594+0000] {dagbag.py:540} INFO - Filling up the DagBag from /opt/airflow/dags/dag_dq_checkpoint.py
[2026-05-30T19:40:26.646+0000] {processor.py:840} INFO - DAG(s) 'neuralretail_dq_checkpoint' retrieved from /opt/airflow/dags/dag_dq_checkpoint.py
[2026-05-30T19:40:26.707+0000] {logging_mixin.py:188} INFO - [2026-05-30T19:40:26.706+0000] {dag.py:3096} INFO - Sync 1 DAGs
[2026-05-30T19:40:26.721+0000] {logging_mixin.py:188} INFO - [2026-05-30T19:40:26.721+0000] {dag.py:3954} INFO - Setting next_dagrun for neuralretail_dq_checkpoint to None, run_after=None
[2026-05-30T19:40:26.737+0000] {processor.py:183} INFO - Processing /opt/airflow/dags/dag_dq_checkpoint.py took 0.161 seconds
[2026-05-30T19:40:56.843+0000] {processor.py:161} INFO - Started process (PID=260) to work on /opt/airflow/dags/dag_dq_checkpoint.py
[2026-05-30T19:40:56.844+0000] {processor.py:830} INFO - Processing file /opt/airflow/dags/dag_dq_checkpoint.py for tasks to queue
[2026-05-30T19:40:56.850+0000] {logging_mixin.py:188} INFO - [2026-05-30T19:40:56.849+0000] {dagbag.py:540} INFO - Filling up the DagBag from /opt/airflow/dags/dag_dq_checkpoint.py
[2026-05-30T19:40:56.927+0000] {processor.py:840} INFO - DAG(s) 'neuralretail_dq_checkpoint' retrieved from /opt/airflow/dags/dag_dq_checkpoint.py
[2026-05-30T19:40:56.987+0000] {logging_mixin.py:188} INFO - [2026-05-30T19:40:56.986+0000] {dag.py:3096} INFO - Sync 1 DAGs
[2026-05-30T19:40:57.002+0000] {logging_mixin.py:188} INFO - [2026-05-30T19:40:57.002+0000] {dag.py:3954} INFO - Setting next_dagrun for neuralretail_dq_checkpoint to None, run_after=None
[2026-05-30T19:40:57.025+0000] {processor.py:183} INFO - Processing /opt/airflow/dags/dag_dq_checkpoint.py took 0.192 seconds
[2026-05-30T19:41:27.237+0000] {processor.py:161} INFO - Started process (PID=280) to work on /opt/airflow/dags/dag_dq_checkpoint.py
[2026-05-30T19:41:27.238+0000] {processor.py:830} INFO - Processing file /opt/airflow/dags/dag_dq_checkpoint.py for tasks to queue
[2026-05-30T19:41:27.239+0000] {logging_mixin.py:188} INFO - [2026-05-30T19:41:27.239+0000] {dagbag.py:540} INFO - Filling up the DagBag from /opt/airflow/dags/dag_dq_checkpoint.py
[2026-05-30T19:41:27.280+0000] {processor.py:840} INFO - DAG(s) 'neuralretail_dq_checkpoint' retrieved from /opt/airflow/dags/dag_dq_checkpoint.py
[2026-05-30T19:41:27.322+0000] {logging_mixin.py:188} INFO - [2026-05-30T19:41:27.321+0000] {dag.py:3096} INFO - Sync 1 DAGs
[2026-05-30T19:41:27.337+0000] {logging_mixin.py:188} INFO - [2026-05-30T19:41:27.337+0000] {dag.py:3954} INFO - Setting next_dagrun for neuralretail_dq_checkpoint to None, run_after=None
[2026-05-30T19:41:27.366+0000] {processor.py:183} INFO - Processing /opt/airflow/dags/dag_dq_checkpoint.py took 0.134 seconds
[2026-05-30T19:41:57.613+0000] {processor.py:161} INFO - Started process (PID=300) to work on /opt/airflow/dags/dag_dq_checkpoint.py
[2026-05-30T19:41:57.614+0000] {processor.py:830} INFO - Processing file /opt/airflow/dags/dag_dq_checkpoint.py for tasks to queue
[2026-05-30T19:41:57.619+0000] {logging_mixin.py:188} INFO - [2026-05-30T19:41:57.618+0000] {dagbag.py:540} INFO - Filling up the DagBag from /opt/airflow/dags/dag_dq_checkpoint.py
[2026-05-30T19:41:57.672+0000] {processor.py:840} INFO - DAG(s) 'neuralretail_dq_checkpoint' retrieved from /opt/airflow/dags/dag_dq_checkpoint.py
[2026-05-30T19:41:57.789+0000] {logging_mixin.py:188} INFO - [2026-05-30T19:41:57.789+0000] {dag.py:3096} INFO - Sync 1 DAGs
[2026-05-30T19:41:57.805+0000] {logging_mixin.py:188} INFO - [2026-05-30T19:41:57.805+0000] {dag.py:3954} INFO - Setting next_dagrun for neuralretail_dq_checkpoint to None, run_after=None
[2026-05-30T19:41:57.831+0000] {processor.py:183} INFO - Processing /opt/airflow/dags/dag_dq_checkpoint.py took 0.229 seconds
[2026-05-30T19:42:28.096+0000] {processor.py:161} INFO - Started process (PID=320) to work on /opt/airflow/dags/dag_dq_checkpoint.py
[2026-05-30T19:42:28.098+0000] {processor.py:830} INFO - Processing file /opt/airflow/dags/dag_dq_checkpoint.py for tasks to queue
[2026-05-30T19:42:28.101+0000] {logging_mixin.py:188} INFO - [2026-05-30T19:42:28.101+0000] {dagbag.py:540} INFO - Filling up the DagBag from /opt/airflow/dags/dag_dq_checkpoint.py
[2026-05-30T19:42:28.150+0000] {processor.py:840} INFO - DAG(s) 'neuralretail_dq_checkpoint' retrieved from /opt/airflow/dags/dag_dq_checkpoint.py
[2026-05-30T19:42:28.213+0000] {logging_mixin.py:188} INFO - [2026-05-30T19:42:28.213+0000] {dag.py:3096} INFO - Sync 1 DAGs
[2026-05-30T19:42:28.228+0000] {logging_mixin.py:188} INFO - [2026-05-30T19:42:28.228+0000] {dag.py:3954} INFO - Setting next_dagrun for neuralretail_dq_checkpoint to None, run_after=None
[2026-05-30T19:42:28.250+0000] {processor.py:183} INFO - Processing /opt/airflow/dags/dag_dq_checkpoint.py took 0.159 seconds
[2026-05-30T19:42:58.695+0000] {processor.py:161} INFO - Started process (PID=340) to work on /opt/airflow/dags/dag_dq_checkpoint.py
[2026-05-30T19:42:58.698+0000] {processor.py:830} INFO - Processing file /opt/airflow/dags/dag_dq_checkpoint.py for tasks to queue
[2026-05-30T19:42:58.707+0000] {logging_mixin.py:188} INFO - [2026-05-30T19:42:58.705+0000] {dagbag.py:540} INFO - Filling up the DagBag from /opt/airflow/dags/dag_dq_checkpoint.py
[2026-05-30T19:42:58.783+0000] {processor.py:840} INFO - DAG(s) 'neuralretail_dq_checkpoint' retrieved from /opt/airflow/dags/dag_dq_checkpoint.py
[2026-05-30T19:42:58.859+0000] {logging_mixin.py:188} INFO - [2026-05-30T19:42:58.858+0000] {dag.py:3096} INFO - Sync 1 DAGs
[2026-05-30T19:42:58.885+0000] {logging_mixin.py:188} INFO - [2026-05-30T19:42:58.885+0000] {dag.py:3954} INFO - Setting next_dagrun for neuralretail_dq_checkpoint to None, run_after=None
[2026-05-30T19:42:58.929+0000] {processor.py:183} INFO - Processing /opt/airflow/dags/dag_dq_checkpoint.py took 0.242 seconds
[2026-05-30T19:43:29.059+0000] {processor.py:161} INFO - Started process (PID=362) to work on /opt/airflow/dags/dag_dq_checkpoint.py
[2026-05-30T19:43:29.062+0000] {processor.py:830} INFO - Processing file /opt/airflow/dags/dag_dq_checkpoint.py for tasks to queue
[2026-05-30T19:43:29.065+0000] {logging_mixin.py:188} INFO - [2026-05-30T19:43:29.064+0000] {dagbag.py:540} INFO - Filling up the DagBag from /opt/airflow/dags/dag_dq_checkpoint.py
[2026-05-30T19:43:29.128+0000] {processor.py:840} INFO - DAG(s) 'neuralretail_dq_checkpoint' retrieved from /opt/airflow/dags/dag_dq_checkpoint.py
[2026-05-30T19:43:29.189+0000] {logging_mixin.py:188} INFO - [2026-05-30T19:43:29.188+0000] {dag.py:3096} INFO - Sync 1 DAGs
[2026-05-30T19:43:29.211+0000] {logging_mixin.py:188} INFO - [2026-05-30T19:43:29.210+0000] {dag.py:3954} INFO - Setting next_dagrun for neuralretail_dq_checkpoint to None, run_after=None
[2026-05-30T19:43:29.241+0000] {processor.py:183} INFO - Processing /opt/airflow/dags/dag_dq_checkpoint.py took 0.192 seconds
[2026-05-30T19:43:59.661+0000] {processor.py:161} INFO - Started process (PID=382) to work on /opt/airflow/dags/dag_dq_checkpoint.py
[2026-05-30T19:43:59.663+0000] {processor.py:830} INFO - Processing file /opt/airflow/dags/dag_dq_checkpoint.py for tasks to queue
[2026-05-30T19:43:59.665+0000] {logging_mixin.py:188} INFO - [2026-05-30T19:43:59.665+0000] {dagbag.py:540} INFO - Filling up the DagBag from /opt/airflow/dags/dag_dq_checkpoint.py
[2026-05-30T19:43:59.732+0000] {processor.py:840} INFO - DAG(s) 'neuralretail_dq_checkpoint' retrieved from /opt/airflow/dags/dag_dq_checkpoint.py
[2026-05-30T19:43:59.776+0000] {logging_mixin.py:188} INFO - [2026-05-30T19:43:59.776+0000] {dag.py:3096} INFO - Sync 1 DAGs
[2026-05-30T19:43:59.787+0000] {logging_mixin.py:188} INFO - [2026-05-30T19:43:59.787+0000] {dag.py:3954} INFO - Setting next_dagrun for neuralretail_dq_checkpoint to None, run_after=None
[2026-05-30T19:43:59.807+0000] {processor.py:183} INFO - Processing /opt/airflow/dags/dag_dq_checkpoint.py took 0.153 seconds
[2026-05-30T19:44:29.907+0000] {processor.py:161} INFO - Started process (PID=402) to work on /opt/airflow/dags/dag_dq_checkpoint.py
[2026-05-30T19:44:29.908+0000] {processor.py:830} INFO - Processing file /opt/airflow/dags/dag_dq_checkpoint.py for tasks to queue
[2026-05-30T19:44:29.911+0000] {logging_mixin.py:188} INFO - [2026-05-30T19:44:29.910+0000] {dagbag.py:540} INFO - Filling up the DagBag from /opt/airflow/dags/dag_dq_checkpoint.py
[2026-05-30T19:44:29.961+0000] {processor.py:840} INFO - DAG(s) 'neuralretail_dq_checkpoint' retrieved from /opt/airflow/dags/dag_dq_checkpoint.py
[2026-05-30T19:44:30.006+0000] {logging_mixin.py:188} INFO - [2026-05-30T19:44:30.006+0000] {dag.py:3096} INFO - Sync 1 DAGs
[2026-05-30T19:44:30.017+0000] {logging_mixin.py:188} INFO - [2026-05-30T19:44:30.017+0000] {dag.py:3954} INFO - Setting next_dagrun for neuralretail_dq_checkpoint to None, run_after=None
[2026-05-30T19:44:30.038+0000] {processor.py:183} INFO - Processing /opt/airflow/dags/dag_dq_checkpoint.py took 0.143 seconds
[2026-05-30T19:45:00.154+0000] {processor.py:161} INFO - Started process (PID=422) to work on /opt/airflow/dags/dag_dq_checkpoint.py
[2026-05-30T19:45:00.158+0000] {processor.py:830} INFO - Processing file /opt/airflow/dags/dag_dq_checkpoint.py for tasks to queue
[2026-05-30T19:45:00.162+0000] {logging_mixin.py:188} INFO - [2026-05-30T19:45:00.162+0000] {dagbag.py:540} INFO - Filling up the DagBag from /opt/airflow/dags/dag_dq_checkpoint.py
[2026-05-30T19:45:00.246+0000] {processor.py:840} INFO - DAG(s) 'neuralretail_dq_checkpoint' retrieved from /opt/airflow/dags/dag_dq_checkpoint.py
[2026-05-30T19:45:00.310+0000] {logging_mixin.py:188} INFO - [2026-05-30T19:45:00.309+0000] {dag.py:3096} INFO - Sync 1 DAGs
[2026-05-30T19:45:00.321+0000] {logging_mixin.py:188} INFO - [2026-05-30T19:45:00.321+0000] {dag.py:3954} INFO - Setting next_dagrun for neuralretail_dq_checkpoint to None, run_after=None
[2026-05-30T19:45:00.341+0000] {processor.py:183} INFO - Processing /opt/airflow/dags/dag_dq_checkpoint.py took 0.196 seconds
[2026-05-30T19:45:31.106+0000] {processor.py:161} INFO - Started process (PID=442) to work on /opt/airflow/dags/dag_dq_checkpoint.py
[2026-05-30T19:45:31.108+0000] {processor.py:830} INFO - Processing file /opt/airflow/dags/dag_dq_checkpoint.py for tasks to queue
[2026-05-30T19:45:31.110+0000] {logging_mixin.py:188} INFO - [2026-05-30T19:45:31.109+0000] {dagbag.py:540} INFO - Filling up the DagBag from /opt/airflow/dags/dag_dq_checkpoint.py
[2026-05-30T19:45:31.155+0000] {processor.py:840} INFO - DAG(s) 'neuralretail_dq_checkpoint' retrieved from /opt/airflow/dags/dag_dq_checkpoint.py
[2026-05-30T19:45:31.200+0000] {logging_mixin.py:188} INFO - [2026-05-30T19:45:31.199+0000] {dag.py:3096} INFO - Sync 1 DAGs
[2026-05-30T19:45:31.212+0000] {logging_mixin.py:188} INFO - [2026-05-30T19:45:31.212+0000] {dag.py:3954} INFO - Setting next_dagrun for neuralretail_dq_checkpoint to None, run_after=None
[2026-05-30T19:45:31.230+0000] {processor.py:183} INFO - Processing /opt/airflow/dags/dag_dq_checkpoint.py took 0.130 seconds
[2026-05-30T19:46:01.729+0000] {processor.py:161} INFO - Started process (PID=460) to work on /opt/airflow/dags/dag_dq_checkpoint.py
[2026-05-30T19:46:01.732+0000] {processor.py:830} INFO - Processing file /opt/airflow/dags/dag_dq_checkpoint.py for tasks to queue
[2026-05-30T19:46:01.734+0000] {logging_mixin.py:188} INFO - [2026-05-30T19:46:01.734+0000] {dagbag.py:540} INFO - Filling up the DagBag from /opt/airflow/dags/dag_dq_checkpoint.py
[2026-05-30T19:46:01.780+0000] {processor.py:840} INFO - DAG(s) 'neuralretail_dq_checkpoint' retrieved from /opt/airflow/dags/dag_dq_checkpoint.py
[2026-05-30T19:46:01.820+0000] {logging_mixin.py:188} INFO - [2026-05-30T19:46:01.820+0000] {dag.py:3096} INFO - Sync 1 DAGs
[2026-05-30T19:46:01.834+0000] {logging_mixin.py:188} INFO - [2026-05-30T19:46:01.834+0000] {dag.py:3954} INFO - Setting next_dagrun for neuralretail_dq_checkpoint to None, run_after=None
[2026-05-30T19:46:01.852+0000] {processor.py:183} INFO - Processing /opt/airflow/dags/dag_dq_checkpoint.py took 0.127 seconds
[2026-05-30T19:46:32.158+0000] {processor.py:161} INFO - Started process (PID=482) to work on /opt/airflow/dags/dag_dq_checkpoint.py
[2026-05-30T19:46:32.160+0000] {processor.py:830} INFO - Processing file /opt/airflow/dags/dag_dq_checkpoint.py for tasks to queue
[2026-05-30T19:46:32.162+0000] {logging_mixin.py:188} INFO - [2026-05-30T19:46:32.162+0000] {dagbag.py:540} INFO - Filling up the DagBag from /opt/airflow/dags/dag_dq_checkpoint.py
[2026-05-30T19:46:32.203+0000] {processor.py:840} INFO - DAG(s) 'neuralretail_dq_checkpoint' retrieved from /opt/airflow/dags/dag_dq_checkpoint.py
[2026-05-30T19:46:32.242+0000] {logging_mixin.py:188} INFO - [2026-05-30T19:46:32.242+0000] {dag.py:3096} INFO - Sync 1 DAGs
[2026-05-30T19:46:32.253+0000] {logging_mixin.py:188} INFO - [2026-05-30T19:46:32.253+0000] {dag.py:3954} INFO - Setting next_dagrun for neuralretail_dq_checkpoint to None, run_after=None
[2026-05-30T19:46:32.272+0000] {processor.py:183} INFO - Processing /opt/airflow/dags/dag_dq_checkpoint.py took 0.121 seconds
[2026-05-30T19:47:02.694+0000] {processor.py:161} INFO - Started process (PID=502) to work on /opt/airflow/dags/dag_dq_checkpoint.py
[2026-05-30T19:47:02.696+0000] {processor.py:830} INFO - Processing file /opt/airflow/dags/dag_dq_checkpoint.py for tasks to queue
[2026-05-30T19:47:02.700+0000] {logging_mixin.py:188} INFO - [2026-05-30T19:47:02.699+0000] {dagbag.py:540} INFO - Filling up the DagBag from /opt/airflow/dags/dag_dq_checkpoint.py
[2026-05-30T19:47:02.751+0000] {processor.py:840} INFO - DAG(s) 'neuralretail_dq_checkpoint' retrieved from /opt/airflow/dags/dag_dq_checkpoint.py
[2026-05-30T19:47:02.791+0000] {logging_mixin.py:188} INFO - [2026-05-30T19:47:02.791+0000] {dag.py:3096} INFO - Sync 1 DAGs
[2026-05-30T19:47:02.801+0000] {logging_mixin.py:188} INFO - [2026-05-30T19:47:02.801+0000] {dag.py:3954} INFO - Setting next_dagrun for neuralretail_dq_checkpoint to None, run_after=None
[2026-05-30T19:47:02.823+0000] {processor.py:183} INFO - Processing /opt/airflow/dags/dag_dq_checkpoint.py took 0.139 seconds
[2026-05-30T19:47:33.042+0000] {processor.py:161} INFO - Started process (PID=522) to work on /opt/airflow/dags/dag_dq_checkpoint.py
[2026-05-30T19:47:33.043+0000] {processor.py:830} INFO - Processing file /opt/airflow/dags/dag_dq_checkpoint.py for tasks to queue
[2026-05-30T19:47:33.045+0000] {logging_mixin.py:188} INFO - [2026-05-30T19:47:33.045+0000] {dagbag.py:540} INFO - Filling up the DagBag from /opt/airflow/dags/dag_dq_checkpoint.py
[2026-05-30T19:47:33.104+0000] {processor.py:840} INFO - DAG(s) 'neuralretail_dq_checkpoint' retrieved from /opt/airflow/dags/dag_dq_checkpoint.py
[2026-05-30T19:47:33.162+0000] {logging_mixin.py:188} INFO - [2026-05-30T19:47:33.161+0000] {dag.py:3096} INFO - Sync 1 DAGs
[2026-05-30T19:47:33.174+0000] {logging_mixin.py:188} INFO - [2026-05-30T19:47:33.174+0000] {dag.py:3954} INFO - Setting next_dagrun for neuralretail_dq_checkpoint to None, run_after=None
[2026-05-30T19:47:33.196+0000] {processor.py:183} INFO - Processing /opt/airflow/dags/dag_dq_checkpoint.py took 0.163 seconds
[2026-05-30T19:48:03.706+0000] {processor.py:161} INFO - Started process (PID=542) to work on /opt/airflow/dags/dag_dq_checkpoint.py
[2026-05-30T19:48:03.709+0000] {processor.py:830} INFO - Processing file /opt/airflow/dags/dag_dq_checkpoint.py for tasks to queue
[2026-05-30T19:48:03.713+0000] {logging_mixin.py:188} INFO - [2026-05-30T19:48:03.712+0000] {dagbag.py:540} INFO - Filling up the DagBag from /opt/airflow/dags/dag_dq_checkpoint.py
[2026-05-30T19:48:03.781+0000] {processor.py:840} INFO - DAG(s) 'neuralretail_dq_checkpoint' retrieved from /opt/airflow/dags/dag_dq_checkpoint.py
[2026-05-30T19:48:03.819+0000] {logging_mixin.py:188} INFO - [2026-05-30T19:48:03.819+0000] {dag.py:3096} INFO - Sync 1 DAGs
[2026-05-30T19:48:03.829+0000] {logging_mixin.py:188} INFO - [2026-05-30T19:48:03.829+0000] {dag.py:3954} INFO - Setting next_dagrun for neuralretail_dq_checkpoint to None, run_after=None
[2026-05-30T19:48:03.848+0000] {processor.py:183} INFO - Processing /opt/airflow/dags/dag_dq_checkpoint.py took 0.160 seconds
[2026-05-30T19:48:34.819+0000] {processor.py:161} INFO - Started process (PID=562) to work on /opt/airflow/dags/dag_dq_checkpoint.py
[2026-05-30T19:48:34.830+0000] {processor.py:830} INFO - Processing file /opt/airflow/dags/dag_dq_checkpoint.py for tasks to queue
[2026-05-30T19:48:34.837+0000] {logging_mixin.py:188} INFO - [2026-05-30T19:48:34.836+0000] {dagbag.py:540} INFO - Filling up the DagBag from /opt/airflow/dags/dag_dq_checkpoint.py
[2026-05-30T19:48:34.935+0000] {processor.py:840} INFO - DAG(s) 'neuralretail_dq_checkpoint' retrieved from /opt/airflow/dags/dag_dq_checkpoint.py
[2026-05-30T19:48:35.012+0000] {logging_mixin.py:188} INFO - [2026-05-30T19:48:35.011+0000] {dag.py:3096} INFO - Sync 1 DAGs
[2026-05-30T19:48:35.023+0000] {logging_mixin.py:188} INFO - [2026-05-30T19:48:35.023+0000] {dag.py:3954} INFO - Setting next_dagrun for neuralretail_dq_checkpoint to None, run_after=None
[2026-05-30T19:48:35.045+0000] {processor.py:183} INFO - Processing /opt/airflow/dags/dag_dq_checkpoint.py took 0.230 seconds
[2026-05-30T19:49:05.718+0000] {processor.py:161} INFO - Started process (PID=582) to work on /opt/airflow/dags/dag_dq_checkpoint.py
[2026-05-30T19:49:05.720+0000] {processor.py:830} INFO - Processing file /opt/airflow/dags/dag_dq_checkpoint.py for tasks to queue
[2026-05-30T19:49:05.722+0000] {logging_mixin.py:188} INFO - [2026-05-30T19:49:05.721+0000] {dagbag.py:540} INFO - Filling up the DagBag from /opt/airflow/dags/dag_dq_checkpoint.py
[2026-05-30T19:49:05.809+0000] {processor.py:840} INFO - DAG(s) 'neuralretail_dq_checkpoint' retrieved from /opt/airflow/dags/dag_dq_checkpoint.py
[2026-05-30T19:49:05.888+0000] {logging_mixin.py:188} INFO - [2026-05-30T19:49:05.888+0000] {dag.py:3096} INFO - Sync 1 DAGs
[2026-05-30T19:49:05.935+0000] {logging_mixin.py:188} INFO - [2026-05-30T19:49:05.935+0000] {dag.py:3954} INFO - Setting next_dagrun for neuralretail_dq_checkpoint to None, run_after=None
[2026-05-30T19:49:05.960+0000] {processor.py:183} INFO - Processing /opt/airflow/dags/dag_dq_checkpoint.py took 0.296 seconds
[2026-05-30T19:49:37.030+0000] {processor.py:161} INFO - Started process (PID=602) to work on /opt/airflow/dags/dag_dq_checkpoint.py
[2026-05-30T19:49:37.032+0000] {processor.py:830} INFO - Processing file /opt/airflow/dags/dag_dq_checkpoint.py for tasks to queue
[2026-05-30T19:49:37.036+0000] {logging_mixin.py:188} INFO - [2026-05-30T19:49:37.035+0000] {dagbag.py:540} INFO - Filling up the DagBag from /opt/airflow/dags/dag_dq_checkpoint.py
[2026-05-30T19:49:37.096+0000] {processor.py:840} INFO - DAG(s) 'neuralretail_dq_checkpoint' retrieved from /opt/airflow/dags/dag_dq_checkpoint.py
[2026-05-30T19:49:37.161+0000] {logging_mixin.py:188} INFO - [2026-05-30T19:49:37.161+0000] {dag.py:3096} INFO - Sync 1 DAGs
[2026-05-30T19:49:37.184+0000] {logging_mixin.py:188} INFO - [2026-05-30T19:49:37.183+0000] {dag.py:3954} INFO - Setting next_dagrun for neuralretail_dq_checkpoint to None, run_after=None
[2026-05-30T19:49:37.212+0000] {processor.py:183} INFO - Processing /opt/airflow/dags/dag_dq_checkpoint.py took 0.193 seconds
[2026-05-30T19:50:07.320+0000] {processor.py:161} INFO - Started process (PID=622) to work on /opt/airflow/dags/dag_dq_checkpoint.py
[2026-05-30T19:50:07.322+0000] {processor.py:830} INFO - Processing file /opt/airflow/dags/dag_dq_checkpoint.py for tasks to queue
[2026-05-30T19:50:07.325+0000] {logging_mixin.py:188} INFO - [2026-05-30T19:50:07.324+0000] {dagbag.py:540} INFO - Filling up the DagBag from /opt/airflow/dags/dag_dq_checkpoint.py
[2026-05-30T19:50:07.392+0000] {processor.py:840} INFO - DAG(s) 'neuralretail_dq_checkpoint' retrieved from /opt/airflow/dags/dag_dq_checkpoint.py
[2026-05-30T19:50:07.436+0000] {logging_mixin.py:188} INFO - [2026-05-30T19:50:07.436+0000] {dag.py:3096} INFO - Sync 1 DAGs
[2026-05-30T19:50:07.447+0000] {logging_mixin.py:188} INFO - [2026-05-30T19:50:07.447+0000] {dag.py:3954} INFO - Setting next_dagrun for neuralretail_dq_checkpoint to None, run_after=None
[2026-05-30T19:50:07.469+0000] {processor.py:183} INFO - Processing /opt/airflow/dags/dag_dq_checkpoint.py took 0.158 seconds
[2026-05-30T19:50:37.714+0000] {processor.py:161} INFO - Started process (PID=642) to work on /opt/airflow/dags/dag_dq_checkpoint.py
[2026-05-30T19:50:37.719+0000] {processor.py:830} INFO - Processing file /opt/airflow/dags/dag_dq_checkpoint.py for tasks to queue
[2026-05-30T19:50:37.725+0000] {logging_mixin.py:188} INFO - [2026-05-30T19:50:37.724+0000] {dagbag.py:540} INFO - Filling up the DagBag from /opt/airflow/dags/dag_dq_checkpoint.py
[2026-05-30T19:50:37.857+0000] {processor.py:840} INFO - DAG(s) 'neuralretail_dq_checkpoint' retrieved from /opt/airflow/dags/dag_dq_checkpoint.py
[2026-05-30T19:50:37.922+0000] {logging_mixin.py:188} INFO - [2026-05-30T19:50:37.922+0000] {dag.py:3096} INFO - Sync 1 DAGs
[2026-05-30T19:50:37.949+0000] {logging_mixin.py:188} INFO - [2026-05-30T19:50:37.949+0000] {dag.py:3954} INFO - Setting next_dagrun for neuralretail_dq_checkpoint to None, run_after=None
[2026-05-30T19:50:37.993+0000] {processor.py:183} INFO - Processing /opt/airflow/dags/dag_dq_checkpoint.py took 0.288 seconds
[2026-05-30T19:51:08.141+0000] {processor.py:161} INFO - Started process (PID=662) to work on /opt/airflow/dags/dag_dq_checkpoint.py
[2026-05-30T19:51:08.143+0000] {processor.py:830} INFO - Processing file /opt/airflow/dags/dag_dq_checkpoint.py for tasks to queue
[2026-05-30T19:51:08.148+0000] {logging_mixin.py:188} INFO - [2026-05-30T19:51:08.147+0000] {dagbag.py:540} INFO - Filling up the DagBag from /opt/airflow/dags/dag_dq_checkpoint.py
[2026-05-30T19:51:08.219+0000] {processor.py:840} INFO - DAG(s) 'neuralretail_dq_checkpoint' retrieved from /opt/airflow/dags/dag_dq_checkpoint.py
[2026-05-30T19:51:08.291+0000] {logging_mixin.py:188} INFO - [2026-05-30T19:51:08.291+0000] {dag.py:3096} INFO - Sync 1 DAGs
[2026-05-30T19:51:08.304+0000] {logging_mixin.py:188} INFO - [2026-05-30T19:51:08.304+0000] {dag.py:3954} INFO - Setting next_dagrun for neuralretail_dq_checkpoint to None, run_after=None
[2026-05-30T19:51:08.338+0000] {processor.py:183} INFO - Processing /opt/airflow/dags/dag_dq_checkpoint.py took 0.208 seconds
[2026-05-30T19:57:52.179+0000] {processor.py:161} INFO - Started process (PID=182) to work on /opt/airflow/dags/dag_dq_checkpoint.py
[2026-05-30T19:57:52.181+0000] {processor.py:830} INFO - Processing file /opt/airflow/dags/dag_dq_checkpoint.py for tasks to queue
[2026-05-30T19:57:52.187+0000] {logging_mixin.py:188} INFO - [2026-05-30T19:57:52.186+0000] {dagbag.py:540} INFO - Filling up the DagBag from /opt/airflow/dags/dag_dq_checkpoint.py
[2026-05-30T19:57:52.256+0000] {processor.py:840} INFO - DAG(s) 'neuralretail_dq_checkpoint' retrieved from /opt/airflow/dags/dag_dq_checkpoint.py
[2026-05-30T19:57:52.431+0000] {logging_mixin.py:188} INFO - [2026-05-30T19:57:52.430+0000] {override.py:1829} INFO - Created Permission View: can delete on DAG:neuralretail_dq_checkpoint
[2026-05-30T19:57:52.442+0000] {logging_mixin.py:188} INFO - [2026-05-30T19:57:52.441+0000] {override.py:1829} INFO - Created Permission View: can edit on DAG:neuralretail_dq_checkpoint
[2026-05-30T19:57:52.450+0000] {logging_mixin.py:188} INFO - [2026-05-30T19:57:52.450+0000] {override.py:1829} INFO - Created Permission View: can read on DAG:neuralretail_dq_checkpoint
[2026-05-30T19:57:52.452+0000] {logging_mixin.py:188} INFO - [2026-05-30T19:57:52.451+0000] {dag.py:3096} INFO - Sync 1 DAGs
[2026-05-30T19:57:52.469+0000] {logging_mixin.py:188} INFO - [2026-05-30T19:57:52.468+0000] {dag.py:3118} INFO - Creating ORM DAG for neuralretail_dq_checkpoint
[2026-05-30T19:57:52.471+0000] {logging_mixin.py:188} INFO - [2026-05-30T19:57:52.471+0000] {dag.py:3954} INFO - Setting next_dagrun for neuralretail_dq_checkpoint to None, run_after=None
[2026-05-30T19:57:52.499+0000] {processor.py:183} INFO - Processing /opt/airflow/dags/dag_dq_checkpoint.py took 0.326 seconds
[2026-05-30T19:58:23.517+0000] {processor.py:161} INFO - Started process (PID=202) to work on /opt/airflow/dags/dag_dq_checkpoint.py
[2026-05-30T19:58:23.518+0000] {processor.py:830} INFO - Processing file /opt/airflow/dags/dag_dq_checkpoint.py for tasks to queue
[2026-05-30T19:58:23.521+0000] {logging_mixin.py:188} INFO - [2026-05-30T19:58:23.520+0000] {dagbag.py:540} INFO - Filling up the DagBag from /opt/airflow/dags/dag_dq_checkpoint.py
[2026-05-30T19:58:23.564+0000] {processor.py:840} INFO - DAG(s) 'neuralretail_dq_checkpoint' retrieved from /opt/airflow/dags/dag_dq_checkpoint.py
[2026-05-30T19:58:23.599+0000] {logging_mixin.py:188} INFO - [2026-05-30T19:58:23.598+0000] {dag.py:3096} INFO - Sync 1 DAGs
[2026-05-30T19:58:23.609+0000] {logging_mixin.py:188} INFO - [2026-05-30T19:58:23.609+0000] {dag.py:3954} INFO - Setting next_dagrun for neuralretail_dq_checkpoint to None, run_after=None
[2026-05-30T19:58:23.633+0000] {processor.py:183} INFO - Processing /opt/airflow/dags/dag_dq_checkpoint.py took 0.122 seconds
[2026-05-30T19:58:53.772+0000] {processor.py:161} INFO - Started process (PID=225) to work on /opt/airflow/dags/dag_dq_checkpoint.py
[2026-05-30T19:58:53.773+0000] {processor.py:830} INFO - Processing file /opt/airflow/dags/dag_dq_checkpoint.py for tasks to queue
[2026-05-30T19:58:53.775+0000] {logging_mixin.py:188} INFO - [2026-05-30T19:58:53.774+0000] {dagbag.py:540} INFO - Filling up the DagBag from /opt/airflow/dags/dag_dq_checkpoint.py
[2026-05-30T19:58:53.823+0000] {processor.py:840} INFO - DAG(s) 'neuralretail_dq_checkpoint' retrieved from /opt/airflow/dags/dag_dq_checkpoint.py
[2026-05-30T19:58:53.866+0000] {logging_mixin.py:188} INFO - [2026-05-30T19:58:53.866+0000] {dag.py:3096} INFO - Sync 1 DAGs
[2026-05-30T19:58:53.876+0000] {logging_mixin.py:188} INFO - [2026-05-30T19:58:53.876+0000] {dag.py:3954} INFO - Setting next_dagrun for neuralretail_dq_checkpoint to None, run_after=None
[2026-05-30T19:58:53.905+0000] {processor.py:183} INFO - Processing /opt/airflow/dags/dag_dq_checkpoint.py took 0.146 seconds
[2026-05-30T19:59:24.114+0000] {processor.py:161} INFO - Started process (PID=242) to work on /opt/airflow/dags/dag_dq_checkpoint.py
[2026-05-30T19:59:24.116+0000] {processor.py:830} INFO - Processing file /opt/airflow/dags/dag_dq_checkpoint.py for tasks to queue
[2026-05-30T19:59:24.118+0000] {logging_mixin.py:188} INFO - [2026-05-30T19:59:24.118+0000] {dagbag.py:540} INFO - Filling up the DagBag from /opt/airflow/dags/dag_dq_checkpoint.py
[2026-05-30T19:59:24.164+0000] {processor.py:840} INFO - DAG(s) 'neuralretail_dq_checkpoint' retrieved from /opt/airflow/dags/dag_dq_checkpoint.py
[2026-05-30T19:59:24.189+0000] {logging_mixin.py:188} INFO - [2026-05-30T19:59:24.188+0000] {dag.py:3096} INFO - Sync 1 DAGs
[2026-05-30T19:59:24.197+0000] {logging_mixin.py:188} INFO - [2026-05-30T19:59:24.197+0000] {dag.py:3954} INFO - Setting next_dagrun for neuralretail_dq_checkpoint to None, run_after=None
[2026-05-30T19:59:24.215+0000] {processor.py:183} INFO - Processing /opt/airflow/dags/dag_dq_checkpoint.py took 0.110 seconds
[2026-05-30T19:59:54.403+0000] {processor.py:161} INFO - Started process (PID=262) to work on /opt/airflow/dags/dag_dq_checkpoint.py
[2026-05-30T19:59:54.404+0000] {processor.py:830} INFO - Processing file /opt/airflow/dags/dag_dq_checkpoint.py for tasks to queue
[2026-05-30T19:59:54.406+0000] {logging_mixin.py:188} INFO - [2026-05-30T19:59:54.406+0000] {dagbag.py:540} INFO - Filling up the DagBag from /opt/airflow/dags/dag_dq_checkpoint.py
[2026-05-30T19:59:54.452+0000] {processor.py:840} INFO - DAG(s) 'neuralretail_dq_checkpoint' retrieved from /opt/airflow/dags/dag_dq_checkpoint.py
[2026-05-30T19:59:54.503+0000] {logging_mixin.py:188} INFO - [2026-05-30T19:59:54.502+0000] {dag.py:3096} INFO - Sync 1 DAGs
[2026-05-30T19:59:54.517+0000] {logging_mixin.py:188} INFO - [2026-05-30T19:59:54.517+0000] {dag.py:3954} INFO - Setting next_dagrun for neuralretail_dq_checkpoint to None, run_after=None
[2026-05-30T19:59:54.535+0000] {processor.py:183} INFO - Processing /opt/airflow/dags/dag_dq_checkpoint.py took 0.136 seconds
[2026-05-30T20:00:24.771+0000] {processor.py:161} INFO - Started process (PID=282) to work on /opt/airflow/dags/dag_dq_checkpoint.py
[2026-05-30T20:00:24.772+0000] {processor.py:830} INFO - Processing file /opt/airflow/dags/dag_dq_checkpoint.py for tasks to queue
[2026-05-30T20:00:24.773+0000] {logging_mixin.py:188} INFO - [2026-05-30T20:00:24.773+0000] {dagbag.py:540} INFO - Filling up the DagBag from /opt/airflow/dags/dag_dq_checkpoint.py
[2026-05-30T20:00:24.811+0000] {processor.py:840} INFO - DAG(s) 'neuralretail_dq_checkpoint' retrieved from /opt/airflow/dags/dag_dq_checkpoint.py
[2026-05-30T20:00:24.854+0000] {logging_mixin.py:188} INFO - [2026-05-30T20:00:24.854+0000] {dag.py:3096} INFO - Sync 1 DAGs
[2026-05-30T20:00:24.864+0000] {logging_mixin.py:188} INFO - [2026-05-30T20:00:24.864+0000] {dag.py:3954} INFO - Setting next_dagrun for neuralretail_dq_checkpoint to None, run_after=None
[2026-05-30T20:00:24.880+0000] {processor.py:183} INFO - Processing /opt/airflow/dags/dag_dq_checkpoint.py took 0.114 seconds
[2026-05-30T20:00:55.143+0000] {processor.py:161} INFO - Started process (PID=302) to work on /opt/airflow/dags/dag_dq_checkpoint.py
[2026-05-30T20:00:55.144+0000] {processor.py:830} INFO - Processing file /opt/airflow/dags/dag_dq_checkpoint.py for tasks to queue
[2026-05-30T20:00:55.146+0000] {logging_mixin.py:188} INFO - [2026-05-30T20:00:55.145+0000] {dagbag.py:540} INFO - Filling up the DagBag from /opt/airflow/dags/dag_dq_checkpoint.py
[2026-05-30T20:00:55.191+0000] {processor.py:840} INFO - DAG(s) 'neuralretail_dq_checkpoint' retrieved from /opt/airflow/dags/dag_dq_checkpoint.py
[2026-05-30T20:00:55.226+0000] {logging_mixin.py:188} INFO - [2026-05-30T20:00:55.226+0000] {dag.py:3096} INFO - Sync 1 DAGs
[2026-05-30T20:00:55.235+0000] {logging_mixin.py:188} INFO - [2026-05-30T20:00:55.235+0000] {dag.py:3954} INFO - Setting next_dagrun for neuralretail_dq_checkpoint to None, run_after=None
[2026-05-30T20:00:55.251+0000] {processor.py:183} INFO - Processing /opt/airflow/dags/dag_dq_checkpoint.py took 0.112 seconds
[2026-05-30T20:01:25.495+0000] {processor.py:161} INFO - Started process (PID=322) to work on /opt/airflow/dags/dag_dq_checkpoint.py
[2026-05-30T20:01:25.496+0000] {processor.py:830} INFO - Processing file /opt/airflow/dags/dag_dq_checkpoint.py for tasks to queue
[2026-05-30T20:01:25.497+0000] {logging_mixin.py:188} INFO - [2026-05-30T20:01:25.497+0000] {dagbag.py:540} INFO - Filling up the DagBag from /opt/airflow/dags/dag_dq_checkpoint.py
[2026-05-30T20:01:25.544+0000] {processor.py:840} INFO - DAG(s) 'neuralretail_dq_checkpoint' retrieved from /opt/airflow/dags/dag_dq_checkpoint.py
[2026-05-30T20:01:25.577+0000] {logging_mixin.py:188} INFO - [2026-05-30T20:01:25.576+0000] {dag.py:3096} INFO - Sync 1 DAGs
[2026-05-30T20:01:25.586+0000] {logging_mixin.py:188} INFO - [2026-05-30T20:01:25.586+0000] {dag.py:3954} INFO - Setting next_dagrun for neuralretail_dq_checkpoint to None, run_after=None
[2026-05-30T20:01:25.607+0000] {processor.py:183} INFO - Processing /opt/airflow/dags/dag_dq_checkpoint.py took 0.116 seconds
[2026-05-30T20:01:55.871+0000] {processor.py:161} INFO - Started process (PID=340) to work on /opt/airflow/dags/dag_dq_checkpoint.py
[2026-05-30T20:01:55.872+0000] {processor.py:830} INFO - Processing file /opt/airflow/dags/dag_dq_checkpoint.py for tasks to queue
[2026-05-30T20:01:55.874+0000] {logging_mixin.py:188} INFO - [2026-05-30T20:01:55.874+0000] {dagbag.py:540} INFO - Filling up the DagBag from /opt/airflow/dags/dag_dq_checkpoint.py
[2026-05-30T20:01:55.952+0000] {processor.py:840} INFO - DAG(s) 'neuralretail_dq_checkpoint' retrieved from /opt/airflow/dags/dag_dq_checkpoint.py
[2026-05-30T20:01:55.989+0000] {logging_mixin.py:188} INFO - [2026-05-30T20:01:55.989+0000] {dag.py:3096} INFO - Sync 1 DAGs
[2026-05-30T20:01:55.999+0000] {logging_mixin.py:188} INFO - [2026-05-30T20:01:55.999+0000] {dag.py:3954} INFO - Setting next_dagrun for neuralretail_dq_checkpoint to None, run_after=None
[2026-05-30T20:01:56.017+0000] {processor.py:183} INFO - Processing /opt/airflow/dags/dag_dq_checkpoint.py took 0.152 seconds
[2026-05-30T20:02:26.952+0000] {processor.py:161} INFO - Started process (PID=360) to work on /opt/airflow/dags/dag_dq_checkpoint.py
[2026-05-30T20:02:26.953+0000] {processor.py:830} INFO - Processing file /opt/airflow/dags/dag_dq_checkpoint.py for tasks to queue
[2026-05-30T20:02:26.955+0000] {logging_mixin.py:188} INFO - [2026-05-30T20:02:26.955+0000] {dagbag.py:540} INFO - Filling up the DagBag from /opt/airflow/dags/dag_dq_checkpoint.py
[2026-05-30T20:02:27.002+0000] {processor.py:840} INFO - DAG(s) 'neuralretail_dq_checkpoint' retrieved from /opt/airflow/dags/dag_dq_checkpoint.py
[2026-05-30T20:02:27.043+0000] {logging_mixin.py:188} INFO - [2026-05-30T20:02:27.042+0000] {dag.py:3096} INFO - Sync 1 DAGs
[2026-05-30T20:02:27.057+0000] {logging_mixin.py:188} INFO - [2026-05-30T20:02:27.057+0000] {dag.py:3954} INFO - Setting next_dagrun for neuralretail_dq_checkpoint to None, run_after=None
[2026-05-30T20:02:27.079+0000] {processor.py:183} INFO - Processing /opt/airflow/dags/dag_dq_checkpoint.py took 0.132 seconds
[2026-05-30T20:02:58.384+0000] {processor.py:161} INFO - Started process (PID=380) to work on /opt/airflow/dags/dag_dq_checkpoint.py
[2026-05-30T20:02:58.388+0000] {processor.py:830} INFO - Processing file /opt/airflow/dags/dag_dq_checkpoint.py for tasks to queue
[2026-05-30T20:02:58.394+0000] {logging_mixin.py:188} INFO - [2026-05-30T20:02:58.394+0000] {dagbag.py:540} INFO - Filling up the DagBag from /opt/airflow/dags/dag_dq_checkpoint.py
[2026-05-30T20:02:58.482+0000] {processor.py:840} INFO - DAG(s) 'neuralretail_dq_checkpoint' retrieved from /opt/airflow/dags/dag_dq_checkpoint.py
[2026-05-30T20:02:58.539+0000] {logging_mixin.py:188} INFO - [2026-05-30T20:02:58.539+0000] {dag.py:3096} INFO - Sync 1 DAGs
[2026-05-30T20:02:58.550+0000] {logging_mixin.py:188} INFO - [2026-05-30T20:02:58.550+0000] {dag.py:3954} INFO - Setting next_dagrun for neuralretail_dq_checkpoint to None, run_after=None
[2026-05-30T20:02:58.572+0000] {processor.py:183} INFO - Processing /opt/airflow/dags/dag_dq_checkpoint.py took 0.205 seconds
[2026-05-30T20:03:28.832+0000] {processor.py:161} INFO - Started process (PID=402) to work on /opt/airflow/dags/dag_dq_checkpoint.py
[2026-05-30T20:03:28.835+0000] {processor.py:830} INFO - Processing file /opt/airflow/dags/dag_dq_checkpoint.py for tasks to queue
[2026-05-30T20:03:28.840+0000] {logging_mixin.py:188} INFO - [2026-05-30T20:03:28.839+0000] {dagbag.py:540} INFO - Filling up the DagBag from /opt/airflow/dags/dag_dq_checkpoint.py
[2026-05-30T20:03:28.908+0000] {processor.py:840} INFO - DAG(s) 'neuralretail_dq_checkpoint' retrieved from /opt/airflow/dags/dag_dq_checkpoint.py
[2026-05-30T20:03:28.954+0000] {logging_mixin.py:188} INFO - [2026-05-30T20:03:28.953+0000] {dag.py:3096} INFO - Sync 1 DAGs
[2026-05-30T20:03:28.965+0000] {logging_mixin.py:188} INFO - [2026-05-30T20:03:28.964+0000] {dag.py:3954} INFO - Setting next_dagrun for neuralretail_dq_checkpoint to None, run_after=None
[2026-05-30T20:03:28.990+0000] {processor.py:183} INFO - Processing /opt/airflow/dags/dag_dq_checkpoint.py took 0.171 seconds
[2026-05-30T20:03:59.528+0000] {processor.py:161} INFO - Started process (PID=422) to work on /opt/airflow/dags/dag_dq_checkpoint.py
[2026-05-30T20:03:59.530+0000] {processor.py:830} INFO - Processing file /opt/airflow/dags/dag_dq_checkpoint.py for tasks to queue
[2026-05-30T20:03:59.532+0000] {logging_mixin.py:188} INFO - [2026-05-30T20:03:59.532+0000] {dagbag.py:540} INFO - Filling up the DagBag from /opt/airflow/dags/dag_dq_checkpoint.py
[2026-05-30T20:03:59.574+0000] {processor.py:840} INFO - DAG(s) 'neuralretail_dq_checkpoint' retrieved from /opt/airflow/dags/dag_dq_checkpoint.py
[2026-05-30T20:03:59.610+0000] {logging_mixin.py:188} INFO - [2026-05-30T20:03:59.610+0000] {dag.py:3096} INFO - Sync 1 DAGs
[2026-05-30T20:03:59.624+0000] {logging_mixin.py:188} INFO - [2026-05-30T20:03:59.624+0000] {dag.py:3954} INFO - Setting next_dagrun for neuralretail_dq_checkpoint to None, run_after=None
[2026-05-30T20:03:59.656+0000] {processor.py:183} INFO - Processing /opt/airflow/dags/dag_dq_checkpoint.py took 0.137 seconds
[2026-05-30T20:04:30.166+0000] {processor.py:161} INFO - Started process (PID=442) to work on /opt/airflow/dags/dag_dq_checkpoint.py
[2026-05-30T20:04:30.168+0000] {processor.py:830} INFO - Processing file /opt/airflow/dags/dag_dq_checkpoint.py for tasks to queue
[2026-05-30T20:04:30.172+0000] {logging_mixin.py:188} INFO - [2026-05-30T20:04:30.171+0000] {dagbag.py:540} INFO - Filling up the DagBag from /opt/airflow/dags/dag_dq_checkpoint.py
[2026-05-30T20:04:30.552+0000] {processor.py:840} INFO - DAG(s) 'neuralretail_dq_checkpoint' retrieved from /opt/airflow/dags/dag_dq_checkpoint.py
[2026-05-30T20:04:30.624+0000] {logging_mixin.py:188} INFO - [2026-05-30T20:04:30.623+0000] {dag.py:3096} INFO - Sync 1 DAGs
[2026-05-30T20:04:30.644+0000] {logging_mixin.py:188} INFO - [2026-05-30T20:04:30.644+0000] {dag.py:3954} INFO - Setting next_dagrun for neuralretail_dq_checkpoint to None, run_after=None
[2026-05-30T20:04:30.682+0000] {processor.py:183} INFO - Processing /opt/airflow/dags/dag_dq_checkpoint.py took 0.524 seconds
[2026-05-30T20:05:01.145+0000] {processor.py:161} INFO - Started process (PID=461) to work on /opt/airflow/dags/dag_dq_checkpoint.py
[2026-05-30T20:05:01.147+0000] {processor.py:830} INFO - Processing file /opt/airflow/dags/dag_dq_checkpoint.py for tasks to queue
[2026-05-30T20:05:01.149+0000] {logging_mixin.py:188} INFO - [2026-05-30T20:05:01.149+0000] {dagbag.py:540} INFO - Filling up the DagBag from /opt/airflow/dags/dag_dq_checkpoint.py
[2026-05-30T20:05:01.195+0000] {processor.py:840} INFO - DAG(s) 'neuralretail_dq_checkpoint' retrieved from /opt/airflow/dags/dag_dq_checkpoint.py
[2026-05-30T20:05:01.234+0000] {logging_mixin.py:188} INFO - [2026-05-30T20:05:01.234+0000] {dag.py:3096} INFO - Sync 1 DAGs
[2026-05-30T20:05:01.244+0000] {logging_mixin.py:188} INFO - [2026-05-30T20:05:01.244+0000] {dag.py:3954} INFO - Setting next_dagrun for neuralretail_dq_checkpoint to None, run_after=None
[2026-05-30T20:05:01.260+0000] {processor.py:183} INFO - Processing /opt/airflow/dags/dag_dq_checkpoint.py took 0.121 seconds
[2026-05-30T20:05:31.832+0000] {processor.py:161} INFO - Started process (PID=482) to work on /opt/airflow/dags/dag_dq_checkpoint.py
[2026-05-30T20:05:31.835+0000] {processor.py:830} INFO - Processing file /opt/airflow/dags/dag_dq_checkpoint.py for tasks to queue
[2026-05-30T20:05:31.838+0000] {logging_mixin.py:188} INFO - [2026-05-30T20:05:31.838+0000] {dagbag.py:540} INFO - Filling up the DagBag from /opt/airflow/dags/dag_dq_checkpoint.py
[2026-05-30T20:05:31.913+0000] {processor.py:840} INFO - DAG(s) 'neuralretail_dq_checkpoint' retrieved from /opt/airflow/dags/dag_dq_checkpoint.py
[2026-05-30T20:05:31.983+0000] {logging_mixin.py:188} INFO - [2026-05-30T20:05:31.983+0000] {dag.py:3096} INFO - Sync 1 DAGs
[2026-05-30T20:05:32.002+0000] {logging_mixin.py:188} INFO - [2026-05-30T20:05:32.002+0000] {dag.py:3954} INFO - Setting next_dagrun for neuralretail_dq_checkpoint to None, run_after=None
[2026-05-30T20:05:32.081+0000] {processor.py:183} INFO - Processing /opt/airflow/dags/dag_dq_checkpoint.py took 0.261 seconds
[2026-05-30T20:06:02.358+0000] {processor.py:161} INFO - Started process (PID=502) to work on /opt/airflow/dags/dag_dq_checkpoint.py
[2026-05-30T20:06:02.359+0000] {processor.py:830} INFO - Processing file /opt/airflow/dags/dag_dq_checkpoint.py for tasks to queue
[2026-05-30T20:06:02.361+0000] {logging_mixin.py:188} INFO - [2026-05-30T20:06:02.361+0000] {dagbag.py:540} INFO - Filling up the DagBag from /opt/airflow/dags/dag_dq_checkpoint.py
[2026-05-30T20:06:02.399+0000] {processor.py:840} INFO - DAG(s) 'neuralretail_dq_checkpoint' retrieved from /opt/airflow/dags/dag_dq_checkpoint.py
[2026-05-30T20:06:02.438+0000] {logging_mixin.py:188} INFO - [2026-05-30T20:06:02.438+0000] {dag.py:3096} INFO - Sync 1 DAGs
[2026-05-30T20:06:02.449+0000] {logging_mixin.py:188} INFO - [2026-05-30T20:06:02.449+0000] {dag.py:3954} INFO - Setting next_dagrun for neuralretail_dq_checkpoint to None, run_after=None
[2026-05-30T20:06:02.469+0000] {processor.py:183} INFO - Processing /opt/airflow/dags/dag_dq_checkpoint.py took 0.116 seconds
[2026-05-30T20:06:33.272+0000] {processor.py:161} INFO - Started process (PID=522) to work on /opt/airflow/dags/dag_dq_checkpoint.py
[2026-05-30T20:06:33.273+0000] {processor.py:830} INFO - Processing file /opt/airflow/dags/dag_dq_checkpoint.py for tasks to queue
[2026-05-30T20:06:33.275+0000] {logging_mixin.py:188} INFO - [2026-05-30T20:06:33.275+0000] {dagbag.py:540} INFO - Filling up the DagBag from /opt/airflow/dags/dag_dq_checkpoint.py
[2026-05-30T20:06:33.316+0000] {processor.py:840} INFO - DAG(s) 'neuralretail_dq_checkpoint' retrieved from /opt/airflow/dags/dag_dq_checkpoint.py
[2026-05-30T20:06:33.361+0000] {logging_mixin.py:188} INFO - [2026-05-30T20:06:33.361+0000] {dag.py:3096} INFO - Sync 1 DAGs
[2026-05-30T20:06:33.374+0000] {logging_mixin.py:188} INFO - [2026-05-30T20:06:33.374+0000] {dag.py:3954} INFO - Setting next_dagrun for neuralretail_dq_checkpoint to None, run_after=None
[2026-05-30T20:06:33.395+0000] {processor.py:183} INFO - Processing /opt/airflow/dags/dag_dq_checkpoint.py took 0.130 seconds
[2026-05-30T20:07:03.551+0000] {processor.py:161} INFO - Started process (PID=542) to work on /opt/airflow/dags/dag_dq_checkpoint.py
[2026-05-30T20:07:03.553+0000] {processor.py:830} INFO - Processing file /opt/airflow/dags/dag_dq_checkpoint.py for tasks to queue
[2026-05-30T20:07:03.555+0000] {logging_mixin.py:188} INFO - [2026-05-30T20:07:03.554+0000] {dagbag.py:540} INFO - Filling up the DagBag from /opt/airflow/dags/dag_dq_checkpoint.py
[2026-05-30T20:07:03.594+0000] {processor.py:840} INFO - DAG(s) 'neuralretail_dq_checkpoint' retrieved from /opt/airflow/dags/dag_dq_checkpoint.py
[2026-05-30T20:07:03.627+0000] {logging_mixin.py:188} INFO - [2026-05-30T20:07:03.626+0000] {dag.py:3096} INFO - Sync 1 DAGs
[2026-05-30T20:07:03.637+0000] {logging_mixin.py:188} INFO - [2026-05-30T20:07:03.636+0000] {dag.py:3954} INFO - Setting next_dagrun for neuralretail_dq_checkpoint to None, run_after=None
[2026-05-30T20:07:03.655+0000] {processor.py:183} INFO - Processing /opt/airflow/dags/dag_dq_checkpoint.py took 0.109 seconds
[2026-05-30T20:07:34.181+0000] {processor.py:161} INFO - Started process (PID=562) to work on /opt/airflow/dags/dag_dq_checkpoint.py
[2026-05-30T20:07:34.183+0000] {processor.py:830} INFO - Processing file /opt/airflow/dags/dag_dq_checkpoint.py for tasks to queue
[2026-05-30T20:07:34.185+0000] {logging_mixin.py:188} INFO - [2026-05-30T20:07:34.184+0000] {dagbag.py:540} INFO - Filling up the DagBag from /opt/airflow/dags/dag_dq_checkpoint.py
[2026-05-30T20:07:34.243+0000] {processor.py:840} INFO - DAG(s) 'neuralretail_dq_checkpoint' retrieved from /opt/airflow/dags/dag_dq_checkpoint.py
[2026-05-30T20:07:34.299+0000] {logging_mixin.py:188} INFO - [2026-05-30T20:07:34.299+0000] {dag.py:3096} INFO - Sync 1 DAGs
[2026-05-30T20:07:34.313+0000] {logging_mixin.py:188} INFO - [2026-05-30T20:07:34.312+0000] {dag.py:3954} INFO - Setting next_dagrun for neuralretail_dq_checkpoint to None, run_after=None
[2026-05-30T20:07:34.348+0000] {processor.py:183} INFO - Processing /opt/airflow/dags/dag_dq_checkpoint.py took 0.179 seconds
[2026-05-30T20:08:04.680+0000] {processor.py:161} INFO - Started process (PID=582) to work on /opt/airflow/dags/dag_dq_checkpoint.py
[2026-05-30T20:08:04.681+0000] {processor.py:830} INFO - Processing file /opt/airflow/dags/dag_dq_checkpoint.py for tasks to queue
[2026-05-30T20:08:04.683+0000] {logging_mixin.py:188} INFO - [2026-05-30T20:08:04.683+0000] {dagbag.py:540} INFO - Filling up the DagBag from /opt/airflow/dags/dag_dq_checkpoint.py
[2026-05-30T20:08:04.743+0000] {processor.py:840} INFO - DAG(s) 'neuralretail_dq_checkpoint' retrieved from /opt/airflow/dags/dag_dq_checkpoint.py
[2026-05-30T20:08:04.805+0000] {logging_mixin.py:188} INFO - [2026-05-30T20:08:04.805+0000] {dag.py:3096} INFO - Sync 1 DAGs
[2026-05-30T20:08:04.815+0000] {logging_mixin.py:188} INFO - [2026-05-30T20:08:04.815+0000] {dag.py:3954} INFO - Setting next_dagrun for neuralretail_dq_checkpoint to None, run_after=None
[2026-05-30T20:08:04.837+0000] {processor.py:183} INFO - Processing /opt/airflow/dags/dag_dq_checkpoint.py took 0.166 seconds
[2026-05-30T20:08:35.238+0000] {processor.py:161} INFO - Started process (PID=602) to work on /opt/airflow/dags/dag_dq_checkpoint.py
[2026-05-30T20:08:35.240+0000] {processor.py:830} INFO - Processing file /opt/airflow/dags/dag_dq_checkpoint.py for tasks to queue
[2026-05-30T20:08:35.243+0000] {logging_mixin.py:188} INFO - [2026-05-30T20:08:35.242+0000] {dagbag.py:540} INFO - Filling up the DagBag from /opt/airflow/dags/dag_dq_checkpoint.py
[2026-05-30T20:08:35.404+0000] {processor.py:840} INFO - DAG(s) 'neuralretail_dq_checkpoint' retrieved from /opt/airflow/dags/dag_dq_checkpoint.py
[2026-05-30T20:08:35.486+0000] {logging_mixin.py:188} INFO - [2026-05-30T20:08:35.486+0000] {dag.py:3096} INFO - Sync 1 DAGs
[2026-05-30T20:08:35.505+0000] {logging_mixin.py:188} INFO - [2026-05-30T20:08:35.505+0000] {dag.py:3954} INFO - Setting next_dagrun for neuralretail_dq_checkpoint to None, run_after=None
[2026-05-30T20:08:35.532+0000] {processor.py:183} INFO - Processing /opt/airflow/dags/dag_dq_checkpoint.py took 0.310 seconds
[2026-05-30T20:09:06.125+0000] {processor.py:161} INFO - Started process (PID=622) to work on /opt/airflow/dags/dag_dq_checkpoint.py
[2026-05-30T20:09:06.126+0000] {processor.py:830} INFO - Processing file /opt/airflow/dags/dag_dq_checkpoint.py for tasks to queue
[2026-05-30T20:09:06.127+0000] {logging_mixin.py:188} INFO - [2026-05-30T20:09:06.127+0000] {dagbag.py:540} INFO - Filling up the DagBag from /opt/airflow/dags/dag_dq_checkpoint.py
[2026-05-30T20:09:06.164+0000] {processor.py:840} INFO - DAG(s) 'neuralretail_dq_checkpoint' retrieved from /opt/airflow/dags/dag_dq_checkpoint.py
[2026-05-30T20:09:06.229+0000] {logging_mixin.py:188} INFO - [2026-05-30T20:09:06.229+0000] {dag.py:3096} INFO - Sync 1 DAGs
[2026-05-30T20:09:06.244+0000] {logging_mixin.py:188} INFO - [2026-05-30T20:09:06.244+0000] {dag.py:3954} INFO - Setting next_dagrun for neuralretail_dq_checkpoint to None, run_after=None
[2026-05-30T20:09:06.272+0000] {processor.py:183} INFO - Processing /opt/airflow/dags/dag_dq_checkpoint.py took 0.152 seconds
[2026-05-30T20:09:36.807+0000] {processor.py:161} INFO - Started process (PID=642) to work on /opt/airflow/dags/dag_dq_checkpoint.py
[2026-05-30T20:09:36.809+0000] {processor.py:830} INFO - Processing file /opt/airflow/dags/dag_dq_checkpoint.py for tasks to queue
[2026-05-30T20:09:36.811+0000] {logging_mixin.py:188} INFO - [2026-05-30T20:09:36.811+0000] {dagbag.py:540} INFO - Filling up the DagBag from /opt/airflow/dags/dag_dq_checkpoint.py
[2026-05-30T20:09:36.860+0000] {processor.py:840} INFO - DAG(s) 'neuralretail_dq_checkpoint' retrieved from /opt/airflow/dags/dag_dq_checkpoint.py
[2026-05-30T20:09:36.900+0000] {logging_mixin.py:188} INFO - [2026-05-30T20:09:36.900+0000] {dag.py:3096} INFO - Sync 1 DAGs
[2026-05-30T20:09:36.912+0000] {logging_mixin.py:188} INFO - [2026-05-30T20:09:36.912+0000] {dag.py:3954} INFO - Setting next_dagrun for neuralretail_dq_checkpoint to None, run_after=None
[2026-05-30T20:09:36.934+0000] {processor.py:183} INFO - Processing /opt/airflow/dags/dag_dq_checkpoint.py took 0.133 seconds
[2026-05-30T20:10:07.965+0000] {processor.py:161} INFO - Started process (PID=662) to work on /opt/airflow/dags/dag_dq_checkpoint.py
[2026-05-30T20:10:07.967+0000] {processor.py:830} INFO - Processing file /opt/airflow/dags/dag_dq_checkpoint.py for tasks to queue
[2026-05-30T20:10:07.969+0000] {logging_mixin.py:188} INFO - [2026-05-30T20:10:07.968+0000] {dagbag.py:540} INFO - Filling up the DagBag from /opt/airflow/dags/dag_dq_checkpoint.py
[2026-05-30T20:10:08.061+0000] {processor.py:840} INFO - DAG(s) 'neuralretail_dq_checkpoint' retrieved from /opt/airflow/dags/dag_dq_checkpoint.py
[2026-05-30T20:10:08.127+0000] {logging_mixin.py:188} INFO - [2026-05-30T20:10:08.127+0000] {dag.py:3096} INFO - Sync 1 DAGs
[2026-05-30T20:10:08.139+0000] {logging_mixin.py:188} INFO - [2026-05-30T20:10:08.139+0000] {dag.py:3954} INFO - Setting next_dagrun for neuralretail_dq_checkpoint to None, run_after=None
[2026-05-30T20:10:08.157+0000] {processor.py:183} INFO - Processing /opt/airflow/dags/dag_dq_checkpoint.py took 0.202 seconds
[2026-05-30T20:10:38.891+0000] {processor.py:161} INFO - Started process (PID=682) to work on /opt/airflow/dags/dag_dq_checkpoint.py
[2026-05-30T20:10:38.897+0000] {processor.py:830} INFO - Processing file /opt/airflow/dags/dag_dq_checkpoint.py for tasks to queue
[2026-05-30T20:10:38.900+0000] {logging_mixin.py:188} INFO - [2026-05-30T20:10:38.899+0000] {dagbag.py:540} INFO - Filling up the DagBag from /opt/airflow/dags/dag_dq_checkpoint.py
[2026-05-30T20:10:38.975+0000] {processor.py:840} INFO - DAG(s) 'neuralretail_dq_checkpoint' retrieved from /opt/airflow/dags/dag_dq_checkpoint.py
[2026-05-30T20:10:39.021+0000] {logging_mixin.py:188} INFO - [2026-05-30T20:10:39.021+0000] {dag.py:3096} INFO - Sync 1 DAGs
[2026-05-30T20:10:39.030+0000] {logging_mixin.py:188} INFO - [2026-05-30T20:10:39.030+0000] {dag.py:3954} INFO - Setting next_dagrun for neuralretail_dq_checkpoint to None, run_after=None
[2026-05-30T20:10:39.048+0000] {processor.py:183} INFO - Processing /opt/airflow/dags/dag_dq_checkpoint.py took 0.170 seconds
[2026-05-30T20:11:09.514+0000] {processor.py:161} INFO - Started process (PID=702) to work on /opt/airflow/dags/dag_dq_checkpoint.py
[2026-05-30T20:11:09.516+0000] {processor.py:830} INFO - Processing file /opt/airflow/dags/dag_dq_checkpoint.py for tasks to queue
[2026-05-30T20:11:09.520+0000] {logging_mixin.py:188} INFO - [2026-05-30T20:11:09.520+0000] {dagbag.py:540} INFO - Filling up the DagBag from /opt/airflow/dags/dag_dq_checkpoint.py
[2026-05-30T20:11:09.565+0000] {processor.py:840} INFO - DAG(s) 'neuralretail_dq_checkpoint' retrieved from /opt/airflow/dags/dag_dq_checkpoint.py
[2026-05-30T20:11:09.607+0000] {logging_mixin.py:188} INFO - [2026-05-30T20:11:09.607+0000] {dag.py:3096} INFO - Sync 1 DAGs
[2026-05-30T20:11:09.618+0000] {logging_mixin.py:188} INFO - [2026-05-30T20:11:09.618+0000] {dag.py:3954} INFO - Setting next_dagrun for neuralretail_dq_checkpoint to None, run_after=None
[2026-05-30T20:11:09.645+0000] {processor.py:183} INFO - Processing /opt/airflow/dags/dag_dq_checkpoint.py took 0.144 seconds
[2026-05-30T20:11:39.967+0000] {processor.py:161} INFO - Started process (PID=722) to work on /opt/airflow/dags/dag_dq_checkpoint.py
[2026-05-30T20:11:39.971+0000] {processor.py:830} INFO - Processing file /opt/airflow/dags/dag_dq_checkpoint.py for tasks to queue
[2026-05-30T20:11:39.978+0000] {logging_mixin.py:188} INFO - [2026-05-30T20:11:39.977+0000] {dagbag.py:540} INFO - Filling up the DagBag from /opt/airflow/dags/dag_dq_checkpoint.py
[2026-05-30T20:11:40.072+0000] {processor.py:840} INFO - DAG(s) 'neuralretail_dq_checkpoint' retrieved from /opt/airflow/dags/dag_dq_checkpoint.py
[2026-05-30T20:11:40.153+0000] {logging_mixin.py:188} INFO - [2026-05-30T20:11:40.152+0000] {dag.py:3096} INFO - Sync 1 DAGs
[2026-05-30T20:11:40.194+0000] {logging_mixin.py:188} INFO - [2026-05-30T20:11:40.194+0000] {dag.py:3954} INFO - Setting next_dagrun for neuralretail_dq_checkpoint to None, run_after=None
[2026-05-30T20:11:40.246+0000] {processor.py:183} INFO - Processing /opt/airflow/dags/dag_dq_checkpoint.py took 0.298 seconds
[2026-05-30T20:12:10.687+0000] {processor.py:161} INFO - Started process (PID=747) to work on /opt/airflow/dags/dag_dq_checkpoint.py
[2026-05-30T20:12:10.689+0000] {processor.py:830} INFO - Processing file /opt/airflow/dags/dag_dq_checkpoint.py for tasks to queue
[2026-05-30T20:12:10.692+0000] {logging_mixin.py:188} INFO - [2026-05-30T20:12:10.691+0000] {dagbag.py:540} INFO - Filling up the DagBag from /opt/airflow/dags/dag_dq_checkpoint.py
[2026-05-30T20:12:10.759+0000] {processor.py:840} INFO - DAG(s) 'neuralretail_dq_checkpoint' retrieved from /opt/airflow/dags/dag_dq_checkpoint.py
[2026-05-30T20:12:10.819+0000] {logging_mixin.py:188} INFO - [2026-05-30T20:12:10.818+0000] {dag.py:3096} INFO - Sync 1 DAGs
[2026-05-30T20:12:10.840+0000] {logging_mixin.py:188} INFO - [2026-05-30T20:12:10.840+0000] {dag.py:3954} INFO - Setting next_dagrun for neuralretail_dq_checkpoint to None, run_after=None
[2026-05-30T20:12:10.878+0000] {processor.py:183} INFO - Processing /opt/airflow/dags/dag_dq_checkpoint.py took 0.206 seconds
[2026-05-30T20:12:40.963+0000] {processor.py:161} INFO - Started process (PID=765) to work on /opt/airflow/dags/dag_dq_checkpoint.py
[2026-05-30T20:12:40.965+0000] {processor.py:830} INFO - Processing file /opt/airflow/dags/dag_dq_checkpoint.py for tasks to queue
[2026-05-30T20:12:40.971+0000] {logging_mixin.py:188} INFO - [2026-05-30T20:12:40.970+0000] {dagbag.py:540} INFO - Filling up the DagBag from /opt/airflow/dags/dag_dq_checkpoint.py
[2026-05-30T20:12:41.042+0000] {processor.py:840} INFO - DAG(s) 'neuralretail_dq_checkpoint' retrieved from /opt/airflow/dags/dag_dq_checkpoint.py
[2026-05-30T20:12:41.102+0000] {logging_mixin.py:188} INFO - [2026-05-30T20:12:41.102+0000] {dag.py:3096} INFO - Sync 1 DAGs
[2026-05-30T20:12:41.113+0000] {logging_mixin.py:188} INFO - [2026-05-30T20:12:41.113+0000] {dag.py:3954} INFO - Setting next_dagrun for neuralretail_dq_checkpoint to None, run_after=None
[2026-05-30T20:12:41.129+0000] {processor.py:183} INFO - Processing /opt/airflow/dags/dag_dq_checkpoint.py took 0.176 seconds
[2026-05-30T20:13:11.597+0000] {processor.py:161} INFO - Started process (PID=782) to work on /opt/airflow/dags/dag_dq_checkpoint.py
[2026-05-30T20:13:11.600+0000] {processor.py:830} INFO - Processing file /opt/airflow/dags/dag_dq_checkpoint.py for tasks to queue
[2026-05-30T20:13:11.605+0000] {logging_mixin.py:188} INFO - [2026-05-30T20:13:11.604+0000] {dagbag.py:540} INFO - Filling up the DagBag from /opt/airflow/dags/dag_dq_checkpoint.py
[2026-05-30T20:13:11.690+0000] {processor.py:840} INFO - DAG(s) 'neuralretail_dq_checkpoint' retrieved from /opt/airflow/dags/dag_dq_checkpoint.py
[2026-05-30T20:13:11.758+0000] {logging_mixin.py:188} INFO - [2026-05-30T20:13:11.758+0000] {dag.py:3096} INFO - Sync 1 DAGs
[2026-05-30T20:13:11.773+0000] {logging_mixin.py:188} INFO - [2026-05-30T20:13:11.773+0000] {dag.py:3954} INFO - Setting next_dagrun for neuralretail_dq_checkpoint to None, run_after=None
[2026-05-30T20:13:11.796+0000] {processor.py:183} INFO - Processing /opt/airflow/dags/dag_dq_checkpoint.py took 0.215 seconds
[2026-05-30T20:13:42.751+0000] {processor.py:161} INFO - Started process (PID=802) to work on /opt/airflow/dags/dag_dq_checkpoint.py
[2026-05-30T20:13:42.752+0000] {processor.py:830} INFO - Processing file /opt/airflow/dags/dag_dq_checkpoint.py for tasks to queue
[2026-05-30T20:13:42.755+0000] {logging_mixin.py:188} INFO - [2026-05-30T20:13:42.754+0000] {dagbag.py:540} INFO - Filling up the DagBag from /opt/airflow/dags/dag_dq_checkpoint.py
[2026-05-30T20:13:42.845+0000] {processor.py:840} INFO - DAG(s) 'neuralretail_dq_checkpoint' retrieved from /opt/airflow/dags/dag_dq_checkpoint.py
[2026-05-30T20:13:42.923+0000] {logging_mixin.py:188} INFO - [2026-05-30T20:13:42.922+0000] {dag.py:3096} INFO - Sync 1 DAGs
[2026-05-30T20:13:42.935+0000] {logging_mixin.py:188} INFO - [2026-05-30T20:13:42.935+0000] {dag.py:3954} INFO - Setting next_dagrun for neuralretail_dq_checkpoint to None, run_after=None
[2026-05-30T20:13:42.954+0000] {processor.py:183} INFO - Processing /opt/airflow/dags/dag_dq_checkpoint.py took 0.216 seconds
[2026-05-30T20:14:13.144+0000] {processor.py:161} INFO - Started process (PID=822) to work on /opt/airflow/dags/dag_dq_checkpoint.py
[2026-05-30T20:14:13.146+0000] {processor.py:830} INFO - Processing file /opt/airflow/dags/dag_dq_checkpoint.py for tasks to queue
[2026-05-30T20:14:13.148+0000] {logging_mixin.py:188} INFO - [2026-05-30T20:14:13.147+0000] {dagbag.py:540} INFO - Filling up the DagBag from /opt/airflow/dags/dag_dq_checkpoint.py
[2026-05-30T20:14:13.228+0000] {processor.py:840} INFO - DAG(s) 'neuralretail_dq_checkpoint' retrieved from /opt/airflow/dags/dag_dq_checkpoint.py
[2026-05-30T20:14:13.300+0000] {logging_mixin.py:188} INFO - [2026-05-30T20:14:13.300+0000] {dag.py:3096} INFO - Sync 1 DAGs
[2026-05-30T20:14:13.309+0000] {logging_mixin.py:188} INFO - [2026-05-30T20:14:13.309+0000] {dag.py:3954} INFO - Setting next_dagrun for neuralretail_dq_checkpoint to None, run_after=None
[2026-05-30T20:14:13.331+0000] {processor.py:183} INFO - Processing /opt/airflow/dags/dag_dq_checkpoint.py took 0.197 seconds
[2026-05-30T20:14:43.571+0000] {processor.py:161} INFO - Started process (PID=842) to work on /opt/airflow/dags/dag_dq_checkpoint.py
[2026-05-30T20:14:43.573+0000] {processor.py:830} INFO - Processing file /opt/airflow/dags/dag_dq_checkpoint.py for tasks to queue
[2026-05-30T20:14:43.578+0000] {logging_mixin.py:188} INFO - [2026-05-30T20:14:43.577+0000] {dagbag.py:540} INFO - Filling up the DagBag from /opt/airflow/dags/dag_dq_checkpoint.py
[2026-05-30T20:14:43.654+0000] {processor.py:840} INFO - DAG(s) 'neuralretail_dq_checkpoint' retrieved from /opt/airflow/dags/dag_dq_checkpoint.py
[2026-05-30T20:14:43.711+0000] {logging_mixin.py:188} INFO - [2026-05-30T20:14:43.711+0000] {dag.py:3096} INFO - Sync 1 DAGs
[2026-05-30T20:14:43.720+0000] {logging_mixin.py:188} INFO - [2026-05-30T20:14:43.720+0000] {dag.py:3954} INFO - Setting next_dagrun for neuralretail_dq_checkpoint to None, run_after=None
[2026-05-30T20:14:43.737+0000] {processor.py:183} INFO - Processing /opt/airflow/dags/dag_dq_checkpoint.py took 0.178 seconds
[2026-05-30T20:15:14.671+0000] {processor.py:161} INFO - Started process (PID=862) to work on /opt/airflow/dags/dag_dq_checkpoint.py
[2026-05-30T20:15:14.672+0000] {processor.py:830} INFO - Processing file /opt/airflow/dags/dag_dq_checkpoint.py for tasks to queue
[2026-05-30T20:15:14.674+0000] {logging_mixin.py:188} INFO - [2026-05-30T20:15:14.674+0000] {dagbag.py:540} INFO - Filling up the DagBag from /opt/airflow/dags/dag_dq_checkpoint.py
[2026-05-30T20:15:14.694+0000] {processor.py:840} INFO - DAG(s) 'neuralretail_dq_checkpoint' retrieved from /opt/airflow/dags/dag_dq_checkpoint.py
[2026-05-30T20:15:14.721+0000] {logging_mixin.py:188} INFO - [2026-05-30T20:15:14.721+0000] {dag.py:3096} INFO - Sync 1 DAGs
[2026-05-30T20:15:14.730+0000] {logging_mixin.py:188} INFO - [2026-05-30T20:15:14.730+0000] {dag.py:3954} INFO - Setting next_dagrun for neuralretail_dq_checkpoint to None, run_after=None
[2026-05-30T20:15:14.745+0000] {processor.py:183} INFO - Processing /opt/airflow/dags/dag_dq_checkpoint.py took 0.078 seconds
[2026-05-30T20:15:45.129+0000] {processor.py:161} INFO - Started process (PID=882) to work on /opt/airflow/dags/dag_dq_checkpoint.py
[2026-05-30T20:15:45.130+0000] {processor.py:830} INFO - Processing file /opt/airflow/dags/dag_dq_checkpoint.py for tasks to queue
[2026-05-30T20:15:45.131+0000] {logging_mixin.py:188} INFO - [2026-05-30T20:15:45.131+0000] {dagbag.py:540} INFO - Filling up the DagBag from /opt/airflow/dags/dag_dq_checkpoint.py
[2026-05-30T20:15:45.150+0000] {processor.py:840} INFO - DAG(s) 'neuralretail_dq_checkpoint' retrieved from /opt/airflow/dags/dag_dq_checkpoint.py
[2026-05-30T20:15:45.186+0000] {logging_mixin.py:188} INFO - [2026-05-30T20:15:45.186+0000] {dag.py:3096} INFO - Sync 1 DAGs
[2026-05-30T20:15:45.197+0000] {logging_mixin.py:188} INFO - [2026-05-30T20:15:45.197+0000] {dag.py:3954} INFO - Setting next_dagrun for neuralretail_dq_checkpoint to None, run_after=None
[2026-05-30T20:15:45.221+0000] {processor.py:183} INFO - Processing /opt/airflow/dags/dag_dq_checkpoint.py took 0.097 seconds
[2026-05-30T20:16:16.176+0000] {processor.py:161} INFO - Started process (PID=902) to work on /opt/airflow/dags/dag_dq_checkpoint.py
[2026-05-30T20:16:16.185+0000] {processor.py:830} INFO - Processing file /opt/airflow/dags/dag_dq_checkpoint.py for tasks to queue
[2026-05-30T20:16:16.190+0000] {logging_mixin.py:188} INFO - [2026-05-30T20:16:16.190+0000] {dagbag.py:540} INFO - Filling up the DagBag from /opt/airflow/dags/dag_dq_checkpoint.py
[2026-05-30T20:16:16.285+0000] {processor.py:840} INFO - DAG(s) 'neuralretail_dq_checkpoint' retrieved from /opt/airflow/dags/dag_dq_checkpoint.py
[2026-05-30T20:16:16.329+0000] {logging_mixin.py:188} INFO - [2026-05-30T20:16:16.329+0000] {dag.py:3096} INFO - Sync 1 DAGs
[2026-05-30T20:16:16.349+0000] {logging_mixin.py:188} INFO - [2026-05-30T20:16:16.348+0000] {dag.py:3954} INFO - Setting next_dagrun for neuralretail_dq_checkpoint to None, run_after=None
[2026-05-30T20:16:16.366+0000] {processor.py:183} INFO - Processing /opt/airflow/dags/dag_dq_checkpoint.py took 0.201 seconds
[2026-05-30T20:16:46.597+0000] {processor.py:161} INFO - Started process (PID=922) to work on /opt/airflow/dags/dag_dq_checkpoint.py
[2026-05-30T20:16:46.604+0000] {processor.py:830} INFO - Processing file /opt/airflow/dags/dag_dq_checkpoint.py for tasks to queue
[2026-05-30T20:16:46.610+0000] {logging_mixin.py:188} INFO - [2026-05-30T20:16:46.610+0000] {dagbag.py:540} INFO - Filling up the DagBag from /opt/airflow/dags/dag_dq_checkpoint.py
[2026-05-30T20:16:46.667+0000] {processor.py:840} INFO - DAG(s) 'neuralretail_dq_checkpoint' retrieved from /opt/airflow/dags/dag_dq_checkpoint.py
[2026-05-30T20:16:46.719+0000] {logging_mixin.py:188} INFO - [2026-05-30T20:16:46.718+0000] {dag.py:3096} INFO - Sync 1 DAGs
[2026-05-30T20:16:46.734+0000] {logging_mixin.py:188} INFO - [2026-05-30T20:16:46.734+0000] {dag.py:3954} INFO - Setting next_dagrun for neuralretail_dq_checkpoint to None, run_after=None
[2026-05-30T20:16:46.752+0000] {processor.py:183} INFO - Processing /opt/airflow/dags/dag_dq_checkpoint.py took 0.170 seconds
[2026-05-30T20:17:17.778+0000] {processor.py:161} INFO - Started process (PID=942) to work on /opt/airflow/dags/dag_dq_checkpoint.py
[2026-05-30T20:17:17.780+0000] {processor.py:830} INFO - Processing file /opt/airflow/dags/dag_dq_checkpoint.py for tasks to queue
[2026-05-30T20:17:17.783+0000] {logging_mixin.py:188} INFO - [2026-05-30T20:17:17.782+0000] {dagbag.py:540} INFO - Filling up the DagBag from /opt/airflow/dags/dag_dq_checkpoint.py
[2026-05-30T20:17:17.819+0000] {processor.py:840} INFO - DAG(s) 'neuralretail_dq_checkpoint' retrieved from /opt/airflow/dags/dag_dq_checkpoint.py
[2026-05-30T20:17:17.858+0000] {logging_mixin.py:188} INFO - [2026-05-30T20:17:17.858+0000] {dag.py:3096} INFO - Sync 1 DAGs
[2026-05-30T20:17:17.878+0000] {logging_mixin.py:188} INFO - [2026-05-30T20:17:17.878+0000] {dag.py:3954} INFO - Setting next_dagrun for neuralretail_dq_checkpoint to None, run_after=None
[2026-05-30T20:17:17.905+0000] {processor.py:183} INFO - Processing /opt/airflow/dags/dag_dq_checkpoint.py took 0.134 seconds
[2026-05-30T20:17:48.140+0000] {processor.py:161} INFO - Started process (PID=962) to work on /opt/airflow/dags/dag_dq_checkpoint.py
[2026-05-30T20:17:48.141+0000] {processor.py:830} INFO - Processing file /opt/airflow/dags/dag_dq_checkpoint.py for tasks to queue
[2026-05-30T20:17:48.143+0000] {logging_mixin.py:188} INFO - [2026-05-30T20:17:48.143+0000] {dagbag.py:540} INFO - Filling up the DagBag from /opt/airflow/dags/dag_dq_checkpoint.py
[2026-05-30T20:17:48.184+0000] {processor.py:840} INFO - DAG(s) 'neuralretail_dq_checkpoint' retrieved from /opt/airflow/dags/dag_dq_checkpoint.py
[2026-05-30T20:17:48.263+0000] {logging_mixin.py:188} INFO - [2026-05-30T20:17:48.263+0000] {dag.py:3096} INFO - Sync 1 DAGs
[2026-05-30T20:17:48.280+0000] {logging_mixin.py:188} INFO - [2026-05-30T20:17:48.280+0000] {dag.py:3954} INFO - Setting next_dagrun for neuralretail_dq_checkpoint to None, run_after=None
[2026-05-30T20:17:48.297+0000] {processor.py:183} INFO - Processing /opt/airflow/dags/dag_dq_checkpoint.py took 0.163 seconds
[2026-05-30T20:18:18.999+0000] {processor.py:161} INFO - Started process (PID=982) to work on /opt/airflow/dags/dag_dq_checkpoint.py
[2026-05-30T20:18:19.002+0000] {processor.py:830} INFO - Processing file /opt/airflow/dags/dag_dq_checkpoint.py for tasks to queue
[2026-05-30T20:18:19.005+0000] {logging_mixin.py:188} INFO - [2026-05-30T20:18:19.004+0000] {dagbag.py:540} INFO - Filling up the DagBag from /opt/airflow/dags/dag_dq_checkpoint.py
[2026-05-30T20:18:19.045+0000] {processor.py:840} INFO - DAG(s) 'neuralretail_dq_checkpoint' retrieved from /opt/airflow/dags/dag_dq_checkpoint.py
[2026-05-30T20:18:19.088+0000] {logging_mixin.py:188} INFO - [2026-05-30T20:18:19.088+0000] {dag.py:3096} INFO - Sync 1 DAGs
[2026-05-30T20:18:19.098+0000] {logging_mixin.py:188} INFO - [2026-05-30T20:18:19.098+0000] {dag.py:3954} INFO - Setting next_dagrun for neuralretail_dq_checkpoint to None, run_after=None
[2026-05-30T20:18:19.118+0000] {processor.py:183} INFO - Processing /opt/airflow/dags/dag_dq_checkpoint.py took 0.132 seconds
[2026-05-30T20:18:49.992+0000] {processor.py:161} INFO - Started process (PID=1002) to work on /opt/airflow/dags/dag_dq_checkpoint.py
[2026-05-30T20:18:49.995+0000] {processor.py:830} INFO - Processing file /opt/airflow/dags/dag_dq_checkpoint.py for tasks to queue
[2026-05-30T20:18:49.999+0000] {logging_mixin.py:188} INFO - [2026-05-30T20:18:49.998+0000] {dagbag.py:540} INFO - Filling up the DagBag from /opt/airflow/dags/dag_dq_checkpoint.py
[2026-05-30T20:18:50.070+0000] {processor.py:840} INFO - DAG(s) 'neuralretail_dq_checkpoint' retrieved from /opt/airflow/dags/dag_dq_checkpoint.py
[2026-05-30T20:18:50.136+0000] {logging_mixin.py:188} INFO - [2026-05-30T20:18:50.135+0000] {dag.py:3096} INFO - Sync 1 DAGs
[2026-05-30T20:18:50.298+0000] {logging_mixin.py:188} INFO - [2026-05-30T20:18:50.298+0000] {dag.py:3954} INFO - Setting next_dagrun for neuralretail_dq_checkpoint to None, run_after=None
[2026-05-30T20:18:50.316+0000] {processor.py:183} INFO - Processing /opt/airflow/dags/dag_dq_checkpoint.py took 0.338 seconds
[2026-05-30T20:19:20.598+0000] {processor.py:161} INFO - Started process (PID=1022) to work on /opt/airflow/dags/dag_dq_checkpoint.py
[2026-05-30T20:19:20.600+0000] {processor.py:830} INFO - Processing file /opt/airflow/dags/dag_dq_checkpoint.py for tasks to queue
[2026-05-30T20:19:20.604+0000] {logging_mixin.py:188} INFO - [2026-05-30T20:19:20.603+0000] {dagbag.py:540} INFO - Filling up the DagBag from /opt/airflow/dags/dag_dq_checkpoint.py
[2026-05-30T20:19:20.867+0000] {processor.py:840} INFO - DAG(s) 'neuralretail_dq_checkpoint' retrieved from /opt/airflow/dags/dag_dq_checkpoint.py
[2026-05-30T20:19:20.984+0000] {logging_mixin.py:188} INFO - [2026-05-30T20:19:20.984+0000] {dag.py:3096} INFO - Sync 1 DAGs
[2026-05-30T20:19:21.014+0000] {logging_mixin.py:188} INFO - [2026-05-30T20:19:21.014+0000] {dag.py:3954} INFO - Setting next_dagrun for neuralretail_dq_checkpoint to None, run_after=None
[2026-05-30T20:19:21.052+0000] {processor.py:183} INFO - Processing /opt/airflow/dags/dag_dq_checkpoint.py took 0.459 seconds
[2026-05-30T20:19:51.267+0000] {processor.py:161} INFO - Started process (PID=1042) to work on /opt/airflow/dags/dag_dq_checkpoint.py
[2026-05-30T20:19:51.270+0000] {processor.py:830} INFO - Processing file /opt/airflow/dags/dag_dq_checkpoint.py for tasks to queue
[2026-05-30T20:19:51.274+0000] {logging_mixin.py:188} INFO - [2026-05-30T20:19:51.274+0000] {dagbag.py:540} INFO - Filling up the DagBag from /opt/airflow/dags/dag_dq_checkpoint.py
[2026-05-30T20:19:51.324+0000] {processor.py:840} INFO - DAG(s) 'neuralretail_dq_checkpoint' retrieved from /opt/airflow/dags/dag_dq_checkpoint.py
[2026-05-30T20:19:51.359+0000] {logging_mixin.py:188} INFO - [2026-05-30T20:19:51.359+0000] {dag.py:3096} INFO - Sync 1 DAGs
[2026-05-30T20:19:51.370+0000] {logging_mixin.py:188} INFO - [2026-05-30T20:19:51.369+0000] {dag.py:3954} INFO - Setting next_dagrun for neuralretail_dq_checkpoint to None, run_after=None
[2026-05-30T20:19:51.391+0000] {processor.py:183} INFO - Processing /opt/airflow/dags/dag_dq_checkpoint.py took 0.141 seconds
[2026-05-30T20:20:21.560+0000] {processor.py:161} INFO - Started process (PID=1062) to work on /opt/airflow/dags/dag_dq_checkpoint.py
[2026-05-30T20:20:21.562+0000] {processor.py:830} INFO - Processing file /opt/airflow/dags/dag_dq_checkpoint.py for tasks to queue
[2026-05-30T20:20:21.564+0000] {logging_mixin.py:188} INFO - [2026-05-30T20:20:21.564+0000] {dagbag.py:540} INFO - Filling up the DagBag from /opt/airflow/dags/dag_dq_checkpoint.py
[2026-05-30T20:20:21.610+0000] {processor.py:840} INFO - DAG(s) 'neuralretail_dq_checkpoint' retrieved from /opt/airflow/dags/dag_dq_checkpoint.py
[2026-05-30T20:20:21.755+0000] {logging_mixin.py:188} INFO - [2026-05-30T20:20:21.755+0000] {dag.py:3096} INFO - Sync 1 DAGs
[2026-05-30T20:20:21.763+0000] {logging_mixin.py:188} INFO - [2026-05-30T20:20:21.763+0000] {dag.py:3954} INFO - Setting next_dagrun for neuralretail_dq_checkpoint to None, run_after=None
[2026-05-30T20:20:21.778+0000] {processor.py:183} INFO - Processing /opt/airflow/dags/dag_dq_checkpoint.py took 0.223 seconds
[2026-05-30T20:20:52.187+0000] {processor.py:161} INFO - Started process (PID=1082) to work on /opt/airflow/dags/dag_dq_checkpoint.py
[2026-05-30T20:20:52.189+0000] {processor.py:830} INFO - Processing file /opt/airflow/dags/dag_dq_checkpoint.py for tasks to queue
[2026-05-30T20:20:52.190+0000] {logging_mixin.py:188} INFO - [2026-05-30T20:20:52.190+0000] {dagbag.py:540} INFO - Filling up the DagBag from /opt/airflow/dags/dag_dq_checkpoint.py
[2026-05-30T20:20:52.233+0000] {processor.py:840} INFO - DAG(s) 'neuralretail_dq_checkpoint' retrieved from /opt/airflow/dags/dag_dq_checkpoint.py
[2026-05-30T20:20:52.275+0000] {logging_mixin.py:188} INFO - [2026-05-30T20:20:52.275+0000] {dag.py:3096} INFO - Sync 1 DAGs
[2026-05-30T20:20:52.287+0000] {logging_mixin.py:188} INFO - [2026-05-30T20:20:52.287+0000] {dag.py:3954} INFO - Setting next_dagrun for neuralretail_dq_checkpoint to None, run_after=None
[2026-05-30T20:20:52.307+0000] {processor.py:183} INFO - Processing /opt/airflow/dags/dag_dq_checkpoint.py took 0.128 seconds
[2026-05-30T20:21:22.506+0000] {processor.py:161} INFO - Started process (PID=1102) to work on /opt/airflow/dags/dag_dq_checkpoint.py
[2026-05-30T20:21:22.510+0000] {processor.py:830} INFO - Processing file /opt/airflow/dags/dag_dq_checkpoint.py for tasks to queue
[2026-05-30T20:21:22.515+0000] {logging_mixin.py:188} INFO - [2026-05-30T20:21:22.514+0000] {dagbag.py:540} INFO - Filling up the DagBag from /opt/airflow/dags/dag_dq_checkpoint.py
[2026-05-30T20:21:22.603+0000] {processor.py:840} INFO - DAG(s) 'neuralretail_dq_checkpoint' retrieved from /opt/airflow/dags/dag_dq_checkpoint.py
[2026-05-30T20:21:22.676+0000] {logging_mixin.py:188} INFO - [2026-05-30T20:21:22.676+0000] {dag.py:3096} INFO - Sync 1 DAGs
[2026-05-30T20:21:22.687+0000] {logging_mixin.py:188} INFO - [2026-05-30T20:21:22.686+0000] {dag.py:3954} INFO - Setting next_dagrun for neuralretail_dq_checkpoint to None, run_after=None
[2026-05-30T20:21:22.708+0000] {processor.py:183} INFO - Processing /opt/airflow/dags/dag_dq_checkpoint.py took 0.208 seconds
[2026-05-30T20:21:53.207+0000] {processor.py:161} INFO - Started process (PID=1122) to work on /opt/airflow/dags/dag_dq_checkpoint.py
[2026-05-30T20:21:53.209+0000] {processor.py:830} INFO - Processing file /opt/airflow/dags/dag_dq_checkpoint.py for tasks to queue
[2026-05-30T20:21:53.213+0000] {logging_mixin.py:188} INFO - [2026-05-30T20:21:53.212+0000] {dagbag.py:540} INFO - Filling up the DagBag from /opt/airflow/dags/dag_dq_checkpoint.py
[2026-05-30T20:21:53.290+0000] {processor.py:840} INFO - DAG(s) 'neuralretail_dq_checkpoint' retrieved from /opt/airflow/dags/dag_dq_checkpoint.py
[2026-05-30T20:21:53.337+0000] {logging_mixin.py:188} INFO - [2026-05-30T20:21:53.337+0000] {dag.py:3096} INFO - Sync 1 DAGs
[2026-05-30T20:21:53.346+0000] {logging_mixin.py:188} INFO - [2026-05-30T20:21:53.346+0000] {dag.py:3954} INFO - Setting next_dagrun for neuralretail_dq_checkpoint to None, run_after=None
[2026-05-30T20:21:53.362+0000] {processor.py:183} INFO - Processing /opt/airflow/dags/dag_dq_checkpoint.py took 0.162 seconds
[2026-05-30T20:22:23.517+0000] {processor.py:161} INFO - Started process (PID=1142) to work on /opt/airflow/dags/dag_dq_checkpoint.py
[2026-05-30T20:22:23.522+0000] {processor.py:830} INFO - Processing file /opt/airflow/dags/dag_dq_checkpoint.py for tasks to queue
[2026-05-30T20:22:23.534+0000] {logging_mixin.py:188} INFO - [2026-05-30T20:22:23.533+0000] {dagbag.py:540} INFO - Filling up the DagBag from /opt/airflow/dags/dag_dq_checkpoint.py
[2026-05-30T20:22:23.632+0000] {processor.py:840} INFO - DAG(s) 'neuralretail_dq_checkpoint' retrieved from /opt/airflow/dags/dag_dq_checkpoint.py
[2026-05-30T20:22:23.698+0000] {logging_mixin.py:188} INFO - [2026-05-30T20:22:23.697+0000] {dag.py:3096} INFO - Sync 1 DAGs
[2026-05-30T20:22:23.733+0000] {logging_mixin.py:188} INFO - [2026-05-30T20:22:23.733+0000] {dag.py:3954} INFO - Setting next_dagrun for neuralretail_dq_checkpoint to None, run_after=None
[2026-05-30T20:22:23.757+0000] {processor.py:183} INFO - Processing /opt/airflow/dags/dag_dq_checkpoint.py took 0.254 seconds
[2026-05-30T20:22:54.723+0000] {processor.py:161} INFO - Started process (PID=1160) to work on /opt/airflow/dags/dag_dq_checkpoint.py
[2026-05-30T20:22:54.727+0000] {processor.py:830} INFO - Processing file /opt/airflow/dags/dag_dq_checkpoint.py for tasks to queue
[2026-05-30T20:22:54.730+0000] {logging_mixin.py:188} INFO - [2026-05-30T20:22:54.729+0000] {dagbag.py:540} INFO - Filling up the DagBag from /opt/airflow/dags/dag_dq_checkpoint.py
[2026-05-30T20:22:54.780+0000] {processor.py:840} INFO - DAG(s) 'neuralretail_dq_checkpoint' retrieved from /opt/airflow/dags/dag_dq_checkpoint.py
[2026-05-30T20:22:54.815+0000] {logging_mixin.py:188} INFO - [2026-05-30T20:22:54.814+0000] {dag.py:3096} INFO - Sync 1 DAGs
[2026-05-30T20:22:54.825+0000] {logging_mixin.py:188} INFO - [2026-05-30T20:22:54.825+0000] {dag.py:3954} INFO - Setting next_dagrun for neuralretail_dq_checkpoint to None, run_after=None
[2026-05-30T20:22:54.840+0000] {processor.py:183} INFO - Processing /opt/airflow/dags/dag_dq_checkpoint.py took 0.132 seconds
[2026-05-30T20:23:25.884+0000] {processor.py:161} INFO - Started process (PID=1182) to work on /opt/airflow/dags/dag_dq_checkpoint.py
[2026-05-30T20:23:25.886+0000] {processor.py:830} INFO - Processing file /opt/airflow/dags/dag_dq_checkpoint.py for tasks to queue
[2026-05-30T20:23:25.889+0000] {logging_mixin.py:188} INFO - [2026-05-30T20:23:25.889+0000] {dagbag.py:540} INFO - Filling up the DagBag from /opt/airflow/dags/dag_dq_checkpoint.py
[2026-05-30T20:23:25.966+0000] {processor.py:840} INFO - DAG(s) 'neuralretail_dq_checkpoint' retrieved from /opt/airflow/dags/dag_dq_checkpoint.py
[2026-05-30T20:23:26.013+0000] {logging_mixin.py:188} INFO - [2026-05-30T20:23:26.013+0000] {dag.py:3096} INFO - Sync 1 DAGs
[2026-05-30T20:23:26.030+0000] {logging_mixin.py:188} INFO - [2026-05-30T20:23:26.030+0000] {dag.py:3954} INFO - Setting next_dagrun for neuralretail_dq_checkpoint to None, run_after=None
[2026-05-30T20:23:26.050+0000] {processor.py:183} INFO - Processing /opt/airflow/dags/dag_dq_checkpoint.py took 0.175 seconds
[2026-05-30T20:23:56.223+0000] {processor.py:161} INFO - Started process (PID=1202) to work on /opt/airflow/dags/dag_dq_checkpoint.py
[2026-05-30T20:23:56.225+0000] {processor.py:830} INFO - Processing file /opt/airflow/dags/dag_dq_checkpoint.py for tasks to queue
[2026-05-30T20:23:56.226+0000] {logging_mixin.py:188} INFO - [2026-05-30T20:23:56.226+0000] {dagbag.py:540} INFO - Filling up the DagBag from /opt/airflow/dags/dag_dq_checkpoint.py
[2026-05-30T20:23:56.286+0000] {processor.py:840} INFO - DAG(s) 'neuralretail_dq_checkpoint' retrieved from /opt/airflow/dags/dag_dq_checkpoint.py
[2026-05-30T20:23:56.333+0000] {logging_mixin.py:188} INFO - [2026-05-30T20:23:56.333+0000] {dag.py:3096} INFO - Sync 1 DAGs
[2026-05-30T20:23:56.343+0000] {logging_mixin.py:188} INFO - [2026-05-30T20:23:56.343+0000] {dag.py:3954} INFO - Setting next_dagrun for neuralretail_dq_checkpoint to None, run_after=None
[2026-05-30T20:23:56.363+0000] {processor.py:183} INFO - Processing /opt/airflow/dags/dag_dq_checkpoint.py took 0.147 seconds
[2026-05-30T20:24:26.509+0000] {processor.py:161} INFO - Started process (PID=1222) to work on /opt/airflow/dags/dag_dq_checkpoint.py
[2026-05-30T20:24:26.510+0000] {processor.py:830} INFO - Processing file /opt/airflow/dags/dag_dq_checkpoint.py for tasks to queue
[2026-05-30T20:24:26.512+0000] {logging_mixin.py:188} INFO - [2026-05-30T20:24:26.511+0000] {dagbag.py:540} INFO - Filling up the DagBag from /opt/airflow/dags/dag_dq_checkpoint.py
[2026-05-30T20:24:26.557+0000] {processor.py:840} INFO - DAG(s) 'neuralretail_dq_checkpoint' retrieved from /opt/airflow/dags/dag_dq_checkpoint.py
[2026-05-30T20:24:26.602+0000] {logging_mixin.py:188} INFO - [2026-05-30T20:24:26.602+0000] {dag.py:3096} INFO - Sync 1 DAGs
[2026-05-30T20:24:26.613+0000] {logging_mixin.py:188} INFO - [2026-05-30T20:24:26.612+0000] {dag.py:3954} INFO - Setting next_dagrun for neuralretail_dq_checkpoint to None, run_after=None
[2026-05-30T20:24:26.630+0000] {processor.py:183} INFO - Processing /opt/airflow/dags/dag_dq_checkpoint.py took 0.129 seconds
[2026-05-30T20:24:56.826+0000] {processor.py:161} INFO - Started process (PID=1242) to work on /opt/airflow/dags/dag_dq_checkpoint.py
[2026-05-30T20:24:56.828+0000] {processor.py:830} INFO - Processing file /opt/airflow/dags/dag_dq_checkpoint.py for tasks to queue
[2026-05-30T20:24:56.830+0000] {logging_mixin.py:188} INFO - [2026-05-30T20:24:56.830+0000] {dagbag.py:540} INFO - Filling up the DagBag from /opt/airflow/dags/dag_dq_checkpoint.py
[2026-05-30T20:24:56.887+0000] {processor.py:840} INFO - DAG(s) 'neuralretail_dq_checkpoint' retrieved from /opt/airflow/dags/dag_dq_checkpoint.py
[2026-05-30T20:24:56.932+0000] {logging_mixin.py:188} INFO - [2026-05-30T20:24:56.932+0000] {dag.py:3096} INFO - Sync 1 DAGs
[2026-05-30T20:24:56.943+0000] {logging_mixin.py:188} INFO - [2026-05-30T20:24:56.943+0000] {dag.py:3954} INFO - Setting next_dagrun for neuralretail_dq_checkpoint to None, run_after=None
[2026-05-30T20:24:56.962+0000] {processor.py:183} INFO - Processing /opt/airflow/dags/dag_dq_checkpoint.py took 0.147 seconds
[2026-05-30T20:25:27.530+0000] {processor.py:161} INFO - Started process (PID=1262) to work on /opt/airflow/dags/dag_dq_checkpoint.py
[2026-05-30T20:25:27.531+0000] {processor.py:830} INFO - Processing file /opt/airflow/dags/dag_dq_checkpoint.py for tasks to queue
[2026-05-30T20:25:27.533+0000] {logging_mixin.py:188} INFO - [2026-05-30T20:25:27.533+0000] {dagbag.py:540} INFO - Filling up the DagBag from /opt/airflow/dags/dag_dq_checkpoint.py
[2026-05-30T20:25:27.580+0000] {processor.py:840} INFO - DAG(s) 'neuralretail_dq_checkpoint' retrieved from /opt/airflow/dags/dag_dq_checkpoint.py
[2026-05-30T20:25:27.613+0000] {logging_mixin.py:188} INFO - [2026-05-30T20:25:27.613+0000] {dag.py:3096} INFO - Sync 1 DAGs
[2026-05-30T20:25:27.623+0000] {logging_mixin.py:188} INFO - [2026-05-30T20:25:27.623+0000] {dag.py:3954} INFO - Setting next_dagrun for neuralretail_dq_checkpoint to None, run_after=None
[2026-05-30T20:25:27.639+0000] {processor.py:183} INFO - Processing /opt/airflow/dags/dag_dq_checkpoint.py took 0.114 seconds
[2026-05-30T20:25:58.212+0000] {processor.py:161} INFO - Started process (PID=1282) to work on /opt/airflow/dags/dag_dq_checkpoint.py
[2026-05-30T20:25:58.214+0000] {processor.py:830} INFO - Processing file /opt/airflow/dags/dag_dq_checkpoint.py for tasks to queue
[2026-05-30T20:25:58.216+0000] {logging_mixin.py:188} INFO - [2026-05-30T20:25:58.215+0000] {dagbag.py:540} INFO - Filling up the DagBag from /opt/airflow/dags/dag_dq_checkpoint.py
[2026-05-30T20:25:58.249+0000] {processor.py:840} INFO - DAG(s) 'neuralretail_dq_checkpoint' retrieved from /opt/airflow/dags/dag_dq_checkpoint.py
[2026-05-30T20:25:58.280+0000] {logging_mixin.py:188} INFO - [2026-05-30T20:25:58.280+0000] {dag.py:3096} INFO - Sync 1 DAGs
[2026-05-30T20:25:58.294+0000] {logging_mixin.py:188} INFO - [2026-05-30T20:25:58.294+0000] {dag.py:3954} INFO - Setting next_dagrun for neuralretail_dq_checkpoint to None, run_after=None
[2026-05-30T20:25:58.322+0000] {processor.py:183} INFO - Processing /opt/airflow/dags/dag_dq_checkpoint.py took 0.114 seconds
[2026-05-30T20:26:29.345+0000] {processor.py:161} INFO - Started process (PID=1302) to work on /opt/airflow/dags/dag_dq_checkpoint.py
[2026-05-30T20:26:29.347+0000] {processor.py:830} INFO - Processing file /opt/airflow/dags/dag_dq_checkpoint.py for tasks to queue
[2026-05-30T20:26:29.349+0000] {logging_mixin.py:188} INFO - [2026-05-30T20:26:29.348+0000] {dagbag.py:540} INFO - Filling up the DagBag from /opt/airflow/dags/dag_dq_checkpoint.py
[2026-05-30T20:26:29.390+0000] {processor.py:840} INFO - DAG(s) 'neuralretail_dq_checkpoint' retrieved from /opt/airflow/dags/dag_dq_checkpoint.py
[2026-05-30T20:26:29.441+0000] {logging_mixin.py:188} INFO - [2026-05-30T20:26:29.441+0000] {dag.py:3096} INFO - Sync 1 DAGs
[2026-05-30T20:26:29.452+0000] {logging_mixin.py:188} INFO - [2026-05-30T20:26:29.452+0000] {dag.py:3954} INFO - Setting next_dagrun for neuralretail_dq_checkpoint to None, run_after=None
[2026-05-30T20:26:29.477+0000] {processor.py:183} INFO - Processing /opt/airflow/dags/dag_dq_checkpoint.py took 0.137 seconds
[2026-05-30T20:27:01.076+0000] {processor.py:161} INFO - Started process (PID=1322) to work on /opt/airflow/dags/dag_dq_checkpoint.py
[2026-05-30T20:27:01.079+0000] {processor.py:830} INFO - Processing file /opt/airflow/dags/dag_dq_checkpoint.py for tasks to queue
[2026-05-30T20:27:01.085+0000] {logging_mixin.py:188} INFO - [2026-05-30T20:27:01.084+0000] {dagbag.py:540} INFO - Filling up the DagBag from /opt/airflow/dags/dag_dq_checkpoint.py
[2026-05-30T20:27:01.144+0000] {processor.py:840} INFO - DAG(s) 'neuralretail_dq_checkpoint' retrieved from /opt/airflow/dags/dag_dq_checkpoint.py
[2026-05-30T20:27:01.193+0000] {logging_mixin.py:188} INFO - [2026-05-30T20:27:01.193+0000] {dag.py:3096} INFO - Sync 1 DAGs
[2026-05-30T20:27:01.210+0000] {logging_mixin.py:188} INFO - [2026-05-30T20:27:01.210+0000] {dag.py:3954} INFO - Setting next_dagrun for neuralretail_dq_checkpoint to None, run_after=None
[2026-05-30T20:27:01.242+0000] {processor.py:183} INFO - Processing /opt/airflow/dags/dag_dq_checkpoint.py took 0.174 seconds
[2026-05-30T20:27:31.499+0000] {processor.py:161} INFO - Started process (PID=1342) to work on /opt/airflow/dags/dag_dq_checkpoint.py
[2026-05-30T20:27:31.506+0000] {processor.py:830} INFO - Processing file /opt/airflow/dags/dag_dq_checkpoint.py for tasks to queue
[2026-05-30T20:27:31.514+0000] {logging_mixin.py:188} INFO - [2026-05-30T20:27:31.513+0000] {dagbag.py:540} INFO - Filling up the DagBag from /opt/airflow/dags/dag_dq_checkpoint.py
[2026-05-30T20:27:31.578+0000] {processor.py:840} INFO - DAG(s) 'neuralretail_dq_checkpoint' retrieved from /opt/airflow/dags/dag_dq_checkpoint.py
[2026-05-30T20:27:31.650+0000] {logging_mixin.py:188} INFO - [2026-05-30T20:27:31.650+0000] {dag.py:3096} INFO - Sync 1 DAGs
[2026-05-30T20:27:31.664+0000] {logging_mixin.py:188} INFO - [2026-05-30T20:27:31.664+0000] {dag.py:3954} INFO - Setting next_dagrun for neuralretail_dq_checkpoint to None, run_after=None
[2026-05-30T20:27:31.683+0000] {processor.py:183} INFO - Processing /opt/airflow/dags/dag_dq_checkpoint.py took 0.197 seconds
[2026-05-30T20:28:02.039+0000] {processor.py:161} INFO - Started process (PID=1362) to work on /opt/airflow/dags/dag_dq_checkpoint.py
[2026-05-30T20:28:02.047+0000] {processor.py:830} INFO - Processing file /opt/airflow/dags/dag_dq_checkpoint.py for tasks to queue
[2026-05-30T20:28:02.057+0000] {logging_mixin.py:188} INFO - [2026-05-30T20:28:02.056+0000] {dagbag.py:540} INFO - Filling up the DagBag from /opt/airflow/dags/dag_dq_checkpoint.py
[2026-05-30T20:28:02.347+0000] {processor.py:840} INFO - DAG(s) 'neuralretail_dq_checkpoint' retrieved from /opt/airflow/dags/dag_dq_checkpoint.py
[2026-05-30T20:28:02.491+0000] {logging_mixin.py:188} INFO - [2026-05-30T20:28:02.490+0000] {dag.py:3096} INFO - Sync 1 DAGs
[2026-05-30T20:28:02.520+0000] {logging_mixin.py:188} INFO - [2026-05-30T20:28:02.520+0000] {dag.py:3954} INFO - Setting next_dagrun for neuralretail_dq_checkpoint to None, run_after=None
[2026-05-30T20:28:02.545+0000] {processor.py:183} INFO - Processing /opt/airflow/dags/dag_dq_checkpoint.py took 0.511 seconds
[2026-05-30T20:28:32.853+0000] {processor.py:161} INFO - Started process (PID=1382) to work on /opt/airflow/dags/dag_dq_checkpoint.py
[2026-05-30T20:28:32.855+0000] {processor.py:830} INFO - Processing file /opt/airflow/dags/dag_dq_checkpoint.py for tasks to queue
[2026-05-30T20:28:32.860+0000] {logging_mixin.py:188} INFO - [2026-05-30T20:28:32.860+0000] {dagbag.py:540} INFO - Filling up the DagBag from /opt/airflow/dags/dag_dq_checkpoint.py
[2026-05-30T20:28:32.945+0000] {processor.py:840} INFO - DAG(s) 'neuralretail_dq_checkpoint' retrieved from /opt/airflow/dags/dag_dq_checkpoint.py
[2026-05-30T20:28:33.029+0000] {logging_mixin.py:188} INFO - [2026-05-30T20:28:33.029+0000] {dag.py:3096} INFO - Sync 1 DAGs
[2026-05-30T20:28:33.040+0000] {logging_mixin.py:188} INFO - [2026-05-30T20:28:33.040+0000] {dag.py:3954} INFO - Setting next_dagrun for neuralretail_dq_checkpoint to None, run_after=None
[2026-05-30T20:28:33.065+0000] {processor.py:183} INFO - Processing /opt/airflow/dags/dag_dq_checkpoint.py took 0.228 seconds
[2026-05-30T20:29:03.869+0000] {processor.py:161} INFO - Started process (PID=1402) to work on /opt/airflow/dags/dag_dq_checkpoint.py
[2026-05-30T20:29:03.870+0000] {processor.py:830} INFO - Processing file /opt/airflow/dags/dag_dq_checkpoint.py for tasks to queue
[2026-05-30T20:29:03.872+0000] {logging_mixin.py:188} INFO - [2026-05-30T20:29:03.871+0000] {dagbag.py:540} INFO - Filling up the DagBag from /opt/airflow/dags/dag_dq_checkpoint.py
[2026-05-30T20:29:03.890+0000] {processor.py:840} INFO - DAG(s) 'neuralretail_dq_checkpoint' retrieved from /opt/airflow/dags/dag_dq_checkpoint.py
[2026-05-30T20:29:03.916+0000] {logging_mixin.py:188} INFO - [2026-05-30T20:29:03.915+0000] {dag.py:3096} INFO - Sync 1 DAGs
[2026-05-30T20:29:03.924+0000] {logging_mixin.py:188} INFO - [2026-05-30T20:29:03.924+0000] {dag.py:3954} INFO - Setting next_dagrun for neuralretail_dq_checkpoint to None, run_after=None
[2026-05-30T20:29:03.938+0000] {processor.py:183} INFO - Processing /opt/airflow/dags/dag_dq_checkpoint.py took 0.075 seconds
[2026-05-30T20:29:34.577+0000] {processor.py:161} INFO - Started process (PID=1420) to work on /opt/airflow/dags/dag_dq_checkpoint.py
[2026-05-30T20:29:34.580+0000] {processor.py:830} INFO - Processing file /opt/airflow/dags/dag_dq_checkpoint.py for tasks to queue
[2026-05-30T20:29:34.584+0000] {logging_mixin.py:188} INFO - [2026-05-30T20:29:34.584+0000] {dagbag.py:540} INFO - Filling up the DagBag from /opt/airflow/dags/dag_dq_checkpoint.py
[2026-05-30T20:29:34.643+0000] {processor.py:840} INFO - DAG(s) 'neuralretail_dq_checkpoint' retrieved from /opt/airflow/dags/dag_dq_checkpoint.py
[2026-05-30T20:29:34.724+0000] {logging_mixin.py:188} INFO - [2026-05-30T20:29:34.724+0000] {dag.py:3096} INFO - Sync 1 DAGs
[2026-05-30T20:29:34.751+0000] {logging_mixin.py:188} INFO - [2026-05-30T20:29:34.751+0000] {dag.py:3954} INFO - Setting next_dagrun for neuralretail_dq_checkpoint to None, run_after=None
[2026-05-30T20:29:34.778+0000] {processor.py:183} INFO - Processing /opt/airflow/dags/dag_dq_checkpoint.py took 0.218 seconds
[2026-05-30T20:30:05.099+0000] {processor.py:161} INFO - Started process (PID=1442) to work on /opt/airflow/dags/dag_dq_checkpoint.py
[2026-05-30T20:30:05.100+0000] {processor.py:830} INFO - Processing file /opt/airflow/dags/dag_dq_checkpoint.py for tasks to queue
[2026-05-30T20:30:05.102+0000] {logging_mixin.py:188} INFO - [2026-05-30T20:30:05.102+0000] {dagbag.py:540} INFO - Filling up the DagBag from /opt/airflow/dags/dag_dq_checkpoint.py
[2026-05-30T20:30:05.137+0000] {processor.py:840} INFO - DAG(s) 'neuralretail_dq_checkpoint' retrieved from /opt/airflow/dags/dag_dq_checkpoint.py
[2026-05-30T20:30:05.175+0000] {logging_mixin.py:188} INFO - [2026-05-30T20:30:05.175+0000] {dag.py:3096} INFO - Sync 1 DAGs
[2026-05-30T20:30:05.187+0000] {logging_mixin.py:188} INFO - [2026-05-30T20:30:05.187+0000] {dag.py:3954} INFO - Setting next_dagrun for neuralretail_dq_checkpoint to None, run_after=None
[2026-05-30T20:30:05.205+0000] {processor.py:183} INFO - Processing /opt/airflow/dags/dag_dq_checkpoint.py took 0.110 seconds
[2026-05-30T20:30:35.601+0000] {processor.py:161} INFO - Started process (PID=1460) to work on /opt/airflow/dags/dag_dq_checkpoint.py
[2026-05-30T20:30:35.623+0000] {processor.py:830} INFO - Processing file /opt/airflow/dags/dag_dq_checkpoint.py for tasks to queue
[2026-05-30T20:30:35.633+0000] {logging_mixin.py:188} INFO - [2026-05-30T20:30:35.633+0000] {dagbag.py:540} INFO - Filling up the DagBag from /opt/airflow/dags/dag_dq_checkpoint.py
[2026-05-30T20:30:35.729+0000] {processor.py:840} INFO - DAG(s) 'neuralretail_dq_checkpoint' retrieved from /opt/airflow/dags/dag_dq_checkpoint.py
[2026-05-30T20:30:35.812+0000] {logging_mixin.py:188} INFO - [2026-05-30T20:30:35.812+0000] {dag.py:3096} INFO - Sync 1 DAGs
[2026-05-30T20:30:35.854+0000] {logging_mixin.py:188} INFO - [2026-05-30T20:30:35.853+0000] {dag.py:3954} INFO - Setting next_dagrun for neuralretail_dq_checkpoint to None, run_after=None
[2026-05-30T20:30:35.891+0000] {processor.py:183} INFO - Processing /opt/airflow/dags/dag_dq_checkpoint.py took 0.307 seconds
[2026-05-30T20:31:06.892+0000] {processor.py:161} INFO - Started process (PID=1482) to work on /opt/airflow/dags/dag_dq_checkpoint.py
[2026-05-30T20:31:06.893+0000] {processor.py:830} INFO - Processing file /opt/airflow/dags/dag_dq_checkpoint.py for tasks to queue
[2026-05-30T20:31:06.895+0000] {logging_mixin.py:188} INFO - [2026-05-30T20:31:06.895+0000] {dagbag.py:540} INFO - Filling up the DagBag from /opt/airflow/dags/dag_dq_checkpoint.py
[2026-05-30T20:31:06.969+0000] {processor.py:840} INFO - DAG(s) 'neuralretail_dq_checkpoint' retrieved from /opt/airflow/dags/dag_dq_checkpoint.py
[2026-05-30T20:31:07.012+0000] {logging_mixin.py:188} INFO - [2026-05-30T20:31:07.012+0000] {dag.py:3096} INFO - Sync 1 DAGs
[2026-05-30T20:31:07.031+0000] {logging_mixin.py:188} INFO - [2026-05-30T20:31:07.030+0000] {dag.py:3954} INFO - Setting next_dagrun for neuralretail_dq_checkpoint to None, run_after=None
[2026-05-30T20:31:07.057+0000] {processor.py:183} INFO - Processing /opt/airflow/dags/dag_dq_checkpoint.py took 0.170 seconds
[2026-05-30T20:31:38.148+0000] {processor.py:161} INFO - Started process (PID=1502) to work on /opt/airflow/dags/dag_dq_checkpoint.py
[2026-05-30T20:31:38.150+0000] {processor.py:830} INFO - Processing file /opt/airflow/dags/dag_dq_checkpoint.py for tasks to queue
[2026-05-30T20:31:38.154+0000] {logging_mixin.py:188} INFO - [2026-05-30T20:31:38.154+0000] {dagbag.py:540} INFO - Filling up the DagBag from /opt/airflow/dags/dag_dq_checkpoint.py
[2026-05-30T20:31:38.212+0000] {processor.py:840} INFO - DAG(s) 'neuralretail_dq_checkpoint' retrieved from /opt/airflow/dags/dag_dq_checkpoint.py
[2026-05-30T20:31:38.261+0000] {logging_mixin.py:188} INFO - [2026-05-30T20:31:38.261+0000] {dag.py:3096} INFO - Sync 1 DAGs
[2026-05-30T20:31:38.274+0000] {logging_mixin.py:188} INFO - [2026-05-30T20:31:38.274+0000] {dag.py:3954} INFO - Setting next_dagrun for neuralretail_dq_checkpoint to None, run_after=None
[2026-05-30T20:31:38.295+0000] {processor.py:183} INFO - Processing /opt/airflow/dags/dag_dq_checkpoint.py took 0.153 seconds
[2026-05-30T20:32:09.209+0000] {processor.py:161} INFO - Started process (PID=1522) to work on /opt/airflow/dags/dag_dq_checkpoint.py
[2026-05-30T20:32:09.212+0000] {processor.py:830} INFO - Processing file /opt/airflow/dags/dag_dq_checkpoint.py for tasks to queue
[2026-05-30T20:32:09.213+0000] {logging_mixin.py:188} INFO - [2026-05-30T20:32:09.213+0000] {dagbag.py:540} INFO - Filling up the DagBag from /opt/airflow/dags/dag_dq_checkpoint.py
[2026-05-30T20:32:09.287+0000] {processor.py:840} INFO - DAG(s) 'neuralretail_dq_checkpoint' retrieved from /opt/airflow/dags/dag_dq_checkpoint.py
[2026-05-30T20:32:09.354+0000] {logging_mixin.py:188} INFO - [2026-05-30T20:32:09.353+0000] {dag.py:3096} INFO - Sync 1 DAGs
[2026-05-30T20:32:09.364+0000] {logging_mixin.py:188} INFO - [2026-05-30T20:32:09.364+0000] {dag.py:3954} INFO - Setting next_dagrun for neuralretail_dq_checkpoint to None, run_after=None
[2026-05-30T20:32:09.387+0000] {processor.py:183} INFO - Processing /opt/airflow/dags/dag_dq_checkpoint.py took 0.182 seconds
[2026-05-30T20:32:39.510+0000] {processor.py:161} INFO - Started process (PID=1542) to work on /opt/airflow/dags/dag_dq_checkpoint.py
[2026-05-30T20:32:39.511+0000] {processor.py:830} INFO - Processing file /opt/airflow/dags/dag_dq_checkpoint.py for tasks to queue
[2026-05-30T20:32:39.513+0000] {logging_mixin.py:188} INFO - [2026-05-30T20:32:39.513+0000] {dagbag.py:540} INFO - Filling up the DagBag from /opt/airflow/dags/dag_dq_checkpoint.py
[2026-05-30T20:32:39.543+0000] {processor.py:840} INFO - DAG(s) 'neuralretail_dq_checkpoint' retrieved from /opt/airflow/dags/dag_dq_checkpoint.py
[2026-05-30T20:32:39.596+0000] {logging_mixin.py:188} INFO - [2026-05-30T20:32:39.595+0000] {dag.py:3096} INFO - Sync 1 DAGs
[2026-05-30T20:32:39.611+0000] {logging_mixin.py:188} INFO - [2026-05-30T20:32:39.611+0000] {dag.py:3954} INFO - Setting next_dagrun for neuralretail_dq_checkpoint to None, run_after=None
[2026-05-30T20:32:39.635+0000] {processor.py:183} INFO - Processing /opt/airflow/dags/dag_dq_checkpoint.py took 0.130 seconds
[2026-05-30T20:33:10.692+0000] {processor.py:161} INFO - Started process (PID=1562) to work on /opt/airflow/dags/dag_dq_checkpoint.py
[2026-05-30T20:33:10.695+0000] {processor.py:830} INFO - Processing file /opt/airflow/dags/dag_dq_checkpoint.py for tasks to queue
[2026-05-30T20:33:10.700+0000] {logging_mixin.py:188} INFO - [2026-05-30T20:33:10.699+0000] {dagbag.py:540} INFO - Filling up the DagBag from /opt/airflow/dags/dag_dq_checkpoint.py
[2026-05-30T20:33:10.820+0000] {processor.py:840} INFO - DAG(s) 'neuralretail_dq_checkpoint' retrieved from /opt/airflow/dags/dag_dq_checkpoint.py
[2026-05-30T20:33:11.048+0000] {logging_mixin.py:188} INFO - [2026-05-30T20:33:11.048+0000] {dag.py:3096} INFO - Sync 1 DAGs
[2026-05-30T20:33:11.088+0000] {logging_mixin.py:188} INFO - [2026-05-30T20:33:11.088+0000] {dag.py:3954} INFO - Setting next_dagrun for neuralretail_dq_checkpoint to None, run_after=None
[2026-05-30T20:33:11.139+0000] {processor.py:183} INFO - Processing /opt/airflow/dags/dag_dq_checkpoint.py took 0.461 seconds
[2026-05-30T20:33:41.816+0000] {processor.py:161} INFO - Started process (PID=1582) to work on /opt/airflow/dags/dag_dq_checkpoint.py
[2026-05-30T20:33:41.820+0000] {processor.py:830} INFO - Processing file /opt/airflow/dags/dag_dq_checkpoint.py for tasks to queue
[2026-05-30T20:33:41.824+0000] {logging_mixin.py:188} INFO - [2026-05-30T20:33:41.823+0000] {dagbag.py:540} INFO - Filling up the DagBag from /opt/airflow/dags/dag_dq_checkpoint.py
[2026-05-30T20:33:41.901+0000] {processor.py:840} INFO - DAG(s) 'neuralretail_dq_checkpoint' retrieved from /opt/airflow/dags/dag_dq_checkpoint.py
[2026-05-30T20:33:41.940+0000] {logging_mixin.py:188} INFO - [2026-05-30T20:33:41.940+0000] {dag.py:3096} INFO - Sync 1 DAGs
[2026-05-30T20:33:41.952+0000] {logging_mixin.py:188} INFO - [2026-05-30T20:33:41.952+0000] {dag.py:3954} INFO - Setting next_dagrun for neuralretail_dq_checkpoint to None, run_after=None
[2026-05-30T20:33:41.981+0000] {processor.py:183} INFO - Processing /opt/airflow/dags/dag_dq_checkpoint.py took 0.181 seconds
[2026-05-30T20:34:12.959+0000] {processor.py:161} INFO - Started process (PID=1602) to work on /opt/airflow/dags/dag_dq_checkpoint.py
[2026-05-30T20:34:12.961+0000] {processor.py:830} INFO - Processing file /opt/airflow/dags/dag_dq_checkpoint.py for tasks to queue
[2026-05-30T20:34:12.964+0000] {logging_mixin.py:188} INFO - [2026-05-30T20:34:12.963+0000] {dagbag.py:540} INFO - Filling up the DagBag from /opt/airflow/dags/dag_dq_checkpoint.py
[2026-05-30T20:34:13.019+0000] {processor.py:840} INFO - DAG(s) 'neuralretail_dq_checkpoint' retrieved from /opt/airflow/dags/dag_dq_checkpoint.py
[2026-05-30T20:34:13.080+0000] {logging_mixin.py:188} INFO - [2026-05-30T20:34:13.080+0000] {dag.py:3096} INFO - Sync 1 DAGs
[2026-05-30T20:34:13.094+0000] {logging_mixin.py:188} INFO - [2026-05-30T20:34:13.094+0000] {dag.py:3954} INFO - Setting next_dagrun for neuralretail_dq_checkpoint to None, run_after=None
[2026-05-30T20:34:13.128+0000] {processor.py:183} INFO - Processing /opt/airflow/dags/dag_dq_checkpoint.py took 0.174 seconds
[2026-05-30T20:34:43.874+0000] {processor.py:161} INFO - Started process (PID=1622) to work on /opt/airflow/dags/dag_dq_checkpoint.py
[2026-05-30T20:34:43.876+0000] {processor.py:830} INFO - Processing file /opt/airflow/dags/dag_dq_checkpoint.py for tasks to queue
[2026-05-30T20:34:43.879+0000] {logging_mixin.py:188} INFO - [2026-05-30T20:34:43.878+0000] {dagbag.py:540} INFO - Filling up the DagBag from /opt/airflow/dags/dag_dq_checkpoint.py
[2026-05-30T20:34:43.977+0000] {processor.py:840} INFO - DAG(s) 'neuralretail_dq_checkpoint' retrieved from /opt/airflow/dags/dag_dq_checkpoint.py
[2026-05-30T20:34:44.021+0000] {logging_mixin.py:188} INFO - [2026-05-30T20:34:44.021+0000] {dag.py:3096} INFO - Sync 1 DAGs
[2026-05-30T20:34:44.033+0000] {logging_mixin.py:188} INFO - [2026-05-30T20:34:44.033+0000] {dag.py:3954} INFO - Setting next_dagrun for neuralretail_dq_checkpoint to None, run_after=None
[2026-05-30T20:34:44.055+0000] {processor.py:183} INFO - Processing /opt/airflow/dags/dag_dq_checkpoint.py took 0.196 seconds
[2026-05-30T20:35:14.195+0000] {processor.py:161} INFO - Started process (PID=1642) to work on /opt/airflow/dags/dag_dq_checkpoint.py
[2026-05-30T20:35:14.196+0000] {processor.py:830} INFO - Processing file /opt/airflow/dags/dag_dq_checkpoint.py for tasks to queue
[2026-05-30T20:35:14.198+0000] {logging_mixin.py:188} INFO - [2026-05-30T20:35:14.198+0000] {dagbag.py:540} INFO - Filling up the DagBag from /opt/airflow/dags/dag_dq_checkpoint.py
[2026-05-30T20:35:14.242+0000] {processor.py:840} INFO - DAG(s) 'neuralretail_dq_checkpoint' retrieved from /opt/airflow/dags/dag_dq_checkpoint.py
[2026-05-30T20:35:14.286+0000] {logging_mixin.py:188} INFO - [2026-05-30T20:35:14.286+0000] {dag.py:3096} INFO - Sync 1 DAGs
[2026-05-30T20:35:14.297+0000] {logging_mixin.py:188} INFO - [2026-05-30T20:35:14.297+0000] {dag.py:3954} INFO - Setting next_dagrun for neuralretail_dq_checkpoint to None, run_after=None
[2026-05-30T20:35:14.316+0000] {processor.py:183} INFO - Processing /opt/airflow/dags/dag_dq_checkpoint.py took 0.127 seconds
[2026-05-30T20:35:44.828+0000] {processor.py:161} INFO - Started process (PID=1662) to work on /opt/airflow/dags/dag_dq_checkpoint.py
[2026-05-30T20:35:44.830+0000] {processor.py:830} INFO - Processing file /opt/airflow/dags/dag_dq_checkpoint.py for tasks to queue
[2026-05-30T20:35:44.833+0000] {logging_mixin.py:188} INFO - [2026-05-30T20:35:44.832+0000] {dagbag.py:540} INFO - Filling up the DagBag from /opt/airflow/dags/dag_dq_checkpoint.py
[2026-05-30T20:35:44.902+0000] {processor.py:840} INFO - DAG(s) 'neuralretail_dq_checkpoint' retrieved from /opt/airflow/dags/dag_dq_checkpoint.py
[2026-05-30T20:35:44.956+0000] {logging_mixin.py:188} INFO - [2026-05-30T20:35:44.956+0000] {dag.py:3096} INFO - Sync 1 DAGs
[2026-05-30T20:35:44.972+0000] {logging_mixin.py:188} INFO - [2026-05-30T20:35:44.972+0000] {dag.py:3954} INFO - Setting next_dagrun for neuralretail_dq_checkpoint to None, run_after=None
[2026-05-30T20:35:45.001+0000] {processor.py:183} INFO - Processing /opt/airflow/dags/dag_dq_checkpoint.py took 0.178 seconds
[2026-05-30T20:36:15.423+0000] {processor.py:161} INFO - Started process (PID=1682) to work on /opt/airflow/dags/dag_dq_checkpoint.py
[2026-05-30T20:36:15.425+0000] {processor.py:830} INFO - Processing file /opt/airflow/dags/dag_dq_checkpoint.py for tasks to queue
[2026-05-30T20:36:15.428+0000] {logging_mixin.py:188} INFO - [2026-05-30T20:36:15.428+0000] {dagbag.py:540} INFO - Filling up the DagBag from /opt/airflow/dags/dag_dq_checkpoint.py
[2026-05-30T20:36:15.488+0000] {processor.py:840} INFO - DAG(s) 'neuralretail_dq_checkpoint' retrieved from /opt/airflow/dags/dag_dq_checkpoint.py
[2026-05-30T20:36:15.574+0000] {logging_mixin.py:188} INFO - [2026-05-30T20:36:15.573+0000] {dag.py:3096} INFO - Sync 1 DAGs
[2026-05-30T20:36:15.591+0000] {logging_mixin.py:188} INFO - [2026-05-30T20:36:15.591+0000] {dag.py:3954} INFO - Setting next_dagrun for neuralretail_dq_checkpoint to None, run_after=None
[2026-05-30T20:36:15.626+0000] {processor.py:183} INFO - Processing /opt/airflow/dags/dag_dq_checkpoint.py took 0.208 seconds
[2026-05-30T20:36:45.845+0000] {processor.py:161} INFO - Started process (PID=1702) to work on /opt/airflow/dags/dag_dq_checkpoint.py
[2026-05-30T20:36:45.848+0000] {processor.py:830} INFO - Processing file /opt/airflow/dags/dag_dq_checkpoint.py for tasks to queue
[2026-05-30T20:36:45.854+0000] {logging_mixin.py:188} INFO - [2026-05-30T20:36:45.853+0000] {dagbag.py:540} INFO - Filling up the DagBag from /opt/airflow/dags/dag_dq_checkpoint.py
[2026-05-30T20:36:45.919+0000] {processor.py:840} INFO - DAG(s) 'neuralretail_dq_checkpoint' retrieved from /opt/airflow/dags/dag_dq_checkpoint.py
[2026-05-30T20:36:45.964+0000] {logging_mixin.py:188} INFO - [2026-05-30T20:36:45.964+0000] {dag.py:3096} INFO - Sync 1 DAGs
[2026-05-30T20:36:45.985+0000] {logging_mixin.py:188} INFO - [2026-05-30T20:36:45.985+0000] {dag.py:3954} INFO - Setting next_dagrun for neuralretail_dq_checkpoint to None, run_after=None
[2026-05-30T20:36:46.003+0000] {processor.py:183} INFO - Processing /opt/airflow/dags/dag_dq_checkpoint.py took 0.169 seconds
[2026-05-30T20:37:16.329+0000] {processor.py:161} INFO - Started process (PID=1727) to work on /opt/airflow/dags/dag_dq_checkpoint.py
[2026-05-30T20:37:16.331+0000] {processor.py:830} INFO - Processing file /opt/airflow/dags/dag_dq_checkpoint.py for tasks to queue
[2026-05-30T20:37:16.334+0000] {logging_mixin.py:188} INFO - [2026-05-30T20:37:16.333+0000] {dagbag.py:540} INFO - Filling up the DagBag from /opt/airflow/dags/dag_dq_checkpoint.py
[2026-05-30T20:37:16.374+0000] {processor.py:840} INFO - DAG(s) 'neuralretail_dq_checkpoint' retrieved from /opt/airflow/dags/dag_dq_checkpoint.py
[2026-05-30T20:37:16.412+0000] {logging_mixin.py:188} INFO - [2026-05-30T20:37:16.412+0000] {dag.py:3096} INFO - Sync 1 DAGs
[2026-05-30T20:37:16.422+0000] {logging_mixin.py:188} INFO - [2026-05-30T20:37:16.422+0000] {dag.py:3954} INFO - Setting next_dagrun for neuralretail_dq_checkpoint to None, run_after=None
[2026-05-30T20:37:16.441+0000] {processor.py:183} INFO - Processing /opt/airflow/dags/dag_dq_checkpoint.py took 0.118 seconds
[2026-05-30T20:37:46.797+0000] {processor.py:161} INFO - Started process (PID=1747) to work on /opt/airflow/dags/dag_dq_checkpoint.py
[2026-05-30T20:37:46.799+0000] {processor.py:830} INFO - Processing file /opt/airflow/dags/dag_dq_checkpoint.py for tasks to queue
[2026-05-30T20:37:46.802+0000] {logging_mixin.py:188} INFO - [2026-05-30T20:37:46.801+0000] {dagbag.py:540} INFO - Filling up the DagBag from /opt/airflow/dags/dag_dq_checkpoint.py
[2026-05-30T20:37:46.862+0000] {processor.py:840} INFO - DAG(s) 'neuralretail_dq_checkpoint' retrieved from /opt/airflow/dags/dag_dq_checkpoint.py
[2026-05-30T20:37:46.902+0000] {logging_mixin.py:188} INFO - [2026-05-30T20:37:46.902+0000] {dag.py:3096} INFO - Sync 1 DAGs
[2026-05-30T20:37:46.916+0000] {logging_mixin.py:188} INFO - [2026-05-30T20:37:46.916+0000] {dag.py:3954} INFO - Setting next_dagrun for neuralretail_dq_checkpoint to None, run_after=None
[2026-05-30T20:37:46.956+0000] {processor.py:183} INFO - Processing /opt/airflow/dags/dag_dq_checkpoint.py took 0.174 seconds
