[2026-05-30T19:38:53.908+0000] {processor.py:161} INFO - Started process (PID=175) to work on /opt/airflow/dags/dag_drift_monitoring.py
[2026-05-30T19:38:53.915+0000] {processor.py:830} INFO - Processing file /opt/airflow/dags/dag_drift_monitoring.py for tasks to queue
[2026-05-30T19:38:53.924+0000] {logging_mixin.py:188} INFO - [2026-05-30T19:38:53.923+0000] {dagbag.py:540} INFO - Filling up the DagBag from /opt/airflow/dags/dag_drift_monitoring.py
[2026-05-30T19:38:54.067+0000] {processor.py:840} INFO - DAG(s) 'neuralretail_drift_monitoring' retrieved from /opt/airflow/dags/dag_drift_monitoring.py
[2026-05-30T19:38:54.461+0000] {logging_mixin.py:188} INFO - [2026-05-30T19:38:54.460+0000] {override.py:1829} INFO - Created Permission View: can read on DAG:neuralretail_drift_monitoring
[2026-05-30T19:38:54.522+0000] {logging_mixin.py:188} INFO - [2026-05-30T19:38:54.522+0000] {override.py:1829} INFO - Created Permission View: can edit on DAG:neuralretail_drift_monitoring
[2026-05-30T19:38:54.556+0000] {logging_mixin.py:188} INFO - [2026-05-30T19:38:54.556+0000] {override.py:1829} INFO - Created Permission View: can delete on DAG:neuralretail_drift_monitoring
[2026-05-30T19:38:54.569+0000] {logging_mixin.py:188} INFO - [2026-05-30T19:38:54.569+0000] {dag.py:3096} INFO - Sync 1 DAGs
[2026-05-30T19:38:54.622+0000] {logging_mixin.py:188} INFO - [2026-05-30T19:38:54.621+0000] {dag.py:3118} INFO - Creating ORM DAG for neuralretail_drift_monitoring
[2026-05-30T19:38:54.660+0000] {logging_mixin.py:188} INFO - [2026-05-30T19:38:54.660+0000] {dag.py:3954} INFO - Setting next_dagrun for neuralretail_drift_monitoring to 2026-05-29 08:00:00+00:00, run_after=2026-05-30 08:00:00+00:00
[2026-05-30T19:38:54.770+0000] {processor.py:183} INFO - Processing /opt/airflow/dags/dag_drift_monitoring.py took 0.893 seconds
[2026-05-30T19:39:25.075+0000] {processor.py:161} INFO - Started process (PID=195) to work on /opt/airflow/dags/dag_drift_monitoring.py
[2026-05-30T19:39:25.077+0000] {processor.py:830} INFO - Processing file /opt/airflow/dags/dag_drift_monitoring.py for tasks to queue
[2026-05-30T19:39:25.079+0000] {logging_mixin.py:188} INFO - [2026-05-30T19:39:25.079+0000] {dagbag.py:540} INFO - Filling up the DagBag from /opt/airflow/dags/dag_drift_monitoring.py
[2026-05-30T19:39:25.123+0000] {processor.py:840} INFO - DAG(s) 'neuralretail_drift_monitoring' retrieved from /opt/airflow/dags/dag_drift_monitoring.py
[2026-05-30T19:39:25.207+0000] {logging_mixin.py:188} INFO - [2026-05-30T19:39:25.207+0000] {dag.py:3096} INFO - Sync 1 DAGs
[2026-05-30T19:39:25.227+0000] {logging_mixin.py:188} INFO - [2026-05-30T19:39:25.227+0000] {dag.py:3954} INFO - Setting next_dagrun for neuralretail_drift_monitoring to 2026-05-29 08:00:00+00:00, run_after=2026-05-30 08:00:00+00:00
[2026-05-30T19:39:25.246+0000] {processor.py:183} INFO - Processing /opt/airflow/dags/dag_drift_monitoring.py took 0.179 seconds
[2026-05-30T19:39:55.984+0000] {processor.py:161} INFO - Started process (PID=215) to work on /opt/airflow/dags/dag_drift_monitoring.py
[2026-05-30T19:39:55.985+0000] {processor.py:830} INFO - Processing file /opt/airflow/dags/dag_drift_monitoring.py for tasks to queue
[2026-05-30T19:39:55.987+0000] {logging_mixin.py:188} INFO - [2026-05-30T19:39:55.987+0000] {dagbag.py:540} INFO - Filling up the DagBag from /opt/airflow/dags/dag_drift_monitoring.py
[2026-05-30T19:39:56.020+0000] {processor.py:840} INFO - DAG(s) 'neuralretail_drift_monitoring' retrieved from /opt/airflow/dags/dag_drift_monitoring.py
[2026-05-30T19:39:56.041+0000] {logging_mixin.py:188} INFO - [2026-05-30T19:39:56.040+0000] {dag.py:3096} INFO - Sync 1 DAGs
[2026-05-30T19:39:56.060+0000] {logging_mixin.py:188} INFO - [2026-05-30T19:39:56.060+0000] {dag.py:3954} INFO - Setting next_dagrun for neuralretail_drift_monitoring to 2026-05-29 08:00:00+00:00, run_after=2026-05-30 08:00:00+00:00
[2026-05-30T19:39:56.077+0000] {processor.py:183} INFO - Processing /opt/airflow/dags/dag_drift_monitoring.py took 0.100 seconds
[2026-05-30T19:40:26.392+0000] {processor.py:161} INFO - Started process (PID=235) to work on /opt/airflow/dags/dag_drift_monitoring.py
[2026-05-30T19:40:26.393+0000] {processor.py:830} INFO - Processing file /opt/airflow/dags/dag_drift_monitoring.py for tasks to queue
[2026-05-30T19:40:26.396+0000] {logging_mixin.py:188} INFO - [2026-05-30T19:40:26.395+0000] {dagbag.py:540} INFO - Filling up the DagBag from /opt/airflow/dags/dag_drift_monitoring.py
[2026-05-30T19:40:26.438+0000] {processor.py:840} INFO - DAG(s) 'neuralretail_drift_monitoring' retrieved from /opt/airflow/dags/dag_drift_monitoring.py
[2026-05-30T19:40:26.462+0000] {logging_mixin.py:188} INFO - [2026-05-30T19:40:26.462+0000] {dag.py:3096} INFO - Sync 1 DAGs
[2026-05-30T19:40:26.484+0000] {logging_mixin.py:188} INFO - [2026-05-30T19:40:26.483+0000] {dag.py:3954} INFO - Setting next_dagrun for neuralretail_drift_monitoring to 2026-05-29 08:00:00+00:00, run_after=2026-05-30 08:00:00+00:00
[2026-05-30T19:40:26.504+0000] {processor.py:183} INFO - Processing /opt/airflow/dags/dag_drift_monitoring.py took 0.118 seconds
[2026-05-30T19:40:56.770+0000] {processor.py:161} INFO - Started process (PID=255) to work on /opt/airflow/dags/dag_drift_monitoring.py
[2026-05-30T19:40:56.771+0000] {processor.py:830} INFO - Processing file /opt/airflow/dags/dag_drift_monitoring.py for tasks to queue
[2026-05-30T19:40:56.773+0000] {logging_mixin.py:188} INFO - [2026-05-30T19:40:56.772+0000] {dagbag.py:540} INFO - Filling up the DagBag from /opt/airflow/dags/dag_drift_monitoring.py
[2026-05-30T19:40:56.829+0000] {processor.py:840} INFO - DAG(s) 'neuralretail_drift_monitoring' retrieved from /opt/airflow/dags/dag_drift_monitoring.py
[2026-05-30T19:40:56.871+0000] {logging_mixin.py:188} INFO - [2026-05-30T19:40:56.871+0000] {dag.py:3096} INFO - Sync 1 DAGs
[2026-05-30T19:40:56.913+0000] {logging_mixin.py:188} INFO - [2026-05-30T19:40:56.912+0000] {dag.py:3954} INFO - Setting next_dagrun for neuralretail_drift_monitoring to 2026-05-29 08:00:00+00:00, run_after=2026-05-30 08:00:00+00:00
[2026-05-30T19:40:56.949+0000] {processor.py:183} INFO - Processing /opt/airflow/dags/dag_drift_monitoring.py took 0.184 seconds
[2026-05-30T19:41:27.227+0000] {processor.py:161} INFO - Started process (PID=277) to work on /opt/airflow/dags/dag_drift_monitoring.py
[2026-05-30T19:41:27.229+0000] {processor.py:830} INFO - Processing file /opt/airflow/dags/dag_drift_monitoring.py for tasks to queue
[2026-05-30T19:41:27.230+0000] {logging_mixin.py:188} INFO - [2026-05-30T19:41:27.230+0000] {dagbag.py:540} INFO - Filling up the DagBag from /opt/airflow/dags/dag_drift_monitoring.py
[2026-05-30T19:41:27.272+0000] {processor.py:840} INFO - DAG(s) 'neuralretail_drift_monitoring' retrieved from /opt/airflow/dags/dag_drift_monitoring.py
[2026-05-30T19:41:27.295+0000] {logging_mixin.py:188} INFO - [2026-05-30T19:41:27.294+0000] {dag.py:3096} INFO - Sync 1 DAGs
[2026-05-30T19:41:27.321+0000] {logging_mixin.py:188} INFO - [2026-05-30T19:41:27.320+0000] {dag.py:3954} INFO - Setting next_dagrun for neuralretail_drift_monitoring to 2026-05-29 08:00:00+00:00, run_after=2026-05-30 08:00:00+00:00
[2026-05-30T19:41:27.346+0000] {processor.py:183} INFO - Processing /opt/airflow/dags/dag_drift_monitoring.py took 0.123 seconds
[2026-05-30T19:41:57.596+0000] {processor.py:161} INFO - Started process (PID=297) to work on /opt/airflow/dags/dag_drift_monitoring.py
[2026-05-30T19:41:57.601+0000] {processor.py:830} INFO - Processing file /opt/airflow/dags/dag_drift_monitoring.py for tasks to queue
[2026-05-30T19:41:57.605+0000] {logging_mixin.py:188} INFO - [2026-05-30T19:41:57.605+0000] {dagbag.py:540} INFO - Filling up the DagBag from /opt/airflow/dags/dag_drift_monitoring.py
[2026-05-30T19:41:57.662+0000] {processor.py:840} INFO - DAG(s) 'neuralretail_drift_monitoring' retrieved from /opt/airflow/dags/dag_drift_monitoring.py
[2026-05-30T19:41:57.735+0000] {logging_mixin.py:188} INFO - [2026-05-30T19:41:57.734+0000] {dag.py:3096} INFO - Sync 1 DAGs
[2026-05-30T19:41:57.796+0000] {logging_mixin.py:188} INFO - [2026-05-30T19:41:57.796+0000] {dag.py:3954} INFO - Setting next_dagrun for neuralretail_drift_monitoring to 2026-05-29 08:00:00+00:00, run_after=2026-05-30 08:00:00+00:00
[2026-05-30T19:41:57.825+0000] {processor.py:183} INFO - Processing /opt/airflow/dags/dag_drift_monitoring.py took 0.238 seconds
[2026-05-30T19:42:28.084+0000] {processor.py:161} INFO - Started process (PID=317) to work on /opt/airflow/dags/dag_drift_monitoring.py
[2026-05-30T19:42:28.086+0000] {processor.py:830} INFO - Processing file /opt/airflow/dags/dag_drift_monitoring.py for tasks to queue
[2026-05-30T19:42:28.089+0000] {logging_mixin.py:188} INFO - [2026-05-30T19:42:28.089+0000] {dagbag.py:540} INFO - Filling up the DagBag from /opt/airflow/dags/dag_drift_monitoring.py
[2026-05-30T19:42:28.135+0000] {processor.py:840} INFO - DAG(s) 'neuralretail_drift_monitoring' retrieved from /opt/airflow/dags/dag_drift_monitoring.py
[2026-05-30T19:42:28.180+0000] {logging_mixin.py:188} INFO - [2026-05-30T19:42:28.180+0000] {dag.py:3096} INFO - Sync 1 DAGs
[2026-05-30T19:42:28.212+0000] {logging_mixin.py:188} INFO - [2026-05-30T19:42:28.212+0000] {dag.py:3954} INFO - Setting next_dagrun for neuralretail_drift_monitoring to 2026-05-29 08:00:00+00:00, run_after=2026-05-30 08:00:00+00:00
[2026-05-30T19:42:28.234+0000] {processor.py:183} INFO - Processing /opt/airflow/dags/dag_drift_monitoring.py took 0.158 seconds
[2026-05-30T19:42:58.593+0000] {processor.py:161} INFO - Started process (PID=335) to work on /opt/airflow/dags/dag_drift_monitoring.py
[2026-05-30T19:42:58.596+0000] {processor.py:830} INFO - Processing file /opt/airflow/dags/dag_drift_monitoring.py for tasks to queue
[2026-05-30T19:42:58.601+0000] {logging_mixin.py:188} INFO - [2026-05-30T19:42:58.599+0000] {dagbag.py:540} INFO - Filling up the DagBag from /opt/airflow/dags/dag_drift_monitoring.py
[2026-05-30T19:42:58.669+0000] {processor.py:840} INFO - DAG(s) 'neuralretail_drift_monitoring' retrieved from /opt/airflow/dags/dag_drift_monitoring.py
[2026-05-30T19:42:58.716+0000] {logging_mixin.py:188} INFO - [2026-05-30T19:42:58.715+0000] {dag.py:3096} INFO - Sync 1 DAGs
[2026-05-30T19:42:58.754+0000] {logging_mixin.py:188} INFO - [2026-05-30T19:42:58.754+0000] {dag.py:3954} INFO - Setting next_dagrun for neuralretail_drift_monitoring to 2026-05-29 08:00:00+00:00, run_after=2026-05-30 08:00:00+00:00
[2026-05-30T19:42:58.792+0000] {processor.py:183} INFO - Processing /opt/airflow/dags/dag_drift_monitoring.py took 0.215 seconds
[2026-05-30T19:43:28.888+0000] {processor.py:161} INFO - Started process (PID=355) to work on /opt/airflow/dags/dag_drift_monitoring.py
[2026-05-30T19:43:28.889+0000] {processor.py:830} INFO - Processing file /opt/airflow/dags/dag_drift_monitoring.py for tasks to queue
[2026-05-30T19:43:28.891+0000] {logging_mixin.py:188} INFO - [2026-05-30T19:43:28.891+0000] {dagbag.py:540} INFO - Filling up the DagBag from /opt/airflow/dags/dag_drift_monitoring.py
[2026-05-30T19:43:28.929+0000] {processor.py:840} INFO - DAG(s) 'neuralretail_drift_monitoring' retrieved from /opt/airflow/dags/dag_drift_monitoring.py
[2026-05-30T19:43:28.948+0000] {logging_mixin.py:188} INFO - [2026-05-30T19:43:28.948+0000] {dag.py:3096} INFO - Sync 1 DAGs
[2026-05-30T19:43:28.966+0000] {logging_mixin.py:188} INFO - [2026-05-30T19:43:28.966+0000] {dag.py:3954} INFO - Setting next_dagrun for neuralretail_drift_monitoring to 2026-05-29 08:00:00+00:00, run_after=2026-05-30 08:00:00+00:00
[2026-05-30T19:43:28.983+0000] {processor.py:183} INFO - Processing /opt/airflow/dags/dag_drift_monitoring.py took 0.100 seconds
[2026-05-30T19:43:59.442+0000] {processor.py:161} INFO - Started process (PID=375) to work on /opt/airflow/dags/dag_drift_monitoring.py
[2026-05-30T19:43:59.443+0000] {processor.py:830} INFO - Processing file /opt/airflow/dags/dag_drift_monitoring.py for tasks to queue
[2026-05-30T19:43:59.445+0000] {logging_mixin.py:188} INFO - [2026-05-30T19:43:59.445+0000] {dagbag.py:540} INFO - Filling up the DagBag from /opt/airflow/dags/dag_drift_monitoring.py
[2026-05-30T19:43:59.487+0000] {processor.py:840} INFO - DAG(s) 'neuralretail_drift_monitoring' retrieved from /opt/airflow/dags/dag_drift_monitoring.py
[2026-05-30T19:43:59.513+0000] {logging_mixin.py:188} INFO - [2026-05-30T19:43:59.513+0000] {dag.py:3096} INFO - Sync 1 DAGs
[2026-05-30T19:43:59.542+0000] {logging_mixin.py:188} INFO - [2026-05-30T19:43:59.542+0000] {dag.py:3954} INFO - Setting next_dagrun for neuralretail_drift_monitoring to 2026-05-29 08:00:00+00:00, run_after=2026-05-30 08:00:00+00:00
[2026-05-30T19:43:59.564+0000] {processor.py:183} INFO - Processing /opt/airflow/dags/dag_drift_monitoring.py took 0.127 seconds
[2026-05-30T19:44:29.696+0000] {processor.py:161} INFO - Started process (PID=395) to work on /opt/airflow/dags/dag_drift_monitoring.py
[2026-05-30T19:44:29.698+0000] {processor.py:830} INFO - Processing file /opt/airflow/dags/dag_drift_monitoring.py for tasks to queue
[2026-05-30T19:44:29.701+0000] {logging_mixin.py:188} INFO - [2026-05-30T19:44:29.700+0000] {dagbag.py:540} INFO - Filling up the DagBag from /opt/airflow/dags/dag_drift_monitoring.py
[2026-05-30T19:44:29.739+0000] {processor.py:840} INFO - DAG(s) 'neuralretail_drift_monitoring' retrieved from /opt/airflow/dags/dag_drift_monitoring.py
[2026-05-30T19:44:29.761+0000] {logging_mixin.py:188} INFO - [2026-05-30T19:44:29.761+0000] {dag.py:3096} INFO - Sync 1 DAGs
[2026-05-30T19:44:29.787+0000] {logging_mixin.py:188} INFO - [2026-05-30T19:44:29.787+0000] {dag.py:3954} INFO - Setting next_dagrun for neuralretail_drift_monitoring to 2026-05-29 08:00:00+00:00, run_after=2026-05-30 08:00:00+00:00
[2026-05-30T19:44:29.812+0000] {processor.py:183} INFO - Processing /opt/airflow/dags/dag_drift_monitoring.py took 0.128 seconds
[2026-05-30T19:44:59.974+0000] {processor.py:161} INFO - Started process (PID=415) to work on /opt/airflow/dags/dag_drift_monitoring.py
[2026-05-30T19:44:59.976+0000] {processor.py:830} INFO - Processing file /opt/airflow/dags/dag_drift_monitoring.py for tasks to queue
[2026-05-30T19:44:59.978+0000] {logging_mixin.py:188} INFO - [2026-05-30T19:44:59.977+0000] {dagbag.py:540} INFO - Filling up the DagBag from /opt/airflow/dags/dag_drift_monitoring.py
[2026-05-30T19:45:00.026+0000] {processor.py:840} INFO - DAG(s) 'neuralretail_drift_monitoring' retrieved from /opt/airflow/dags/dag_drift_monitoring.py
[2026-05-30T19:45:00.052+0000] {logging_mixin.py:188} INFO - [2026-05-30T19:45:00.052+0000] {dag.py:3096} INFO - Sync 1 DAGs
[2026-05-30T19:45:00.074+0000] {logging_mixin.py:188} INFO - [2026-05-30T19:45:00.074+0000] {dag.py:3954} INFO - Setting next_dagrun for neuralretail_drift_monitoring to 2026-05-29 08:00:00+00:00, run_after=2026-05-30 08:00:00+00:00
[2026-05-30T19:45:00.094+0000] {processor.py:183} INFO - Processing /opt/airflow/dags/dag_drift_monitoring.py took 0.127 seconds
[2026-05-30T19:45:30.921+0000] {processor.py:161} INFO - Started process (PID=435) to work on /opt/airflow/dags/dag_drift_monitoring.py
[2026-05-30T19:45:30.923+0000] {processor.py:830} INFO - Processing file /opt/airflow/dags/dag_drift_monitoring.py for tasks to queue
[2026-05-30T19:45:30.925+0000] {logging_mixin.py:188} INFO - [2026-05-30T19:45:30.925+0000] {dagbag.py:540} INFO - Filling up the DagBag from /opt/airflow/dags/dag_drift_monitoring.py
[2026-05-30T19:45:30.971+0000] {processor.py:840} INFO - DAG(s) 'neuralretail_drift_monitoring' retrieved from /opt/airflow/dags/dag_drift_monitoring.py
[2026-05-30T19:45:30.993+0000] {logging_mixin.py:188} INFO - [2026-05-30T19:45:30.993+0000] {dag.py:3096} INFO - Sync 1 DAGs
[2026-05-30T19:45:31.015+0000] {logging_mixin.py:188} INFO - [2026-05-30T19:45:31.015+0000] {dag.py:3954} INFO - Setting next_dagrun for neuralretail_drift_monitoring to 2026-05-29 08:00:00+00:00, run_after=2026-05-30 08:00:00+00:00
[2026-05-30T19:45:31.046+0000] {processor.py:183} INFO - Processing /opt/airflow/dags/dag_drift_monitoring.py took 0.131 seconds
[2026-05-30T19:46:01.497+0000] {processor.py:161} INFO - Started process (PID=455) to work on /opt/airflow/dags/dag_drift_monitoring.py
[2026-05-30T19:46:01.501+0000] {processor.py:830} INFO - Processing file /opt/airflow/dags/dag_drift_monitoring.py for tasks to queue
[2026-05-30T19:46:01.507+0000] {logging_mixin.py:188} INFO - [2026-05-30T19:46:01.506+0000] {dagbag.py:540} INFO - Filling up the DagBag from /opt/airflow/dags/dag_drift_monitoring.py
[2026-05-30T19:46:01.644+0000] {processor.py:840} INFO - DAG(s) 'neuralretail_drift_monitoring' retrieved from /opt/airflow/dags/dag_drift_monitoring.py
[2026-05-30T19:46:01.673+0000] {logging_mixin.py:188} INFO - [2026-05-30T19:46:01.673+0000] {dag.py:3096} INFO - Sync 1 DAGs
[2026-05-30T19:46:01.701+0000] {logging_mixin.py:188} INFO - [2026-05-30T19:46:01.700+0000] {dag.py:3954} INFO - Setting next_dagrun for neuralretail_drift_monitoring to 2026-05-29 08:00:00+00:00, run_after=2026-05-30 08:00:00+00:00
[2026-05-30T19:46:01.720+0000] {processor.py:183} INFO - Processing /opt/airflow/dags/dag_drift_monitoring.py took 0.232 seconds
[2026-05-30T19:46:31.948+0000] {processor.py:161} INFO - Started process (PID=475) to work on /opt/airflow/dags/dag_drift_monitoring.py
[2026-05-30T19:46:31.950+0000] {processor.py:830} INFO - Processing file /opt/airflow/dags/dag_drift_monitoring.py for tasks to queue
[2026-05-30T19:46:31.952+0000] {logging_mixin.py:188} INFO - [2026-05-30T19:46:31.952+0000] {dagbag.py:540} INFO - Filling up the DagBag from /opt/airflow/dags/dag_drift_monitoring.py
[2026-05-30T19:46:32.021+0000] {processor.py:840} INFO - DAG(s) 'neuralretail_drift_monitoring' retrieved from /opt/airflow/dags/dag_drift_monitoring.py
[2026-05-30T19:46:32.054+0000] {logging_mixin.py:188} INFO - [2026-05-30T19:46:32.054+0000] {dag.py:3096} INFO - Sync 1 DAGs
[2026-05-30T19:46:32.073+0000] {logging_mixin.py:188} INFO - [2026-05-30T19:46:32.073+0000] {dag.py:3954} INFO - Setting next_dagrun for neuralretail_drift_monitoring to 2026-05-29 08:00:00+00:00, run_after=2026-05-30 08:00:00+00:00
[2026-05-30T19:46:32.091+0000] {processor.py:183} INFO - Processing /opt/airflow/dags/dag_drift_monitoring.py took 0.150 seconds
[2026-05-30T19:47:02.519+0000] {processor.py:161} INFO - Started process (PID=495) to work on /opt/airflow/dags/dag_drift_monitoring.py
[2026-05-30T19:47:02.521+0000] {processor.py:830} INFO - Processing file /opt/airflow/dags/dag_drift_monitoring.py for tasks to queue
[2026-05-30T19:47:02.525+0000] {logging_mixin.py:188} INFO - [2026-05-30T19:47:02.524+0000] {dagbag.py:540} INFO - Filling up the DagBag from /opt/airflow/dags/dag_drift_monitoring.py
[2026-05-30T19:47:02.568+0000] {processor.py:840} INFO - DAG(s) 'neuralretail_drift_monitoring' retrieved from /opt/airflow/dags/dag_drift_monitoring.py
[2026-05-30T19:47:02.592+0000] {logging_mixin.py:188} INFO - [2026-05-30T19:47:02.592+0000] {dag.py:3096} INFO - Sync 1 DAGs
[2026-05-30T19:47:02.610+0000] {logging_mixin.py:188} INFO - [2026-05-30T19:47:02.610+0000] {dag.py:3954} INFO - Setting next_dagrun for neuralretail_drift_monitoring to 2026-05-29 08:00:00+00:00, run_after=2026-05-30 08:00:00+00:00
[2026-05-30T19:47:02.635+0000] {processor.py:183} INFO - Processing /opt/airflow/dags/dag_drift_monitoring.py took 0.125 seconds
[2026-05-30T19:47:32.869+0000] {processor.py:161} INFO - Started process (PID=515) to work on /opt/airflow/dags/dag_drift_monitoring.py
[2026-05-30T19:47:32.870+0000] {processor.py:830} INFO - Processing file /opt/airflow/dags/dag_drift_monitoring.py for tasks to queue
[2026-05-30T19:47:32.872+0000] {logging_mixin.py:188} INFO - [2026-05-30T19:47:32.872+0000] {dagbag.py:540} INFO - Filling up the DagBag from /opt/airflow/dags/dag_drift_monitoring.py
[2026-05-30T19:47:32.925+0000] {processor.py:840} INFO - DAG(s) 'neuralretail_drift_monitoring' retrieved from /opt/airflow/dags/dag_drift_monitoring.py
[2026-05-30T19:47:32.949+0000] {logging_mixin.py:188} INFO - [2026-05-30T19:47:32.949+0000] {dag.py:3096} INFO - Sync 1 DAGs
[2026-05-30T19:47:32.969+0000] {logging_mixin.py:188} INFO - [2026-05-30T19:47:32.969+0000] {dag.py:3954} INFO - Setting next_dagrun for neuralretail_drift_monitoring to 2026-05-29 08:00:00+00:00, run_after=2026-05-30 08:00:00+00:00
[2026-05-30T19:47:32.989+0000] {processor.py:183} INFO - Processing /opt/airflow/dags/dag_drift_monitoring.py took 0.124 seconds
[2026-05-30T19:48:03.292+0000] {processor.py:161} INFO - Started process (PID=535) to work on /opt/airflow/dags/dag_drift_monitoring.py
[2026-05-30T19:48:03.294+0000] {processor.py:830} INFO - Processing file /opt/airflow/dags/dag_drift_monitoring.py for tasks to queue
[2026-05-30T19:48:03.296+0000] {logging_mixin.py:188} INFO - [2026-05-30T19:48:03.295+0000] {dagbag.py:540} INFO - Filling up the DagBag from /opt/airflow/dags/dag_drift_monitoring.py
[2026-05-30T19:48:03.339+0000] {processor.py:840} INFO - DAG(s) 'neuralretail_drift_monitoring' retrieved from /opt/airflow/dags/dag_drift_monitoring.py
[2026-05-30T19:48:03.362+0000] {logging_mixin.py:188} INFO - [2026-05-30T19:48:03.362+0000] {dag.py:3096} INFO - Sync 1 DAGs
[2026-05-30T19:48:03.390+0000] {logging_mixin.py:188} INFO - [2026-05-30T19:48:03.390+0000] {dag.py:3954} INFO - Setting next_dagrun for neuralretail_drift_monitoring to 2026-05-29 08:00:00+00:00, run_after=2026-05-30 08:00:00+00:00
[2026-05-30T19:48:03.423+0000] {processor.py:183} INFO - Processing /opt/airflow/dags/dag_drift_monitoring.py took 0.137 seconds
[2026-05-30T19:48:33.609+0000] {processor.py:161} INFO - Started process (PID=555) to work on /opt/airflow/dags/dag_drift_monitoring.py
[2026-05-30T19:48:33.611+0000] {processor.py:830} INFO - Processing file /opt/airflow/dags/dag_drift_monitoring.py for tasks to queue
[2026-05-30T19:48:33.614+0000] {logging_mixin.py:188} INFO - [2026-05-30T19:48:33.613+0000] {dagbag.py:540} INFO - Filling up the DagBag from /opt/airflow/dags/dag_drift_monitoring.py
[2026-05-30T19:48:33.656+0000] {processor.py:840} INFO - DAG(s) 'neuralretail_drift_monitoring' retrieved from /opt/airflow/dags/dag_drift_monitoring.py
[2026-05-30T19:48:33.677+0000] {logging_mixin.py:188} INFO - [2026-05-30T19:48:33.677+0000] {dag.py:3096} INFO - Sync 1 DAGs
[2026-05-30T19:48:33.694+0000] {logging_mixin.py:188} INFO - [2026-05-30T19:48:33.694+0000] {dag.py:3954} INFO - Setting next_dagrun for neuralretail_drift_monitoring to 2026-05-29 08:00:00+00:00, run_after=2026-05-30 08:00:00+00:00
[2026-05-30T19:48:33.712+0000] {processor.py:183} INFO - Processing /opt/airflow/dags/dag_drift_monitoring.py took 0.110 seconds
[2026-05-30T19:49:04.356+0000] {processor.py:161} INFO - Started process (PID=575) to work on /opt/airflow/dags/dag_drift_monitoring.py
[2026-05-30T19:49:04.359+0000] {processor.py:830} INFO - Processing file /opt/airflow/dags/dag_drift_monitoring.py for tasks to queue
[2026-05-30T19:49:04.366+0000] {logging_mixin.py:188} INFO - [2026-05-30T19:49:04.365+0000] {dagbag.py:540} INFO - Filling up the DagBag from /opt/airflow/dags/dag_drift_monitoring.py
[2026-05-30T19:49:04.433+0000] {processor.py:840} INFO - DAG(s) 'neuralretail_drift_monitoring' retrieved from /opt/airflow/dags/dag_drift_monitoring.py
[2026-05-30T19:49:04.454+0000] {logging_mixin.py:188} INFO - [2026-05-30T19:49:04.454+0000] {dag.py:3096} INFO - Sync 1 DAGs
[2026-05-30T19:49:04.474+0000] {logging_mixin.py:188} INFO - [2026-05-30T19:49:04.473+0000] {dag.py:3954} INFO - Setting next_dagrun for neuralretail_drift_monitoring to 2026-05-29 08:00:00+00:00, run_after=2026-05-30 08:00:00+00:00
[2026-05-30T19:49:04.498+0000] {processor.py:183} INFO - Processing /opt/airflow/dags/dag_drift_monitoring.py took 0.166 seconds
[2026-05-30T19:49:34.767+0000] {processor.py:161} INFO - Started process (PID=595) to work on /opt/airflow/dags/dag_drift_monitoring.py
[2026-05-30T19:49:34.773+0000] {processor.py:830} INFO - Processing file /opt/airflow/dags/dag_drift_monitoring.py for tasks to queue
[2026-05-30T19:49:34.782+0000] {logging_mixin.py:188} INFO - [2026-05-30T19:49:34.781+0000] {dagbag.py:540} INFO - Filling up the DagBag from /opt/airflow/dags/dag_drift_monitoring.py
[2026-05-30T19:49:34.842+0000] {processor.py:840} INFO - DAG(s) 'neuralretail_drift_monitoring' retrieved from /opt/airflow/dags/dag_drift_monitoring.py
[2026-05-30T19:49:34.871+0000] {logging_mixin.py:188} INFO - [2026-05-30T19:49:34.871+0000] {dag.py:3096} INFO - Sync 1 DAGs
[2026-05-30T19:49:34.899+0000] {logging_mixin.py:188} INFO - [2026-05-30T19:49:34.899+0000] {dag.py:3954} INFO - Setting next_dagrun for neuralretail_drift_monitoring to 2026-05-29 08:00:00+00:00, run_after=2026-05-30 08:00:00+00:00
[2026-05-30T19:49:34.916+0000] {processor.py:183} INFO - Processing /opt/airflow/dags/dag_drift_monitoring.py took 0.170 seconds
[2026-05-30T19:50:05.073+0000] {processor.py:161} INFO - Started process (PID=615) to work on /opt/airflow/dags/dag_drift_monitoring.py
[2026-05-30T19:50:05.074+0000] {processor.py:830} INFO - Processing file /opt/airflow/dags/dag_drift_monitoring.py for tasks to queue
[2026-05-30T19:50:05.077+0000] {logging_mixin.py:188} INFO - [2026-05-30T19:50:05.076+0000] {dagbag.py:540} INFO - Filling up the DagBag from /opt/airflow/dags/dag_drift_monitoring.py
[2026-05-30T19:50:05.114+0000] {processor.py:840} INFO - DAG(s) 'neuralretail_drift_monitoring' retrieved from /opt/airflow/dags/dag_drift_monitoring.py
[2026-05-30T19:50:05.136+0000] {logging_mixin.py:188} INFO - [2026-05-30T19:50:05.136+0000] {dag.py:3096} INFO - Sync 1 DAGs
[2026-05-30T19:50:05.157+0000] {logging_mixin.py:188} INFO - [2026-05-30T19:50:05.156+0000] {dag.py:3954} INFO - Setting next_dagrun for neuralretail_drift_monitoring to 2026-05-29 08:00:00+00:00, run_after=2026-05-30 08:00:00+00:00
[2026-05-30T19:50:05.175+0000] {processor.py:183} INFO - Processing /opt/airflow/dags/dag_drift_monitoring.py took 0.107 seconds
[2026-05-30T19:50:35.414+0000] {processor.py:161} INFO - Started process (PID=635) to work on /opt/airflow/dags/dag_drift_monitoring.py
[2026-05-30T19:50:35.416+0000] {processor.py:830} INFO - Processing file /opt/airflow/dags/dag_drift_monitoring.py for tasks to queue
[2026-05-30T19:50:35.418+0000] {logging_mixin.py:188} INFO - [2026-05-30T19:50:35.418+0000] {dagbag.py:540} INFO - Filling up the DagBag from /opt/airflow/dags/dag_drift_monitoring.py
[2026-05-30T19:50:35.460+0000] {processor.py:840} INFO - DAG(s) 'neuralretail_drift_monitoring' retrieved from /opt/airflow/dags/dag_drift_monitoring.py
[2026-05-30T19:50:35.482+0000] {logging_mixin.py:188} INFO - [2026-05-30T19:50:35.482+0000] {dag.py:3096} INFO - Sync 1 DAGs
[2026-05-30T19:50:35.500+0000] {logging_mixin.py:188} INFO - [2026-05-30T19:50:35.500+0000] {dag.py:3954} INFO - Setting next_dagrun for neuralretail_drift_monitoring to 2026-05-29 08:00:00+00:00, run_after=2026-05-30 08:00:00+00:00
[2026-05-30T19:50:35.518+0000] {processor.py:183} INFO - Processing /opt/airflow/dags/dag_drift_monitoring.py took 0.114 seconds
[2026-05-30T19:51:05.938+0000] {processor.py:161} INFO - Started process (PID=655) to work on /opt/airflow/dags/dag_drift_monitoring.py
[2026-05-30T19:51:05.940+0000] {processor.py:830} INFO - Processing file /opt/airflow/dags/dag_drift_monitoring.py for tasks to queue
[2026-05-30T19:51:05.942+0000] {logging_mixin.py:188} INFO - [2026-05-30T19:51:05.941+0000] {dagbag.py:540} INFO - Filling up the DagBag from /opt/airflow/dags/dag_drift_monitoring.py
[2026-05-30T19:51:05.972+0000] {processor.py:840} INFO - DAG(s) 'neuralretail_drift_monitoring' retrieved from /opt/airflow/dags/dag_drift_monitoring.py
[2026-05-30T19:51:05.993+0000] {logging_mixin.py:188} INFO - [2026-05-30T19:51:05.993+0000] {dag.py:3096} INFO - Sync 1 DAGs
[2026-05-30T19:51:06.011+0000] {logging_mixin.py:188} INFO - [2026-05-30T19:51:06.011+0000] {dag.py:3954} INFO - Setting next_dagrun for neuralretail_drift_monitoring to 2026-05-29 08:00:00+00:00, run_after=2026-05-30 08:00:00+00:00
[2026-05-30T19:51:06.028+0000] {processor.py:183} INFO - Processing /opt/airflow/dags/dag_drift_monitoring.py took 0.099 seconds
[2026-05-30T19:51:36.911+0000] {processor.py:161} INFO - Started process (PID=673) to work on /opt/airflow/dags/dag_drift_monitoring.py
[2026-05-30T19:51:36.913+0000] {processor.py:830} INFO - Processing file /opt/airflow/dags/dag_drift_monitoring.py for tasks to queue
[2026-05-30T19:51:36.916+0000] {logging_mixin.py:188} INFO - [2026-05-30T19:51:36.916+0000] {dagbag.py:540} INFO - Filling up the DagBag from /opt/airflow/dags/dag_drift_monitoring.py
[2026-05-30T19:51:36.961+0000] {processor.py:840} INFO - DAG(s) 'neuralretail_drift_monitoring' retrieved from /opt/airflow/dags/dag_drift_monitoring.py
[2026-05-30T19:51:36.981+0000] {logging_mixin.py:188} INFO - [2026-05-30T19:51:36.981+0000] {dag.py:3096} INFO - Sync 1 DAGs
[2026-05-30T19:51:37.002+0000] {logging_mixin.py:188} INFO - [2026-05-30T19:51:37.001+0000] {dag.py:3954} INFO - Setting next_dagrun for neuralretail_drift_monitoring to 2026-05-29 08:00:00+00:00, run_after=2026-05-30 08:00:00+00:00
[2026-05-30T19:51:37.024+0000] {processor.py:183} INFO - Processing /opt/airflow/dags/dag_drift_monitoring.py took 0.122 seconds
[2026-05-30T19:57:51.629+0000] {processor.py:161} INFO - Started process (PID=175) to work on /opt/airflow/dags/dag_drift_monitoring.py
[2026-05-30T19:57:51.631+0000] {processor.py:830} INFO - Processing file /opt/airflow/dags/dag_drift_monitoring.py for tasks to queue
[2026-05-30T19:57:51.634+0000] {logging_mixin.py:188} INFO - [2026-05-30T19:57:51.634+0000] {dagbag.py:540} INFO - Filling up the DagBag from /opt/airflow/dags/dag_drift_monitoring.py
[2026-05-30T19:57:51.685+0000] {processor.py:840} INFO - DAG(s) 'neuralretail_drift_monitoring' retrieved from /opt/airflow/dags/dag_drift_monitoring.py
[2026-05-30T19:57:51.967+0000] {logging_mixin.py:188} INFO - [2026-05-30T19:57:51.966+0000] {override.py:1829} INFO - Created Permission View: can delete on DAG:neuralretail_drift_monitoring
[2026-05-30T19:57:51.981+0000] {logging_mixin.py:188} INFO - [2026-05-30T19:57:51.981+0000] {override.py:1829} INFO - Created Permission View: can edit on DAG:neuralretail_drift_monitoring
[2026-05-30T19:57:51.990+0000] {logging_mixin.py:188} INFO - [2026-05-30T19:57:51.990+0000] {override.py:1829} INFO - Created Permission View: can read on DAG:neuralretail_drift_monitoring
[2026-05-30T19:57:51.992+0000] {logging_mixin.py:188} INFO - [2026-05-30T19:57:51.991+0000] {dag.py:3096} INFO - Sync 1 DAGs
[2026-05-30T19:57:52.007+0000] {logging_mixin.py:188} INFO - [2026-05-30T19:57:52.006+0000] {dag.py:3118} INFO - Creating ORM DAG for neuralretail_drift_monitoring
[2026-05-30T19:57:52.022+0000] {logging_mixin.py:188} INFO - [2026-05-30T19:57:52.021+0000] {dag.py:3954} INFO - Setting next_dagrun for neuralretail_drift_monitoring to 2026-05-29 08:00:00+00:00, run_after=2026-05-30 08:00:00+00:00
[2026-05-30T19:57:52.051+0000] {processor.py:183} INFO - Processing /opt/airflow/dags/dag_drift_monitoring.py took 0.431 seconds
[2026-05-30T19:58:22.338+0000] {processor.py:161} INFO - Started process (PID=195) to work on /opt/airflow/dags/dag_drift_monitoring.py
[2026-05-30T19:58:22.342+0000] {processor.py:830} INFO - Processing file /opt/airflow/dags/dag_drift_monitoring.py for tasks to queue
[2026-05-30T19:58:22.345+0000] {logging_mixin.py:188} INFO - [2026-05-30T19:58:22.345+0000] {dagbag.py:540} INFO - Filling up the DagBag from /opt/airflow/dags/dag_drift_monitoring.py
[2026-05-30T19:58:22.395+0000] {processor.py:840} INFO - DAG(s) 'neuralretail_drift_monitoring' retrieved from /opt/airflow/dags/dag_drift_monitoring.py
[2026-05-30T19:58:22.419+0000] {logging_mixin.py:188} INFO - [2026-05-30T19:58:22.419+0000] {dag.py:3096} INFO - Sync 1 DAGs
[2026-05-30T19:58:22.437+0000] {logging_mixin.py:188} INFO - [2026-05-30T19:58:22.437+0000] {dag.py:3954} INFO - Setting next_dagrun for neuralretail_drift_monitoring to 2026-05-29 08:00:00+00:00, run_after=2026-05-30 08:00:00+00:00
[2026-05-30T19:58:22.454+0000] {processor.py:183} INFO - Processing /opt/airflow/dags/dag_drift_monitoring.py took 0.134 seconds
[2026-05-30T19:58:53.518+0000] {processor.py:161} INFO - Started process (PID=215) to work on /opt/airflow/dags/dag_drift_monitoring.py
[2026-05-30T19:58:53.521+0000] {processor.py:830} INFO - Processing file /opt/airflow/dags/dag_drift_monitoring.py for tasks to queue
[2026-05-30T19:58:53.528+0000] {logging_mixin.py:188} INFO - [2026-05-30T19:58:53.526+0000] {dagbag.py:540} INFO - Filling up the DagBag from /opt/airflow/dags/dag_drift_monitoring.py
[2026-05-30T19:58:53.615+0000] {processor.py:840} INFO - DAG(s) 'neuralretail_drift_monitoring' retrieved from /opt/airflow/dags/dag_drift_monitoring.py
[2026-05-30T19:58:53.637+0000] {logging_mixin.py:188} INFO - [2026-05-30T19:58:53.637+0000] {dag.py:3096} INFO - Sync 1 DAGs
[2026-05-30T19:58:53.664+0000] {logging_mixin.py:188} INFO - [2026-05-30T19:58:53.663+0000] {dag.py:3954} INFO - Setting next_dagrun for neuralretail_drift_monitoring to 2026-05-29 08:00:00+00:00, run_after=2026-05-30 08:00:00+00:00
[2026-05-30T19:58:53.683+0000] {processor.py:183} INFO - Processing /opt/airflow/dags/dag_drift_monitoring.py took 0.178 seconds
[2026-05-30T19:59:23.814+0000] {processor.py:161} INFO - Started process (PID=235) to work on /opt/airflow/dags/dag_drift_monitoring.py
[2026-05-30T19:59:23.815+0000] {processor.py:830} INFO - Processing file /opt/airflow/dags/dag_drift_monitoring.py for tasks to queue
[2026-05-30T19:59:23.817+0000] {logging_mixin.py:188} INFO - [2026-05-30T19:59:23.817+0000] {dagbag.py:540} INFO - Filling up the DagBag from /opt/airflow/dags/dag_drift_monitoring.py
[2026-05-30T19:59:23.858+0000] {processor.py:840} INFO - DAG(s) 'neuralretail_drift_monitoring' retrieved from /opt/airflow/dags/dag_drift_monitoring.py
[2026-05-30T19:59:23.879+0000] {logging_mixin.py:188} INFO - [2026-05-30T19:59:23.879+0000] {dag.py:3096} INFO - Sync 1 DAGs
[2026-05-30T19:59:23.898+0000] {logging_mixin.py:188} INFO - [2026-05-30T19:59:23.897+0000] {dag.py:3954} INFO - Setting next_dagrun for neuralretail_drift_monitoring to 2026-05-29 08:00:00+00:00, run_after=2026-05-30 08:00:00+00:00
[2026-05-30T19:59:23.916+0000] {processor.py:183} INFO - Processing /opt/airflow/dags/dag_drift_monitoring.py took 0.107 seconds
[2026-05-30T19:59:54.186+0000] {processor.py:161} INFO - Started process (PID=255) to work on /opt/airflow/dags/dag_drift_monitoring.py
[2026-05-30T19:59:54.189+0000] {processor.py:830} INFO - Processing file /opt/airflow/dags/dag_drift_monitoring.py for tasks to queue
[2026-05-30T19:59:54.191+0000] {logging_mixin.py:188} INFO - [2026-05-30T19:59:54.190+0000] {dagbag.py:540} INFO - Filling up the DagBag from /opt/airflow/dags/dag_drift_monitoring.py
[2026-05-30T19:59:54.252+0000] {processor.py:840} INFO - DAG(s) 'neuralretail_drift_monitoring' retrieved from /opt/airflow/dags/dag_drift_monitoring.py
[2026-05-30T19:59:54.283+0000] {logging_mixin.py:188} INFO - [2026-05-30T19:59:54.283+0000] {dag.py:3096} INFO - Sync 1 DAGs
[2026-05-30T19:59:54.305+0000] {logging_mixin.py:188} INFO - [2026-05-30T19:59:54.305+0000] {dag.py:3954} INFO - Setting next_dagrun for neuralretail_drift_monitoring to 2026-05-29 08:00:00+00:00, run_after=2026-05-30 08:00:00+00:00
[2026-05-30T19:59:54.324+0000] {processor.py:183} INFO - Processing /opt/airflow/dags/dag_drift_monitoring.py took 0.149 seconds
[2026-05-30T20:00:24.603+0000] {processor.py:161} INFO - Started process (PID=275) to work on /opt/airflow/dags/dag_drift_monitoring.py
[2026-05-30T20:00:24.604+0000] {processor.py:830} INFO - Processing file /opt/airflow/dags/dag_drift_monitoring.py for tasks to queue
[2026-05-30T20:00:24.608+0000] {logging_mixin.py:188} INFO - [2026-05-30T20:00:24.607+0000] {dagbag.py:540} INFO - Filling up the DagBag from /opt/airflow/dags/dag_drift_monitoring.py
[2026-05-30T20:00:24.658+0000] {processor.py:840} INFO - DAG(s) 'neuralretail_drift_monitoring' retrieved from /opt/airflow/dags/dag_drift_monitoring.py
[2026-05-30T20:00:24.682+0000] {logging_mixin.py:188} INFO - [2026-05-30T20:00:24.681+0000] {dag.py:3096} INFO - Sync 1 DAGs
[2026-05-30T20:00:24.706+0000] {logging_mixin.py:188} INFO - [2026-05-30T20:00:24.706+0000] {dag.py:3954} INFO - Setting next_dagrun for neuralretail_drift_monitoring to 2026-05-29 08:00:00+00:00, run_after=2026-05-30 08:00:00+00:00
[2026-05-30T20:00:24.726+0000] {processor.py:183} INFO - Processing /opt/airflow/dags/dag_drift_monitoring.py took 0.133 seconds
[2026-05-30T20:00:54.929+0000] {processor.py:161} INFO - Started process (PID=295) to work on /opt/airflow/dags/dag_drift_monitoring.py
[2026-05-30T20:00:54.931+0000] {processor.py:830} INFO - Processing file /opt/airflow/dags/dag_drift_monitoring.py for tasks to queue
[2026-05-30T20:00:54.933+0000] {logging_mixin.py:188} INFO - [2026-05-30T20:00:54.933+0000] {dagbag.py:540} INFO - Filling up the DagBag from /opt/airflow/dags/dag_drift_monitoring.py
[2026-05-30T20:00:54.995+0000] {processor.py:840} INFO - DAG(s) 'neuralretail_drift_monitoring' retrieved from /opt/airflow/dags/dag_drift_monitoring.py
[2026-05-30T20:00:55.018+0000] {logging_mixin.py:188} INFO - [2026-05-30T20:00:55.018+0000] {dag.py:3096} INFO - Sync 1 DAGs
[2026-05-30T20:00:55.043+0000] {logging_mixin.py:188} INFO - [2026-05-30T20:00:55.043+0000] {dag.py:3954} INFO - Setting next_dagrun for neuralretail_drift_monitoring to 2026-05-29 08:00:00+00:00, run_after=2026-05-30 08:00:00+00:00
[2026-05-30T20:00:55.074+0000] {processor.py:183} INFO - Processing /opt/airflow/dags/dag_drift_monitoring.py took 0.155 seconds
[2026-05-30T20:01:25.326+0000] {processor.py:161} INFO - Started process (PID=315) to work on /opt/airflow/dags/dag_drift_monitoring.py
[2026-05-30T20:01:25.328+0000] {processor.py:830} INFO - Processing file /opt/airflow/dags/dag_drift_monitoring.py for tasks to queue
[2026-05-30T20:01:25.331+0000] {logging_mixin.py:188} INFO - [2026-05-30T20:01:25.330+0000] {dagbag.py:540} INFO - Filling up the DagBag from /opt/airflow/dags/dag_drift_monitoring.py
[2026-05-30T20:01:25.405+0000] {processor.py:840} INFO - DAG(s) 'neuralretail_drift_monitoring' retrieved from /opt/airflow/dags/dag_drift_monitoring.py
[2026-05-30T20:01:25.426+0000] {logging_mixin.py:188} INFO - [2026-05-30T20:01:25.426+0000] {dag.py:3096} INFO - Sync 1 DAGs
[2026-05-30T20:01:25.445+0000] {logging_mixin.py:188} INFO - [2026-05-30T20:01:25.445+0000] {dag.py:3954} INFO - Setting next_dagrun for neuralretail_drift_monitoring to 2026-05-29 08:00:00+00:00, run_after=2026-05-30 08:00:00+00:00
[2026-05-30T20:01:25.460+0000] {processor.py:183} INFO - Processing /opt/airflow/dags/dag_drift_monitoring.py took 0.143 seconds
[2026-05-30T20:01:55.734+0000] {processor.py:161} INFO - Started process (PID=335) to work on /opt/airflow/dags/dag_drift_monitoring.py
[2026-05-30T20:01:55.736+0000] {processor.py:830} INFO - Processing file /opt/airflow/dags/dag_drift_monitoring.py for tasks to queue
[2026-05-30T20:01:55.738+0000] {logging_mixin.py:188} INFO - [2026-05-30T20:01:55.738+0000] {dagbag.py:540} INFO - Filling up the DagBag from /opt/airflow/dags/dag_drift_monitoring.py
[2026-05-30T20:01:55.782+0000] {processor.py:840} INFO - DAG(s) 'neuralretail_drift_monitoring' retrieved from /opt/airflow/dags/dag_drift_monitoring.py
[2026-05-30T20:01:55.808+0000] {logging_mixin.py:188} INFO - [2026-05-30T20:01:55.808+0000] {dag.py:3096} INFO - Sync 1 DAGs
[2026-05-30T20:01:55.828+0000] {logging_mixin.py:188} INFO - [2026-05-30T20:01:55.828+0000] {dag.py:3954} INFO - Setting next_dagrun for neuralretail_drift_monitoring to 2026-05-29 08:00:00+00:00, run_after=2026-05-30 08:00:00+00:00
[2026-05-30T20:01:55.850+0000] {processor.py:183} INFO - Processing /opt/airflow/dags/dag_drift_monitoring.py took 0.125 seconds
[2026-05-30T20:02:26.771+0000] {processor.py:161} INFO - Started process (PID=355) to work on /opt/airflow/dags/dag_drift_monitoring.py
[2026-05-30T20:02:26.772+0000] {processor.py:830} INFO - Processing file /opt/airflow/dags/dag_drift_monitoring.py for tasks to queue
[2026-05-30T20:02:26.774+0000] {logging_mixin.py:188} INFO - [2026-05-30T20:02:26.774+0000] {dagbag.py:540} INFO - Filling up the DagBag from /opt/airflow/dags/dag_drift_monitoring.py
[2026-05-30T20:02:26.871+0000] {processor.py:840} INFO - DAG(s) 'neuralretail_drift_monitoring' retrieved from /opt/airflow/dags/dag_drift_monitoring.py
[2026-05-30T20:02:26.904+0000] {logging_mixin.py:188} INFO - [2026-05-30T20:02:26.904+0000] {dag.py:3096} INFO - Sync 1 DAGs
[2026-05-30T20:02:26.932+0000] {logging_mixin.py:188} INFO - [2026-05-30T20:02:26.932+0000] {dag.py:3954} INFO - Setting next_dagrun for neuralretail_drift_monitoring to 2026-05-29 08:00:00+00:00, run_after=2026-05-30 08:00:00+00:00
[2026-05-30T20:02:26.952+0000] {processor.py:183} INFO - Processing /opt/airflow/dags/dag_drift_monitoring.py took 0.188 seconds
[2026-05-30T20:02:58.118+0000] {processor.py:161} INFO - Started process (PID=375) to work on /opt/airflow/dags/dag_drift_monitoring.py
[2026-05-30T20:02:58.122+0000] {processor.py:830} INFO - Processing file /opt/airflow/dags/dag_drift_monitoring.py for tasks to queue
[2026-05-30T20:02:58.128+0000] {logging_mixin.py:188} INFO - [2026-05-30T20:02:58.127+0000] {dagbag.py:540} INFO - Filling up the DagBag from /opt/airflow/dags/dag_drift_monitoring.py
[2026-05-30T20:02:58.212+0000] {processor.py:840} INFO - DAG(s) 'neuralretail_drift_monitoring' retrieved from /opt/airflow/dags/dag_drift_monitoring.py
[2026-05-30T20:02:58.243+0000] {logging_mixin.py:188} INFO - [2026-05-30T20:02:58.243+0000] {dag.py:3096} INFO - Sync 1 DAGs
[2026-05-30T20:02:58.272+0000] {logging_mixin.py:188} INFO - [2026-05-30T20:02:58.272+0000] {dag.py:3954} INFO - Setting next_dagrun for neuralretail_drift_monitoring to 2026-05-29 08:00:00+00:00, run_after=2026-05-30 08:00:00+00:00
[2026-05-30T20:02:58.335+0000] {processor.py:183} INFO - Processing /opt/airflow/dags/dag_drift_monitoring.py took 0.225 seconds
[2026-05-30T20:03:28.527+0000] {processor.py:161} INFO - Started process (PID=395) to work on /opt/airflow/dags/dag_drift_monitoring.py
[2026-05-30T20:03:28.529+0000] {processor.py:830} INFO - Processing file /opt/airflow/dags/dag_drift_monitoring.py for tasks to queue
[2026-05-30T20:03:28.533+0000] {logging_mixin.py:188} INFO - [2026-05-30T20:03:28.533+0000] {dagbag.py:540} INFO - Filling up the DagBag from /opt/airflow/dags/dag_drift_monitoring.py
[2026-05-30T20:03:28.600+0000] {processor.py:840} INFO - DAG(s) 'neuralretail_drift_monitoring' retrieved from /opt/airflow/dags/dag_drift_monitoring.py
[2026-05-30T20:03:28.647+0000] {logging_mixin.py:188} INFO - [2026-05-30T20:03:28.646+0000] {dag.py:3096} INFO - Sync 1 DAGs
[2026-05-30T20:03:28.687+0000] {logging_mixin.py:188} INFO - [2026-05-30T20:03:28.686+0000] {dag.py:3954} INFO - Setting next_dagrun for neuralretail_drift_monitoring to 2026-05-29 08:00:00+00:00, run_after=2026-05-30 08:00:00+00:00
[2026-05-30T20:03:28.717+0000] {processor.py:183} INFO - Processing /opt/airflow/dags/dag_drift_monitoring.py took 0.199 seconds
[2026-05-30T20:03:59.222+0000] {processor.py:161} INFO - Started process (PID=415) to work on /opt/airflow/dags/dag_drift_monitoring.py
[2026-05-30T20:03:59.223+0000] {processor.py:830} INFO - Processing file /opt/airflow/dags/dag_drift_monitoring.py for tasks to queue
[2026-05-30T20:03:59.226+0000] {logging_mixin.py:188} INFO - [2026-05-30T20:03:59.226+0000] {dagbag.py:540} INFO - Filling up the DagBag from /opt/airflow/dags/dag_drift_monitoring.py
[2026-05-30T20:03:59.274+0000] {processor.py:840} INFO - DAG(s) 'neuralretail_drift_monitoring' retrieved from /opt/airflow/dags/dag_drift_monitoring.py
[2026-05-30T20:03:59.293+0000] {logging_mixin.py:188} INFO - [2026-05-30T20:03:59.293+0000] {dag.py:3096} INFO - Sync 1 DAGs
[2026-05-30T20:03:59.312+0000] {logging_mixin.py:188} INFO - [2026-05-30T20:03:59.311+0000] {dag.py:3954} INFO - Setting next_dagrun for neuralretail_drift_monitoring to 2026-05-29 08:00:00+00:00, run_after=2026-05-30 08:00:00+00:00
[2026-05-30T20:03:59.333+0000] {processor.py:183} INFO - Processing /opt/airflow/dags/dag_drift_monitoring.py took 0.116 seconds
[2026-05-30T20:04:29.755+0000] {processor.py:161} INFO - Started process (PID=435) to work on /opt/airflow/dags/dag_drift_monitoring.py
[2026-05-30T20:04:29.758+0000] {processor.py:830} INFO - Processing file /opt/airflow/dags/dag_drift_monitoring.py for tasks to queue
[2026-05-30T20:04:29.762+0000] {logging_mixin.py:188} INFO - [2026-05-30T20:04:29.761+0000] {dagbag.py:540} INFO - Filling up the DagBag from /opt/airflow/dags/dag_drift_monitoring.py
[2026-05-30T20:04:29.841+0000] {processor.py:840} INFO - DAG(s) 'neuralretail_drift_monitoring' retrieved from /opt/airflow/dags/dag_drift_monitoring.py
[2026-05-30T20:04:29.883+0000] {logging_mixin.py:188} INFO - [2026-05-30T20:04:29.883+0000] {dag.py:3096} INFO - Sync 1 DAGs
[2026-05-30T20:04:29.930+0000] {logging_mixin.py:188} INFO - [2026-05-30T20:04:29.930+0000] {dag.py:3954} INFO - Setting next_dagrun for neuralretail_drift_monitoring to 2026-05-29 08:00:00+00:00, run_after=2026-05-30 08:00:00+00:00
[2026-05-30T20:04:29.960+0000] {processor.py:183} INFO - Processing /opt/airflow/dags/dag_drift_monitoring.py took 0.216 seconds
[2026-05-30T20:05:00.946+0000] {processor.py:161} INFO - Started process (PID=455) to work on /opt/airflow/dags/dag_drift_monitoring.py
[2026-05-30T20:05:00.947+0000] {processor.py:830} INFO - Processing file /opt/airflow/dags/dag_drift_monitoring.py for tasks to queue
[2026-05-30T20:05:00.949+0000] {logging_mixin.py:188} INFO - [2026-05-30T20:05:00.948+0000] {dagbag.py:540} INFO - Filling up the DagBag from /opt/airflow/dags/dag_drift_monitoring.py
[2026-05-30T20:05:00.995+0000] {processor.py:840} INFO - DAG(s) 'neuralretail_drift_monitoring' retrieved from /opt/airflow/dags/dag_drift_monitoring.py
[2026-05-30T20:05:01.035+0000] {logging_mixin.py:188} INFO - [2026-05-30T20:05:01.035+0000] {dag.py:3096} INFO - Sync 1 DAGs
[2026-05-30T20:05:01.081+0000] {logging_mixin.py:188} INFO - [2026-05-30T20:05:01.081+0000] {dag.py:3954} INFO - Setting next_dagrun for neuralretail_drift_monitoring to 2026-05-29 08:00:00+00:00, run_after=2026-05-30 08:00:00+00:00
[2026-05-30T20:05:01.109+0000] {processor.py:183} INFO - Processing /opt/airflow/dags/dag_drift_monitoring.py took 0.166 seconds
[2026-05-30T20:05:31.307+0000] {processor.py:161} INFO - Started process (PID=475) to work on /opt/airflow/dags/dag_drift_monitoring.py
[2026-05-30T20:05:31.309+0000] {processor.py:830} INFO - Processing file /opt/airflow/dags/dag_drift_monitoring.py for tasks to queue
[2026-05-30T20:05:31.313+0000] {logging_mixin.py:188} INFO - [2026-05-30T20:05:31.313+0000] {dagbag.py:540} INFO - Filling up the DagBag from /opt/airflow/dags/dag_drift_monitoring.py
[2026-05-30T20:05:31.366+0000] {processor.py:840} INFO - DAG(s) 'neuralretail_drift_monitoring' retrieved from /opt/airflow/dags/dag_drift_monitoring.py
[2026-05-30T20:05:31.398+0000] {logging_mixin.py:188} INFO - [2026-05-30T20:05:31.397+0000] {dag.py:3096} INFO - Sync 1 DAGs
[2026-05-30T20:05:31.432+0000] {logging_mixin.py:188} INFO - [2026-05-30T20:05:31.432+0000] {dag.py:3954} INFO - Setting next_dagrun for neuralretail_drift_monitoring to 2026-05-29 08:00:00+00:00, run_after=2026-05-30 08:00:00+00:00
[2026-05-30T20:05:31.460+0000] {processor.py:183} INFO - Processing /opt/airflow/dags/dag_drift_monitoring.py took 0.168 seconds
[2026-05-30T20:06:02.104+0000] {processor.py:161} INFO - Started process (PID=495) to work on /opt/airflow/dags/dag_drift_monitoring.py
[2026-05-30T20:06:02.108+0000] {processor.py:830} INFO - Processing file /opt/airflow/dags/dag_drift_monitoring.py for tasks to queue
[2026-05-30T20:06:02.115+0000] {logging_mixin.py:188} INFO - [2026-05-30T20:06:02.114+0000] {dagbag.py:540} INFO - Filling up the DagBag from /opt/airflow/dags/dag_drift_monitoring.py
[2026-05-30T20:06:02.186+0000] {processor.py:840} INFO - DAG(s) 'neuralretail_drift_monitoring' retrieved from /opt/airflow/dags/dag_drift_monitoring.py
[2026-05-30T20:06:02.228+0000] {logging_mixin.py:188} INFO - [2026-05-30T20:06:02.228+0000] {dag.py:3096} INFO - Sync 1 DAGs
[2026-05-30T20:06:02.273+0000] {logging_mixin.py:188} INFO - [2026-05-30T20:06:02.273+0000] {dag.py:3954} INFO - Setting next_dagrun for neuralretail_drift_monitoring to 2026-05-29 08:00:00+00:00, run_after=2026-05-30 08:00:00+00:00
[2026-05-30T20:06:02.292+0000] {processor.py:183} INFO - Processing /opt/airflow/dags/dag_drift_monitoring.py took 0.206 seconds
[2026-05-30T20:06:32.984+0000] {processor.py:161} INFO - Started process (PID=515) to work on /opt/airflow/dags/dag_drift_monitoring.py
[2026-05-30T20:06:32.988+0000] {processor.py:830} INFO - Processing file /opt/airflow/dags/dag_drift_monitoring.py for tasks to queue
[2026-05-30T20:06:32.993+0000] {logging_mixin.py:188} INFO - [2026-05-30T20:06:32.993+0000] {dagbag.py:540} INFO - Filling up the DagBag from /opt/airflow/dags/dag_drift_monitoring.py
[2026-05-30T20:06:33.054+0000] {processor.py:840} INFO - DAG(s) 'neuralretail_drift_monitoring' retrieved from /opt/airflow/dags/dag_drift_monitoring.py
[2026-05-30T20:06:33.080+0000] {logging_mixin.py:188} INFO - [2026-05-30T20:06:33.080+0000] {dag.py:3096} INFO - Sync 1 DAGs
[2026-05-30T20:06:33.105+0000] {logging_mixin.py:188} INFO - [2026-05-30T20:06:33.105+0000] {dag.py:3954} INFO - Setting next_dagrun for neuralretail_drift_monitoring to 2026-05-29 08:00:00+00:00, run_after=2026-05-30 08:00:00+00:00
[2026-05-30T20:06:33.135+0000] {processor.py:183} INFO - Processing /opt/airflow/dags/dag_drift_monitoring.py took 0.161 seconds
[2026-05-30T20:07:03.382+0000] {processor.py:161} INFO - Started process (PID=537) to work on /opt/airflow/dags/dag_drift_monitoring.py
[2026-05-30T20:07:03.383+0000] {processor.py:830} INFO - Processing file /opt/airflow/dags/dag_drift_monitoring.py for tasks to queue
[2026-05-30T20:07:03.385+0000] {logging_mixin.py:188} INFO - [2026-05-30T20:07:03.385+0000] {dagbag.py:540} INFO - Filling up the DagBag from /opt/airflow/dags/dag_drift_monitoring.py
[2026-05-30T20:07:03.427+0000] {processor.py:840} INFO - DAG(s) 'neuralretail_drift_monitoring' retrieved from /opt/airflow/dags/dag_drift_monitoring.py
[2026-05-30T20:07:03.445+0000] {logging_mixin.py:188} INFO - [2026-05-30T20:07:03.444+0000] {dag.py:3096} INFO - Sync 1 DAGs
[2026-05-30T20:07:03.461+0000] {logging_mixin.py:188} INFO - [2026-05-30T20:07:03.461+0000] {dag.py:3954} INFO - Setting next_dagrun for neuralretail_drift_monitoring to 2026-05-29 08:00:00+00:00, run_after=2026-05-30 08:00:00+00:00
[2026-05-30T20:07:03.478+0000] {processor.py:183} INFO - Processing /opt/airflow/dags/dag_drift_monitoring.py took 0.100 seconds
[2026-05-30T20:07:33.816+0000] {processor.py:161} INFO - Started process (PID=555) to work on /opt/airflow/dags/dag_drift_monitoring.py
[2026-05-30T20:07:33.820+0000] {processor.py:830} INFO - Processing file /opt/airflow/dags/dag_drift_monitoring.py for tasks to queue
[2026-05-30T20:07:33.824+0000] {logging_mixin.py:188} INFO - [2026-05-30T20:07:33.824+0000] {dagbag.py:540} INFO - Filling up the DagBag from /opt/airflow/dags/dag_drift_monitoring.py
[2026-05-30T20:07:33.910+0000] {processor.py:840} INFO - DAG(s) 'neuralretail_drift_monitoring' retrieved from /opt/airflow/dags/dag_drift_monitoring.py
[2026-05-30T20:07:33.959+0000] {logging_mixin.py:188} INFO - [2026-05-30T20:07:33.958+0000] {dag.py:3096} INFO - Sync 1 DAGs
[2026-05-30T20:07:34.037+0000] {logging_mixin.py:188} INFO - [2026-05-30T20:07:34.036+0000] {dag.py:3954} INFO - Setting next_dagrun for neuralretail_drift_monitoring to 2026-05-29 08:00:00+00:00, run_after=2026-05-30 08:00:00+00:00
[2026-05-30T20:07:34.116+0000] {processor.py:183} INFO - Processing /opt/airflow/dags/dag_drift_monitoring.py took 0.321 seconds
[2026-05-30T20:08:04.511+0000] {processor.py:161} INFO - Started process (PID=575) to work on /opt/airflow/dags/dag_drift_monitoring.py
[2026-05-30T20:08:04.512+0000] {processor.py:830} INFO - Processing file /opt/airflow/dags/dag_drift_monitoring.py for tasks to queue
[2026-05-30T20:08:04.515+0000] {logging_mixin.py:188} INFO - [2026-05-30T20:08:04.514+0000] {dagbag.py:540} INFO - Filling up the DagBag from /opt/airflow/dags/dag_drift_monitoring.py
[2026-05-30T20:08:04.566+0000] {processor.py:840} INFO - DAG(s) 'neuralretail_drift_monitoring' retrieved from /opt/airflow/dags/dag_drift_monitoring.py
[2026-05-30T20:08:04.595+0000] {logging_mixin.py:188} INFO - [2026-05-30T20:08:04.594+0000] {dag.py:3096} INFO - Sync 1 DAGs
[2026-05-30T20:08:04.616+0000] {logging_mixin.py:188} INFO - [2026-05-30T20:08:04.615+0000] {dag.py:3954} INFO - Setting next_dagrun for neuralretail_drift_monitoring to 2026-05-29 08:00:00+00:00, run_after=2026-05-30 08:00:00+00:00
[2026-05-30T20:08:04.631+0000] {processor.py:183} INFO - Processing /opt/airflow/dags/dag_drift_monitoring.py took 0.126 seconds
[2026-05-30T20:08:34.979+0000] {processor.py:161} INFO - Started process (PID=595) to work on /opt/airflow/dags/dag_drift_monitoring.py
[2026-05-30T20:08:34.982+0000] {processor.py:830} INFO - Processing file /opt/airflow/dags/dag_drift_monitoring.py for tasks to queue
[2026-05-30T20:08:34.986+0000] {logging_mixin.py:188} INFO - [2026-05-30T20:08:34.985+0000] {dagbag.py:540} INFO - Filling up the DagBag from /opt/airflow/dags/dag_drift_monitoring.py
[2026-05-30T20:08:35.065+0000] {processor.py:840} INFO - DAG(s) 'neuralretail_drift_monitoring' retrieved from /opt/airflow/dags/dag_drift_monitoring.py
[2026-05-30T20:08:35.087+0000] {logging_mixin.py:188} INFO - [2026-05-30T20:08:35.087+0000] {dag.py:3096} INFO - Sync 1 DAGs
[2026-05-30T20:08:35.106+0000] {logging_mixin.py:188} INFO - [2026-05-30T20:08:35.106+0000] {dag.py:3954} INFO - Setting next_dagrun for neuralretail_drift_monitoring to 2026-05-29 08:00:00+00:00, run_after=2026-05-30 08:00:00+00:00
[2026-05-30T20:08:35.130+0000] {processor.py:183} INFO - Processing /opt/airflow/dags/dag_drift_monitoring.py took 0.166 seconds
[2026-05-30T20:09:05.961+0000] {processor.py:161} INFO - Started process (PID=615) to work on /opt/airflow/dags/dag_drift_monitoring.py
[2026-05-30T20:09:05.963+0000] {processor.py:830} INFO - Processing file /opt/airflow/dags/dag_drift_monitoring.py for tasks to queue
[2026-05-30T20:09:05.965+0000] {logging_mixin.py:188} INFO - [2026-05-30T20:09:05.965+0000] {dagbag.py:540} INFO - Filling up the DagBag from /opt/airflow/dags/dag_drift_monitoring.py
[2026-05-30T20:09:06.014+0000] {processor.py:840} INFO - DAG(s) 'neuralretail_drift_monitoring' retrieved from /opt/airflow/dags/dag_drift_monitoring.py
[2026-05-30T20:09:06.040+0000] {logging_mixin.py:188} INFO - [2026-05-30T20:09:06.040+0000] {dag.py:3096} INFO - Sync 1 DAGs
[2026-05-30T20:09:06.069+0000] {logging_mixin.py:188} INFO - [2026-05-30T20:09:06.069+0000] {dag.py:3954} INFO - Setting next_dagrun for neuralretail_drift_monitoring to 2026-05-29 08:00:00+00:00, run_after=2026-05-30 08:00:00+00:00
[2026-05-30T20:09:06.092+0000] {processor.py:183} INFO - Processing /opt/airflow/dags/dag_drift_monitoring.py took 0.138 seconds
[2026-05-30T20:09:36.607+0000] {processor.py:161} INFO - Started process (PID=635) to work on /opt/airflow/dags/dag_drift_monitoring.py
[2026-05-30T20:09:36.610+0000] {processor.py:830} INFO - Processing file /opt/airflow/dags/dag_drift_monitoring.py for tasks to queue
[2026-05-30T20:09:36.626+0000] {logging_mixin.py:188} INFO - [2026-05-30T20:09:36.626+0000] {dagbag.py:540} INFO - Filling up the DagBag from /opt/airflow/dags/dag_drift_monitoring.py
[2026-05-30T20:09:36.685+0000] {processor.py:840} INFO - DAG(s) 'neuralretail_drift_monitoring' retrieved from /opt/airflow/dags/dag_drift_monitoring.py
[2026-05-30T20:09:36.705+0000] {logging_mixin.py:188} INFO - [2026-05-30T20:09:36.704+0000] {dag.py:3096} INFO - Sync 1 DAGs
[2026-05-30T20:09:36.733+0000] {logging_mixin.py:188} INFO - [2026-05-30T20:09:36.733+0000] {dag.py:3954} INFO - Setting next_dagrun for neuralretail_drift_monitoring to 2026-05-29 08:00:00+00:00, run_after=2026-05-30 08:00:00+00:00
[2026-05-30T20:09:36.751+0000] {processor.py:183} INFO - Processing /opt/airflow/dags/dag_drift_monitoring.py took 0.151 seconds
[2026-05-30T20:10:07.776+0000] {processor.py:161} INFO - Started process (PID=655) to work on /opt/airflow/dags/dag_drift_monitoring.py
[2026-05-30T20:10:07.778+0000] {processor.py:830} INFO - Processing file /opt/airflow/dags/dag_drift_monitoring.py for tasks to queue
[2026-05-30T20:10:07.779+0000] {logging_mixin.py:188} INFO - [2026-05-30T20:10:07.779+0000] {dagbag.py:540} INFO - Filling up the DagBag from /opt/airflow/dags/dag_drift_monitoring.py
[2026-05-30T20:10:07.826+0000] {processor.py:840} INFO - DAG(s) 'neuralretail_drift_monitoring' retrieved from /opt/airflow/dags/dag_drift_monitoring.py
[2026-05-30T20:10:07.845+0000] {logging_mixin.py:188} INFO - [2026-05-30T20:10:07.845+0000] {dag.py:3096} INFO - Sync 1 DAGs
[2026-05-30T20:10:07.864+0000] {logging_mixin.py:188} INFO - [2026-05-30T20:10:07.864+0000] {dag.py:3954} INFO - Setting next_dagrun for neuralretail_drift_monitoring to 2026-05-29 08:00:00+00:00, run_after=2026-05-30 08:00:00+00:00
[2026-05-30T20:10:07.878+0000] {processor.py:183} INFO - Processing /opt/airflow/dags/dag_drift_monitoring.py took 0.106 seconds
[2026-05-30T20:10:38.578+0000] {processor.py:161} INFO - Started process (PID=675) to work on /opt/airflow/dags/dag_drift_monitoring.py
[2026-05-30T20:10:38.580+0000] {processor.py:830} INFO - Processing file /opt/airflow/dags/dag_drift_monitoring.py for tasks to queue
[2026-05-30T20:10:38.582+0000] {logging_mixin.py:188} INFO - [2026-05-30T20:10:38.582+0000] {dagbag.py:540} INFO - Filling up the DagBag from /opt/airflow/dags/dag_drift_monitoring.py
[2026-05-30T20:10:38.628+0000] {processor.py:840} INFO - DAG(s) 'neuralretail_drift_monitoring' retrieved from /opt/airflow/dags/dag_drift_monitoring.py
[2026-05-30T20:10:38.646+0000] {logging_mixin.py:188} INFO - [2026-05-30T20:10:38.646+0000] {dag.py:3096} INFO - Sync 1 DAGs
[2026-05-30T20:10:38.683+0000] {logging_mixin.py:188} INFO - [2026-05-30T20:10:38.683+0000] {dag.py:3954} INFO - Setting next_dagrun for neuralretail_drift_monitoring to 2026-05-29 08:00:00+00:00, run_after=2026-05-30 08:00:00+00:00
[2026-05-30T20:10:38.723+0000] {processor.py:183} INFO - Processing /opt/airflow/dags/dag_drift_monitoring.py took 0.152 seconds
[2026-05-30T20:11:09.142+0000] {processor.py:161} INFO - Started process (PID=697) to work on /opt/airflow/dags/dag_drift_monitoring.py
[2026-05-30T20:11:09.144+0000] {processor.py:830} INFO - Processing file /opt/airflow/dags/dag_drift_monitoring.py for tasks to queue
[2026-05-30T20:11:09.147+0000] {logging_mixin.py:188} INFO - [2026-05-30T20:11:09.146+0000] {dagbag.py:540} INFO - Filling up the DagBag from /opt/airflow/dags/dag_drift_monitoring.py
[2026-05-30T20:11:09.270+0000] {processor.py:840} INFO - DAG(s) 'neuralretail_drift_monitoring' retrieved from /opt/airflow/dags/dag_drift_monitoring.py
[2026-05-30T20:11:09.294+0000] {logging_mixin.py:188} INFO - [2026-05-30T20:11:09.294+0000] {dag.py:3096} INFO - Sync 1 DAGs
[2026-05-30T20:11:09.319+0000] {logging_mixin.py:188} INFO - [2026-05-30T20:11:09.319+0000] {dag.py:3954} INFO - Setting next_dagrun for neuralretail_drift_monitoring to 2026-05-29 08:00:00+00:00, run_after=2026-05-30 08:00:00+00:00
[2026-05-30T20:11:09.345+0000] {processor.py:183} INFO - Processing /opt/airflow/dags/dag_drift_monitoring.py took 0.217 seconds
[2026-05-30T20:11:39.699+0000] {processor.py:161} INFO - Started process (PID=717) to work on /opt/airflow/dags/dag_drift_monitoring.py
[2026-05-30T20:11:39.702+0000] {processor.py:830} INFO - Processing file /opt/airflow/dags/dag_drift_monitoring.py for tasks to queue
[2026-05-30T20:11:39.706+0000] {logging_mixin.py:188} INFO - [2026-05-30T20:11:39.706+0000] {dagbag.py:540} INFO - Filling up the DagBag from /opt/airflow/dags/dag_drift_monitoring.py
[2026-05-30T20:11:39.757+0000] {processor.py:840} INFO - DAG(s) 'neuralretail_drift_monitoring' retrieved from /opt/airflow/dags/dag_drift_monitoring.py
[2026-05-30T20:11:39.778+0000] {logging_mixin.py:188} INFO - [2026-05-30T20:11:39.778+0000] {dag.py:3096} INFO - Sync 1 DAGs
[2026-05-30T20:11:39.811+0000] {logging_mixin.py:188} INFO - [2026-05-30T20:11:39.810+0000] {dag.py:3954} INFO - Setting next_dagrun for neuralretail_drift_monitoring to 2026-05-29 08:00:00+00:00, run_after=2026-05-30 08:00:00+00:00
[2026-05-30T20:11:39.831+0000] {processor.py:183} INFO - Processing /opt/airflow/dags/dag_drift_monitoring.py took 0.150 seconds
[2026-05-30T20:12:10.108+0000] {processor.py:161} INFO - Started process (PID=735) to work on /opt/airflow/dags/dag_drift_monitoring.py
[2026-05-30T20:12:10.112+0000] {processor.py:830} INFO - Processing file /opt/airflow/dags/dag_drift_monitoring.py for tasks to queue
[2026-05-30T20:12:10.118+0000] {logging_mixin.py:188} INFO - [2026-05-30T20:12:10.117+0000] {dagbag.py:540} INFO - Filling up the DagBag from /opt/airflow/dags/dag_drift_monitoring.py
[2026-05-30T20:12:10.194+0000] {processor.py:840} INFO - DAG(s) 'neuralretail_drift_monitoring' retrieved from /opt/airflow/dags/dag_drift_monitoring.py
[2026-05-30T20:12:10.216+0000] {logging_mixin.py:188} INFO - [2026-05-30T20:12:10.216+0000] {dag.py:3096} INFO - Sync 1 DAGs
[2026-05-30T20:12:10.236+0000] {logging_mixin.py:188} INFO - [2026-05-30T20:12:10.235+0000] {dag.py:3954} INFO - Setting next_dagrun for neuralretail_drift_monitoring to 2026-05-29 08:00:00+00:00, run_after=2026-05-30 08:00:00+00:00
[2026-05-30T20:12:10.258+0000] {processor.py:183} INFO - Processing /opt/airflow/dags/dag_drift_monitoring.py took 0.168 seconds
[2026-05-30T20:12:40.708+0000] {processor.py:161} INFO - Started process (PID=755) to work on /opt/airflow/dags/dag_drift_monitoring.py
[2026-05-30T20:12:40.711+0000] {processor.py:830} INFO - Processing file /opt/airflow/dags/dag_drift_monitoring.py for tasks to queue
[2026-05-30T20:12:40.717+0000] {logging_mixin.py:188} INFO - [2026-05-30T20:12:40.716+0000] {dagbag.py:540} INFO - Filling up the DagBag from /opt/airflow/dags/dag_drift_monitoring.py
[2026-05-30T20:12:40.813+0000] {processor.py:840} INFO - DAG(s) 'neuralretail_drift_monitoring' retrieved from /opt/airflow/dags/dag_drift_monitoring.py
[2026-05-30T20:12:40.836+0000] {logging_mixin.py:188} INFO - [2026-05-30T20:12:40.836+0000] {dag.py:3096} INFO - Sync 1 DAGs
[2026-05-30T20:12:40.858+0000] {logging_mixin.py:188} INFO - [2026-05-30T20:12:40.858+0000] {dag.py:3954} INFO - Setting next_dagrun for neuralretail_drift_monitoring to 2026-05-29 08:00:00+00:00, run_after=2026-05-30 08:00:00+00:00
[2026-05-30T20:12:40.878+0000] {processor.py:183} INFO - Processing /opt/airflow/dags/dag_drift_monitoring.py took 0.180 seconds
[2026-05-30T20:13:11.280+0000] {processor.py:161} INFO - Started process (PID=775) to work on /opt/airflow/dags/dag_drift_monitoring.py
[2026-05-30T20:13:11.282+0000] {processor.py:830} INFO - Processing file /opt/airflow/dags/dag_drift_monitoring.py for tasks to queue
[2026-05-30T20:13:11.286+0000] {logging_mixin.py:188} INFO - [2026-05-30T20:13:11.286+0000] {dagbag.py:540} INFO - Filling up the DagBag from /opt/airflow/dags/dag_drift_monitoring.py
[2026-05-30T20:13:11.345+0000] {processor.py:840} INFO - DAG(s) 'neuralretail_drift_monitoring' retrieved from /opt/airflow/dags/dag_drift_monitoring.py
[2026-05-30T20:13:11.376+0000] {logging_mixin.py:188} INFO - [2026-05-30T20:13:11.375+0000] {dag.py:3096} INFO - Sync 1 DAGs
[2026-05-30T20:13:11.437+0000] {logging_mixin.py:188} INFO - [2026-05-30T20:13:11.437+0000] {dag.py:3954} INFO - Setting next_dagrun for neuralretail_drift_monitoring to 2026-05-29 08:00:00+00:00, run_after=2026-05-30 08:00:00+00:00
[2026-05-30T20:13:11.491+0000] {processor.py:183} INFO - Processing /opt/airflow/dags/dag_drift_monitoring.py took 0.216 seconds
[2026-05-30T20:13:42.305+0000] {processor.py:161} INFO - Started process (PID=795) to work on /opt/airflow/dags/dag_drift_monitoring.py
[2026-05-30T20:13:42.309+0000] {processor.py:830} INFO - Processing file /opt/airflow/dags/dag_drift_monitoring.py for tasks to queue
[2026-05-30T20:13:42.317+0000] {logging_mixin.py:188} INFO - [2026-05-30T20:13:42.316+0000] {dagbag.py:540} INFO - Filling up the DagBag from /opt/airflow/dags/dag_drift_monitoring.py
[2026-05-30T20:13:42.472+0000] {processor.py:840} INFO - DAG(s) 'neuralretail_drift_monitoring' retrieved from /opt/airflow/dags/dag_drift_monitoring.py
[2026-05-30T20:13:42.522+0000] {logging_mixin.py:188} INFO - [2026-05-30T20:13:42.522+0000] {dag.py:3096} INFO - Sync 1 DAGs
[2026-05-30T20:13:42.578+0000] {logging_mixin.py:188} INFO - [2026-05-30T20:13:42.577+0000] {dag.py:3954} INFO - Setting next_dagrun for neuralretail_drift_monitoring to 2026-05-29 08:00:00+00:00, run_after=2026-05-30 08:00:00+00:00
[2026-05-30T20:13:42.615+0000] {processor.py:183} INFO - Processing /opt/airflow/dags/dag_drift_monitoring.py took 0.323 seconds
[2026-05-30T20:14:12.954+0000] {processor.py:161} INFO - Started process (PID=815) to work on /opt/airflow/dags/dag_drift_monitoring.py
[2026-05-30T20:14:12.957+0000] {processor.py:830} INFO - Processing file /opt/airflow/dags/dag_drift_monitoring.py for tasks to queue
[2026-05-30T20:14:12.959+0000] {logging_mixin.py:188} INFO - [2026-05-30T20:14:12.958+0000] {dagbag.py:540} INFO - Filling up the DagBag from /opt/airflow/dags/dag_drift_monitoring.py
[2026-05-30T20:14:13.007+0000] {processor.py:840} INFO - DAG(s) 'neuralretail_drift_monitoring' retrieved from /opt/airflow/dags/dag_drift_monitoring.py
[2026-05-30T20:14:13.029+0000] {logging_mixin.py:188} INFO - [2026-05-30T20:14:13.029+0000] {dag.py:3096} INFO - Sync 1 DAGs
[2026-05-30T20:14:13.048+0000] {logging_mixin.py:188} INFO - [2026-05-30T20:14:13.048+0000] {dag.py:3954} INFO - Setting next_dagrun for neuralretail_drift_monitoring to 2026-05-29 08:00:00+00:00, run_after=2026-05-30 08:00:00+00:00
[2026-05-30T20:14:13.064+0000] {processor.py:183} INFO - Processing /opt/airflow/dags/dag_drift_monitoring.py took 0.124 seconds
[2026-05-30T20:14:43.248+0000] {processor.py:161} INFO - Started process (PID=835) to work on /opt/airflow/dags/dag_drift_monitoring.py
[2026-05-30T20:14:43.251+0000] {processor.py:830} INFO - Processing file /opt/airflow/dags/dag_drift_monitoring.py for tasks to queue
[2026-05-30T20:14:43.254+0000] {logging_mixin.py:188} INFO - [2026-05-30T20:14:43.253+0000] {dagbag.py:540} INFO - Filling up the DagBag from /opt/airflow/dags/dag_drift_monitoring.py
[2026-05-30T20:14:43.348+0000] {processor.py:840} INFO - DAG(s) 'neuralretail_drift_monitoring' retrieved from /opt/airflow/dags/dag_drift_monitoring.py
[2026-05-30T20:14:43.412+0000] {logging_mixin.py:188} INFO - [2026-05-30T20:14:43.412+0000] {dag.py:3096} INFO - Sync 1 DAGs
[2026-05-30T20:14:43.439+0000] {logging_mixin.py:188} INFO - [2026-05-30T20:14:43.438+0000] {dag.py:3954} INFO - Setting next_dagrun for neuralretail_drift_monitoring to 2026-05-29 08:00:00+00:00, run_after=2026-05-30 08:00:00+00:00
[2026-05-30T20:14:43.463+0000] {processor.py:183} INFO - Processing /opt/airflow/dags/dag_drift_monitoring.py took 0.229 seconds
[2026-05-30T20:15:13.643+0000] {processor.py:161} INFO - Started process (PID=855) to work on /opt/airflow/dags/dag_drift_monitoring.py
[2026-05-30T20:15:13.644+0000] {processor.py:830} INFO - Processing file /opt/airflow/dags/dag_drift_monitoring.py for tasks to queue
[2026-05-30T20:15:13.645+0000] {logging_mixin.py:188} INFO - [2026-05-30T20:15:13.645+0000] {dagbag.py:540} INFO - Filling up the DagBag from /opt/airflow/dags/dag_drift_monitoring.py
[2026-05-30T20:15:13.667+0000] {processor.py:840} INFO - DAG(s) 'neuralretail_drift_monitoring' retrieved from /opt/airflow/dags/dag_drift_monitoring.py
[2026-05-30T20:15:13.687+0000] {logging_mixin.py:188} INFO - [2026-05-30T20:15:13.687+0000] {dag.py:3096} INFO - Sync 1 DAGs
[2026-05-30T20:15:13.705+0000] {logging_mixin.py:188} INFO - [2026-05-30T20:15:13.705+0000] {dag.py:3954} INFO - Setting next_dagrun for neuralretail_drift_monitoring to 2026-05-29 08:00:00+00:00, run_after=2026-05-30 08:00:00+00:00
[2026-05-30T20:15:13.720+0000] {processor.py:183} INFO - Processing /opt/airflow/dags/dag_drift_monitoring.py took 0.081 seconds
[2026-05-30T20:15:43.885+0000] {processor.py:161} INFO - Started process (PID=875) to work on /opt/airflow/dags/dag_drift_monitoring.py
[2026-05-30T20:15:43.886+0000] {processor.py:830} INFO - Processing file /opt/airflow/dags/dag_drift_monitoring.py for tasks to queue
[2026-05-30T20:15:43.891+0000] {logging_mixin.py:188} INFO - [2026-05-30T20:15:43.890+0000] {dagbag.py:540} INFO - Filling up the DagBag from /opt/airflow/dags/dag_drift_monitoring.py
[2026-05-30T20:15:43.934+0000] {processor.py:840} INFO - DAG(s) 'neuralretail_drift_monitoring' retrieved from /opt/airflow/dags/dag_drift_monitoring.py
[2026-05-30T20:15:43.972+0000] {logging_mixin.py:188} INFO - [2026-05-30T20:15:43.971+0000] {dag.py:3096} INFO - Sync 1 DAGs
[2026-05-30T20:15:44.001+0000] {logging_mixin.py:188} INFO - [2026-05-30T20:15:44.001+0000] {dag.py:3954} INFO - Setting next_dagrun for neuralretail_drift_monitoring to 2026-05-29 08:00:00+00:00, run_after=2026-05-30 08:00:00+00:00
[2026-05-30T20:15:44.045+0000] {processor.py:183} INFO - Processing /opt/airflow/dags/dag_drift_monitoring.py took 0.165 seconds
[2026-05-30T20:16:14.994+0000] {processor.py:161} INFO - Started process (PID=895) to work on /opt/airflow/dags/dag_drift_monitoring.py
[2026-05-30T20:16:14.996+0000] {processor.py:830} INFO - Processing file /opt/airflow/dags/dag_drift_monitoring.py for tasks to queue
[2026-05-30T20:16:14.998+0000] {logging_mixin.py:188} INFO - [2026-05-30T20:16:14.998+0000] {dagbag.py:540} INFO - Filling up the DagBag from /opt/airflow/dags/dag_drift_monitoring.py
[2026-05-30T20:16:15.040+0000] {processor.py:840} INFO - DAG(s) 'neuralretail_drift_monitoring' retrieved from /opt/airflow/dags/dag_drift_monitoring.py
[2026-05-30T20:16:15.059+0000] {logging_mixin.py:188} INFO - [2026-05-30T20:16:15.059+0000] {dag.py:3096} INFO - Sync 1 DAGs
[2026-05-30T20:16:15.077+0000] {logging_mixin.py:188} INFO - [2026-05-30T20:16:15.077+0000] {dag.py:3954} INFO - Setting next_dagrun for neuralretail_drift_monitoring to 2026-05-29 08:00:00+00:00, run_after=2026-05-30 08:00:00+00:00
[2026-05-30T20:16:15.092+0000] {processor.py:183} INFO - Processing /opt/airflow/dags/dag_drift_monitoring.py took 0.108 seconds
[2026-05-30T20:16:45.275+0000] {processor.py:161} INFO - Started process (PID=915) to work on /opt/airflow/dags/dag_drift_monitoring.py
[2026-05-30T20:16:45.278+0000] {processor.py:830} INFO - Processing file /opt/airflow/dags/dag_drift_monitoring.py for tasks to queue
[2026-05-30T20:16:45.280+0000] {logging_mixin.py:188} INFO - [2026-05-30T20:16:45.280+0000] {dagbag.py:540} INFO - Filling up the DagBag from /opt/airflow/dags/dag_drift_monitoring.py
[2026-05-30T20:16:45.332+0000] {processor.py:840} INFO - DAG(s) 'neuralretail_drift_monitoring' retrieved from /opt/airflow/dags/dag_drift_monitoring.py
[2026-05-30T20:16:45.355+0000] {logging_mixin.py:188} INFO - [2026-05-30T20:16:45.355+0000] {dag.py:3096} INFO - Sync 1 DAGs
[2026-05-30T20:16:45.375+0000] {logging_mixin.py:188} INFO - [2026-05-30T20:16:45.375+0000] {dag.py:3954} INFO - Setting next_dagrun for neuralretail_drift_monitoring to 2026-05-29 08:00:00+00:00, run_after=2026-05-30 08:00:00+00:00
[2026-05-30T20:16:45.394+0000] {processor.py:183} INFO - Processing /opt/airflow/dags/dag_drift_monitoring.py took 0.127 seconds
[2026-05-30T20:17:15.573+0000] {processor.py:161} INFO - Started process (PID=935) to work on /opt/airflow/dags/dag_drift_monitoring.py
[2026-05-30T20:17:15.573+0000] {processor.py:830} INFO - Processing file /opt/airflow/dags/dag_drift_monitoring.py for tasks to queue
[2026-05-30T20:17:15.575+0000] {logging_mixin.py:188} INFO - [2026-05-30T20:17:15.575+0000] {dagbag.py:540} INFO - Filling up the DagBag from /opt/airflow/dags/dag_drift_monitoring.py
[2026-05-30T20:17:15.600+0000] {processor.py:840} INFO - DAG(s) 'neuralretail_drift_monitoring' retrieved from /opt/airflow/dags/dag_drift_monitoring.py
[2026-05-30T20:17:15.621+0000] {logging_mixin.py:188} INFO - [2026-05-30T20:17:15.621+0000] {dag.py:3096} INFO - Sync 1 DAGs
[2026-05-30T20:17:15.638+0000] {logging_mixin.py:188} INFO - [2026-05-30T20:17:15.637+0000] {dag.py:3954} INFO - Setting next_dagrun for neuralretail_drift_monitoring to 2026-05-29 08:00:00+00:00, run_after=2026-05-30 08:00:00+00:00
[2026-05-30T20:17:15.652+0000] {processor.py:183} INFO - Processing /opt/airflow/dags/dag_drift_monitoring.py took 0.085 seconds
[2026-05-30T20:17:45.804+0000] {processor.py:161} INFO - Started process (PID=955) to work on /opt/airflow/dags/dag_drift_monitoring.py
[2026-05-30T20:17:45.806+0000] {processor.py:830} INFO - Processing file /opt/airflow/dags/dag_drift_monitoring.py for tasks to queue
[2026-05-30T20:17:45.808+0000] {logging_mixin.py:188} INFO - [2026-05-30T20:17:45.808+0000] {dagbag.py:540} INFO - Filling up the DagBag from /opt/airflow/dags/dag_drift_monitoring.py
[2026-05-30T20:17:45.863+0000] {processor.py:840} INFO - DAG(s) 'neuralretail_drift_monitoring' retrieved from /opt/airflow/dags/dag_drift_monitoring.py
[2026-05-30T20:17:45.886+0000] {logging_mixin.py:188} INFO - [2026-05-30T20:17:45.886+0000] {dag.py:3096} INFO - Sync 1 DAGs
[2026-05-30T20:17:46.024+0000] {logging_mixin.py:188} INFO - [2026-05-30T20:17:46.024+0000] {dag.py:3954} INFO - Setting next_dagrun for neuralretail_drift_monitoring to 2026-05-29 08:00:00+00:00, run_after=2026-05-30 08:00:00+00:00
[2026-05-30T20:17:46.039+0000] {processor.py:183} INFO - Processing /opt/airflow/dags/dag_drift_monitoring.py took 0.242 seconds
[2026-05-30T20:18:16.810+0000] {processor.py:161} INFO - Started process (PID=975) to work on /opt/airflow/dags/dag_drift_monitoring.py
[2026-05-30T20:18:16.812+0000] {processor.py:830} INFO - Processing file /opt/airflow/dags/dag_drift_monitoring.py for tasks to queue
[2026-05-30T20:18:16.814+0000] {logging_mixin.py:188} INFO - [2026-05-30T20:18:16.814+0000] {dagbag.py:540} INFO - Filling up the DagBag from /opt/airflow/dags/dag_drift_monitoring.py
[2026-05-30T20:18:16.861+0000] {processor.py:840} INFO - DAG(s) 'neuralretail_drift_monitoring' retrieved from /opt/airflow/dags/dag_drift_monitoring.py
[2026-05-30T20:18:16.880+0000] {logging_mixin.py:188} INFO - [2026-05-30T20:18:16.880+0000] {dag.py:3096} INFO - Sync 1 DAGs
[2026-05-30T20:18:16.898+0000] {logging_mixin.py:188} INFO - [2026-05-30T20:18:16.898+0000] {dag.py:3954} INFO - Setting next_dagrun for neuralretail_drift_monitoring to 2026-05-29 08:00:00+00:00, run_after=2026-05-30 08:00:00+00:00
[2026-05-30T20:18:16.915+0000] {processor.py:183} INFO - Processing /opt/airflow/dags/dag_drift_monitoring.py took 0.111 seconds
[2026-05-30T20:18:47.706+0000] {processor.py:161} INFO - Started process (PID=995) to work on /opt/airflow/dags/dag_drift_monitoring.py
[2026-05-30T20:18:47.707+0000] {processor.py:830} INFO - Processing file /opt/airflow/dags/dag_drift_monitoring.py for tasks to queue
[2026-05-30T20:18:47.712+0000] {logging_mixin.py:188} INFO - [2026-05-30T20:18:47.711+0000] {dagbag.py:540} INFO - Filling up the DagBag from /opt/airflow/dags/dag_drift_monitoring.py
[2026-05-30T20:18:47.784+0000] {processor.py:840} INFO - DAG(s) 'neuralretail_drift_monitoring' retrieved from /opt/airflow/dags/dag_drift_monitoring.py
[2026-05-30T20:18:47.809+0000] {logging_mixin.py:188} INFO - [2026-05-30T20:18:47.809+0000] {dag.py:3096} INFO - Sync 1 DAGs
[2026-05-30T20:18:47.960+0000] {logging_mixin.py:188} INFO - [2026-05-30T20:18:47.960+0000] {dag.py:3954} INFO - Setting next_dagrun for neuralretail_drift_monitoring to 2026-05-29 08:00:00+00:00, run_after=2026-05-30 08:00:00+00:00
[2026-05-30T20:18:47.985+0000] {processor.py:183} INFO - Processing /opt/airflow/dags/dag_drift_monitoring.py took 0.286 seconds
[2026-05-30T20:19:18.174+0000] {processor.py:161} INFO - Started process (PID=1015) to work on /opt/airflow/dags/dag_drift_monitoring.py
[2026-05-30T20:19:18.175+0000] {processor.py:830} INFO - Processing file /opt/airflow/dags/dag_drift_monitoring.py for tasks to queue
[2026-05-30T20:19:18.177+0000] {logging_mixin.py:188} INFO - [2026-05-30T20:19:18.176+0000] {dagbag.py:540} INFO - Filling up the DagBag from /opt/airflow/dags/dag_drift_monitoring.py
[2026-05-30T20:19:18.218+0000] {processor.py:840} INFO - DAG(s) 'neuralretail_drift_monitoring' retrieved from /opt/airflow/dags/dag_drift_monitoring.py
[2026-05-30T20:19:18.241+0000] {logging_mixin.py:188} INFO - [2026-05-30T20:19:18.240+0000] {dag.py:3096} INFO - Sync 1 DAGs
[2026-05-30T20:19:18.258+0000] {logging_mixin.py:188} INFO - [2026-05-30T20:19:18.258+0000] {dag.py:3954} INFO - Setting next_dagrun for neuralretail_drift_monitoring to 2026-05-29 08:00:00+00:00, run_after=2026-05-30 08:00:00+00:00
[2026-05-30T20:19:18.277+0000] {processor.py:183} INFO - Processing /opt/airflow/dags/dag_drift_monitoring.py took 0.108 seconds
[2026-05-30T20:19:49.019+0000] {processor.py:161} INFO - Started process (PID=1035) to work on /opt/airflow/dags/dag_drift_monitoring.py
[2026-05-30T20:19:49.020+0000] {processor.py:830} INFO - Processing file /opt/airflow/dags/dag_drift_monitoring.py for tasks to queue
[2026-05-30T20:19:49.022+0000] {logging_mixin.py:188} INFO - [2026-05-30T20:19:49.022+0000] {dagbag.py:540} INFO - Filling up the DagBag from /opt/airflow/dags/dag_drift_monitoring.py
[2026-05-30T20:19:49.063+0000] {processor.py:840} INFO - DAG(s) 'neuralretail_drift_monitoring' retrieved from /opt/airflow/dags/dag_drift_monitoring.py
[2026-05-30T20:19:49.084+0000] {logging_mixin.py:188} INFO - [2026-05-30T20:19:49.083+0000] {dag.py:3096} INFO - Sync 1 DAGs
[2026-05-30T20:19:49.102+0000] {logging_mixin.py:188} INFO - [2026-05-30T20:19:49.102+0000] {dag.py:3954} INFO - Setting next_dagrun for neuralretail_drift_monitoring to 2026-05-29 08:00:00+00:00, run_after=2026-05-30 08:00:00+00:00
[2026-05-30T20:19:49.124+0000] {processor.py:183} INFO - Processing /opt/airflow/dags/dag_drift_monitoring.py took 0.111 seconds
[2026-05-30T20:20:19.253+0000] {processor.py:161} INFO - Started process (PID=1055) to work on /opt/airflow/dags/dag_drift_monitoring.py
[2026-05-30T20:20:19.256+0000] {processor.py:830} INFO - Processing file /opt/airflow/dags/dag_drift_monitoring.py for tasks to queue
[2026-05-30T20:20:19.260+0000] {logging_mixin.py:188} INFO - [2026-05-30T20:20:19.259+0000] {dagbag.py:540} INFO - Filling up the DagBag from /opt/airflow/dags/dag_drift_monitoring.py
[2026-05-30T20:20:19.319+0000] {processor.py:840} INFO - DAG(s) 'neuralretail_drift_monitoring' retrieved from /opt/airflow/dags/dag_drift_monitoring.py
[2026-05-30T20:20:19.462+0000] {logging_mixin.py:188} INFO - [2026-05-30T20:20:19.462+0000] {dag.py:3096} INFO - Sync 1 DAGs
[2026-05-30T20:20:19.481+0000] {logging_mixin.py:188} INFO - [2026-05-30T20:20:19.481+0000] {dag.py:3954} INFO - Setting next_dagrun for neuralretail_drift_monitoring to 2026-05-29 08:00:00+00:00, run_after=2026-05-30 08:00:00+00:00
[2026-05-30T20:20:19.501+0000] {processor.py:183} INFO - Processing /opt/airflow/dags/dag_drift_monitoring.py took 0.267 seconds
[2026-05-30T20:20:49.942+0000] {processor.py:161} INFO - Started process (PID=1075) to work on /opt/airflow/dags/dag_drift_monitoring.py
[2026-05-30T20:20:49.944+0000] {processor.py:830} INFO - Processing file /opt/airflow/dags/dag_drift_monitoring.py for tasks to queue
[2026-05-30T20:20:49.946+0000] {logging_mixin.py:188} INFO - [2026-05-30T20:20:49.945+0000] {dagbag.py:540} INFO - Filling up the DagBag from /opt/airflow/dags/dag_drift_monitoring.py
[2026-05-30T20:20:49.987+0000] {processor.py:840} INFO - DAG(s) 'neuralretail_drift_monitoring' retrieved from /opt/airflow/dags/dag_drift_monitoring.py
[2026-05-30T20:20:50.014+0000] {logging_mixin.py:188} INFO - [2026-05-30T20:20:50.013+0000] {dag.py:3096} INFO - Sync 1 DAGs
[2026-05-30T20:20:50.035+0000] {logging_mixin.py:188} INFO - [2026-05-30T20:20:50.035+0000] {dag.py:3954} INFO - Setting next_dagrun for neuralretail_drift_monitoring to 2026-05-29 08:00:00+00:00, run_after=2026-05-30 08:00:00+00:00
[2026-05-30T20:20:50.055+0000] {processor.py:183} INFO - Processing /opt/airflow/dags/dag_drift_monitoring.py took 0.117 seconds
[2026-05-30T20:21:21.257+0000] {processor.py:161} INFO - Started process (PID=1095) to work on /opt/airflow/dags/dag_drift_monitoring.py
[2026-05-30T20:21:21.260+0000] {processor.py:830} INFO - Processing file /opt/airflow/dags/dag_drift_monitoring.py for tasks to queue
[2026-05-30T20:21:21.264+0000] {logging_mixin.py:188} INFO - [2026-05-30T20:21:21.263+0000] {dagbag.py:540} INFO - Filling up the DagBag from /opt/airflow/dags/dag_drift_monitoring.py
[2026-05-30T20:21:21.339+0000] {processor.py:840} INFO - DAG(s) 'neuralretail_drift_monitoring' retrieved from /opt/airflow/dags/dag_drift_monitoring.py
[2026-05-30T20:21:21.373+0000] {logging_mixin.py:188} INFO - [2026-05-30T20:21:21.373+0000] {dag.py:3096} INFO - Sync 1 DAGs
[2026-05-30T20:21:21.397+0000] {logging_mixin.py:188} INFO - [2026-05-30T20:21:21.397+0000] {dag.py:3954} INFO - Setting next_dagrun for neuralretail_drift_monitoring to 2026-05-29 08:00:00+00:00, run_after=2026-05-30 08:00:00+00:00
[2026-05-30T20:21:21.422+0000] {processor.py:183} INFO - Processing /opt/airflow/dags/dag_drift_monitoring.py took 0.184 seconds
[2026-05-30T20:21:52.122+0000] {processor.py:161} INFO - Started process (PID=1115) to work on /opt/airflow/dags/dag_drift_monitoring.py
[2026-05-30T20:21:52.124+0000] {processor.py:830} INFO - Processing file /opt/airflow/dags/dag_drift_monitoring.py for tasks to queue
[2026-05-30T20:21:52.126+0000] {logging_mixin.py:188} INFO - [2026-05-30T20:21:52.126+0000] {dagbag.py:540} INFO - Filling up the DagBag from /opt/airflow/dags/dag_drift_monitoring.py
[2026-05-30T20:21:52.197+0000] {processor.py:840} INFO - DAG(s) 'neuralretail_drift_monitoring' retrieved from /opt/airflow/dags/dag_drift_monitoring.py
[2026-05-30T20:21:52.225+0000] {logging_mixin.py:188} INFO - [2026-05-30T20:21:52.225+0000] {dag.py:3096} INFO - Sync 1 DAGs
[2026-05-30T20:21:52.245+0000] {logging_mixin.py:188} INFO - [2026-05-30T20:21:52.245+0000] {dag.py:3954} INFO - Setting next_dagrun for neuralretail_drift_monitoring to 2026-05-29 08:00:00+00:00, run_after=2026-05-30 08:00:00+00:00
[2026-05-30T20:21:52.262+0000] {processor.py:183} INFO - Processing /opt/airflow/dags/dag_drift_monitoring.py took 0.147 seconds
[2026-05-30T20:22:23.206+0000] {processor.py:161} INFO - Started process (PID=1135) to work on /opt/airflow/dags/dag_drift_monitoring.py
[2026-05-30T20:22:23.208+0000] {processor.py:830} INFO - Processing file /opt/airflow/dags/dag_drift_monitoring.py for tasks to queue
[2026-05-30T20:22:23.212+0000] {logging_mixin.py:188} INFO - [2026-05-30T20:22:23.211+0000] {dagbag.py:540} INFO - Filling up the DagBag from /opt/airflow/dags/dag_drift_monitoring.py
[2026-05-30T20:22:23.324+0000] {processor.py:840} INFO - DAG(s) 'neuralretail_drift_monitoring' retrieved from /opt/airflow/dags/dag_drift_monitoring.py
[2026-05-30T20:22:23.357+0000] {logging_mixin.py:188} INFO - [2026-05-30T20:22:23.357+0000] {dag.py:3096} INFO - Sync 1 DAGs
[2026-05-30T20:22:23.376+0000] {logging_mixin.py:188} INFO - [2026-05-30T20:22:23.376+0000] {dag.py:3954} INFO - Setting next_dagrun for neuralretail_drift_monitoring to 2026-05-29 08:00:00+00:00, run_after=2026-05-30 08:00:00+00:00
[2026-05-30T20:22:23.397+0000] {processor.py:183} INFO - Processing /opt/airflow/dags/dag_drift_monitoring.py took 0.211 seconds
[2026-05-30T20:22:54.451+0000] {processor.py:161} INFO - Started process (PID=1155) to work on /opt/airflow/dags/dag_drift_monitoring.py
[2026-05-30T20:22:54.453+0000] {processor.py:830} INFO - Processing file /opt/airflow/dags/dag_drift_monitoring.py for tasks to queue
[2026-05-30T20:22:54.457+0000] {logging_mixin.py:188} INFO - [2026-05-30T20:22:54.457+0000] {dagbag.py:540} INFO - Filling up the DagBag from /opt/airflow/dags/dag_drift_monitoring.py
[2026-05-30T20:22:54.545+0000] {processor.py:840} INFO - DAG(s) 'neuralretail_drift_monitoring' retrieved from /opt/airflow/dags/dag_drift_monitoring.py
[2026-05-30T20:22:54.588+0000] {logging_mixin.py:188} INFO - [2026-05-30T20:22:54.588+0000] {dag.py:3096} INFO - Sync 1 DAGs
[2026-05-30T20:22:54.645+0000] {logging_mixin.py:188} INFO - [2026-05-30T20:22:54.644+0000] {dag.py:3954} INFO - Setting next_dagrun for neuralretail_drift_monitoring to 2026-05-29 08:00:00+00:00, run_after=2026-05-30 08:00:00+00:00
[2026-05-30T20:22:54.683+0000] {processor.py:183} INFO - Processing /opt/airflow/dags/dag_drift_monitoring.py took 0.242 seconds
[2026-05-30T20:23:25.672+0000] {processor.py:161} INFO - Started process (PID=1175) to work on /opt/airflow/dags/dag_drift_monitoring.py
[2026-05-30T20:23:25.673+0000] {processor.py:830} INFO - Processing file /opt/airflow/dags/dag_drift_monitoring.py for tasks to queue
[2026-05-30T20:23:25.675+0000] {logging_mixin.py:188} INFO - [2026-05-30T20:23:25.675+0000] {dagbag.py:540} INFO - Filling up the DagBag from /opt/airflow/dags/dag_drift_monitoring.py
[2026-05-30T20:23:25.735+0000] {processor.py:840} INFO - DAG(s) 'neuralretail_drift_monitoring' retrieved from /opt/airflow/dags/dag_drift_monitoring.py
[2026-05-30T20:23:25.759+0000] {logging_mixin.py:188} INFO - [2026-05-30T20:23:25.759+0000] {dag.py:3096} INFO - Sync 1 DAGs
[2026-05-30T20:23:25.782+0000] {logging_mixin.py:188} INFO - [2026-05-30T20:23:25.782+0000] {dag.py:3954} INFO - Setting next_dagrun for neuralretail_drift_monitoring to 2026-05-29 08:00:00+00:00, run_after=2026-05-30 08:00:00+00:00
[2026-05-30T20:23:25.800+0000] {processor.py:183} INFO - Processing /opt/airflow/dags/dag_drift_monitoring.py took 0.133 seconds
[2026-05-30T20:23:56.078+0000] {processor.py:161} INFO - Started process (PID=1195) to work on /opt/airflow/dags/dag_drift_monitoring.py
[2026-05-30T20:23:56.080+0000] {processor.py:830} INFO - Processing file /opt/airflow/dags/dag_drift_monitoring.py for tasks to queue
[2026-05-30T20:23:56.082+0000] {logging_mixin.py:188} INFO - [2026-05-30T20:23:56.082+0000] {dagbag.py:540} INFO - Filling up the DagBag from /opt/airflow/dags/dag_drift_monitoring.py
[2026-05-30T20:23:56.123+0000] {processor.py:840} INFO - DAG(s) 'neuralretail_drift_monitoring' retrieved from /opt/airflow/dags/dag_drift_monitoring.py
[2026-05-30T20:23:56.143+0000] {logging_mixin.py:188} INFO - [2026-05-30T20:23:56.143+0000] {dag.py:3096} INFO - Sync 1 DAGs
[2026-05-30T20:23:56.161+0000] {logging_mixin.py:188} INFO - [2026-05-30T20:23:56.161+0000] {dag.py:3954} INFO - Setting next_dagrun for neuralretail_drift_monitoring to 2026-05-29 08:00:00+00:00, run_after=2026-05-30 08:00:00+00:00
[2026-05-30T20:23:56.177+0000] {processor.py:183} INFO - Processing /opt/airflow/dags/dag_drift_monitoring.py took 0.107 seconds
[2026-05-30T20:24:26.388+0000] {processor.py:161} INFO - Started process (PID=1215) to work on /opt/airflow/dags/dag_drift_monitoring.py
[2026-05-30T20:24:26.389+0000] {processor.py:830} INFO - Processing file /opt/airflow/dags/dag_drift_monitoring.py for tasks to queue
[2026-05-30T20:24:26.390+0000] {logging_mixin.py:188} INFO - [2026-05-30T20:24:26.390+0000] {dagbag.py:540} INFO - Filling up the DagBag from /opt/airflow/dags/dag_drift_monitoring.py
[2026-05-30T20:24:26.411+0000] {processor.py:840} INFO - DAG(s) 'neuralretail_drift_monitoring' retrieved from /opt/airflow/dags/dag_drift_monitoring.py
[2026-05-30T20:24:26.429+0000] {logging_mixin.py:188} INFO - [2026-05-30T20:24:26.429+0000] {dag.py:3096} INFO - Sync 1 DAGs
[2026-05-30T20:24:26.446+0000] {logging_mixin.py:188} INFO - [2026-05-30T20:24:26.446+0000] {dag.py:3954} INFO - Setting next_dagrun for neuralretail_drift_monitoring to 2026-05-29 08:00:00+00:00, run_after=2026-05-30 08:00:00+00:00
[2026-05-30T20:24:26.461+0000] {processor.py:183} INFO - Processing /opt/airflow/dags/dag_drift_monitoring.py took 0.078 seconds
[2026-05-30T20:24:56.626+0000] {processor.py:161} INFO - Started process (PID=1235) to work on /opt/airflow/dags/dag_drift_monitoring.py
[2026-05-30T20:24:56.627+0000] {processor.py:830} INFO - Processing file /opt/airflow/dags/dag_drift_monitoring.py for tasks to queue
[2026-05-30T20:24:56.630+0000] {logging_mixin.py:188} INFO - [2026-05-30T20:24:56.629+0000] {dagbag.py:540} INFO - Filling up the DagBag from /opt/airflow/dags/dag_drift_monitoring.py
[2026-05-30T20:24:56.684+0000] {processor.py:840} INFO - DAG(s) 'neuralretail_drift_monitoring' retrieved from /opt/airflow/dags/dag_drift_monitoring.py
[2026-05-30T20:24:56.705+0000] {logging_mixin.py:188} INFO - [2026-05-30T20:24:56.705+0000] {dag.py:3096} INFO - Sync 1 DAGs
[2026-05-30T20:24:56.722+0000] {logging_mixin.py:188} INFO - [2026-05-30T20:24:56.722+0000] {dag.py:3954} INFO - Setting next_dagrun for neuralretail_drift_monitoring to 2026-05-29 08:00:00+00:00, run_after=2026-05-30 08:00:00+00:00
[2026-05-30T20:24:56.738+0000] {processor.py:183} INFO - Processing /opt/airflow/dags/dag_drift_monitoring.py took 0.119 seconds
[2026-05-30T20:25:27.369+0000] {processor.py:161} INFO - Started process (PID=1255) to work on /opt/airflow/dags/dag_drift_monitoring.py
[2026-05-30T20:25:27.370+0000] {processor.py:830} INFO - Processing file /opt/airflow/dags/dag_drift_monitoring.py for tasks to queue
[2026-05-30T20:25:27.373+0000] {logging_mixin.py:188} INFO - [2026-05-30T20:25:27.372+0000] {dagbag.py:540} INFO - Filling up the DagBag from /opt/airflow/dags/dag_drift_monitoring.py
[2026-05-30T20:25:27.420+0000] {processor.py:840} INFO - DAG(s) 'neuralretail_drift_monitoring' retrieved from /opt/airflow/dags/dag_drift_monitoring.py
[2026-05-30T20:25:27.442+0000] {logging_mixin.py:188} INFO - [2026-05-30T20:25:27.442+0000] {dag.py:3096} INFO - Sync 1 DAGs
[2026-05-30T20:25:27.460+0000] {logging_mixin.py:188} INFO - [2026-05-30T20:25:27.460+0000] {dag.py:3954} INFO - Setting next_dagrun for neuralretail_drift_monitoring to 2026-05-29 08:00:00+00:00, run_after=2026-05-30 08:00:00+00:00
[2026-05-30T20:25:27.480+0000] {processor.py:183} INFO - Processing /opt/airflow/dags/dag_drift_monitoring.py took 0.118 seconds
[2026-05-30T20:25:58.031+0000] {processor.py:161} INFO - Started process (PID=1275) to work on /opt/airflow/dags/dag_drift_monitoring.py
[2026-05-30T20:25:58.032+0000] {processor.py:830} INFO - Processing file /opt/airflow/dags/dag_drift_monitoring.py for tasks to queue
[2026-05-30T20:25:58.034+0000] {logging_mixin.py:188} INFO - [2026-05-30T20:25:58.034+0000] {dagbag.py:540} INFO - Filling up the DagBag from /opt/airflow/dags/dag_drift_monitoring.py
[2026-05-30T20:25:58.102+0000] {processor.py:840} INFO - DAG(s) 'neuralretail_drift_monitoring' retrieved from /opt/airflow/dags/dag_drift_monitoring.py
[2026-05-30T20:25:58.132+0000] {logging_mixin.py:188} INFO - [2026-05-30T20:25:58.132+0000] {dag.py:3096} INFO - Sync 1 DAGs
[2026-05-30T20:25:58.153+0000] {logging_mixin.py:188} INFO - [2026-05-30T20:25:58.153+0000] {dag.py:3954} INFO - Setting next_dagrun for neuralretail_drift_monitoring to 2026-05-29 08:00:00+00:00, run_after=2026-05-30 08:00:00+00:00
[2026-05-30T20:25:58.174+0000] {processor.py:183} INFO - Processing /opt/airflow/dags/dag_drift_monitoring.py took 0.149 seconds
[2026-05-30T20:26:29.104+0000] {processor.py:161} INFO - Started process (PID=1295) to work on /opt/airflow/dags/dag_drift_monitoring.py
[2026-05-30T20:26:29.105+0000] {processor.py:830} INFO - Processing file /opt/airflow/dags/dag_drift_monitoring.py for tasks to queue
[2026-05-30T20:26:29.108+0000] {logging_mixin.py:188} INFO - [2026-05-30T20:26:29.108+0000] {dagbag.py:540} INFO - Filling up the DagBag from /opt/airflow/dags/dag_drift_monitoring.py
[2026-05-30T20:26:29.185+0000] {processor.py:840} INFO - DAG(s) 'neuralretail_drift_monitoring' retrieved from /opt/airflow/dags/dag_drift_monitoring.py
[2026-05-30T20:26:29.221+0000] {logging_mixin.py:188} INFO - [2026-05-30T20:26:29.221+0000] {dag.py:3096} INFO - Sync 1 DAGs
[2026-05-30T20:26:29.243+0000] {logging_mixin.py:188} INFO - [2026-05-30T20:26:29.242+0000] {dag.py:3954} INFO - Setting next_dagrun for neuralretail_drift_monitoring to 2026-05-29 08:00:00+00:00, run_after=2026-05-30 08:00:00+00:00
[2026-05-30T20:26:29.264+0000] {processor.py:183} INFO - Processing /opt/airflow/dags/dag_drift_monitoring.py took 0.167 seconds
[2026-05-30T20:27:00.694+0000] {processor.py:161} INFO - Started process (PID=1315) to work on /opt/airflow/dags/dag_drift_monitoring.py
[2026-05-30T20:27:00.698+0000] {processor.py:830} INFO - Processing file /opt/airflow/dags/dag_drift_monitoring.py for tasks to queue
[2026-05-30T20:27:00.705+0000] {logging_mixin.py:188} INFO - [2026-05-30T20:27:00.704+0000] {dagbag.py:540} INFO - Filling up the DagBag from /opt/airflow/dags/dag_drift_monitoring.py
[2026-05-30T20:27:00.792+0000] {processor.py:840} INFO - DAG(s) 'neuralretail_drift_monitoring' retrieved from /opt/airflow/dags/dag_drift_monitoring.py
[2026-05-30T20:27:00.851+0000] {logging_mixin.py:188} INFO - [2026-05-30T20:27:00.851+0000] {dag.py:3096} INFO - Sync 1 DAGs
[2026-05-30T20:27:00.905+0000] {logging_mixin.py:188} INFO - [2026-05-30T20:27:00.905+0000] {dag.py:3954} INFO - Setting next_dagrun for neuralretail_drift_monitoring to 2026-05-29 08:00:00+00:00, run_after=2026-05-30 08:00:00+00:00
[2026-05-30T20:27:00.948+0000] {processor.py:183} INFO - Processing /opt/airflow/dags/dag_drift_monitoring.py took 0.268 seconds
[2026-05-30T20:27:31.283+0000] {processor.py:161} INFO - Started process (PID=1337) to work on /opt/airflow/dags/dag_drift_monitoring.py
[2026-05-30T20:27:31.284+0000] {processor.py:830} INFO - Processing file /opt/airflow/dags/dag_drift_monitoring.py for tasks to queue
[2026-05-30T20:27:31.286+0000] {logging_mixin.py:188} INFO - [2026-05-30T20:27:31.286+0000] {dagbag.py:540} INFO - Filling up the DagBag from /opt/airflow/dags/dag_drift_monitoring.py
[2026-05-30T20:27:31.327+0000] {processor.py:840} INFO - DAG(s) 'neuralretail_drift_monitoring' retrieved from /opt/airflow/dags/dag_drift_monitoring.py
[2026-05-30T20:27:31.353+0000] {logging_mixin.py:188} INFO - [2026-05-30T20:27:31.353+0000] {dag.py:3096} INFO - Sync 1 DAGs
[2026-05-30T20:27:31.373+0000] {logging_mixin.py:188} INFO - [2026-05-30T20:27:31.373+0000] {dag.py:3954} INFO - Setting next_dagrun for neuralretail_drift_monitoring to 2026-05-29 08:00:00+00:00, run_after=2026-05-30 08:00:00+00:00
[2026-05-30T20:27:31.399+0000] {processor.py:183} INFO - Processing /opt/airflow/dags/dag_drift_monitoring.py took 0.121 seconds
[2026-05-30T20:28:01.698+0000] {processor.py:161} INFO - Started process (PID=1355) to work on /opt/airflow/dags/dag_drift_monitoring.py
[2026-05-30T20:28:01.700+0000] {processor.py:830} INFO - Processing file /opt/airflow/dags/dag_drift_monitoring.py for tasks to queue
[2026-05-30T20:28:01.703+0000] {logging_mixin.py:188} INFO - [2026-05-30T20:28:01.702+0000] {dagbag.py:540} INFO - Filling up the DagBag from /opt/airflow/dags/dag_drift_monitoring.py
[2026-05-30T20:28:01.755+0000] {processor.py:840} INFO - DAG(s) 'neuralretail_drift_monitoring' retrieved from /opt/airflow/dags/dag_drift_monitoring.py
[2026-05-30T20:28:01.784+0000] {logging_mixin.py:188} INFO - [2026-05-30T20:28:01.784+0000] {dag.py:3096} INFO - Sync 1 DAGs
[2026-05-30T20:28:01.810+0000] {logging_mixin.py:188} INFO - [2026-05-30T20:28:01.810+0000] {dag.py:3954} INFO - Setting next_dagrun for neuralretail_drift_monitoring to 2026-05-29 08:00:00+00:00, run_after=2026-05-30 08:00:00+00:00
[2026-05-30T20:28:01.849+0000] {processor.py:183} INFO - Processing /opt/airflow/dags/dag_drift_monitoring.py took 0.158 seconds
[2026-05-30T20:28:32.460+0000] {processor.py:161} INFO - Started process (PID=1375) to work on /opt/airflow/dags/dag_drift_monitoring.py
[2026-05-30T20:28:32.464+0000] {processor.py:830} INFO - Processing file /opt/airflow/dags/dag_drift_monitoring.py for tasks to queue
[2026-05-30T20:28:32.471+0000] {logging_mixin.py:188} INFO - [2026-05-30T20:28:32.470+0000] {dagbag.py:540} INFO - Filling up the DagBag from /opt/airflow/dags/dag_drift_monitoring.py
[2026-05-30T20:28:32.555+0000] {processor.py:840} INFO - DAG(s) 'neuralretail_drift_monitoring' retrieved from /opt/airflow/dags/dag_drift_monitoring.py
[2026-05-30T20:28:32.597+0000] {logging_mixin.py:188} INFO - [2026-05-30T20:28:32.596+0000] {dag.py:3096} INFO - Sync 1 DAGs
[2026-05-30T20:28:32.626+0000] {logging_mixin.py:188} INFO - [2026-05-30T20:28:32.625+0000] {dag.py:3954} INFO - Setting next_dagrun for neuralretail_drift_monitoring to 2026-05-29 08:00:00+00:00, run_after=2026-05-30 08:00:00+00:00
[2026-05-30T20:28:32.670+0000] {processor.py:183} INFO - Processing /opt/airflow/dags/dag_drift_monitoring.py took 0.232 seconds
[2026-05-30T20:29:03.663+0000] {processor.py:161} INFO - Started process (PID=1395) to work on /opt/airflow/dags/dag_drift_monitoring.py
[2026-05-30T20:29:03.664+0000] {processor.py:830} INFO - Processing file /opt/airflow/dags/dag_drift_monitoring.py for tasks to queue
[2026-05-30T20:29:03.666+0000] {logging_mixin.py:188} INFO - [2026-05-30T20:29:03.666+0000] {dagbag.py:540} INFO - Filling up the DagBag from /opt/airflow/dags/dag_drift_monitoring.py
[2026-05-30T20:29:03.717+0000] {processor.py:840} INFO - DAG(s) 'neuralretail_drift_monitoring' retrieved from /opt/airflow/dags/dag_drift_monitoring.py
[2026-05-30T20:29:03.746+0000] {logging_mixin.py:188} INFO - [2026-05-30T20:29:03.745+0000] {dag.py:3096} INFO - Sync 1 DAGs
[2026-05-30T20:29:03.768+0000] {logging_mixin.py:188} INFO - [2026-05-30T20:29:03.768+0000] {dag.py:3954} INFO - Setting next_dagrun for neuralretail_drift_monitoring to 2026-05-29 08:00:00+00:00, run_after=2026-05-30 08:00:00+00:00
[2026-05-30T20:29:03.800+0000] {processor.py:183} INFO - Processing /opt/airflow/dags/dag_drift_monitoring.py took 0.143 seconds
[2026-05-30T20:29:34.230+0000] {processor.py:161} INFO - Started process (PID=1415) to work on /opt/airflow/dags/dag_drift_monitoring.py
[2026-05-30T20:29:34.233+0000] {processor.py:830} INFO - Processing file /opt/airflow/dags/dag_drift_monitoring.py for tasks to queue
[2026-05-30T20:29:34.239+0000] {logging_mixin.py:188} INFO - [2026-05-30T20:29:34.238+0000] {dagbag.py:540} INFO - Filling up the DagBag from /opt/airflow/dags/dag_drift_monitoring.py
[2026-05-30T20:29:34.327+0000] {processor.py:840} INFO - DAG(s) 'neuralretail_drift_monitoring' retrieved from /opt/airflow/dags/dag_drift_monitoring.py
[2026-05-30T20:29:34.392+0000] {logging_mixin.py:188} INFO - [2026-05-30T20:29:34.391+0000] {dag.py:3096} INFO - Sync 1 DAGs
[2026-05-30T20:29:34.458+0000] {logging_mixin.py:188} INFO - [2026-05-30T20:29:34.457+0000] {dag.py:3954} INFO - Setting next_dagrun for neuralretail_drift_monitoring to 2026-05-29 08:00:00+00:00, run_after=2026-05-30 08:00:00+00:00
[2026-05-30T20:29:34.527+0000] {processor.py:183} INFO - Processing /opt/airflow/dags/dag_drift_monitoring.py took 0.309 seconds
[2026-05-30T20:30:04.885+0000] {processor.py:161} INFO - Started process (PID=1437) to work on /opt/airflow/dags/dag_drift_monitoring.py
[2026-05-30T20:30:04.887+0000] {processor.py:830} INFO - Processing file /opt/airflow/dags/dag_drift_monitoring.py for tasks to queue
[2026-05-30T20:30:04.888+0000] {logging_mixin.py:188} INFO - [2026-05-30T20:30:04.888+0000] {dagbag.py:540} INFO - Filling up the DagBag from /opt/airflow/dags/dag_drift_monitoring.py
[2026-05-30T20:30:04.949+0000] {processor.py:840} INFO - DAG(s) 'neuralretail_drift_monitoring' retrieved from /opt/airflow/dags/dag_drift_monitoring.py
[2026-05-30T20:30:04.976+0000] {logging_mixin.py:188} INFO - [2026-05-30T20:30:04.976+0000] {dag.py:3096} INFO - Sync 1 DAGs
[2026-05-30T20:30:05.000+0000] {logging_mixin.py:188} INFO - [2026-05-30T20:30:05.000+0000] {dag.py:3954} INFO - Setting next_dagrun for neuralretail_drift_monitoring to 2026-05-29 08:00:00+00:00, run_after=2026-05-30 08:00:00+00:00
[2026-05-30T20:30:05.031+0000] {processor.py:183} INFO - Processing /opt/airflow/dags/dag_drift_monitoring.py took 0.154 seconds
[2026-05-30T20:30:35.390+0000] {processor.py:161} INFO - Started process (PID=1455) to work on /opt/airflow/dags/dag_drift_monitoring.py
[2026-05-30T20:30:35.391+0000] {processor.py:830} INFO - Processing file /opt/airflow/dags/dag_drift_monitoring.py for tasks to queue
[2026-05-30T20:30:35.394+0000] {logging_mixin.py:188} INFO - [2026-05-30T20:30:35.393+0000] {dagbag.py:540} INFO - Filling up the DagBag from /opt/airflow/dags/dag_drift_monitoring.py
[2026-05-30T20:30:35.468+0000] {processor.py:840} INFO - DAG(s) 'neuralretail_drift_monitoring' retrieved from /opt/airflow/dags/dag_drift_monitoring.py
[2026-05-30T20:30:35.503+0000] {logging_mixin.py:188} INFO - [2026-05-30T20:30:35.503+0000] {dag.py:3096} INFO - Sync 1 DAGs
[2026-05-30T20:30:35.527+0000] {logging_mixin.py:188} INFO - [2026-05-30T20:30:35.526+0000] {dag.py:3954} INFO - Setting next_dagrun for neuralretail_drift_monitoring to 2026-05-29 08:00:00+00:00, run_after=2026-05-30 08:00:00+00:00
[2026-05-30T20:30:35.556+0000] {processor.py:183} INFO - Processing /opt/airflow/dags/dag_drift_monitoring.py took 0.171 seconds
[2026-05-30T20:31:05.734+0000] {processor.py:161} INFO - Started process (PID=1475) to work on /opt/airflow/dags/dag_drift_monitoring.py
[2026-05-30T20:31:05.736+0000] {processor.py:830} INFO - Processing file /opt/airflow/dags/dag_drift_monitoring.py for tasks to queue
[2026-05-30T20:31:05.738+0000] {logging_mixin.py:188} INFO - [2026-05-30T20:31:05.738+0000] {dagbag.py:540} INFO - Filling up the DagBag from /opt/airflow/dags/dag_drift_monitoring.py
[2026-05-30T20:31:05.776+0000] {processor.py:840} INFO - DAG(s) 'neuralretail_drift_monitoring' retrieved from /opt/airflow/dags/dag_drift_monitoring.py
[2026-05-30T20:31:05.799+0000] {logging_mixin.py:188} INFO - [2026-05-30T20:31:05.799+0000] {dag.py:3096} INFO - Sync 1 DAGs
[2026-05-30T20:31:05.817+0000] {logging_mixin.py:188} INFO - [2026-05-30T20:31:05.817+0000] {dag.py:3954} INFO - Setting next_dagrun for neuralretail_drift_monitoring to 2026-05-29 08:00:00+00:00, run_after=2026-05-30 08:00:00+00:00
[2026-05-30T20:31:05.836+0000] {processor.py:183} INFO - Processing /opt/airflow/dags/dag_drift_monitoring.py took 0.108 seconds
[2026-05-30T20:31:36.916+0000] {processor.py:161} INFO - Started process (PID=1495) to work on /opt/airflow/dags/dag_drift_monitoring.py
[2026-05-30T20:31:36.918+0000] {processor.py:830} INFO - Processing file /opt/airflow/dags/dag_drift_monitoring.py for tasks to queue
[2026-05-30T20:31:36.921+0000] {logging_mixin.py:188} INFO - [2026-05-30T20:31:36.920+0000] {dagbag.py:540} INFO - Filling up the DagBag from /opt/airflow/dags/dag_drift_monitoring.py
[2026-05-30T20:31:36.983+0000] {processor.py:840} INFO - DAG(s) 'neuralretail_drift_monitoring' retrieved from /opt/airflow/dags/dag_drift_monitoring.py
[2026-05-30T20:31:37.008+0000] {logging_mixin.py:188} INFO - [2026-05-30T20:31:37.008+0000] {dag.py:3096} INFO - Sync 1 DAGs
[2026-05-30T20:31:37.025+0000] {logging_mixin.py:188} INFO - [2026-05-30T20:31:37.025+0000] {dag.py:3954} INFO - Setting next_dagrun for neuralretail_drift_monitoring to 2026-05-29 08:00:00+00:00, run_after=2026-05-30 08:00:00+00:00
[2026-05-30T20:31:37.046+0000] {processor.py:183} INFO - Processing /opt/airflow/dags/dag_drift_monitoring.py took 0.142 seconds
[2026-05-30T20:32:07.954+0000] {processor.py:161} INFO - Started process (PID=1515) to work on /opt/airflow/dags/dag_drift_monitoring.py
[2026-05-30T20:32:07.957+0000] {processor.py:830} INFO - Processing file /opt/airflow/dags/dag_drift_monitoring.py for tasks to queue
[2026-05-30T20:32:07.960+0000] {logging_mixin.py:188} INFO - [2026-05-30T20:32:07.960+0000] {dagbag.py:540} INFO - Filling up the DagBag from /opt/airflow/dags/dag_drift_monitoring.py
[2026-05-30T20:32:08.048+0000] {processor.py:840} INFO - DAG(s) 'neuralretail_drift_monitoring' retrieved from /opt/airflow/dags/dag_drift_monitoring.py
[2026-05-30T20:32:08.094+0000] {logging_mixin.py:188} INFO - [2026-05-30T20:32:08.094+0000] {dag.py:3096} INFO - Sync 1 DAGs
[2026-05-30T20:32:08.115+0000] {logging_mixin.py:188} INFO - [2026-05-30T20:32:08.114+0000] {dag.py:3954} INFO - Setting next_dagrun for neuralretail_drift_monitoring to 2026-05-29 08:00:00+00:00, run_after=2026-05-30 08:00:00+00:00
[2026-05-30T20:32:08.132+0000] {processor.py:183} INFO - Processing /opt/airflow/dags/dag_drift_monitoring.py took 0.195 seconds
[2026-05-30T20:32:38.374+0000] {processor.py:161} INFO - Started process (PID=1535) to work on /opt/airflow/dags/dag_drift_monitoring.py
[2026-05-30T20:32:38.375+0000] {processor.py:830} INFO - Processing file /opt/airflow/dags/dag_drift_monitoring.py for tasks to queue
[2026-05-30T20:32:38.376+0000] {logging_mixin.py:188} INFO - [2026-05-30T20:32:38.376+0000] {dagbag.py:540} INFO - Filling up the DagBag from /opt/airflow/dags/dag_drift_monitoring.py
[2026-05-30T20:32:38.400+0000] {processor.py:840} INFO - DAG(s) 'neuralretail_drift_monitoring' retrieved from /opt/airflow/dags/dag_drift_monitoring.py
[2026-05-30T20:32:38.421+0000] {logging_mixin.py:188} INFO - [2026-05-30T20:32:38.420+0000] {dag.py:3096} INFO - Sync 1 DAGs
[2026-05-30T20:32:38.439+0000] {logging_mixin.py:188} INFO - [2026-05-30T20:32:38.439+0000] {dag.py:3954} INFO - Setting next_dagrun for neuralretail_drift_monitoring to 2026-05-29 08:00:00+00:00, run_after=2026-05-30 08:00:00+00:00
[2026-05-30T20:32:38.456+0000] {processor.py:183} INFO - Processing /opt/airflow/dags/dag_drift_monitoring.py took 0.088 seconds
[2026-05-30T20:33:09.445+0000] {processor.py:161} INFO - Started process (PID=1555) to work on /opt/airflow/dags/dag_drift_monitoring.py
[2026-05-30T20:33:09.446+0000] {processor.py:830} INFO - Processing file /opt/airflow/dags/dag_drift_monitoring.py for tasks to queue
[2026-05-30T20:33:09.447+0000] {logging_mixin.py:188} INFO - [2026-05-30T20:33:09.447+0000] {dagbag.py:540} INFO - Filling up the DagBag from /opt/airflow/dags/dag_drift_monitoring.py
[2026-05-30T20:33:09.488+0000] {processor.py:840} INFO - DAG(s) 'neuralretail_drift_monitoring' retrieved from /opt/airflow/dags/dag_drift_monitoring.py
[2026-05-30T20:33:09.508+0000] {logging_mixin.py:188} INFO - [2026-05-30T20:33:09.508+0000] {dag.py:3096} INFO - Sync 1 DAGs
[2026-05-30T20:33:09.525+0000] {logging_mixin.py:188} INFO - [2026-05-30T20:33:09.525+0000] {dag.py:3954} INFO - Setting next_dagrun for neuralretail_drift_monitoring to 2026-05-29 08:00:00+00:00, run_after=2026-05-30 08:00:00+00:00
[2026-05-30T20:33:09.549+0000] {processor.py:183} INFO - Processing /opt/airflow/dags/dag_drift_monitoring.py took 0.110 seconds
[2026-05-30T20:33:40.284+0000] {processor.py:161} INFO - Started process (PID=1575) to work on /opt/airflow/dags/dag_drift_monitoring.py
[2026-05-30T20:33:40.286+0000] {processor.py:830} INFO - Processing file /opt/airflow/dags/dag_drift_monitoring.py for tasks to queue
[2026-05-30T20:33:40.288+0000] {logging_mixin.py:188} INFO - [2026-05-30T20:33:40.288+0000] {dagbag.py:540} INFO - Filling up the DagBag from /opt/airflow/dags/dag_drift_monitoring.py
[2026-05-30T20:33:40.347+0000] {processor.py:840} INFO - DAG(s) 'neuralretail_drift_monitoring' retrieved from /opt/airflow/dags/dag_drift_monitoring.py
[2026-05-30T20:33:40.381+0000] {logging_mixin.py:188} INFO - [2026-05-30T20:33:40.380+0000] {dag.py:3096} INFO - Sync 1 DAGs
[2026-05-30T20:33:40.428+0000] {logging_mixin.py:188} INFO - [2026-05-30T20:33:40.427+0000] {dag.py:3954} INFO - Setting next_dagrun for neuralretail_drift_monitoring to 2026-05-29 08:00:00+00:00, run_after=2026-05-30 08:00:00+00:00
[2026-05-30T20:33:40.544+0000] {processor.py:183} INFO - Processing /opt/airflow/dags/dag_drift_monitoring.py took 0.269 seconds
[2026-05-30T20:34:10.692+0000] {processor.py:161} INFO - Started process (PID=1595) to work on /opt/airflow/dags/dag_drift_monitoring.py
[2026-05-30T20:34:10.696+0000] {processor.py:830} INFO - Processing file /opt/airflow/dags/dag_drift_monitoring.py for tasks to queue
[2026-05-30T20:34:10.704+0000] {logging_mixin.py:188} INFO - [2026-05-30T20:34:10.703+0000] {dagbag.py:540} INFO - Filling up the DagBag from /opt/airflow/dags/dag_drift_monitoring.py
[2026-05-30T20:34:10.776+0000] {processor.py:840} INFO - DAG(s) 'neuralretail_drift_monitoring' retrieved from /opt/airflow/dags/dag_drift_monitoring.py
[2026-05-30T20:34:10.802+0000] {logging_mixin.py:188} INFO - [2026-05-30T20:34:10.802+0000] {dag.py:3096} INFO - Sync 1 DAGs
[2026-05-30T20:34:10.824+0000] {logging_mixin.py:188} INFO - [2026-05-30T20:34:10.824+0000] {dag.py:3954} INFO - Setting next_dagrun for neuralretail_drift_monitoring to 2026-05-29 08:00:00+00:00, run_after=2026-05-30 08:00:00+00:00
[2026-05-30T20:34:10.854+0000] {processor.py:183} INFO - Processing /opt/airflow/dags/dag_drift_monitoring.py took 0.179 seconds
[2026-05-30T20:34:41.634+0000] {processor.py:161} INFO - Started process (PID=1615) to work on /opt/airflow/dags/dag_drift_monitoring.py
[2026-05-30T20:34:41.635+0000] {processor.py:830} INFO - Processing file /opt/airflow/dags/dag_drift_monitoring.py for tasks to queue
[2026-05-30T20:34:41.638+0000] {logging_mixin.py:188} INFO - [2026-05-30T20:34:41.637+0000] {dagbag.py:540} INFO - Filling up the DagBag from /opt/airflow/dags/dag_drift_monitoring.py
[2026-05-30T20:34:41.682+0000] {processor.py:840} INFO - DAG(s) 'neuralretail_drift_monitoring' retrieved from /opt/airflow/dags/dag_drift_monitoring.py
[2026-05-30T20:34:41.701+0000] {logging_mixin.py:188} INFO - [2026-05-30T20:34:41.701+0000] {dag.py:3096} INFO - Sync 1 DAGs
[2026-05-30T20:34:41.719+0000] {logging_mixin.py:188} INFO - [2026-05-30T20:34:41.719+0000] {dag.py:3954} INFO - Setting next_dagrun for neuralretail_drift_monitoring to 2026-05-29 08:00:00+00:00, run_after=2026-05-30 08:00:00+00:00
[2026-05-30T20:34:41.735+0000] {processor.py:183} INFO - Processing /opt/airflow/dags/dag_drift_monitoring.py took 0.107 seconds
[2026-05-30T20:35:11.935+0000] {processor.py:161} INFO - Started process (PID=1635) to work on /opt/airflow/dags/dag_drift_monitoring.py
[2026-05-30T20:35:11.937+0000] {processor.py:830} INFO - Processing file /opt/airflow/dags/dag_drift_monitoring.py for tasks to queue
[2026-05-30T20:35:11.939+0000] {logging_mixin.py:188} INFO - [2026-05-30T20:35:11.939+0000] {dagbag.py:540} INFO - Filling up the DagBag from /opt/airflow/dags/dag_drift_monitoring.py
[2026-05-30T20:35:12.033+0000] {processor.py:840} INFO - DAG(s) 'neuralretail_drift_monitoring' retrieved from /opt/airflow/dags/dag_drift_monitoring.py
[2026-05-30T20:35:12.062+0000] {logging_mixin.py:188} INFO - [2026-05-30T20:35:12.061+0000] {dag.py:3096} INFO - Sync 1 DAGs
[2026-05-30T20:35:12.089+0000] {logging_mixin.py:188} INFO - [2026-05-30T20:35:12.089+0000] {dag.py:3954} INFO - Setting next_dagrun for neuralretail_drift_monitoring to 2026-05-29 08:00:00+00:00, run_after=2026-05-30 08:00:00+00:00
[2026-05-30T20:35:12.109+0000] {processor.py:183} INFO - Processing /opt/airflow/dags/dag_drift_monitoring.py took 0.183 seconds
[2026-05-30T20:35:42.396+0000] {processor.py:161} INFO - Started process (PID=1655) to work on /opt/airflow/dags/dag_drift_monitoring.py
[2026-05-30T20:35:42.399+0000] {processor.py:830} INFO - Processing file /opt/airflow/dags/dag_drift_monitoring.py for tasks to queue
[2026-05-30T20:35:42.407+0000] {logging_mixin.py:188} INFO - [2026-05-30T20:35:42.406+0000] {dagbag.py:540} INFO - Filling up the DagBag from /opt/airflow/dags/dag_drift_monitoring.py
[2026-05-30T20:35:42.522+0000] {processor.py:840} INFO - DAG(s) 'neuralretail_drift_monitoring' retrieved from /opt/airflow/dags/dag_drift_monitoring.py
[2026-05-30T20:35:42.593+0000] {logging_mixin.py:188} INFO - [2026-05-30T20:35:42.593+0000] {dag.py:3096} INFO - Sync 1 DAGs
[2026-05-30T20:35:42.650+0000] {logging_mixin.py:188} INFO - [2026-05-30T20:35:42.649+0000] {dag.py:3954} INFO - Setting next_dagrun for neuralretail_drift_monitoring to 2026-05-29 08:00:00+00:00, run_after=2026-05-30 08:00:00+00:00
[2026-05-30T20:35:42.702+0000] {processor.py:183} INFO - Processing /opt/airflow/dags/dag_drift_monitoring.py took 0.314 seconds
[2026-05-30T20:36:13.040+0000] {processor.py:161} INFO - Started process (PID=1675) to work on /opt/airflow/dags/dag_drift_monitoring.py
[2026-05-30T20:36:13.044+0000] {processor.py:830} INFO - Processing file /opt/airflow/dags/dag_drift_monitoring.py for tasks to queue
[2026-05-30T20:36:13.050+0000] {logging_mixin.py:188} INFO - [2026-05-30T20:36:13.049+0000] {dagbag.py:540} INFO - Filling up the DagBag from /opt/airflow/dags/dag_drift_monitoring.py
[2026-05-30T20:36:13.151+0000] {processor.py:840} INFO - DAG(s) 'neuralretail_drift_monitoring' retrieved from /opt/airflow/dags/dag_drift_monitoring.py
[2026-05-30T20:36:13.205+0000] {logging_mixin.py:188} INFO - [2026-05-30T20:36:13.205+0000] {dag.py:3096} INFO - Sync 1 DAGs
[2026-05-30T20:36:13.264+0000] {logging_mixin.py:188} INFO - [2026-05-30T20:36:13.264+0000] {dag.py:3954} INFO - Setting next_dagrun for neuralretail_drift_monitoring to 2026-05-29 08:00:00+00:00, run_after=2026-05-30 08:00:00+00:00
[2026-05-30T20:36:13.299+0000] {processor.py:183} INFO - Processing /opt/airflow/dags/dag_drift_monitoring.py took 0.271 seconds
[2026-05-30T20:36:43.681+0000] {processor.py:161} INFO - Started process (PID=1695) to work on /opt/airflow/dags/dag_drift_monitoring.py
[2026-05-30T20:36:43.684+0000] {processor.py:830} INFO - Processing file /opt/airflow/dags/dag_drift_monitoring.py for tasks to queue
[2026-05-30T20:36:43.692+0000] {logging_mixin.py:188} INFO - [2026-05-30T20:36:43.691+0000] {dagbag.py:540} INFO - Filling up the DagBag from /opt/airflow/dags/dag_drift_monitoring.py
[2026-05-30T20:36:43.772+0000] {processor.py:840} INFO - DAG(s) 'neuralretail_drift_monitoring' retrieved from /opt/airflow/dags/dag_drift_monitoring.py
[2026-05-30T20:36:43.807+0000] {logging_mixin.py:188} INFO - [2026-05-30T20:36:43.806+0000] {dag.py:3096} INFO - Sync 1 DAGs
[2026-05-30T20:36:43.828+0000] {logging_mixin.py:188} INFO - [2026-05-30T20:36:43.828+0000] {dag.py:3954} INFO - Setting next_dagrun for neuralretail_drift_monitoring to 2026-05-29 08:00:00+00:00, run_after=2026-05-30 08:00:00+00:00
[2026-05-30T20:36:43.849+0000] {processor.py:183} INFO - Processing /opt/airflow/dags/dag_drift_monitoring.py took 0.187 seconds
[2026-05-30T20:37:14.866+0000] {processor.py:161} INFO - Started process (PID=1715) to work on /opt/airflow/dags/dag_drift_monitoring.py
[2026-05-30T20:37:14.867+0000] {processor.py:830} INFO - Processing file /opt/airflow/dags/dag_drift_monitoring.py for tasks to queue
[2026-05-30T20:37:14.869+0000] {logging_mixin.py:188} INFO - [2026-05-30T20:37:14.869+0000] {dagbag.py:540} INFO - Filling up the DagBag from /opt/airflow/dags/dag_drift_monitoring.py
[2026-05-30T20:37:14.938+0000] {processor.py:840} INFO - DAG(s) 'neuralretail_drift_monitoring' retrieved from /opt/airflow/dags/dag_drift_monitoring.py
[2026-05-30T20:37:14.960+0000] {logging_mixin.py:188} INFO - [2026-05-30T20:37:14.960+0000] {dag.py:3096} INFO - Sync 1 DAGs
[2026-05-30T20:37:14.977+0000] {logging_mixin.py:188} INFO - [2026-05-30T20:37:14.977+0000] {dag.py:3954} INFO - Setting next_dagrun for neuralretail_drift_monitoring to 2026-05-29 08:00:00+00:00, run_after=2026-05-30 08:00:00+00:00
[2026-05-30T20:37:14.996+0000] {processor.py:183} INFO - Processing /opt/airflow/dags/dag_drift_monitoring.py took 0.137 seconds
[2026-05-30T20:37:45.144+0000] {processor.py:161} INFO - Started process (PID=1735) to work on /opt/airflow/dags/dag_drift_monitoring.py
[2026-05-30T20:37:45.146+0000] {processor.py:830} INFO - Processing file /opt/airflow/dags/dag_drift_monitoring.py for tasks to queue
[2026-05-30T20:37:45.148+0000] {logging_mixin.py:188} INFO - [2026-05-30T20:37:45.148+0000] {dagbag.py:540} INFO - Filling up the DagBag from /opt/airflow/dags/dag_drift_monitoring.py
[2026-05-30T20:37:45.215+0000] {processor.py:840} INFO - DAG(s) 'neuralretail_drift_monitoring' retrieved from /opt/airflow/dags/dag_drift_monitoring.py
[2026-05-30T20:37:45.267+0000] {logging_mixin.py:188} INFO - [2026-05-30T20:37:45.267+0000] {dag.py:3096} INFO - Sync 1 DAGs
[2026-05-30T20:37:45.330+0000] {logging_mixin.py:188} INFO - [2026-05-30T20:37:45.330+0000] {dag.py:3954} INFO - Setting next_dagrun for neuralretail_drift_monitoring to 2026-05-29 08:00:00+00:00, run_after=2026-05-30 08:00:00+00:00
[2026-05-30T20:37:45.359+0000] {processor.py:183} INFO - Processing /opt/airflow/dags/dag_drift_monitoring.py took 0.227 seconds
