[2026-05-30T19:38:55.036+0000] {processor.py:161} INFO - Started process (PID=185) to work on /opt/airflow/dags/dag_bronze_ingestion.py
[2026-05-30T19:38:55.038+0000] {processor.py:830} INFO - Processing file /opt/airflow/dags/dag_bronze_ingestion.py for tasks to queue
[2026-05-30T19:38:55.040+0000] {logging_mixin.py:188} INFO - [2026-05-30T19:38:55.040+0000] {dagbag.py:540} INFO - Filling up the DagBag from /opt/airflow/dags/dag_bronze_ingestion.py
[2026-05-30T19:38:55.088+0000] {processor.py:840} INFO - DAG(s) 'neuralretail_bronze_ingestion' retrieved from /opt/airflow/dags/dag_bronze_ingestion.py
[2026-05-30T19:38:55.229+0000] {logging_mixin.py:188} INFO - [2026-05-30T19:38:55.229+0000] {override.py:1829} INFO - Created Permission View: can read on DAG:neuralretail_bronze_ingestion
[2026-05-30T19:38:55.244+0000] {logging_mixin.py:188} INFO - [2026-05-30T19:38:55.244+0000] {override.py:1829} INFO - Created Permission View: can edit on DAG:neuralretail_bronze_ingestion
[2026-05-30T19:38:55.262+0000] {logging_mixin.py:188} INFO - [2026-05-30T19:38:55.262+0000] {override.py:1829} INFO - Created Permission View: can delete on DAG:neuralretail_bronze_ingestion
[2026-05-30T19:38:55.277+0000] {logging_mixin.py:188} INFO - [2026-05-30T19:38:55.277+0000] {dag.py:3096} INFO - Sync 1 DAGs
[2026-05-30T19:38:55.312+0000] {logging_mixin.py:188} INFO - [2026-05-30T19:38:55.312+0000] {dag.py:3118} INFO - Creating ORM DAG for neuralretail_bronze_ingestion
[2026-05-30T19:38:55.343+0000] {logging_mixin.py:188} INFO - [2026-05-30T19:38:55.343+0000] {dag.py:3954} INFO - Setting next_dagrun for neuralretail_bronze_ingestion to 2026-05-29 02:00:00+00:00, run_after=2026-05-30 02:00:00+00:00
[2026-05-30T19:38:55.440+0000] {processor.py:183} INFO - Processing /opt/airflow/dags/dag_bronze_ingestion.py took 0.411 seconds
[2026-05-30T19:39:25.571+0000] {processor.py:161} INFO - Started process (PID=207) to work on /opt/airflow/dags/dag_bronze_ingestion.py
[2026-05-30T19:39:25.573+0000] {processor.py:830} INFO - Processing file /opt/airflow/dags/dag_bronze_ingestion.py for tasks to queue
[2026-05-30T19:39:25.575+0000] {logging_mixin.py:188} INFO - [2026-05-30T19:39:25.574+0000] {dagbag.py:540} INFO - Filling up the DagBag from /opt/airflow/dags/dag_bronze_ingestion.py
[2026-05-30T19:39:25.617+0000] {processor.py:840} INFO - DAG(s) 'neuralretail_bronze_ingestion' retrieved from /opt/airflow/dags/dag_bronze_ingestion.py
[2026-05-30T19:39:25.704+0000] {logging_mixin.py:188} INFO - [2026-05-30T19:39:25.704+0000] {dag.py:3096} INFO - Sync 1 DAGs
[2026-05-30T19:39:25.718+0000] {logging_mixin.py:188} INFO - [2026-05-30T19:39:25.718+0000] {dag.py:3954} INFO - Setting next_dagrun for neuralretail_bronze_ingestion to 2026-05-29 02:00:00+00:00, run_after=2026-05-30 02:00:00+00:00
[2026-05-30T19:39:25.741+0000] {processor.py:183} INFO - Processing /opt/airflow/dags/dag_bronze_ingestion.py took 0.174 seconds
[2026-05-30T19:39:56.353+0000] {processor.py:161} INFO - Started process (PID=227) to work on /opt/airflow/dags/dag_bronze_ingestion.py
[2026-05-30T19:39:56.355+0000] {processor.py:830} INFO - Processing file /opt/airflow/dags/dag_bronze_ingestion.py for tasks to queue
[2026-05-30T19:39:56.357+0000] {logging_mixin.py:188} INFO - [2026-05-30T19:39:56.357+0000] {dagbag.py:540} INFO - Filling up the DagBag from /opt/airflow/dags/dag_bronze_ingestion.py
[2026-05-30T19:39:56.410+0000] {processor.py:840} INFO - DAG(s) 'neuralretail_bronze_ingestion' retrieved from /opt/airflow/dags/dag_bronze_ingestion.py
[2026-05-30T19:39:56.429+0000] {logging_mixin.py:188} INFO - [2026-05-30T19:39:56.429+0000] {dag.py:3096} INFO - Sync 1 DAGs
[2026-05-30T19:39:56.448+0000] {logging_mixin.py:188} INFO - [2026-05-30T19:39:56.448+0000] {dag.py:3954} INFO - Setting next_dagrun for neuralretail_bronze_ingestion to 2026-05-29 02:00:00+00:00, run_after=2026-05-30 02:00:00+00:00
[2026-05-30T19:39:56.469+0000] {processor.py:183} INFO - Processing /opt/airflow/dags/dag_bronze_ingestion.py took 0.127 seconds
[2026-05-30T19:40:26.843+0000] {processor.py:161} INFO - Started process (PID=247) to work on /opt/airflow/dags/dag_bronze_ingestion.py
[2026-05-30T19:40:26.845+0000] {processor.py:830} INFO - Processing file /opt/airflow/dags/dag_bronze_ingestion.py for tasks to queue
[2026-05-30T19:40:26.848+0000] {logging_mixin.py:188} INFO - [2026-05-30T19:40:26.848+0000] {dagbag.py:540} INFO - Filling up the DagBag from /opt/airflow/dags/dag_bronze_ingestion.py
[2026-05-30T19:40:26.890+0000] {processor.py:840} INFO - DAG(s) 'neuralretail_bronze_ingestion' retrieved from /opt/airflow/dags/dag_bronze_ingestion.py
[2026-05-30T19:40:26.911+0000] {logging_mixin.py:188} INFO - [2026-05-30T19:40:26.911+0000] {dag.py:3096} INFO - Sync 1 DAGs
[2026-05-30T19:40:26.934+0000] {logging_mixin.py:188} INFO - [2026-05-30T19:40:26.934+0000] {dag.py:3954} INFO - Setting next_dagrun for neuralretail_bronze_ingestion to 2026-05-29 02:00:00+00:00, run_after=2026-05-30 02:00:00+00:00
[2026-05-30T19:40:26.961+0000] {processor.py:183} INFO - Processing /opt/airflow/dags/dag_bronze_ingestion.py took 0.126 seconds
[2026-05-30T19:40:57.156+0000] {processor.py:161} INFO - Started process (PID=267) to work on /opt/airflow/dags/dag_bronze_ingestion.py
[2026-05-30T19:40:57.157+0000] {processor.py:830} INFO - Processing file /opt/airflow/dags/dag_bronze_ingestion.py for tasks to queue
[2026-05-30T19:40:57.160+0000] {logging_mixin.py:188} INFO - [2026-05-30T19:40:57.159+0000] {dagbag.py:540} INFO - Filling up the DagBag from /opt/airflow/dags/dag_bronze_ingestion.py
[2026-05-30T19:40:57.236+0000] {processor.py:840} INFO - DAG(s) 'neuralretail_bronze_ingestion' retrieved from /opt/airflow/dags/dag_bronze_ingestion.py
[2026-05-30T19:40:57.264+0000] {logging_mixin.py:188} INFO - [2026-05-30T19:40:57.264+0000] {dag.py:3096} INFO - Sync 1 DAGs
[2026-05-30T19:40:57.298+0000] {logging_mixin.py:188} INFO - [2026-05-30T19:40:57.298+0000] {dag.py:3954} INFO - Setting next_dagrun for neuralretail_bronze_ingestion to 2026-05-29 02:00:00+00:00, run_after=2026-05-30 02:00:00+00:00
[2026-05-30T19:40:57.338+0000] {processor.py:183} INFO - Processing /opt/airflow/dags/dag_bronze_ingestion.py took 0.188 seconds
[2026-05-30T19:41:27.445+0000] {processor.py:161} INFO - Started process (PID=287) to work on /opt/airflow/dags/dag_bronze_ingestion.py
[2026-05-30T19:41:27.447+0000] {processor.py:830} INFO - Processing file /opt/airflow/dags/dag_bronze_ingestion.py for tasks to queue
[2026-05-30T19:41:27.449+0000] {logging_mixin.py:188} INFO - [2026-05-30T19:41:27.449+0000] {dagbag.py:540} INFO - Filling up the DagBag from /opt/airflow/dags/dag_bronze_ingestion.py
[2026-05-30T19:41:27.506+0000] {processor.py:840} INFO - DAG(s) 'neuralretail_bronze_ingestion' retrieved from /opt/airflow/dags/dag_bronze_ingestion.py
[2026-05-30T19:41:27.533+0000] {logging_mixin.py:188} INFO - [2026-05-30T19:41:27.532+0000] {dag.py:3096} INFO - Sync 1 DAGs
[2026-05-30T19:41:27.556+0000] {logging_mixin.py:188} INFO - [2026-05-30T19:41:27.556+0000] {dag.py:3954} INFO - Setting next_dagrun for neuralretail_bronze_ingestion to 2026-05-29 02:00:00+00:00, run_after=2026-05-30 02:00:00+00:00
[2026-05-30T19:41:27.587+0000] {processor.py:183} INFO - Processing /opt/airflow/dags/dag_bronze_ingestion.py took 0.154 seconds
[2026-05-30T19:41:57.890+0000] {processor.py:161} INFO - Started process (PID=307) to work on /opt/airflow/dags/dag_bronze_ingestion.py
[2026-05-30T19:41:57.891+0000] {processor.py:830} INFO - Processing file /opt/airflow/dags/dag_bronze_ingestion.py for tasks to queue
[2026-05-30T19:41:57.894+0000] {logging_mixin.py:188} INFO - [2026-05-30T19:41:57.893+0000] {dagbag.py:540} INFO - Filling up the DagBag from /opt/airflow/dags/dag_bronze_ingestion.py
[2026-05-30T19:41:57.943+0000] {processor.py:840} INFO - DAG(s) 'neuralretail_bronze_ingestion' retrieved from /opt/airflow/dags/dag_bronze_ingestion.py
[2026-05-30T19:41:57.967+0000] {logging_mixin.py:188} INFO - [2026-05-30T19:41:57.967+0000] {dag.py:3096} INFO - Sync 1 DAGs
[2026-05-30T19:41:57.988+0000] {logging_mixin.py:188} INFO - [2026-05-30T19:41:57.988+0000] {dag.py:3954} INFO - Setting next_dagrun for neuralretail_bronze_ingestion to 2026-05-29 02:00:00+00:00, run_after=2026-05-30 02:00:00+00:00
[2026-05-30T19:41:58.006+0000] {processor.py:183} INFO - Processing /opt/airflow/dags/dag_bronze_ingestion.py took 0.122 seconds
[2026-05-30T19:42:28.304+0000] {processor.py:161} INFO - Started process (PID=327) to work on /opt/airflow/dags/dag_bronze_ingestion.py
[2026-05-30T19:42:28.305+0000] {processor.py:830} INFO - Processing file /opt/airflow/dags/dag_bronze_ingestion.py for tasks to queue
[2026-05-30T19:42:28.307+0000] {logging_mixin.py:188} INFO - [2026-05-30T19:42:28.307+0000] {dagbag.py:540} INFO - Filling up the DagBag from /opt/airflow/dags/dag_bronze_ingestion.py
[2026-05-30T19:42:28.353+0000] {processor.py:840} INFO - DAG(s) 'neuralretail_bronze_ingestion' retrieved from /opt/airflow/dags/dag_bronze_ingestion.py
[2026-05-30T19:42:28.380+0000] {logging_mixin.py:188} INFO - [2026-05-30T19:42:28.380+0000] {dag.py:3096} INFO - Sync 1 DAGs
[2026-05-30T19:42:28.406+0000] {logging_mixin.py:188} INFO - [2026-05-30T19:42:28.405+0000] {dag.py:3954} INFO - Setting next_dagrun for neuralretail_bronze_ingestion to 2026-05-29 02:00:00+00:00, run_after=2026-05-30 02:00:00+00:00
[2026-05-30T19:42:28.426+0000] {processor.py:183} INFO - Processing /opt/airflow/dags/dag_bronze_ingestion.py took 0.131 seconds
[2026-05-30T19:42:58.908+0000] {processor.py:161} INFO - Started process (PID=345) to work on /opt/airflow/dags/dag_bronze_ingestion.py
[2026-05-30T19:42:58.911+0000] {processor.py:830} INFO - Processing file /opt/airflow/dags/dag_bronze_ingestion.py for tasks to queue
[2026-05-30T19:42:58.925+0000] {logging_mixin.py:188} INFO - [2026-05-30T19:42:58.924+0000] {dagbag.py:540} INFO - Filling up the DagBag from /opt/airflow/dags/dag_bronze_ingestion.py
[2026-05-30T19:42:59.037+0000] {processor.py:840} INFO - DAG(s) 'neuralretail_bronze_ingestion' retrieved from /opt/airflow/dags/dag_bronze_ingestion.py
[2026-05-30T19:42:59.067+0000] {logging_mixin.py:188} INFO - [2026-05-30T19:42:59.067+0000] {dag.py:3096} INFO - Sync 1 DAGs
[2026-05-30T19:42:59.093+0000] {logging_mixin.py:188} INFO - [2026-05-30T19:42:59.092+0000] {dag.py:3954} INFO - Setting next_dagrun for neuralretail_bronze_ingestion to 2026-05-29 02:00:00+00:00, run_after=2026-05-30 02:00:00+00:00
[2026-05-30T19:42:59.125+0000] {processor.py:183} INFO - Processing /opt/airflow/dags/dag_bronze_ingestion.py took 0.229 seconds
[2026-05-30T19:43:29.346+0000] {processor.py:161} INFO - Started process (PID=367) to work on /opt/airflow/dags/dag_bronze_ingestion.py
[2026-05-30T19:43:29.348+0000] {processor.py:830} INFO - Processing file /opt/airflow/dags/dag_bronze_ingestion.py for tasks to queue
[2026-05-30T19:43:29.349+0000] {logging_mixin.py:188} INFO - [2026-05-30T19:43:29.349+0000] {dagbag.py:540} INFO - Filling up the DagBag from /opt/airflow/dags/dag_bronze_ingestion.py
[2026-05-30T19:43:29.397+0000] {processor.py:840} INFO - DAG(s) 'neuralretail_bronze_ingestion' retrieved from /opt/airflow/dags/dag_bronze_ingestion.py
[2026-05-30T19:43:29.420+0000] {logging_mixin.py:188} INFO - [2026-05-30T19:43:29.419+0000] {dag.py:3096} INFO - Sync 1 DAGs
[2026-05-30T19:43:29.439+0000] {logging_mixin.py:188} INFO - [2026-05-30T19:43:29.439+0000] {dag.py:3954} INFO - Setting next_dagrun for neuralretail_bronze_ingestion to 2026-05-29 02:00:00+00:00, run_after=2026-05-30 02:00:00+00:00
[2026-05-30T19:43:29.462+0000] {processor.py:183} INFO - Processing /opt/airflow/dags/dag_bronze_ingestion.py took 0.122 seconds
[2026-05-30T19:43:59.927+0000] {processor.py:161} INFO - Started process (PID=387) to work on /opt/airflow/dags/dag_bronze_ingestion.py
[2026-05-30T19:43:59.930+0000] {processor.py:830} INFO - Processing file /opt/airflow/dags/dag_bronze_ingestion.py for tasks to queue
[2026-05-30T19:43:59.934+0000] {logging_mixin.py:188} INFO - [2026-05-30T19:43:59.932+0000] {dagbag.py:540} INFO - Filling up the DagBag from /opt/airflow/dags/dag_bronze_ingestion.py
[2026-05-30T19:44:00.019+0000] {processor.py:840} INFO - DAG(s) 'neuralretail_bronze_ingestion' retrieved from /opt/airflow/dags/dag_bronze_ingestion.py
[2026-05-30T19:44:00.061+0000] {logging_mixin.py:188} INFO - [2026-05-30T19:44:00.061+0000] {dag.py:3096} INFO - Sync 1 DAGs
[2026-05-30T19:44:00.081+0000] {logging_mixin.py:188} INFO - [2026-05-30T19:44:00.081+0000] {dag.py:3954} INFO - Setting next_dagrun for neuralretail_bronze_ingestion to 2026-05-29 02:00:00+00:00, run_after=2026-05-30 02:00:00+00:00
[2026-05-30T19:44:00.112+0000] {processor.py:183} INFO - Processing /opt/airflow/dags/dag_bronze_ingestion.py took 0.197 seconds
[2026-05-30T19:44:30.927+0000] {processor.py:161} INFO - Started process (PID=407) to work on /opt/airflow/dags/dag_bronze_ingestion.py
[2026-05-30T19:44:30.929+0000] {processor.py:830} INFO - Processing file /opt/airflow/dags/dag_bronze_ingestion.py for tasks to queue
[2026-05-30T19:44:30.930+0000] {logging_mixin.py:188} INFO - [2026-05-30T19:44:30.930+0000] {dagbag.py:540} INFO - Filling up the DagBag from /opt/airflow/dags/dag_bronze_ingestion.py
[2026-05-30T19:44:30.972+0000] {processor.py:840} INFO - DAG(s) 'neuralretail_bronze_ingestion' retrieved from /opt/airflow/dags/dag_bronze_ingestion.py
[2026-05-30T19:44:30.991+0000] {logging_mixin.py:188} INFO - [2026-05-30T19:44:30.991+0000] {dag.py:3096} INFO - Sync 1 DAGs
[2026-05-30T19:44:31.007+0000] {logging_mixin.py:188} INFO - [2026-05-30T19:44:31.007+0000] {dag.py:3954} INFO - Setting next_dagrun for neuralretail_bronze_ingestion to 2026-05-29 02:00:00+00:00, run_after=2026-05-30 02:00:00+00:00
[2026-05-30T19:44:31.028+0000] {processor.py:183} INFO - Processing /opt/airflow/dags/dag_bronze_ingestion.py took 0.105 seconds
[2026-05-30T19:45:01.192+0000] {processor.py:161} INFO - Started process (PID=427) to work on /opt/airflow/dags/dag_bronze_ingestion.py
[2026-05-30T19:45:01.193+0000] {processor.py:830} INFO - Processing file /opt/airflow/dags/dag_bronze_ingestion.py for tasks to queue
[2026-05-30T19:45:01.195+0000] {logging_mixin.py:188} INFO - [2026-05-30T19:45:01.195+0000] {dagbag.py:540} INFO - Filling up the DagBag from /opt/airflow/dags/dag_bronze_ingestion.py
[2026-05-30T19:45:01.230+0000] {processor.py:840} INFO - DAG(s) 'neuralretail_bronze_ingestion' retrieved from /opt/airflow/dags/dag_bronze_ingestion.py
[2026-05-30T19:45:01.250+0000] {logging_mixin.py:188} INFO - [2026-05-30T19:45:01.250+0000] {dag.py:3096} INFO - Sync 1 DAGs
[2026-05-30T19:45:01.272+0000] {logging_mixin.py:188} INFO - [2026-05-30T19:45:01.272+0000] {dag.py:3954} INFO - Setting next_dagrun for neuralretail_bronze_ingestion to 2026-05-29 02:00:00+00:00, run_after=2026-05-30 02:00:00+00:00
[2026-05-30T19:45:01.291+0000] {processor.py:183} INFO - Processing /opt/airflow/dags/dag_bronze_ingestion.py took 0.103 seconds
[2026-05-30T19:45:32.208+0000] {processor.py:161} INFO - Started process (PID=447) to work on /opt/airflow/dags/dag_bronze_ingestion.py
[2026-05-30T19:45:32.210+0000] {processor.py:830} INFO - Processing file /opt/airflow/dags/dag_bronze_ingestion.py for tasks to queue
[2026-05-30T19:45:32.215+0000] {logging_mixin.py:188} INFO - [2026-05-30T19:45:32.215+0000] {dagbag.py:540} INFO - Filling up the DagBag from /opt/airflow/dags/dag_bronze_ingestion.py
[2026-05-30T19:45:32.296+0000] {processor.py:840} INFO - DAG(s) 'neuralretail_bronze_ingestion' retrieved from /opt/airflow/dags/dag_bronze_ingestion.py
[2026-05-30T19:45:32.341+0000] {logging_mixin.py:188} INFO - [2026-05-30T19:45:32.340+0000] {dag.py:3096} INFO - Sync 1 DAGs
[2026-05-30T19:45:32.370+0000] {logging_mixin.py:188} INFO - [2026-05-30T19:45:32.370+0000] {dag.py:3954} INFO - Setting next_dagrun for neuralretail_bronze_ingestion to 2026-05-29 02:00:00+00:00, run_after=2026-05-30 02:00:00+00:00
[2026-05-30T19:45:32.416+0000] {processor.py:183} INFO - Processing /opt/airflow/dags/dag_bronze_ingestion.py took 0.224 seconds
[2026-05-30T19:46:02.806+0000] {processor.py:161} INFO - Started process (PID=467) to work on /opt/airflow/dags/dag_bronze_ingestion.py
[2026-05-30T19:46:02.807+0000] {processor.py:830} INFO - Processing file /opt/airflow/dags/dag_bronze_ingestion.py for tasks to queue
[2026-05-30T19:46:02.809+0000] {logging_mixin.py:188} INFO - [2026-05-30T19:46:02.808+0000] {dagbag.py:540} INFO - Filling up the DagBag from /opt/airflow/dags/dag_bronze_ingestion.py
[2026-05-30T19:46:02.848+0000] {processor.py:840} INFO - DAG(s) 'neuralretail_bronze_ingestion' retrieved from /opt/airflow/dags/dag_bronze_ingestion.py
[2026-05-30T19:46:02.867+0000] {logging_mixin.py:188} INFO - [2026-05-30T19:46:02.866+0000] {dag.py:3096} INFO - Sync 1 DAGs
[2026-05-30T19:46:02.883+0000] {logging_mixin.py:188} INFO - [2026-05-30T19:46:02.882+0000] {dag.py:3954} INFO - Setting next_dagrun for neuralretail_bronze_ingestion to 2026-05-29 02:00:00+00:00, run_after=2026-05-30 02:00:00+00:00
[2026-05-30T19:46:02.901+0000] {processor.py:183} INFO - Processing /opt/airflow/dags/dag_bronze_ingestion.py took 0.100 seconds
[2026-05-30T19:46:33.223+0000] {processor.py:161} INFO - Started process (PID=487) to work on /opt/airflow/dags/dag_bronze_ingestion.py
[2026-05-30T19:46:33.225+0000] {processor.py:830} INFO - Processing file /opt/airflow/dags/dag_bronze_ingestion.py for tasks to queue
[2026-05-30T19:46:33.230+0000] {logging_mixin.py:188} INFO - [2026-05-30T19:46:33.230+0000] {dagbag.py:540} INFO - Filling up the DagBag from /opt/airflow/dags/dag_bronze_ingestion.py
[2026-05-30T19:46:33.297+0000] {processor.py:840} INFO - DAG(s) 'neuralretail_bronze_ingestion' retrieved from /opt/airflow/dags/dag_bronze_ingestion.py
[2026-05-30T19:46:33.337+0000] {logging_mixin.py:188} INFO - [2026-05-30T19:46:33.337+0000] {dag.py:3096} INFO - Sync 1 DAGs
[2026-05-30T19:46:33.372+0000] {logging_mixin.py:188} INFO - [2026-05-30T19:46:33.372+0000] {dag.py:3954} INFO - Setting next_dagrun for neuralretail_bronze_ingestion to 2026-05-29 02:00:00+00:00, run_after=2026-05-30 02:00:00+00:00
[2026-05-30T19:46:33.396+0000] {processor.py:183} INFO - Processing /opt/airflow/dags/dag_bronze_ingestion.py took 0.186 seconds
[2026-05-30T19:47:03.731+0000] {processor.py:161} INFO - Started process (PID=507) to work on /opt/airflow/dags/dag_bronze_ingestion.py
[2026-05-30T19:47:03.732+0000] {processor.py:830} INFO - Processing file /opt/airflow/dags/dag_bronze_ingestion.py for tasks to queue
[2026-05-30T19:47:03.734+0000] {logging_mixin.py:188} INFO - [2026-05-30T19:47:03.734+0000] {dagbag.py:540} INFO - Filling up the DagBag from /opt/airflow/dags/dag_bronze_ingestion.py
[2026-05-30T19:47:03.772+0000] {processor.py:840} INFO - DAG(s) 'neuralretail_bronze_ingestion' retrieved from /opt/airflow/dags/dag_bronze_ingestion.py
[2026-05-30T19:47:03.791+0000] {logging_mixin.py:188} INFO - [2026-05-30T19:47:03.791+0000] {dag.py:3096} INFO - Sync 1 DAGs
[2026-05-30T19:47:03.807+0000] {logging_mixin.py:188} INFO - [2026-05-30T19:47:03.807+0000] {dag.py:3954} INFO - Setting next_dagrun for neuralretail_bronze_ingestion to 2026-05-29 02:00:00+00:00, run_after=2026-05-30 02:00:00+00:00
[2026-05-30T19:47:03.826+0000] {processor.py:183} INFO - Processing /opt/airflow/dags/dag_bronze_ingestion.py took 0.101 seconds
[2026-05-30T19:47:34.117+0000] {processor.py:161} INFO - Started process (PID=527) to work on /opt/airflow/dags/dag_bronze_ingestion.py
[2026-05-30T19:47:34.120+0000] {processor.py:830} INFO - Processing file /opt/airflow/dags/dag_bronze_ingestion.py for tasks to queue
[2026-05-30T19:47:34.124+0000] {logging_mixin.py:188} INFO - [2026-05-30T19:47:34.124+0000] {dagbag.py:540} INFO - Filling up the DagBag from /opt/airflow/dags/dag_bronze_ingestion.py
[2026-05-30T19:47:34.183+0000] {processor.py:840} INFO - DAG(s) 'neuralretail_bronze_ingestion' retrieved from /opt/airflow/dags/dag_bronze_ingestion.py
[2026-05-30T19:47:34.215+0000] {logging_mixin.py:188} INFO - [2026-05-30T19:47:34.215+0000] {dag.py:3096} INFO - Sync 1 DAGs
[2026-05-30T19:47:34.235+0000] {logging_mixin.py:188} INFO - [2026-05-30T19:47:34.235+0000] {dag.py:3954} INFO - Setting next_dagrun for neuralretail_bronze_ingestion to 2026-05-29 02:00:00+00:00, run_after=2026-05-30 02:00:00+00:00
[2026-05-30T19:47:34.263+0000] {processor.py:183} INFO - Processing /opt/airflow/dags/dag_bronze_ingestion.py took 0.154 seconds
[2026-05-30T19:48:04.725+0000] {processor.py:161} INFO - Started process (PID=547) to work on /opt/airflow/dags/dag_bronze_ingestion.py
[2026-05-30T19:48:04.728+0000] {processor.py:830} INFO - Processing file /opt/airflow/dags/dag_bronze_ingestion.py for tasks to queue
[2026-05-30T19:48:04.732+0000] {logging_mixin.py:188} INFO - [2026-05-30T19:48:04.731+0000] {dagbag.py:540} INFO - Filling up the DagBag from /opt/airflow/dags/dag_bronze_ingestion.py
[2026-05-30T19:48:04.817+0000] {processor.py:840} INFO - DAG(s) 'neuralretail_bronze_ingestion' retrieved from /opt/airflow/dags/dag_bronze_ingestion.py
[2026-05-30T19:48:04.840+0000] {logging_mixin.py:188} INFO - [2026-05-30T19:48:04.840+0000] {dag.py:3096} INFO - Sync 1 DAGs
[2026-05-30T19:48:04.856+0000] {logging_mixin.py:188} INFO - [2026-05-30T19:48:04.856+0000] {dag.py:3954} INFO - Setting next_dagrun for neuralretail_bronze_ingestion to 2026-05-29 02:00:00+00:00, run_after=2026-05-30 02:00:00+00:00
[2026-05-30T19:48:04.876+0000] {processor.py:183} INFO - Processing /opt/airflow/dags/dag_bronze_ingestion.py took 0.159 seconds
[2026-05-30T19:48:35.163+0000] {processor.py:161} INFO - Started process (PID=567) to work on /opt/airflow/dags/dag_bronze_ingestion.py
[2026-05-30T19:48:35.165+0000] {processor.py:830} INFO - Processing file /opt/airflow/dags/dag_bronze_ingestion.py for tasks to queue
[2026-05-30T19:48:35.169+0000] {logging_mixin.py:188} INFO - [2026-05-30T19:48:35.168+0000] {dagbag.py:540} INFO - Filling up the DagBag from /opt/airflow/dags/dag_bronze_ingestion.py
[2026-05-30T19:48:35.243+0000] {processor.py:840} INFO - DAG(s) 'neuralretail_bronze_ingestion' retrieved from /opt/airflow/dags/dag_bronze_ingestion.py
[2026-05-30T19:48:35.279+0000] {logging_mixin.py:188} INFO - [2026-05-30T19:48:35.279+0000] {dag.py:3096} INFO - Sync 1 DAGs
[2026-05-30T19:48:35.310+0000] {logging_mixin.py:188} INFO - [2026-05-30T19:48:35.309+0000] {dag.py:3954} INFO - Setting next_dagrun for neuralretail_bronze_ingestion to 2026-05-29 02:00:00+00:00, run_after=2026-05-30 02:00:00+00:00
[2026-05-30T19:48:35.332+0000] {processor.py:183} INFO - Processing /opt/airflow/dags/dag_bronze_ingestion.py took 0.179 seconds
[2026-05-30T19:49:05.724+0000] {processor.py:161} INFO - Started process (PID=585) to work on /opt/airflow/dags/dag_bronze_ingestion.py
[2026-05-30T19:49:05.729+0000] {processor.py:830} INFO - Processing file /opt/airflow/dags/dag_bronze_ingestion.py for tasks to queue
[2026-05-30T19:49:05.737+0000] {logging_mixin.py:188} INFO - [2026-05-30T19:49:05.736+0000] {dagbag.py:540} INFO - Filling up the DagBag from /opt/airflow/dags/dag_bronze_ingestion.py
[2026-05-30T19:49:05.801+0000] {processor.py:840} INFO - DAG(s) 'neuralretail_bronze_ingestion' retrieved from /opt/airflow/dags/dag_bronze_ingestion.py
[2026-05-30T19:49:05.876+0000] {logging_mixin.py:188} INFO - [2026-05-30T19:49:05.876+0000] {dag.py:3096} INFO - Sync 1 DAGs
[2026-05-30T19:49:05.943+0000] {logging_mixin.py:188} INFO - [2026-05-30T19:49:05.942+0000] {dag.py:3954} INFO - Setting next_dagrun for neuralretail_bronze_ingestion to 2026-05-29 02:00:00+00:00, run_after=2026-05-30 02:00:00+00:00
[2026-05-30T19:49:05.971+0000] {processor.py:183} INFO - Processing /opt/airflow/dags/dag_bronze_ingestion.py took 0.290 seconds
[2026-05-30T19:49:37.048+0000] {processor.py:161} INFO - Started process (PID=605) to work on /opt/airflow/dags/dag_bronze_ingestion.py
[2026-05-30T19:49:37.050+0000] {processor.py:830} INFO - Processing file /opt/airflow/dags/dag_bronze_ingestion.py for tasks to queue
[2026-05-30T19:49:37.053+0000] {logging_mixin.py:188} INFO - [2026-05-30T19:49:37.052+0000] {dagbag.py:540} INFO - Filling up the DagBag from /opt/airflow/dags/dag_bronze_ingestion.py
[2026-05-30T19:49:37.111+0000] {processor.py:840} INFO - DAG(s) 'neuralretail_bronze_ingestion' retrieved from /opt/airflow/dags/dag_bronze_ingestion.py
[2026-05-30T19:49:37.158+0000] {logging_mixin.py:188} INFO - [2026-05-30T19:49:37.157+0000] {dag.py:3096} INFO - Sync 1 DAGs
[2026-05-30T19:49:37.201+0000] {logging_mixin.py:188} INFO - [2026-05-30T19:49:37.200+0000] {dag.py:3954} INFO - Setting next_dagrun for neuralretail_bronze_ingestion to 2026-05-29 02:00:00+00:00, run_after=2026-05-30 02:00:00+00:00
[2026-05-30T19:49:37.224+0000] {processor.py:183} INFO - Processing /opt/airflow/dags/dag_bronze_ingestion.py took 0.188 seconds
[2026-05-30T19:50:07.601+0000] {processor.py:161} INFO - Started process (PID=627) to work on /opt/airflow/dags/dag_bronze_ingestion.py
[2026-05-30T19:50:07.604+0000] {processor.py:830} INFO - Processing file /opt/airflow/dags/dag_bronze_ingestion.py for tasks to queue
[2026-05-30T19:50:07.609+0000] {logging_mixin.py:188} INFO - [2026-05-30T19:50:07.609+0000] {dagbag.py:540} INFO - Filling up the DagBag from /opt/airflow/dags/dag_bronze_ingestion.py
[2026-05-30T19:50:07.688+0000] {processor.py:840} INFO - DAG(s) 'neuralretail_bronze_ingestion' retrieved from /opt/airflow/dags/dag_bronze_ingestion.py
[2026-05-30T19:50:07.712+0000] {logging_mixin.py:188} INFO - [2026-05-30T19:50:07.712+0000] {dag.py:3096} INFO - Sync 1 DAGs
[2026-05-30T19:50:07.735+0000] {logging_mixin.py:188} INFO - [2026-05-30T19:50:07.735+0000] {dag.py:3954} INFO - Setting next_dagrun for neuralretail_bronze_ingestion to 2026-05-29 02:00:00+00:00, run_after=2026-05-30 02:00:00+00:00
[2026-05-30T19:50:07.778+0000] {processor.py:183} INFO - Processing /opt/airflow/dags/dag_bronze_ingestion.py took 0.191 seconds
[2026-05-30T19:50:38.330+0000] {processor.py:161} INFO - Started process (PID=647) to work on /opt/airflow/dags/dag_bronze_ingestion.py
[2026-05-30T19:50:38.333+0000] {processor.py:830} INFO - Processing file /opt/airflow/dags/dag_bronze_ingestion.py for tasks to queue
[2026-05-30T19:50:38.336+0000] {logging_mixin.py:188} INFO - [2026-05-30T19:50:38.335+0000] {dagbag.py:540} INFO - Filling up the DagBag from /opt/airflow/dags/dag_bronze_ingestion.py
[2026-05-30T19:50:38.418+0000] {processor.py:840} INFO - DAG(s) 'neuralretail_bronze_ingestion' retrieved from /opt/airflow/dags/dag_bronze_ingestion.py
[2026-05-30T19:50:38.469+0000] {logging_mixin.py:188} INFO - [2026-05-30T19:50:38.468+0000] {dag.py:3096} INFO - Sync 1 DAGs
[2026-05-30T19:50:38.510+0000] {logging_mixin.py:188} INFO - [2026-05-30T19:50:38.510+0000] {dag.py:3954} INFO - Setting next_dagrun for neuralretail_bronze_ingestion to 2026-05-29 02:00:00+00:00, run_after=2026-05-30 02:00:00+00:00
[2026-05-30T19:50:38.604+0000] {processor.py:183} INFO - Processing /opt/airflow/dags/dag_bronze_ingestion.py took 0.292 seconds
[2026-05-30T19:51:09.172+0000] {processor.py:161} INFO - Started process (PID=667) to work on /opt/airflow/dags/dag_bronze_ingestion.py
[2026-05-30T19:51:09.174+0000] {processor.py:830} INFO - Processing file /opt/airflow/dags/dag_bronze_ingestion.py for tasks to queue
[2026-05-30T19:51:09.176+0000] {logging_mixin.py:188} INFO - [2026-05-30T19:51:09.175+0000] {dagbag.py:540} INFO - Filling up the DagBag from /opt/airflow/dags/dag_bronze_ingestion.py
[2026-05-30T19:51:09.244+0000] {processor.py:840} INFO - DAG(s) 'neuralretail_bronze_ingestion' retrieved from /opt/airflow/dags/dag_bronze_ingestion.py
[2026-05-30T19:51:09.276+0000] {logging_mixin.py:188} INFO - [2026-05-30T19:51:09.276+0000] {dag.py:3096} INFO - Sync 1 DAGs
[2026-05-30T19:51:09.302+0000] {logging_mixin.py:188} INFO - [2026-05-30T19:51:09.302+0000] {dag.py:3954} INFO - Setting next_dagrun for neuralretail_bronze_ingestion to 2026-05-29 02:00:00+00:00, run_after=2026-05-30 02:00:00+00:00
[2026-05-30T19:51:09.337+0000] {processor.py:183} INFO - Processing /opt/airflow/dags/dag_bronze_ingestion.py took 0.175 seconds
[2026-05-30T19:57:52.601+0000] {processor.py:161} INFO - Started process (PID=187) to work on /opt/airflow/dags/dag_bronze_ingestion.py
[2026-05-30T19:57:52.603+0000] {processor.py:830} INFO - Processing file /opt/airflow/dags/dag_bronze_ingestion.py for tasks to queue
[2026-05-30T19:57:52.605+0000] {logging_mixin.py:188} INFO - [2026-05-30T19:57:52.605+0000] {dagbag.py:540} INFO - Filling up the DagBag from /opt/airflow/dags/dag_bronze_ingestion.py
[2026-05-30T19:57:52.689+0000] {processor.py:840} INFO - DAG(s) 'neuralretail_bronze_ingestion' retrieved from /opt/airflow/dags/dag_bronze_ingestion.py
[2026-05-30T19:57:52.825+0000] {logging_mixin.py:188} INFO - [2026-05-30T19:57:52.824+0000] {override.py:1829} INFO - Created Permission View: can delete on DAG:neuralretail_bronze_ingestion
[2026-05-30T19:57:52.850+0000] {logging_mixin.py:188} INFO - [2026-05-30T19:57:52.850+0000] {override.py:1829} INFO - Created Permission View: can edit on DAG:neuralretail_bronze_ingestion
[2026-05-30T19:57:52.868+0000] {logging_mixin.py:188} INFO - [2026-05-30T19:57:52.868+0000] {override.py:1829} INFO - Created Permission View: can read on DAG:neuralretail_bronze_ingestion
[2026-05-30T19:57:52.869+0000] {logging_mixin.py:188} INFO - [2026-05-30T19:57:52.869+0000] {dag.py:3096} INFO - Sync 1 DAGs
[2026-05-30T19:57:52.882+0000] {logging_mixin.py:188} INFO - [2026-05-30T19:57:52.881+0000] {dag.py:3118} INFO - Creating ORM DAG for neuralretail_bronze_ingestion
[2026-05-30T19:57:52.898+0000] {logging_mixin.py:188} INFO - [2026-05-30T19:57:52.898+0000] {dag.py:3954} INFO - Setting next_dagrun for neuralretail_bronze_ingestion to 2026-05-29 02:00:00+00:00, run_after=2026-05-30 02:00:00+00:00
[2026-05-30T19:57:52.943+0000] {processor.py:183} INFO - Processing /opt/airflow/dags/dag_bronze_ingestion.py took 0.350 seconds
[2026-05-30T19:58:23.528+0000] {processor.py:161} INFO - Started process (PID=205) to work on /opt/airflow/dags/dag_bronze_ingestion.py
[2026-05-30T19:58:23.529+0000] {processor.py:830} INFO - Processing file /opt/airflow/dags/dag_bronze_ingestion.py for tasks to queue
[2026-05-30T19:58:23.531+0000] {logging_mixin.py:188} INFO - [2026-05-30T19:58:23.531+0000] {dagbag.py:540} INFO - Filling up the DagBag from /opt/airflow/dags/dag_bronze_ingestion.py
[2026-05-30T19:58:23.571+0000] {processor.py:840} INFO - DAG(s) 'neuralretail_bronze_ingestion' retrieved from /opt/airflow/dags/dag_bronze_ingestion.py
[2026-05-30T19:58:23.589+0000] {logging_mixin.py:188} INFO - [2026-05-30T19:58:23.589+0000] {dag.py:3096} INFO - Sync 1 DAGs
[2026-05-30T19:58:23.607+0000] {logging_mixin.py:188} INFO - [2026-05-30T19:58:23.607+0000] {dag.py:3954} INFO - Setting next_dagrun for neuralretail_bronze_ingestion to 2026-05-29 02:00:00+00:00, run_after=2026-05-30 02:00:00+00:00
[2026-05-30T19:58:23.629+0000] {processor.py:183} INFO - Processing /opt/airflow/dags/dag_bronze_ingestion.py took 0.107 seconds
[2026-05-30T19:58:53.721+0000] {processor.py:161} INFO - Started process (PID=220) to work on /opt/airflow/dags/dag_bronze_ingestion.py
[2026-05-30T19:58:53.722+0000] {processor.py:830} INFO - Processing file /opt/airflow/dags/dag_bronze_ingestion.py for tasks to queue
[2026-05-30T19:58:53.725+0000] {logging_mixin.py:188} INFO - [2026-05-30T19:58:53.724+0000] {dagbag.py:540} INFO - Filling up the DagBag from /opt/airflow/dags/dag_bronze_ingestion.py
[2026-05-30T19:58:53.776+0000] {processor.py:840} INFO - DAG(s) 'neuralretail_bronze_ingestion' retrieved from /opt/airflow/dags/dag_bronze_ingestion.py
[2026-05-30T19:58:53.794+0000] {logging_mixin.py:188} INFO - [2026-05-30T19:58:53.793+0000] {dag.py:3096} INFO - Sync 1 DAGs
[2026-05-30T19:58:53.820+0000] {logging_mixin.py:188} INFO - [2026-05-30T19:58:53.820+0000] {dag.py:3954} INFO - Setting next_dagrun for neuralretail_bronze_ingestion to 2026-05-29 02:00:00+00:00, run_after=2026-05-30 02:00:00+00:00
[2026-05-30T19:58:53.839+0000] {processor.py:183} INFO - Processing /opt/airflow/dags/dag_bronze_ingestion.py took 0.125 seconds
[2026-05-30T19:59:24.256+0000] {processor.py:161} INFO - Started process (PID=247) to work on /opt/airflow/dags/dag_bronze_ingestion.py
[2026-05-30T19:59:24.257+0000] {processor.py:830} INFO - Processing file /opt/airflow/dags/dag_bronze_ingestion.py for tasks to queue
[2026-05-30T19:59:24.259+0000] {logging_mixin.py:188} INFO - [2026-05-30T19:59:24.259+0000] {dagbag.py:540} INFO - Filling up the DagBag from /opt/airflow/dags/dag_bronze_ingestion.py
[2026-05-30T19:59:24.299+0000] {processor.py:840} INFO - DAG(s) 'neuralretail_bronze_ingestion' retrieved from /opt/airflow/dags/dag_bronze_ingestion.py
[2026-05-30T19:59:24.319+0000] {logging_mixin.py:188} INFO - [2026-05-30T19:59:24.319+0000] {dag.py:3096} INFO - Sync 1 DAGs
[2026-05-30T19:59:24.336+0000] {logging_mixin.py:188} INFO - [2026-05-30T19:59:24.336+0000] {dag.py:3954} INFO - Setting next_dagrun for neuralretail_bronze_ingestion to 2026-05-29 02:00:00+00:00, run_after=2026-05-30 02:00:00+00:00
[2026-05-30T19:59:24.356+0000] {processor.py:183} INFO - Processing /opt/airflow/dags/dag_bronze_ingestion.py took 0.105 seconds
[2026-05-30T19:59:54.645+0000] {processor.py:161} INFO - Started process (PID=267) to work on /opt/airflow/dags/dag_bronze_ingestion.py
[2026-05-30T19:59:54.649+0000] {processor.py:830} INFO - Processing file /opt/airflow/dags/dag_bronze_ingestion.py for tasks to queue
[2026-05-30T19:59:54.652+0000] {logging_mixin.py:188} INFO - [2026-05-30T19:59:54.651+0000] {dagbag.py:540} INFO - Filling up the DagBag from /opt/airflow/dags/dag_bronze_ingestion.py
[2026-05-30T19:59:54.737+0000] {processor.py:840} INFO - DAG(s) 'neuralretail_bronze_ingestion' retrieved from /opt/airflow/dags/dag_bronze_ingestion.py
[2026-05-30T19:59:54.769+0000] {logging_mixin.py:188} INFO - [2026-05-30T19:59:54.768+0000] {dag.py:3096} INFO - Sync 1 DAGs
[2026-05-30T19:59:54.796+0000] {logging_mixin.py:188} INFO - [2026-05-30T19:59:54.796+0000] {dag.py:3954} INFO - Setting next_dagrun for neuralretail_bronze_ingestion to 2026-05-29 02:00:00+00:00, run_after=2026-05-30 02:00:00+00:00
[2026-05-30T19:59:54.819+0000] {processor.py:183} INFO - Processing /opt/airflow/dags/dag_bronze_ingestion.py took 0.188 seconds
[2026-05-30T20:00:24.957+0000] {processor.py:161} INFO - Started process (PID=287) to work on /opt/airflow/dags/dag_bronze_ingestion.py
[2026-05-30T20:00:24.959+0000] {processor.py:830} INFO - Processing file /opt/airflow/dags/dag_bronze_ingestion.py for tasks to queue
[2026-05-30T20:00:24.961+0000] {logging_mixin.py:188} INFO - [2026-05-30T20:00:24.960+0000] {dagbag.py:540} INFO - Filling up the DagBag from /opt/airflow/dags/dag_bronze_ingestion.py
[2026-05-30T20:00:25.016+0000] {processor.py:840} INFO - DAG(s) 'neuralretail_bronze_ingestion' retrieved from /opt/airflow/dags/dag_bronze_ingestion.py
[2026-05-30T20:00:25.040+0000] {logging_mixin.py:188} INFO - [2026-05-30T20:00:25.040+0000] {dag.py:3096} INFO - Sync 1 DAGs
[2026-05-30T20:00:25.074+0000] {logging_mixin.py:188} INFO - [2026-05-30T20:00:25.074+0000] {dag.py:3954} INFO - Setting next_dagrun for neuralretail_bronze_ingestion to 2026-05-29 02:00:00+00:00, run_after=2026-05-30 02:00:00+00:00
[2026-05-30T20:00:25.104+0000] {processor.py:183} INFO - Processing /opt/airflow/dags/dag_bronze_ingestion.py took 0.154 seconds
[2026-05-30T20:00:55.340+0000] {processor.py:161} INFO - Started process (PID=307) to work on /opt/airflow/dags/dag_bronze_ingestion.py
[2026-05-30T20:00:55.342+0000] {processor.py:830} INFO - Processing file /opt/airflow/dags/dag_bronze_ingestion.py for tasks to queue
[2026-05-30T20:00:55.344+0000] {logging_mixin.py:188} INFO - [2026-05-30T20:00:55.344+0000] {dagbag.py:540} INFO - Filling up the DagBag from /opt/airflow/dags/dag_bronze_ingestion.py
[2026-05-30T20:00:55.408+0000] {processor.py:840} INFO - DAG(s) 'neuralretail_bronze_ingestion' retrieved from /opt/airflow/dags/dag_bronze_ingestion.py
[2026-05-30T20:00:55.428+0000] {logging_mixin.py:188} INFO - [2026-05-30T20:00:55.428+0000] {dag.py:3096} INFO - Sync 1 DAGs
[2026-05-30T20:00:55.445+0000] {logging_mixin.py:188} INFO - [2026-05-30T20:00:55.444+0000] {dag.py:3954} INFO - Setting next_dagrun for neuralretail_bronze_ingestion to 2026-05-29 02:00:00+00:00, run_after=2026-05-30 02:00:00+00:00
[2026-05-30T20:00:55.460+0000] {processor.py:183} INFO - Processing /opt/airflow/dags/dag_bronze_ingestion.py took 0.129 seconds
[2026-05-30T20:01:25.520+0000] {processor.py:161} INFO - Started process (PID=325) to work on /opt/airflow/dags/dag_bronze_ingestion.py
[2026-05-30T20:01:25.522+0000] {processor.py:830} INFO - Processing file /opt/airflow/dags/dag_bronze_ingestion.py for tasks to queue
[2026-05-30T20:01:25.525+0000] {logging_mixin.py:188} INFO - [2026-05-30T20:01:25.524+0000] {dagbag.py:540} INFO - Filling up the DagBag from /opt/airflow/dags/dag_bronze_ingestion.py
[2026-05-30T20:01:25.567+0000] {processor.py:840} INFO - DAG(s) 'neuralretail_bronze_ingestion' retrieved from /opt/airflow/dags/dag_bronze_ingestion.py
[2026-05-30T20:01:25.586+0000] {logging_mixin.py:188} INFO - [2026-05-30T20:01:25.586+0000] {dag.py:3096} INFO - Sync 1 DAGs
[2026-05-30T20:01:25.608+0000] {logging_mixin.py:188} INFO - [2026-05-30T20:01:25.608+0000] {dag.py:3954} INFO - Setting next_dagrun for neuralretail_bronze_ingestion to 2026-05-29 02:00:00+00:00, run_after=2026-05-30 02:00:00+00:00
[2026-05-30T20:01:25.625+0000] {processor.py:183} INFO - Processing /opt/airflow/dags/dag_bronze_ingestion.py took 0.111 seconds
[2026-05-30T20:01:55.946+0000] {processor.py:161} INFO - Started process (PID=345) to work on /opt/airflow/dags/dag_bronze_ingestion.py
[2026-05-30T20:01:55.949+0000] {processor.py:830} INFO - Processing file /opt/airflow/dags/dag_bronze_ingestion.py for tasks to queue
[2026-05-30T20:01:55.952+0000] {logging_mixin.py:188} INFO - [2026-05-30T20:01:55.951+0000] {dagbag.py:540} INFO - Filling up the DagBag from /opt/airflow/dags/dag_bronze_ingestion.py
[2026-05-30T20:01:55.991+0000] {processor.py:840} INFO - DAG(s) 'neuralretail_bronze_ingestion' retrieved from /opt/airflow/dags/dag_bronze_ingestion.py
[2026-05-30T20:01:56.011+0000] {logging_mixin.py:188} INFO - [2026-05-30T20:01:56.011+0000] {dag.py:3096} INFO - Sync 1 DAGs
[2026-05-30T20:01:56.029+0000] {logging_mixin.py:188} INFO - [2026-05-30T20:01:56.029+0000] {dag.py:3954} INFO - Setting next_dagrun for neuralretail_bronze_ingestion to 2026-05-29 02:00:00+00:00, run_after=2026-05-30 02:00:00+00:00
[2026-05-30T20:01:56.047+0000] {processor.py:183} INFO - Processing /opt/airflow/dags/dag_bronze_ingestion.py took 0.116 seconds
[2026-05-30T20:02:27.019+0000] {processor.py:161} INFO - Started process (PID=365) to work on /opt/airflow/dags/dag_bronze_ingestion.py
[2026-05-30T20:02:27.022+0000] {processor.py:830} INFO - Processing file /opt/airflow/dags/dag_bronze_ingestion.py for tasks to queue
[2026-05-30T20:02:27.024+0000] {logging_mixin.py:188} INFO - [2026-05-30T20:02:27.024+0000] {dagbag.py:540} INFO - Filling up the DagBag from /opt/airflow/dags/dag_bronze_ingestion.py
[2026-05-30T20:02:27.074+0000] {processor.py:840} INFO - DAG(s) 'neuralretail_bronze_ingestion' retrieved from /opt/airflow/dags/dag_bronze_ingestion.py
[2026-05-30T20:02:27.106+0000] {logging_mixin.py:188} INFO - [2026-05-30T20:02:27.106+0000] {dag.py:3096} INFO - Sync 1 DAGs
[2026-05-30T20:02:27.126+0000] {logging_mixin.py:188} INFO - [2026-05-30T20:02:27.126+0000] {dag.py:3954} INFO - Setting next_dagrun for neuralretail_bronze_ingestion to 2026-05-29 02:00:00+00:00, run_after=2026-05-30 02:00:00+00:00
[2026-05-30T20:02:27.148+0000] {processor.py:183} INFO - Processing /opt/airflow/dags/dag_bronze_ingestion.py took 0.133 seconds
[2026-05-30T20:02:58.461+0000] {processor.py:161} INFO - Started process (PID=385) to work on /opt/airflow/dags/dag_bronze_ingestion.py
[2026-05-30T20:02:58.464+0000] {processor.py:830} INFO - Processing file /opt/airflow/dags/dag_bronze_ingestion.py for tasks to queue
[2026-05-30T20:02:58.466+0000] {logging_mixin.py:188} INFO - [2026-05-30T20:02:58.466+0000] {dagbag.py:540} INFO - Filling up the DagBag from /opt/airflow/dags/dag_bronze_ingestion.py
[2026-05-30T20:02:58.517+0000] {processor.py:840} INFO - DAG(s) 'neuralretail_bronze_ingestion' retrieved from /opt/airflow/dags/dag_bronze_ingestion.py
[2026-05-30T20:02:58.544+0000] {logging_mixin.py:188} INFO - [2026-05-30T20:02:58.543+0000] {dag.py:3096} INFO - Sync 1 DAGs
[2026-05-30T20:02:58.563+0000] {logging_mixin.py:188} INFO - [2026-05-30T20:02:58.563+0000] {dag.py:3954} INFO - Setting next_dagrun for neuralretail_bronze_ingestion to 2026-05-29 02:00:00+00:00, run_after=2026-05-30 02:00:00+00:00
[2026-05-30T20:02:58.592+0000] {processor.py:183} INFO - Processing /opt/airflow/dags/dag_bronze_ingestion.py took 0.144 seconds
[2026-05-30T20:03:29.143+0000] {processor.py:161} INFO - Started process (PID=407) to work on /opt/airflow/dags/dag_bronze_ingestion.py
[2026-05-30T20:03:29.145+0000] {processor.py:830} INFO - Processing file /opt/airflow/dags/dag_bronze_ingestion.py for tasks to queue
[2026-05-30T20:03:29.148+0000] {logging_mixin.py:188} INFO - [2026-05-30T20:03:29.148+0000] {dagbag.py:540} INFO - Filling up the DagBag from /opt/airflow/dags/dag_bronze_ingestion.py
[2026-05-30T20:03:29.222+0000] {processor.py:840} INFO - DAG(s) 'neuralretail_bronze_ingestion' retrieved from /opt/airflow/dags/dag_bronze_ingestion.py
[2026-05-30T20:03:29.261+0000] {logging_mixin.py:188} INFO - [2026-05-30T20:03:29.261+0000] {dag.py:3096} INFO - Sync 1 DAGs
[2026-05-30T20:03:29.286+0000] {logging_mixin.py:188} INFO - [2026-05-30T20:03:29.286+0000] {dag.py:3954} INFO - Setting next_dagrun for neuralretail_bronze_ingestion to 2026-05-29 02:00:00+00:00, run_after=2026-05-30 02:00:00+00:00
[2026-05-30T20:03:29.310+0000] {processor.py:183} INFO - Processing /opt/airflow/dags/dag_bronze_ingestion.py took 0.172 seconds
[2026-05-30T20:03:59.776+0000] {processor.py:161} INFO - Started process (PID=427) to work on /opt/airflow/dags/dag_bronze_ingestion.py
[2026-05-30T20:03:59.778+0000] {processor.py:830} INFO - Processing file /opt/airflow/dags/dag_bronze_ingestion.py for tasks to queue
[2026-05-30T20:03:59.780+0000] {logging_mixin.py:188} INFO - [2026-05-30T20:03:59.779+0000] {dagbag.py:540} INFO - Filling up the DagBag from /opt/airflow/dags/dag_bronze_ingestion.py
[2026-05-30T20:03:59.823+0000] {processor.py:840} INFO - DAG(s) 'neuralretail_bronze_ingestion' retrieved from /opt/airflow/dags/dag_bronze_ingestion.py
[2026-05-30T20:03:59.846+0000] {logging_mixin.py:188} INFO - [2026-05-30T20:03:59.845+0000] {dag.py:3096} INFO - Sync 1 DAGs
[2026-05-30T20:03:59.868+0000] {logging_mixin.py:188} INFO - [2026-05-30T20:03:59.868+0000] {dag.py:3954} INFO - Setting next_dagrun for neuralretail_bronze_ingestion to 2026-05-29 02:00:00+00:00, run_after=2026-05-30 02:00:00+00:00
[2026-05-30T20:03:59.895+0000] {processor.py:183} INFO - Processing /opt/airflow/dags/dag_bronze_ingestion.py took 0.123 seconds
[2026-05-30T20:04:30.800+0000] {processor.py:161} INFO - Started process (PID=447) to work on /opt/airflow/dags/dag_bronze_ingestion.py
[2026-05-30T20:04:30.802+0000] {processor.py:830} INFO - Processing file /opt/airflow/dags/dag_bronze_ingestion.py for tasks to queue
[2026-05-30T20:04:30.805+0000] {logging_mixin.py:188} INFO - [2026-05-30T20:04:30.804+0000] {dagbag.py:540} INFO - Filling up the DagBag from /opt/airflow/dags/dag_bronze_ingestion.py
[2026-05-30T20:04:30.873+0000] {processor.py:840} INFO - DAG(s) 'neuralretail_bronze_ingestion' retrieved from /opt/airflow/dags/dag_bronze_ingestion.py
[2026-05-30T20:04:30.927+0000] {logging_mixin.py:188} INFO - [2026-05-30T20:04:30.927+0000] {dag.py:3096} INFO - Sync 1 DAGs
[2026-05-30T20:04:30.971+0000] {logging_mixin.py:188} INFO - [2026-05-30T20:04:30.971+0000] {dag.py:3954} INFO - Setting next_dagrun for neuralretail_bronze_ingestion to 2026-05-29 02:00:00+00:00, run_after=2026-05-30 02:00:00+00:00
[2026-05-30T20:04:31.009+0000] {processor.py:183} INFO - Processing /opt/airflow/dags/dag_bronze_ingestion.py took 0.217 seconds
[2026-05-30T20:05:01.185+0000] {processor.py:161} INFO - Started process (PID=465) to work on /opt/airflow/dags/dag_bronze_ingestion.py
[2026-05-30T20:05:01.186+0000] {processor.py:830} INFO - Processing file /opt/airflow/dags/dag_bronze_ingestion.py for tasks to queue
[2026-05-30T20:05:01.189+0000] {logging_mixin.py:188} INFO - [2026-05-30T20:05:01.189+0000] {dagbag.py:540} INFO - Filling up the DagBag from /opt/airflow/dags/dag_bronze_ingestion.py
[2026-05-30T20:05:01.249+0000] {processor.py:840} INFO - DAG(s) 'neuralretail_bronze_ingestion' retrieved from /opt/airflow/dags/dag_bronze_ingestion.py
[2026-05-30T20:05:01.268+0000] {logging_mixin.py:188} INFO - [2026-05-30T20:05:01.268+0000] {dag.py:3096} INFO - Sync 1 DAGs
[2026-05-30T20:05:01.284+0000] {logging_mixin.py:188} INFO - [2026-05-30T20:05:01.284+0000] {dag.py:3954} INFO - Setting next_dagrun for neuralretail_bronze_ingestion to 2026-05-29 02:00:00+00:00, run_after=2026-05-30 02:00:00+00:00
[2026-05-30T20:05:01.303+0000] {processor.py:183} INFO - Processing /opt/airflow/dags/dag_bronze_ingestion.py took 0.130 seconds
[2026-05-30T20:05:32.531+0000] {processor.py:161} INFO - Started process (PID=487) to work on /opt/airflow/dags/dag_bronze_ingestion.py
[2026-05-30T20:05:32.533+0000] {processor.py:830} INFO - Processing file /opt/airflow/dags/dag_bronze_ingestion.py for tasks to queue
[2026-05-30T20:05:32.535+0000] {logging_mixin.py:188} INFO - [2026-05-30T20:05:32.535+0000] {dagbag.py:540} INFO - Filling up the DagBag from /opt/airflow/dags/dag_bronze_ingestion.py
[2026-05-30T20:05:32.609+0000] {processor.py:840} INFO - DAG(s) 'neuralretail_bronze_ingestion' retrieved from /opt/airflow/dags/dag_bronze_ingestion.py
[2026-05-30T20:05:32.633+0000] {logging_mixin.py:188} INFO - [2026-05-30T20:05:32.632+0000] {dag.py:3096} INFO - Sync 1 DAGs
[2026-05-30T20:05:32.652+0000] {logging_mixin.py:188} INFO - [2026-05-30T20:05:32.652+0000] {dag.py:3954} INFO - Setting next_dagrun for neuralretail_bronze_ingestion to 2026-05-29 02:00:00+00:00, run_after=2026-05-30 02:00:00+00:00
[2026-05-30T20:05:32.689+0000] {processor.py:183} INFO - Processing /opt/airflow/dags/dag_bronze_ingestion.py took 0.169 seconds
[2026-05-30T20:06:03.402+0000] {processor.py:161} INFO - Started process (PID=507) to work on /opt/airflow/dags/dag_bronze_ingestion.py
[2026-05-30T20:06:03.403+0000] {processor.py:830} INFO - Processing file /opt/airflow/dags/dag_bronze_ingestion.py for tasks to queue
[2026-05-30T20:06:03.405+0000] {logging_mixin.py:188} INFO - [2026-05-30T20:06:03.404+0000] {dagbag.py:540} INFO - Filling up the DagBag from /opt/airflow/dags/dag_bronze_ingestion.py
[2026-05-30T20:06:03.427+0000] {processor.py:840} INFO - DAG(s) 'neuralretail_bronze_ingestion' retrieved from /opt/airflow/dags/dag_bronze_ingestion.py
[2026-05-30T20:06:03.445+0000] {logging_mixin.py:188} INFO - [2026-05-30T20:06:03.445+0000] {dag.py:3096} INFO - Sync 1 DAGs
[2026-05-30T20:06:03.460+0000] {logging_mixin.py:188} INFO - [2026-05-30T20:06:03.460+0000] {dag.py:3954} INFO - Setting next_dagrun for neuralretail_bronze_ingestion to 2026-05-29 02:00:00+00:00, run_after=2026-05-30 02:00:00+00:00
[2026-05-30T20:06:03.491+0000] {processor.py:183} INFO - Processing /opt/airflow/dags/dag_bronze_ingestion.py took 0.093 seconds
[2026-05-30T20:06:34.351+0000] {processor.py:161} INFO - Started process (PID=527) to work on /opt/airflow/dags/dag_bronze_ingestion.py
[2026-05-30T20:06:34.353+0000] {processor.py:830} INFO - Processing file /opt/airflow/dags/dag_bronze_ingestion.py for tasks to queue
[2026-05-30T20:06:34.359+0000] {logging_mixin.py:188} INFO - [2026-05-30T20:06:34.359+0000] {dagbag.py:540} INFO - Filling up the DagBag from /opt/airflow/dags/dag_bronze_ingestion.py
[2026-05-30T20:06:34.409+0000] {processor.py:840} INFO - DAG(s) 'neuralretail_bronze_ingestion' retrieved from /opt/airflow/dags/dag_bronze_ingestion.py
[2026-05-30T20:06:34.429+0000] {logging_mixin.py:188} INFO - [2026-05-30T20:06:34.429+0000] {dag.py:3096} INFO - Sync 1 DAGs
[2026-05-30T20:06:34.450+0000] {logging_mixin.py:188} INFO - [2026-05-30T20:06:34.450+0000] {dag.py:3954} INFO - Setting next_dagrun for neuralretail_bronze_ingestion to 2026-05-29 02:00:00+00:00, run_after=2026-05-30 02:00:00+00:00
[2026-05-30T20:06:34.470+0000] {processor.py:183} INFO - Processing /opt/airflow/dags/dag_bronze_ingestion.py took 0.127 seconds
[2026-05-30T20:07:04.627+0000] {processor.py:161} INFO - Started process (PID=547) to work on /opt/airflow/dags/dag_bronze_ingestion.py
[2026-05-30T20:07:04.628+0000] {processor.py:830} INFO - Processing file /opt/airflow/dags/dag_bronze_ingestion.py for tasks to queue
[2026-05-30T20:07:04.630+0000] {logging_mixin.py:188} INFO - [2026-05-30T20:07:04.630+0000] {dagbag.py:540} INFO - Filling up the DagBag from /opt/airflow/dags/dag_bronze_ingestion.py
[2026-05-30T20:07:04.690+0000] {processor.py:840} INFO - DAG(s) 'neuralretail_bronze_ingestion' retrieved from /opt/airflow/dags/dag_bronze_ingestion.py
[2026-05-30T20:07:04.708+0000] {logging_mixin.py:188} INFO - [2026-05-30T20:07:04.708+0000] {dag.py:3096} INFO - Sync 1 DAGs
[2026-05-30T20:07:04.725+0000] {logging_mixin.py:188} INFO - [2026-05-30T20:07:04.725+0000] {dag.py:3954} INFO - Setting next_dagrun for neuralretail_bronze_ingestion to 2026-05-29 02:00:00+00:00, run_after=2026-05-30 02:00:00+00:00
[2026-05-30T20:07:04.742+0000] {processor.py:183} INFO - Processing /opt/airflow/dags/dag_bronze_ingestion.py took 0.123 seconds
[2026-05-30T20:07:35.181+0000] {processor.py:161} INFO - Started process (PID=567) to work on /opt/airflow/dags/dag_bronze_ingestion.py
[2026-05-30T20:07:35.182+0000] {processor.py:830} INFO - Processing file /opt/airflow/dags/dag_bronze_ingestion.py for tasks to queue
[2026-05-30T20:07:35.184+0000] {logging_mixin.py:188} INFO - [2026-05-30T20:07:35.184+0000] {dagbag.py:540} INFO - Filling up the DagBag from /opt/airflow/dags/dag_bronze_ingestion.py
[2026-05-30T20:07:35.210+0000] {processor.py:840} INFO - DAG(s) 'neuralretail_bronze_ingestion' retrieved from /opt/airflow/dags/dag_bronze_ingestion.py
[2026-05-30T20:07:35.233+0000] {logging_mixin.py:188} INFO - [2026-05-30T20:07:35.233+0000] {dag.py:3096} INFO - Sync 1 DAGs
[2026-05-30T20:07:35.254+0000] {logging_mixin.py:188} INFO - [2026-05-30T20:07:35.254+0000] {dag.py:3954} INFO - Setting next_dagrun for neuralretail_bronze_ingestion to 2026-05-29 02:00:00+00:00, run_after=2026-05-30 02:00:00+00:00
[2026-05-30T20:07:35.276+0000] {processor.py:183} INFO - Processing /opt/airflow/dags/dag_bronze_ingestion.py took 0.101 seconds
[2026-05-30T20:08:05.724+0000] {processor.py:161} INFO - Started process (PID=587) to work on /opt/airflow/dags/dag_bronze_ingestion.py
[2026-05-30T20:08:05.725+0000] {processor.py:830} INFO - Processing file /opt/airflow/dags/dag_bronze_ingestion.py for tasks to queue
[2026-05-30T20:08:05.727+0000] {logging_mixin.py:188} INFO - [2026-05-30T20:08:05.726+0000] {dagbag.py:540} INFO - Filling up the DagBag from /opt/airflow/dags/dag_bronze_ingestion.py
[2026-05-30T20:08:05.792+0000] {processor.py:840} INFO - DAG(s) 'neuralretail_bronze_ingestion' retrieved from /opt/airflow/dags/dag_bronze_ingestion.py
[2026-05-30T20:08:05.830+0000] {logging_mixin.py:188} INFO - [2026-05-30T20:08:05.830+0000] {dag.py:3096} INFO - Sync 1 DAGs
[2026-05-30T20:08:05.861+0000] {logging_mixin.py:188} INFO - [2026-05-30T20:08:05.861+0000] {dag.py:3954} INFO - Setting next_dagrun for neuralretail_bronze_ingestion to 2026-05-29 02:00:00+00:00, run_after=2026-05-30 02:00:00+00:00
[2026-05-30T20:08:05.884+0000] {processor.py:183} INFO - Processing /opt/airflow/dags/dag_bronze_ingestion.py took 0.173 seconds
[2026-05-30T20:08:36.251+0000] {processor.py:161} INFO - Started process (PID=607) to work on /opt/airflow/dags/dag_bronze_ingestion.py
[2026-05-30T20:08:36.252+0000] {processor.py:830} INFO - Processing file /opt/airflow/dags/dag_bronze_ingestion.py for tasks to queue
[2026-05-30T20:08:36.255+0000] {logging_mixin.py:188} INFO - [2026-05-30T20:08:36.254+0000] {dagbag.py:540} INFO - Filling up the DagBag from /opt/airflow/dags/dag_bronze_ingestion.py
[2026-05-30T20:08:36.322+0000] {processor.py:840} INFO - DAG(s) 'neuralretail_bronze_ingestion' retrieved from /opt/airflow/dags/dag_bronze_ingestion.py
[2026-05-30T20:08:36.340+0000] {logging_mixin.py:188} INFO - [2026-05-30T20:08:36.340+0000] {dag.py:3096} INFO - Sync 1 DAGs
[2026-05-30T20:08:36.355+0000] {logging_mixin.py:188} INFO - [2026-05-30T20:08:36.355+0000] {dag.py:3954} INFO - Setting next_dagrun for neuralretail_bronze_ingestion to 2026-05-29 02:00:00+00:00, run_after=2026-05-30 02:00:00+00:00
[2026-05-30T20:08:36.375+0000] {processor.py:183} INFO - Processing /opt/airflow/dags/dag_bronze_ingestion.py took 0.130 seconds
[2026-05-30T20:09:07.171+0000] {processor.py:161} INFO - Started process (PID=627) to work on /opt/airflow/dags/dag_bronze_ingestion.py
[2026-05-30T20:09:07.172+0000] {processor.py:830} INFO - Processing file /opt/airflow/dags/dag_bronze_ingestion.py for tasks to queue
[2026-05-30T20:09:07.174+0000] {logging_mixin.py:188} INFO - [2026-05-30T20:09:07.174+0000] {dagbag.py:540} INFO - Filling up the DagBag from /opt/airflow/dags/dag_bronze_ingestion.py
[2026-05-30T20:09:07.206+0000] {processor.py:840} INFO - DAG(s) 'neuralretail_bronze_ingestion' retrieved from /opt/airflow/dags/dag_bronze_ingestion.py
[2026-05-30T20:09:07.227+0000] {logging_mixin.py:188} INFO - [2026-05-30T20:09:07.227+0000] {dag.py:3096} INFO - Sync 1 DAGs
[2026-05-30T20:09:07.243+0000] {logging_mixin.py:188} INFO - [2026-05-30T20:09:07.243+0000] {dag.py:3954} INFO - Setting next_dagrun for neuralretail_bronze_ingestion to 2026-05-29 02:00:00+00:00, run_after=2026-05-30 02:00:00+00:00
[2026-05-30T20:09:07.262+0000] {processor.py:183} INFO - Processing /opt/airflow/dags/dag_bronze_ingestion.py took 0.096 seconds
[2026-05-30T20:09:37.835+0000] {processor.py:161} INFO - Started process (PID=647) to work on /opt/airflow/dags/dag_bronze_ingestion.py
[2026-05-30T20:09:37.836+0000] {processor.py:830} INFO - Processing file /opt/airflow/dags/dag_bronze_ingestion.py for tasks to queue
[2026-05-30T20:09:37.838+0000] {logging_mixin.py:188} INFO - [2026-05-30T20:09:37.838+0000] {dagbag.py:540} INFO - Filling up the DagBag from /opt/airflow/dags/dag_bronze_ingestion.py
[2026-05-30T20:09:37.909+0000] {processor.py:840} INFO - DAG(s) 'neuralretail_bronze_ingestion' retrieved from /opt/airflow/dags/dag_bronze_ingestion.py
[2026-05-30T20:09:37.928+0000] {logging_mixin.py:188} INFO - [2026-05-30T20:09:37.928+0000] {dag.py:3096} INFO - Sync 1 DAGs
[2026-05-30T20:09:37.944+0000] {logging_mixin.py:188} INFO - [2026-05-30T20:09:37.944+0000] {dag.py:3954} INFO - Setting next_dagrun for neuralretail_bronze_ingestion to 2026-05-29 02:00:00+00:00, run_after=2026-05-30 02:00:00+00:00
[2026-05-30T20:09:37.967+0000] {processor.py:183} INFO - Processing /opt/airflow/dags/dag_bronze_ingestion.py took 0.136 seconds
[2026-05-30T20:10:08.272+0000] {processor.py:161} INFO - Started process (PID=667) to work on /opt/airflow/dags/dag_bronze_ingestion.py
[2026-05-30T20:10:08.273+0000] {processor.py:830} INFO - Processing file /opt/airflow/dags/dag_bronze_ingestion.py for tasks to queue
[2026-05-30T20:10:08.275+0000] {logging_mixin.py:188} INFO - [2026-05-30T20:10:08.275+0000] {dagbag.py:540} INFO - Filling up the DagBag from /opt/airflow/dags/dag_bronze_ingestion.py
[2026-05-30T20:10:08.339+0000] {processor.py:840} INFO - DAG(s) 'neuralretail_bronze_ingestion' retrieved from /opt/airflow/dags/dag_bronze_ingestion.py
[2026-05-30T20:10:08.360+0000] {logging_mixin.py:188} INFO - [2026-05-30T20:10:08.359+0000] {dag.py:3096} INFO - Sync 1 DAGs
[2026-05-30T20:10:08.384+0000] {logging_mixin.py:188} INFO - [2026-05-30T20:10:08.384+0000] {dag.py:3954} INFO - Setting next_dagrun for neuralretail_bronze_ingestion to 2026-05-29 02:00:00+00:00, run_after=2026-05-30 02:00:00+00:00
[2026-05-30T20:10:08.404+0000] {processor.py:183} INFO - Processing /opt/airflow/dags/dag_bronze_ingestion.py took 0.140 seconds
[2026-05-30T20:10:39.172+0000] {processor.py:161} INFO - Started process (PID=687) to work on /opt/airflow/dags/dag_bronze_ingestion.py
[2026-05-30T20:10:39.173+0000] {processor.py:830} INFO - Processing file /opt/airflow/dags/dag_bronze_ingestion.py for tasks to queue
[2026-05-30T20:10:39.176+0000] {logging_mixin.py:188} INFO - [2026-05-30T20:10:39.176+0000] {dagbag.py:540} INFO - Filling up the DagBag from /opt/airflow/dags/dag_bronze_ingestion.py
[2026-05-30T20:10:39.275+0000] {processor.py:840} INFO - DAG(s) 'neuralretail_bronze_ingestion' retrieved from /opt/airflow/dags/dag_bronze_ingestion.py
[2026-05-30T20:10:39.306+0000] {logging_mixin.py:188} INFO - [2026-05-30T20:10:39.306+0000] {dag.py:3096} INFO - Sync 1 DAGs
[2026-05-30T20:10:39.322+0000] {logging_mixin.py:188} INFO - [2026-05-30T20:10:39.321+0000] {dag.py:3954} INFO - Setting next_dagrun for neuralretail_bronze_ingestion to 2026-05-29 02:00:00+00:00, run_after=2026-05-30 02:00:00+00:00
[2026-05-30T20:10:39.342+0000] {processor.py:183} INFO - Processing /opt/airflow/dags/dag_bronze_ingestion.py took 0.177 seconds
[2026-05-30T20:11:09.518+0000] {processor.py:161} INFO - Started process (PID=705) to work on /opt/airflow/dags/dag_bronze_ingestion.py
[2026-05-30T20:11:09.520+0000] {processor.py:830} INFO - Processing file /opt/airflow/dags/dag_bronze_ingestion.py for tasks to queue
[2026-05-30T20:11:09.522+0000] {logging_mixin.py:188} INFO - [2026-05-30T20:11:09.521+0000] {dagbag.py:540} INFO - Filling up the DagBag from /opt/airflow/dags/dag_bronze_ingestion.py
[2026-05-30T20:11:09.569+0000] {processor.py:840} INFO - DAG(s) 'neuralretail_bronze_ingestion' retrieved from /opt/airflow/dags/dag_bronze_ingestion.py
[2026-05-30T20:11:09.597+0000] {logging_mixin.py:188} INFO - [2026-05-30T20:11:09.596+0000] {dag.py:3096} INFO - Sync 1 DAGs
[2026-05-30T20:11:09.617+0000] {logging_mixin.py:188} INFO - [2026-05-30T20:11:09.617+0000] {dag.py:3954} INFO - Setting next_dagrun for neuralretail_bronze_ingestion to 2026-05-29 02:00:00+00:00, run_after=2026-05-30 02:00:00+00:00
[2026-05-30T20:11:09.645+0000] {processor.py:183} INFO - Processing /opt/airflow/dags/dag_bronze_ingestion.py took 0.132 seconds
[2026-05-30T20:11:39.981+0000] {processor.py:161} INFO - Started process (PID=725) to work on /opt/airflow/dags/dag_bronze_ingestion.py
[2026-05-30T20:11:39.984+0000] {processor.py:830} INFO - Processing file /opt/airflow/dags/dag_bronze_ingestion.py for tasks to queue
[2026-05-30T20:11:39.987+0000] {logging_mixin.py:188} INFO - [2026-05-30T20:11:39.986+0000] {dagbag.py:540} INFO - Filling up the DagBag from /opt/airflow/dags/dag_bronze_ingestion.py
[2026-05-30T20:11:40.076+0000] {processor.py:840} INFO - DAG(s) 'neuralretail_bronze_ingestion' retrieved from /opt/airflow/dags/dag_bronze_ingestion.py
[2026-05-30T20:11:40.115+0000] {logging_mixin.py:188} INFO - [2026-05-30T20:11:40.115+0000] {dag.py:3096} INFO - Sync 1 DAGs
[2026-05-30T20:11:40.177+0000] {logging_mixin.py:188} INFO - [2026-05-30T20:11:40.176+0000] {dag.py:3954} INFO - Setting next_dagrun for neuralretail_bronze_ingestion to 2026-05-29 02:00:00+00:00, run_after=2026-05-30 02:00:00+00:00
[2026-05-30T20:11:40.238+0000] {processor.py:183} INFO - Processing /opt/airflow/dags/dag_bronze_ingestion.py took 0.274 seconds
[2026-05-30T20:12:10.348+0000] {processor.py:161} INFO - Started process (PID=742) to work on /opt/airflow/dags/dag_bronze_ingestion.py
[2026-05-30T20:12:10.351+0000] {processor.py:830} INFO - Processing file /opt/airflow/dags/dag_bronze_ingestion.py for tasks to queue
[2026-05-30T20:12:10.354+0000] {logging_mixin.py:188} INFO - [2026-05-30T20:12:10.353+0000] {dagbag.py:540} INFO - Filling up the DagBag from /opt/airflow/dags/dag_bronze_ingestion.py
[2026-05-30T20:12:10.450+0000] {processor.py:840} INFO - DAG(s) 'neuralretail_bronze_ingestion' retrieved from /opt/airflow/dags/dag_bronze_ingestion.py
[2026-05-30T20:12:10.479+0000] {logging_mixin.py:188} INFO - [2026-05-30T20:12:10.479+0000] {dag.py:3096} INFO - Sync 1 DAGs
[2026-05-30T20:12:10.499+0000] {logging_mixin.py:188} INFO - [2026-05-30T20:12:10.499+0000] {dag.py:3954} INFO - Setting next_dagrun for neuralretail_bronze_ingestion to 2026-05-29 02:00:00+00:00, run_after=2026-05-30 02:00:00+00:00
[2026-05-30T20:12:10.521+0000] {processor.py:183} INFO - Processing /opt/airflow/dags/dag_bronze_ingestion.py took 0.182 seconds
[2026-05-30T20:12:40.915+0000] {processor.py:161} INFO - Started process (PID=761) to work on /opt/airflow/dags/dag_bronze_ingestion.py
[2026-05-30T20:12:40.916+0000] {processor.py:830} INFO - Processing file /opt/airflow/dags/dag_bronze_ingestion.py for tasks to queue
[2026-05-30T20:12:40.918+0000] {logging_mixin.py:188} INFO - [2026-05-30T20:12:40.917+0000] {dagbag.py:540} INFO - Filling up the DagBag from /opt/airflow/dags/dag_bronze_ingestion.py
[2026-05-30T20:12:40.984+0000] {processor.py:840} INFO - DAG(s) 'neuralretail_bronze_ingestion' retrieved from /opt/airflow/dags/dag_bronze_ingestion.py
[2026-05-30T20:12:41.034+0000] {logging_mixin.py:188} INFO - [2026-05-30T20:12:41.033+0000] {dag.py:3096} INFO - Sync 1 DAGs
[2026-05-30T20:12:41.081+0000] {logging_mixin.py:188} INFO - [2026-05-30T20:12:41.080+0000] {dag.py:3954} INFO - Setting next_dagrun for neuralretail_bronze_ingestion to 2026-05-29 02:00:00+00:00, run_after=2026-05-30 02:00:00+00:00
[2026-05-30T20:12:41.100+0000] {processor.py:183} INFO - Processing /opt/airflow/dags/dag_bronze_ingestion.py took 0.192 seconds
[2026-05-30T20:13:11.639+0000] {processor.py:161} INFO - Started process (PID=785) to work on /opt/airflow/dags/dag_bronze_ingestion.py
[2026-05-30T20:13:11.641+0000] {processor.py:830} INFO - Processing file /opt/airflow/dags/dag_bronze_ingestion.py for tasks to queue
[2026-05-30T20:13:11.645+0000] {logging_mixin.py:188} INFO - [2026-05-30T20:13:11.644+0000] {dagbag.py:540} INFO - Filling up the DagBag from /opt/airflow/dags/dag_bronze_ingestion.py
[2026-05-30T20:13:11.734+0000] {processor.py:840} INFO - DAG(s) 'neuralretail_bronze_ingestion' retrieved from /opt/airflow/dags/dag_bronze_ingestion.py
[2026-05-30T20:13:11.769+0000] {logging_mixin.py:188} INFO - [2026-05-30T20:13:11.769+0000] {dag.py:3096} INFO - Sync 1 DAGs
[2026-05-30T20:13:11.790+0000] {logging_mixin.py:188} INFO - [2026-05-30T20:13:11.790+0000] {dag.py:3954} INFO - Setting next_dagrun for neuralretail_bronze_ingestion to 2026-05-29 02:00:00+00:00, run_after=2026-05-30 02:00:00+00:00
[2026-05-30T20:13:11.809+0000] {processor.py:183} INFO - Processing /opt/airflow/dags/dag_bronze_ingestion.py took 0.182 seconds
[2026-05-30T20:13:43.194+0000] {processor.py:161} INFO - Started process (PID=807) to work on /opt/airflow/dags/dag_bronze_ingestion.py
[2026-05-30T20:13:43.197+0000] {processor.py:830} INFO - Processing file /opt/airflow/dags/dag_bronze_ingestion.py for tasks to queue
[2026-05-30T20:13:43.202+0000] {logging_mixin.py:188} INFO - [2026-05-30T20:13:43.201+0000] {dagbag.py:540} INFO - Filling up the DagBag from /opt/airflow/dags/dag_bronze_ingestion.py
[2026-05-30T20:13:43.297+0000] {processor.py:840} INFO - DAG(s) 'neuralretail_bronze_ingestion' retrieved from /opt/airflow/dags/dag_bronze_ingestion.py
[2026-05-30T20:13:43.342+0000] {logging_mixin.py:188} INFO - [2026-05-30T20:13:43.341+0000] {dag.py:3096} INFO - Sync 1 DAGs
[2026-05-30T20:13:43.360+0000] {logging_mixin.py:188} INFO - [2026-05-30T20:13:43.360+0000] {dag.py:3954} INFO - Setting next_dagrun for neuralretail_bronze_ingestion to 2026-05-29 02:00:00+00:00, run_after=2026-05-30 02:00:00+00:00
[2026-05-30T20:13:43.381+0000] {processor.py:183} INFO - Processing /opt/airflow/dags/dag_bronze_ingestion.py took 0.201 seconds
[2026-05-30T20:14:14.160+0000] {processor.py:161} INFO - Started process (PID=827) to work on /opt/airflow/dags/dag_bronze_ingestion.py
[2026-05-30T20:14:14.161+0000] {processor.py:830} INFO - Processing file /opt/airflow/dags/dag_bronze_ingestion.py for tasks to queue
[2026-05-30T20:14:14.163+0000] {logging_mixin.py:188} INFO - [2026-05-30T20:14:14.163+0000] {dagbag.py:540} INFO - Filling up the DagBag from /opt/airflow/dags/dag_bronze_ingestion.py
[2026-05-30T20:14:14.203+0000] {processor.py:840} INFO - DAG(s) 'neuralretail_bronze_ingestion' retrieved from /opt/airflow/dags/dag_bronze_ingestion.py
[2026-05-30T20:14:14.226+0000] {logging_mixin.py:188} INFO - [2026-05-30T20:14:14.225+0000] {dag.py:3096} INFO - Sync 1 DAGs
[2026-05-30T20:14:14.244+0000] {logging_mixin.py:188} INFO - [2026-05-30T20:14:14.244+0000] {dag.py:3954} INFO - Setting next_dagrun for neuralretail_bronze_ingestion to 2026-05-29 02:00:00+00:00, run_after=2026-05-30 02:00:00+00:00
[2026-05-30T20:14:14.267+0000] {processor.py:183} INFO - Processing /opt/airflow/dags/dag_bronze_ingestion.py took 0.112 seconds
[2026-05-30T20:14:44.576+0000] {processor.py:161} INFO - Started process (PID=847) to work on /opt/airflow/dags/dag_bronze_ingestion.py
[2026-05-30T20:14:44.577+0000] {processor.py:830} INFO - Processing file /opt/airflow/dags/dag_bronze_ingestion.py for tasks to queue
[2026-05-30T20:14:44.579+0000] {logging_mixin.py:188} INFO - [2026-05-30T20:14:44.579+0000] {dagbag.py:540} INFO - Filling up the DagBag from /opt/airflow/dags/dag_bronze_ingestion.py
[2026-05-30T20:14:44.646+0000] {processor.py:840} INFO - DAG(s) 'neuralretail_bronze_ingestion' retrieved from /opt/airflow/dags/dag_bronze_ingestion.py
[2026-05-30T20:14:44.669+0000] {logging_mixin.py:188} INFO - [2026-05-30T20:14:44.668+0000] {dag.py:3096} INFO - Sync 1 DAGs
[2026-05-30T20:14:44.687+0000] {logging_mixin.py:188} INFO - [2026-05-30T20:14:44.687+0000] {dag.py:3954} INFO - Setting next_dagrun for neuralretail_bronze_ingestion to 2026-05-29 02:00:00+00:00, run_after=2026-05-30 02:00:00+00:00
[2026-05-30T20:14:44.703+0000] {processor.py:183} INFO - Processing /opt/airflow/dags/dag_bronze_ingestion.py took 0.132 seconds
[2026-05-30T20:15:14.770+0000] {processor.py:161} INFO - Started process (PID=865) to work on /opt/airflow/dags/dag_bronze_ingestion.py
[2026-05-30T20:15:14.781+0000] {processor.py:830} INFO - Processing file /opt/airflow/dags/dag_bronze_ingestion.py for tasks to queue
[2026-05-30T20:15:14.784+0000] {logging_mixin.py:188} INFO - [2026-05-30T20:15:14.783+0000] {dagbag.py:540} INFO - Filling up the DagBag from /opt/airflow/dags/dag_bronze_ingestion.py
[2026-05-30T20:15:14.883+0000] {processor.py:840} INFO - DAG(s) 'neuralretail_bronze_ingestion' retrieved from /opt/airflow/dags/dag_bronze_ingestion.py
[2026-05-30T20:15:14.905+0000] {logging_mixin.py:188} INFO - [2026-05-30T20:15:14.905+0000] {dag.py:3096} INFO - Sync 1 DAGs
[2026-05-30T20:15:14.926+0000] {logging_mixin.py:188} INFO - [2026-05-30T20:15:14.925+0000] {dag.py:3954} INFO - Setting next_dagrun for neuralretail_bronze_ingestion to 2026-05-29 02:00:00+00:00, run_after=2026-05-30 02:00:00+00:00
[2026-05-30T20:15:14.947+0000] {processor.py:183} INFO - Processing /opt/airflow/dags/dag_bronze_ingestion.py took 0.182 seconds
[2026-05-30T20:15:45.136+0000] {processor.py:161} INFO - Started process (PID=885) to work on /opt/airflow/dags/dag_bronze_ingestion.py
[2026-05-30T20:15:45.137+0000] {processor.py:830} INFO - Processing file /opt/airflow/dags/dag_bronze_ingestion.py for tasks to queue
[2026-05-30T20:15:45.138+0000] {logging_mixin.py:188} INFO - [2026-05-30T20:15:45.138+0000] {dagbag.py:540} INFO - Filling up the DagBag from /opt/airflow/dags/dag_bronze_ingestion.py
[2026-05-30T20:15:45.171+0000] {processor.py:840} INFO - DAG(s) 'neuralretail_bronze_ingestion' retrieved from /opt/airflow/dags/dag_bronze_ingestion.py
[2026-05-30T20:15:45.191+0000] {logging_mixin.py:188} INFO - [2026-05-30T20:15:45.191+0000] {dag.py:3096} INFO - Sync 1 DAGs
[2026-05-30T20:15:45.211+0000] {logging_mixin.py:188} INFO - [2026-05-30T20:15:45.210+0000] {dag.py:3954} INFO - Setting next_dagrun for neuralretail_bronze_ingestion to 2026-05-29 02:00:00+00:00, run_after=2026-05-30 02:00:00+00:00
[2026-05-30T20:15:45.236+0000] {processor.py:183} INFO - Processing /opt/airflow/dags/dag_bronze_ingestion.py took 0.104 seconds
[2026-05-30T20:16:16.203+0000] {processor.py:161} INFO - Started process (PID=905) to work on /opt/airflow/dags/dag_bronze_ingestion.py
[2026-05-30T20:16:16.210+0000] {processor.py:830} INFO - Processing file /opt/airflow/dags/dag_bronze_ingestion.py for tasks to queue
[2026-05-30T20:16:16.214+0000] {logging_mixin.py:188} INFO - [2026-05-30T20:16:16.213+0000] {dagbag.py:540} INFO - Filling up the DagBag from /opt/airflow/dags/dag_bronze_ingestion.py
[2026-05-30T20:16:16.291+0000] {processor.py:840} INFO - DAG(s) 'neuralretail_bronze_ingestion' retrieved from /opt/airflow/dags/dag_bronze_ingestion.py
[2026-05-30T20:16:16.321+0000] {logging_mixin.py:188} INFO - [2026-05-30T20:16:16.321+0000] {dag.py:3096} INFO - Sync 1 DAGs
[2026-05-30T20:16:16.776+0000] {logging_mixin.py:188} INFO - [2026-05-30T20:16:16.776+0000] {dag.py:3954} INFO - Setting next_dagrun for neuralretail_bronze_ingestion to 2026-05-29 02:00:00+00:00, run_after=2026-05-30 02:00:00+00:00
[2026-05-30T20:16:16.810+0000] {processor.py:183} INFO - Processing /opt/airflow/dags/dag_bronze_ingestion.py took 0.617 seconds
[2026-05-30T20:16:47.563+0000] {processor.py:161} INFO - Started process (PID=927) to work on /opt/airflow/dags/dag_bronze_ingestion.py
[2026-05-30T20:16:47.563+0000] {processor.py:830} INFO - Processing file /opt/airflow/dags/dag_bronze_ingestion.py for tasks to queue
[2026-05-30T20:16:47.565+0000] {logging_mixin.py:188} INFO - [2026-05-30T20:16:47.565+0000] {dagbag.py:540} INFO - Filling up the DagBag from /opt/airflow/dags/dag_bronze_ingestion.py
[2026-05-30T20:16:47.608+0000] {processor.py:840} INFO - DAG(s) 'neuralretail_bronze_ingestion' retrieved from /opt/airflow/dags/dag_bronze_ingestion.py
[2026-05-30T20:16:47.638+0000] {logging_mixin.py:188} INFO - [2026-05-30T20:16:47.638+0000] {dag.py:3096} INFO - Sync 1 DAGs
[2026-05-30T20:16:47.666+0000] {logging_mixin.py:188} INFO - [2026-05-30T20:16:47.666+0000] {dag.py:3954} INFO - Setting next_dagrun for neuralretail_bronze_ingestion to 2026-05-29 02:00:00+00:00, run_after=2026-05-30 02:00:00+00:00
[2026-05-30T20:16:47.721+0000] {processor.py:183} INFO - Processing /opt/airflow/dags/dag_bronze_ingestion.py took 0.162 seconds
[2026-05-30T20:17:17.800+0000] {processor.py:161} INFO - Started process (PID=945) to work on /opt/airflow/dags/dag_bronze_ingestion.py
[2026-05-30T20:17:17.802+0000] {processor.py:830} INFO - Processing file /opt/airflow/dags/dag_bronze_ingestion.py for tasks to queue
[2026-05-30T20:17:17.805+0000] {logging_mixin.py:188} INFO - [2026-05-30T20:17:17.804+0000] {dagbag.py:540} INFO - Filling up the DagBag from /opt/airflow/dags/dag_bronze_ingestion.py
[2026-05-30T20:17:17.843+0000] {processor.py:840} INFO - DAG(s) 'neuralretail_bronze_ingestion' retrieved from /opt/airflow/dags/dag_bronze_ingestion.py
[2026-05-30T20:17:17.865+0000] {logging_mixin.py:188} INFO - [2026-05-30T20:17:17.865+0000] {dag.py:3096} INFO - Sync 1 DAGs
[2026-05-30T20:17:17.890+0000] {logging_mixin.py:188} INFO - [2026-05-30T20:17:17.890+0000] {dag.py:3954} INFO - Setting next_dagrun for neuralretail_bronze_ingestion to 2026-05-29 02:00:00+00:00, run_after=2026-05-30 02:00:00+00:00
[2026-05-30T20:17:17.913+0000] {processor.py:183} INFO - Processing /opt/airflow/dags/dag_bronze_ingestion.py took 0.122 seconds
[2026-05-30T20:17:48.149+0000] {processor.py:161} INFO - Started process (PID=965) to work on /opt/airflow/dags/dag_bronze_ingestion.py
[2026-05-30T20:17:48.150+0000] {processor.py:830} INFO - Processing file /opt/airflow/dags/dag_bronze_ingestion.py for tasks to queue
[2026-05-30T20:17:48.152+0000] {logging_mixin.py:188} INFO - [2026-05-30T20:17:48.152+0000] {dagbag.py:540} INFO - Filling up the DagBag from /opt/airflow/dags/dag_bronze_ingestion.py
[2026-05-30T20:17:48.198+0000] {processor.py:840} INFO - DAG(s) 'neuralretail_bronze_ingestion' retrieved from /opt/airflow/dags/dag_bronze_ingestion.py
[2026-05-30T20:17:48.235+0000] {logging_mixin.py:188} INFO - [2026-05-30T20:17:48.235+0000] {dag.py:3096} INFO - Sync 1 DAGs
[2026-05-30T20:17:48.268+0000] {logging_mixin.py:188} INFO - [2026-05-30T20:17:48.268+0000] {dag.py:3954} INFO - Setting next_dagrun for neuralretail_bronze_ingestion to 2026-05-29 02:00:00+00:00, run_after=2026-05-30 02:00:00+00:00
[2026-05-30T20:17:48.289+0000] {processor.py:183} INFO - Processing /opt/airflow/dags/dag_bronze_ingestion.py took 0.144 seconds
[2026-05-30T20:18:19.010+0000] {processor.py:161} INFO - Started process (PID=985) to work on /opt/airflow/dags/dag_bronze_ingestion.py
[2026-05-30T20:18:19.011+0000] {processor.py:830} INFO - Processing file /opt/airflow/dags/dag_bronze_ingestion.py for tasks to queue
[2026-05-30T20:18:19.013+0000] {logging_mixin.py:188} INFO - [2026-05-30T20:18:19.013+0000] {dagbag.py:540} INFO - Filling up the DagBag from /opt/airflow/dags/dag_bronze_ingestion.py
[2026-05-30T20:18:19.050+0000] {processor.py:840} INFO - DAG(s) 'neuralretail_bronze_ingestion' retrieved from /opt/airflow/dags/dag_bronze_ingestion.py
[2026-05-30T20:18:19.070+0000] {logging_mixin.py:188} INFO - [2026-05-30T20:18:19.070+0000] {dag.py:3096} INFO - Sync 1 DAGs
[2026-05-30T20:18:19.087+0000] {logging_mixin.py:188} INFO - [2026-05-30T20:18:19.087+0000] {dag.py:3954} INFO - Setting next_dagrun for neuralretail_bronze_ingestion to 2026-05-29 02:00:00+00:00, run_after=2026-05-30 02:00:00+00:00
[2026-05-30T20:18:19.106+0000] {processor.py:183} INFO - Processing /opt/airflow/dags/dag_bronze_ingestion.py took 0.103 seconds
[2026-05-30T20:18:50.001+0000] {processor.py:161} INFO - Started process (PID=1005) to work on /opt/airflow/dags/dag_bronze_ingestion.py
[2026-05-30T20:18:50.004+0000] {processor.py:830} INFO - Processing file /opt/airflow/dags/dag_bronze_ingestion.py for tasks to queue
[2026-05-30T20:18:50.007+0000] {logging_mixin.py:188} INFO - [2026-05-30T20:18:50.007+0000] {dagbag.py:540} INFO - Filling up the DagBag from /opt/airflow/dags/dag_bronze_ingestion.py
[2026-05-30T20:18:50.075+0000] {processor.py:840} INFO - DAG(s) 'neuralretail_bronze_ingestion' retrieved from /opt/airflow/dags/dag_bronze_ingestion.py
[2026-05-30T20:18:50.115+0000] {logging_mixin.py:188} INFO - [2026-05-30T20:18:50.115+0000] {dag.py:3096} INFO - Sync 1 DAGs
[2026-05-30T20:18:50.292+0000] {logging_mixin.py:188} INFO - [2026-05-30T20:18:50.291+0000] {dag.py:3954} INFO - Setting next_dagrun for neuralretail_bronze_ingestion to 2026-05-29 02:00:00+00:00, run_after=2026-05-30 02:00:00+00:00
[2026-05-30T20:18:50.310+0000] {processor.py:183} INFO - Processing /opt/airflow/dags/dag_bronze_ingestion.py took 0.318 seconds
[2026-05-30T20:19:20.788+0000] {processor.py:161} INFO - Started process (PID=1025) to work on /opt/airflow/dags/dag_bronze_ingestion.py
[2026-05-30T20:19:20.792+0000] {processor.py:830} INFO - Processing file /opt/airflow/dags/dag_bronze_ingestion.py for tasks to queue
[2026-05-30T20:19:20.800+0000] {logging_mixin.py:188} INFO - [2026-05-30T20:19:20.798+0000] {dagbag.py:540} INFO - Filling up the DagBag from /opt/airflow/dags/dag_bronze_ingestion.py
[2026-05-30T20:19:20.925+0000] {processor.py:840} INFO - DAG(s) 'neuralretail_bronze_ingestion' retrieved from /opt/airflow/dags/dag_bronze_ingestion.py
[2026-05-30T20:19:21.001+0000] {logging_mixin.py:188} INFO - [2026-05-30T20:19:21.000+0000] {dag.py:3096} INFO - Sync 1 DAGs
[2026-05-30T20:19:21.044+0000] {logging_mixin.py:188} INFO - [2026-05-30T20:19:21.044+0000] {dag.py:3954} INFO - Setting next_dagrun for neuralretail_bronze_ingestion to 2026-05-29 02:00:00+00:00, run_after=2026-05-30 02:00:00+00:00
[2026-05-30T20:19:21.098+0000] {processor.py:183} INFO - Processing /opt/airflow/dags/dag_bronze_ingestion.py took 0.327 seconds
[2026-05-30T20:19:51.281+0000] {processor.py:161} INFO - Started process (PID=1045) to work on /opt/airflow/dags/dag_bronze_ingestion.py
[2026-05-30T20:19:51.283+0000] {processor.py:830} INFO - Processing file /opt/airflow/dags/dag_bronze_ingestion.py for tasks to queue
[2026-05-30T20:19:51.285+0000] {logging_mixin.py:188} INFO - [2026-05-30T20:19:51.285+0000] {dagbag.py:540} INFO - Filling up the DagBag from /opt/airflow/dags/dag_bronze_ingestion.py
[2026-05-30T20:19:51.330+0000] {processor.py:840} INFO - DAG(s) 'neuralretail_bronze_ingestion' retrieved from /opt/airflow/dags/dag_bronze_ingestion.py
[2026-05-30T20:19:51.355+0000] {logging_mixin.py:188} INFO - [2026-05-30T20:19:51.355+0000] {dag.py:3096} INFO - Sync 1 DAGs
[2026-05-30T20:19:51.490+0000] {logging_mixin.py:188} INFO - [2026-05-30T20:19:51.490+0000] {dag.py:3954} INFO - Setting next_dagrun for neuralretail_bronze_ingestion to 2026-05-29 02:00:00+00:00, run_after=2026-05-30 02:00:00+00:00
[2026-05-30T20:19:51.505+0000] {processor.py:183} INFO - Processing /opt/airflow/dags/dag_bronze_ingestion.py took 0.233 seconds
[2026-05-30T20:20:21.576+0000] {processor.py:161} INFO - Started process (PID=1065) to work on /opt/airflow/dags/dag_bronze_ingestion.py
[2026-05-30T20:20:21.577+0000] {processor.py:830} INFO - Processing file /opt/airflow/dags/dag_bronze_ingestion.py for tasks to queue
[2026-05-30T20:20:21.579+0000] {logging_mixin.py:188} INFO - [2026-05-30T20:20:21.579+0000] {dagbag.py:540} INFO - Filling up the DagBag from /opt/airflow/dags/dag_bronze_ingestion.py
[2026-05-30T20:20:21.744+0000] {processor.py:840} INFO - DAG(s) 'neuralretail_bronze_ingestion' retrieved from /opt/airflow/dags/dag_bronze_ingestion.py
[2026-05-30T20:20:21.760+0000] {logging_mixin.py:188} INFO - [2026-05-30T20:20:21.760+0000] {dag.py:3096} INFO - Sync 1 DAGs
[2026-05-30T20:20:21.774+0000] {logging_mixin.py:188} INFO - [2026-05-30T20:20:21.773+0000] {dag.py:3954} INFO - Setting next_dagrun for neuralretail_bronze_ingestion to 2026-05-29 02:00:00+00:00, run_after=2026-05-30 02:00:00+00:00
[2026-05-30T20:20:21.787+0000] {processor.py:183} INFO - Processing /opt/airflow/dags/dag_bronze_ingestion.py took 0.219 seconds
[2026-05-30T20:20:52.199+0000] {processor.py:161} INFO - Started process (PID=1085) to work on /opt/airflow/dags/dag_bronze_ingestion.py
[2026-05-30T20:20:52.201+0000] {processor.py:830} INFO - Processing file /opt/airflow/dags/dag_bronze_ingestion.py for tasks to queue
[2026-05-30T20:20:52.203+0000] {logging_mixin.py:188} INFO - [2026-05-30T20:20:52.203+0000] {dagbag.py:540} INFO - Filling up the DagBag from /opt/airflow/dags/dag_bronze_ingestion.py
[2026-05-30T20:20:52.245+0000] {processor.py:840} INFO - DAG(s) 'neuralretail_bronze_ingestion' retrieved from /opt/airflow/dags/dag_bronze_ingestion.py
[2026-05-30T20:20:52.266+0000] {logging_mixin.py:188} INFO - [2026-05-30T20:20:52.266+0000] {dag.py:3096} INFO - Sync 1 DAGs
[2026-05-30T20:20:52.287+0000] {logging_mixin.py:188} INFO - [2026-05-30T20:20:52.287+0000] {dag.py:3954} INFO - Setting next_dagrun for neuralretail_bronze_ingestion to 2026-05-29 02:00:00+00:00, run_after=2026-05-30 02:00:00+00:00
[2026-05-30T20:20:52.308+0000] {processor.py:183} INFO - Processing /opt/airflow/dags/dag_bronze_ingestion.py took 0.114 seconds
[2026-05-30T20:21:22.523+0000] {processor.py:161} INFO - Started process (PID=1105) to work on /opt/airflow/dags/dag_bronze_ingestion.py
[2026-05-30T20:21:22.527+0000] {processor.py:830} INFO - Processing file /opt/airflow/dags/dag_bronze_ingestion.py for tasks to queue
[2026-05-30T20:21:22.537+0000] {logging_mixin.py:188} INFO - [2026-05-30T20:21:22.537+0000] {dagbag.py:540} INFO - Filling up the DagBag from /opt/airflow/dags/dag_bronze_ingestion.py
[2026-05-30T20:21:22.611+0000] {processor.py:840} INFO - DAG(s) 'neuralretail_bronze_ingestion' retrieved from /opt/airflow/dags/dag_bronze_ingestion.py
[2026-05-30T20:21:22.643+0000] {logging_mixin.py:188} INFO - [2026-05-30T20:21:22.643+0000] {dag.py:3096} INFO - Sync 1 DAGs
[2026-05-30T20:21:22.672+0000] {logging_mixin.py:188} INFO - [2026-05-30T20:21:22.672+0000] {dag.py:3954} INFO - Setting next_dagrun for neuralretail_bronze_ingestion to 2026-05-29 02:00:00+00:00, run_after=2026-05-30 02:00:00+00:00
[2026-05-30T20:21:22.691+0000] {processor.py:183} INFO - Processing /opt/airflow/dags/dag_bronze_ingestion.py took 0.178 seconds
[2026-05-30T20:21:53.242+0000] {processor.py:161} INFO - Started process (PID=1125) to work on /opt/airflow/dags/dag_bronze_ingestion.py
[2026-05-30T20:21:53.244+0000] {processor.py:830} INFO - Processing file /opt/airflow/dags/dag_bronze_ingestion.py for tasks to queue
[2026-05-30T20:21:53.247+0000] {logging_mixin.py:188} INFO - [2026-05-30T20:21:53.246+0000] {dagbag.py:540} INFO - Filling up the DagBag from /opt/airflow/dags/dag_bronze_ingestion.py
[2026-05-30T20:21:53.328+0000] {processor.py:840} INFO - DAG(s) 'neuralretail_bronze_ingestion' retrieved from /opt/airflow/dags/dag_bronze_ingestion.py
[2026-05-30T20:21:53.348+0000] {logging_mixin.py:188} INFO - [2026-05-30T20:21:53.347+0000] {dag.py:3096} INFO - Sync 1 DAGs
[2026-05-30T20:21:53.363+0000] {logging_mixin.py:188} INFO - [2026-05-30T20:21:53.363+0000] {dag.py:3954} INFO - Setting next_dagrun for neuralretail_bronze_ingestion to 2026-05-29 02:00:00+00:00, run_after=2026-05-30 02:00:00+00:00
[2026-05-30T20:21:53.385+0000] {processor.py:183} INFO - Processing /opt/airflow/dags/dag_bronze_ingestion.py took 0.152 seconds
[2026-05-30T20:22:23.853+0000] {processor.py:161} INFO - Started process (PID=1147) to work on /opt/airflow/dags/dag_bronze_ingestion.py
[2026-05-30T20:22:23.854+0000] {processor.py:830} INFO - Processing file /opt/airflow/dags/dag_bronze_ingestion.py for tasks to queue
[2026-05-30T20:22:23.858+0000] {logging_mixin.py:188} INFO - [2026-05-30T20:22:23.857+0000] {dagbag.py:540} INFO - Filling up the DagBag from /opt/airflow/dags/dag_bronze_ingestion.py
[2026-05-30T20:22:23.924+0000] {processor.py:840} INFO - DAG(s) 'neuralretail_bronze_ingestion' retrieved from /opt/airflow/dags/dag_bronze_ingestion.py
[2026-05-30T20:22:23.944+0000] {logging_mixin.py:188} INFO - [2026-05-30T20:22:23.944+0000] {dag.py:3096} INFO - Sync 1 DAGs
[2026-05-30T20:22:23.960+0000] {logging_mixin.py:188} INFO - [2026-05-30T20:22:23.960+0000] {dag.py:3954} INFO - Setting next_dagrun for neuralretail_bronze_ingestion to 2026-05-29 02:00:00+00:00, run_after=2026-05-30 02:00:00+00:00
[2026-05-30T20:22:23.978+0000] {processor.py:183} INFO - Processing /opt/airflow/dags/dag_bronze_ingestion.py took 0.134 seconds
[2026-05-30T20:22:54.764+0000] {processor.py:161} INFO - Started process (PID=1165) to work on /opt/airflow/dags/dag_bronze_ingestion.py
[2026-05-30T20:22:54.766+0000] {processor.py:830} INFO - Processing file /opt/airflow/dags/dag_bronze_ingestion.py for tasks to queue
[2026-05-30T20:22:54.769+0000] {logging_mixin.py:188} INFO - [2026-05-30T20:22:54.769+0000] {dagbag.py:540} INFO - Filling up the DagBag from /opt/airflow/dags/dag_bronze_ingestion.py
[2026-05-30T20:22:54.812+0000] {processor.py:840} INFO - DAG(s) 'neuralretail_bronze_ingestion' retrieved from /opt/airflow/dags/dag_bronze_ingestion.py
[2026-05-30T20:22:54.832+0000] {logging_mixin.py:188} INFO - [2026-05-30T20:22:54.832+0000] {dag.py:3096} INFO - Sync 1 DAGs
[2026-05-30T20:22:54.848+0000] {logging_mixin.py:188} INFO - [2026-05-30T20:22:54.848+0000] {dag.py:3954} INFO - Setting next_dagrun for neuralretail_bronze_ingestion to 2026-05-29 02:00:00+00:00, run_after=2026-05-30 02:00:00+00:00
[2026-05-30T20:22:54.877+0000] {processor.py:183} INFO - Processing /opt/airflow/dags/dag_bronze_ingestion.py took 0.121 seconds
[2026-05-30T20:23:26.151+0000] {processor.py:161} INFO - Started process (PID=1187) to work on /opt/airflow/dags/dag_bronze_ingestion.py
[2026-05-30T20:23:26.153+0000] {processor.py:830} INFO - Processing file /opt/airflow/dags/dag_bronze_ingestion.py for tasks to queue
[2026-05-30T20:23:26.155+0000] {logging_mixin.py:188} INFO - [2026-05-30T20:23:26.154+0000] {dagbag.py:540} INFO - Filling up the DagBag from /opt/airflow/dags/dag_bronze_ingestion.py
[2026-05-30T20:23:26.218+0000] {processor.py:840} INFO - DAG(s) 'neuralretail_bronze_ingestion' retrieved from /opt/airflow/dags/dag_bronze_ingestion.py
[2026-05-30T20:23:26.239+0000] {logging_mixin.py:188} INFO - [2026-05-30T20:23:26.238+0000] {dag.py:3096} INFO - Sync 1 DAGs
[2026-05-30T20:23:26.262+0000] {logging_mixin.py:188} INFO - [2026-05-30T20:23:26.262+0000] {dag.py:3954} INFO - Setting next_dagrun for neuralretail_bronze_ingestion to 2026-05-29 02:00:00+00:00, run_after=2026-05-30 02:00:00+00:00
[2026-05-30T20:23:26.284+0000] {processor.py:183} INFO - Processing /opt/airflow/dags/dag_bronze_ingestion.py took 0.141 seconds
[2026-05-30T20:23:56.480+0000] {processor.py:161} INFO - Started process (PID=1207) to work on /opt/airflow/dags/dag_bronze_ingestion.py
[2026-05-30T20:23:56.482+0000] {processor.py:830} INFO - Processing file /opt/airflow/dags/dag_bronze_ingestion.py for tasks to queue
[2026-05-30T20:23:56.484+0000] {logging_mixin.py:188} INFO - [2026-05-30T20:23:56.484+0000] {dagbag.py:540} INFO - Filling up the DagBag from /opt/airflow/dags/dag_bronze_ingestion.py
[2026-05-30T20:23:56.556+0000] {processor.py:840} INFO - DAG(s) 'neuralretail_bronze_ingestion' retrieved from /opt/airflow/dags/dag_bronze_ingestion.py
[2026-05-30T20:23:56.578+0000] {logging_mixin.py:188} INFO - [2026-05-30T20:23:56.577+0000] {dag.py:3096} INFO - Sync 1 DAGs
[2026-05-30T20:23:56.595+0000] {logging_mixin.py:188} INFO - [2026-05-30T20:23:56.595+0000] {dag.py:3954} INFO - Setting next_dagrun for neuralretail_bronze_ingestion to 2026-05-29 02:00:00+00:00, run_after=2026-05-30 02:00:00+00:00
[2026-05-30T20:23:56.612+0000] {processor.py:183} INFO - Processing /opt/airflow/dags/dag_bronze_ingestion.py took 0.142 seconds
[2026-05-30T20:24:26.719+0000] {processor.py:161} INFO - Started process (PID=1227) to work on /opt/airflow/dags/dag_bronze_ingestion.py
[2026-05-30T20:24:26.721+0000] {processor.py:830} INFO - Processing file /opt/airflow/dags/dag_bronze_ingestion.py for tasks to queue
[2026-05-30T20:24:26.723+0000] {logging_mixin.py:188} INFO - [2026-05-30T20:24:26.723+0000] {dagbag.py:540} INFO - Filling up the DagBag from /opt/airflow/dags/dag_bronze_ingestion.py
[2026-05-30T20:24:26.775+0000] {processor.py:840} INFO - DAG(s) 'neuralretail_bronze_ingestion' retrieved from /opt/airflow/dags/dag_bronze_ingestion.py
[2026-05-30T20:24:26.794+0000] {logging_mixin.py:188} INFO - [2026-05-30T20:24:26.793+0000] {dag.py:3096} INFO - Sync 1 DAGs
[2026-05-30T20:24:26.809+0000] {logging_mixin.py:188} INFO - [2026-05-30T20:24:26.809+0000] {dag.py:3954} INFO - Setting next_dagrun for neuralretail_bronze_ingestion to 2026-05-29 02:00:00+00:00, run_after=2026-05-30 02:00:00+00:00
[2026-05-30T20:24:26.831+0000] {processor.py:183} INFO - Processing /opt/airflow/dags/dag_bronze_ingestion.py took 0.119 seconds
[2026-05-30T20:24:57.124+0000] {processor.py:161} INFO - Started process (PID=1247) to work on /opt/airflow/dags/dag_bronze_ingestion.py
[2026-05-30T20:24:57.126+0000] {processor.py:830} INFO - Processing file /opt/airflow/dags/dag_bronze_ingestion.py for tasks to queue
[2026-05-30T20:24:57.128+0000] {logging_mixin.py:188} INFO - [2026-05-30T20:24:57.128+0000] {dagbag.py:540} INFO - Filling up the DagBag from /opt/airflow/dags/dag_bronze_ingestion.py
[2026-05-30T20:24:57.207+0000] {processor.py:840} INFO - DAG(s) 'neuralretail_bronze_ingestion' retrieved from /opt/airflow/dags/dag_bronze_ingestion.py
[2026-05-30T20:24:57.227+0000] {logging_mixin.py:188} INFO - [2026-05-30T20:24:57.227+0000] {dag.py:3096} INFO - Sync 1 DAGs
[2026-05-30T20:24:57.244+0000] {logging_mixin.py:188} INFO - [2026-05-30T20:24:57.244+0000] {dag.py:3954} INFO - Setting next_dagrun for neuralretail_bronze_ingestion to 2026-05-29 02:00:00+00:00, run_after=2026-05-30 02:00:00+00:00
[2026-05-30T20:24:57.261+0000] {processor.py:183} INFO - Processing /opt/airflow/dags/dag_bronze_ingestion.py took 0.146 seconds
[2026-05-30T20:25:27.711+0000] {processor.py:161} INFO - Started process (PID=1267) to work on /opt/airflow/dags/dag_bronze_ingestion.py
[2026-05-30T20:25:27.712+0000] {processor.py:830} INFO - Processing file /opt/airflow/dags/dag_bronze_ingestion.py for tasks to queue
[2026-05-30T20:25:27.714+0000] {logging_mixin.py:188} INFO - [2026-05-30T20:25:27.714+0000] {dagbag.py:540} INFO - Filling up the DagBag from /opt/airflow/dags/dag_bronze_ingestion.py
[2026-05-30T20:25:27.755+0000] {processor.py:840} INFO - DAG(s) 'neuralretail_bronze_ingestion' retrieved from /opt/airflow/dags/dag_bronze_ingestion.py
[2026-05-30T20:25:27.793+0000] {logging_mixin.py:188} INFO - [2026-05-30T20:25:27.792+0000] {dag.py:3096} INFO - Sync 1 DAGs
[2026-05-30T20:25:27.822+0000] {logging_mixin.py:188} INFO - [2026-05-30T20:25:27.822+0000] {dag.py:3954} INFO - Setting next_dagrun for neuralretail_bronze_ingestion to 2026-05-29 02:00:00+00:00, run_after=2026-05-30 02:00:00+00:00
[2026-05-30T20:25:27.846+0000] {processor.py:183} INFO - Processing /opt/airflow/dags/dag_bronze_ingestion.py took 0.143 seconds
[2026-05-30T20:25:58.228+0000] {processor.py:161} INFO - Started process (PID=1285) to work on /opt/airflow/dags/dag_bronze_ingestion.py
[2026-05-30T20:25:58.230+0000] {processor.py:830} INFO - Processing file /opt/airflow/dags/dag_bronze_ingestion.py for tasks to queue
[2026-05-30T20:25:58.232+0000] {logging_mixin.py:188} INFO - [2026-05-30T20:25:58.231+0000] {dagbag.py:540} INFO - Filling up the DagBag from /opt/airflow/dags/dag_bronze_ingestion.py
[2026-05-30T20:25:58.265+0000] {processor.py:840} INFO - DAG(s) 'neuralretail_bronze_ingestion' retrieved from /opt/airflow/dags/dag_bronze_ingestion.py
[2026-05-30T20:25:58.285+0000] {logging_mixin.py:188} INFO - [2026-05-30T20:25:58.284+0000] {dag.py:3096} INFO - Sync 1 DAGs
[2026-05-30T20:25:58.315+0000] {logging_mixin.py:188} INFO - [2026-05-30T20:25:58.314+0000] {dag.py:3954} INFO - Setting next_dagrun for neuralretail_bronze_ingestion to 2026-05-29 02:00:00+00:00, run_after=2026-05-30 02:00:00+00:00
[2026-05-30T20:25:58.338+0000] {processor.py:183} INFO - Processing /opt/airflow/dags/dag_bronze_ingestion.py took 0.114 seconds
[2026-05-30T20:26:29.571+0000] {processor.py:161} INFO - Started process (PID=1307) to work on /opt/airflow/dags/dag_bronze_ingestion.py
[2026-05-30T20:26:29.576+0000] {processor.py:830} INFO - Processing file /opt/airflow/dags/dag_bronze_ingestion.py for tasks to queue
[2026-05-30T20:26:29.580+0000] {logging_mixin.py:188} INFO - [2026-05-30T20:26:29.579+0000] {dagbag.py:540} INFO - Filling up the DagBag from /opt/airflow/dags/dag_bronze_ingestion.py
[2026-05-30T20:26:29.634+0000] {processor.py:840} INFO - DAG(s) 'neuralretail_bronze_ingestion' retrieved from /opt/airflow/dags/dag_bronze_ingestion.py
[2026-05-30T20:26:29.654+0000] {logging_mixin.py:188} INFO - [2026-05-30T20:26:29.653+0000] {dag.py:3096} INFO - Sync 1 DAGs
[2026-05-30T20:26:29.674+0000] {logging_mixin.py:188} INFO - [2026-05-30T20:26:29.674+0000] {dag.py:3954} INFO - Setting next_dagrun for neuralretail_bronze_ingestion to 2026-05-29 02:00:00+00:00, run_after=2026-05-30 02:00:00+00:00
[2026-05-30T20:26:29.695+0000] {processor.py:183} INFO - Processing /opt/airflow/dags/dag_bronze_ingestion.py took 0.132 seconds
[2026-05-30T20:27:01.107+0000] {processor.py:161} INFO - Started process (PID=1325) to work on /opt/airflow/dags/dag_bronze_ingestion.py
[2026-05-30T20:27:01.109+0000] {processor.py:830} INFO - Processing file /opt/airflow/dags/dag_bronze_ingestion.py for tasks to queue
[2026-05-30T20:27:01.114+0000] {logging_mixin.py:188} INFO - [2026-05-30T20:27:01.114+0000] {dagbag.py:540} INFO - Filling up the DagBag from /opt/airflow/dags/dag_bronze_ingestion.py
[2026-05-30T20:27:01.171+0000] {processor.py:840} INFO - DAG(s) 'neuralretail_bronze_ingestion' retrieved from /opt/airflow/dags/dag_bronze_ingestion.py
[2026-05-30T20:27:01.200+0000] {logging_mixin.py:188} INFO - [2026-05-30T20:27:01.199+0000] {dag.py:3096} INFO - Sync 1 DAGs
[2026-05-30T20:27:01.230+0000] {logging_mixin.py:188} INFO - [2026-05-30T20:27:01.230+0000] {dag.py:3954} INFO - Setting next_dagrun for neuralretail_bronze_ingestion to 2026-05-29 02:00:00+00:00, run_after=2026-05-30 02:00:00+00:00
[2026-05-30T20:27:01.267+0000] {processor.py:183} INFO - Processing /opt/airflow/dags/dag_bronze_ingestion.py took 0.167 seconds
[2026-05-30T20:27:31.511+0000] {processor.py:161} INFO - Started process (PID=1345) to work on /opt/airflow/dags/dag_bronze_ingestion.py
[2026-05-30T20:27:31.514+0000] {processor.py:830} INFO - Processing file /opt/airflow/dags/dag_bronze_ingestion.py for tasks to queue
[2026-05-30T20:27:31.517+0000] {logging_mixin.py:188} INFO - [2026-05-30T20:27:31.517+0000] {dagbag.py:540} INFO - Filling up the DagBag from /opt/airflow/dags/dag_bronze_ingestion.py
[2026-05-30T20:27:31.586+0000] {processor.py:840} INFO - DAG(s) 'neuralretail_bronze_ingestion' retrieved from /opt/airflow/dags/dag_bronze_ingestion.py
[2026-05-30T20:27:31.640+0000] {logging_mixin.py:188} INFO - [2026-05-30T20:27:31.640+0000] {dag.py:3096} INFO - Sync 1 DAGs
[2026-05-30T20:27:31.668+0000] {logging_mixin.py:188} INFO - [2026-05-30T20:27:31.668+0000] {dag.py:3954} INFO - Setting next_dagrun for neuralretail_bronze_ingestion to 2026-05-29 02:00:00+00:00, run_after=2026-05-30 02:00:00+00:00
[2026-05-30T20:27:31.683+0000] {processor.py:183} INFO - Processing /opt/airflow/dags/dag_bronze_ingestion.py took 0.185 seconds
[2026-05-30T20:28:02.716+0000] {processor.py:161} INFO - Started process (PID=1367) to work on /opt/airflow/dags/dag_bronze_ingestion.py
[2026-05-30T20:28:02.719+0000] {processor.py:830} INFO - Processing file /opt/airflow/dags/dag_bronze_ingestion.py for tasks to queue
[2026-05-30T20:28:02.722+0000] {logging_mixin.py:188} INFO - [2026-05-30T20:28:02.722+0000] {dagbag.py:540} INFO - Filling up the DagBag from /opt/airflow/dags/dag_bronze_ingestion.py
[2026-05-30T20:28:02.816+0000] {processor.py:840} INFO - DAG(s) 'neuralretail_bronze_ingestion' retrieved from /opt/airflow/dags/dag_bronze_ingestion.py
[2026-05-30T20:28:02.842+0000] {logging_mixin.py:188} INFO - [2026-05-30T20:28:02.842+0000] {dag.py:3096} INFO - Sync 1 DAGs
[2026-05-30T20:28:02.864+0000] {logging_mixin.py:188} INFO - [2026-05-30T20:28:02.864+0000] {dag.py:3954} INFO - Setting next_dagrun for neuralretail_bronze_ingestion to 2026-05-29 02:00:00+00:00, run_after=2026-05-30 02:00:00+00:00
[2026-05-30T20:28:02.886+0000] {processor.py:183} INFO - Processing /opt/airflow/dags/dag_bronze_ingestion.py took 0.177 seconds
[2026-05-30T20:28:33.507+0000] {processor.py:161} INFO - Started process (PID=1387) to work on /opt/airflow/dags/dag_bronze_ingestion.py
[2026-05-30T20:28:33.510+0000] {processor.py:830} INFO - Processing file /opt/airflow/dags/dag_bronze_ingestion.py for tasks to queue
[2026-05-30T20:28:33.515+0000] {logging_mixin.py:188} INFO - [2026-05-30T20:28:33.514+0000] {dagbag.py:540} INFO - Filling up the DagBag from /opt/airflow/dags/dag_bronze_ingestion.py
[2026-05-30T20:28:33.624+0000] {processor.py:840} INFO - DAG(s) 'neuralretail_bronze_ingestion' retrieved from /opt/airflow/dags/dag_bronze_ingestion.py
[2026-05-30T20:28:33.699+0000] {logging_mixin.py:188} INFO - [2026-05-30T20:28:33.699+0000] {dag.py:3096} INFO - Sync 1 DAGs
[2026-05-30T20:28:33.735+0000] {logging_mixin.py:188} INFO - [2026-05-30T20:28:33.735+0000] {dag.py:3954} INFO - Setting next_dagrun for neuralretail_bronze_ingestion to 2026-05-29 02:00:00+00:00, run_after=2026-05-30 02:00:00+00:00
[2026-05-30T20:28:33.771+0000] {processor.py:183} INFO - Processing /opt/airflow/dags/dag_bronze_ingestion.py took 0.281 seconds
[2026-05-30T20:29:04.047+0000] {processor.py:161} INFO - Started process (PID=1407) to work on /opt/airflow/dags/dag_bronze_ingestion.py
[2026-05-30T20:29:04.051+0000] {processor.py:830} INFO - Processing file /opt/airflow/dags/dag_bronze_ingestion.py for tasks to queue
[2026-05-30T20:29:04.057+0000] {logging_mixin.py:188} INFO - [2026-05-30T20:29:04.056+0000] {dagbag.py:540} INFO - Filling up the DagBag from /opt/airflow/dags/dag_bronze_ingestion.py
[2026-05-30T20:29:04.118+0000] {processor.py:840} INFO - DAG(s) 'neuralretail_bronze_ingestion' retrieved from /opt/airflow/dags/dag_bronze_ingestion.py
[2026-05-30T20:29:04.169+0000] {logging_mixin.py:188} INFO - [2026-05-30T20:29:04.169+0000] {dag.py:3096} INFO - Sync 1 DAGs
[2026-05-30T20:29:04.194+0000] {logging_mixin.py:188} INFO - [2026-05-30T20:29:04.194+0000] {dag.py:3954} INFO - Setting next_dagrun for neuralretail_bronze_ingestion to 2026-05-29 02:00:00+00:00, run_after=2026-05-30 02:00:00+00:00
[2026-05-30T20:29:04.223+0000] {processor.py:183} INFO - Processing /opt/airflow/dags/dag_bronze_ingestion.py took 0.190 seconds
[2026-05-30T20:29:34.636+0000] {processor.py:161} INFO - Started process (PID=1425) to work on /opt/airflow/dags/dag_bronze_ingestion.py
[2026-05-30T20:29:34.639+0000] {processor.py:830} INFO - Processing file /opt/airflow/dags/dag_bronze_ingestion.py for tasks to queue
[2026-05-30T20:29:34.645+0000] {logging_mixin.py:188} INFO - [2026-05-30T20:29:34.644+0000] {dagbag.py:540} INFO - Filling up the DagBag from /opt/airflow/dags/dag_bronze_ingestion.py
[2026-05-30T20:29:34.725+0000] {processor.py:840} INFO - DAG(s) 'neuralretail_bronze_ingestion' retrieved from /opt/airflow/dags/dag_bronze_ingestion.py
[2026-05-30T20:29:34.771+0000] {logging_mixin.py:188} INFO - [2026-05-30T20:29:34.770+0000] {dag.py:3096} INFO - Sync 1 DAGs
[2026-05-30T20:29:34.793+0000] {logging_mixin.py:188} INFO - [2026-05-30T20:29:34.793+0000] {dag.py:3954} INFO - Setting next_dagrun for neuralretail_bronze_ingestion to 2026-05-29 02:00:00+00:00, run_after=2026-05-30 02:00:00+00:00
[2026-05-30T20:29:34.813+0000] {processor.py:183} INFO - Processing /opt/airflow/dags/dag_bronze_ingestion.py took 0.190 seconds
[2026-05-30T20:30:05.108+0000] {processor.py:161} INFO - Started process (PID=1445) to work on /opt/airflow/dags/dag_bronze_ingestion.py
[2026-05-30T20:30:05.109+0000] {processor.py:830} INFO - Processing file /opt/airflow/dags/dag_bronze_ingestion.py for tasks to queue
[2026-05-30T20:30:05.111+0000] {logging_mixin.py:188} INFO - [2026-05-30T20:30:05.111+0000] {dagbag.py:540} INFO - Filling up the DagBag from /opt/airflow/dags/dag_bronze_ingestion.py
[2026-05-30T20:30:05.151+0000] {processor.py:840} INFO - DAG(s) 'neuralretail_bronze_ingestion' retrieved from /opt/airflow/dags/dag_bronze_ingestion.py
[2026-05-30T20:30:05.174+0000] {logging_mixin.py:188} INFO - [2026-05-30T20:30:05.174+0000] {dag.py:3096} INFO - Sync 1 DAGs
[2026-05-30T20:30:05.194+0000] {logging_mixin.py:188} INFO - [2026-05-30T20:30:05.193+0000] {dag.py:3954} INFO - Setting next_dagrun for neuralretail_bronze_ingestion to 2026-05-29 02:00:00+00:00, run_after=2026-05-30 02:00:00+00:00
[2026-05-30T20:30:05.211+0000] {processor.py:183} INFO - Processing /opt/airflow/dags/dag_bronze_ingestion.py took 0.108 seconds
[2026-05-30T20:30:35.713+0000] {processor.py:161} INFO - Started process (PID=1465) to work on /opt/airflow/dags/dag_bronze_ingestion.py
[2026-05-30T20:30:35.715+0000] {processor.py:830} INFO - Processing file /opt/airflow/dags/dag_bronze_ingestion.py for tasks to queue
[2026-05-30T20:30:35.722+0000] {logging_mixin.py:188} INFO - [2026-05-30T20:30:35.721+0000] {dagbag.py:540} INFO - Filling up the DagBag from /opt/airflow/dags/dag_bronze_ingestion.py
[2026-05-30T20:30:35.817+0000] {processor.py:840} INFO - DAG(s) 'neuralretail_bronze_ingestion' retrieved from /opt/airflow/dags/dag_bronze_ingestion.py
[2026-05-30T20:30:35.878+0000] {logging_mixin.py:188} INFO - [2026-05-30T20:30:35.878+0000] {dag.py:3096} INFO - Sync 1 DAGs
[2026-05-30T20:30:35.906+0000] {logging_mixin.py:188} INFO - [2026-05-30T20:30:35.906+0000] {dag.py:3954} INFO - Setting next_dagrun for neuralretail_bronze_ingestion to 2026-05-29 02:00:00+00:00, run_after=2026-05-30 02:00:00+00:00
[2026-05-30T20:30:35.928+0000] {processor.py:183} INFO - Processing /opt/airflow/dags/dag_bronze_ingestion.py took 0.225 seconds
[2026-05-30T20:31:06.897+0000] {processor.py:161} INFO - Started process (PID=1485) to work on /opt/airflow/dags/dag_bronze_ingestion.py
[2026-05-30T20:31:06.898+0000] {processor.py:830} INFO - Processing file /opt/airflow/dags/dag_bronze_ingestion.py for tasks to queue
[2026-05-30T20:31:06.901+0000] {logging_mixin.py:188} INFO - [2026-05-30T20:31:06.901+0000] {dagbag.py:540} INFO - Filling up the DagBag from /opt/airflow/dags/dag_bronze_ingestion.py
[2026-05-30T20:31:06.982+0000] {processor.py:840} INFO - DAG(s) 'neuralretail_bronze_ingestion' retrieved from /opt/airflow/dags/dag_bronze_ingestion.py
[2026-05-30T20:31:07.004+0000] {logging_mixin.py:188} INFO - [2026-05-30T20:31:07.004+0000] {dag.py:3096} INFO - Sync 1 DAGs
[2026-05-30T20:31:07.030+0000] {logging_mixin.py:188} INFO - [2026-05-30T20:31:07.030+0000] {dag.py:3954} INFO - Setting next_dagrun for neuralretail_bronze_ingestion to 2026-05-29 02:00:00+00:00, run_after=2026-05-30 02:00:00+00:00
[2026-05-30T20:31:07.057+0000] {processor.py:183} INFO - Processing /opt/airflow/dags/dag_bronze_ingestion.py took 0.165 seconds
[2026-05-30T20:31:38.175+0000] {processor.py:161} INFO - Started process (PID=1505) to work on /opt/airflow/dags/dag_bronze_ingestion.py
[2026-05-30T20:31:38.178+0000] {processor.py:830} INFO - Processing file /opt/airflow/dags/dag_bronze_ingestion.py for tasks to queue
[2026-05-30T20:31:38.182+0000] {logging_mixin.py:188} INFO - [2026-05-30T20:31:38.182+0000] {dagbag.py:540} INFO - Filling up the DagBag from /opt/airflow/dags/dag_bronze_ingestion.py
[2026-05-30T20:31:38.236+0000] {processor.py:840} INFO - DAG(s) 'neuralretail_bronze_ingestion' retrieved from /opt/airflow/dags/dag_bronze_ingestion.py
[2026-05-30T20:31:38.266+0000] {logging_mixin.py:188} INFO - [2026-05-30T20:31:38.266+0000] {dag.py:3096} INFO - Sync 1 DAGs
[2026-05-30T20:31:38.289+0000] {logging_mixin.py:188} INFO - [2026-05-30T20:31:38.289+0000] {dag.py:3954} INFO - Setting next_dagrun for neuralretail_bronze_ingestion to 2026-05-29 02:00:00+00:00, run_after=2026-05-30 02:00:00+00:00
[2026-05-30T20:31:38.313+0000] {processor.py:183} INFO - Processing /opt/airflow/dags/dag_bronze_ingestion.py took 0.145 seconds
[2026-05-30T20:32:09.220+0000] {processor.py:161} INFO - Started process (PID=1525) to work on /opt/airflow/dags/dag_bronze_ingestion.py
[2026-05-30T20:32:09.222+0000] {processor.py:830} INFO - Processing file /opt/airflow/dags/dag_bronze_ingestion.py for tasks to queue
[2026-05-30T20:32:09.224+0000] {logging_mixin.py:188} INFO - [2026-05-30T20:32:09.224+0000] {dagbag.py:540} INFO - Filling up the DagBag from /opt/airflow/dags/dag_bronze_ingestion.py
[2026-05-30T20:32:09.304+0000] {processor.py:840} INFO - DAG(s) 'neuralretail_bronze_ingestion' retrieved from /opt/airflow/dags/dag_bronze_ingestion.py
[2026-05-30T20:32:09.336+0000] {logging_mixin.py:188} INFO - [2026-05-30T20:32:09.336+0000] {dag.py:3096} INFO - Sync 1 DAGs
[2026-05-30T20:32:09.359+0000] {logging_mixin.py:188} INFO - [2026-05-30T20:32:09.359+0000] {dag.py:3954} INFO - Setting next_dagrun for neuralretail_bronze_ingestion to 2026-05-29 02:00:00+00:00, run_after=2026-05-30 02:00:00+00:00
[2026-05-30T20:32:09.381+0000] {processor.py:183} INFO - Processing /opt/airflow/dags/dag_bronze_ingestion.py took 0.167 seconds
[2026-05-30T20:32:39.524+0000] {processor.py:161} INFO - Started process (PID=1545) to work on /opt/airflow/dags/dag_bronze_ingestion.py
[2026-05-30T20:32:39.525+0000] {processor.py:830} INFO - Processing file /opt/airflow/dags/dag_bronze_ingestion.py for tasks to queue
[2026-05-30T20:32:39.527+0000] {logging_mixin.py:188} INFO - [2026-05-30T20:32:39.527+0000] {dagbag.py:540} INFO - Filling up the DagBag from /opt/airflow/dags/dag_bronze_ingestion.py
[2026-05-30T20:32:39.559+0000] {processor.py:840} INFO - DAG(s) 'neuralretail_bronze_ingestion' retrieved from /opt/airflow/dags/dag_bronze_ingestion.py
[2026-05-30T20:32:39.591+0000] {logging_mixin.py:188} INFO - [2026-05-30T20:32:39.591+0000] {dag.py:3096} INFO - Sync 1 DAGs
[2026-05-30T20:32:39.618+0000] {logging_mixin.py:188} INFO - [2026-05-30T20:32:39.618+0000] {dag.py:3954} INFO - Setting next_dagrun for neuralretail_bronze_ingestion to 2026-05-29 02:00:00+00:00, run_after=2026-05-30 02:00:00+00:00
[2026-05-30T20:32:39.645+0000] {processor.py:183} INFO - Processing /opt/airflow/dags/dag_bronze_ingestion.py took 0.125 seconds
[2026-05-30T20:33:10.706+0000] {processor.py:161} INFO - Started process (PID=1565) to work on /opt/airflow/dags/dag_bronze_ingestion.py
[2026-05-30T20:33:10.708+0000] {processor.py:830} INFO - Processing file /opt/airflow/dags/dag_bronze_ingestion.py for tasks to queue
[2026-05-30T20:33:10.716+0000] {logging_mixin.py:188} INFO - [2026-05-30T20:33:10.715+0000] {dagbag.py:540} INFO - Filling up the DagBag from /opt/airflow/dags/dag_bronze_ingestion.py
[2026-05-30T20:33:10.829+0000] {processor.py:840} INFO - DAG(s) 'neuralretail_bronze_ingestion' retrieved from /opt/airflow/dags/dag_bronze_ingestion.py
[2026-05-30T20:33:10.869+0000] {logging_mixin.py:188} INFO - [2026-05-30T20:33:10.868+0000] {dag.py:3096} INFO - Sync 1 DAGs
[2026-05-30T20:33:10.917+0000] {logging_mixin.py:188} INFO - [2026-05-30T20:33:10.917+0000] {dag.py:3954} INFO - Setting next_dagrun for neuralretail_bronze_ingestion to 2026-05-29 02:00:00+00:00, run_after=2026-05-30 02:00:00+00:00
[2026-05-30T20:33:11.011+0000] {processor.py:183} INFO - Processing /opt/airflow/dags/dag_bronze_ingestion.py took 0.321 seconds
[2026-05-30T20:33:41.820+0000] {processor.py:161} INFO - Started process (PID=1585) to work on /opt/airflow/dags/dag_bronze_ingestion.py
[2026-05-30T20:33:41.823+0000] {processor.py:830} INFO - Processing file /opt/airflow/dags/dag_bronze_ingestion.py for tasks to queue
[2026-05-30T20:33:41.826+0000] {logging_mixin.py:188} INFO - [2026-05-30T20:33:41.826+0000] {dagbag.py:540} INFO - Filling up the DagBag from /opt/airflow/dags/dag_bronze_ingestion.py
[2026-05-30T20:33:41.912+0000] {processor.py:840} INFO - DAG(s) 'neuralretail_bronze_ingestion' retrieved from /opt/airflow/dags/dag_bronze_ingestion.py
[2026-05-30T20:33:41.936+0000] {logging_mixin.py:188} INFO - [2026-05-30T20:33:41.936+0000] {dag.py:3096} INFO - Sync 1 DAGs
[2026-05-30T20:33:41.961+0000] {logging_mixin.py:188} INFO - [2026-05-30T20:33:41.961+0000] {dag.py:3954} INFO - Setting next_dagrun for neuralretail_bronze_ingestion to 2026-05-29 02:00:00+00:00, run_after=2026-05-30 02:00:00+00:00
[2026-05-30T20:33:41.985+0000] {processor.py:183} INFO - Processing /opt/airflow/dags/dag_bronze_ingestion.py took 0.171 seconds
[2026-05-30T20:34:12.969+0000] {processor.py:161} INFO - Started process (PID=1605) to work on /opt/airflow/dags/dag_bronze_ingestion.py
[2026-05-30T20:34:12.970+0000] {processor.py:830} INFO - Processing file /opt/airflow/dags/dag_bronze_ingestion.py for tasks to queue
[2026-05-30T20:34:12.972+0000] {logging_mixin.py:188} INFO - [2026-05-30T20:34:12.972+0000] {dagbag.py:540} INFO - Filling up the DagBag from /opt/airflow/dags/dag_bronze_ingestion.py
[2026-05-30T20:34:13.028+0000] {processor.py:840} INFO - DAG(s) 'neuralretail_bronze_ingestion' retrieved from /opt/airflow/dags/dag_bronze_ingestion.py
[2026-05-30T20:34:13.069+0000] {logging_mixin.py:188} INFO - [2026-05-30T20:34:13.068+0000] {dag.py:3096} INFO - Sync 1 DAGs
[2026-05-30T20:34:13.094+0000] {logging_mixin.py:188} INFO - [2026-05-30T20:34:13.093+0000] {dag.py:3954} INFO - Setting next_dagrun for neuralretail_bronze_ingestion to 2026-05-29 02:00:00+00:00, run_after=2026-05-30 02:00:00+00:00
[2026-05-30T20:34:13.127+0000] {processor.py:183} INFO - Processing /opt/airflow/dags/dag_bronze_ingestion.py took 0.163 seconds
[2026-05-30T20:34:43.894+0000] {processor.py:161} INFO - Started process (PID=1625) to work on /opt/airflow/dags/dag_bronze_ingestion.py
[2026-05-30T20:34:43.897+0000] {processor.py:830} INFO - Processing file /opt/airflow/dags/dag_bronze_ingestion.py for tasks to queue
[2026-05-30T20:34:43.901+0000] {logging_mixin.py:188} INFO - [2026-05-30T20:34:43.900+0000] {dagbag.py:540} INFO - Filling up the DagBag from /opt/airflow/dags/dag_bronze_ingestion.py
[2026-05-30T20:34:43.990+0000] {processor.py:840} INFO - DAG(s) 'neuralretail_bronze_ingestion' retrieved from /opt/airflow/dags/dag_bronze_ingestion.py
[2026-05-30T20:34:44.017+0000] {logging_mixin.py:188} INFO - [2026-05-30T20:34:44.016+0000] {dag.py:3096} INFO - Sync 1 DAGs
[2026-05-30T20:34:44.039+0000] {logging_mixin.py:188} INFO - [2026-05-30T20:34:44.039+0000] {dag.py:3954} INFO - Setting next_dagrun for neuralretail_bronze_ingestion to 2026-05-29 02:00:00+00:00, run_after=2026-05-30 02:00:00+00:00
[2026-05-30T20:34:44.056+0000] {processor.py:183} INFO - Processing /opt/airflow/dags/dag_bronze_ingestion.py took 0.176 seconds
[2026-05-30T20:35:14.209+0000] {processor.py:161} INFO - Started process (PID=1645) to work on /opt/airflow/dags/dag_bronze_ingestion.py
[2026-05-30T20:35:14.210+0000] {processor.py:830} INFO - Processing file /opt/airflow/dags/dag_bronze_ingestion.py for tasks to queue
[2026-05-30T20:35:14.212+0000] {logging_mixin.py:188} INFO - [2026-05-30T20:35:14.212+0000] {dagbag.py:540} INFO - Filling up the DagBag from /opt/airflow/dags/dag_bronze_ingestion.py
[2026-05-30T20:35:14.260+0000] {processor.py:840} INFO - DAG(s) 'neuralretail_bronze_ingestion' retrieved from /opt/airflow/dags/dag_bronze_ingestion.py
[2026-05-30T20:35:14.287+0000] {logging_mixin.py:188} INFO - [2026-05-30T20:35:14.286+0000] {dag.py:3096} INFO - Sync 1 DAGs
[2026-05-30T20:35:14.307+0000] {logging_mixin.py:188} INFO - [2026-05-30T20:35:14.307+0000] {dag.py:3954} INFO - Setting next_dagrun for neuralretail_bronze_ingestion to 2026-05-29 02:00:00+00:00, run_after=2026-05-30 02:00:00+00:00
[2026-05-30T20:35:14.323+0000] {processor.py:183} INFO - Processing /opt/airflow/dags/dag_bronze_ingestion.py took 0.120 seconds
[2026-05-30T20:35:44.849+0000] {processor.py:161} INFO - Started process (PID=1665) to work on /opt/airflow/dags/dag_bronze_ingestion.py
[2026-05-30T20:35:44.851+0000] {processor.py:830} INFO - Processing file /opt/airflow/dags/dag_bronze_ingestion.py for tasks to queue
[2026-05-30T20:35:44.856+0000] {logging_mixin.py:188} INFO - [2026-05-30T20:35:44.855+0000] {dagbag.py:540} INFO - Filling up the DagBag from /opt/airflow/dags/dag_bronze_ingestion.py
[2026-05-30T20:35:44.923+0000] {processor.py:840} INFO - DAG(s) 'neuralretail_bronze_ingestion' retrieved from /opt/airflow/dags/dag_bronze_ingestion.py
[2026-05-30T20:35:44.947+0000] {logging_mixin.py:188} INFO - [2026-05-30T20:35:44.947+0000] {dag.py:3096} INFO - Sync 1 DAGs
[2026-05-30T20:35:44.966+0000] {logging_mixin.py:188} INFO - [2026-05-30T20:35:44.966+0000] {dag.py:3954} INFO - Setting next_dagrun for neuralretail_bronze_ingestion to 2026-05-29 02:00:00+00:00, run_after=2026-05-30 02:00:00+00:00
[2026-05-30T20:35:45.001+0000] {processor.py:183} INFO - Processing /opt/airflow/dags/dag_bronze_ingestion.py took 0.162 seconds
[2026-05-30T20:36:15.450+0000] {processor.py:161} INFO - Started process (PID=1685) to work on /opt/airflow/dags/dag_bronze_ingestion.py
[2026-05-30T20:36:15.451+0000] {processor.py:830} INFO - Processing file /opt/airflow/dags/dag_bronze_ingestion.py for tasks to queue
[2026-05-30T20:36:15.455+0000] {logging_mixin.py:188} INFO - [2026-05-30T20:36:15.454+0000] {dagbag.py:540} INFO - Filling up the DagBag from /opt/airflow/dags/dag_bronze_ingestion.py
[2026-05-30T20:36:15.538+0000] {processor.py:840} INFO - DAG(s) 'neuralretail_bronze_ingestion' retrieved from /opt/airflow/dags/dag_bronze_ingestion.py
[2026-05-30T20:36:15.584+0000] {logging_mixin.py:188} INFO - [2026-05-30T20:36:15.584+0000] {dag.py:3096} INFO - Sync 1 DAGs
[2026-05-30T20:36:15.619+0000] {logging_mixin.py:188} INFO - [2026-05-30T20:36:15.618+0000] {dag.py:3954} INFO - Setting next_dagrun for neuralretail_bronze_ingestion to 2026-05-29 02:00:00+00:00, run_after=2026-05-30 02:00:00+00:00
[2026-05-30T20:36:15.645+0000] {processor.py:183} INFO - Processing /opt/airflow/dags/dag_bronze_ingestion.py took 0.210 seconds
[2026-05-30T20:36:45.872+0000] {processor.py:161} INFO - Started process (PID=1705) to work on /opt/airflow/dags/dag_bronze_ingestion.py
[2026-05-30T20:36:45.874+0000] {processor.py:830} INFO - Processing file /opt/airflow/dags/dag_bronze_ingestion.py for tasks to queue
[2026-05-30T20:36:45.877+0000] {logging_mixin.py:188} INFO - [2026-05-30T20:36:45.877+0000] {dagbag.py:540} INFO - Filling up the DagBag from /opt/airflow/dags/dag_bronze_ingestion.py
[2026-05-30T20:36:45.931+0000] {processor.py:840} INFO - DAG(s) 'neuralretail_bronze_ingestion' retrieved from /opt/airflow/dags/dag_bronze_ingestion.py
[2026-05-30T20:36:45.960+0000] {logging_mixin.py:188} INFO - [2026-05-30T20:36:45.960+0000] {dag.py:3096} INFO - Sync 1 DAGs
[2026-05-30T20:36:45.981+0000] {logging_mixin.py:188} INFO - [2026-05-30T20:36:45.981+0000] {dag.py:3954} INFO - Setting next_dagrun for neuralretail_bronze_ingestion to 2026-05-29 02:00:00+00:00, run_after=2026-05-30 02:00:00+00:00
[2026-05-30T20:36:46.001+0000] {processor.py:183} INFO - Processing /opt/airflow/dags/dag_bronze_ingestion.py took 0.148 seconds
[2026-05-30T20:37:16.109+0000] {processor.py:161} INFO - Started process (PID=1722) to work on /opt/airflow/dags/dag_bronze_ingestion.py
[2026-05-30T20:37:16.112+0000] {processor.py:830} INFO - Processing file /opt/airflow/dags/dag_bronze_ingestion.py for tasks to queue
[2026-05-30T20:37:16.115+0000] {logging_mixin.py:188} INFO - [2026-05-30T20:37:16.114+0000] {dagbag.py:540} INFO - Filling up the DagBag from /opt/airflow/dags/dag_bronze_ingestion.py
[2026-05-30T20:37:16.168+0000] {processor.py:840} INFO - DAG(s) 'neuralretail_bronze_ingestion' retrieved from /opt/airflow/dags/dag_bronze_ingestion.py
[2026-05-30T20:37:16.196+0000] {logging_mixin.py:188} INFO - [2026-05-30T20:37:16.196+0000] {dag.py:3096} INFO - Sync 1 DAGs
[2026-05-30T20:37:16.223+0000] {logging_mixin.py:188} INFO - [2026-05-30T20:37:16.223+0000] {dag.py:3954} INFO - Setting next_dagrun for neuralretail_bronze_ingestion to 2026-05-29 02:00:00+00:00, run_after=2026-05-30 02:00:00+00:00
[2026-05-30T20:37:16.240+0000] {processor.py:183} INFO - Processing /opt/airflow/dags/dag_bronze_ingestion.py took 0.138 seconds
[2026-05-30T20:37:46.424+0000] {processor.py:161} INFO - Started process (PID=1742) to work on /opt/airflow/dags/dag_bronze_ingestion.py
[2026-05-30T20:37:46.425+0000] {processor.py:830} INFO - Processing file /opt/airflow/dags/dag_bronze_ingestion.py for tasks to queue
[2026-05-30T20:37:46.427+0000] {logging_mixin.py:188} INFO - [2026-05-30T20:37:46.427+0000] {dagbag.py:540} INFO - Filling up the DagBag from /opt/airflow/dags/dag_bronze_ingestion.py
[2026-05-30T20:37:46.462+0000] {processor.py:840} INFO - DAG(s) 'neuralretail_bronze_ingestion' retrieved from /opt/airflow/dags/dag_bronze_ingestion.py
[2026-05-30T20:37:46.492+0000] {logging_mixin.py:188} INFO - [2026-05-30T20:37:46.492+0000] {dag.py:3096} INFO - Sync 1 DAGs
[2026-05-30T20:37:46.518+0000] {logging_mixin.py:188} INFO - [2026-05-30T20:37:46.517+0000] {dag.py:3954} INFO - Setting next_dagrun for neuralretail_bronze_ingestion to 2026-05-29 02:00:00+00:00, run_after=2026-05-30 02:00:00+00:00
[2026-05-30T20:37:46.566+0000] {processor.py:183} INFO - Processing /opt/airflow/dags/dag_bronze_ingestion.py took 0.146 seconds
