[2026-05-30T19:38:53.788+0000] {processor.py:161} INFO - Started process (PID=172) to work on /opt/airflow/dags/dag_retrain_pipeline.py
[2026-05-30T19:38:53.790+0000] {processor.py:830} INFO - Processing file /opt/airflow/dags/dag_retrain_pipeline.py for tasks to queue
[2026-05-30T19:38:53.797+0000] {logging_mixin.py:188} INFO - [2026-05-30T19:38:53.794+0000] {dagbag.py:540} INFO - Filling up the DagBag from /opt/airflow/dags/dag_retrain_pipeline.py
[2026-05-30T19:38:53.951+0000] {processor.py:840} INFO - DAG(s) 'neuralretail_retrain_pipeline' retrieved from /opt/airflow/dags/dag_retrain_pipeline.py
[2026-05-30T19:38:54.459+0000] {logging_mixin.py:188} INFO - [2026-05-30T19:38:54.458+0000] {override.py:1829} INFO - Created Permission View: can read on DAG:neuralretail_retrain_pipeline
[2026-05-30T19:38:54.522+0000] {logging_mixin.py:188} INFO - [2026-05-30T19:38:54.521+0000] {override.py:1829} INFO - Created Permission View: can edit on DAG:neuralretail_retrain_pipeline
[2026-05-30T19:38:54.557+0000] {logging_mixin.py:188} INFO - [2026-05-30T19:38:54.557+0000] {override.py:1829} INFO - Created Permission View: can delete on DAG:neuralretail_retrain_pipeline
[2026-05-30T19:38:54.569+0000] {logging_mixin.py:188} INFO - [2026-05-30T19:38:54.569+0000] {dag.py:3096} INFO - Sync 1 DAGs
[2026-05-30T19:38:54.624+0000] {logging_mixin.py:188} INFO - [2026-05-30T19:38:54.624+0000] {dag.py:3118} INFO - Creating ORM DAG for neuralretail_retrain_pipeline
[2026-05-30T19:38:54.636+0000] {logging_mixin.py:188} INFO - [2026-05-30T19:38:54.636+0000] {dag.py:3954} INFO - Setting next_dagrun for neuralretail_retrain_pipeline to None, run_after=None
[2026-05-30T19:38:54.764+0000] {processor.py:183} INFO - Processing /opt/airflow/dags/dag_retrain_pipeline.py took 0.992 seconds
[2026-05-30T19:39:25.060+0000] {processor.py:161} INFO - Started process (PID=192) to work on /opt/airflow/dags/dag_retrain_pipeline.py
[2026-05-30T19:39:25.062+0000] {processor.py:830} INFO - Processing file /opt/airflow/dags/dag_retrain_pipeline.py for tasks to queue
[2026-05-30T19:39:25.065+0000] {logging_mixin.py:188} INFO - [2026-05-30T19:39:25.064+0000] {dagbag.py:540} INFO - Filling up the DagBag from /opt/airflow/dags/dag_retrain_pipeline.py
[2026-05-30T19:39:25.111+0000] {processor.py:840} INFO - DAG(s) 'neuralretail_retrain_pipeline' retrieved from /opt/airflow/dags/dag_retrain_pipeline.py
[2026-05-30T19:39:25.194+0000] {logging_mixin.py:188} INFO - [2026-05-30T19:39:25.194+0000] {dag.py:3096} INFO - Sync 1 DAGs
[2026-05-30T19:39:25.202+0000] {logging_mixin.py:188} INFO - [2026-05-30T19:39:25.202+0000] {dag.py:3954} INFO - Setting next_dagrun for neuralretail_retrain_pipeline to None, run_after=None
[2026-05-30T19:39:25.224+0000] {processor.py:183} INFO - Processing /opt/airflow/dags/dag_retrain_pipeline.py took 0.168 seconds
[2026-05-30T19:39:55.941+0000] {processor.py:161} INFO - Started process (PID=212) to work on /opt/airflow/dags/dag_retrain_pipeline.py
[2026-05-30T19:39:55.953+0000] {processor.py:830} INFO - Processing file /opt/airflow/dags/dag_retrain_pipeline.py for tasks to queue
[2026-05-30T19:39:55.961+0000] {logging_mixin.py:188} INFO - [2026-05-30T19:39:55.961+0000] {dagbag.py:540} INFO - Filling up the DagBag from /opt/airflow/dags/dag_retrain_pipeline.py
[2026-05-30T19:39:56.004+0000] {processor.py:840} INFO - DAG(s) 'neuralretail_retrain_pipeline' retrieved from /opt/airflow/dags/dag_retrain_pipeline.py
[2026-05-30T19:39:56.026+0000] {logging_mixin.py:188} INFO - [2026-05-30T19:39:56.026+0000] {dag.py:3096} INFO - Sync 1 DAGs
[2026-05-30T19:39:56.037+0000] {logging_mixin.py:188} INFO - [2026-05-30T19:39:56.037+0000] {dag.py:3954} INFO - Setting next_dagrun for neuralretail_retrain_pipeline to None, run_after=None
[2026-05-30T19:39:56.059+0000] {processor.py:183} INFO - Processing /opt/airflow/dags/dag_retrain_pipeline.py took 0.127 seconds
[2026-05-30T19:40:26.385+0000] {processor.py:161} INFO - Started process (PID=232) to work on /opt/airflow/dags/dag_retrain_pipeline.py
[2026-05-30T19:40:26.387+0000] {processor.py:830} INFO - Processing file /opt/airflow/dags/dag_retrain_pipeline.py for tasks to queue
[2026-05-30T19:40:26.390+0000] {logging_mixin.py:188} INFO - [2026-05-30T19:40:26.390+0000] {dagbag.py:540} INFO - Filling up the DagBag from /opt/airflow/dags/dag_retrain_pipeline.py
[2026-05-30T19:40:26.435+0000] {processor.py:840} INFO - DAG(s) 'neuralretail_retrain_pipeline' retrieved from /opt/airflow/dags/dag_retrain_pipeline.py
[2026-05-30T19:40:26.461+0000] {logging_mixin.py:188} INFO - [2026-05-30T19:40:26.461+0000] {dag.py:3096} INFO - Sync 1 DAGs
[2026-05-30T19:40:26.474+0000] {logging_mixin.py:188} INFO - [2026-05-30T19:40:26.473+0000] {dag.py:3954} INFO - Setting next_dagrun for neuralretail_retrain_pipeline to None, run_after=None
[2026-05-30T19:40:26.496+0000] {processor.py:183} INFO - Processing /opt/airflow/dags/dag_retrain_pipeline.py took 0.125 seconds
[2026-05-30T19:40:56.588+0000] {processor.py:161} INFO - Started process (PID=252) to work on /opt/airflow/dags/dag_retrain_pipeline.py
[2026-05-30T19:40:56.590+0000] {processor.py:830} INFO - Processing file /opt/airflow/dags/dag_retrain_pipeline.py for tasks to queue
[2026-05-30T19:40:56.593+0000] {logging_mixin.py:188} INFO - [2026-05-30T19:40:56.592+0000] {dagbag.py:540} INFO - Filling up the DagBag from /opt/airflow/dags/dag_retrain_pipeline.py
[2026-05-30T19:40:56.711+0000] {processor.py:840} INFO - DAG(s) 'neuralretail_retrain_pipeline' retrieved from /opt/airflow/dags/dag_retrain_pipeline.py
[2026-05-30T19:40:56.732+0000] {logging_mixin.py:188} INFO - [2026-05-30T19:40:56.731+0000] {dag.py:3096} INFO - Sync 1 DAGs
[2026-05-30T19:40:56.742+0000] {logging_mixin.py:188} INFO - [2026-05-30T19:40:56.742+0000] {dag.py:3954} INFO - Setting next_dagrun for neuralretail_retrain_pipeline to None, run_after=None
[2026-05-30T19:40:56.762+0000] {processor.py:183} INFO - Processing /opt/airflow/dags/dag_retrain_pipeline.py took 0.183 seconds
[2026-05-30T19:41:27.028+0000] {processor.py:161} INFO - Started process (PID=272) to work on /opt/airflow/dags/dag_retrain_pipeline.py
[2026-05-30T19:41:27.029+0000] {processor.py:830} INFO - Processing file /opt/airflow/dags/dag_retrain_pipeline.py for tasks to queue
[2026-05-30T19:41:27.032+0000] {logging_mixin.py:188} INFO - [2026-05-30T19:41:27.031+0000] {dagbag.py:540} INFO - Filling up the DagBag from /opt/airflow/dags/dag_retrain_pipeline.py
[2026-05-30T19:41:27.094+0000] {processor.py:840} INFO - DAG(s) 'neuralretail_retrain_pipeline' retrieved from /opt/airflow/dags/dag_retrain_pipeline.py
[2026-05-30T19:41:27.116+0000] {logging_mixin.py:188} INFO - [2026-05-30T19:41:27.116+0000] {dag.py:3096} INFO - Sync 1 DAGs
[2026-05-30T19:41:27.129+0000] {logging_mixin.py:188} INFO - [2026-05-30T19:41:27.128+0000] {dag.py:3954} INFO - Setting next_dagrun for neuralretail_retrain_pipeline to None, run_after=None
[2026-05-30T19:41:27.149+0000] {processor.py:183} INFO - Processing /opt/airflow/dags/dag_retrain_pipeline.py took 0.132 seconds
[2026-05-30T19:41:57.388+0000] {processor.py:161} INFO - Started process (PID=292) to work on /opt/airflow/dags/dag_retrain_pipeline.py
[2026-05-30T19:41:57.393+0000] {processor.py:830} INFO - Processing file /opt/airflow/dags/dag_retrain_pipeline.py for tasks to queue
[2026-05-30T19:41:57.401+0000] {logging_mixin.py:188} INFO - [2026-05-30T19:41:57.399+0000] {dagbag.py:540} INFO - Filling up the DagBag from /opt/airflow/dags/dag_retrain_pipeline.py
[2026-05-30T19:41:57.446+0000] {processor.py:840} INFO - DAG(s) 'neuralretail_retrain_pipeline' retrieved from /opt/airflow/dags/dag_retrain_pipeline.py
[2026-05-30T19:41:57.475+0000] {logging_mixin.py:188} INFO - [2026-05-30T19:41:57.475+0000] {dag.py:3096} INFO - Sync 1 DAGs
[2026-05-30T19:41:57.490+0000] {logging_mixin.py:188} INFO - [2026-05-30T19:41:57.490+0000] {dag.py:3954} INFO - Setting next_dagrun for neuralretail_retrain_pipeline to None, run_after=None
[2026-05-30T19:41:57.510+0000] {processor.py:183} INFO - Processing /opt/airflow/dags/dag_retrain_pipeline.py took 0.132 seconds
[2026-05-30T19:42:27.863+0000] {processor.py:161} INFO - Started process (PID=312) to work on /opt/airflow/dags/dag_retrain_pipeline.py
[2026-05-30T19:42:27.865+0000] {processor.py:830} INFO - Processing file /opt/airflow/dags/dag_retrain_pipeline.py for tasks to queue
[2026-05-30T19:42:27.868+0000] {logging_mixin.py:188} INFO - [2026-05-30T19:42:27.867+0000] {dagbag.py:540} INFO - Filling up the DagBag from /opt/airflow/dags/dag_retrain_pipeline.py
[2026-05-30T19:42:27.929+0000] {processor.py:840} INFO - DAG(s) 'neuralretail_retrain_pipeline' retrieved from /opt/airflow/dags/dag_retrain_pipeline.py
[2026-05-30T19:42:27.957+0000] {logging_mixin.py:188} INFO - [2026-05-30T19:42:27.957+0000] {dag.py:3096} INFO - Sync 1 DAGs
[2026-05-30T19:42:27.975+0000] {logging_mixin.py:188} INFO - [2026-05-30T19:42:27.975+0000] {dag.py:3954} INFO - Setting next_dagrun for neuralretail_retrain_pipeline to None, run_after=None
[2026-05-30T19:42:28.000+0000] {processor.py:183} INFO - Processing /opt/airflow/dags/dag_retrain_pipeline.py took 0.141 seconds
[2026-05-30T19:42:58.405+0000] {processor.py:161} INFO - Started process (PID=332) to work on /opt/airflow/dags/dag_retrain_pipeline.py
[2026-05-30T19:42:58.408+0000] {processor.py:830} INFO - Processing file /opt/airflow/dags/dag_retrain_pipeline.py for tasks to queue
[2026-05-30T19:42:58.412+0000] {logging_mixin.py:188} INFO - [2026-05-30T19:42:58.411+0000] {dagbag.py:540} INFO - Filling up the DagBag from /opt/airflow/dags/dag_retrain_pipeline.py
[2026-05-30T19:42:58.486+0000] {processor.py:840} INFO - DAG(s) 'neuralretail_retrain_pipeline' retrieved from /opt/airflow/dags/dag_retrain_pipeline.py
[2026-05-30T19:42:58.533+0000] {logging_mixin.py:188} INFO - [2026-05-30T19:42:58.532+0000] {dag.py:3096} INFO - Sync 1 DAGs
[2026-05-30T19:42:58.564+0000] {logging_mixin.py:188} INFO - [2026-05-30T19:42:58.564+0000] {dag.py:3954} INFO - Setting next_dagrun for neuralretail_retrain_pipeline to None, run_after=None
[2026-05-30T19:42:58.603+0000] {processor.py:183} INFO - Processing /opt/airflow/dags/dag_retrain_pipeline.py took 0.212 seconds
[2026-05-30T19:43:28.878+0000] {processor.py:161} INFO - Started process (PID=352) to work on /opt/airflow/dags/dag_retrain_pipeline.py
[2026-05-30T19:43:28.880+0000] {processor.py:830} INFO - Processing file /opt/airflow/dags/dag_retrain_pipeline.py for tasks to queue
[2026-05-30T19:43:28.882+0000] {logging_mixin.py:188} INFO - [2026-05-30T19:43:28.882+0000] {dagbag.py:540} INFO - Filling up the DagBag from /opt/airflow/dags/dag_retrain_pipeline.py
[2026-05-30T19:43:28.921+0000] {processor.py:840} INFO - DAG(s) 'neuralretail_retrain_pipeline' retrieved from /opt/airflow/dags/dag_retrain_pipeline.py
[2026-05-30T19:43:28.941+0000] {logging_mixin.py:188} INFO - [2026-05-30T19:43:28.941+0000] {dag.py:3096} INFO - Sync 1 DAGs
[2026-05-30T19:43:28.951+0000] {logging_mixin.py:188} INFO - [2026-05-30T19:43:28.951+0000] {dag.py:3954} INFO - Setting next_dagrun for neuralretail_retrain_pipeline to None, run_after=None
[2026-05-30T19:43:28.970+0000] {processor.py:183} INFO - Processing /opt/airflow/dags/dag_retrain_pipeline.py took 0.098 seconds
[2026-05-30T19:43:59.431+0000] {processor.py:161} INFO - Started process (PID=372) to work on /opt/airflow/dags/dag_retrain_pipeline.py
[2026-05-30T19:43:59.433+0000] {processor.py:830} INFO - Processing file /opt/airflow/dags/dag_retrain_pipeline.py for tasks to queue
[2026-05-30T19:43:59.435+0000] {logging_mixin.py:188} INFO - [2026-05-30T19:43:59.435+0000] {dagbag.py:540} INFO - Filling up the DagBag from /opt/airflow/dags/dag_retrain_pipeline.py
[2026-05-30T19:43:59.478+0000] {processor.py:840} INFO - DAG(s) 'neuralretail_retrain_pipeline' retrieved from /opt/airflow/dags/dag_retrain_pipeline.py
[2026-05-30T19:43:59.505+0000] {logging_mixin.py:188} INFO - [2026-05-30T19:43:59.505+0000] {dag.py:3096} INFO - Sync 1 DAGs
[2026-05-30T19:43:59.523+0000] {logging_mixin.py:188} INFO - [2026-05-30T19:43:59.523+0000] {dag.py:3954} INFO - Setting next_dagrun for neuralretail_retrain_pipeline to None, run_after=None
[2026-05-30T19:43:59.549+0000] {processor.py:183} INFO - Processing /opt/airflow/dags/dag_retrain_pipeline.py took 0.125 seconds
[2026-05-30T19:44:29.679+0000] {processor.py:161} INFO - Started process (PID=392) to work on /opt/airflow/dags/dag_retrain_pipeline.py
[2026-05-30T19:44:29.680+0000] {processor.py:830} INFO - Processing file /opt/airflow/dags/dag_retrain_pipeline.py for tasks to queue
[2026-05-30T19:44:29.682+0000] {logging_mixin.py:188} INFO - [2026-05-30T19:44:29.682+0000] {dagbag.py:540} INFO - Filling up the DagBag from /opt/airflow/dags/dag_retrain_pipeline.py
[2026-05-30T19:44:29.727+0000] {processor.py:840} INFO - DAG(s) 'neuralretail_retrain_pipeline' retrieved from /opt/airflow/dags/dag_retrain_pipeline.py
[2026-05-30T19:44:29.752+0000] {logging_mixin.py:188} INFO - [2026-05-30T19:44:29.751+0000] {dag.py:3096} INFO - Sync 1 DAGs
[2026-05-30T19:44:29.764+0000] {logging_mixin.py:188} INFO - [2026-05-30T19:44:29.764+0000] {dag.py:3954} INFO - Setting next_dagrun for neuralretail_retrain_pipeline to None, run_after=None
[2026-05-30T19:44:29.795+0000] {processor.py:183} INFO - Processing /opt/airflow/dags/dag_retrain_pipeline.py took 0.121 seconds
[2026-05-30T19:44:59.960+0000] {processor.py:161} INFO - Started process (PID=412) to work on /opt/airflow/dags/dag_retrain_pipeline.py
[2026-05-30T19:44:59.963+0000] {processor.py:830} INFO - Processing file /opt/airflow/dags/dag_retrain_pipeline.py for tasks to queue
[2026-05-30T19:44:59.966+0000] {logging_mixin.py:188} INFO - [2026-05-30T19:44:59.965+0000] {dagbag.py:540} INFO - Filling up the DagBag from /opt/airflow/dags/dag_retrain_pipeline.py
[2026-05-30T19:45:00.010+0000] {processor.py:840} INFO - DAG(s) 'neuralretail_retrain_pipeline' retrieved from /opt/airflow/dags/dag_retrain_pipeline.py
[2026-05-30T19:45:00.038+0000] {logging_mixin.py:188} INFO - [2026-05-30T19:45:00.038+0000] {dag.py:3096} INFO - Sync 1 DAGs
[2026-05-30T19:45:00.052+0000] {logging_mixin.py:188} INFO - [2026-05-30T19:45:00.052+0000] {dag.py:3954} INFO - Setting next_dagrun for neuralretail_retrain_pipeline to None, run_after=None
[2026-05-30T19:45:00.073+0000] {processor.py:183} INFO - Processing /opt/airflow/dags/dag_retrain_pipeline.py took 0.121 seconds
[2026-05-30T19:45:30.906+0000] {processor.py:161} INFO - Started process (PID=432) to work on /opt/airflow/dags/dag_retrain_pipeline.py
[2026-05-30T19:45:30.908+0000] {processor.py:830} INFO - Processing file /opt/airflow/dags/dag_retrain_pipeline.py for tasks to queue
[2026-05-30T19:45:30.911+0000] {logging_mixin.py:188} INFO - [2026-05-30T19:45:30.910+0000] {dagbag.py:540} INFO - Filling up the DagBag from /opt/airflow/dags/dag_retrain_pipeline.py
[2026-05-30T19:45:30.957+0000] {processor.py:840} INFO - DAG(s) 'neuralretail_retrain_pipeline' retrieved from /opt/airflow/dags/dag_retrain_pipeline.py
[2026-05-30T19:45:30.979+0000] {logging_mixin.py:188} INFO - [2026-05-30T19:45:30.979+0000] {dag.py:3096} INFO - Sync 1 DAGs
[2026-05-30T19:45:30.992+0000] {logging_mixin.py:188} INFO - [2026-05-30T19:45:30.992+0000] {dag.py:3954} INFO - Setting next_dagrun for neuralretail_retrain_pipeline to None, run_after=None
[2026-05-30T19:45:31.015+0000] {processor.py:183} INFO - Processing /opt/airflow/dags/dag_retrain_pipeline.py took 0.116 seconds
[2026-05-30T19:46:01.351+0000] {processor.py:161} INFO - Started process (PID=452) to work on /opt/airflow/dags/dag_retrain_pipeline.py
[2026-05-30T19:46:01.359+0000] {processor.py:830} INFO - Processing file /opt/airflow/dags/dag_retrain_pipeline.py for tasks to queue
[2026-05-30T19:46:01.399+0000] {logging_mixin.py:188} INFO - [2026-05-30T19:46:01.398+0000] {dagbag.py:540} INFO - Filling up the DagBag from /opt/airflow/dags/dag_retrain_pipeline.py
[2026-05-30T19:46:01.564+0000] {processor.py:840} INFO - DAG(s) 'neuralretail_retrain_pipeline' retrieved from /opt/airflow/dags/dag_retrain_pipeline.py
[2026-05-30T19:46:01.622+0000] {logging_mixin.py:188} INFO - [2026-05-30T19:46:01.622+0000] {dag.py:3096} INFO - Sync 1 DAGs
[2026-05-30T19:46:01.645+0000] {logging_mixin.py:188} INFO - [2026-05-30T19:46:01.645+0000] {dag.py:3954} INFO - Setting next_dagrun for neuralretail_retrain_pipeline to None, run_after=None
[2026-05-30T19:46:01.673+0000] {processor.py:183} INFO - Processing /opt/airflow/dags/dag_retrain_pipeline.py took 0.331 seconds
[2026-05-30T19:46:31.934+0000] {processor.py:161} INFO - Started process (PID=472) to work on /opt/airflow/dags/dag_retrain_pipeline.py
[2026-05-30T19:46:31.935+0000] {processor.py:830} INFO - Processing file /opt/airflow/dags/dag_retrain_pipeline.py for tasks to queue
[2026-05-30T19:46:31.937+0000] {logging_mixin.py:188} INFO - [2026-05-30T19:46:31.937+0000] {dagbag.py:540} INFO - Filling up the DagBag from /opt/airflow/dags/dag_retrain_pipeline.py
[2026-05-30T19:46:31.990+0000] {processor.py:840} INFO - DAG(s) 'neuralretail_retrain_pipeline' retrieved from /opt/airflow/dags/dag_retrain_pipeline.py
[2026-05-30T19:46:32.037+0000] {logging_mixin.py:188} INFO - [2026-05-30T19:46:32.037+0000] {dag.py:3096} INFO - Sync 1 DAGs
[2026-05-30T19:46:32.053+0000] {logging_mixin.py:188} INFO - [2026-05-30T19:46:32.053+0000] {dag.py:3954} INFO - Setting next_dagrun for neuralretail_retrain_pipeline to None, run_after=None
[2026-05-30T19:46:32.075+0000] {processor.py:183} INFO - Processing /opt/airflow/dags/dag_retrain_pipeline.py took 0.147 seconds
[2026-05-30T19:47:02.497+0000] {processor.py:161} INFO - Started process (PID=492) to work on /opt/airflow/dags/dag_retrain_pipeline.py
[2026-05-30T19:47:02.500+0000] {processor.py:830} INFO - Processing file /opt/airflow/dags/dag_retrain_pipeline.py for tasks to queue
[2026-05-30T19:47:02.505+0000] {logging_mixin.py:188} INFO - [2026-05-30T19:47:02.504+0000] {dagbag.py:540} INFO - Filling up the DagBag from /opt/airflow/dags/dag_retrain_pipeline.py
[2026-05-30T19:47:02.553+0000] {processor.py:840} INFO - DAG(s) 'neuralretail_retrain_pipeline' retrieved from /opt/airflow/dags/dag_retrain_pipeline.py
[2026-05-30T19:47:02.575+0000] {logging_mixin.py:188} INFO - [2026-05-30T19:47:02.574+0000] {dag.py:3096} INFO - Sync 1 DAGs
[2026-05-30T19:47:02.589+0000] {logging_mixin.py:188} INFO - [2026-05-30T19:47:02.588+0000] {dag.py:3954} INFO - Setting next_dagrun for neuralretail_retrain_pipeline to None, run_after=None
[2026-05-30T19:47:02.607+0000] {processor.py:183} INFO - Processing /opt/airflow/dags/dag_retrain_pipeline.py took 0.117 seconds
[2026-05-30T19:47:32.859+0000] {processor.py:161} INFO - Started process (PID=512) to work on /opt/airflow/dags/dag_retrain_pipeline.py
[2026-05-30T19:47:32.861+0000] {processor.py:830} INFO - Processing file /opt/airflow/dags/dag_retrain_pipeline.py for tasks to queue
[2026-05-30T19:47:32.862+0000] {logging_mixin.py:188} INFO - [2026-05-30T19:47:32.862+0000] {dagbag.py:540} INFO - Filling up the DagBag from /opt/airflow/dags/dag_retrain_pipeline.py
[2026-05-30T19:47:32.911+0000] {processor.py:840} INFO - DAG(s) 'neuralretail_retrain_pipeline' retrieved from /opt/airflow/dags/dag_retrain_pipeline.py
[2026-05-30T19:47:32.937+0000] {logging_mixin.py:188} INFO - [2026-05-30T19:47:32.936+0000] {dag.py:3096} INFO - Sync 1 DAGs
[2026-05-30T19:47:32.949+0000] {logging_mixin.py:188} INFO - [2026-05-30T19:47:32.948+0000] {dag.py:3954} INFO - Setting next_dagrun for neuralretail_retrain_pipeline to None, run_after=None
[2026-05-30T19:47:32.971+0000] {processor.py:183} INFO - Processing /opt/airflow/dags/dag_retrain_pipeline.py took 0.119 seconds
[2026-05-30T19:48:03.278+0000] {processor.py:161} INFO - Started process (PID=532) to work on /opt/airflow/dags/dag_retrain_pipeline.py
[2026-05-30T19:48:03.279+0000] {processor.py:830} INFO - Processing file /opt/airflow/dags/dag_retrain_pipeline.py for tasks to queue
[2026-05-30T19:48:03.281+0000] {logging_mixin.py:188} INFO - [2026-05-30T19:48:03.281+0000] {dagbag.py:540} INFO - Filling up the DagBag from /opt/airflow/dags/dag_retrain_pipeline.py
[2026-05-30T19:48:03.327+0000] {processor.py:840} INFO - DAG(s) 'neuralretail_retrain_pipeline' retrieved from /opt/airflow/dags/dag_retrain_pipeline.py
[2026-05-30T19:48:03.351+0000] {logging_mixin.py:188} INFO - [2026-05-30T19:48:03.350+0000] {dag.py:3096} INFO - Sync 1 DAGs
[2026-05-30T19:48:03.362+0000] {logging_mixin.py:188} INFO - [2026-05-30T19:48:03.362+0000] {dag.py:3954} INFO - Setting next_dagrun for neuralretail_retrain_pipeline to None, run_after=None
[2026-05-30T19:48:03.389+0000] {processor.py:183} INFO - Processing /opt/airflow/dags/dag_retrain_pipeline.py took 0.116 seconds
[2026-05-30T19:48:33.582+0000] {processor.py:161} INFO - Started process (PID=552) to work on /opt/airflow/dags/dag_retrain_pipeline.py
[2026-05-30T19:48:33.583+0000] {processor.py:830} INFO - Processing file /opt/airflow/dags/dag_retrain_pipeline.py for tasks to queue
[2026-05-30T19:48:33.586+0000] {logging_mixin.py:188} INFO - [2026-05-30T19:48:33.585+0000] {dagbag.py:540} INFO - Filling up the DagBag from /opt/airflow/dags/dag_retrain_pipeline.py
[2026-05-30T19:48:33.628+0000] {processor.py:840} INFO - DAG(s) 'neuralretail_retrain_pipeline' retrieved from /opt/airflow/dags/dag_retrain_pipeline.py
[2026-05-30T19:48:33.648+0000] {logging_mixin.py:188} INFO - [2026-05-30T19:48:33.648+0000] {dag.py:3096} INFO - Sync 1 DAGs
[2026-05-30T19:48:33.659+0000] {logging_mixin.py:188} INFO - [2026-05-30T19:48:33.659+0000] {dag.py:3954} INFO - Setting next_dagrun for neuralretail_retrain_pipeline to None, run_after=None
[2026-05-30T19:48:33.677+0000] {processor.py:183} INFO - Processing /opt/airflow/dags/dag_retrain_pipeline.py took 0.101 seconds
[2026-05-30T19:49:04.327+0000] {processor.py:161} INFO - Started process (PID=572) to work on /opt/airflow/dags/dag_retrain_pipeline.py
[2026-05-30T19:49:04.335+0000] {processor.py:830} INFO - Processing file /opt/airflow/dags/dag_retrain_pipeline.py for tasks to queue
[2026-05-30T19:49:04.340+0000] {logging_mixin.py:188} INFO - [2026-05-30T19:49:04.339+0000] {dagbag.py:540} INFO - Filling up the DagBag from /opt/airflow/dags/dag_retrain_pipeline.py
[2026-05-30T19:49:04.419+0000] {processor.py:840} INFO - DAG(s) 'neuralretail_retrain_pipeline' retrieved from /opt/airflow/dags/dag_retrain_pipeline.py
[2026-05-30T19:49:04.450+0000] {logging_mixin.py:188} INFO - [2026-05-30T19:49:04.450+0000] {dag.py:3096} INFO - Sync 1 DAGs
[2026-05-30T19:49:04.464+0000] {logging_mixin.py:188} INFO - [2026-05-30T19:49:04.464+0000] {dag.py:3954} INFO - Setting next_dagrun for neuralretail_retrain_pipeline to None, run_after=None
[2026-05-30T19:49:04.485+0000] {processor.py:183} INFO - Processing /opt/airflow/dags/dag_retrain_pipeline.py took 0.212 seconds
[2026-05-30T19:49:34.732+0000] {processor.py:161} INFO - Started process (PID=592) to work on /opt/airflow/dags/dag_retrain_pipeline.py
[2026-05-30T19:49:34.734+0000] {processor.py:830} INFO - Processing file /opt/airflow/dags/dag_retrain_pipeline.py for tasks to queue
[2026-05-30T19:49:34.739+0000] {logging_mixin.py:188} INFO - [2026-05-30T19:49:34.738+0000] {dagbag.py:540} INFO - Filling up the DagBag from /opt/airflow/dags/dag_retrain_pipeline.py
[2026-05-30T19:49:34.814+0000] {processor.py:840} INFO - DAG(s) 'neuralretail_retrain_pipeline' retrieved from /opt/airflow/dags/dag_retrain_pipeline.py
[2026-05-30T19:49:34.849+0000] {logging_mixin.py:188} INFO - [2026-05-30T19:49:34.848+0000] {dag.py:3096} INFO - Sync 1 DAGs
[2026-05-30T19:49:34.870+0000] {logging_mixin.py:188} INFO - [2026-05-30T19:49:34.868+0000] {dag.py:3954} INFO - Setting next_dagrun for neuralretail_retrain_pipeline to None, run_after=None
[2026-05-30T19:49:34.898+0000] {processor.py:183} INFO - Processing /opt/airflow/dags/dag_retrain_pipeline.py took 0.174 seconds
[2026-05-30T19:50:05.063+0000] {processor.py:161} INFO - Started process (PID=612) to work on /opt/airflow/dags/dag_retrain_pipeline.py
[2026-05-30T19:50:05.064+0000] {processor.py:830} INFO - Processing file /opt/airflow/dags/dag_retrain_pipeline.py for tasks to queue
[2026-05-30T19:50:05.066+0000] {logging_mixin.py:188} INFO - [2026-05-30T19:50:05.065+0000] {dagbag.py:540} INFO - Filling up the DagBag from /opt/airflow/dags/dag_retrain_pipeline.py
[2026-05-30T19:50:05.098+0000] {processor.py:840} INFO - DAG(s) 'neuralretail_retrain_pipeline' retrieved from /opt/airflow/dags/dag_retrain_pipeline.py
[2026-05-30T19:50:05.119+0000] {logging_mixin.py:188} INFO - [2026-05-30T19:50:05.119+0000] {dag.py:3096} INFO - Sync 1 DAGs
[2026-05-30T19:50:05.132+0000] {logging_mixin.py:188} INFO - [2026-05-30T19:50:05.131+0000] {dag.py:3954} INFO - Setting next_dagrun for neuralretail_retrain_pipeline to None, run_after=None
[2026-05-30T19:50:05.151+0000] {processor.py:183} INFO - Processing /opt/airflow/dags/dag_retrain_pipeline.py took 0.093 seconds
[2026-05-30T19:50:35.399+0000] {processor.py:161} INFO - Started process (PID=632) to work on /opt/airflow/dags/dag_retrain_pipeline.py
[2026-05-30T19:50:35.400+0000] {processor.py:830} INFO - Processing file /opt/airflow/dags/dag_retrain_pipeline.py for tasks to queue
[2026-05-30T19:50:35.404+0000] {logging_mixin.py:188} INFO - [2026-05-30T19:50:35.403+0000] {dagbag.py:540} INFO - Filling up the DagBag from /opt/airflow/dags/dag_retrain_pipeline.py
[2026-05-30T19:50:35.453+0000] {processor.py:840} INFO - DAG(s) 'neuralretail_retrain_pipeline' retrieved from /opt/airflow/dags/dag_retrain_pipeline.py
[2026-05-30T19:50:35.479+0000] {logging_mixin.py:188} INFO - [2026-05-30T19:50:35.479+0000] {dag.py:3096} INFO - Sync 1 DAGs
[2026-05-30T19:50:35.490+0000] {logging_mixin.py:188} INFO - [2026-05-30T19:50:35.490+0000] {dag.py:3954} INFO - Setting next_dagrun for neuralretail_retrain_pipeline to None, run_after=None
[2026-05-30T19:50:35.509+0000] {processor.py:183} INFO - Processing /opt/airflow/dags/dag_retrain_pipeline.py took 0.116 seconds
[2026-05-30T19:51:05.927+0000] {processor.py:161} INFO - Started process (PID=652) to work on /opt/airflow/dags/dag_retrain_pipeline.py
[2026-05-30T19:51:05.930+0000] {processor.py:830} INFO - Processing file /opt/airflow/dags/dag_retrain_pipeline.py for tasks to queue
[2026-05-30T19:51:05.934+0000] {logging_mixin.py:188} INFO - [2026-05-30T19:51:05.933+0000] {dagbag.py:540} INFO - Filling up the DagBag from /opt/airflow/dags/dag_retrain_pipeline.py
[2026-05-30T19:51:05.962+0000] {processor.py:840} INFO - DAG(s) 'neuralretail_retrain_pipeline' retrieved from /opt/airflow/dags/dag_retrain_pipeline.py
[2026-05-30T19:51:05.984+0000] {logging_mixin.py:188} INFO - [2026-05-30T19:51:05.984+0000] {dag.py:3096} INFO - Sync 1 DAGs
[2026-05-30T19:51:05.994+0000] {logging_mixin.py:188} INFO - [2026-05-30T19:51:05.994+0000] {dag.py:3954} INFO - Setting next_dagrun for neuralretail_retrain_pipeline to None, run_after=None
[2026-05-30T19:51:06.012+0000] {processor.py:183} INFO - Processing /opt/airflow/dags/dag_retrain_pipeline.py took 0.090 seconds
[2026-05-30T19:51:36.896+0000] {processor.py:161} INFO - Started process (PID=672) to work on /opt/airflow/dags/dag_retrain_pipeline.py
[2026-05-30T19:51:36.898+0000] {processor.py:830} INFO - Processing file /opt/airflow/dags/dag_retrain_pipeline.py for tasks to queue
[2026-05-30T19:51:36.901+0000] {logging_mixin.py:188} INFO - [2026-05-30T19:51:36.900+0000] {dagbag.py:540} INFO - Filling up the DagBag from /opt/airflow/dags/dag_retrain_pipeline.py
[2026-05-30T19:51:36.942+0000] {processor.py:840} INFO - DAG(s) 'neuralretail_retrain_pipeline' retrieved from /opt/airflow/dags/dag_retrain_pipeline.py
[2026-05-30T19:51:36.968+0000] {logging_mixin.py:188} INFO - [2026-05-30T19:51:36.967+0000] {dag.py:3096} INFO - Sync 1 DAGs
[2026-05-30T19:51:36.977+0000] {logging_mixin.py:188} INFO - [2026-05-30T19:51:36.977+0000] {dag.py:3954} INFO - Setting next_dagrun for neuralretail_retrain_pipeline to None, run_after=None
[2026-05-30T19:51:36.995+0000] {processor.py:183} INFO - Processing /opt/airflow/dags/dag_retrain_pipeline.py took 0.106 seconds
[2026-05-30T19:57:51.573+0000] {processor.py:161} INFO - Started process (PID=172) to work on /opt/airflow/dags/dag_retrain_pipeline.py
[2026-05-30T19:57:51.576+0000] {processor.py:830} INFO - Processing file /opt/airflow/dags/dag_retrain_pipeline.py for tasks to queue
[2026-05-30T19:57:51.580+0000] {logging_mixin.py:188} INFO - [2026-05-30T19:57:51.579+0000] {dagbag.py:540} INFO - Filling up the DagBag from /opt/airflow/dags/dag_retrain_pipeline.py
[2026-05-30T19:57:51.659+0000] {processor.py:840} INFO - DAG(s) 'neuralretail_retrain_pipeline' retrieved from /opt/airflow/dags/dag_retrain_pipeline.py
[2026-05-30T19:57:51.972+0000] {logging_mixin.py:188} INFO - [2026-05-30T19:57:51.971+0000] {override.py:1829} INFO - Created Permission View: can delete on DAG:neuralretail_retrain_pipeline
[2026-05-30T19:57:51.987+0000] {logging_mixin.py:188} INFO - [2026-05-30T19:57:51.986+0000] {override.py:1829} INFO - Created Permission View: can edit on DAG:neuralretail_retrain_pipeline
[2026-05-30T19:57:51.995+0000] {logging_mixin.py:188} INFO - [2026-05-30T19:57:51.995+0000] {override.py:1829} INFO - Created Permission View: can read on DAG:neuralretail_retrain_pipeline
[2026-05-30T19:57:51.997+0000] {logging_mixin.py:188} INFO - [2026-05-30T19:57:51.996+0000] {dag.py:3096} INFO - Sync 1 DAGs
[2026-05-30T19:57:52.012+0000] {logging_mixin.py:188} INFO - [2026-05-30T19:57:52.011+0000] {dag.py:3118} INFO - Creating ORM DAG for neuralretail_retrain_pipeline
[2026-05-30T19:57:52.013+0000] {logging_mixin.py:188} INFO - [2026-05-30T19:57:52.013+0000] {dag.py:3954} INFO - Setting next_dagrun for neuralretail_retrain_pipeline to None, run_after=None
[2026-05-30T19:57:52.046+0000] {processor.py:183} INFO - Processing /opt/airflow/dags/dag_retrain_pipeline.py took 0.481 seconds
[2026-05-30T19:58:22.306+0000] {processor.py:161} INFO - Started process (PID=192) to work on /opt/airflow/dags/dag_retrain_pipeline.py
[2026-05-30T19:58:22.308+0000] {processor.py:830} INFO - Processing file /opt/airflow/dags/dag_retrain_pipeline.py for tasks to queue
[2026-05-30T19:58:22.312+0000] {logging_mixin.py:188} INFO - [2026-05-30T19:58:22.311+0000] {dagbag.py:540} INFO - Filling up the DagBag from /opt/airflow/dags/dag_retrain_pipeline.py
[2026-05-30T19:58:22.368+0000] {processor.py:840} INFO - DAG(s) 'neuralretail_retrain_pipeline' retrieved from /opt/airflow/dags/dag_retrain_pipeline.py
[2026-05-30T19:58:22.393+0000] {logging_mixin.py:188} INFO - [2026-05-30T19:58:22.393+0000] {dag.py:3096} INFO - Sync 1 DAGs
[2026-05-30T19:58:22.404+0000] {logging_mixin.py:188} INFO - [2026-05-30T19:58:22.404+0000] {dag.py:3954} INFO - Setting next_dagrun for neuralretail_retrain_pipeline to None, run_after=None
[2026-05-30T19:58:22.426+0000] {processor.py:183} INFO - Processing /opt/airflow/dags/dag_retrain_pipeline.py took 0.131 seconds
[2026-05-30T19:58:53.500+0000] {processor.py:161} INFO - Started process (PID=212) to work on /opt/airflow/dags/dag_retrain_pipeline.py
[2026-05-30T19:58:53.502+0000] {processor.py:830} INFO - Processing file /opt/airflow/dags/dag_retrain_pipeline.py for tasks to queue
[2026-05-30T19:58:53.505+0000] {logging_mixin.py:188} INFO - [2026-05-30T19:58:53.504+0000] {dagbag.py:540} INFO - Filling up the DagBag from /opt/airflow/dags/dag_retrain_pipeline.py
[2026-05-30T19:58:53.574+0000] {processor.py:840} INFO - DAG(s) 'neuralretail_retrain_pipeline' retrieved from /opt/airflow/dags/dag_retrain_pipeline.py
[2026-05-30T19:58:53.600+0000] {logging_mixin.py:188} INFO - [2026-05-30T19:58:53.600+0000] {dag.py:3096} INFO - Sync 1 DAGs
[2026-05-30T19:58:53.613+0000] {logging_mixin.py:188} INFO - [2026-05-30T19:58:53.613+0000] {dag.py:3954} INFO - Setting next_dagrun for neuralretail_retrain_pipeline to None, run_after=None
[2026-05-30T19:58:53.634+0000] {processor.py:183} INFO - Processing /opt/airflow/dags/dag_retrain_pipeline.py took 0.143 seconds
[2026-05-30T19:59:23.808+0000] {processor.py:161} INFO - Started process (PID=232) to work on /opt/airflow/dags/dag_retrain_pipeline.py
[2026-05-30T19:59:23.809+0000] {processor.py:830} INFO - Processing file /opt/airflow/dags/dag_retrain_pipeline.py for tasks to queue
[2026-05-30T19:59:23.811+0000] {logging_mixin.py:188} INFO - [2026-05-30T19:59:23.811+0000] {dagbag.py:540} INFO - Filling up the DagBag from /opt/airflow/dags/dag_retrain_pipeline.py
[2026-05-30T19:59:23.854+0000] {processor.py:840} INFO - DAG(s) 'neuralretail_retrain_pipeline' retrieved from /opt/airflow/dags/dag_retrain_pipeline.py
[2026-05-30T19:59:23.875+0000] {logging_mixin.py:188} INFO - [2026-05-30T19:59:23.875+0000] {dag.py:3096} INFO - Sync 1 DAGs
[2026-05-30T19:59:23.886+0000] {logging_mixin.py:188} INFO - [2026-05-30T19:59:23.886+0000] {dag.py:3954} INFO - Setting next_dagrun for neuralretail_retrain_pipeline to None, run_after=None
[2026-05-30T19:59:23.905+0000] {processor.py:183} INFO - Processing /opt/airflow/dags/dag_retrain_pipeline.py took 0.103 seconds
[2026-05-30T19:59:54.159+0000] {processor.py:161} INFO - Started process (PID=252) to work on /opt/airflow/dags/dag_retrain_pipeline.py
[2026-05-30T19:59:54.160+0000] {processor.py:830} INFO - Processing file /opt/airflow/dags/dag_retrain_pipeline.py for tasks to queue
[2026-05-30T19:59:54.162+0000] {logging_mixin.py:188} INFO - [2026-05-30T19:59:54.162+0000] {dagbag.py:540} INFO - Filling up the DagBag from /opt/airflow/dags/dag_retrain_pipeline.py
[2026-05-30T19:59:54.230+0000] {processor.py:840} INFO - DAG(s) 'neuralretail_retrain_pipeline' retrieved from /opt/airflow/dags/dag_retrain_pipeline.py
[2026-05-30T19:59:54.261+0000] {logging_mixin.py:188} INFO - [2026-05-30T19:59:54.260+0000] {dag.py:3096} INFO - Sync 1 DAGs
[2026-05-30T19:59:54.279+0000] {logging_mixin.py:188} INFO - [2026-05-30T19:59:54.278+0000] {dag.py:3954} INFO - Setting next_dagrun for neuralretail_retrain_pipeline to None, run_after=None
[2026-05-30T19:59:54.299+0000] {processor.py:183} INFO - Processing /opt/airflow/dags/dag_retrain_pipeline.py took 0.148 seconds
[2026-05-30T20:00:24.583+0000] {processor.py:161} INFO - Started process (PID=272) to work on /opt/airflow/dags/dag_retrain_pipeline.py
[2026-05-30T20:00:24.584+0000] {processor.py:830} INFO - Processing file /opt/airflow/dags/dag_retrain_pipeline.py for tasks to queue
[2026-05-30T20:00:24.589+0000] {logging_mixin.py:188} INFO - [2026-05-30T20:00:24.588+0000] {dagbag.py:540} INFO - Filling up the DagBag from /opt/airflow/dags/dag_retrain_pipeline.py
[2026-05-30T20:00:24.638+0000] {processor.py:840} INFO - DAG(s) 'neuralretail_retrain_pipeline' retrieved from /opt/airflow/dags/dag_retrain_pipeline.py
[2026-05-30T20:00:24.662+0000] {logging_mixin.py:188} INFO - [2026-05-30T20:00:24.661+0000] {dag.py:3096} INFO - Sync 1 DAGs
[2026-05-30T20:00:24.672+0000] {logging_mixin.py:188} INFO - [2026-05-30T20:00:24.672+0000] {dag.py:3954} INFO - Setting next_dagrun for neuralretail_retrain_pipeline to None, run_after=None
[2026-05-30T20:00:24.693+0000] {processor.py:183} INFO - Processing /opt/airflow/dags/dag_retrain_pipeline.py took 0.120 seconds
[2026-05-30T20:00:54.919+0000] {processor.py:161} INFO - Started process (PID=292) to work on /opt/airflow/dags/dag_retrain_pipeline.py
[2026-05-30T20:00:54.920+0000] {processor.py:830} INFO - Processing file /opt/airflow/dags/dag_retrain_pipeline.py for tasks to queue
[2026-05-30T20:00:54.924+0000] {logging_mixin.py:188} INFO - [2026-05-30T20:00:54.923+0000] {dagbag.py:540} INFO - Filling up the DagBag from /opt/airflow/dags/dag_retrain_pipeline.py
[2026-05-30T20:00:54.988+0000] {processor.py:840} INFO - DAG(s) 'neuralretail_retrain_pipeline' retrieved from /opt/airflow/dags/dag_retrain_pipeline.py
[2026-05-30T20:00:55.011+0000] {logging_mixin.py:188} INFO - [2026-05-30T20:00:55.011+0000] {dag.py:3096} INFO - Sync 1 DAGs
[2026-05-30T20:00:55.027+0000] {logging_mixin.py:188} INFO - [2026-05-30T20:00:55.026+0000] {dag.py:3954} INFO - Setting next_dagrun for neuralretail_retrain_pipeline to None, run_after=None
[2026-05-30T20:00:55.049+0000] {processor.py:183} INFO - Processing /opt/airflow/dags/dag_retrain_pipeline.py took 0.144 seconds
[2026-05-30T20:01:25.306+0000] {processor.py:161} INFO - Started process (PID=312) to work on /opt/airflow/dags/dag_retrain_pipeline.py
[2026-05-30T20:01:25.308+0000] {processor.py:830} INFO - Processing file /opt/airflow/dags/dag_retrain_pipeline.py for tasks to queue
[2026-05-30T20:01:25.310+0000] {logging_mixin.py:188} INFO - [2026-05-30T20:01:25.310+0000] {dagbag.py:540} INFO - Filling up the DagBag from /opt/airflow/dags/dag_retrain_pipeline.py
[2026-05-30T20:01:25.372+0000] {processor.py:840} INFO - DAG(s) 'neuralretail_retrain_pipeline' retrieved from /opt/airflow/dags/dag_retrain_pipeline.py
[2026-05-30T20:01:25.411+0000] {logging_mixin.py:188} INFO - [2026-05-30T20:01:25.410+0000] {dag.py:3096} INFO - Sync 1 DAGs
[2026-05-30T20:01:25.422+0000] {logging_mixin.py:188} INFO - [2026-05-30T20:01:25.422+0000] {dag.py:3954} INFO - Setting next_dagrun for neuralretail_retrain_pipeline to None, run_after=None
[2026-05-30T20:01:25.440+0000] {processor.py:183} INFO - Processing /opt/airflow/dags/dag_retrain_pipeline.py took 0.143 seconds
[2026-05-30T20:01:55.717+0000] {processor.py:161} INFO - Started process (PID=332) to work on /opt/airflow/dags/dag_retrain_pipeline.py
[2026-05-30T20:01:55.718+0000] {processor.py:830} INFO - Processing file /opt/airflow/dags/dag_retrain_pipeline.py for tasks to queue
[2026-05-30T20:01:55.720+0000] {logging_mixin.py:188} INFO - [2026-05-30T20:01:55.720+0000] {dagbag.py:540} INFO - Filling up the DagBag from /opt/airflow/dags/dag_retrain_pipeline.py
[2026-05-30T20:01:55.764+0000] {processor.py:840} INFO - DAG(s) 'neuralretail_retrain_pipeline' retrieved from /opt/airflow/dags/dag_retrain_pipeline.py
[2026-05-30T20:01:55.787+0000] {logging_mixin.py:188} INFO - [2026-05-30T20:01:55.787+0000] {dag.py:3096} INFO - Sync 1 DAGs
[2026-05-30T20:01:55.802+0000] {logging_mixin.py:188} INFO - [2026-05-30T20:01:55.801+0000] {dag.py:3954} INFO - Setting next_dagrun for neuralretail_retrain_pipeline to None, run_after=None
[2026-05-30T20:01:55.820+0000] {processor.py:183} INFO - Processing /opt/airflow/dags/dag_retrain_pipeline.py took 0.109 seconds
[2026-05-30T20:02:26.754+0000] {processor.py:161} INFO - Started process (PID=352) to work on /opt/airflow/dags/dag_retrain_pipeline.py
[2026-05-30T20:02:26.755+0000] {processor.py:830} INFO - Processing file /opt/airflow/dags/dag_retrain_pipeline.py for tasks to queue
[2026-05-30T20:02:26.757+0000] {logging_mixin.py:188} INFO - [2026-05-30T20:02:26.757+0000] {dagbag.py:540} INFO - Filling up the DagBag from /opt/airflow/dags/dag_retrain_pipeline.py
[2026-05-30T20:02:26.824+0000] {processor.py:840} INFO - DAG(s) 'neuralretail_retrain_pipeline' retrieved from /opt/airflow/dags/dag_retrain_pipeline.py
[2026-05-30T20:02:26.860+0000] {logging_mixin.py:188} INFO - [2026-05-30T20:02:26.859+0000] {dag.py:3096} INFO - Sync 1 DAGs
[2026-05-30T20:02:26.879+0000] {logging_mixin.py:188} INFO - [2026-05-30T20:02:26.878+0000] {dag.py:3954} INFO - Setting next_dagrun for neuralretail_retrain_pipeline to None, run_after=None
[2026-05-30T20:02:26.911+0000] {processor.py:183} INFO - Processing /opt/airflow/dags/dag_retrain_pipeline.py took 0.163 seconds
[2026-05-30T20:02:57.994+0000] {processor.py:161} INFO - Started process (PID=372) to work on /opt/airflow/dags/dag_retrain_pipeline.py
[2026-05-30T20:02:58.002+0000] {processor.py:830} INFO - Processing file /opt/airflow/dags/dag_retrain_pipeline.py for tasks to queue
[2026-05-30T20:02:58.013+0000] {logging_mixin.py:188} INFO - [2026-05-30T20:02:58.012+0000] {dagbag.py:540} INFO - Filling up the DagBag from /opt/airflow/dags/dag_retrain_pipeline.py
[2026-05-30T20:02:58.183+0000] {processor.py:840} INFO - DAG(s) 'neuralretail_retrain_pipeline' retrieved from /opt/airflow/dags/dag_retrain_pipeline.py
[2026-05-30T20:02:58.206+0000] {logging_mixin.py:188} INFO - [2026-05-30T20:02:58.206+0000] {dag.py:3096} INFO - Sync 1 DAGs
[2026-05-30T20:02:58.221+0000] {logging_mixin.py:188} INFO - [2026-05-30T20:02:58.221+0000] {dag.py:3954} INFO - Setting next_dagrun for neuralretail_retrain_pipeline to None, run_after=None
[2026-05-30T20:02:58.253+0000] {processor.py:183} INFO - Processing /opt/airflow/dags/dag_retrain_pipeline.py took 0.270 seconds
[2026-05-30T20:03:28.519+0000] {processor.py:161} INFO - Started process (PID=392) to work on /opt/airflow/dags/dag_retrain_pipeline.py
[2026-05-30T20:03:28.520+0000] {processor.py:830} INFO - Processing file /opt/airflow/dags/dag_retrain_pipeline.py for tasks to queue
[2026-05-30T20:03:28.527+0000] {logging_mixin.py:188} INFO - [2026-05-30T20:03:28.527+0000] {dagbag.py:540} INFO - Filling up the DagBag from /opt/airflow/dags/dag_retrain_pipeline.py
[2026-05-30T20:03:28.589+0000] {processor.py:840} INFO - DAG(s) 'neuralretail_retrain_pipeline' retrieved from /opt/airflow/dags/dag_retrain_pipeline.py
[2026-05-30T20:03:28.624+0000] {logging_mixin.py:188} INFO - [2026-05-30T20:03:28.624+0000] {dag.py:3096} INFO - Sync 1 DAGs
[2026-05-30T20:03:28.660+0000] {logging_mixin.py:188} INFO - [2026-05-30T20:03:28.660+0000] {dag.py:3954} INFO - Setting next_dagrun for neuralretail_retrain_pipeline to None, run_after=None
[2026-05-30T20:03:28.702+0000] {processor.py:183} INFO - Processing /opt/airflow/dags/dag_retrain_pipeline.py took 0.196 seconds
[2026-05-30T20:03:59.219+0000] {processor.py:161} INFO - Started process (PID=412) to work on /opt/airflow/dags/dag_retrain_pipeline.py
[2026-05-30T20:03:59.221+0000] {processor.py:830} INFO - Processing file /opt/airflow/dags/dag_retrain_pipeline.py for tasks to queue
[2026-05-30T20:03:59.225+0000] {logging_mixin.py:188} INFO - [2026-05-30T20:03:59.225+0000] {dagbag.py:540} INFO - Filling up the DagBag from /opt/airflow/dags/dag_retrain_pipeline.py
[2026-05-30T20:03:59.273+0000] {processor.py:840} INFO - DAG(s) 'neuralretail_retrain_pipeline' retrieved from /opt/airflow/dags/dag_retrain_pipeline.py
[2026-05-30T20:03:59.293+0000] {logging_mixin.py:188} INFO - [2026-05-30T20:03:59.293+0000] {dag.py:3096} INFO - Sync 1 DAGs
[2026-05-30T20:03:59.304+0000] {logging_mixin.py:188} INFO - [2026-05-30T20:03:59.304+0000] {dag.py:3954} INFO - Setting next_dagrun for neuralretail_retrain_pipeline to None, run_after=None
[2026-05-30T20:03:59.326+0000] {processor.py:183} INFO - Processing /opt/airflow/dags/dag_retrain_pipeline.py took 0.112 seconds
[2026-05-30T20:04:29.729+0000] {processor.py:161} INFO - Started process (PID=432) to work on /opt/airflow/dags/dag_retrain_pipeline.py
[2026-05-30T20:04:29.731+0000] {processor.py:830} INFO - Processing file /opt/airflow/dags/dag_retrain_pipeline.py for tasks to queue
[2026-05-30T20:04:29.735+0000] {logging_mixin.py:188} INFO - [2026-05-30T20:04:29.734+0000] {dagbag.py:540} INFO - Filling up the DagBag from /opt/airflow/dags/dag_retrain_pipeline.py
[2026-05-30T20:04:29.799+0000] {processor.py:840} INFO - DAG(s) 'neuralretail_retrain_pipeline' retrieved from /opt/airflow/dags/dag_retrain_pipeline.py
[2026-05-30T20:04:29.859+0000] {logging_mixin.py:188} INFO - [2026-05-30T20:04:29.859+0000] {dag.py:3096} INFO - Sync 1 DAGs
[2026-05-30T20:04:29.886+0000] {logging_mixin.py:188} INFO - [2026-05-30T20:04:29.886+0000] {dag.py:3954} INFO - Setting next_dagrun for neuralretail_retrain_pipeline to None, run_after=None
[2026-05-30T20:04:29.930+0000] {processor.py:183} INFO - Processing /opt/airflow/dags/dag_retrain_pipeline.py took 0.214 seconds
[2026-05-30T20:05:00.936+0000] {processor.py:161} INFO - Started process (PID=452) to work on /opt/airflow/dags/dag_retrain_pipeline.py
[2026-05-30T20:05:00.937+0000] {processor.py:830} INFO - Processing file /opt/airflow/dags/dag_retrain_pipeline.py for tasks to queue
[2026-05-30T20:05:00.940+0000] {logging_mixin.py:188} INFO - [2026-05-30T20:05:00.939+0000] {dagbag.py:540} INFO - Filling up the DagBag from /opt/airflow/dags/dag_retrain_pipeline.py
[2026-05-30T20:05:00.969+0000] {processor.py:840} INFO - DAG(s) 'neuralretail_retrain_pipeline' retrieved from /opt/airflow/dags/dag_retrain_pipeline.py
[2026-05-30T20:05:01.001+0000] {logging_mixin.py:188} INFO - [2026-05-30T20:05:01.001+0000] {dag.py:3096} INFO - Sync 1 DAGs
[2026-05-30T20:05:01.022+0000] {logging_mixin.py:188} INFO - [2026-05-30T20:05:01.022+0000] {dag.py:3954} INFO - Setting next_dagrun for neuralretail_retrain_pipeline to None, run_after=None
[2026-05-30T20:05:01.065+0000] {processor.py:183} INFO - Processing /opt/airflow/dags/dag_retrain_pipeline.py took 0.134 seconds
[2026-05-30T20:05:31.275+0000] {processor.py:161} INFO - Started process (PID=472) to work on /opt/airflow/dags/dag_retrain_pipeline.py
[2026-05-30T20:05:31.276+0000] {processor.py:830} INFO - Processing file /opt/airflow/dags/dag_retrain_pipeline.py for tasks to queue
[2026-05-30T20:05:31.281+0000] {logging_mixin.py:188} INFO - [2026-05-30T20:05:31.281+0000] {dagbag.py:540} INFO - Filling up the DagBag from /opt/airflow/dags/dag_retrain_pipeline.py
[2026-05-30T20:05:31.340+0000] {processor.py:840} INFO - DAG(s) 'neuralretail_retrain_pipeline' retrieved from /opt/airflow/dags/dag_retrain_pipeline.py
[2026-05-30T20:05:31.384+0000] {logging_mixin.py:188} INFO - [2026-05-30T20:05:31.383+0000] {dag.py:3096} INFO - Sync 1 DAGs
[2026-05-30T20:05:31.399+0000] {logging_mixin.py:188} INFO - [2026-05-30T20:05:31.399+0000] {dag.py:3954} INFO - Setting next_dagrun for neuralretail_retrain_pipeline to None, run_after=None
[2026-05-30T20:05:31.435+0000] {processor.py:183} INFO - Processing /opt/airflow/dags/dag_retrain_pipeline.py took 0.176 seconds
[2026-05-30T20:06:02.090+0000] {processor.py:161} INFO - Started process (PID=492) to work on /opt/airflow/dags/dag_retrain_pipeline.py
[2026-05-30T20:06:02.095+0000] {processor.py:830} INFO - Processing file /opt/airflow/dags/dag_retrain_pipeline.py for tasks to queue
[2026-05-30T20:06:02.103+0000] {logging_mixin.py:188} INFO - [2026-05-30T20:06:02.102+0000] {dagbag.py:540} INFO - Filling up the DagBag from /opt/airflow/dags/dag_retrain_pipeline.py
[2026-05-30T20:06:02.184+0000] {processor.py:840} INFO - DAG(s) 'neuralretail_retrain_pipeline' retrieved from /opt/airflow/dags/dag_retrain_pipeline.py
[2026-05-30T20:06:02.229+0000] {logging_mixin.py:188} INFO - [2026-05-30T20:06:02.229+0000] {dag.py:3096} INFO - Sync 1 DAGs
[2026-05-30T20:06:02.257+0000] {logging_mixin.py:188} INFO - [2026-05-30T20:06:02.256+0000] {dag.py:3954} INFO - Setting next_dagrun for neuralretail_retrain_pipeline to None, run_after=None
[2026-05-30T20:06:02.287+0000] {processor.py:183} INFO - Processing /opt/airflow/dags/dag_retrain_pipeline.py took 0.213 seconds
[2026-05-30T20:06:32.972+0000] {processor.py:161} INFO - Started process (PID=512) to work on /opt/airflow/dags/dag_retrain_pipeline.py
[2026-05-30T20:06:32.974+0000] {processor.py:830} INFO - Processing file /opt/airflow/dags/dag_retrain_pipeline.py for tasks to queue
[2026-05-30T20:06:32.978+0000] {logging_mixin.py:188} INFO - [2026-05-30T20:06:32.977+0000] {dagbag.py:540} INFO - Filling up the DagBag from /opt/airflow/dags/dag_retrain_pipeline.py
[2026-05-30T20:06:33.040+0000] {processor.py:840} INFO - DAG(s) 'neuralretail_retrain_pipeline' retrieved from /opt/airflow/dags/dag_retrain_pipeline.py
[2026-05-30T20:06:33.069+0000] {logging_mixin.py:188} INFO - [2026-05-30T20:06:33.068+0000] {dag.py:3096} INFO - Sync 1 DAGs
[2026-05-30T20:06:33.083+0000] {logging_mixin.py:188} INFO - [2026-05-30T20:06:33.082+0000] {dag.py:3954} INFO - Setting next_dagrun for neuralretail_retrain_pipeline to None, run_after=None
[2026-05-30T20:06:33.107+0000] {processor.py:183} INFO - Processing /opt/airflow/dags/dag_retrain_pipeline.py took 0.144 seconds
[2026-05-30T20:07:03.221+0000] {processor.py:161} INFO - Started process (PID=532) to work on /opt/airflow/dags/dag_retrain_pipeline.py
[2026-05-30T20:07:03.222+0000] {processor.py:830} INFO - Processing file /opt/airflow/dags/dag_retrain_pipeline.py for tasks to queue
[2026-05-30T20:07:03.225+0000] {logging_mixin.py:188} INFO - [2026-05-30T20:07:03.224+0000] {dagbag.py:540} INFO - Filling up the DagBag from /opt/airflow/dags/dag_retrain_pipeline.py
[2026-05-30T20:07:03.263+0000] {processor.py:840} INFO - DAG(s) 'neuralretail_retrain_pipeline' retrieved from /opt/airflow/dags/dag_retrain_pipeline.py
[2026-05-30T20:07:03.287+0000] {logging_mixin.py:188} INFO - [2026-05-30T20:07:03.286+0000] {dag.py:3096} INFO - Sync 1 DAGs
[2026-05-30T20:07:03.297+0000] {logging_mixin.py:188} INFO - [2026-05-30T20:07:03.297+0000] {dag.py:3954} INFO - Setting next_dagrun for neuralretail_retrain_pipeline to None, run_after=None
[2026-05-30T20:07:03.315+0000] {processor.py:183} INFO - Processing /opt/airflow/dags/dag_retrain_pipeline.py took 0.103 seconds
[2026-05-30T20:07:33.778+0000] {processor.py:161} INFO - Started process (PID=552) to work on /opt/airflow/dags/dag_retrain_pipeline.py
[2026-05-30T20:07:33.781+0000] {processor.py:830} INFO - Processing file /opt/airflow/dags/dag_retrain_pipeline.py for tasks to queue
[2026-05-30T20:07:33.785+0000] {logging_mixin.py:188} INFO - [2026-05-30T20:07:33.784+0000] {dagbag.py:540} INFO - Filling up the DagBag from /opt/airflow/dags/dag_retrain_pipeline.py
[2026-05-30T20:07:33.881+0000] {processor.py:840} INFO - DAG(s) 'neuralretail_retrain_pipeline' retrieved from /opt/airflow/dags/dag_retrain_pipeline.py
[2026-05-30T20:07:33.938+0000] {logging_mixin.py:188} INFO - [2026-05-30T20:07:33.937+0000] {dag.py:3096} INFO - Sync 1 DAGs
[2026-05-30T20:07:33.962+0000] {logging_mixin.py:188} INFO - [2026-05-30T20:07:33.962+0000] {dag.py:3954} INFO - Setting next_dagrun for neuralretail_retrain_pipeline to None, run_after=None
[2026-05-30T20:07:34.031+0000] {processor.py:183} INFO - Processing /opt/airflow/dags/dag_retrain_pipeline.py took 0.264 seconds
[2026-05-30T20:08:04.498+0000] {processor.py:161} INFO - Started process (PID=572) to work on /opt/airflow/dags/dag_retrain_pipeline.py
[2026-05-30T20:08:04.500+0000] {processor.py:830} INFO - Processing file /opt/airflow/dags/dag_retrain_pipeline.py for tasks to queue
[2026-05-30T20:08:04.502+0000] {logging_mixin.py:188} INFO - [2026-05-30T20:08:04.502+0000] {dagbag.py:540} INFO - Filling up the DagBag from /opt/airflow/dags/dag_retrain_pipeline.py
[2026-05-30T20:08:04.551+0000] {processor.py:840} INFO - DAG(s) 'neuralretail_retrain_pipeline' retrieved from /opt/airflow/dags/dag_retrain_pipeline.py
[2026-05-30T20:08:04.583+0000] {logging_mixin.py:188} INFO - [2026-05-30T20:08:04.583+0000] {dag.py:3096} INFO - Sync 1 DAGs
[2026-05-30T20:08:04.596+0000] {logging_mixin.py:188} INFO - [2026-05-30T20:08:04.595+0000] {dag.py:3954} INFO - Setting next_dagrun for neuralretail_retrain_pipeline to None, run_after=None
[2026-05-30T20:08:04.614+0000] {processor.py:183} INFO - Processing /opt/airflow/dags/dag_retrain_pipeline.py took 0.122 seconds
[2026-05-30T20:08:34.959+0000] {processor.py:161} INFO - Started process (PID=592) to work on /opt/airflow/dags/dag_retrain_pipeline.py
[2026-05-30T20:08:34.963+0000] {processor.py:830} INFO - Processing file /opt/airflow/dags/dag_retrain_pipeline.py for tasks to queue
[2026-05-30T20:08:34.970+0000] {logging_mixin.py:188} INFO - [2026-05-30T20:08:34.969+0000] {dagbag.py:540} INFO - Filling up the DagBag from /opt/airflow/dags/dag_retrain_pipeline.py
[2026-05-30T20:08:35.056+0000] {processor.py:840} INFO - DAG(s) 'neuralretail_retrain_pipeline' retrieved from /opt/airflow/dags/dag_retrain_pipeline.py
[2026-05-30T20:08:35.081+0000] {logging_mixin.py:188} INFO - [2026-05-30T20:08:35.081+0000] {dag.py:3096} INFO - Sync 1 DAGs
[2026-05-30T20:08:35.092+0000] {logging_mixin.py:188} INFO - [2026-05-30T20:08:35.092+0000] {dag.py:3954} INFO - Setting next_dagrun for neuralretail_retrain_pipeline to None, run_after=None
[2026-05-30T20:08:35.115+0000] {processor.py:183} INFO - Processing /opt/airflow/dags/dag_retrain_pipeline.py took 0.175 seconds
[2026-05-30T20:09:05.949+0000] {processor.py:161} INFO - Started process (PID=612) to work on /opt/airflow/dags/dag_retrain_pipeline.py
[2026-05-30T20:09:05.951+0000] {processor.py:830} INFO - Processing file /opt/airflow/dags/dag_retrain_pipeline.py for tasks to queue
[2026-05-30T20:09:05.953+0000] {logging_mixin.py:188} INFO - [2026-05-30T20:09:05.953+0000] {dagbag.py:540} INFO - Filling up the DagBag from /opt/airflow/dags/dag_retrain_pipeline.py
[2026-05-30T20:09:06.000+0000] {processor.py:840} INFO - DAG(s) 'neuralretail_retrain_pipeline' retrieved from /opt/airflow/dags/dag_retrain_pipeline.py
[2026-05-30T20:09:06.025+0000] {logging_mixin.py:188} INFO - [2026-05-30T20:09:06.025+0000] {dag.py:3096} INFO - Sync 1 DAGs
[2026-05-30T20:09:06.041+0000] {logging_mixin.py:188} INFO - [2026-05-30T20:09:06.041+0000] {dag.py:3954} INFO - Setting next_dagrun for neuralretail_retrain_pipeline to None, run_after=None
[2026-05-30T20:09:06.068+0000] {processor.py:183} INFO - Processing /opt/airflow/dags/dag_retrain_pipeline.py took 0.125 seconds
[2026-05-30T20:09:36.548+0000] {processor.py:161} INFO - Started process (PID=632) to work on /opt/airflow/dags/dag_retrain_pipeline.py
[2026-05-30T20:09:36.595+0000] {processor.py:830} INFO - Processing file /opt/airflow/dags/dag_retrain_pipeline.py for tasks to queue
[2026-05-30T20:09:36.598+0000] {logging_mixin.py:188} INFO - [2026-05-30T20:09:36.598+0000] {dagbag.py:540} INFO - Filling up the DagBag from /opt/airflow/dags/dag_retrain_pipeline.py
[2026-05-30T20:09:36.680+0000] {processor.py:840} INFO - DAG(s) 'neuralretail_retrain_pipeline' retrieved from /opt/airflow/dags/dag_retrain_pipeline.py
[2026-05-30T20:09:36.704+0000] {logging_mixin.py:188} INFO - [2026-05-30T20:09:36.704+0000] {dag.py:3096} INFO - Sync 1 DAGs
[2026-05-30T20:09:36.724+0000] {logging_mixin.py:188} INFO - [2026-05-30T20:09:36.724+0000] {dag.py:3954} INFO - Setting next_dagrun for neuralretail_retrain_pipeline to None, run_after=None
[2026-05-30T20:09:36.743+0000] {processor.py:183} INFO - Processing /opt/airflow/dags/dag_retrain_pipeline.py took 0.207 seconds
[2026-05-30T20:10:07.765+0000] {processor.py:161} INFO - Started process (PID=652) to work on /opt/airflow/dags/dag_retrain_pipeline.py
[2026-05-30T20:10:07.766+0000] {processor.py:830} INFO - Processing file /opt/airflow/dags/dag_retrain_pipeline.py for tasks to queue
[2026-05-30T20:10:07.768+0000] {logging_mixin.py:188} INFO - [2026-05-30T20:10:07.768+0000] {dagbag.py:540} INFO - Filling up the DagBag from /opt/airflow/dags/dag_retrain_pipeline.py
[2026-05-30T20:10:07.814+0000] {processor.py:840} INFO - DAG(s) 'neuralretail_retrain_pipeline' retrieved from /opt/airflow/dags/dag_retrain_pipeline.py
[2026-05-30T20:10:07.835+0000] {logging_mixin.py:188} INFO - [2026-05-30T20:10:07.834+0000] {dag.py:3096} INFO - Sync 1 DAGs
[2026-05-30T20:10:07.844+0000] {logging_mixin.py:188} INFO - [2026-05-30T20:10:07.844+0000] {dag.py:3954} INFO - Setting next_dagrun for neuralretail_retrain_pipeline to None, run_after=None
[2026-05-30T20:10:07.864+0000] {processor.py:183} INFO - Processing /opt/airflow/dags/dag_retrain_pipeline.py took 0.103 seconds
[2026-05-30T20:10:38.565+0000] {processor.py:161} INFO - Started process (PID=672) to work on /opt/airflow/dags/dag_retrain_pipeline.py
[2026-05-30T20:10:38.566+0000] {processor.py:830} INFO - Processing file /opt/airflow/dags/dag_retrain_pipeline.py for tasks to queue
[2026-05-30T20:10:38.568+0000] {logging_mixin.py:188} INFO - [2026-05-30T20:10:38.568+0000] {dagbag.py:540} INFO - Filling up the DagBag from /opt/airflow/dags/dag_retrain_pipeline.py
[2026-05-30T20:10:38.621+0000] {processor.py:840} INFO - DAG(s) 'neuralretail_retrain_pipeline' retrieved from /opt/airflow/dags/dag_retrain_pipeline.py
[2026-05-30T20:10:38.642+0000] {logging_mixin.py:188} INFO - [2026-05-30T20:10:38.642+0000] {dag.py:3096} INFO - Sync 1 DAGs
[2026-05-30T20:10:38.666+0000] {logging_mixin.py:188} INFO - [2026-05-30T20:10:38.666+0000] {dag.py:3954} INFO - Setting next_dagrun for neuralretail_retrain_pipeline to None, run_after=None
[2026-05-30T20:10:38.720+0000] {processor.py:183} INFO - Processing /opt/airflow/dags/dag_retrain_pipeline.py took 0.162 seconds
[2026-05-30T20:11:08.856+0000] {processor.py:161} INFO - Started process (PID=692) to work on /opt/airflow/dags/dag_retrain_pipeline.py
[2026-05-30T20:11:08.857+0000] {processor.py:830} INFO - Processing file /opt/airflow/dags/dag_retrain_pipeline.py for tasks to queue
[2026-05-30T20:11:08.859+0000] {logging_mixin.py:188} INFO - [2026-05-30T20:11:08.859+0000] {dagbag.py:540} INFO - Filling up the DagBag from /opt/airflow/dags/dag_retrain_pipeline.py
[2026-05-30T20:11:08.961+0000] {processor.py:840} INFO - DAG(s) 'neuralretail_retrain_pipeline' retrieved from /opt/airflow/dags/dag_retrain_pipeline.py
[2026-05-30T20:11:08.983+0000] {logging_mixin.py:188} INFO - [2026-05-30T20:11:08.983+0000] {dag.py:3096} INFO - Sync 1 DAGs
[2026-05-30T20:11:08.997+0000] {logging_mixin.py:188} INFO - [2026-05-30T20:11:08.996+0000] {dag.py:3954} INFO - Setting next_dagrun for neuralretail_retrain_pipeline to None, run_after=None
[2026-05-30T20:11:09.046+0000] {processor.py:183} INFO - Processing /opt/airflow/dags/dag_retrain_pipeline.py took 0.198 seconds
[2026-05-30T20:11:39.397+0000] {processor.py:161} INFO - Started process (PID=712) to work on /opt/airflow/dags/dag_retrain_pipeline.py
[2026-05-30T20:11:39.406+0000] {processor.py:830} INFO - Processing file /opt/airflow/dags/dag_retrain_pipeline.py for tasks to queue
[2026-05-30T20:11:39.414+0000] {logging_mixin.py:188} INFO - [2026-05-30T20:11:39.413+0000] {dagbag.py:540} INFO - Filling up the DagBag from /opt/airflow/dags/dag_retrain_pipeline.py
[2026-05-30T20:11:39.533+0000] {processor.py:840} INFO - DAG(s) 'neuralretail_retrain_pipeline' retrieved from /opt/airflow/dags/dag_retrain_pipeline.py
[2026-05-30T20:11:39.561+0000] {logging_mixin.py:188} INFO - [2026-05-30T20:11:39.561+0000] {dag.py:3096} INFO - Sync 1 DAGs
[2026-05-30T20:11:39.573+0000] {logging_mixin.py:188} INFO - [2026-05-30T20:11:39.573+0000] {dag.py:3954} INFO - Setting next_dagrun for neuralretail_retrain_pipeline to None, run_after=None
[2026-05-30T20:11:39.596+0000] {processor.py:183} INFO - Processing /opt/airflow/dags/dag_retrain_pipeline.py took 0.213 seconds
[2026-05-30T20:12:10.085+0000] {processor.py:161} INFO - Started process (PID=732) to work on /opt/airflow/dags/dag_retrain_pipeline.py
[2026-05-30T20:12:10.088+0000] {processor.py:830} INFO - Processing file /opt/airflow/dags/dag_retrain_pipeline.py for tasks to queue
[2026-05-30T20:12:10.093+0000] {logging_mixin.py:188} INFO - [2026-05-30T20:12:10.092+0000] {dagbag.py:540} INFO - Filling up the DagBag from /opt/airflow/dags/dag_retrain_pipeline.py
[2026-05-30T20:12:10.184+0000] {processor.py:840} INFO - DAG(s) 'neuralretail_retrain_pipeline' retrieved from /opt/airflow/dags/dag_retrain_pipeline.py
[2026-05-30T20:12:10.208+0000] {logging_mixin.py:188} INFO - [2026-05-30T20:12:10.208+0000] {dag.py:3096} INFO - Sync 1 DAGs
[2026-05-30T20:12:10.219+0000] {logging_mixin.py:188} INFO - [2026-05-30T20:12:10.219+0000] {dag.py:3954} INFO - Setting next_dagrun for neuralretail_retrain_pipeline to None, run_after=None
[2026-05-30T20:12:10.241+0000] {processor.py:183} INFO - Processing /opt/airflow/dags/dag_retrain_pipeline.py took 0.173 seconds
[2026-05-30T20:12:40.684+0000] {processor.py:161} INFO - Started process (PID=752) to work on /opt/airflow/dags/dag_retrain_pipeline.py
[2026-05-30T20:12:40.685+0000] {processor.py:830} INFO - Processing file /opt/airflow/dags/dag_retrain_pipeline.py for tasks to queue
[2026-05-30T20:12:40.687+0000] {logging_mixin.py:188} INFO - [2026-05-30T20:12:40.687+0000] {dagbag.py:540} INFO - Filling up the DagBag from /opt/airflow/dags/dag_retrain_pipeline.py
[2026-05-30T20:12:40.778+0000] {processor.py:840} INFO - DAG(s) 'neuralretail_retrain_pipeline' retrieved from /opt/airflow/dags/dag_retrain_pipeline.py
[2026-05-30T20:12:40.818+0000] {logging_mixin.py:188} INFO - [2026-05-30T20:12:40.818+0000] {dag.py:3096} INFO - Sync 1 DAGs
[2026-05-30T20:12:40.832+0000] {logging_mixin.py:188} INFO - [2026-05-30T20:12:40.831+0000] {dag.py:3954} INFO - Setting next_dagrun for neuralretail_retrain_pipeline to None, run_after=None
[2026-05-30T20:12:40.851+0000] {processor.py:183} INFO - Processing /opt/airflow/dags/dag_retrain_pipeline.py took 0.172 seconds
[2026-05-30T20:13:11.261+0000] {processor.py:161} INFO - Started process (PID=772) to work on /opt/airflow/dags/dag_retrain_pipeline.py
[2026-05-30T20:13:11.262+0000] {processor.py:830} INFO - Processing file /opt/airflow/dags/dag_retrain_pipeline.py for tasks to queue
[2026-05-30T20:13:11.266+0000] {logging_mixin.py:188} INFO - [2026-05-30T20:13:11.265+0000] {dagbag.py:540} INFO - Filling up the DagBag from /opt/airflow/dags/dag_retrain_pipeline.py
[2026-05-30T20:13:11.317+0000] {processor.py:840} INFO - DAG(s) 'neuralretail_retrain_pipeline' retrieved from /opt/airflow/dags/dag_retrain_pipeline.py
[2026-05-30T20:13:11.353+0000] {logging_mixin.py:188} INFO - [2026-05-30T20:13:11.352+0000] {dag.py:3096} INFO - Sync 1 DAGs
[2026-05-30T20:13:11.374+0000] {logging_mixin.py:188} INFO - [2026-05-30T20:13:11.374+0000] {dag.py:3954} INFO - Setting next_dagrun for neuralretail_retrain_pipeline to None, run_after=None
[2026-05-30T20:13:11.428+0000] {processor.py:183} INFO - Processing /opt/airflow/dags/dag_retrain_pipeline.py took 0.177 seconds
[2026-05-30T20:13:42.284+0000] {processor.py:161} INFO - Started process (PID=792) to work on /opt/airflow/dags/dag_retrain_pipeline.py
[2026-05-30T20:13:42.290+0000] {processor.py:830} INFO - Processing file /opt/airflow/dags/dag_retrain_pipeline.py for tasks to queue
[2026-05-30T20:13:42.294+0000] {logging_mixin.py:188} INFO - [2026-05-30T20:13:42.294+0000] {dagbag.py:540} INFO - Filling up the DagBag from /opt/airflow/dags/dag_retrain_pipeline.py
[2026-05-30T20:13:42.449+0000] {processor.py:840} INFO - DAG(s) 'neuralretail_retrain_pipeline' retrieved from /opt/airflow/dags/dag_retrain_pipeline.py
[2026-05-30T20:13:42.507+0000] {logging_mixin.py:188} INFO - [2026-05-30T20:13:42.507+0000] {dag.py:3096} INFO - Sync 1 DAGs
[2026-05-30T20:13:42.545+0000] {logging_mixin.py:188} INFO - [2026-05-30T20:13:42.544+0000] {dag.py:3954} INFO - Setting next_dagrun for neuralretail_retrain_pipeline to None, run_after=None
[2026-05-30T20:13:42.597+0000] {processor.py:183} INFO - Processing /opt/airflow/dags/dag_retrain_pipeline.py took 0.327 seconds
[2026-05-30T20:14:12.934+0000] {processor.py:161} INFO - Started process (PID=812) to work on /opt/airflow/dags/dag_retrain_pipeline.py
[2026-05-30T20:14:12.936+0000] {processor.py:830} INFO - Processing file /opt/airflow/dags/dag_retrain_pipeline.py for tasks to queue
[2026-05-30T20:14:12.942+0000] {logging_mixin.py:188} INFO - [2026-05-30T20:14:12.941+0000] {dagbag.py:540} INFO - Filling up the DagBag from /opt/airflow/dags/dag_retrain_pipeline.py
[2026-05-30T20:14:12.999+0000] {processor.py:840} INFO - DAG(s) 'neuralretail_retrain_pipeline' retrieved from /opt/airflow/dags/dag_retrain_pipeline.py
[2026-05-30T20:14:13.020+0000] {logging_mixin.py:188} INFO - [2026-05-30T20:14:13.020+0000] {dag.py:3096} INFO - Sync 1 DAGs
[2026-05-30T20:14:13.031+0000] {logging_mixin.py:188} INFO - [2026-05-30T20:14:13.031+0000] {dag.py:3954} INFO - Setting next_dagrun for neuralretail_retrain_pipeline to None, run_after=None
[2026-05-30T20:14:13.048+0000] {processor.py:183} INFO - Processing /opt/airflow/dags/dag_retrain_pipeline.py took 0.129 seconds
[2026-05-30T20:14:43.211+0000] {processor.py:161} INFO - Started process (PID=832) to work on /opt/airflow/dags/dag_retrain_pipeline.py
[2026-05-30T20:14:43.215+0000] {processor.py:830} INFO - Processing file /opt/airflow/dags/dag_retrain_pipeline.py for tasks to queue
[2026-05-30T20:14:43.221+0000] {logging_mixin.py:188} INFO - [2026-05-30T20:14:43.220+0000] {dagbag.py:540} INFO - Filling up the DagBag from /opt/airflow/dags/dag_retrain_pipeline.py
[2026-05-30T20:14:43.315+0000] {processor.py:840} INFO - DAG(s) 'neuralretail_retrain_pipeline' retrieved from /opt/airflow/dags/dag_retrain_pipeline.py
[2026-05-30T20:14:43.396+0000] {logging_mixin.py:188} INFO - [2026-05-30T20:14:43.396+0000] {dag.py:3096} INFO - Sync 1 DAGs
[2026-05-30T20:14:43.416+0000] {logging_mixin.py:188} INFO - [2026-05-30T20:14:43.416+0000] {dag.py:3954} INFO - Setting next_dagrun for neuralretail_retrain_pipeline to None, run_after=None
[2026-05-30T20:14:43.442+0000] {processor.py:183} INFO - Processing /opt/airflow/dags/dag_retrain_pipeline.py took 0.240 seconds
[2026-05-30T20:15:13.634+0000] {processor.py:161} INFO - Started process (PID=852) to work on /opt/airflow/dags/dag_retrain_pipeline.py
[2026-05-30T20:15:13.635+0000] {processor.py:830} INFO - Processing file /opt/airflow/dags/dag_retrain_pipeline.py for tasks to queue
[2026-05-30T20:15:13.637+0000] {logging_mixin.py:188} INFO - [2026-05-30T20:15:13.636+0000] {dagbag.py:540} INFO - Filling up the DagBag from /opt/airflow/dags/dag_retrain_pipeline.py
[2026-05-30T20:15:13.658+0000] {processor.py:840} INFO - DAG(s) 'neuralretail_retrain_pipeline' retrieved from /opt/airflow/dags/dag_retrain_pipeline.py
[2026-05-30T20:15:13.679+0000] {logging_mixin.py:188} INFO - [2026-05-30T20:15:13.679+0000] {dag.py:3096} INFO - Sync 1 DAGs
[2026-05-30T20:15:13.691+0000] {logging_mixin.py:188} INFO - [2026-05-30T20:15:13.690+0000] {dag.py:3954} INFO - Setting next_dagrun for neuralretail_retrain_pipeline to None, run_after=None
[2026-05-30T20:15:13.710+0000] {processor.py:183} INFO - Processing /opt/airflow/dags/dag_retrain_pipeline.py took 0.080 seconds
[2026-05-30T20:15:43.878+0000] {processor.py:161} INFO - Started process (PID=872) to work on /opt/airflow/dags/dag_retrain_pipeline.py
[2026-05-30T20:15:43.879+0000] {processor.py:830} INFO - Processing file /opt/airflow/dags/dag_retrain_pipeline.py for tasks to queue
[2026-05-30T20:15:43.881+0000] {logging_mixin.py:188} INFO - [2026-05-30T20:15:43.881+0000] {dagbag.py:540} INFO - Filling up the DagBag from /opt/airflow/dags/dag_retrain_pipeline.py
[2026-05-30T20:15:43.930+0000] {processor.py:840} INFO - DAG(s) 'neuralretail_retrain_pipeline' retrieved from /opt/airflow/dags/dag_retrain_pipeline.py
[2026-05-30T20:15:43.949+0000] {logging_mixin.py:188} INFO - [2026-05-30T20:15:43.949+0000] {dag.py:3096} INFO - Sync 1 DAGs
[2026-05-30T20:15:43.963+0000] {logging_mixin.py:188} INFO - [2026-05-30T20:15:43.963+0000] {dag.py:3954} INFO - Setting next_dagrun for neuralretail_retrain_pipeline to None, run_after=None
[2026-05-30T20:15:43.992+0000] {processor.py:183} INFO - Processing /opt/airflow/dags/dag_retrain_pipeline.py took 0.121 seconds
[2026-05-30T20:16:14.970+0000] {processor.py:161} INFO - Started process (PID=892) to work on /opt/airflow/dags/dag_retrain_pipeline.py
[2026-05-30T20:16:14.972+0000] {processor.py:830} INFO - Processing file /opt/airflow/dags/dag_retrain_pipeline.py for tasks to queue
[2026-05-30T20:16:14.977+0000] {logging_mixin.py:188} INFO - [2026-05-30T20:16:14.977+0000] {dagbag.py:540} INFO - Filling up the DagBag from /opt/airflow/dags/dag_retrain_pipeline.py
[2026-05-30T20:16:15.022+0000] {processor.py:840} INFO - DAG(s) 'neuralretail_retrain_pipeline' retrieved from /opt/airflow/dags/dag_retrain_pipeline.py
[2026-05-30T20:16:15.045+0000] {logging_mixin.py:188} INFO - [2026-05-30T20:16:15.044+0000] {dag.py:3096} INFO - Sync 1 DAGs
[2026-05-30T20:16:15.055+0000] {logging_mixin.py:188} INFO - [2026-05-30T20:16:15.055+0000] {dag.py:3954} INFO - Setting next_dagrun for neuralretail_retrain_pipeline to None, run_after=None
[2026-05-30T20:16:15.072+0000] {processor.py:183} INFO - Processing /opt/airflow/dags/dag_retrain_pipeline.py took 0.115 seconds
[2026-05-30T20:16:45.251+0000] {processor.py:161} INFO - Started process (PID=912) to work on /opt/airflow/dags/dag_retrain_pipeline.py
[2026-05-30T20:16:45.253+0000] {processor.py:830} INFO - Processing file /opt/airflow/dags/dag_retrain_pipeline.py for tasks to queue
[2026-05-30T20:16:45.255+0000] {logging_mixin.py:188} INFO - [2026-05-30T20:16:45.254+0000] {dagbag.py:540} INFO - Filling up the DagBag from /opt/airflow/dags/dag_retrain_pipeline.py
[2026-05-30T20:16:45.310+0000] {processor.py:840} INFO - DAG(s) 'neuralretail_retrain_pipeline' retrieved from /opt/airflow/dags/dag_retrain_pipeline.py
[2026-05-30T20:16:45.337+0000] {logging_mixin.py:188} INFO - [2026-05-30T20:16:45.337+0000] {dag.py:3096} INFO - Sync 1 DAGs
[2026-05-30T20:16:45.348+0000] {logging_mixin.py:188} INFO - [2026-05-30T20:16:45.348+0000] {dag.py:3954} INFO - Setting next_dagrun for neuralretail_retrain_pipeline to None, run_after=None
[2026-05-30T20:16:45.369+0000] {processor.py:183} INFO - Processing /opt/airflow/dags/dag_retrain_pipeline.py took 0.123 seconds
[2026-05-30T20:17:15.563+0000] {processor.py:161} INFO - Started process (PID=932) to work on /opt/airflow/dags/dag_retrain_pipeline.py
[2026-05-30T20:17:15.564+0000] {processor.py:830} INFO - Processing file /opt/airflow/dags/dag_retrain_pipeline.py for tasks to queue
[2026-05-30T20:17:15.566+0000] {logging_mixin.py:188} INFO - [2026-05-30T20:17:15.566+0000] {dagbag.py:540} INFO - Filling up the DagBag from /opt/airflow/dags/dag_retrain_pipeline.py
[2026-05-30T20:17:15.590+0000] {processor.py:840} INFO - DAG(s) 'neuralretail_retrain_pipeline' retrieved from /opt/airflow/dags/dag_retrain_pipeline.py
[2026-05-30T20:17:15.609+0000] {logging_mixin.py:188} INFO - [2026-05-30T20:17:15.609+0000] {dag.py:3096} INFO - Sync 1 DAGs
[2026-05-30T20:17:15.620+0000] {logging_mixin.py:188} INFO - [2026-05-30T20:17:15.620+0000] {dag.py:3954} INFO - Setting next_dagrun for neuralretail_retrain_pipeline to None, run_after=None
[2026-05-30T20:17:15.635+0000] {processor.py:183} INFO - Processing /opt/airflow/dags/dag_retrain_pipeline.py took 0.077 seconds
[2026-05-30T20:17:45.786+0000] {processor.py:161} INFO - Started process (PID=952) to work on /opt/airflow/dags/dag_retrain_pipeline.py
[2026-05-30T20:17:45.788+0000] {processor.py:830} INFO - Processing file /opt/airflow/dags/dag_retrain_pipeline.py for tasks to queue
[2026-05-30T20:17:45.790+0000] {logging_mixin.py:188} INFO - [2026-05-30T20:17:45.790+0000] {dagbag.py:540} INFO - Filling up the DagBag from /opt/airflow/dags/dag_retrain_pipeline.py
[2026-05-30T20:17:45.835+0000] {processor.py:840} INFO - DAG(s) 'neuralretail_retrain_pipeline' retrieved from /opt/airflow/dags/dag_retrain_pipeline.py
[2026-05-30T20:17:45.861+0000] {logging_mixin.py:188} INFO - [2026-05-30T20:17:45.861+0000] {dag.py:3096} INFO - Sync 1 DAGs
[2026-05-30T20:17:45.874+0000] {logging_mixin.py:188} INFO - [2026-05-30T20:17:45.874+0000] {dag.py:3954} INFO - Setting next_dagrun for neuralretail_retrain_pipeline to None, run_after=None
[2026-05-30T20:17:46.022+0000] {processor.py:183} INFO - Processing /opt/airflow/dags/dag_retrain_pipeline.py took 0.241 seconds
[2026-05-30T20:18:16.801+0000] {processor.py:161} INFO - Started process (PID=972) to work on /opt/airflow/dags/dag_retrain_pipeline.py
[2026-05-30T20:18:16.803+0000] {processor.py:830} INFO - Processing file /opt/airflow/dags/dag_retrain_pipeline.py for tasks to queue
[2026-05-30T20:18:16.806+0000] {logging_mixin.py:188} INFO - [2026-05-30T20:18:16.805+0000] {dagbag.py:540} INFO - Filling up the DagBag from /opt/airflow/dags/dag_retrain_pipeline.py
[2026-05-30T20:18:16.853+0000] {processor.py:840} INFO - DAG(s) 'neuralretail_retrain_pipeline' retrieved from /opt/airflow/dags/dag_retrain_pipeline.py
[2026-05-30T20:18:16.874+0000] {logging_mixin.py:188} INFO - [2026-05-30T20:18:16.873+0000] {dag.py:3096} INFO - Sync 1 DAGs
[2026-05-30T20:18:16.884+0000] {logging_mixin.py:188} INFO - [2026-05-30T20:18:16.884+0000] {dag.py:3954} INFO - Setting next_dagrun for neuralretail_retrain_pipeline to None, run_after=None
[2026-05-30T20:18:16.904+0000] {processor.py:183} INFO - Processing /opt/airflow/dags/dag_retrain_pipeline.py took 0.110 seconds
[2026-05-30T20:18:47.690+0000] {processor.py:161} INFO - Started process (PID=992) to work on /opt/airflow/dags/dag_retrain_pipeline.py
[2026-05-30T20:18:47.691+0000] {processor.py:830} INFO - Processing file /opt/airflow/dags/dag_retrain_pipeline.py for tasks to queue
[2026-05-30T20:18:47.693+0000] {logging_mixin.py:188} INFO - [2026-05-30T20:18:47.693+0000] {dagbag.py:540} INFO - Filling up the DagBag from /opt/airflow/dags/dag_retrain_pipeline.py
[2026-05-30T20:18:47.754+0000] {processor.py:840} INFO - DAG(s) 'neuralretail_retrain_pipeline' retrieved from /opt/airflow/dags/dag_retrain_pipeline.py
[2026-05-30T20:18:47.792+0000] {logging_mixin.py:188} INFO - [2026-05-30T20:18:47.792+0000] {dag.py:3096} INFO - Sync 1 DAGs
[2026-05-30T20:18:47.805+0000] {logging_mixin.py:188} INFO - [2026-05-30T20:18:47.804+0000] {dag.py:3954} INFO - Setting next_dagrun for neuralretail_retrain_pipeline to None, run_after=None
[2026-05-30T20:18:47.825+0000] {processor.py:183} INFO - Processing /opt/airflow/dags/dag_retrain_pipeline.py took 0.141 seconds
[2026-05-30T20:19:18.163+0000] {processor.py:161} INFO - Started process (PID=1012) to work on /opt/airflow/dags/dag_retrain_pipeline.py
[2026-05-30T20:19:18.164+0000] {processor.py:830} INFO - Processing file /opt/airflow/dags/dag_retrain_pipeline.py for tasks to queue
[2026-05-30T20:19:18.166+0000] {logging_mixin.py:188} INFO - [2026-05-30T20:19:18.166+0000] {dagbag.py:540} INFO - Filling up the DagBag from /opt/airflow/dags/dag_retrain_pipeline.py
[2026-05-30T20:19:18.204+0000] {processor.py:840} INFO - DAG(s) 'neuralretail_retrain_pipeline' retrieved from /opt/airflow/dags/dag_retrain_pipeline.py
[2026-05-30T20:19:18.229+0000] {logging_mixin.py:188} INFO - [2026-05-30T20:19:18.229+0000] {dag.py:3096} INFO - Sync 1 DAGs
[2026-05-30T20:19:18.240+0000] {logging_mixin.py:188} INFO - [2026-05-30T20:19:18.240+0000] {dag.py:3954} INFO - Setting next_dagrun for neuralretail_retrain_pipeline to None, run_after=None
[2026-05-30T20:19:18.258+0000] {processor.py:183} INFO - Processing /opt/airflow/dags/dag_retrain_pipeline.py took 0.101 seconds
[2026-05-30T20:19:49.004+0000] {processor.py:161} INFO - Started process (PID=1032) to work on /opt/airflow/dags/dag_retrain_pipeline.py
[2026-05-30T20:19:49.005+0000] {processor.py:830} INFO - Processing file /opt/airflow/dags/dag_retrain_pipeline.py for tasks to queue
[2026-05-30T20:19:49.007+0000] {logging_mixin.py:188} INFO - [2026-05-30T20:19:49.007+0000] {dagbag.py:540} INFO - Filling up the DagBag from /opt/airflow/dags/dag_retrain_pipeline.py
[2026-05-30T20:19:49.048+0000] {processor.py:840} INFO - DAG(s) 'neuralretail_retrain_pipeline' retrieved from /opt/airflow/dags/dag_retrain_pipeline.py
[2026-05-30T20:19:49.069+0000] {logging_mixin.py:188} INFO - [2026-05-30T20:19:49.068+0000] {dag.py:3096} INFO - Sync 1 DAGs
[2026-05-30T20:19:49.081+0000] {logging_mixin.py:188} INFO - [2026-05-30T20:19:49.080+0000] {dag.py:3954} INFO - Setting next_dagrun for neuralretail_retrain_pipeline to None, run_after=None
[2026-05-30T20:19:49.100+0000] {processor.py:183} INFO - Processing /opt/airflow/dags/dag_retrain_pipeline.py took 0.100 seconds
[2026-05-30T20:20:19.182+0000] {processor.py:161} INFO - Started process (PID=1052) to work on /opt/airflow/dags/dag_retrain_pipeline.py
[2026-05-30T20:20:19.185+0000] {processor.py:830} INFO - Processing file /opt/airflow/dags/dag_retrain_pipeline.py for tasks to queue
[2026-05-30T20:20:19.191+0000] {logging_mixin.py:188} INFO - [2026-05-30T20:20:19.190+0000] {dagbag.py:540} INFO - Filling up the DagBag from /opt/airflow/dags/dag_retrain_pipeline.py
[2026-05-30T20:20:19.292+0000] {processor.py:840} INFO - DAG(s) 'neuralretail_retrain_pipeline' retrieved from /opt/airflow/dags/dag_retrain_pipeline.py
[2026-05-30T20:20:19.317+0000] {logging_mixin.py:188} INFO - [2026-05-30T20:20:19.317+0000] {dag.py:3096} INFO - Sync 1 DAGs
[2026-05-30T20:20:19.452+0000] {logging_mixin.py:188} INFO - [2026-05-30T20:20:19.452+0000] {dag.py:3954} INFO - Setting next_dagrun for neuralretail_retrain_pipeline to None, run_after=None
[2026-05-30T20:20:19.472+0000] {processor.py:183} INFO - Processing /opt/airflow/dags/dag_retrain_pipeline.py took 0.298 seconds
[2026-05-30T20:20:49.931+0000] {processor.py:161} INFO - Started process (PID=1072) to work on /opt/airflow/dags/dag_retrain_pipeline.py
[2026-05-30T20:20:49.933+0000] {processor.py:830} INFO - Processing file /opt/airflow/dags/dag_retrain_pipeline.py for tasks to queue
[2026-05-30T20:20:49.935+0000] {logging_mixin.py:188} INFO - [2026-05-30T20:20:49.934+0000] {dagbag.py:540} INFO - Filling up the DagBag from /opt/airflow/dags/dag_retrain_pipeline.py
[2026-05-30T20:20:49.976+0000] {processor.py:840} INFO - DAG(s) 'neuralretail_retrain_pipeline' retrieved from /opt/airflow/dags/dag_retrain_pipeline.py
[2026-05-30T20:20:49.996+0000] {logging_mixin.py:188} INFO - [2026-05-30T20:20:49.995+0000] {dag.py:3096} INFO - Sync 1 DAGs
[2026-05-30T20:20:50.016+0000] {logging_mixin.py:188} INFO - [2026-05-30T20:20:50.016+0000] {dag.py:3954} INFO - Setting next_dagrun for neuralretail_retrain_pipeline to None, run_after=None
[2026-05-30T20:20:50.038+0000] {processor.py:183} INFO - Processing /opt/airflow/dags/dag_retrain_pipeline.py took 0.112 seconds
[2026-05-30T20:21:21.232+0000] {processor.py:161} INFO - Started process (PID=1092) to work on /opt/airflow/dags/dag_retrain_pipeline.py
[2026-05-30T20:21:21.235+0000] {processor.py:830} INFO - Processing file /opt/airflow/dags/dag_retrain_pipeline.py for tasks to queue
[2026-05-30T20:21:21.242+0000] {logging_mixin.py:188} INFO - [2026-05-30T20:21:21.241+0000] {dagbag.py:540} INFO - Filling up the DagBag from /opt/airflow/dags/dag_retrain_pipeline.py
[2026-05-30T20:21:21.322+0000] {processor.py:840} INFO - DAG(s) 'neuralretail_retrain_pipeline' retrieved from /opt/airflow/dags/dag_retrain_pipeline.py
[2026-05-30T20:21:21.343+0000] {logging_mixin.py:188} INFO - [2026-05-30T20:21:21.343+0000] {dag.py:3096} INFO - Sync 1 DAGs
[2026-05-30T20:21:21.359+0000] {logging_mixin.py:188} INFO - [2026-05-30T20:21:21.359+0000] {dag.py:3954} INFO - Setting next_dagrun for neuralretail_retrain_pipeline to None, run_after=None
[2026-05-30T20:21:21.389+0000] {processor.py:183} INFO - Processing /opt/airflow/dags/dag_retrain_pipeline.py took 0.175 seconds
[2026-05-30T20:21:52.104+0000] {processor.py:161} INFO - Started process (PID=1112) to work on /opt/airflow/dags/dag_retrain_pipeline.py
[2026-05-30T20:21:52.107+0000] {processor.py:830} INFO - Processing file /opt/airflow/dags/dag_retrain_pipeline.py for tasks to queue
[2026-05-30T20:21:52.110+0000] {logging_mixin.py:188} INFO - [2026-05-30T20:21:52.109+0000] {dagbag.py:540} INFO - Filling up the DagBag from /opt/airflow/dags/dag_retrain_pipeline.py
[2026-05-30T20:21:52.190+0000] {processor.py:840} INFO - DAG(s) 'neuralretail_retrain_pipeline' retrieved from /opt/airflow/dags/dag_retrain_pipeline.py
[2026-05-30T20:21:52.218+0000] {logging_mixin.py:188} INFO - [2026-05-30T20:21:52.218+0000] {dag.py:3096} INFO - Sync 1 DAGs
[2026-05-30T20:21:52.233+0000] {logging_mixin.py:188} INFO - [2026-05-30T20:21:52.233+0000] {dag.py:3954} INFO - Setting next_dagrun for neuralretail_retrain_pipeline to None, run_after=None
[2026-05-30T20:21:52.250+0000] {processor.py:183} INFO - Processing /opt/airflow/dags/dag_retrain_pipeline.py took 0.162 seconds
[2026-05-30T20:22:23.171+0000] {processor.py:161} INFO - Started process (PID=1132) to work on /opt/airflow/dags/dag_retrain_pipeline.py
[2026-05-30T20:22:23.175+0000] {processor.py:830} INFO - Processing file /opt/airflow/dags/dag_retrain_pipeline.py for tasks to queue
[2026-05-30T20:22:23.182+0000] {logging_mixin.py:188} INFO - [2026-05-30T20:22:23.181+0000] {dagbag.py:540} INFO - Filling up the DagBag from /opt/airflow/dags/dag_retrain_pipeline.py
[2026-05-30T20:22:23.293+0000] {processor.py:840} INFO - DAG(s) 'neuralretail_retrain_pipeline' retrieved from /opt/airflow/dags/dag_retrain_pipeline.py
[2026-05-30T20:22:23.349+0000] {logging_mixin.py:188} INFO - [2026-05-30T20:22:23.349+0000] {dag.py:3096} INFO - Sync 1 DAGs
[2026-05-30T20:22:23.361+0000] {logging_mixin.py:188} INFO - [2026-05-30T20:22:23.361+0000] {dag.py:3954} INFO - Setting next_dagrun for neuralretail_retrain_pipeline to None, run_after=None
[2026-05-30T20:22:23.381+0000] {processor.py:183} INFO - Processing /opt/airflow/dags/dag_retrain_pipeline.py took 0.226 seconds
[2026-05-30T20:22:54.423+0000] {processor.py:161} INFO - Started process (PID=1152) to work on /opt/airflow/dags/dag_retrain_pipeline.py
[2026-05-30T20:22:54.424+0000] {processor.py:830} INFO - Processing file /opt/airflow/dags/dag_retrain_pipeline.py for tasks to queue
[2026-05-30T20:22:54.427+0000] {logging_mixin.py:188} INFO - [2026-05-30T20:22:54.426+0000] {dagbag.py:540} INFO - Filling up the DagBag from /opt/airflow/dags/dag_retrain_pipeline.py
[2026-05-30T20:22:54.496+0000] {processor.py:840} INFO - DAG(s) 'neuralretail_retrain_pipeline' retrieved from /opt/airflow/dags/dag_retrain_pipeline.py
[2026-05-30T20:22:54.553+0000] {logging_mixin.py:188} INFO - [2026-05-30T20:22:54.552+0000] {dag.py:3096} INFO - Sync 1 DAGs
[2026-05-30T20:22:54.577+0000] {logging_mixin.py:188} INFO - [2026-05-30T20:22:54.577+0000] {dag.py:3954} INFO - Setting next_dagrun for neuralretail_retrain_pipeline to None, run_after=None
[2026-05-30T20:22:54.632+0000] {processor.py:183} INFO - Processing /opt/airflow/dags/dag_retrain_pipeline.py took 0.215 seconds
[2026-05-30T20:23:25.660+0000] {processor.py:161} INFO - Started process (PID=1172) to work on /opt/airflow/dags/dag_retrain_pipeline.py
[2026-05-30T20:23:25.662+0000] {processor.py:830} INFO - Processing file /opt/airflow/dags/dag_retrain_pipeline.py for tasks to queue
[2026-05-30T20:23:25.664+0000] {logging_mixin.py:188} INFO - [2026-05-30T20:23:25.663+0000] {dagbag.py:540} INFO - Filling up the DagBag from /opt/airflow/dags/dag_retrain_pipeline.py
[2026-05-30T20:23:25.729+0000] {processor.py:840} INFO - DAG(s) 'neuralretail_retrain_pipeline' retrieved from /opt/airflow/dags/dag_retrain_pipeline.py
[2026-05-30T20:23:25.754+0000] {logging_mixin.py:188} INFO - [2026-05-30T20:23:25.754+0000] {dag.py:3096} INFO - Sync 1 DAGs
[2026-05-30T20:23:25.771+0000] {logging_mixin.py:188} INFO - [2026-05-30T20:23:25.770+0000] {dag.py:3954} INFO - Setting next_dagrun for neuralretail_retrain_pipeline to None, run_after=None
[2026-05-30T20:23:25.791+0000] {processor.py:183} INFO - Processing /opt/airflow/dags/dag_retrain_pipeline.py took 0.136 seconds
[2026-05-30T20:23:56.056+0000] {processor.py:161} INFO - Started process (PID=1192) to work on /opt/airflow/dags/dag_retrain_pipeline.py
[2026-05-30T20:23:56.058+0000] {processor.py:830} INFO - Processing file /opt/airflow/dags/dag_retrain_pipeline.py for tasks to queue
[2026-05-30T20:23:56.060+0000] {logging_mixin.py:188} INFO - [2026-05-30T20:23:56.060+0000] {dagbag.py:540} INFO - Filling up the DagBag from /opt/airflow/dags/dag_retrain_pipeline.py
[2026-05-30T20:23:56.112+0000] {processor.py:840} INFO - DAG(s) 'neuralretail_retrain_pipeline' retrieved from /opt/airflow/dags/dag_retrain_pipeline.py
[2026-05-30T20:23:56.132+0000] {logging_mixin.py:188} INFO - [2026-05-30T20:23:56.132+0000] {dag.py:3096} INFO - Sync 1 DAGs
[2026-05-30T20:23:56.142+0000] {logging_mixin.py:188} INFO - [2026-05-30T20:23:56.142+0000] {dag.py:3954} INFO - Setting next_dagrun for neuralretail_retrain_pipeline to None, run_after=None
[2026-05-30T20:23:56.161+0000] {processor.py:183} INFO - Processing /opt/airflow/dags/dag_retrain_pipeline.py took 0.112 seconds
[2026-05-30T20:24:26.379+0000] {processor.py:161} INFO - Started process (PID=1212) to work on /opt/airflow/dags/dag_retrain_pipeline.py
[2026-05-30T20:24:26.380+0000] {processor.py:830} INFO - Processing file /opt/airflow/dags/dag_retrain_pipeline.py for tasks to queue
[2026-05-30T20:24:26.382+0000] {logging_mixin.py:188} INFO - [2026-05-30T20:24:26.381+0000] {dagbag.py:540} INFO - Filling up the DagBag from /opt/airflow/dags/dag_retrain_pipeline.py
[2026-05-30T20:24:26.401+0000] {processor.py:840} INFO - DAG(s) 'neuralretail_retrain_pipeline' retrieved from /opt/airflow/dags/dag_retrain_pipeline.py
[2026-05-30T20:24:26.420+0000] {logging_mixin.py:188} INFO - [2026-05-30T20:24:26.419+0000] {dag.py:3096} INFO - Sync 1 DAGs
[2026-05-30T20:24:26.429+0000] {logging_mixin.py:188} INFO - [2026-05-30T20:24:26.429+0000] {dag.py:3954} INFO - Setting next_dagrun for neuralretail_retrain_pipeline to None, run_after=None
[2026-05-30T20:24:26.446+0000] {processor.py:183} INFO - Processing /opt/airflow/dags/dag_retrain_pipeline.py took 0.072 seconds
[2026-05-30T20:24:56.606+0000] {processor.py:161} INFO - Started process (PID=1232) to work on /opt/airflow/dags/dag_retrain_pipeline.py
[2026-05-30T20:24:56.609+0000] {processor.py:830} INFO - Processing file /opt/airflow/dags/dag_retrain_pipeline.py for tasks to queue
[2026-05-30T20:24:56.614+0000] {logging_mixin.py:188} INFO - [2026-05-30T20:24:56.614+0000] {dagbag.py:540} INFO - Filling up the DagBag from /opt/airflow/dags/dag_retrain_pipeline.py
[2026-05-30T20:24:56.671+0000] {processor.py:840} INFO - DAG(s) 'neuralretail_retrain_pipeline' retrieved from /opt/airflow/dags/dag_retrain_pipeline.py
[2026-05-30T20:24:56.694+0000] {logging_mixin.py:188} INFO - [2026-05-30T20:24:56.693+0000] {dag.py:3096} INFO - Sync 1 DAGs
[2026-05-30T20:24:56.707+0000] {logging_mixin.py:188} INFO - [2026-05-30T20:24:56.707+0000] {dag.py:3954} INFO - Setting next_dagrun for neuralretail_retrain_pipeline to None, run_after=None
[2026-05-30T20:24:56.726+0000] {processor.py:183} INFO - Processing /opt/airflow/dags/dag_retrain_pipeline.py took 0.127 seconds
[2026-05-30T20:25:27.356+0000] {processor.py:161} INFO - Started process (PID=1252) to work on /opt/airflow/dags/dag_retrain_pipeline.py
[2026-05-30T20:25:27.359+0000] {processor.py:830} INFO - Processing file /opt/airflow/dags/dag_retrain_pipeline.py for tasks to queue
[2026-05-30T20:25:27.361+0000] {logging_mixin.py:188} INFO - [2026-05-30T20:25:27.361+0000] {dagbag.py:540} INFO - Filling up the DagBag from /opt/airflow/dags/dag_retrain_pipeline.py
[2026-05-30T20:25:27.409+0000] {processor.py:840} INFO - DAG(s) 'neuralretail_retrain_pipeline' retrieved from /opt/airflow/dags/dag_retrain_pipeline.py
[2026-05-30T20:25:27.430+0000] {logging_mixin.py:188} INFO - [2026-05-30T20:25:27.430+0000] {dag.py:3096} INFO - Sync 1 DAGs
[2026-05-30T20:25:27.442+0000] {logging_mixin.py:188} INFO - [2026-05-30T20:25:27.441+0000] {dag.py:3954} INFO - Setting next_dagrun for neuralretail_retrain_pipeline to None, run_after=None
[2026-05-30T20:25:27.461+0000] {processor.py:183} INFO - Processing /opt/airflow/dags/dag_retrain_pipeline.py took 0.114 seconds
[2026-05-30T20:25:58.017+0000] {processor.py:161} INFO - Started process (PID=1272) to work on /opt/airflow/dags/dag_retrain_pipeline.py
[2026-05-30T20:25:58.018+0000] {processor.py:830} INFO - Processing file /opt/airflow/dags/dag_retrain_pipeline.py for tasks to queue
[2026-05-30T20:25:58.022+0000] {logging_mixin.py:188} INFO - [2026-05-30T20:25:58.021+0000] {dagbag.py:540} INFO - Filling up the DagBag from /opt/airflow/dags/dag_retrain_pipeline.py
[2026-05-30T20:25:58.085+0000] {processor.py:840} INFO - DAG(s) 'neuralretail_retrain_pipeline' retrieved from /opt/airflow/dags/dag_retrain_pipeline.py
[2026-05-30T20:25:58.124+0000] {logging_mixin.py:188} INFO - [2026-05-30T20:25:58.124+0000] {dag.py:3096} INFO - Sync 1 DAGs
[2026-05-30T20:25:58.139+0000] {logging_mixin.py:188} INFO - [2026-05-30T20:25:58.139+0000] {dag.py:3954} INFO - Setting next_dagrun for neuralretail_retrain_pipeline to None, run_after=None
[2026-05-30T20:25:58.158+0000] {processor.py:183} INFO - Processing /opt/airflow/dags/dag_retrain_pipeline.py took 0.148 seconds
[2026-05-30T20:26:29.098+0000] {processor.py:161} INFO - Started process (PID=1292) to work on /opt/airflow/dags/dag_retrain_pipeline.py
[2026-05-30T20:26:29.100+0000] {processor.py:830} INFO - Processing file /opt/airflow/dags/dag_retrain_pipeline.py for tasks to queue
[2026-05-30T20:26:29.102+0000] {logging_mixin.py:188} INFO - [2026-05-30T20:26:29.102+0000] {dagbag.py:540} INFO - Filling up the DagBag from /opt/airflow/dags/dag_retrain_pipeline.py
[2026-05-30T20:26:29.174+0000] {processor.py:840} INFO - DAG(s) 'neuralretail_retrain_pipeline' retrieved from /opt/airflow/dags/dag_retrain_pipeline.py
[2026-05-30T20:26:29.217+0000] {logging_mixin.py:188} INFO - [2026-05-30T20:26:29.217+0000] {dag.py:3096} INFO - Sync 1 DAGs
[2026-05-30T20:26:29.229+0000] {logging_mixin.py:188} INFO - [2026-05-30T20:26:29.229+0000] {dag.py:3954} INFO - Setting next_dagrun for neuralretail_retrain_pipeline to None, run_after=None
[2026-05-30T20:26:29.252+0000] {processor.py:183} INFO - Processing /opt/airflow/dags/dag_retrain_pipeline.py took 0.167 seconds
[2026-05-30T20:27:00.657+0000] {processor.py:161} INFO - Started process (PID=1312) to work on /opt/airflow/dags/dag_retrain_pipeline.py
[2026-05-30T20:27:00.658+0000] {processor.py:830} INFO - Processing file /opt/airflow/dags/dag_retrain_pipeline.py for tasks to queue
[2026-05-30T20:27:00.663+0000] {logging_mixin.py:188} INFO - [2026-05-30T20:27:00.662+0000] {dagbag.py:540} INFO - Filling up the DagBag from /opt/airflow/dags/dag_retrain_pipeline.py
[2026-05-30T20:27:00.756+0000] {processor.py:840} INFO - DAG(s) 'neuralretail_retrain_pipeline' retrieved from /opt/airflow/dags/dag_retrain_pipeline.py
[2026-05-30T20:27:00.810+0000] {logging_mixin.py:188} INFO - [2026-05-30T20:27:00.810+0000] {dag.py:3096} INFO - Sync 1 DAGs
[2026-05-30T20:27:00.845+0000] {logging_mixin.py:188} INFO - [2026-05-30T20:27:00.845+0000] {dag.py:3954} INFO - Setting next_dagrun for neuralretail_retrain_pipeline to None, run_after=None
[2026-05-30T20:27:00.897+0000] {processor.py:183} INFO - Processing /opt/airflow/dags/dag_retrain_pipeline.py took 0.254 seconds
[2026-05-30T20:27:31.064+0000] {processor.py:161} INFO - Started process (PID=1332) to work on /opt/airflow/dags/dag_retrain_pipeline.py
[2026-05-30T20:27:31.066+0000] {processor.py:830} INFO - Processing file /opt/airflow/dags/dag_retrain_pipeline.py for tasks to queue
[2026-05-30T20:27:31.071+0000] {logging_mixin.py:188} INFO - [2026-05-30T20:27:31.070+0000] {dagbag.py:540} INFO - Filling up the DagBag from /opt/airflow/dags/dag_retrain_pipeline.py
[2026-05-30T20:27:31.143+0000] {processor.py:840} INFO - DAG(s) 'neuralretail_retrain_pipeline' retrieved from /opt/airflow/dags/dag_retrain_pipeline.py
[2026-05-30T20:27:31.164+0000] {logging_mixin.py:188} INFO - [2026-05-30T20:27:31.164+0000] {dag.py:3096} INFO - Sync 1 DAGs
[2026-05-30T20:27:31.175+0000] {logging_mixin.py:188} INFO - [2026-05-30T20:27:31.175+0000] {dag.py:3954} INFO - Setting next_dagrun for neuralretail_retrain_pipeline to None, run_after=None
[2026-05-30T20:27:31.194+0000] {processor.py:183} INFO - Processing /opt/airflow/dags/dag_retrain_pipeline.py took 0.145 seconds
[2026-05-30T20:28:01.685+0000] {processor.py:161} INFO - Started process (PID=1352) to work on /opt/airflow/dags/dag_retrain_pipeline.py
[2026-05-30T20:28:01.687+0000] {processor.py:830} INFO - Processing file /opt/airflow/dags/dag_retrain_pipeline.py for tasks to queue
[2026-05-30T20:28:01.689+0000] {logging_mixin.py:188} INFO - [2026-05-30T20:28:01.689+0000] {dagbag.py:540} INFO - Filling up the DagBag from /opt/airflow/dags/dag_retrain_pipeline.py
[2026-05-30T20:28:01.733+0000] {processor.py:840} INFO - DAG(s) 'neuralretail_retrain_pipeline' retrieved from /opt/airflow/dags/dag_retrain_pipeline.py
[2026-05-30T20:28:01.758+0000] {logging_mixin.py:188} INFO - [2026-05-30T20:28:01.758+0000] {dag.py:3096} INFO - Sync 1 DAGs
[2026-05-30T20:28:01.775+0000] {logging_mixin.py:188} INFO - [2026-05-30T20:28:01.774+0000] {dag.py:3954} INFO - Setting next_dagrun for neuralretail_retrain_pipeline to None, run_after=None
[2026-05-30T20:28:01.811+0000] {processor.py:183} INFO - Processing /opt/airflow/dags/dag_retrain_pipeline.py took 0.132 seconds
[2026-05-30T20:28:32.419+0000] {processor.py:161} INFO - Started process (PID=1372) to work on /opt/airflow/dags/dag_retrain_pipeline.py
[2026-05-30T20:28:32.422+0000] {processor.py:830} INFO - Processing file /opt/airflow/dags/dag_retrain_pipeline.py for tasks to queue
[2026-05-30T20:28:32.426+0000] {logging_mixin.py:188} INFO - [2026-05-30T20:28:32.425+0000] {dagbag.py:540} INFO - Filling up the DagBag from /opt/airflow/dags/dag_retrain_pipeline.py
[2026-05-30T20:28:32.526+0000] {processor.py:840} INFO - DAG(s) 'neuralretail_retrain_pipeline' retrieved from /opt/airflow/dags/dag_retrain_pipeline.py
[2026-05-30T20:28:32.561+0000] {logging_mixin.py:188} INFO - [2026-05-30T20:28:32.561+0000] {dag.py:3096} INFO - Sync 1 DAGs
[2026-05-30T20:28:32.583+0000] {logging_mixin.py:188} INFO - [2026-05-30T20:28:32.582+0000] {dag.py:3954} INFO - Setting next_dagrun for neuralretail_retrain_pipeline to None, run_after=None
[2026-05-30T20:28:32.613+0000] {processor.py:183} INFO - Processing /opt/airflow/dags/dag_retrain_pipeline.py took 0.207 seconds
[2026-05-30T20:29:03.647+0000] {processor.py:161} INFO - Started process (PID=1392) to work on /opt/airflow/dags/dag_retrain_pipeline.py
[2026-05-30T20:29:03.649+0000] {processor.py:830} INFO - Processing file /opt/airflow/dags/dag_retrain_pipeline.py for tasks to queue
[2026-05-30T20:29:03.651+0000] {logging_mixin.py:188} INFO - [2026-05-30T20:29:03.651+0000] {dagbag.py:540} INFO - Filling up the DagBag from /opt/airflow/dags/dag_retrain_pipeline.py
[2026-05-30T20:29:03.702+0000] {processor.py:840} INFO - DAG(s) 'neuralretail_retrain_pipeline' retrieved from /opt/airflow/dags/dag_retrain_pipeline.py
[2026-05-30T20:29:03.736+0000] {logging_mixin.py:188} INFO - [2026-05-30T20:29:03.735+0000] {dag.py:3096} INFO - Sync 1 DAGs
[2026-05-30T20:29:03.758+0000] {logging_mixin.py:188} INFO - [2026-05-30T20:29:03.758+0000] {dag.py:3954} INFO - Setting next_dagrun for neuralretail_retrain_pipeline to None, run_after=None
[2026-05-30T20:29:03.793+0000] {processor.py:183} INFO - Processing /opt/airflow/dags/dag_retrain_pipeline.py took 0.150 seconds
[2026-05-30T20:29:34.203+0000] {processor.py:161} INFO - Started process (PID=1412) to work on /opt/airflow/dags/dag_retrain_pipeline.py
[2026-05-30T20:29:34.204+0000] {processor.py:830} INFO - Processing file /opt/airflow/dags/dag_retrain_pipeline.py for tasks to queue
[2026-05-30T20:29:34.207+0000] {logging_mixin.py:188} INFO - [2026-05-30T20:29:34.207+0000] {dagbag.py:540} INFO - Filling up the DagBag from /opt/airflow/dags/dag_retrain_pipeline.py
[2026-05-30T20:29:34.305+0000] {processor.py:840} INFO - DAG(s) 'neuralretail_retrain_pipeline' retrieved from /opt/airflow/dags/dag_retrain_pipeline.py
[2026-05-30T20:29:34.364+0000] {logging_mixin.py:188} INFO - [2026-05-30T20:29:34.364+0000] {dag.py:3096} INFO - Sync 1 DAGs
[2026-05-30T20:29:34.408+0000] {logging_mixin.py:188} INFO - [2026-05-30T20:29:34.407+0000] {dag.py:3954} INFO - Setting next_dagrun for neuralretail_retrain_pipeline to None, run_after=None
[2026-05-30T20:29:34.468+0000] {processor.py:183} INFO - Processing /opt/airflow/dags/dag_retrain_pipeline.py took 0.274 seconds
[2026-05-30T20:30:04.625+0000] {processor.py:161} INFO - Started process (PID=1432) to work on /opt/airflow/dags/dag_retrain_pipeline.py
[2026-05-30T20:30:04.628+0000] {processor.py:830} INFO - Processing file /opt/airflow/dags/dag_retrain_pipeline.py for tasks to queue
[2026-05-30T20:30:04.633+0000] {logging_mixin.py:188} INFO - [2026-05-30T20:30:04.633+0000] {dagbag.py:540} INFO - Filling up the DagBag from /opt/airflow/dags/dag_retrain_pipeline.py
[2026-05-30T20:30:04.694+0000] {processor.py:840} INFO - DAG(s) 'neuralretail_retrain_pipeline' retrieved from /opt/airflow/dags/dag_retrain_pipeline.py
[2026-05-30T20:30:04.720+0000] {logging_mixin.py:188} INFO - [2026-05-30T20:30:04.720+0000] {dag.py:3096} INFO - Sync 1 DAGs
[2026-05-30T20:30:04.730+0000] {logging_mixin.py:188} INFO - [2026-05-30T20:30:04.730+0000] {dag.py:3954} INFO - Setting next_dagrun for neuralretail_retrain_pipeline to None, run_after=None
[2026-05-30T20:30:04.748+0000] {processor.py:183} INFO - Processing /opt/airflow/dags/dag_retrain_pipeline.py took 0.137 seconds
[2026-05-30T20:30:35.371+0000] {processor.py:161} INFO - Started process (PID=1452) to work on /opt/airflow/dags/dag_retrain_pipeline.py
[2026-05-30T20:30:35.373+0000] {processor.py:830} INFO - Processing file /opt/airflow/dags/dag_retrain_pipeline.py for tasks to queue
[2026-05-30T20:30:35.375+0000] {logging_mixin.py:188} INFO - [2026-05-30T20:30:35.374+0000] {dagbag.py:540} INFO - Filling up the DagBag from /opt/airflow/dags/dag_retrain_pipeline.py
[2026-05-30T20:30:35.414+0000] {processor.py:840} INFO - DAG(s) 'neuralretail_retrain_pipeline' retrieved from /opt/airflow/dags/dag_retrain_pipeline.py
[2026-05-30T20:30:35.449+0000] {logging_mixin.py:188} INFO - [2026-05-30T20:30:35.449+0000] {dag.py:3096} INFO - Sync 1 DAGs
[2026-05-30T20:30:35.462+0000] {logging_mixin.py:188} INFO - [2026-05-30T20:30:35.462+0000] {dag.py:3954} INFO - Setting next_dagrun for neuralretail_retrain_pipeline to None, run_after=None
[2026-05-30T20:30:35.491+0000] {processor.py:183} INFO - Processing /opt/airflow/dags/dag_retrain_pipeline.py took 0.124 seconds
[2026-05-30T20:31:05.719+0000] {processor.py:161} INFO - Started process (PID=1472) to work on /opt/airflow/dags/dag_retrain_pipeline.py
[2026-05-30T20:31:05.720+0000] {processor.py:830} INFO - Processing file /opt/airflow/dags/dag_retrain_pipeline.py for tasks to queue
[2026-05-30T20:31:05.723+0000] {logging_mixin.py:188} INFO - [2026-05-30T20:31:05.722+0000] {dagbag.py:540} INFO - Filling up the DagBag from /opt/airflow/dags/dag_retrain_pipeline.py
[2026-05-30T20:31:05.760+0000] {processor.py:840} INFO - DAG(s) 'neuralretail_retrain_pipeline' retrieved from /opt/airflow/dags/dag_retrain_pipeline.py
[2026-05-30T20:31:05.782+0000] {logging_mixin.py:188} INFO - [2026-05-30T20:31:05.781+0000] {dag.py:3096} INFO - Sync 1 DAGs
[2026-05-30T20:31:05.793+0000] {logging_mixin.py:188} INFO - [2026-05-30T20:31:05.793+0000] {dag.py:3954} INFO - Setting next_dagrun for neuralretail_retrain_pipeline to None, run_after=None
[2026-05-30T20:31:05.811+0000] {processor.py:183} INFO - Processing /opt/airflow/dags/dag_retrain_pipeline.py took 0.098 seconds
[2026-05-30T20:31:36.886+0000] {processor.py:161} INFO - Started process (PID=1492) to work on /opt/airflow/dags/dag_retrain_pipeline.py
[2026-05-30T20:31:36.890+0000] {processor.py:830} INFO - Processing file /opt/airflow/dags/dag_retrain_pipeline.py for tasks to queue
[2026-05-30T20:31:36.894+0000] {logging_mixin.py:188} INFO - [2026-05-30T20:31:36.894+0000] {dagbag.py:540} INFO - Filling up the DagBag from /opt/airflow/dags/dag_retrain_pipeline.py
[2026-05-30T20:31:36.964+0000] {processor.py:840} INFO - DAG(s) 'neuralretail_retrain_pipeline' retrieved from /opt/airflow/dags/dag_retrain_pipeline.py
[2026-05-30T20:31:36.996+0000] {logging_mixin.py:188} INFO - [2026-05-30T20:31:36.995+0000] {dag.py:3096} INFO - Sync 1 DAGs
[2026-05-30T20:31:37.009+0000] {logging_mixin.py:188} INFO - [2026-05-30T20:31:37.009+0000] {dag.py:3954} INFO - Setting next_dagrun for neuralretail_retrain_pipeline to None, run_after=None
[2026-05-30T20:31:37.026+0000] {processor.py:183} INFO - Processing /opt/airflow/dags/dag_retrain_pipeline.py took 0.151 seconds
[2026-05-30T20:32:07.927+0000] {processor.py:161} INFO - Started process (PID=1512) to work on /opt/airflow/dags/dag_retrain_pipeline.py
[2026-05-30T20:32:07.931+0000] {processor.py:830} INFO - Processing file /opt/airflow/dags/dag_retrain_pipeline.py for tasks to queue
[2026-05-30T20:32:07.937+0000] {logging_mixin.py:188} INFO - [2026-05-30T20:32:07.936+0000] {dagbag.py:540} INFO - Filling up the DagBag from /opt/airflow/dags/dag_retrain_pipeline.py
[2026-05-30T20:32:08.019+0000] {processor.py:840} INFO - DAG(s) 'neuralretail_retrain_pipeline' retrieved from /opt/airflow/dags/dag_retrain_pipeline.py
[2026-05-30T20:32:08.069+0000] {logging_mixin.py:188} INFO - [2026-05-30T20:32:08.068+0000] {dag.py:3096} INFO - Sync 1 DAGs
[2026-05-30T20:32:08.092+0000] {logging_mixin.py:188} INFO - [2026-05-30T20:32:08.092+0000] {dag.py:3954} INFO - Setting next_dagrun for neuralretail_retrain_pipeline to None, run_after=None
[2026-05-30T20:32:08.114+0000] {processor.py:183} INFO - Processing /opt/airflow/dags/dag_retrain_pipeline.py took 0.205 seconds
[2026-05-30T20:32:38.363+0000] {processor.py:161} INFO - Started process (PID=1532) to work on /opt/airflow/dags/dag_retrain_pipeline.py
[2026-05-30T20:32:38.364+0000] {processor.py:830} INFO - Processing file /opt/airflow/dags/dag_retrain_pipeline.py for tasks to queue
[2026-05-30T20:32:38.366+0000] {logging_mixin.py:188} INFO - [2026-05-30T20:32:38.365+0000] {dagbag.py:540} INFO - Filling up the DagBag from /opt/airflow/dags/dag_retrain_pipeline.py
[2026-05-30T20:32:38.386+0000] {processor.py:840} INFO - DAG(s) 'neuralretail_retrain_pipeline' retrieved from /opt/airflow/dags/dag_retrain_pipeline.py
[2026-05-30T20:32:38.406+0000] {logging_mixin.py:188} INFO - [2026-05-30T20:32:38.406+0000] {dag.py:3096} INFO - Sync 1 DAGs
[2026-05-30T20:32:38.417+0000] {logging_mixin.py:188} INFO - [2026-05-30T20:32:38.417+0000] {dag.py:3954} INFO - Setting next_dagrun for neuralretail_retrain_pipeline to None, run_after=None
[2026-05-30T20:32:38.436+0000] {processor.py:183} INFO - Processing /opt/airflow/dags/dag_retrain_pipeline.py took 0.077 seconds
[2026-05-30T20:33:09.434+0000] {processor.py:161} INFO - Started process (PID=1552) to work on /opt/airflow/dags/dag_retrain_pipeline.py
[2026-05-30T20:33:09.435+0000] {processor.py:830} INFO - Processing file /opt/airflow/dags/dag_retrain_pipeline.py for tasks to queue
[2026-05-30T20:33:09.437+0000] {logging_mixin.py:188} INFO - [2026-05-30T20:33:09.436+0000] {dagbag.py:540} INFO - Filling up the DagBag from /opt/airflow/dags/dag_retrain_pipeline.py
[2026-05-30T20:33:09.458+0000] {processor.py:840} INFO - DAG(s) 'neuralretail_retrain_pipeline' retrieved from /opt/airflow/dags/dag_retrain_pipeline.py
[2026-05-30T20:33:09.479+0000] {logging_mixin.py:188} INFO - [2026-05-30T20:33:09.479+0000] {dag.py:3096} INFO - Sync 1 DAGs
[2026-05-30T20:33:09.491+0000] {logging_mixin.py:188} INFO - [2026-05-30T20:33:09.491+0000] {dag.py:3954} INFO - Setting next_dagrun for neuralretail_retrain_pipeline to None, run_after=None
[2026-05-30T20:33:09.509+0000] {processor.py:183} INFO - Processing /opt/airflow/dags/dag_retrain_pipeline.py took 0.079 seconds
[2026-05-30T20:33:40.266+0000] {processor.py:161} INFO - Started process (PID=1572) to work on /opt/airflow/dags/dag_retrain_pipeline.py
[2026-05-30T20:33:40.268+0000] {processor.py:830} INFO - Processing file /opt/airflow/dags/dag_retrain_pipeline.py for tasks to queue
[2026-05-30T20:33:40.271+0000] {logging_mixin.py:188} INFO - [2026-05-30T20:33:40.270+0000] {dagbag.py:540} INFO - Filling up the DagBag from /opt/airflow/dags/dag_retrain_pipeline.py
[2026-05-30T20:33:40.323+0000] {processor.py:840} INFO - DAG(s) 'neuralretail_retrain_pipeline' retrieved from /opt/airflow/dags/dag_retrain_pipeline.py
[2026-05-30T20:33:40.350+0000] {logging_mixin.py:188} INFO - [2026-05-30T20:33:40.350+0000] {dag.py:3096} INFO - Sync 1 DAGs
[2026-05-30T20:33:40.371+0000] {logging_mixin.py:188} INFO - [2026-05-30T20:33:40.370+0000] {dag.py:3954} INFO - Setting next_dagrun for neuralretail_retrain_pipeline to None, run_after=None
[2026-05-30T20:33:40.411+0000] {processor.py:183} INFO - Processing /opt/airflow/dags/dag_retrain_pipeline.py took 0.152 seconds
[2026-05-30T20:34:10.654+0000] {processor.py:161} INFO - Started process (PID=1592) to work on /opt/airflow/dags/dag_retrain_pipeline.py
[2026-05-30T20:34:10.655+0000] {processor.py:830} INFO - Processing file /opt/airflow/dags/dag_retrain_pipeline.py for tasks to queue
[2026-05-30T20:34:10.657+0000] {logging_mixin.py:188} INFO - [2026-05-30T20:34:10.657+0000] {dagbag.py:540} INFO - Filling up the DagBag from /opt/airflow/dags/dag_retrain_pipeline.py
[2026-05-30T20:34:10.727+0000] {processor.py:840} INFO - DAG(s) 'neuralretail_retrain_pipeline' retrieved from /opt/airflow/dags/dag_retrain_pipeline.py
[2026-05-30T20:34:10.764+0000] {logging_mixin.py:188} INFO - [2026-05-30T20:34:10.764+0000] {dag.py:3096} INFO - Sync 1 DAGs
[2026-05-30T20:34:10.778+0000] {logging_mixin.py:188} INFO - [2026-05-30T20:34:10.778+0000] {dag.py:3954} INFO - Setting next_dagrun for neuralretail_retrain_pipeline to None, run_after=None
[2026-05-30T20:34:10.799+0000] {processor.py:183} INFO - Processing /opt/airflow/dags/dag_retrain_pipeline.py took 0.150 seconds
[2026-05-30T20:34:41.617+0000] {processor.py:161} INFO - Started process (PID=1612) to work on /opt/airflow/dags/dag_retrain_pipeline.py
[2026-05-30T20:34:41.619+0000] {processor.py:830} INFO - Processing file /opt/airflow/dags/dag_retrain_pipeline.py for tasks to queue
[2026-05-30T20:34:41.621+0000] {logging_mixin.py:188} INFO - [2026-05-30T20:34:41.620+0000] {dagbag.py:540} INFO - Filling up the DagBag from /opt/airflow/dags/dag_retrain_pipeline.py
[2026-05-30T20:34:41.669+0000] {processor.py:840} INFO - DAG(s) 'neuralretail_retrain_pipeline' retrieved from /opt/airflow/dags/dag_retrain_pipeline.py
[2026-05-30T20:34:41.689+0000] {logging_mixin.py:188} INFO - [2026-05-30T20:34:41.689+0000] {dag.py:3096} INFO - Sync 1 DAGs
[2026-05-30T20:34:41.699+0000] {logging_mixin.py:188} INFO - [2026-05-30T20:34:41.699+0000] {dag.py:3954} INFO - Setting next_dagrun for neuralretail_retrain_pipeline to None, run_after=None
[2026-05-30T20:34:41.720+0000] {processor.py:183} INFO - Processing /opt/airflow/dags/dag_retrain_pipeline.py took 0.108 seconds
[2026-05-30T20:35:11.912+0000] {processor.py:161} INFO - Started process (PID=1632) to work on /opt/airflow/dags/dag_retrain_pipeline.py
[2026-05-30T20:35:11.914+0000] {processor.py:830} INFO - Processing file /opt/airflow/dags/dag_retrain_pipeline.py for tasks to queue
[2026-05-30T20:35:11.915+0000] {logging_mixin.py:188} INFO - [2026-05-30T20:35:11.915+0000] {dagbag.py:540} INFO - Filling up the DagBag from /opt/airflow/dags/dag_retrain_pipeline.py
[2026-05-30T20:35:12.000+0000] {processor.py:840} INFO - DAG(s) 'neuralretail_retrain_pipeline' retrieved from /opt/airflow/dags/dag_retrain_pipeline.py
[2026-05-30T20:35:12.034+0000] {logging_mixin.py:188} INFO - [2026-05-30T20:35:12.034+0000] {dag.py:3096} INFO - Sync 1 DAGs
[2026-05-30T20:35:12.049+0000] {logging_mixin.py:188} INFO - [2026-05-30T20:35:12.049+0000] {dag.py:3954} INFO - Setting next_dagrun for neuralretail_retrain_pipeline to None, run_after=None
[2026-05-30T20:35:12.079+0000] {processor.py:183} INFO - Processing /opt/airflow/dags/dag_retrain_pipeline.py took 0.171 seconds
[2026-05-30T20:35:42.390+0000] {processor.py:161} INFO - Started process (PID=1652) to work on /opt/airflow/dags/dag_retrain_pipeline.py
[2026-05-30T20:35:42.392+0000] {processor.py:830} INFO - Processing file /opt/airflow/dags/dag_retrain_pipeline.py for tasks to queue
[2026-05-30T20:35:42.397+0000] {logging_mixin.py:188} INFO - [2026-05-30T20:35:42.397+0000] {dagbag.py:540} INFO - Filling up the DagBag from /opt/airflow/dags/dag_retrain_pipeline.py
[2026-05-30T20:35:42.503+0000] {processor.py:840} INFO - DAG(s) 'neuralretail_retrain_pipeline' retrieved from /opt/airflow/dags/dag_retrain_pipeline.py
[2026-05-30T20:35:42.576+0000] {logging_mixin.py:188} INFO - [2026-05-30T20:35:42.576+0000] {dag.py:3096} INFO - Sync 1 DAGs
[2026-05-30T20:35:42.608+0000] {logging_mixin.py:188} INFO - [2026-05-30T20:35:42.608+0000] {dag.py:3954} INFO - Setting next_dagrun for neuralretail_retrain_pipeline to None, run_after=None
[2026-05-30T20:35:42.669+0000] {processor.py:183} INFO - Processing /opt/airflow/dags/dag_retrain_pipeline.py took 0.292 seconds
[2026-05-30T20:36:13.017+0000] {processor.py:161} INFO - Started process (PID=1672) to work on /opt/airflow/dags/dag_retrain_pipeline.py
[2026-05-30T20:36:13.020+0000] {processor.py:830} INFO - Processing file /opt/airflow/dags/dag_retrain_pipeline.py for tasks to queue
[2026-05-30T20:36:13.025+0000] {logging_mixin.py:188} INFO - [2026-05-30T20:36:13.024+0000] {dagbag.py:540} INFO - Filling up the DagBag from /opt/airflow/dags/dag_retrain_pipeline.py
[2026-05-30T20:36:13.113+0000] {processor.py:840} INFO - DAG(s) 'neuralretail_retrain_pipeline' retrieved from /opt/airflow/dags/dag_retrain_pipeline.py
[2026-05-30T20:36:13.179+0000] {logging_mixin.py:188} INFO - [2026-05-30T20:36:13.179+0000] {dag.py:3096} INFO - Sync 1 DAGs
[2026-05-30T20:36:13.211+0000] {logging_mixin.py:188} INFO - [2026-05-30T20:36:13.211+0000] {dag.py:3954} INFO - Setting next_dagrun for neuralretail_retrain_pipeline to None, run_after=None
[2026-05-30T20:36:13.266+0000] {processor.py:183} INFO - Processing /opt/airflow/dags/dag_retrain_pipeline.py took 0.258 seconds
[2026-05-30T20:36:43.665+0000] {processor.py:161} INFO - Started process (PID=1692) to work on /opt/airflow/dags/dag_retrain_pipeline.py
[2026-05-30T20:36:43.670+0000] {processor.py:830} INFO - Processing file /opt/airflow/dags/dag_retrain_pipeline.py for tasks to queue
[2026-05-30T20:36:43.677+0000] {logging_mixin.py:188} INFO - [2026-05-30T20:36:43.676+0000] {dagbag.py:540} INFO - Filling up the DagBag from /opt/airflow/dags/dag_retrain_pipeline.py
[2026-05-30T20:36:43.769+0000] {processor.py:840} INFO - DAG(s) 'neuralretail_retrain_pipeline' retrieved from /opt/airflow/dags/dag_retrain_pipeline.py
[2026-05-30T20:36:43.807+0000] {logging_mixin.py:188} INFO - [2026-05-30T20:36:43.806+0000] {dag.py:3096} INFO - Sync 1 DAGs
[2026-05-30T20:36:43.819+0000] {logging_mixin.py:188} INFO - [2026-05-30T20:36:43.819+0000] {dag.py:3954} INFO - Setting next_dagrun for neuralretail_retrain_pipeline to None, run_after=None
[2026-05-30T20:36:43.843+0000] {processor.py:183} INFO - Processing /opt/airflow/dags/dag_retrain_pipeline.py took 0.200 seconds
[2026-05-30T20:37:14.851+0000] {processor.py:161} INFO - Started process (PID=1712) to work on /opt/airflow/dags/dag_retrain_pipeline.py
[2026-05-30T20:37:14.854+0000] {processor.py:830} INFO - Processing file /opt/airflow/dags/dag_retrain_pipeline.py for tasks to queue
[2026-05-30T20:37:14.857+0000] {logging_mixin.py:188} INFO - [2026-05-30T20:37:14.857+0000] {dagbag.py:540} INFO - Filling up the DagBag from /opt/airflow/dags/dag_retrain_pipeline.py
[2026-05-30T20:37:14.931+0000] {processor.py:840} INFO - DAG(s) 'neuralretail_retrain_pipeline' retrieved from /opt/airflow/dags/dag_retrain_pipeline.py
[2026-05-30T20:37:14.957+0000] {logging_mixin.py:188} INFO - [2026-05-30T20:37:14.956+0000] {dag.py:3096} INFO - Sync 1 DAGs
[2026-05-30T20:37:14.968+0000] {logging_mixin.py:188} INFO - [2026-05-30T20:37:14.968+0000] {dag.py:3954} INFO - Setting next_dagrun for neuralretail_retrain_pipeline to None, run_after=None
[2026-05-30T20:37:14.991+0000] {processor.py:183} INFO - Processing /opt/airflow/dags/dag_retrain_pipeline.py took 0.149 seconds
[2026-05-30T20:37:45.119+0000] {processor.py:161} INFO - Started process (PID=1732) to work on /opt/airflow/dags/dag_retrain_pipeline.py
[2026-05-30T20:37:45.121+0000] {processor.py:830} INFO - Processing file /opt/airflow/dags/dag_retrain_pipeline.py for tasks to queue
[2026-05-30T20:37:45.123+0000] {logging_mixin.py:188} INFO - [2026-05-30T20:37:45.123+0000] {dagbag.py:540} INFO - Filling up the DagBag from /opt/airflow/dags/dag_retrain_pipeline.py
[2026-05-30T20:37:45.191+0000] {processor.py:840} INFO - DAG(s) 'neuralretail_retrain_pipeline' retrieved from /opt/airflow/dags/dag_retrain_pipeline.py
[2026-05-30T20:37:45.234+0000] {logging_mixin.py:188} INFO - [2026-05-30T20:37:45.234+0000] {dag.py:3096} INFO - Sync 1 DAGs
[2026-05-30T20:37:45.265+0000] {logging_mixin.py:188} INFO - [2026-05-30T20:37:45.265+0000] {dag.py:3954} INFO - Setting next_dagrun for neuralretail_retrain_pipeline to None, run_after=None
[2026-05-30T20:37:45.321+0000] {processor.py:183} INFO - Processing /opt/airflow/dags/dag_retrain_pipeline.py took 0.211 seconds
