[2026-05-30T19:38:53.216+0000] {manager.py:470} INFO - Processing files using up to 2 processes at a time 
[2026-05-30T19:38:53.220+0000] {manager.py:471} INFO - Process each file at most once every 30 seconds
[2026-05-30T19:38:53.228+0000] {manager.py:472} INFO - Checking for new files in /opt/airflow/dags every 300 seconds
[2026-05-30T19:38:53.235+0000] {manager.py:737} INFO - Searching for files in /opt/airflow/dags
[2026-05-30T19:38:53.471+0000] {manager.py:740} INFO - There are 4 files in /opt/airflow/dags
[2026-05-30T19:38:53.955+0000] {manager.py:878} INFO - 
================================================================================
DAG File Processing Stats

File Path                                    PID  Runtime      # DAGs    # Errors  Last Runtime    Last Run
-----------------------------------------  -----  ---------  --------  ----------  --------------  ----------
/opt/airflow/dags/dag_bronze_ingestion.py                           0           0
/opt/airflow/dags/dag_dq_checkpoint.py                              0           0
/opt/airflow/dags/dag_drift_monitoring.py    175  0.12s             0           0
/opt/airflow/dags/dag_retrain_pipeline.py    172  0.24s             0           0
================================================================================
[2026-05-30T19:39:23.961+0000] {manager.py:878} INFO - 
================================================================================
DAG File Processing Stats

File Path                                  PID    Runtime      # DAGs    # Errors  Last Runtime    Last Run
-----------------------------------------  -----  ---------  --------  ----------  --------------  -------------------
/opt/airflow/dags/dag_retrain_pipeline.py                           1           0  1.07s           2026-05-30T19:38:54
/opt/airflow/dags/dag_drift_monitoring.py                           1           0  0.98s           2026-05-30T19:38:54
/opt/airflow/dags/dag_bronze_ingestion.py                           1           0  0.47s           2026-05-30T19:38:55
/opt/airflow/dags/dag_dq_checkpoint.py                              1           0  0.39s           2026-05-30T19:38:55
================================================================================
[2026-05-30T19:39:54.211+0000] {manager.py:878} INFO - 
================================================================================
DAG File Processing Stats

File Path                                  PID    Runtime      # DAGs    # Errors  Last Runtime    Last Run
-----------------------------------------  -----  ---------  --------  ----------  --------------  -------------------
/opt/airflow/dags/dag_drift_monitoring.py                           1           0  0.26s           2026-05-30T19:39:25
/opt/airflow/dags/dag_bronze_ingestion.py                           1           0  0.22s           2026-05-30T19:39:25
/opt/airflow/dags/dag_retrain_pipeline.py                           1           0  0.21s           2026-05-30T19:39:25
/opt/airflow/dags/dag_dq_checkpoint.py                              1           0  0.19s           2026-05-30T19:39:25
================================================================================
[2026-05-30T19:40:24.225+0000] {manager.py:878} INFO - 
================================================================================
DAG File Processing Stats

File Path                                  PID    Runtime      # DAGs    # Errors  Last Runtime    Last Run
-----------------------------------------  -----  ---------  --------  ----------  --------------  -------------------
/opt/airflow/dags/dag_dq_checkpoint.py                              1           0  0.18s           2026-05-30T19:39:56
/opt/airflow/dags/dag_bronze_ingestion.py                           1           0  0.18s           2026-05-30T19:39:56
/opt/airflow/dags/dag_drift_monitoring.py                           1           0  0.18s           2026-05-30T19:39:56
/opt/airflow/dags/dag_retrain_pipeline.py                           1           0  0.17s           2026-05-30T19:39:56
================================================================================
[2026-05-30T19:40:54.486+0000] {manager.py:878} INFO - 
================================================================================
DAG File Processing Stats

File Path                                  PID    Runtime      # DAGs    # Errors  Last Runtime    Last Run
-----------------------------------------  -----  ---------  --------  ----------  --------------  -------------------
/opt/airflow/dags/dag_dq_checkpoint.py                              1           0  0.21s           2026-05-30T19:40:26
/opt/airflow/dags/dag_bronze_ingestion.py                           1           0  0.20s           2026-05-30T19:40:26
/opt/airflow/dags/dag_retrain_pipeline.py                           1           0  0.20s           2026-05-30T19:40:26
/opt/airflow/dags/dag_drift_monitoring.py                           1           0  0.19s           2026-05-30T19:40:26
================================================================================
[2026-05-30T19:41:24.873+0000] {manager.py:878} INFO - 
================================================================================
DAG File Processing Stats

File Path                                  PID    Runtime      # DAGs    # Errors  Last Runtime    Last Run
-----------------------------------------  -----  ---------  --------  ----------  --------------  -------------------
/opt/airflow/dags/dag_bronze_ingestion.py                           1           0  0.28s           2026-05-30T19:40:57
/opt/airflow/dags/dag_dq_checkpoint.py                              1           0  0.23s           2026-05-30T19:40:57
/opt/airflow/dags/dag_retrain_pipeline.py                           1           0  0.23s           2026-05-30T19:40:56
/opt/airflow/dags/dag_drift_monitoring.py                           1           0  0.22s           2026-05-30T19:40:56
================================================================================
[2026-05-30T19:41:55.095+0000] {manager.py:878} INFO - 
================================================================================
DAG File Processing Stats

File Path                                  PID    Runtime      # DAGs    # Errors  Last Runtime    Last Run
-----------------------------------------  -----  ---------  --------  ----------  --------------  -------------------
/opt/airflow/dags/dag_bronze_ingestion.py                           1           0  0.20s           2026-05-30T19:41:27
/opt/airflow/dags/dag_dq_checkpoint.py                              1           0  0.19s           2026-05-30T19:41:27
/opt/airflow/dags/dag_retrain_pipeline.py                           1           0  0.18s           2026-05-30T19:41:27
/opt/airflow/dags/dag_drift_monitoring.py                           1           0  0.16s           2026-05-30T19:41:27
================================================================================
[2026-05-30T19:42:25.694+0000] {manager.py:878} INFO - 
================================================================================
DAG File Processing Stats

File Path                                  PID    Runtime      # DAGs    # Errors  Last Runtime    Last Run
-----------------------------------------  -----  ---------  --------  ----------  --------------  -------------------
/opt/airflow/dags/dag_dq_checkpoint.py                              1           0  0.29s           2026-05-30T19:41:57
/opt/airflow/dags/dag_drift_monitoring.py                           1           0  0.29s           2026-05-30T19:41:57
/opt/airflow/dags/dag_retrain_pipeline.py                           1           0  0.24s           2026-05-30T19:41:57
/opt/airflow/dags/dag_bronze_ingestion.py                           1           0  0.15s           2026-05-30T19:41:58
================================================================================
[2026-05-30T19:42:56.145+0000] {manager.py:878} INFO - 
================================================================================
DAG File Processing Stats

File Path                                  PID    Runtime      # DAGs    # Errors  Last Runtime    Last Run
-----------------------------------------  -----  ---------  --------  ----------  --------------  -------------------
/opt/airflow/dags/dag_retrain_pipeline.py                           1           0  0.21s           2026-05-30T19:42:28
/opt/airflow/dags/dag_dq_checkpoint.py                              1           0  0.20s           2026-05-30T19:42:28
/opt/airflow/dags/dag_drift_monitoring.py                           1           0  0.20s           2026-05-30T19:42:28
/opt/airflow/dags/dag_bronze_ingestion.py                           1           0  0.17s           2026-05-30T19:42:28
================================================================================
[2026-05-30T19:43:26.789+0000] {manager.py:878} INFO - 
================================================================================
DAG File Processing Stats

File Path                                  PID    Runtime      # DAGs    # Errors  Last Runtime    Last Run
-----------------------------------------  -----  ---------  --------  ----------  --------------  -------------------
/opt/airflow/dags/dag_retrain_pipeline.py                           1           0  0.31s           2026-05-30T19:42:58
/opt/airflow/dags/dag_dq_checkpoint.py                              1           0  0.29s           2026-05-30T19:42:58
/opt/airflow/dags/dag_bronze_ingestion.py                           1           0  0.28s           2026-05-30T19:42:59
/opt/airflow/dags/dag_drift_monitoring.py                           1           0  0.27s           2026-05-30T19:42:58
================================================================================
[2026-05-30T19:43:53.967+0000] {manager.py:737} INFO - Searching for files in /opt/airflow/dags
[2026-05-30T19:43:54.125+0000] {manager.py:740} INFO - There are 4 files in /opt/airflow/dags
[2026-05-30T19:43:57.220+0000] {manager.py:878} INFO - 
================================================================================
DAG File Processing Stats

File Path                                  PID    Runtime      # DAGs    # Errors  Last Runtime    Last Run
-----------------------------------------  -----  ---------  --------  ----------  --------------  -------------------
/opt/airflow/dags/dag_dq_checkpoint.py                              1           0  0.24s           2026-05-30T19:43:29
/opt/airflow/dags/dag_bronze_ingestion.py                           1           0  0.17s           2026-05-30T19:43:29
/opt/airflow/dags/dag_drift_monitoring.py                           1           0  0.15s           2026-05-30T19:43:29
/opt/airflow/dags/dag_retrain_pipeline.py                           1           0  0.14s           2026-05-30T19:43:28
================================================================================
[2026-05-30T19:44:27.573+0000] {manager.py:878} INFO - 
================================================================================
DAG File Processing Stats

File Path                                  PID    Runtime      # DAGs    # Errors  Last Runtime    Last Run
-----------------------------------------  -----  ---------  --------  ----------  --------------  -------------------
/opt/airflow/dags/dag_bronze_ingestion.py                           1           0  0.26s           2026-05-30T19:44:00
/opt/airflow/dags/dag_dq_checkpoint.py                              1           0  0.22s           2026-05-30T19:43:59
/opt/airflow/dags/dag_drift_monitoring.py                           1           0  0.19s           2026-05-30T19:43:59
/opt/airflow/dags/dag_retrain_pipeline.py                           1           0  0.18s           2026-05-30T19:43:59
================================================================================
[2026-05-30T19:44:57.830+0000] {manager.py:878} INFO - 
================================================================================
DAG File Processing Stats

File Path                                  PID    Runtime      # DAGs    # Errors  Last Runtime    Last Run
-----------------------------------------  -----  ---------  --------  ----------  --------------  -------------------
/opt/airflow/dags/dag_dq_checkpoint.py                              1           0  0.19s           2026-05-30T19:44:30
/opt/airflow/dags/dag_retrain_pipeline.py                           1           0  0.17s           2026-05-30T19:44:29
/opt/airflow/dags/dag_drift_monitoring.py                           1           0  0.16s           2026-05-30T19:44:29
/opt/airflow/dags/dag_bronze_ingestion.py                           1           0  0.15s           2026-05-30T19:44:31
================================================================================
[2026-05-30T19:45:28.799+0000] {manager.py:878} INFO - 
================================================================================
DAG File Processing Stats

File Path                                  PID    Runtime      # DAGs    # Errors  Last Runtime    Last Run
-----------------------------------------  -----  ---------  --------  ----------  --------------  -------------------
/opt/airflow/dags/dag_dq_checkpoint.py                              1           0  0.24s           2026-05-30T19:45:00
/opt/airflow/dags/dag_drift_monitoring.py                           1           0  0.17s           2026-05-30T19:45:00
/opt/airflow/dags/dag_retrain_pipeline.py                           1           0  0.17s           2026-05-30T19:45:00
/opt/airflow/dags/dag_bronze_ingestion.py                           1           0  0.15s           2026-05-30T19:45:01
================================================================================
[2026-05-30T19:45:59.083+0000] {manager.py:878} INFO - 
================================================================================
DAG File Processing Stats

File Path                                  PID    Runtime      # DAGs    # Errors  Last Runtime    Last Run
-----------------------------------------  -----  ---------  --------  ----------  --------------  -------------------
/opt/airflow/dags/dag_bronze_ingestion.py                           1           0  0.30s           2026-05-30T19:45:32
/opt/airflow/dags/dag_dq_checkpoint.py                              1           0  0.19s           2026-05-30T19:45:31
/opt/airflow/dags/dag_drift_monitoring.py                           1           0  0.17s           2026-05-30T19:45:31
/opt/airflow/dags/dag_retrain_pipeline.py                           1           0  0.16s           2026-05-30T19:45:31
================================================================================
[2026-05-30T19:46:29.598+0000] {manager.py:878} INFO - 
================================================================================
DAG File Processing Stats

File Path                                  PID    Runtime      # DAGs    # Errors  Last Runtime    Last Run
-----------------------------------------  -----  ---------  --------  ----------  --------------  -------------------
/opt/airflow/dags/dag_retrain_pipeline.py                           1           0  0.53s           2026-05-30T19:46:01
/opt/airflow/dags/dag_drift_monitoring.py                           1           0  0.42s           2026-05-30T19:46:01
/opt/airflow/dags/dag_dq_checkpoint.py                              1           0  0.16s           2026-05-30T19:46:01
/opt/airflow/dags/dag_bronze_ingestion.py                           1           0  0.14s           2026-05-30T19:46:02
================================================================================
[2026-05-30T19:47:00.372+0000] {manager.py:878} INFO - 
================================================================================
DAG File Processing Stats

File Path                                  PID    Runtime      # DAGs    # Errors  Last Runtime    Last Run
-----------------------------------------  -----  ---------  --------  ----------  --------------  -------------------
/opt/airflow/dags/dag_bronze_ingestion.py                           1           0  0.24s           2026-05-30T19:46:33
/opt/airflow/dags/dag_drift_monitoring.py                           1           0  0.19s           2026-05-30T19:46:32
/opt/airflow/dags/dag_retrain_pipeline.py                           1           0  0.19s           2026-05-30T19:46:32
/opt/airflow/dags/dag_dq_checkpoint.py                              1           0  0.17s           2026-05-30T19:46:32
================================================================================
[2026-05-30T19:47:30.721+0000] {manager.py:878} INFO - 
================================================================================
DAG File Processing Stats

File Path                                  PID    Runtime      # DAGs    # Errors  Last Runtime    Last Run
-----------------------------------------  -----  ---------  --------  ----------  --------------  -------------------
/opt/airflow/dags/dag_dq_checkpoint.py                              1           0  0.19s           2026-05-30T19:47:02
/opt/airflow/dags/dag_drift_monitoring.py                           1           0  0.17s           2026-05-30T19:47:02
/opt/airflow/dags/dag_retrain_pipeline.py                           1           0  0.16s           2026-05-30T19:47:02
/opt/airflow/dags/dag_bronze_ingestion.py                           1           0  0.14s           2026-05-30T19:47:03
================================================================================
[2026-05-30T19:48:01.175+0000] {manager.py:878} INFO - 
================================================================================
DAG File Processing Stats

File Path                                  PID    Runtime      # DAGs    # Errors  Last Runtime    Last Run
-----------------------------------------  -----  ---------  --------  ----------  --------------  -------------------
/opt/airflow/dags/dag_bronze_ingestion.py                           1           0  0.21s           2026-05-30T19:47:34
/opt/airflow/dags/dag_dq_checkpoint.py                              1           0  0.21s           2026-05-30T19:47:33
/opt/airflow/dags/dag_retrain_pipeline.py                           1           0  0.17s           2026-05-30T19:47:32
/opt/airflow/dags/dag_drift_monitoring.py                           1           0  0.16s           2026-05-30T19:47:32
================================================================================
[2026-05-30T19:48:31.463+0000] {manager.py:878} INFO - 
================================================================================
DAG File Processing Stats

File Path                                  PID    Runtime      # DAGs    # Errors  Last Runtime    Last Run
-----------------------------------------  -----  ---------  --------  ----------  --------------  -------------------
/opt/airflow/dags/dag_dq_checkpoint.py                              1           0  0.34s           2026-05-30T19:48:03
/opt/airflow/dags/dag_drift_monitoring.py                           1           0  0.26s           2026-05-30T19:48:03
/opt/airflow/dags/dag_bronze_ingestion.py                           1           0  0.22s           2026-05-30T19:48:04
/opt/airflow/dags/dag_retrain_pipeline.py                           1           0  0.16s           2026-05-30T19:48:03
================================================================================
[2026-05-30T19:48:54.695+0000] {manager.py:737} INFO - Searching for files in /opt/airflow/dags
[2026-05-30T19:48:54.855+0000] {manager.py:740} INFO - There are 4 files in /opt/airflow/dags
[2026-05-30T19:49:02.158+0000] {manager.py:878} INFO - 
================================================================================
DAG File Processing Stats

File Path                                  PID    Runtime      # DAGs    # Errors  Last Runtime    Last Run
-----------------------------------------  -----  ---------  --------  ----------  --------------  -------------------
/opt/airflow/dags/dag_dq_checkpoint.py                              1           0  0.32s           2026-05-30T19:48:35
/opt/airflow/dags/dag_bronze_ingestion.py                           1           0  0.24s           2026-05-30T19:48:35
/opt/airflow/dags/dag_drift_monitoring.py                           1           0  0.14s           2026-05-30T19:48:33
/opt/airflow/dags/dag_retrain_pipeline.py                           1           0  0.14s           2026-05-30T19:48:33
================================================================================
[2026-05-30T19:49:32.606+0000] {manager.py:878} INFO - 
================================================================================
DAG File Processing Stats

File Path                                  PID    Runtime      # DAGs    # Errors  Last Runtime    Last Run
-----------------------------------------  -----  ---------  --------  ----------  --------------  -------------------
/opt/airflow/dags/dag_dq_checkpoint.py                              1           0  0.38s           2026-05-30T19:49:05
/opt/airflow/dags/dag_bronze_ingestion.py                           1           0  0.34s           2026-05-30T19:49:05
/opt/airflow/dags/dag_retrain_pipeline.py                           1           0  0.28s           2026-05-30T19:49:04
/opt/airflow/dags/dag_drift_monitoring.py                           1           0  0.23s           2026-05-30T19:49:04
================================================================================
[2026-05-30T19:50:02.758+0000] {manager.py:878} INFO - 
================================================================================
DAG File Processing Stats

File Path                                  PID    Runtime      # DAGs    # Errors  Last Runtime    Last Run
-----------------------------------------  -----  ---------  --------  ----------  --------------  -------------------
/opt/airflow/dags/dag_bronze_ingestion.py                           1           0  0.26s           2026-05-30T19:49:37
/opt/airflow/dags/dag_dq_checkpoint.py                              1           0  0.24s           2026-05-30T19:49:37
/opt/airflow/dags/dag_retrain_pipeline.py                           1           0  0.22s           2026-05-30T19:49:34
/opt/airflow/dags/dag_drift_monitoring.py                           1           0  0.21s           2026-05-30T19:49:34
================================================================================
[2026-05-30T19:50:33.275+0000] {manager.py:878} INFO - 
================================================================================
DAG File Processing Stats

File Path                                  PID    Runtime      # DAGs    # Errors  Last Runtime    Last Run
-----------------------------------------  -----  ---------  --------  ----------  --------------  -------------------
/opt/airflow/dags/dag_bronze_ingestion.py                           1           0  0.26s           2026-05-30T19:50:07
/opt/airflow/dags/dag_dq_checkpoint.py                              1           0  0.22s           2026-05-30T19:50:07
/opt/airflow/dags/dag_drift_monitoring.py                           1           0  0.13s           2026-05-30T19:50:05
/opt/airflow/dags/dag_retrain_pipeline.py                           1           0  0.13s           2026-05-30T19:50:05
================================================================================
[2026-05-30T19:51:03.857+0000] {manager.py:878} INFO - 
================================================================================
DAG File Processing Stats

File Path                                  PID    Runtime      # DAGs    # Errors  Last Runtime    Last Run
-----------------------------------------  -----  ---------  --------  ----------  --------------  -------------------
/opt/airflow/dags/dag_dq_checkpoint.py                              1           0  0.40s           2026-05-30T19:50:38
/opt/airflow/dags/dag_bronze_ingestion.py                           1           0  0.37s           2026-05-30T19:50:38
/opt/airflow/dags/dag_retrain_pipeline.py                           1           0  0.17s           2026-05-30T19:50:35
/opt/airflow/dags/dag_drift_monitoring.py                           1           0  0.15s           2026-05-30T19:50:35
================================================================================
[2026-05-30T19:51:33.937+0000] {manager.py:878} INFO - 
================================================================================
DAG File Processing Stats

File Path                                  PID    Runtime      # DAGs    # Errors  Last Runtime    Last Run
-----------------------------------------  -----  ---------  --------  ----------  --------------  -------------------
/opt/airflow/dags/dag_dq_checkpoint.py                              1           0  0.28s           2026-05-30T19:51:08
/opt/airflow/dags/dag_bronze_ingestion.py                           1           0  0.22s           2026-05-30T19:51:09
/opt/airflow/dags/dag_retrain_pipeline.py                           1           0  0.13s           2026-05-30T19:51:06
/opt/airflow/dags/dag_drift_monitoring.py                           1           0  0.13s           2026-05-30T19:51:06
================================================================================
[2026-05-30T19:57:50.841+0000] {manager.py:470} INFO - Processing files using up to 2 processes at a time 
[2026-05-30T19:57:50.846+0000] {manager.py:471} INFO - Process each file at most once every 30 seconds
[2026-05-30T19:57:50.853+0000] {manager.py:472} INFO - Checking for new files in /opt/airflow/dags every 300 seconds
[2026-05-30T19:57:50.857+0000] {manager.py:737} INFO - Searching for files in /opt/airflow/dags
[2026-05-30T19:57:51.170+0000] {manager.py:740} INFO - There are 4 files in /opt/airflow/dags
[2026-05-30T19:57:51.640+0000] {manager.py:878} INFO - 
================================================================================
DAG File Processing Stats

File Path                                    PID  Runtime      # DAGs    # Errors  Last Runtime    Last Run
-----------------------------------------  -----  ---------  --------  ----------  --------------  ----------
/opt/airflow/dags/dag_bronze_ingestion.py                           0           0
/opt/airflow/dags/dag_dq_checkpoint.py                              0           0
/opt/airflow/dags/dag_drift_monitoring.py    175  0.05s             0           0
/opt/airflow/dags/dag_retrain_pipeline.py    172  0.13s             0           0
================================================================================
[2026-05-30T19:58:21.893+0000] {manager.py:878} INFO - 
================================================================================
DAG File Processing Stats

File Path                                  PID    Runtime      # DAGs    # Errors  Last Runtime    Last Run
-----------------------------------------  -----  ---------  --------  ----------  --------------  -------------------
/opt/airflow/dags/dag_retrain_pipeline.py                           1           0  0.55s           2026-05-30T19:57:52
/opt/airflow/dags/dag_drift_monitoring.py                           1           0  0.53s           2026-05-30T19:57:52
/opt/airflow/dags/dag_bronze_ingestion.py                           1           0  0.41s           2026-05-30T19:57:52
/opt/airflow/dags/dag_dq_checkpoint.py                              1           0  0.40s           2026-05-30T19:57:52
================================================================================
[2026-05-30T19:58:52.333+0000] {manager.py:878} INFO - 
================================================================================
DAG File Processing Stats

File Path                                  PID    Runtime      # DAGs    # Errors  Last Runtime    Last Run
-----------------------------------------  -----  ---------  --------  ----------  --------------  -------------------
/opt/airflow/dags/dag_retrain_pipeline.py                           1           0  0.20s           2026-05-30T19:58:22
/opt/airflow/dags/dag_dq_checkpoint.py                              1           0  0.18s           2026-05-30T19:58:23
/opt/airflow/dags/dag_drift_monitoring.py                           1           0  0.18s           2026-05-30T19:58:22
/opt/airflow/dags/dag_bronze_ingestion.py                           1           0  0.14s           2026-05-30T19:58:23
================================================================================
[2026-05-30T19:59:22.625+0000] {manager.py:878} INFO - 
================================================================================
DAG File Processing Stats

File Path                                  PID    Runtime      # DAGs    # Errors  Last Runtime    Last Run
-----------------------------------------  -----  ---------  --------  ----------  --------------  -------------------
/opt/airflow/dags/dag_retrain_pipeline.py                           1           0  0.22s           2026-05-30T19:58:53
/opt/airflow/dags/dag_drift_monitoring.py                           1           0  0.22s           2026-05-30T19:58:53
/opt/airflow/dags/dag_dq_checkpoint.py                              1           0  0.17s           2026-05-30T19:58:53
/opt/airflow/dags/dag_bronze_ingestion.py                           1           0  0.17s           2026-05-30T19:58:53
================================================================================
[2026-05-30T19:59:53.072+0000] {manager.py:878} INFO - 
================================================================================
DAG File Processing Stats

File Path                                  PID    Runtime      # DAGs    # Errors  Last Runtime    Last Run
-----------------------------------------  -----  ---------  --------  ----------  --------------  -------------------
/opt/airflow/dags/dag_drift_monitoring.py                           1           0  0.24s           2026-05-30T19:59:24
/opt/airflow/dags/dag_dq_checkpoint.py                              1           0  0.19s           2026-05-30T19:59:24
/opt/airflow/dags/dag_retrain_pipeline.py                           1           0  0.13s           2026-05-30T19:59:23
/opt/airflow/dags/dag_bronze_ingestion.py                           1           0  0.13s           2026-05-30T19:59:24
================================================================================
[2026-05-30T20:00:23.277+0000] {manager.py:878} INFO - 
================================================================================
DAG File Processing Stats

File Path                                  PID    Runtime      # DAGs    # Errors  Last Runtime    Last Run
-----------------------------------------  -----  ---------  --------  ----------  --------------  -------------------
/opt/airflow/dags/dag_bronze_ingestion.py                           1           0  0.24s           2026-05-30T19:59:54
/opt/airflow/dags/dag_drift_monitoring.py                           1           0  0.22s           2026-05-30T19:59:54
/opt/airflow/dags/dag_retrain_pipeline.py                           1           0  0.20s           2026-05-30T19:59:54
/opt/airflow/dags/dag_dq_checkpoint.py                              1           0  0.18s           2026-05-30T19:59:54
================================================================================
[2026-05-30T20:00:53.825+0000] {manager.py:878} INFO - 
================================================================================
DAG File Processing Stats

File Path                                  PID    Runtime      # DAGs    # Errors  Last Runtime    Last Run
-----------------------------------------  -----  ---------  --------  ----------  --------------  -------------------
/opt/airflow/dags/dag_bronze_ingestion.py                           1           0  0.20s           2026-05-30T20:00:25
/opt/airflow/dags/dag_drift_monitoring.py                           1           0  0.17s           2026-05-30T20:00:24
/opt/airflow/dags/dag_retrain_pipeline.py                           1           0  0.17s           2026-05-30T20:00:24
/opt/airflow/dags/dag_dq_checkpoint.py                              1           0  0.16s           2026-05-30T20:00:24
================================================================================
[2026-05-30T20:01:24.220+0000] {manager.py:878} INFO - 
================================================================================
DAG File Processing Stats

File Path                                  PID    Runtime      # DAGs    # Errors  Last Runtime    Last Run
-----------------------------------------  -----  ---------  --------  ----------  --------------  -------------------
/opt/airflow/dags/dag_drift_monitoring.py                           1           0  0.22s           2026-05-30T20:00:55
/opt/airflow/dags/dag_retrain_pipeline.py                           1           0  0.19s           2026-05-30T20:00:55
/opt/airflow/dags/dag_bronze_ingestion.py                           1           0  0.18s           2026-05-30T20:00:55
/opt/airflow/dags/dag_dq_checkpoint.py                              1           0  0.16s           2026-05-30T20:00:55
================================================================================
[2026-05-30T20:01:54.622+0000] {manager.py:878} INFO - 
================================================================================
DAG File Processing Stats

File Path                                  PID    Runtime      # DAGs    # Errors  Last Runtime    Last Run
-----------------------------------------  -----  ---------  --------  ----------  --------------  -------------------
/opt/airflow/dags/dag_retrain_pipeline.py                           1           0  0.18s           2026-05-30T20:01:25
/opt/airflow/dags/dag_drift_monitoring.py                           1           0  0.18s           2026-05-30T20:01:25
/opt/airflow/dags/dag_dq_checkpoint.py                              1           0  0.15s           2026-05-30T20:01:25
/opt/airflow/dags/dag_bronze_ingestion.py                           1           0  0.14s           2026-05-30T20:01:25
================================================================================
[2026-05-30T20:02:24.634+0000] {manager.py:878} INFO - 
================================================================================
DAG File Processing Stats

File Path                                  PID    Runtime      # DAGs    # Errors  Last Runtime    Last Run
-----------------------------------------  -----  ---------  --------  ----------  --------------  -------------------
/opt/airflow/dags/dag_dq_checkpoint.py                              1           0  0.18s           2026-05-30T20:01:56
/opt/airflow/dags/dag_drift_monitoring.py                           1           0  0.17s           2026-05-30T20:01:55
/opt/airflow/dags/dag_retrain_pipeline.py                           1           0  0.16s           2026-05-30T20:01:55
/opt/airflow/dags/dag_bronze_ingestion.py                           1           0  0.16s           2026-05-30T20:01:56
================================================================================
[2026-05-30T20:02:51.279+0000] {manager.py:737} INFO - Searching for files in /opt/airflow/dags
[2026-05-30T20:02:51.545+0000] {manager.py:740} INFO - There are 4 files in /opt/airflow/dags
[2026-05-30T20:02:54.649+0000] {manager.py:878} INFO - 
================================================================================
DAG File Processing Stats

File Path                                  PID    Runtime      # DAGs    # Errors  Last Runtime    Last Run
-----------------------------------------  -----  ---------  --------  ----------  --------------  -------------------
/opt/airflow/dags/dag_drift_monitoring.py                           1           0  0.23s           2026-05-30T20:02:26
/opt/airflow/dags/dag_retrain_pipeline.py                           1           0  0.22s           2026-05-30T20:02:26
/opt/airflow/dags/dag_bronze_ingestion.py                           1           0  0.17s           2026-05-30T20:02:27
/opt/airflow/dags/dag_dq_checkpoint.py                              1           0  0.16s           2026-05-30T20:02:27
================================================================================
[2026-05-30T20:03:25.333+0000] {manager.py:878} INFO - 
================================================================================
DAG File Processing Stats

File Path                                  PID    Runtime      # DAGs    # Errors  Last Runtime    Last Run
-----------------------------------------  -----  ---------  --------  ----------  --------------  -------------------
/opt/airflow/dags/dag_retrain_pipeline.py                           1           0  0.64s           2026-05-30T20:02:58
/opt/airflow/dags/dag_drift_monitoring.py                           1           0  0.36s           2026-05-30T20:02:58
/opt/airflow/dags/dag_bronze_ingestion.py                           1           0  0.26s           2026-05-30T20:02:58
/opt/airflow/dags/dag_dq_checkpoint.py                              1           0  0.25s           2026-05-30T20:02:58
================================================================================
[2026-05-30T20:03:55.444+0000] {manager.py:878} INFO - 
================================================================================
DAG File Processing Stats

File Path                                  PID    Runtime      # DAGs    # Errors  Last Runtime    Last Run
-----------------------------------------  -----  ---------  --------  ----------  --------------  -------------------
/opt/airflow/dags/dag_drift_monitoring.py                           1           0  0.30s           2026-05-30T20:03:28
/opt/airflow/dags/dag_retrain_pipeline.py                           1           0  0.27s           2026-05-30T20:03:28
/opt/airflow/dags/dag_bronze_ingestion.py                           1           0  0.25s           2026-05-30T20:03:29
/opt/airflow/dags/dag_dq_checkpoint.py                              1           0  0.23s           2026-05-30T20:03:28
================================================================================
[2026-05-30T20:04:25.532+0000] {manager.py:878} INFO - 
================================================================================
DAG File Processing Stats

File Path                                  PID    Runtime      # DAGs    # Errors  Last Runtime    Last Run
-----------------------------------------  -----  ---------  --------  ----------  --------------  -------------------
/opt/airflow/dags/dag_drift_monitoring.py                           1           0  0.26s           2026-05-30T20:03:59
/opt/airflow/dags/dag_dq_checkpoint.py                              1           0  0.21s           2026-05-30T20:03:59
/opt/airflow/dags/dag_retrain_pipeline.py                           1           0  0.17s           2026-05-30T20:03:59
/opt/airflow/dags/dag_bronze_ingestion.py                           1           0  0.16s           2026-05-30T20:03:59
================================================================================
[2026-05-30T20:04:55.765+0000] {manager.py:878} INFO - 
================================================================================
DAG File Processing Stats

File Path                                  PID    Runtime      # DAGs    # Errors  Last Runtime    Last Run
-----------------------------------------  -----  ---------  --------  ----------  --------------  -------------------
/opt/airflow/dags/dag_dq_checkpoint.py                              1           0  0.59s           2026-05-30T20:04:30
/opt/airflow/dags/dag_drift_monitoring.py                           1           0  0.40s           2026-05-30T20:04:30
/opt/airflow/dags/dag_bronze_ingestion.py                           1           0  0.27s           2026-05-30T20:04:31
/opt/airflow/dags/dag_retrain_pipeline.py                           1           0  0.27s           2026-05-30T20:04:29
================================================================================
[2026-05-30T20:05:26.007+0000] {manager.py:878} INFO - 
================================================================================
DAG File Processing Stats

File Path                                  PID    Runtime      # DAGs    # Errors  Last Runtime    Last Run
-----------------------------------------  -----  ---------  --------  ----------  --------------  -------------------
/opt/airflow/dags/dag_drift_monitoring.py                           1           0  0.19s           2026-05-30T20:05:01
/opt/airflow/dags/dag_retrain_pipeline.py                           1           0  0.18s           2026-05-30T20:05:01
/opt/airflow/dags/dag_bronze_ingestion.py                           1           0  0.16s           2026-05-30T20:05:01
/opt/airflow/dags/dag_dq_checkpoint.py                              1           0  0.16s           2026-05-30T20:05:01
================================================================================
[2026-05-30T20:05:56.817+0000] {manager.py:878} INFO - 
================================================================================
DAG File Processing Stats

File Path                                  PID    Runtime      # DAGs    # Errors  Last Runtime    Last Run
-----------------------------------------  -----  ---------  --------  ----------  --------------  -------------------
/opt/airflow/dags/dag_bronze_ingestion.py                           1           0  0.80s           2026-05-30T20:05:32
/opt/airflow/dags/dag_drift_monitoring.py                           1           0  0.50s           2026-05-30T20:05:31
/opt/airflow/dags/dag_dq_checkpoint.py                              1           0  0.34s           2026-05-30T20:05:32
/opt/airflow/dags/dag_retrain_pipeline.py                           1           0  0.24s           2026-05-30T20:05:31
================================================================================
[2026-05-30T20:06:26.953+0000] {manager.py:878} INFO - 
================================================================================
DAG File Processing Stats

File Path                                  PID    Runtime      # DAGs    # Errors  Last Runtime    Last Run
-----------------------------------------  -----  ---------  --------  ----------  --------------  -------------------
/opt/airflow/dags/dag_retrain_pipeline.py                           1           0  0.28s           2026-05-30T20:06:02
/opt/airflow/dags/dag_drift_monitoring.py                           1           0  0.27s           2026-05-30T20:06:02
/opt/airflow/dags/dag_dq_checkpoint.py                              1           0  0.16s           2026-05-30T20:06:02
/opt/airflow/dags/dag_bronze_ingestion.py                           1           0  0.14s           2026-05-30T20:06:03
================================================================================
[2026-05-30T20:06:56.967+0000] {manager.py:878} INFO - 
================================================================================
DAG File Processing Stats

File Path                                  PID    Runtime      # DAGs    # Errors  Last Runtime    Last Run
-----------------------------------------  -----  ---------  --------  ----------  --------------  -------------------
/opt/airflow/dags/dag_drift_monitoring.py                           1           0  0.33s           2026-05-30T20:06:33
/opt/airflow/dags/dag_retrain_pipeline.py                           1           0  0.25s           2026-05-30T20:06:33
/opt/airflow/dags/dag_dq_checkpoint.py                              1           0  0.18s           2026-05-30T20:06:33
/opt/airflow/dags/dag_bronze_ingestion.py                           1           0  0.18s           2026-05-30T20:06:34
================================================================================
[2026-05-30T20:07:27.127+0000] {manager.py:878} INFO - 
================================================================================
DAG File Processing Stats

File Path                                  PID    Runtime      # DAGs    # Errors  Last Runtime    Last Run
-----------------------------------------  -----  ---------  --------  ----------  --------------  -------------------
/opt/airflow/dags/dag_bronze_ingestion.py                           1           0  0.18s           2026-05-30T20:07:04
/opt/airflow/dags/dag_dq_checkpoint.py                              1           0  0.15s           2026-05-30T20:07:03
/opt/airflow/dags/dag_retrain_pipeline.py                           1           0  0.15s           2026-05-30T20:07:03
/opt/airflow/dags/dag_drift_monitoring.py                           1           0  0.14s           2026-05-30T20:07:03
================================================================================
[2026-05-30T20:07:51.595+0000] {manager.py:737} INFO - Searching for files in /opt/airflow/dags
[2026-05-30T20:07:51.919+0000] {manager.py:740} INFO - There are 4 files in /opt/airflow/dags
[2026-05-30T20:07:57.162+0000] {manager.py:878} INFO - 
================================================================================
DAG File Processing Stats

File Path                                  PID    Runtime      # DAGs    # Errors  Last Runtime    Last Run
-----------------------------------------  -----  ---------  --------  ----------  --------------  -------------------
/opt/airflow/dags/dag_drift_monitoring.py                           1           0  0.38s           2026-05-30T20:07:34
/opt/airflow/dags/dag_retrain_pipeline.py                           1           0  0.33s           2026-05-30T20:07:34
/opt/airflow/dags/dag_dq_checkpoint.py                              1           0  0.23s           2026-05-30T20:07:34
/opt/airflow/dags/dag_bronze_ingestion.py                           1           0  0.13s           2026-05-30T20:07:35
================================================================================
[2026-05-30T20:08:27.330+0000] {manager.py:878} INFO - 
================================================================================
DAG File Processing Stats

File Path                                  PID    Runtime      # DAGs    # Errors  Last Runtime    Last Run
-----------------------------------------  -----  ---------  --------  ----------  --------------  -------------------
/opt/airflow/dags/dag_bronze_ingestion.py                           1           0  0.22s           2026-05-30T20:08:05
/opt/airflow/dags/dag_dq_checkpoint.py                              1           0  0.21s           2026-05-30T20:08:04
/opt/airflow/dags/dag_drift_monitoring.py                           1           0  0.16s           2026-05-30T20:08:04
/opt/airflow/dags/dag_retrain_pipeline.py                           1           0  0.16s           2026-05-30T20:08:04
================================================================================
[2026-05-30T20:08:57.712+0000] {manager.py:878} INFO - 
================================================================================
DAG File Processing Stats

File Path                                  PID    Runtime      # DAGs    # Errors  Last Runtime    Last Run
-----------------------------------------  -----  ---------  --------  ----------  --------------  -------------------
/opt/airflow/dags/dag_dq_checkpoint.py                              1           0  0.37s           2026-05-30T20:08:35
/opt/airflow/dags/dag_drift_monitoring.py                           1           0  0.26s           2026-05-30T20:08:35
/opt/airflow/dags/dag_retrain_pipeline.py                           1           0  0.26s           2026-05-30T20:08:35
/opt/airflow/dags/dag_bronze_ingestion.py                           1           0  0.17s           2026-05-30T20:08:36
================================================================================
[2026-05-30T20:09:27.840+0000] {manager.py:878} INFO - 
================================================================================
DAG File Processing Stats

File Path                                  PID    Runtime      # DAGs    # Errors  Last Runtime    Last Run
-----------------------------------------  -----  ---------  --------  ----------  --------------  -------------------
/opt/airflow/dags/dag_dq_checkpoint.py                              1           0  0.19s           2026-05-30T20:09:06
/opt/airflow/dags/dag_drift_monitoring.py                           1           0  0.17s           2026-05-30T20:09:06
/opt/airflow/dags/dag_retrain_pipeline.py                           1           0  0.17s           2026-05-30T20:09:06
/opt/airflow/dags/dag_bronze_ingestion.py                           1           0  0.12s           2026-05-30T20:09:07
================================================================================
[2026-05-30T20:09:58.516+0000] {manager.py:878} INFO - 
================================================================================
DAG File Processing Stats

File Path                                  PID    Runtime      # DAGs    # Errors  Last Runtime    Last Run
-----------------------------------------  -----  ---------  --------  ----------  --------------  -------------------
/opt/airflow/dags/dag_retrain_pipeline.py                           1           0  0.39s           2026-05-30T20:09:36
/opt/airflow/dags/dag_drift_monitoring.py                           1           0  0.33s           2026-05-30T20:09:36
/opt/airflow/dags/dag_bronze_ingestion.py                           1           0  0.18s           2026-05-30T20:09:37
/opt/airflow/dags/dag_dq_checkpoint.py                              1           0  0.17s           2026-05-30T20:09:36
================================================================================
[2026-05-30T20:10:28.688+0000] {manager.py:878} INFO - 
================================================================================
DAG File Processing Stats

File Path                                  PID    Runtime      # DAGs    # Errors  Last Runtime    Last Run
-----------------------------------------  -----  ---------  --------  ----------  --------------  -------------------
/opt/airflow/dags/dag_dq_checkpoint.py                              1           0  0.26s           2026-05-30T20:10:08
/opt/airflow/dags/dag_bronze_ingestion.py                           1           0  0.20s           2026-05-30T20:10:08
/opt/airflow/dags/dag_drift_monitoring.py                           1           0  0.15s           2026-05-30T20:10:07
/opt/airflow/dags/dag_retrain_pipeline.py                           1           0  0.14s           2026-05-30T20:10:07
================================================================================
[2026-05-30T20:10:58.819+0000] {manager.py:878} INFO - 
================================================================================
DAG File Processing Stats

File Path                                  PID    Runtime      # DAGs    # Errors  Last Runtime    Last Run
-----------------------------------------  -----  ---------  --------  ----------  --------------  -------------------
/opt/airflow/dags/dag_drift_monitoring.py                           1           0  0.27s           2026-05-30T20:10:38
/opt/airflow/dags/dag_dq_checkpoint.py                              1           0  0.25s           2026-05-30T20:10:39
/opt/airflow/dags/dag_bronze_ingestion.py                           1           0  0.24s           2026-05-30T20:10:39
/opt/airflow/dags/dag_retrain_pipeline.py                           1           0  0.22s           2026-05-30T20:10:38
================================================================================
[2026-05-30T20:11:28.924+0000] {manager.py:878} INFO - 
================================================================================
DAG File Processing Stats

File Path                                  PID    Runtime      # DAGs    # Errors  Last Runtime    Last Run
-----------------------------------------  -----  ---------  --------  ----------  --------------  -------------------
/opt/airflow/dags/dag_drift_monitoring.py                           1           0  0.28s           2026-05-30T20:11:09
/opt/airflow/dags/dag_retrain_pipeline.py                           1           0  0.28s           2026-05-30T20:11:09
/opt/airflow/dags/dag_dq_checkpoint.py                              1           0  0.27s           2026-05-30T20:11:09
/opt/airflow/dags/dag_bronze_ingestion.py                           1           0  0.19s           2026-05-30T20:11:09
================================================================================
[2026-05-30T20:11:59.385+0000] {manager.py:878} INFO - 
================================================================================
DAG File Processing Stats

File Path                                  PID    Runtime      # DAGs    # Errors  Last Runtime    Last Run
-----------------------------------------  -----  ---------  --------  ----------  --------------  -------------------
/opt/airflow/dags/dag_dq_checkpoint.py                              1           0  0.39s           2026-05-30T20:11:40
/opt/airflow/dags/dag_bronze_ingestion.py                           1           0  0.33s           2026-05-30T20:11:40
/opt/airflow/dags/dag_retrain_pipeline.py                           1           0  0.32s           2026-05-30T20:11:39
/opt/airflow/dags/dag_drift_monitoring.py                           1           0  0.20s           2026-05-30T20:11:39
================================================================================
[2026-05-30T20:12:29.406+0000] {manager.py:878} INFO - 
================================================================================
DAG File Processing Stats

File Path                                  PID    Runtime      # DAGs    # Errors  Last Runtime    Last Run
-----------------------------------------  -----  ---------  --------  ----------  --------------  -------------------
/opt/airflow/dags/dag_dq_checkpoint.py                              1           0  0.26s           2026-05-30T20:12:10
/opt/airflow/dags/dag_drift_monitoring.py                           1           0  0.25s           2026-05-30T20:12:10
/opt/airflow/dags/dag_retrain_pipeline.py                           1           0  0.25s           2026-05-30T20:12:10
/opt/airflow/dags/dag_bronze_ingestion.py                           1           0  0.24s           2026-05-30T20:12:10
================================================================================
[2026-05-30T20:12:51.685+0000] {manager.py:737} INFO - Searching for files in /opt/airflow/dags
[2026-05-30T20:12:52.041+0000] {manager.py:740} INFO - There are 4 files in /opt/airflow/dags
[2026-05-30T20:12:59.432+0000] {manager.py:878} INFO - 
================================================================================
DAG File Processing Stats

File Path                                  PID    Runtime      # DAGs    # Errors  Last Runtime    Last Run
-----------------------------------------  -----  ---------  --------  ----------  --------------  -------------------
/opt/airflow/dags/dag_bronze_ingestion.py                           1           0  0.23s           2026-05-30T20:12:41
/opt/airflow/dags/dag_retrain_pipeline.py                           1           0  0.22s           2026-05-30T20:12:40
/opt/airflow/dags/dag_dq_checkpoint.py                              1           0  0.22s           2026-05-30T20:12:41
/opt/airflow/dags/dag_drift_monitoring.py                           1           0  0.22s           2026-05-30T20:12:40
================================================================================
[2026-05-30T20:13:29.493+0000] {manager.py:878} INFO - 
================================================================================
DAG File Processing Stats

File Path                                  PID    Runtime      # DAGs    # Errors  Last Runtime    Last Run
-----------------------------------------  -----  ---------  --------  ----------  --------------  -------------------
/opt/airflow/dags/dag_dq_checkpoint.py                              1           0  0.30s           2026-05-30T20:13:11
/opt/airflow/dags/dag_drift_monitoring.py                           1           0  0.27s           2026-05-30T20:13:11
/opt/airflow/dags/dag_retrain_pipeline.py                           1           0  0.25s           2026-05-30T20:13:11
/opt/airflow/dags/dag_bronze_ingestion.py                           1           0  0.25s           2026-05-30T20:13:11
================================================================================
[2026-05-30T20:14:00.110+0000] {manager.py:878} INFO - 
================================================================================
DAG File Processing Stats

File Path                                  PID    Runtime      # DAGs    # Errors  Last Runtime    Last Run
-----------------------------------------  -----  ---------  --------  ----------  --------------  -------------------
/opt/airflow/dags/dag_retrain_pipeline.py                           1           0  0.48s           2026-05-30T20:13:42
/opt/airflow/dags/dag_drift_monitoring.py                           1           0  0.47s           2026-05-30T20:13:42
/opt/airflow/dags/dag_bronze_ingestion.py                           1           0  0.35s           2026-05-30T20:13:43
/opt/airflow/dags/dag_dq_checkpoint.py                              1           0  0.29s           2026-05-30T20:13:42
================================================================================
[2026-05-30T20:14:30.651+0000] {manager.py:878} INFO - 
================================================================================
DAG File Processing Stats

File Path                                  PID    Runtime      # DAGs    # Errors  Last Runtime    Last Run
-----------------------------------------  -----  ---------  --------  ----------  --------------  -------------------
/opt/airflow/dags/dag_dq_checkpoint.py                              1           0  0.26s           2026-05-30T20:14:13
/opt/airflow/dags/dag_retrain_pipeline.py                           1           0  0.21s           2026-05-30T20:14:13
/opt/airflow/dags/dag_drift_monitoring.py                           1           0  0.19s           2026-05-30T20:14:13
/opt/airflow/dags/dag_bronze_ingestion.py                           1           0  0.15s           2026-05-30T20:14:14
================================================================================
[2026-05-30T20:15:01.131+0000] {manager.py:878} INFO - 
================================================================================
DAG File Processing Stats

File Path                                  PID    Runtime      # DAGs    # Errors  Last Runtime    Last Run
-----------------------------------------  -----  ---------  --------  ----------  --------------  -------------------
/opt/airflow/dags/dag_drift_monitoring.py                           1           0  0.32s           2026-05-30T20:14:43
/opt/airflow/dags/dag_retrain_pipeline.py                           1           0  0.31s           2026-05-30T20:14:43
/opt/airflow/dags/dag_dq_checkpoint.py                              1           0  0.25s           2026-05-30T20:14:43
/opt/airflow/dags/dag_bronze_ingestion.py                           1           0  0.17s           2026-05-30T20:14:44
================================================================================
[2026-05-30T20:15:31.303+0000] {manager.py:878} INFO - 
================================================================================
DAG File Processing Stats

File Path                                  PID    Runtime      # DAGs    # Errors  Last Runtime    Last Run
-----------------------------------------  -----  ---------  --------  ----------  --------------  -------------------
/opt/airflow/dags/dag_bronze_ingestion.py                           1           0  0.21s           2026-05-30T20:15:14
/opt/airflow/dags/dag_dq_checkpoint.py                              1           0  0.11s           2026-05-30T20:15:14
/opt/airflow/dags/dag_retrain_pipeline.py                           1           0  0.10s           2026-05-30T20:15:13
/opt/airflow/dags/dag_drift_monitoring.py                           1           0  0.10s           2026-05-30T20:15:13
================================================================================
[2026-05-30T20:16:01.629+0000] {manager.py:878} INFO - 
================================================================================
DAG File Processing Stats

File Path                                  PID    Runtime      # DAGs    # Errors  Last Runtime    Last Run
-----------------------------------------  -----  ---------  --------  ----------  --------------  -------------------
/opt/airflow/dags/dag_drift_monitoring.py                           1           0  0.20s           2026-05-30T20:15:44
/opt/airflow/dags/dag_retrain_pipeline.py                           1           0  0.18s           2026-05-30T20:15:44
/opt/airflow/dags/dag_bronze_ingestion.py                           1           0  0.14s           2026-05-30T20:15:45
/opt/airflow/dags/dag_dq_checkpoint.py                              1           0  0.12s           2026-05-30T20:15:45
================================================================================
[2026-05-30T20:16:31.912+0000] {manager.py:878} INFO - 
================================================================================
DAG File Processing Stats

File Path                                  PID    Runtime      # DAGs    # Errors  Last Runtime    Last Run
-----------------------------------------  -----  ---------  --------  ----------  --------------  -------------------
/opt/airflow/dags/dag_bronze_ingestion.py                           1           0  0.67s           2026-05-30T20:16:16
/opt/airflow/dags/dag_dq_checkpoint.py                              1           0  0.25s           2026-05-30T20:16:16
/opt/airflow/dags/dag_retrain_pipeline.py                           1           0  0.16s           2026-05-30T20:16:15
/opt/airflow/dags/dag_drift_monitoring.py                           1           0  0.15s           2026-05-30T20:16:15
================================================================================
[2026-05-30T20:17:02.225+0000] {manager.py:878} INFO - 
================================================================================
DAG File Processing Stats

File Path                                  PID    Runtime      # DAGs    # Errors  Last Runtime    Last Run
-----------------------------------------  -----  ---------  --------  ----------  --------------  -------------------
/opt/airflow/dags/dag_dq_checkpoint.py                              1           0  0.29s           2026-05-30T20:16:46
/opt/airflow/dags/dag_bronze_ingestion.py                           1           0  0.19s           2026-05-30T20:16:47
/opt/airflow/dags/dag_drift_monitoring.py                           1           0  0.16s           2026-05-30T20:16:45
/opt/airflow/dags/dag_retrain_pipeline.py                           1           0  0.15s           2026-05-30T20:16:45
================================================================================
[2026-05-30T20:17:32.316+0000] {manager.py:878} INFO - 
================================================================================
DAG File Processing Stats

File Path                                  PID    Runtime      # DAGs    # Errors  Last Runtime    Last Run
-----------------------------------------  -----  ---------  --------  ----------  --------------  -------------------
/opt/airflow/dags/dag_dq_checkpoint.py                              1           0  0.18s           2026-05-30T20:17:17
/opt/airflow/dags/dag_bronze_ingestion.py                           1           0  0.15s           2026-05-30T20:17:17
/opt/airflow/dags/dag_drift_monitoring.py                           1           0  0.10s           2026-05-30T20:17:15
/opt/airflow/dags/dag_retrain_pipeline.py                           1           0  0.10s           2026-05-30T20:17:15
================================================================================
[2026-05-30T20:17:52.298+0000] {manager.py:737} INFO - Searching for files in /opt/airflow/dags
[2026-05-30T20:17:52.899+0000] {manager.py:740} INFO - There are 4 files in /opt/airflow/dags
[2026-05-30T20:18:02.324+0000] {manager.py:878} INFO - 
================================================================================
DAG File Processing Stats

File Path                                  PID    Runtime      # DAGs    # Errors  Last Runtime    Last Run
-----------------------------------------  -----  ---------  --------  ----------  --------------  -------------------
/opt/airflow/dags/dag_retrain_pipeline.py                           1           0  0.28s           2026-05-30T20:17:46
/opt/airflow/dags/dag_drift_monitoring.py                           1           0  0.27s           2026-05-30T20:17:46
/opt/airflow/dags/dag_dq_checkpoint.py                              1           0  0.22s           2026-05-30T20:17:48
/opt/airflow/dags/dag_bronze_ingestion.py                           1           0  0.18s           2026-05-30T20:17:48
================================================================================
[2026-05-30T20:18:33.215+0000] {manager.py:878} INFO - 
================================================================================
DAG File Processing Stats

File Path                                  PID    Runtime      # DAGs    # Errors  Last Runtime    Last Run
-----------------------------------------  -----  ---------  --------  ----------  --------------  -------------------
/opt/airflow/dags/dag_dq_checkpoint.py                              1           0  0.20s           2026-05-30T20:18:19
/opt/airflow/dags/dag_retrain_pipeline.py                           1           0  0.16s           2026-05-30T20:18:16
/opt/airflow/dags/dag_drift_monitoring.py                           1           0  0.15s           2026-05-30T20:18:16
/opt/airflow/dags/dag_bronze_ingestion.py                           1           0  0.15s           2026-05-30T20:18:19
================================================================================
[2026-05-30T20:19:03.403+0000] {manager.py:878} INFO - 
================================================================================
DAG File Processing Stats

File Path                                  PID    Runtime      # DAGs    # Errors  Last Runtime    Last Run
-----------------------------------------  -----  ---------  --------  ----------  --------------  -------------------
/opt/airflow/dags/dag_dq_checkpoint.py                              1           0  0.41s           2026-05-30T20:18:50
/opt/airflow/dags/dag_bronze_ingestion.py                           1           0  0.36s           2026-05-30T20:18:50
/opt/airflow/dags/dag_drift_monitoring.py                           1           0  0.33s           2026-05-30T20:18:47
/opt/airflow/dags/dag_retrain_pipeline.py                           1           0  0.23s           2026-05-30T20:18:47
================================================================================
[2026-05-30T20:19:33.710+0000] {manager.py:878} INFO - 
================================================================================
DAG File Processing Stats

File Path                                  PID    Runtime      # DAGs    # Errors  Last Runtime    Last Run
-----------------------------------------  -----  ---------  --------  ----------  --------------  -------------------
/opt/airflow/dags/dag_dq_checkpoint.py                              1           0  0.63s           2026-05-30T20:19:21
/opt/airflow/dags/dag_bronze_ingestion.py                           1           0  0.54s           2026-05-30T20:19:21
/opt/airflow/dags/dag_retrain_pipeline.py                           1           0  0.14s           2026-05-30T20:19:18
/opt/airflow/dags/dag_drift_monitoring.py                           1           0  0.14s           2026-05-30T20:19:18
================================================================================
[2026-05-30T20:20:03.792+0000] {manager.py:878} INFO - 
================================================================================
DAG File Processing Stats

File Path                                  PID    Runtime      # DAGs    # Errors  Last Runtime    Last Run
-----------------------------------------  -----  ---------  --------  ----------  --------------  -------------------
/opt/airflow/dags/dag_bronze_ingestion.py                           1           0  0.28s           2026-05-30T20:19:51
/opt/airflow/dags/dag_dq_checkpoint.py                              1           0  0.20s           2026-05-30T20:19:51
/opt/airflow/dags/dag_drift_monitoring.py                           1           0  0.14s           2026-05-30T20:19:49
/opt/airflow/dags/dag_retrain_pipeline.py                           1           0  0.14s           2026-05-30T20:19:49
================================================================================
[2026-05-30T20:20:34.273+0000] {manager.py:878} INFO - 
================================================================================
DAG File Processing Stats

File Path                                  PID    Runtime      # DAGs    # Errors  Last Runtime    Last Run
-----------------------------------------  -----  ---------  --------  ----------  --------------  -------------------
/opt/airflow/dags/dag_retrain_pipeline.py                           1           0  0.34s           2026-05-30T20:20:19
/opt/airflow/dags/dag_drift_monitoring.py                           1           0  0.33s           2026-05-30T20:20:19
/opt/airflow/dags/dag_dq_checkpoint.py                              1           0  0.25s           2026-05-30T20:20:21
/opt/airflow/dags/dag_bronze_ingestion.py                           1           0  0.25s           2026-05-30T20:20:21
================================================================================
[2026-05-30T20:21:04.702+0000] {manager.py:878} INFO - 
================================================================================
DAG File Processing Stats

File Path                                  PID    Runtime      # DAGs    # Errors  Last Runtime    Last Run
-----------------------------------------  -----  ---------  --------  ----------  --------------  -------------------
/opt/airflow/dags/dag_dq_checkpoint.py                              1           0  0.18s           2026-05-30T20:20:52
/opt/airflow/dags/dag_bronze_ingestion.py                           1           0  0.15s           2026-05-30T20:20:52
/opt/airflow/dags/dag_retrain_pipeline.py                           1           0  0.15s           2026-05-30T20:20:50
/opt/airflow/dags/dag_drift_monitoring.py                           1           0  0.15s           2026-05-30T20:20:50
================================================================================
[2026-05-30T20:21:34.756+0000] {manager.py:878} INFO - 
================================================================================
DAG File Processing Stats

File Path                                  PID    Runtime      # DAGs    # Errors  Last Runtime    Last Run
-----------------------------------------  -----  ---------  --------  ----------  --------------  -------------------
/opt/airflow/dags/dag_dq_checkpoint.py                              1           0  0.26s           2026-05-30T20:21:22
/opt/airflow/dags/dag_retrain_pipeline.py                           1           0  0.25s           2026-05-30T20:21:21
/opt/airflow/dags/dag_drift_monitoring.py                           1           0  0.23s           2026-05-30T20:21:21
/opt/airflow/dags/dag_bronze_ingestion.py                           1           0  0.22s           2026-05-30T20:21:22
================================================================================
[2026-05-30T20:22:05.706+0000] {manager.py:878} INFO - 
================================================================================
DAG File Processing Stats

File Path                                  PID    Runtime      # DAGs    # Errors  Last Runtime    Last Run
-----------------------------------------  -----  ---------  --------  ----------  --------------  -------------------
/opt/airflow/dags/dag_retrain_pipeline.py                           1           0  0.34s           2026-05-30T20:21:52
/opt/airflow/dags/dag_drift_monitoring.py                           1           0  0.22s           2026-05-30T20:21:52
/opt/airflow/dags/dag_bronze_ingestion.py                           1           0  0.22s           2026-05-30T20:21:53
/opt/airflow/dags/dag_dq_checkpoint.py                              1           0  0.22s           2026-05-30T20:21:53
================================================================================
[2026-05-30T20:22:36.274+0000] {manager.py:878} INFO - 
================================================================================
DAG File Processing Stats

File Path                                  PID    Runtime      # DAGs    # Errors  Last Runtime    Last Run
-----------------------------------------  -----  ---------  --------  ----------  --------------  -------------------
/opt/airflow/dags/dag_dq_checkpoint.py                              1           0  0.33s           2026-05-30T20:22:23
/opt/airflow/dags/dag_retrain_pipeline.py                           1           0  0.31s           2026-05-30T20:22:23
/opt/airflow/dags/dag_drift_monitoring.py                           1           0  0.31s           2026-05-30T20:22:23
/opt/airflow/dags/dag_bronze_ingestion.py                           1           0  0.19s           2026-05-30T20:22:23
================================================================================
[2026-05-30T20:22:52.909+0000] {manager.py:737} INFO - Searching for files in /opt/airflow/dags
[2026-05-30T20:22:53.250+0000] {manager.py:740} INFO - There are 4 files in /opt/airflow/dags
[2026-05-30T20:23:07.147+0000] {manager.py:878} INFO - 
================================================================================
DAG File Processing Stats

File Path                                  PID    Runtime      # DAGs    # Errors  Last Runtime    Last Run
-----------------------------------------  -----  ---------  --------  ----------  --------------  -------------------
/opt/airflow/dags/dag_drift_monitoring.py                           1           0  0.28s           2026-05-30T20:22:54
/opt/airflow/dags/dag_retrain_pipeline.py                           1           0  0.27s           2026-05-30T20:22:54
/opt/airflow/dags/dag_dq_checkpoint.py                              1           0  0.17s           2026-05-30T20:22:54
/opt/airflow/dags/dag_bronze_ingestion.py                           1           0  0.16s           2026-05-30T20:22:54
================================================================================
[2026-05-30T20:23:37.576+0000] {manager.py:878} INFO - 
================================================================================
DAG File Processing Stats

File Path                                  PID    Runtime      # DAGs    # Errors  Last Runtime    Last Run
-----------------------------------------  -----  ---------  --------  ----------  --------------  -------------------
/opt/airflow/dags/dag_dq_checkpoint.py                              1           0  0.24s           2026-05-30T20:23:26
/opt/airflow/dags/dag_bronze_ingestion.py                           1           0  0.21s           2026-05-30T20:23:26
/opt/airflow/dags/dag_drift_monitoring.py                           1           0  0.18s           2026-05-30T20:23:25
/opt/airflow/dags/dag_retrain_pipeline.py                           1           0  0.17s           2026-05-30T20:23:25
================================================================================
[2026-05-30T20:24:07.784+0000] {manager.py:878} INFO - 
================================================================================
DAG File Processing Stats

File Path                                  PID    Runtime      # DAGs    # Errors  Last Runtime    Last Run
-----------------------------------------  -----  ---------  --------  ----------  --------------  -------------------
/opt/airflow/dags/dag_bronze_ingestion.py                           1           0  0.20s           2026-05-30T20:23:56
/opt/airflow/dags/dag_dq_checkpoint.py                              1           0  0.18s           2026-05-30T20:23:56
/opt/airflow/dags/dag_retrain_pipeline.py                           1           0  0.16s           2026-05-30T20:23:56
/opt/airflow/dags/dag_drift_monitoring.py                           1           0  0.15s           2026-05-30T20:23:56
================================================================================
[2026-05-30T20:24:38.037+0000] {manager.py:878} INFO - 
================================================================================
DAG File Processing Stats

File Path                                  PID    Runtime      # DAGs    # Errors  Last Runtime    Last Run
-----------------------------------------  -----  ---------  --------  ----------  --------------  -------------------
/opt/airflow/dags/dag_dq_checkpoint.py                              1           0  0.17s           2026-05-30T20:24:26
/opt/airflow/dags/dag_bronze_ingestion.py                           1           0  0.17s           2026-05-30T20:24:26
/opt/airflow/dags/dag_drift_monitoring.py                           1           0  0.10s           2026-05-30T20:24:26
/opt/airflow/dags/dag_retrain_pipeline.py                           1           0  0.09s           2026-05-30T20:24:26
================================================================================
[2026-05-30T20:25:08.330+0000] {manager.py:878} INFO - 
================================================================================
DAG File Processing Stats

File Path                                  PID    Runtime      # DAGs    # Errors  Last Runtime    Last Run
-----------------------------------------  -----  ---------  --------  ----------  --------------  -------------------
/opt/airflow/dags/dag_bronze_ingestion.py                           1           0  0.23s           2026-05-30T20:24:57
/opt/airflow/dags/dag_dq_checkpoint.py                              1           0  0.21s           2026-05-30T20:24:56
/opt/airflow/dags/dag_drift_monitoring.py                           1           0  0.18s           2026-05-30T20:24:56
/opt/airflow/dags/dag_retrain_pipeline.py                           1           0  0.17s           2026-05-30T20:24:56
================================================================================
[2026-05-30T20:25:38.527+0000] {manager.py:878} INFO - 
================================================================================
DAG File Processing Stats

File Path                                  PID    Runtime      # DAGs    # Errors  Last Runtime    Last Run
-----------------------------------------  -----  ---------  --------  ----------  --------------  -------------------
/opt/airflow/dags/dag_bronze_ingestion.py                           1           0  0.18s           2026-05-30T20:25:27
/opt/airflow/dags/dag_retrain_pipeline.py                           1           0  0.16s           2026-05-30T20:25:27
/opt/airflow/dags/dag_dq_checkpoint.py                              1           0  0.16s           2026-05-30T20:25:27
/opt/airflow/dags/dag_drift_monitoring.py                           1           0  0.15s           2026-05-30T20:25:27
================================================================================
[2026-05-30T20:26:08.638+0000] {manager.py:878} INFO - 
================================================================================
DAG File Processing Stats

File Path                                  PID    Runtime      # DAGs    # Errors  Last Runtime    Last Run
-----------------------------------------  -----  ---------  --------  ----------  --------------  -------------------
/opt/airflow/dags/dag_retrain_pipeline.py                           1           0  0.19s           2026-05-30T20:25:58
/opt/airflow/dags/dag_drift_monitoring.py                           1           0  0.18s           2026-05-30T20:25:58
/opt/airflow/dags/dag_dq_checkpoint.py                              1           0  0.15s           2026-05-30T20:25:58
/opt/airflow/dags/dag_bronze_ingestion.py                           1           0  0.14s           2026-05-30T20:25:58
================================================================================
[2026-05-30T20:26:38.805+0000] {manager.py:878} INFO - 
================================================================================
DAG File Processing Stats

File Path                                  PID    Runtime      # DAGs    # Errors  Last Runtime    Last Run
-----------------------------------------  -----  ---------  --------  ----------  --------------  -------------------
/opt/airflow/dags/dag_drift_monitoring.py                           1           0  0.24s           2026-05-30T20:26:29
/opt/airflow/dags/dag_retrain_pipeline.py                           1           0  0.21s           2026-05-30T20:26:29
/opt/airflow/dags/dag_dq_checkpoint.py                              1           0  0.19s           2026-05-30T20:26:29
/opt/airflow/dags/dag_bronze_ingestion.py                           1           0  0.18s           2026-05-30T20:26:29
================================================================================
[2026-05-30T20:27:09.449+0000] {manager.py:878} INFO - 
================================================================================
DAG File Processing Stats

File Path                                  PID    Runtime      # DAGs    # Errors  Last Runtime    Last Run
-----------------------------------------  -----  ---------  --------  ----------  --------------  -------------------
/opt/airflow/dags/dag_drift_monitoring.py                           1           0  0.34s           2026-05-30T20:27:00
/opt/airflow/dags/dag_bronze_ingestion.py                           1           0  0.34s           2026-05-30T20:27:01
/opt/airflow/dags/dag_retrain_pipeline.py                           1           0  0.34s           2026-05-30T20:27:00
/opt/airflow/dags/dag_dq_checkpoint.py                              1           0  0.30s           2026-05-30T20:27:01
================================================================================
[2026-05-30T20:27:39.797+0000] {manager.py:878} INFO - 
================================================================================
DAG File Processing Stats

File Path                                  PID    Runtime      # DAGs    # Errors  Last Runtime    Last Run
-----------------------------------------  -----  ---------  --------  ----------  --------------  -------------------
/opt/airflow/dags/dag_dq_checkpoint.py                              1           0  0.25s           2026-05-30T20:27:31
/opt/airflow/dags/dag_bronze_ingestion.py                           1           0  0.22s           2026-05-30T20:27:31
/opt/airflow/dags/dag_retrain_pipeline.py                           1           0  0.21s           2026-05-30T20:27:31
/opt/airflow/dags/dag_drift_monitoring.py                           1           0  0.16s           2026-05-30T20:27:31
================================================================================
[2026-05-30T20:27:53.078+0000] {manager.py:737} INFO - Searching for files in /opt/airflow/dags
[2026-05-30T20:27:53.222+0000] {manager.py:740} INFO - There are 4 files in /opt/airflow/dags
[2026-05-30T20:28:10.217+0000] {manager.py:878} INFO - 
================================================================================
DAG File Processing Stats

File Path                                  PID    Runtime      # DAGs    # Errors  Last Runtime    Last Run
-----------------------------------------  -----  ---------  --------  ----------  --------------  -------------------
/opt/airflow/dags/dag_dq_checkpoint.py                              1           0  0.63s           2026-05-30T20:28:02
/opt/airflow/dags/dag_bronze_ingestion.py                           1           0  0.28s           2026-05-30T20:28:02
/opt/airflow/dags/dag_drift_monitoring.py                           1           0  0.26s           2026-05-30T20:28:01
/opt/airflow/dags/dag_retrain_pipeline.py                           1           0  0.17s           2026-05-30T20:28:01
================================================================================
[2026-05-30T20:28:40.970+0000] {manager.py:878} INFO - 
================================================================================
DAG File Processing Stats

File Path                                  PID    Runtime      # DAGs    # Errors  Last Runtime    Last Run
-----------------------------------------  -----  ---------  --------  ----------  --------------  -------------------
/opt/airflow/dags/dag_bronze_ingestion.py                           1           0  0.49s           2026-05-30T20:28:33
/opt/airflow/dags/dag_drift_monitoring.py                           1           0  0.36s           2026-05-30T20:28:32
/opt/airflow/dags/dag_dq_checkpoint.py                              1           0  0.33s           2026-05-30T20:28:33
/opt/airflow/dags/dag_retrain_pipeline.py                           1           0  0.27s           2026-05-30T20:28:32
================================================================================
[2026-05-30T20:29:11.123+0000] {manager.py:878} INFO - 
================================================================================
DAG File Processing Stats

File Path                                  PID    Runtime      # DAGs    # Errors  Last Runtime    Last Run
-----------------------------------------  -----  ---------  --------  ----------  --------------  -------------------
/opt/airflow/dags/dag_bronze_ingestion.py                           1           0  0.26s           2026-05-30T20:29:04
/opt/airflow/dags/dag_drift_monitoring.py                           1           0  0.21s           2026-05-30T20:29:03
/opt/airflow/dags/dag_retrain_pipeline.py                           1           0  0.20s           2026-05-30T20:29:03
/opt/airflow/dags/dag_dq_checkpoint.py                              1           0  0.11s           2026-05-30T20:29:03
================================================================================
[2026-05-30T20:29:41.947+0000] {manager.py:878} INFO - 
================================================================================
DAG File Processing Stats

File Path                                  PID    Runtime      # DAGs    # Errors  Last Runtime    Last Run
-----------------------------------------  -----  ---------  --------  ----------  --------------  -------------------
/opt/airflow/dags/dag_drift_monitoring.py                           1           0  0.36s           2026-05-30T20:29:34
/opt/airflow/dags/dag_retrain_pipeline.py                           1           0  0.35s           2026-05-30T20:29:34
/opt/airflow/dags/dag_dq_checkpoint.py                              1           0  0.27s           2026-05-30T20:29:34
/opt/airflow/dags/dag_bronze_ingestion.py                           1           0  0.23s           2026-05-30T20:29:34
================================================================================
[2026-05-30T20:30:12.256+0000] {manager.py:878} INFO - 
================================================================================
DAG File Processing Stats

File Path                                  PID    Runtime      # DAGs    # Errors  Last Runtime    Last Run
-----------------------------------------  -----  ---------  --------  ----------  --------------  -------------------
/opt/airflow/dags/dag_drift_monitoring.py                           1           0  0.21s           2026-05-30T20:30:05
/opt/airflow/dags/dag_retrain_pipeline.py                           1           0  0.19s           2026-05-30T20:30:04
/opt/airflow/dags/dag_dq_checkpoint.py                              1           0  0.15s           2026-05-30T20:30:05
/opt/airflow/dags/dag_bronze_ingestion.py                           1           0  0.14s           2026-05-30T20:30:05
================================================================================
[2026-05-30T20:30:43.439+0000] {manager.py:878} INFO - 
================================================================================
DAG File Processing Stats

File Path                                  PID    Runtime      # DAGs    # Errors  Last Runtime    Last Run
-----------------------------------------  -----  ---------  --------  ----------  --------------  -------------------
/opt/airflow/dags/dag_dq_checkpoint.py                              1           0  0.36s           2026-05-30T20:30:35
/opt/airflow/dags/dag_bronze_ingestion.py                           1           0  0.27s           2026-05-30T20:30:35
/opt/airflow/dags/dag_drift_monitoring.py                           1           0  0.21s           2026-05-30T20:30:35
/opt/airflow/dags/dag_retrain_pipeline.py                           1           0  0.17s           2026-05-30T20:30:35
================================================================================
[2026-05-30T20:31:14.246+0000] {manager.py:878} INFO - 
================================================================================
DAG File Processing Stats

File Path                                  PID    Runtime      # DAGs    # Errors  Last Runtime    Last Run
-----------------------------------------  -----  ---------  --------  ----------  --------------  -------------------
/opt/airflow/dags/dag_bronze_ingestion.py                           1           0  0.22s           2026-05-30T20:31:07
/opt/airflow/dags/dag_dq_checkpoint.py                              1           0  0.22s           2026-05-30T20:31:07
/opt/airflow/dags/dag_drift_monitoring.py                           1           0  0.14s           2026-05-30T20:31:05
/opt/airflow/dags/dag_retrain_pipeline.py                           1           0  0.13s           2026-05-30T20:31:05
================================================================================
[2026-05-30T20:31:44.527+0000] {manager.py:878} INFO - 
================================================================================
DAG File Processing Stats

File Path                                  PID    Runtime      # DAGs    # Errors  Last Runtime    Last Run
-----------------------------------------  -----  ---------  --------  ----------  --------------  -------------------
/opt/airflow/dags/dag_dq_checkpoint.py                              1           0  0.22s           2026-05-30T20:31:38
/opt/airflow/dags/dag_retrain_pipeline.py                           1           0  0.20s           2026-05-30T20:31:37
/opt/airflow/dags/dag_bronze_ingestion.py                           1           0  0.19s           2026-05-30T20:31:38
/opt/airflow/dags/dag_drift_monitoring.py                           1           0  0.19s           2026-05-30T20:31:37
================================================================================
[2026-05-30T20:32:14.685+0000] {manager.py:878} INFO - 
================================================================================
DAG File Processing Stats

File Path                                  PID    Runtime      # DAGs    # Errors  Last Runtime    Last Run
-----------------------------------------  -----  ---------  --------  ----------  --------------  -------------------
/opt/airflow/dags/dag_retrain_pipeline.py                           1           0  0.28s           2026-05-30T20:32:08
/opt/airflow/dags/dag_dq_checkpoint.py                              1           0  0.25s           2026-05-30T20:32:09
/opt/airflow/dags/dag_drift_monitoring.py                           1           0  0.25s           2026-05-30T20:32:08
/opt/airflow/dags/dag_bronze_ingestion.py                           1           0  0.20s           2026-05-30T20:32:09
================================================================================
[2026-05-30T20:32:44.893+0000] {manager.py:878} INFO - 
================================================================================
DAG File Processing Stats

File Path                                  PID    Runtime      # DAGs    # Errors  Last Runtime    Last Run
-----------------------------------------  -----  ---------  --------  ----------  --------------  -------------------
/opt/airflow/dags/dag_bronze_ingestion.py                           1           0  0.17s           2026-05-30T20:32:39
/opt/airflow/dags/dag_dq_checkpoint.py                              1           0  0.16s           2026-05-30T20:32:39
/opt/airflow/dags/dag_drift_monitoring.py                           1           0  0.11s           2026-05-30T20:32:38
/opt/airflow/dags/dag_retrain_pipeline.py                           1           0  0.10s           2026-05-30T20:32:38
================================================================================
[2026-05-30T20:32:53.129+0000] {manager.py:737} INFO - Searching for files in /opt/airflow/dags
[2026-05-30T20:32:53.676+0000] {manager.py:740} INFO - There are 4 files in /opt/airflow/dags
[2026-05-30T20:33:15.415+0000] {manager.py:878} INFO - 
================================================================================
DAG File Processing Stats

File Path                                  PID    Runtime      # DAGs    # Errors  Last Runtime    Last Run
-----------------------------------------  -----  ---------  --------  ----------  --------------  -------------------
/opt/airflow/dags/dag_dq_checkpoint.py                              1           0  0.52s           2026-05-30T20:33:11
/opt/airflow/dags/dag_bronze_ingestion.py                           1           0  0.37s           2026-05-30T20:33:11
/opt/airflow/dags/dag_drift_monitoring.py                           1           0  0.13s           2026-05-30T20:33:09
/opt/airflow/dags/dag_retrain_pipeline.py                           1           0  0.10s           2026-05-30T20:33:09
================================================================================
[2026-05-30T20:33:46.045+0000] {manager.py:878} INFO - 
================================================================================
DAG File Processing Stats

File Path                                  PID    Runtime      # DAGs    # Errors  Last Runtime    Last Run
-----------------------------------------  -----  ---------  --------  ----------  --------------  -------------------
/opt/airflow/dags/dag_dq_checkpoint.py                              1           0  0.31s           2026-05-30T20:33:41
/opt/airflow/dags/dag_drift_monitoring.py                           1           0  0.30s           2026-05-30T20:33:40
/opt/airflow/dags/dag_bronze_ingestion.py                           1           0  0.29s           2026-05-30T20:33:42
/opt/airflow/dags/dag_retrain_pipeline.py                           1           0  0.20s           2026-05-30T20:33:40
================================================================================
[2026-05-30T20:34:16.271+0000] {manager.py:878} INFO - 
================================================================================
DAG File Processing Stats

File Path                                  PID    Runtime      # DAGs    # Errors  Last Runtime    Last Run
-----------------------------------------  -----  ---------  --------  ----------  --------------  -------------------
/opt/airflow/dags/dag_bronze_ingestion.py                           1           0  0.24s           2026-05-30T20:34:13
/opt/airflow/dags/dag_dq_checkpoint.py                              1           0  0.22s           2026-05-30T20:34:13
/opt/airflow/dags/dag_drift_monitoring.py                           1           0  0.21s           2026-05-30T20:34:10
/opt/airflow/dags/dag_retrain_pipeline.py                           1           0  0.21s           2026-05-30T20:34:10
================================================================================
[2026-05-30T20:34:47.003+0000] {manager.py:878} INFO - 
================================================================================
DAG File Processing Stats

File Path                                  PID    Runtime      # DAGs    # Errors  Last Runtime    Last Run
-----------------------------------------  -----  ---------  --------  ----------  --------------  -------------------
/opt/airflow/dags/dag_dq_checkpoint.py                              1           0  0.25s           2026-05-30T20:34:44
/opt/airflow/dags/dag_bronze_ingestion.py                           1           0  0.24s           2026-05-30T20:34:44
/opt/airflow/dags/dag_retrain_pipeline.py                           1           0  0.16s           2026-05-30T20:34:41
/opt/airflow/dags/dag_drift_monitoring.py                           1           0  0.14s           2026-05-30T20:34:41
================================================================================
[2026-05-30T20:35:17.412+0000] {manager.py:878} INFO - 
================================================================================
DAG File Processing Stats

File Path                                  PID    Runtime      # DAGs    # Errors  Last Runtime    Last Run
-----------------------------------------  -----  ---------  --------  ----------  --------------  -------------------
/opt/airflow/dags/dag_drift_monitoring.py                           1           0  0.22s           2026-05-30T20:35:12
/opt/airflow/dags/dag_retrain_pipeline.py                           1           0  0.22s           2026-05-30T20:35:12
/opt/airflow/dags/dag_dq_checkpoint.py                              1           0  0.17s           2026-05-30T20:35:14
/opt/airflow/dags/dag_bronze_ingestion.py                           1           0  0.15s           2026-05-30T20:35:14
================================================================================
[2026-05-30T20:35:47.911+0000] {manager.py:878} INFO - 
================================================================================
DAG File Processing Stats

File Path                                  PID    Runtime      # DAGs    # Errors  Last Runtime    Last Run
-----------------------------------------  -----  ---------  --------  ----------  --------------  -------------------
/opt/airflow/dags/dag_retrain_pipeline.py                           1           0  0.39s           2026-05-30T20:35:42
/opt/airflow/dags/dag_drift_monitoring.py                           1           0  0.37s           2026-05-30T20:35:42
/opt/airflow/dags/dag_dq_checkpoint.py                              1           0  0.24s           2026-05-30T20:35:45
/opt/airflow/dags/dag_bronze_ingestion.py                           1           0  0.20s           2026-05-30T20:35:45
================================================================================
[2026-05-30T20:36:18.754+0000] {manager.py:878} INFO - 
================================================================================
DAG File Processing Stats

File Path                                  PID    Runtime      # DAGs    # Errors  Last Runtime    Last Run
-----------------------------------------  -----  ---------  --------  ----------  --------------  -------------------
/opt/airflow/dags/dag_retrain_pipeline.py                           1           0  0.33s           2026-05-30T20:36:13
/opt/airflow/dags/dag_drift_monitoring.py                           1           0  0.32s           2026-05-30T20:36:13
/opt/airflow/dags/dag_dq_checkpoint.py                              1           0  0.26s           2026-05-30T20:36:15
/opt/airflow/dags/dag_bronze_ingestion.py                           1           0  0.25s           2026-05-30T20:36:15
================================================================================
[2026-05-30T20:36:49.121+0000] {manager.py:878} INFO - 
================================================================================
DAG File Processing Stats

File Path                                  PID    Runtime      # DAGs    # Errors  Last Runtime    Last Run
-----------------------------------------  -----  ---------  --------  ----------  --------------  -------------------
/opt/airflow/dags/dag_retrain_pipeline.py                           1           0  0.29s           2026-05-30T20:36:43
/opt/airflow/dags/dag_drift_monitoring.py                           1           0  0.27s           2026-05-30T20:36:43
/opt/airflow/dags/dag_dq_checkpoint.py                              1           0  0.24s           2026-05-30T20:36:46
/opt/airflow/dags/dag_bronze_ingestion.py                           1           0  0.19s           2026-05-30T20:36:46
================================================================================
[2026-05-30T20:37:19.388+0000] {manager.py:878} INFO - 
================================================================================
DAG File Processing Stats

File Path                                  PID    Runtime      # DAGs    # Errors  Last Runtime    Last Run
-----------------------------------------  -----  ---------  --------  ----------  --------------  -------------------
/opt/airflow/dags/dag_bronze_ingestion.py                           1           0  0.19s           2026-05-30T20:37:16
/opt/airflow/dags/dag_retrain_pipeline.py                           1           0  0.19s           2026-05-30T20:37:14
/opt/airflow/dags/dag_drift_monitoring.py                           1           0  0.19s           2026-05-30T20:37:15
/opt/airflow/dags/dag_dq_checkpoint.py                              1           0  0.16s           2026-05-30T20:37:16
================================================================================
[2026-05-30T20:37:49.742+0000] {manager.py:878} INFO - 
================================================================================
DAG File Processing Stats

File Path                                  PID    Runtime      # DAGs    # Errors  Last Runtime    Last Run
-----------------------------------------  -----  ---------  --------  ----------  --------------  -------------------
/opt/airflow/dags/dag_dq_checkpoint.py                              1           0  0.30s           2026-05-30T20:37:46
/opt/airflow/dags/dag_drift_monitoring.py                           1           0  0.27s           2026-05-30T20:37:45
/opt/airflow/dags/dag_retrain_pipeline.py                           1           0  0.27s           2026-05-30T20:37:45
/opt/airflow/dags/dag_bronze_ingestion.py                           1           0  0.19s           2026-05-30T20:37:46
================================================================================
[2026-05-30T20:37:53.256+0000] {manager.py:737} INFO - Searching for files in /opt/airflow/dags
[2026-05-30T20:37:53.673+0000] {manager.py:740} INFO - There are 4 files in /opt/airflow/dags
[2026-06-03T05:57:56.598+0000] {manager.py:470} INFO - Processing files using up to 2 processes at a time 
[2026-06-03T05:57:56.607+0000] {manager.py:471} INFO - Process each file at most once every 30 seconds
[2026-06-03T05:57:56.643+0000] {manager.py:472} INFO - Checking for new files in /opt/airflow/dags every 300 seconds
[2026-06-03T05:57:56.651+0000] {manager.py:737} INFO - Searching for files in /opt/airflow/dags
[2026-06-03T05:57:58.246+0000] {manager.py:740} INFO - There are 4 files in /opt/airflow/dags
[2026-06-03T05:57:59.062+0000] {manager.py:878} INFO - 
================================================================================
DAG File Processing Stats

File Path                                    PID  Runtime      # DAGs    # Errors  Last Runtime    Last Run
-----------------------------------------  -----  ---------  --------  ----------  --------------  ----------
/opt/airflow/dags/dag_bronze_ingestion.py                           0           0
/opt/airflow/dags/dag_dq_checkpoint.py                              0           0
/opt/airflow/dags/dag_drift_monitoring.py    175  0.07s             0           0
/opt/airflow/dags/dag_retrain_pipeline.py    172  0.28s             0           0
================================================================================
[2026-06-03T05:58:29.093+0000] {manager.py:878} INFO - 
================================================================================
DAG File Processing Stats

File Path                                  PID    Runtime      # DAGs    # Errors  Last Runtime    Last Run
-----------------------------------------  -----  ---------  --------  ----------  --------------  -------------------
/opt/airflow/dags/dag_retrain_pipeline.py                           1           0  1.68s           2026-06-03T05:58:00
/opt/airflow/dags/dag_drift_monitoring.py                           1           0  1.62s           2026-06-03T05:58:00
/opt/airflow/dags/dag_dq_checkpoint.py                              1           0  0.95s           2026-06-03T05:58:01
/opt/airflow/dags/dag_bronze_ingestion.py                           1           0  0.49s           2026-06-03T05:58:01
================================================================================
[2026-06-03T05:58:59.508+0000] {manager.py:878} INFO - 
================================================================================
DAG File Processing Stats

File Path                                  PID    Runtime      # DAGs    # Errors  Last Runtime    Last Run
-----------------------------------------  -----  ---------  --------  ----------  --------------  -------------------
/opt/airflow/dags/dag_drift_monitoring.py                           1           0  0.35s           2026-06-03T05:58:31
/opt/airflow/dags/dag_dq_checkpoint.py                              1           0  0.34s           2026-06-03T05:58:31
/opt/airflow/dags/dag_bronze_ingestion.py                           1           0  0.33s           2026-06-03T05:58:32
/opt/airflow/dags/dag_retrain_pipeline.py                           1           0  0.28s           2026-06-03T05:58:31
================================================================================
[2026-06-03T05:59:30.243+0000] {manager.py:878} INFO - 
================================================================================
DAG File Processing Stats

File Path                                  PID    Runtime      # DAGs    # Errors  Last Runtime    Last Run
-----------------------------------------  -----  ---------  --------  ----------  --------------  -------------------
/opt/airflow/dags/dag_dq_checkpoint.py                              1           0  0.69s           2026-06-03T05:59:03
/opt/airflow/dags/dag_retrain_pipeline.py                           1           0  0.57s           2026-06-03T05:59:02
/opt/airflow/dags/dag_bronze_ingestion.py                           1           0  0.56s           2026-06-03T05:59:03
/opt/airflow/dags/dag_drift_monitoring.py                           1           0  0.49s           2026-06-03T05:59:02
================================================================================
[2026-06-03T06:00:00.325+0000] {manager.py:878} INFO - 
================================================================================
DAG File Processing Stats

File Path                                  PID    Runtime      # DAGs    # Errors  Last Runtime    Last Run
-----------------------------------------  -----  ---------  --------  ----------  --------------  -------------------
/opt/airflow/dags/dag_dq_checkpoint.py                              1           0  0.31s           2026-06-03T05:59:34
/opt/airflow/dags/dag_bronze_ingestion.py                           1           0  0.31s           2026-06-03T05:59:34
/opt/airflow/dags/dag_drift_monitoring.py                           1           0  0.29s           2026-06-03T05:59:33
/opt/airflow/dags/dag_retrain_pipeline.py                           1           0  0.28s           2026-06-03T05:59:33
================================================================================
[2026-06-03T06:00:30.864+0000] {manager.py:878} INFO - 
================================================================================
DAG File Processing Stats

File Path                                  PID    Runtime      # DAGs    # Errors  Last Runtime    Last Run
-----------------------------------------  -----  ---------  --------  ----------  --------------  -------------------
/opt/airflow/dags/dag_retrain_pipeline.py                           1           0  0.84s           2026-06-03T06:00:06
/opt/airflow/dags/dag_drift_monitoring.py                           1           0  0.65s           2026-06-03T06:00:06
/opt/airflow/dags/dag_dq_checkpoint.py                              1           0  0.53s           2026-06-03T06:00:07
/opt/airflow/dags/dag_bronze_ingestion.py                           1           0  0.44s           2026-06-03T06:00:07
================================================================================
[2026-06-03T06:01:01.646+0000] {manager.py:878} INFO - 
================================================================================
DAG File Processing Stats

File Path                                  PID    Runtime      # DAGs    # Errors  Last Runtime    Last Run
-----------------------------------------  -----  ---------  --------  ----------  --------------  -------------------
/opt/airflow/dags/dag_drift_monitoring.py                           1           0  0.73s           2026-06-03T06:00:38
/opt/airflow/dags/dag_retrain_pipeline.py                           1           0  0.71s           2026-06-03T06:00:38
/opt/airflow/dags/dag_dq_checkpoint.py                              1           0  0.43s           2026-06-03T06:00:38
/opt/airflow/dags/dag_bronze_ingestion.py                           1           0  0.39s           2026-06-03T06:00:38
================================================================================
[2026-06-03T06:01:31.943+0000] {manager.py:878} INFO - 
================================================================================
DAG File Processing Stats

File Path                                  PID    Runtime      # DAGs    # Errors  Last Runtime    Last Run
-----------------------------------------  -----  ---------  --------  ----------  --------------  -------------------
/opt/airflow/dags/dag_dq_checkpoint.py                              1           0  0.36s           2026-06-03T06:01:09
/opt/airflow/dags/dag_bronze_ingestion.py                           1           0  0.35s           2026-06-03T06:01:09
/opt/airflow/dags/dag_drift_monitoring.py                           1           0  0.25s           2026-06-03T06:01:08
/opt/airflow/dags/dag_retrain_pipeline.py                           1           0  0.21s           2026-06-03T06:01:08
================================================================================
[2026-06-03T06:02:02.681+0000] {manager.py:878} INFO - 
================================================================================
DAG File Processing Stats

File Path                                  PID    Runtime      # DAGs    # Errors  Last Runtime    Last Run
-----------------------------------------  -----  ---------  --------  ----------  --------------  -------------------
/opt/airflow/dags/dag_dq_checkpoint.py                              1           0  0.62s           2026-06-03T06:01:40
/opt/airflow/dags/dag_bronze_ingestion.py                           1           0  0.49s           2026-06-03T06:01:40
/opt/airflow/dags/dag_drift_monitoring.py                           1           0  0.25s           2026-06-03T06:01:38
/opt/airflow/dags/dag_retrain_pipeline.py                           1           0  0.22s           2026-06-03T06:01:38
================================================================================
[2026-06-03T06:02:33.211+0000] {manager.py:878} INFO - 
================================================================================
DAG File Processing Stats

File Path                                  PID    Runtime      # DAGs    # Errors  Last Runtime    Last Run
-----------------------------------------  -----  ---------  --------  ----------  --------------  -------------------
/opt/airflow/dags/dag_bronze_ingestion.py                           1           0  0.25s           2026-06-03T06:02:11
/opt/airflow/dags/dag_dq_checkpoint.py                              1           0  0.25s           2026-06-03T06:02:11
/opt/airflow/dags/dag_drift_monitoring.py                           1           0  0.21s           2026-06-03T06:02:09
/opt/airflow/dags/dag_retrain_pipeline.py                           1           0  0.19s           2026-06-03T06:02:09
================================================================================
[2026-06-03T06:02:57.162+0000] {manager.py:737} INFO - Searching for files in /opt/airflow/dags
[2026-06-03T06:02:58.286+0000] {manager.py:740} INFO - There are 4 files in /opt/airflow/dags
[2026-06-03T06:03:03.619+0000] {manager.py:878} INFO - 
================================================================================
DAG File Processing Stats

File Path                                  PID    Runtime      # DAGs    # Errors  Last Runtime    Last Run
-----------------------------------------  -----  ---------  --------  ----------  --------------  -------------------
/opt/airflow/dags/dag_dq_checkpoint.py                              1           0  0.36s           2026-06-03T06:02:42
/opt/airflow/dags/dag_bronze_ingestion.py                           1           0  0.33s           2026-06-03T06:02:42
/opt/airflow/dags/dag_drift_monitoring.py                           1           0  0.29s           2026-06-03T06:02:39
/opt/airflow/dags/dag_retrain_pipeline.py                           1           0  0.28s           2026-06-03T06:02:39
================================================================================
[2026-06-03T06:03:33.799+0000] {manager.py:878} INFO - 
================================================================================
DAG File Processing Stats

File Path                                  PID    Runtime      # DAGs    # Errors  Last Runtime    Last Run
-----------------------------------------  -----  ---------  --------  ----------  --------------  -------------------
/opt/airflow/dags/dag_retrain_pipeline.py                           1           0  0.60s           2026-06-03T06:03:10
/opt/airflow/dags/dag_drift_monitoring.py                           1           0  0.54s           2026-06-03T06:03:10
/opt/airflow/dags/dag_bronze_ingestion.py                           1           0  0.24s           2026-06-03T06:03:13
/opt/airflow/dags/dag_dq_checkpoint.py                              1           0  0.22s           2026-06-03T06:03:13
================================================================================
[2026-06-03T06:04:04.094+0000] {manager.py:878} INFO - 
================================================================================
DAG File Processing Stats

File Path                                  PID    Runtime      # DAGs    # Errors  Last Runtime    Last Run
-----------------------------------------  -----  ---------  --------  ----------  --------------  -------------------
/opt/airflow/dags/dag_dq_checkpoint.py                              1           0  0.32s           2026-06-03T06:03:43
/opt/airflow/dags/dag_bronze_ingestion.py                           1           0  0.30s           2026-06-03T06:03:43
/opt/airflow/dags/dag_drift_monitoring.py                           1           0  0.23s           2026-06-03T06:03:41
/opt/airflow/dags/dag_retrain_pipeline.py                           1           0  0.22s           2026-06-03T06:03:41
================================================================================
[2026-06-03T06:04:34.274+0000] {manager.py:878} INFO - 
================================================================================
DAG File Processing Stats

File Path                                  PID    Runtime      # DAGs    # Errors  Last Runtime    Last Run
-----------------------------------------  -----  ---------  --------  ----------  --------------  -------------------
/opt/airflow/dags/dag_dq_checkpoint.py                              1           0  0.40s           2026-06-03T06:04:14
/opt/airflow/dags/dag_bronze_ingestion.py                           1           0  0.36s           2026-06-03T06:04:14
/opt/airflow/dags/dag_retrain_pipeline.py                           1           0  0.36s           2026-06-03T06:04:12
/opt/airflow/dags/dag_drift_monitoring.py                           1           0  0.34s           2026-06-03T06:04:12
================================================================================
[2026-06-03T06:05:04.281+0000] {manager.py:878} INFO - 
================================================================================
DAG File Processing Stats

File Path                                  PID    Runtime      # DAGs    # Errors  Last Runtime    Last Run
-----------------------------------------  -----  ---------  --------  ----------  --------------  -------------------
/opt/airflow/dags/dag_dq_checkpoint.py                              1           0  0.45s           2026-06-03T06:04:45
/opt/airflow/dags/dag_bronze_ingestion.py                           1           0  0.40s           2026-06-03T06:04:45
/opt/airflow/dags/dag_drift_monitoring.py                           1           0  0.34s           2026-06-03T06:04:43
/opt/airflow/dags/dag_retrain_pipeline.py                           1           0  0.34s           2026-06-03T06:04:43
================================================================================
[2026-06-03T06:05:34.343+0000] {manager.py:878} INFO - 
================================================================================
DAG File Processing Stats

File Path                                  PID    Runtime      # DAGs    # Errors  Last Runtime    Last Run
-----------------------------------------  -----  ---------  --------  ----------  --------------  -------------------
/opt/airflow/dags/dag_drift_monitoring.py                           1           0  0.45s           2026-06-03T06:05:14
/opt/airflow/dags/dag_dq_checkpoint.py                              1           0  0.42s           2026-06-03T06:05:16
/opt/airflow/dags/dag_retrain_pipeline.py                           1           0  0.41s           2026-06-03T06:05:14
/opt/airflow/dags/dag_bronze_ingestion.py                           1           0  0.32s           2026-06-03T06:05:16
================================================================================
[2026-06-03T06:06:05.388+0000] {manager.py:878} INFO - 
================================================================================
DAG File Processing Stats

File Path                                  PID    Runtime      # DAGs    # Errors  Last Runtime    Last Run
-----------------------------------------  -----  ---------  --------  ----------  --------------  -------------------
/opt/airflow/dags/dag_bronze_ingestion.py                           1           0  0.74s           2026-06-03T06:05:47
/opt/airflow/dags/dag_drift_monitoring.py                           1           0  0.56s           2026-06-03T06:05:46
/opt/airflow/dags/dag_dq_checkpoint.py                              1           0  0.41s           2026-06-03T06:05:47
/opt/airflow/dags/dag_retrain_pipeline.py                           1           0  0.41s           2026-06-03T06:05:45
================================================================================
[2026-06-03T06:06:35.838+0000] {manager.py:878} INFO - 
================================================================================
DAG File Processing Stats

File Path                                  PID    Runtime      # DAGs    # Errors  Last Runtime    Last Run
-----------------------------------------  -----  ---------  --------  ----------  --------------  -------------------
/opt/airflow/dags/dag_bronze_ingestion.py                           1           0  0.66s           2026-06-03T06:06:18
/opt/airflow/dags/dag_retrain_pipeline.py                           1           0  0.44s           2026-06-03T06:06:15
/opt/airflow/dags/dag_drift_monitoring.py                           1           0  0.36s           2026-06-03T06:06:16
/opt/airflow/dags/dag_dq_checkpoint.py                              1           0  0.31s           2026-06-03T06:06:19
================================================================================
[2026-06-03T06:07:06.006+0000] {manager.py:878} INFO - 
================================================================================
DAG File Processing Stats

File Path                                  PID    Runtime      # DAGs    # Errors  Last Runtime    Last Run
-----------------------------------------  -----  ---------  --------  ----------  --------------  -------------------
/opt/airflow/dags/dag_retrain_pipeline.py                           1           0  0.64s           2026-06-03T06:06:46
/opt/airflow/dags/dag_dq_checkpoint.py                              1           0  0.59s           2026-06-03T06:06:50
/opt/airflow/dags/dag_drift_monitoring.py                           1           0  0.45s           2026-06-03T06:06:47
/opt/airflow/dags/dag_bronze_ingestion.py                           1           0  0.42s           2026-06-03T06:06:49
================================================================================
[2026-06-03T06:07:36.136+0000] {manager.py:878} INFO - 
================================================================================
DAG File Processing Stats

File Path                                  PID    Runtime      # DAGs    # Errors  Last Runtime    Last Run
-----------------------------------------  -----  ---------  --------  ----------  --------------  -------------------
/opt/airflow/dags/dag_retrain_pipeline.py                           1           0  0.69s           2026-06-03T06:07:17
/opt/airflow/dags/dag_dq_checkpoint.py                              1           0  0.47s           2026-06-03T06:07:20
/opt/airflow/dags/dag_drift_monitoring.py                           1           0  0.41s           2026-06-03T06:07:18
/opt/airflow/dags/dag_bronze_ingestion.py                           1           0  0.35s           2026-06-03T06:07:20
================================================================================
[2026-06-03T06:07:57.237+0000] {manager.py:737} INFO - Searching for files in /opt/airflow/dags
[2026-06-03T06:07:57.815+0000] {manager.py:740} INFO - There are 4 files in /opt/airflow/dags
[2026-06-03T06:08:06.571+0000] {manager.py:878} INFO - 
================================================================================
DAG File Processing Stats

File Path                                  PID    Runtime      # DAGs    # Errors  Last Runtime    Last Run
-----------------------------------------  -----  ---------  --------  ----------  --------------  -------------------
/opt/airflow/dags/dag_retrain_pipeline.py                           1           0  0.66s           2026-06-03T06:07:48
/opt/airflow/dags/dag_dq_checkpoint.py                              1           0  0.59s           2026-06-03T06:07:51
/opt/airflow/dags/dag_bronze_ingestion.py                           1           0  0.56s           2026-06-03T06:07:51
/opt/airflow/dags/dag_drift_monitoring.py                           1           0  0.31s           2026-06-03T06:07:48
================================================================================
[2026-06-03T06:08:37.043+0000] {manager.py:878} INFO - 
================================================================================
DAG File Processing Stats

File Path                                  PID    Runtime      # DAGs    # Errors  Last Runtime    Last Run
-----------------------------------------  -----  ---------  --------  ----------  --------------  -------------------
/opt/airflow/dags/dag_dq_checkpoint.py                              1           0  0.56s           2026-06-03T06:08:22
/opt/airflow/dags/dag_bronze_ingestion.py                           1           0  0.38s           2026-06-03T06:08:22
/opt/airflow/dags/dag_drift_monitoring.py                           1           0  0.35s           2026-06-03T06:08:19
/opt/airflow/dags/dag_retrain_pipeline.py                           1           0  0.33s           2026-06-03T06:08:19
================================================================================
[2026-06-03T06:09:07.288+0000] {manager.py:878} INFO - 
================================================================================
DAG File Processing Stats

File Path                                  PID    Runtime      # DAGs    # Errors  Last Runtime    Last Run
-----------------------------------------  -----  ---------  --------  ----------  --------------  -------------------
/opt/airflow/dags/dag_dq_checkpoint.py                              1           0  0.38s           2026-06-03T06:08:53
/opt/airflow/dags/dag_drift_monitoring.py                           1           0  0.35s           2026-06-03T06:08:50
/opt/airflow/dags/dag_retrain_pipeline.py                           1           0  0.31s           2026-06-03T06:08:49
/opt/airflow/dags/dag_bronze_ingestion.py                           1           0  0.27s           2026-06-03T06:08:53
================================================================================
[2026-06-03T06:09:37.557+0000] {manager.py:878} INFO - 
================================================================================
DAG File Processing Stats

File Path                                  PID    Runtime      # DAGs    # Errors  Last Runtime    Last Run
-----------------------------------------  -----  ---------  --------  ----------  --------------  -------------------
/opt/airflow/dags/dag_retrain_pipeline.py                           1           0  0.59s           2026-06-03T06:09:20
/opt/airflow/dags/dag_drift_monitoring.py                           1           0  0.56s           2026-06-03T06:09:21
/opt/airflow/dags/dag_dq_checkpoint.py                              1           0  0.46s           2026-06-03T06:09:24
/opt/airflow/dags/dag_bronze_ingestion.py                           1           0  0.39s           2026-06-03T06:09:24
================================================================================
[2026-06-03T06:10:07.881+0000] {manager.py:878} INFO - 
================================================================================
DAG File Processing Stats

File Path                                  PID    Runtime      # DAGs    # Errors  Last Runtime    Last Run
-----------------------------------------  -----  ---------  --------  ----------  --------------  -------------------
/opt/airflow/dags/dag_drift_monitoring.py                           1           0  0.40s           2026-06-03T06:09:51
/opt/airflow/dags/dag_dq_checkpoint.py                              1           0  0.37s           2026-06-03T06:09:55
/opt/airflow/dags/dag_retrain_pipeline.py                           1           0  0.35s           2026-06-03T06:09:51
/opt/airflow/dags/dag_bronze_ingestion.py                           1           0  0.19s           2026-06-03T06:09:55
================================================================================
[2026-06-03T06:10:38.478+0000] {manager.py:878} INFO - 
================================================================================
DAG File Processing Stats

File Path                                  PID    Runtime      # DAGs    # Errors  Last Runtime    Last Run
-----------------------------------------  -----  ---------  --------  ----------  --------------  -------------------
/opt/airflow/dags/dag_dq_checkpoint.py                              1           0  0.57s           2026-06-03T06:10:25
/opt/airflow/dags/dag_bronze_ingestion.py                           1           0  0.47s           2026-06-03T06:10:25
/opt/airflow/dags/dag_drift_monitoring.py                           1           0  0.37s           2026-06-03T06:10:22
/opt/airflow/dags/dag_retrain_pipeline.py                           1           0  0.36s           2026-06-03T06:10:22
================================================================================
[2026-06-03T06:11:08.834+0000] {manager.py:878} INFO - 
================================================================================
DAG File Processing Stats

File Path                                  PID    Runtime      # DAGs    # Errors  Last Runtime    Last Run
-----------------------------------------  -----  ---------  --------  ----------  --------------  -------------------
/opt/airflow/dags/dag_drift_monitoring.py                           1           0  0.60s           2026-06-03T06:10:52
/opt/airflow/dags/dag_retrain_pipeline.py                           1           0  0.55s           2026-06-03T06:10:52
/opt/airflow/dags/dag_dq_checkpoint.py                              1           0  0.52s           2026-06-03T06:10:56
/opt/airflow/dags/dag_bronze_ingestion.py                           1           0  0.47s           2026-06-03T06:10:56
================================================================================
[2026-06-03T06:11:39.037+0000] {manager.py:878} INFO - 
================================================================================
DAG File Processing Stats

File Path                                  PID    Runtime      # DAGs    # Errors  Last Runtime    Last Run
-----------------------------------------  -----  ---------  --------  ----------  --------------  -------------------
/opt/airflow/dags/dag_dq_checkpoint.py                              1           0  0.52s           2026-06-03T06:11:27
/opt/airflow/dags/dag_bronze_ingestion.py                           1           0  0.43s           2026-06-03T06:11:27
/opt/airflow/dags/dag_drift_monitoring.py                           1           0  0.27s           2026-06-03T06:11:23
/opt/airflow/dags/dag_retrain_pipeline.py                           1           0  0.23s           2026-06-03T06:11:23
================================================================================
[2026-06-03T06:12:09.437+0000] {manager.py:878} INFO - 
================================================================================
DAG File Processing Stats

File Path                                  PID    Runtime      # DAGs    # Errors  Last Runtime    Last Run
-----------------------------------------  -----  ---------  --------  ----------  --------------  -------------------
/opt/airflow/dags/dag_drift_monitoring.py                           1           0  0.38s           2026-06-03T06:11:54
/opt/airflow/dags/dag_retrain_pipeline.py                           1           0  0.34s           2026-06-03T06:11:54
/opt/airflow/dags/dag_bronze_ingestion.py                           1           0  0.29s           2026-06-03T06:11:58
/opt/airflow/dags/dag_dq_checkpoint.py                              1           0  0.28s           2026-06-03T06:11:58
================================================================================
[2026-06-03T06:12:39.956+0000] {manager.py:878} INFO - 
================================================================================
DAG File Processing Stats

File Path                                  PID    Runtime      # DAGs    # Errors  Last Runtime    Last Run
-----------------------------------------  -----  ---------  --------  ----------  --------------  -------------------
/opt/airflow/dags/dag_bronze_ingestion.py                           1           0  0.42s           2026-06-03T06:12:29
/opt/airflow/dags/dag_dq_checkpoint.py                              1           0  0.35s           2026-06-03T06:12:29
/opt/airflow/dags/dag_drift_monitoring.py                           1           0  0.21s           2026-06-03T06:12:25
/opt/airflow/dags/dag_retrain_pipeline.py                           1           0  0.20s           2026-06-03T06:12:25
================================================================================
[2026-06-03T06:12:57.978+0000] {manager.py:737} INFO - Searching for files in /opt/airflow/dags
[2026-06-03T06:12:58.460+0000] {manager.py:740} INFO - There are 4 files in /opt/airflow/dags
[2026-06-03T06:13:10.179+0000] {manager.py:878} INFO - 
================================================================================
DAG File Processing Stats

File Path                                  PID    Runtime      # DAGs    # Errors  Last Runtime    Last Run
-----------------------------------------  -----  ---------  --------  ----------  --------------  -------------------
/opt/airflow/dags/dag_dq_checkpoint.py                              1           0  0.47s           2026-06-03T06:13:01
/opt/airflow/dags/dag_drift_monitoring.py                           1           0  0.42s           2026-06-03T06:12:56
/opt/airflow/dags/dag_retrain_pipeline.py                           1           0  0.41s           2026-06-03T06:12:56
/opt/airflow/dags/dag_bronze_ingestion.py                           1           0  0.36s           2026-06-03T06:13:01
================================================================================
[2026-06-03T06:13:40.349+0000] {manager.py:878} INFO - 
================================================================================
DAG File Processing Stats

File Path                                  PID    Runtime      # DAGs    # Errors  Last Runtime    Last Run
-----------------------------------------  -----  ---------  --------  ----------  --------------  -------------------
/opt/airflow/dags/dag_dq_checkpoint.py                              1           0  0.51s           2026-06-03T06:13:32
/opt/airflow/dags/dag_bronze_ingestion.py                           1           0  0.48s           2026-06-03T06:13:32
/opt/airflow/dags/dag_retrain_pipeline.py                           1           0  0.38s           2026-06-03T06:13:26
/opt/airflow/dags/dag_drift_monitoring.py                           1           0  0.36s           2026-06-03T06:13:26
================================================================================
[2026-06-03T06:14:10.580+0000] {manager.py:878} INFO - 
================================================================================
DAG File Processing Stats

File Path                                  PID    Runtime      # DAGs    # Errors  Last Runtime    Last Run
-----------------------------------------  -----  ---------  --------  ----------  --------------  -------------------
/opt/airflow/dags/dag_dq_checkpoint.py                              1           0  4.87s           2026-06-03T06:14:09
/opt/airflow/dags/dag_bronze_ingestion.py                           1           0  2.80s           2026-06-03T06:14:09
/opt/airflow/dags/dag_drift_monitoring.py                           1           0  0.35s           2026-06-03T06:13:57
/opt/airflow/dags/dag_retrain_pipeline.py                           1           0  0.34s           2026-06-03T06:13:57
================================================================================
[2026-06-03T06:14:40.807+0000] {manager.py:878} INFO - 
================================================================================
DAG File Processing Stats

File Path                                    PID  Runtime      # DAGs    # Errors  Last Runtime    Last Run
-----------------------------------------  -----  ---------  --------  ----------  --------------  -------------------
/opt/airflow/dags/dag_dq_checkpoint.py       825  0.00s             1           0  4.87s           2026-06-03T06:14:09
/opt/airflow/dags/dag_bronze_ingestion.py    822  0.34s             1           0  2.80s           2026-06-03T06:14:09
/opt/airflow/dags/dag_retrain_pipeline.py                           1           0  2.42s           2026-06-03T06:14:30
/opt/airflow/dags/dag_drift_monitoring.py                           1           0  2.32s           2026-06-03T06:14:31
================================================================================
[2026-06-03T06:15:11.188+0000] {manager.py:878} INFO - 
================================================================================
DAG File Processing Stats

File Path                                  PID    Runtime      # DAGs    # Errors  Last Runtime    Last Run
-----------------------------------------  -----  ---------  --------  ----------  --------------  -------------------
/opt/airflow/dags/dag_dq_checkpoint.py                              1           0  2.51s           2026-06-03T06:14:43
/opt/airflow/dags/dag_bronze_ingestion.py                           1           0  2.44s           2026-06-03T06:14:42
/opt/airflow/dags/dag_drift_monitoring.py                           1           0  0.33s           2026-06-03T06:15:01
/opt/airflow/dags/dag_retrain_pipeline.py                           1           0  0.32s           2026-06-03T06:15:01
================================================================================
[2026-06-03T06:15:42.195+0000] {manager.py:878} INFO - 
================================================================================
DAG File Processing Stats

File Path                                  PID    Runtime      # DAGs    # Errors  Last Runtime    Last Run
-----------------------------------------  -----  ---------  --------  ----------  --------------  -------------------
/opt/airflow/dags/dag_dq_checkpoint.py                              1           0  0.56s           2026-06-03T06:15:13
/opt/airflow/dags/dag_retrain_pipeline.py                           1           0  0.49s           2026-06-03T06:15:32
/opt/airflow/dags/dag_drift_monitoring.py                           1           0  0.47s           2026-06-03T06:15:32
/opt/airflow/dags/dag_bronze_ingestion.py                           1           0  0.32s           2026-06-03T06:15:13
================================================================================
[2026-06-03T06:16:12.485+0000] {manager.py:878} INFO - 
================================================================================
DAG File Processing Stats

File Path                                  PID    Runtime      # DAGs    # Errors  Last Runtime    Last Run
-----------------------------------------  -----  ---------  --------  ----------  --------------  -------------------
/opt/airflow/dags/dag_dq_checkpoint.py                              1           0  0.43s           2026-06-03T06:15:44
/opt/airflow/dags/dag_drift_monitoring.py                           1           0  0.42s           2026-06-03T06:16:04
/opt/airflow/dags/dag_retrain_pipeline.py                           1           0  0.41s           2026-06-03T06:16:04
/opt/airflow/dags/dag_bronze_ingestion.py                           1           0  0.29s           2026-06-03T06:15:44
================================================================================
[2026-06-03T06:16:42.888+0000] {manager.py:878} INFO - 
================================================================================
DAG File Processing Stats

File Path                                  PID    Runtime      # DAGs    # Errors  Last Runtime    Last Run
-----------------------------------------  -----  ---------  --------  ----------  --------------  -------------------
/opt/airflow/dags/dag_dq_checkpoint.py                              1           0  0.48s           2026-06-03T06:16:15
/opt/airflow/dags/dag_retrain_pipeline.py                           1           0  0.40s           2026-06-03T06:16:35
/opt/airflow/dags/dag_bronze_ingestion.py                           1           0  0.36s           2026-06-03T06:16:15
/opt/airflow/dags/dag_drift_monitoring.py                           1           0  0.36s           2026-06-03T06:16:35
================================================================================
[2026-06-03T06:17:13.239+0000] {manager.py:878} INFO - 
================================================================================
DAG File Processing Stats

File Path                                  PID    Runtime      # DAGs    # Errors  Last Runtime    Last Run
-----------------------------------------  -----  ---------  --------  ----------  --------------  -------------------
/opt/airflow/dags/dag_drift_monitoring.py                           1           0  0.51s           2026-06-03T06:17:07
/opt/airflow/dags/dag_retrain_pipeline.py                           1           0  0.39s           2026-06-03T06:17:06
/opt/airflow/dags/dag_dq_checkpoint.py                              1           0  0.39s           2026-06-03T06:16:46
/opt/airflow/dags/dag_bronze_ingestion.py                           1           0  0.22s           2026-06-03T06:16:46
================================================================================
[2026-06-03T06:17:43.330+0000] {manager.py:878} INFO - 
================================================================================
DAG File Processing Stats

File Path                                  PID    Runtime      # DAGs    # Errors  Last Runtime    Last Run
-----------------------------------------  -----  ---------  --------  ----------  --------------  -------------------
/opt/airflow/dags/dag_retrain_pipeline.py                           1           0  0.65s           2026-06-03T06:17:38
/opt/airflow/dags/dag_bronze_ingestion.py                           1           0  0.57s           2026-06-03T06:17:17
/opt/airflow/dags/dag_dq_checkpoint.py                              1           0  0.55s           2026-06-03T06:17:17
/opt/airflow/dags/dag_drift_monitoring.py                           1           0  0.41s           2026-06-03T06:17:37
================================================================================
[2026-06-03T06:17:58.509+0000] {manager.py:737} INFO - Searching for files in /opt/airflow/dags
[2026-06-03T06:17:58.789+0000] {manager.py:740} INFO - There are 4 files in /opt/airflow/dags
[2026-06-03T06:18:13.502+0000] {manager.py:878} INFO - 
================================================================================
DAG File Processing Stats

File Path                                  PID    Runtime      # DAGs    # Errors  Last Runtime    Last Run
-----------------------------------------  -----  ---------  --------  ----------  --------------  -------------------
/opt/airflow/dags/dag_drift_monitoring.py                           1           0  0.59s           2026-06-03T06:18:09
/opt/airflow/dags/dag_retrain_pipeline.py                           1           0  0.49s           2026-06-03T06:18:09
/opt/airflow/dags/dag_dq_checkpoint.py                              1           0  0.47s           2026-06-03T06:17:47
/opt/airflow/dags/dag_bronze_ingestion.py                           1           0  0.41s           2026-06-03T06:17:48
================================================================================
[2026-06-03T06:18:43.783+0000] {manager.py:878} INFO - 
================================================================================
DAG File Processing Stats

File Path                                  PID    Runtime      # DAGs    # Errors  Last Runtime    Last Run
-----------------------------------------  -----  ---------  --------  ----------  --------------  -------------------
/opt/airflow/dags/dag_drift_monitoring.py                           1           0  0.50s           2026-06-03T06:18:40
/opt/airflow/dags/dag_bronze_ingestion.py                           1           0  0.46s           2026-06-03T06:18:18
/opt/airflow/dags/dag_retrain_pipeline.py                           1           0  0.44s           2026-06-03T06:18:40
/opt/airflow/dags/dag_dq_checkpoint.py                              1           0  0.41s           2026-06-03T06:18:18
================================================================================
[2026-06-03T06:19:14.139+0000] {manager.py:878} INFO - 
================================================================================
DAG File Processing Stats

File Path                                  PID    Runtime      # DAGs    # Errors  Last Runtime    Last Run
-----------------------------------------  -----  ---------  --------  ----------  --------------  -------------------
/opt/airflow/dags/dag_dq_checkpoint.py                              1           0  0.65s           2026-06-03T06:18:49
/opt/airflow/dags/dag_bronze_ingestion.py                           1           0  0.52s           2026-06-03T06:18:49
/opt/airflow/dags/dag_retrain_pipeline.py                           1           0  0.40s           2026-06-03T06:19:11
/opt/airflow/dags/dag_drift_monitoring.py                           1           0  0.27s           2026-06-03T06:19:12
================================================================================
[2026-06-03T06:19:44.965+0000] {manager.py:878} INFO - 
================================================================================
DAG File Processing Stats

File Path                                  PID    Runtime      # DAGs    # Errors  Last Runtime    Last Run
-----------------------------------------  -----  ---------  --------  ----------  --------------  -------------------
/opt/airflow/dags/dag_retrain_pipeline.py                           1           0  0.56s           2026-06-03T06:19:42
/opt/airflow/dags/dag_dq_checkpoint.py                              1           0  0.40s           2026-06-03T06:19:19
/opt/airflow/dags/dag_bronze_ingestion.py                           1           0  0.38s           2026-06-03T06:19:20
/opt/airflow/dags/dag_drift_monitoring.py                           1           0  0.37s           2026-06-03T06:19:42
================================================================================
[2026-06-03T06:20:15.021+0000] {manager.py:878} INFO - 
================================================================================
DAG File Processing Stats

File Path                                  PID    Runtime      # DAGs    # Errors  Last Runtime    Last Run
-----------------------------------------  -----  ---------  --------  ----------  --------------  -------------------
/opt/airflow/dags/dag_dq_checkpoint.py                              1           0  0.81s           2026-06-03T06:19:51
/opt/airflow/dags/dag_retrain_pipeline.py                           1           0  0.57s           2026-06-03T06:20:13
/opt/airflow/dags/dag_bronze_ingestion.py                           1           0  0.54s           2026-06-03T06:19:51
/opt/airflow/dags/dag_drift_monitoring.py                           1           0  0.34s           2026-06-03T06:20:13
================================================================================
[2026-06-03T06:20:45.105+0000] {manager.py:878} INFO - 
================================================================================
DAG File Processing Stats

File Path                                  PID    Runtime      # DAGs    # Errors  Last Runtime    Last Run
-----------------------------------------  -----  ---------  --------  ----------  --------------  -------------------
/opt/airflow/dags/dag_dq_checkpoint.py                              1           0  0.52s           2026-06-03T06:20:22
/opt/airflow/dags/dag_drift_monitoring.py                           1           0  0.47s           2026-06-03T06:20:44
/opt/airflow/dags/dag_retrain_pipeline.py                           1           0  0.45s           2026-06-03T06:20:44
/opt/airflow/dags/dag_bronze_ingestion.py                           1           0  0.43s           2026-06-03T06:20:21
================================================================================
[2026-06-03T06:21:15.609+0000] {manager.py:878} INFO - 
================================================================================
DAG File Processing Stats

File Path                                    PID  Runtime      # DAGs    # Errors  Last Runtime    Last Run
-----------------------------------------  -----  ---------  --------  ----------  --------------  -------------------
/opt/airflow/dags/dag_drift_monitoring.py   1075  0.00s             1           0  0.47s           2026-06-03T06:20:44
/opt/airflow/dags/dag_retrain_pipeline.py   1072  0.05s             1           0  0.45s           2026-06-03T06:20:44
/opt/airflow/dags/dag_bronze_ingestion.py                           1           0  0.37s           2026-06-03T06:20:53
/opt/airflow/dags/dag_dq_checkpoint.py                              1           0  0.36s           2026-06-03T06:20:53
================================================================================
[2026-06-03T06:21:46.478+0000] {manager.py:878} INFO - 
================================================================================
DAG File Processing Stats

File Path                                    PID  Runtime      # DAGs    # Errors  Last Runtime    Last Run
-----------------------------------------  -----  ---------  --------  ----------  --------------  -------------------
/opt/airflow/dags/dag_dq_checkpoint.py                              1           0  0.64s           2026-06-03T06:21:23
/opt/airflow/dags/dag_bronze_ingestion.py                           1           0  0.54s           2026-06-03T06:21:23
/opt/airflow/dags/dag_drift_monitoring.py   1095  0.01s             1           0  0.25s           2026-06-03T06:21:15
/opt/airflow/dags/dag_retrain_pipeline.py   1092  0.07s             1           0  0.24s           2026-06-03T06:21:15
================================================================================
[2026-06-03T06:22:17.680+0000] {manager.py:878} INFO - 
================================================================================
DAG File Processing Stats

File Path                                    PID  Runtime      # DAGs    # Errors  Last Runtime    Last Run
-----------------------------------------  -----  ---------  --------  ----------  --------------  -------------------
/opt/airflow/dags/dag_drift_monitoring.py   1115  0.00s             1           0  0.59s           2026-06-03T06:21:47
/opt/airflow/dags/dag_retrain_pipeline.py   1112  0.14s             1           0  0.52s           2026-06-03T06:21:46
/opt/airflow/dags/dag_bronze_ingestion.py                           1           0  0.43s           2026-06-03T06:21:54
/opt/airflow/dags/dag_dq_checkpoint.py                              1           0  0.41s           2026-06-03T06:21:54
================================================================================
[2026-06-03T06:22:48.812+0000] {manager.py:878} INFO - 
================================================================================
DAG File Processing Stats

File Path                                    PID  Runtime      # DAGs    # Errors  Last Runtime    Last Run
-----------------------------------------  -----  ---------  --------  ----------  --------------  -------------------
/opt/airflow/dags/dag_retrain_pipeline.py   1132  0.19s             1           0  0.45s           2026-06-03T06:22:17
/opt/airflow/dags/dag_drift_monitoring.py   1135  0.01s             1           0  0.42s           2026-06-03T06:22:18
/opt/airflow/dags/dag_dq_checkpoint.py                              1           0  0.32s           2026-06-03T06:22:25
/opt/airflow/dags/dag_bronze_ingestion.py                           1           0  0.20s           2026-06-03T06:22:25
================================================================================
[2026-06-03T06:22:58.677+0000] {manager.py:737} INFO - Searching for files in /opt/airflow/dags
[2026-06-03T06:23:00.303+0000] {manager.py:740} INFO - There are 4 files in /opt/airflow/dags
[2026-06-03T06:23:18.898+0000] {manager.py:878} INFO - 
================================================================================
DAG File Processing Stats

File Path                                  PID    Runtime      # DAGs    # Errors  Last Runtime    Last Run
-----------------------------------------  -----  ---------  --------  ----------  --------------  -------------------
/opt/airflow/dags/dag_dq_checkpoint.py                              1           0  0.97s           2026-06-03T06:22:57
/opt/airflow/dags/dag_retrain_pipeline.py                           1           0  0.96s           2026-06-03T06:22:49
/opt/airflow/dags/dag_drift_monitoring.py                           1           0  0.94s           2026-06-03T06:22:49
/opt/airflow/dags/dag_bronze_ingestion.py                           1           0  0.68s           2026-06-03T06:22:57
================================================================================
[2026-06-03T06:23:49.558+0000] {manager.py:878} INFO - 
================================================================================
DAG File Processing Stats

File Path                                  PID    Runtime      # DAGs    # Errors  Last Runtime    Last Run
-----------------------------------------  -----  ---------  --------  ----------  --------------  -------------------
/opt/airflow/dags/dag_dq_checkpoint.py                              1           0  0.55s           2026-06-03T06:23:28
/opt/airflow/dags/dag_bronze_ingestion.py                           1           0  0.42s           2026-06-03T06:23:28
/opt/airflow/dags/dag_drift_monitoring.py                           1           0  0.37s           2026-06-03T06:23:20
/opt/airflow/dags/dag_retrain_pipeline.py                           1           0  0.35s           2026-06-03T06:23:20
================================================================================
[2026-06-03T06:24:19.956+0000] {manager.py:878} INFO - 
================================================================================
DAG File Processing Stats

File Path                                  PID    Runtime      # DAGs    # Errors  Last Runtime    Last Run
-----------------------------------------  -----  ---------  --------  ----------  --------------  -------------------
/opt/airflow/dags/dag_bronze_ingestion.py                           1           0  0.77s           2026-06-03T06:24:00
/opt/airflow/dags/dag_dq_checkpoint.py                              1           0  0.66s           2026-06-03T06:24:00
/opt/airflow/dags/dag_drift_monitoring.py                           1           0  0.55s           2026-06-03T06:23:51
/opt/airflow/dags/dag_retrain_pipeline.py                           1           0  0.54s           2026-06-03T06:23:51
================================================================================
[2026-06-03T06:24:50.228+0000] {manager.py:878} INFO - 
================================================================================
DAG File Processing Stats

File Path                                  PID    Runtime      # DAGs    # Errors  Last Runtime    Last Run
-----------------------------------------  -----  ---------  --------  ----------  --------------  -------------------
/opt/airflow/dags/dag_dq_checkpoint.py                              1           0  0.53s           2026-06-03T06:24:31
/opt/airflow/dags/dag_retrain_pipeline.py                           1           0  0.36s           2026-06-03T06:24:21
/opt/airflow/dags/dag_bronze_ingestion.py                           1           0  0.36s           2026-06-03T06:24:30
/opt/airflow/dags/dag_drift_monitoring.py                           1           0  0.35s           2026-06-03T06:24:22
================================================================================
[2026-06-03T06:25:20.629+0000] {manager.py:878} INFO - 
================================================================================
DAG File Processing Stats

File Path                                  PID    Runtime      # DAGs    # Errors  Last Runtime    Last Run
-----------------------------------------  -----  ---------  --------  ----------  --------------  -------------------
/opt/airflow/dags/dag_dq_checkpoint.py                              1           0  0.61s           2026-06-03T06:25:02
/opt/airflow/dags/dag_bronze_ingestion.py                           1           0  0.40s           2026-06-03T06:25:02
/opt/airflow/dags/dag_retrain_pipeline.py                           1           0  0.37s           2026-06-03T06:24:52
/opt/airflow/dags/dag_drift_monitoring.py                           1           0  0.35s           2026-06-03T06:24:53
================================================================================
[2026-06-03T06:25:51.147+0000] {manager.py:878} INFO - 
================================================================================
DAG File Processing Stats

File Path                                  PID    Runtime      # DAGs    # Errors  Last Runtime    Last Run
-----------------------------------------  -----  ---------  --------  ----------  --------------  -------------------
/opt/airflow/dags/dag_dq_checkpoint.py                              1           0  1.25s           2026-06-03T06:25:34
/opt/airflow/dags/dag_bronze_ingestion.py                           1           0  0.92s           2026-06-03T06:25:34
/opt/airflow/dags/dag_drift_monitoring.py                           1           0  0.51s           2026-06-03T06:25:24
/opt/airflow/dags/dag_retrain_pipeline.py                           1           0  0.46s           2026-06-03T06:25:24
================================================================================
[2026-06-03T06:26:21.661+0000] {manager.py:878} INFO - 
================================================================================
DAG File Processing Stats

File Path                                  PID    Runtime      # DAGs    # Errors  Last Runtime    Last Run
-----------------------------------------  -----  ---------  --------  ----------  --------------  -------------------
/opt/airflow/dags/dag_dq_checkpoint.py                              1           0  1.19s           2026-06-03T06:26:06
/opt/airflow/dags/dag_bronze_ingestion.py                           1           0  0.67s           2026-06-03T06:26:05
/opt/airflow/dags/dag_drift_monitoring.py                           1           0  0.42s           2026-06-03T06:25:55
/opt/airflow/dags/dag_retrain_pipeline.py                           1           0  0.38s           2026-06-03T06:25:55
================================================================================
[2026-06-03T06:26:52.045+0000] {manager.py:878} INFO - 
================================================================================
DAG File Processing Stats

File Path                                  PID    Runtime      # DAGs    # Errors  Last Runtime    Last Run
-----------------------------------------  -----  ---------  --------  ----------  --------------  -------------------
/opt/airflow/dags/dag_drift_monitoring.py                           1           0  0.75s           2026-06-03T06:26:27
/opt/airflow/dags/dag_retrain_pipeline.py                           1           0  0.71s           2026-06-03T06:26:26
/opt/airflow/dags/dag_dq_checkpoint.py                              1           0  0.37s           2026-06-03T06:26:37
/opt/airflow/dags/dag_bronze_ingestion.py                           1           0  0.31s           2026-06-03T06:26:36
================================================================================
[2026-06-03T06:27:22.377+0000] {manager.py:878} INFO - 
================================================================================
DAG File Processing Stats

File Path                                  PID    Runtime      # DAGs    # Errors  Last Runtime    Last Run
-----------------------------------------  -----  ---------  --------  ----------  --------------  -------------------
/opt/airflow/dags/dag_drift_monitoring.py                           1           0  0.43s           2026-06-03T06:26:57
/opt/airflow/dags/dag_retrain_pipeline.py                           1           0  0.35s           2026-06-03T06:26:57
/opt/airflow/dags/dag_dq_checkpoint.py                              1           0  0.26s           2026-06-03T06:27:07
/opt/airflow/dags/dag_bronze_ingestion.py                           1           0  0.23s           2026-06-03T06:27:07
================================================================================
[2026-06-03T06:27:53.159+0000] {manager.py:878} INFO - 
================================================================================
DAG File Processing Stats

File Path                                  PID    Runtime      # DAGs    # Errors  Last Runtime    Last Run
-----------------------------------------  -----  ---------  --------  ----------  --------------  -------------------
/opt/airflow/dags/dag_drift_monitoring.py                           1           0  0.42s           2026-06-03T06:27:28
/opt/airflow/dags/dag_dq_checkpoint.py                              1           0  0.36s           2026-06-03T06:27:38
/opt/airflow/dags/dag_retrain_pipeline.py                           1           0  0.30s           2026-06-03T06:27:27
/opt/airflow/dags/dag_bronze_ingestion.py                           1           0  0.26s           2026-06-03T06:27:38
================================================================================
[2026-06-03T06:27:58.953+0000] {manager.py:737} INFO - Searching for files in /opt/airflow/dags
[2026-06-03T06:27:59.523+0000] {manager.py:740} INFO - There are 4 files in /opt/airflow/dags
[2026-06-03T06:28:23.458+0000] {manager.py:878} INFO - 
================================================================================
DAG File Processing Stats

File Path                                  PID    Runtime      # DAGs    # Errors  Last Runtime    Last Run
-----------------------------------------  -----  ---------  --------  ----------  --------------  -------------------
/opt/airflow/dags/dag_drift_monitoring.py                           1           0  0.86s           2026-06-03T06:27:59
/opt/airflow/dags/dag_dq_checkpoint.py                              1           0  0.52s           2026-06-03T06:28:09
/opt/airflow/dags/dag_bronze_ingestion.py                           1           0  0.40s           2026-06-03T06:28:08
/opt/airflow/dags/dag_retrain_pipeline.py                           1           0  0.39s           2026-06-03T06:27:58
================================================================================
[2026-06-03T06:28:53.980+0000] {manager.py:878} INFO - 
================================================================================
DAG File Processing Stats

File Path                                  PID    Runtime      # DAGs    # Errors  Last Runtime    Last Run
-----------------------------------------  -----  ---------  --------  ----------  --------------  -------------------
/opt/airflow/dags/dag_dq_checkpoint.py                              1           0  0.51s           2026-06-03T06:28:40
/opt/airflow/dags/dag_bronze_ingestion.py                           1           0  0.49s           2026-06-03T06:28:40
/opt/airflow/dags/dag_drift_monitoring.py                           1           0  0.33s           2026-06-03T06:28:30
/opt/airflow/dags/dag_retrain_pipeline.py                           1           0  0.30s           2026-06-03T06:28:30
================================================================================
[2026-06-03T06:29:24.596+0000] {manager.py:878} INFO - 
================================================================================
DAG File Processing Stats

File Path                                  PID    Runtime      # DAGs    # Errors  Last Runtime    Last Run
-----------------------------------------  -----  ---------  --------  ----------  --------------  -------------------
/opt/airflow/dags/dag_dq_checkpoint.py                              1           0  0.58s           2026-06-03T06:29:10
/opt/airflow/dags/dag_drift_monitoring.py                           1           0  0.52s           2026-06-03T06:29:01
/opt/airflow/dags/dag_retrain_pipeline.py                           1           0  0.45s           2026-06-03T06:29:01
/opt/airflow/dags/dag_bronze_ingestion.py                           1           0  0.37s           2026-06-03T06:29:11
================================================================================
[2026-06-03T06:29:54.748+0000] {manager.py:878} INFO - 
================================================================================
DAG File Processing Stats

File Path                                  PID    Runtime      # DAGs    # Errors  Last Runtime    Last Run
-----------------------------------------  -----  ---------  --------  ----------  --------------  -------------------
/opt/airflow/dags/dag_dq_checkpoint.py                              1           0  0.35s           2026-06-03T06:29:42
/opt/airflow/dags/dag_retrain_pipeline.py                           1           0  0.33s           2026-06-03T06:29:32
/opt/airflow/dags/dag_drift_monitoring.py                           1           0  0.32s           2026-06-03T06:29:32
/opt/airflow/dags/dag_bronze_ingestion.py                           1           0  0.25s           2026-06-03T06:29:42
================================================================================
[2026-06-03T06:30:24.868+0000] {manager.py:878} INFO - 
================================================================================
DAG File Processing Stats

File Path                                  PID    Runtime      # DAGs    # Errors  Last Runtime    Last Run
-----------------------------------------  -----  ---------  --------  ----------  --------------  -------------------
/opt/airflow/dags/dag_dq_checkpoint.py                              1           0  2.23s           2026-06-03T06:30:15
/opt/airflow/dags/dag_bronze_ingestion.py                           1           0  1.43s           2026-06-03T06:30:14
/opt/airflow/dags/dag_drift_monitoring.py                           1           0  0.74s           2026-06-03T06:30:03
/opt/airflow/dags/dag_retrain_pipeline.py                           1           0  0.61s           2026-06-03T06:30:03
================================================================================
[2026-06-03T06:30:54.885+0000] {manager.py:878} INFO - 
================================================================================
DAG File Processing Stats

File Path                                  PID    Runtime      # DAGs    # Errors  Last Runtime    Last Run
-----------------------------------------  -----  ---------  --------  ----------  --------------  -------------------
/opt/airflow/dags/dag_retrain_pipeline.py                           1           0  2.16s           2026-06-03T06:30:36
/opt/airflow/dags/dag_drift_monitoring.py                           1           0  1.81s           2026-06-03T06:30:37
/opt/airflow/dags/dag_bronze_ingestion.py                           1           0  1.11s           2026-06-03T06:30:46
/opt/airflow/dags/dag_dq_checkpoint.py                              1           0  0.87s           2026-06-03T06:30:47
================================================================================
[2026-06-03T06:31:25.003+0000] {manager.py:878} INFO - 
================================================================================
DAG File Processing Stats

File Path                                  PID    Runtime      # DAGs    # Errors  Last Runtime    Last Run
-----------------------------------------  -----  ---------  --------  ----------  --------------  -------------------
/opt/airflow/dags/dag_dq_checkpoint.py                              1           0  1.05s           2026-06-03T06:31:18
/opt/airflow/dags/dag_retrain_pipeline.py                           1           0  0.93s           2026-06-03T06:31:08
/opt/airflow/dags/dag_drift_monitoring.py                           1           0  0.82s           2026-06-03T06:31:08
/opt/airflow/dags/dag_bronze_ingestion.py                           1           0  0.58s           2026-06-03T06:31:18
================================================================================
[2026-06-03T06:31:55.092+0000] {manager.py:878} INFO - 
================================================================================
DAG File Processing Stats

File Path                                  PID    Runtime      # DAGs    # Errors  Last Runtime    Last Run
-----------------------------------------  -----  ---------  --------  ----------  --------------  -------------------
/opt/airflow/dags/dag_drift_monitoring.py                           1           0  1.10s           2026-06-03T06:31:40
/opt/airflow/dags/dag_dq_checkpoint.py                              1           0  0.99s           2026-06-03T06:31:50
/opt/airflow/dags/dag_bronze_ingestion.py                           1           0  0.91s           2026-06-03T06:31:49
/opt/airflow/dags/dag_retrain_pipeline.py                           1           0  0.87s           2026-06-03T06:31:39
================================================================================
[2026-06-03T06:32:25.606+0000] {manager.py:878} INFO - 
================================================================================
DAG File Processing Stats

File Path                                  PID    Runtime      # DAGs    # Errors  Last Runtime    Last Run
-----------------------------------------  -----  ---------  --------  ----------  --------------  -------------------
/opt/airflow/dags/dag_bronze_ingestion.py                           1           0  0.99s           2026-06-03T06:32:21
/opt/airflow/dags/dag_retrain_pipeline.py                           1           0  0.56s           2026-06-03T06:32:10
/opt/airflow/dags/dag_drift_monitoring.py                           1           0  0.50s           2026-06-03T06:32:11
/opt/airflow/dags/dag_dq_checkpoint.py                              1           0  0.43s           2026-06-03T06:32:21
================================================================================
[2026-06-03T06:32:56.566+0000] {manager.py:878} INFO - 
================================================================================
DAG File Processing Stats

File Path                                  PID    Runtime      # DAGs    # Errors  Last Runtime    Last Run
-----------------------------------------  -----  ---------  --------  ----------  --------------  -------------------
/opt/airflow/dags/dag_retrain_pipeline.py                           1           0  0.77s           2026-06-03T06:32:42
/opt/airflow/dags/dag_drift_monitoring.py                           1           0  0.70s           2026-06-03T06:32:42
/opt/airflow/dags/dag_bronze_ingestion.py                           1           0  0.39s           2026-06-03T06:32:52
/opt/airflow/dags/dag_dq_checkpoint.py                              1           0  0.34s           2026-06-03T06:32:52
================================================================================
[2026-06-03T06:32:59.734+0000] {manager.py:737} INFO - Searching for files in /opt/airflow/dags
[2026-06-03T06:33:00.300+0000] {manager.py:740} INFO - There are 4 files in /opt/airflow/dags
[2026-06-03T06:33:26.778+0000] {manager.py:878} INFO - 
================================================================================
DAG File Processing Stats

File Path                                  PID    Runtime      # DAGs    # Errors  Last Runtime    Last Run
-----------------------------------------  -----  ---------  --------  ----------  --------------  -------------------
/opt/airflow/dags/dag_dq_checkpoint.py                              1           0  0.59s           2026-06-03T06:33:23
/opt/airflow/dags/dag_bronze_ingestion.py                           1           0  0.44s           2026-06-03T06:33:22
/opt/airflow/dags/dag_drift_monitoring.py                           1           0  0.40s           2026-06-03T06:33:12
/opt/airflow/dags/dag_retrain_pipeline.py                           1           0  0.38s           2026-06-03T06:33:12
================================================================================
[2026-06-03T06:33:56.874+0000] {manager.py:878} INFO - 
================================================================================
DAG File Processing Stats

File Path                                  PID    Runtime      # DAGs    # Errors  Last Runtime    Last Run
-----------------------------------------  -----  ---------  --------  ----------  --------------  -------------------
/opt/airflow/dags/dag_drift_monitoring.py                           1           0  0.59s           2026-06-03T06:33:43
/opt/airflow/dags/dag_retrain_pipeline.py                           1           0  0.58s           2026-06-03T06:33:43
/opt/airflow/dags/dag_bronze_ingestion.py                           1           0  0.43s           2026-06-03T06:33:53
/opt/airflow/dags/dag_dq_checkpoint.py                              1           0  0.33s           2026-06-03T06:33:54
================================================================================
[2026-06-03T06:34:26.915+0000] {manager.py:878} INFO - 
================================================================================
DAG File Processing Stats

File Path                                  PID    Runtime      # DAGs    # Errors  Last Runtime    Last Run
-----------------------------------------  -----  ---------  --------  ----------  --------------  -------------------
/opt/airflow/dags/dag_dq_checkpoint.py                              1           0  0.40s           2026-06-03T06:34:24
/opt/airflow/dags/dag_bronze_ingestion.py                           1           0  0.37s           2026-06-03T06:34:24
/opt/airflow/dags/dag_drift_monitoring.py                           1           0  0.31s           2026-06-03T06:34:14
/opt/airflow/dags/dag_retrain_pipeline.py                           1           0  0.31s           2026-06-03T06:34:14
================================================================================
[2026-06-03T06:34:57.772+0000] {manager.py:878} INFO - 
================================================================================
DAG File Processing Stats

File Path                                  PID    Runtime      # DAGs    # Errors  Last Runtime    Last Run
-----------------------------------------  -----  ---------  --------  ----------  --------------  -------------------
/opt/airflow/dags/dag_dq_checkpoint.py                              1           0  1.31s           2026-06-03T06:34:56
/opt/airflow/dags/dag_bronze_ingestion.py                           1           0  0.93s           2026-06-03T06:34:56
/opt/airflow/dags/dag_retrain_pipeline.py                           1           0  0.52s           2026-06-03T06:34:45
/opt/airflow/dags/dag_drift_monitoring.py                           1           0  0.47s           2026-06-03T06:34:45
================================================================================
[2026-06-03T06:35:28.033+0000] {manager.py:878} INFO - 
================================================================================
DAG File Processing Stats

File Path                                  PID    Runtime      # DAGs    # Errors  Last Runtime    Last Run
-----------------------------------------  -----  ---------  --------  ----------  --------------  -------------------
/opt/airflow/dags/dag_drift_monitoring.py                           1           0  0.48s           2026-06-03T06:35:16
/opt/airflow/dags/dag_bronze_ingestion.py                           1           0  0.43s           2026-06-03T06:35:27
/opt/airflow/dags/dag_dq_checkpoint.py                              1           0  0.42s           2026-06-03T06:35:27
/opt/airflow/dags/dag_retrain_pipeline.py                           1           0  0.33s           2026-06-03T06:35:15
================================================================================
[2026-06-03T06:35:58.053+0000] {manager.py:878} INFO - 
================================================================================
DAG File Processing Stats

File Path                                    PID  Runtime      # DAGs    # Errors  Last Runtime    Last Run
-----------------------------------------  -----  ---------  --------  ----------  --------------  -------------------
/opt/airflow/dags/dag_drift_monitoring.py                           1           0  0.47s           2026-06-03T06:35:47
/opt/airflow/dags/dag_bronze_ingestion.py   1645  0.01s             1           0  0.43s           2026-06-03T06:35:27
/opt/airflow/dags/dag_dq_checkpoint.py      1642  0.05s             1           0  0.42s           2026-06-03T06:35:27
/opt/airflow/dags/dag_retrain_pipeline.py                           1           0  0.39s           2026-06-03T06:35:47
================================================================================
[2026-06-03T06:36:28.850+0000] {manager.py:878} INFO - 
================================================================================
DAG File Processing Stats

File Path                                    PID  Runtime      # DAGs    # Errors  Last Runtime    Last Run
-----------------------------------------  -----  ---------  --------  ----------  --------------  -------------------
/opt/airflow/dags/dag_dq_checkpoint.py      1662  0.12s             1           0  0.53s           2026-06-03T06:35:58
/opt/airflow/dags/dag_bronze_ingestion.py   1665  0.00s             1           0  0.37s           2026-06-03T06:35:58
/opt/airflow/dags/dag_retrain_pipeline.py                           1           0  0.32s           2026-06-03T06:36:18
/opt/airflow/dags/dag_drift_monitoring.py                           1           0  0.32s           2026-06-03T06:36:18
================================================================================
[2026-06-03T06:37:00.278+0000] {manager.py:878} INFO - 
================================================================================
DAG File Processing Stats

File Path                                    PID  Runtime      # DAGs    # Errors  Last Runtime    Last Run
-----------------------------------------  -----  ---------  --------  ----------  --------------  -------------------
/opt/airflow/dags/dag_dq_checkpoint.py      1682  0.21s             1           0  0.38s           2026-06-03T06:36:29
/opt/airflow/dags/dag_bronze_ingestion.py   1685  0.00s             1           0  0.35s           2026-06-03T06:36:29
/opt/airflow/dags/dag_retrain_pipeline.py                           1           0  0.28s           2026-06-03T06:36:49
/opt/airflow/dags/dag_drift_monitoring.py                           1           0  0.25s           2026-06-03T06:36:49
================================================================================
[2026-06-03T06:37:30.740+0000] {manager.py:878} INFO - 
================================================================================
DAG File Processing Stats

File Path                                  PID    Runtime      # DAGs    # Errors  Last Runtime    Last Run
-----------------------------------------  -----  ---------  --------  ----------  --------------  -------------------
/opt/airflow/dags/dag_dq_checkpoint.py                              1           0  0.62s           2026-06-03T06:37:00
/opt/airflow/dags/dag_bronze_ingestion.py                           1           0  0.37s           2026-06-03T06:37:00
/opt/airflow/dags/dag_retrain_pipeline.py                           1           0  0.31s           2026-06-03T06:37:20
/opt/airflow/dags/dag_drift_monitoring.py                           1           0  0.29s           2026-06-03T06:37:20
================================================================================
[2026-06-03T06:37:59.787+0000] {manager.py:737} INFO - Searching for files in /opt/airflow/dags
[2026-06-03T06:38:00.483+0000] {manager.py:740} INFO - There are 4 files in /opt/airflow/dags
[2026-06-03T06:38:00.761+0000] {manager.py:878} INFO - 
================================================================================
DAG File Processing Stats

File Path                                  PID    Runtime      # DAGs    # Errors  Last Runtime    Last Run
-----------------------------------------  -----  ---------  --------  ----------  --------------  -------------------
/opt/airflow/dags/dag_retrain_pipeline.py                           1           0  0.38s           2026-06-03T06:37:51
/opt/airflow/dags/dag_bronze_ingestion.py                           1           0  0.36s           2026-06-03T06:37:31
/opt/airflow/dags/dag_drift_monitoring.py                           1           0  0.36s           2026-06-03T06:37:51
/opt/airflow/dags/dag_dq_checkpoint.py                              1           0  0.31s           2026-06-03T06:37:31
================================================================================
[2026-06-03T06:38:31.669+0000] {manager.py:878} INFO - 
================================================================================
DAG File Processing Stats

File Path                                  PID    Runtime      # DAGs    # Errors  Last Runtime    Last Run
-----------------------------------------  -----  ---------  --------  ----------  --------------  -------------------
/opt/airflow/dags/dag_dq_checkpoint.py                              1           0  1.12s           2026-06-03T06:38:03
/opt/airflow/dags/dag_bronze_ingestion.py                           1           0  0.84s           2026-06-03T06:38:02
/opt/airflow/dags/dag_drift_monitoring.py                           1           0  0.23s           2026-06-03T06:38:22
/opt/airflow/dags/dag_retrain_pipeline.py                           1           0  0.23s           2026-06-03T06:38:22
================================================================================
[2026-06-03T06:39:02.209+0000] {manager.py:878} INFO - 
================================================================================
DAG File Processing Stats

File Path                                  PID    Runtime      # DAGs    # Errors  Last Runtime    Last Run
-----------------------------------------  -----  ---------  --------  ----------  --------------  -------------------
/opt/airflow/dags/dag_bronze_ingestion.py                           1           0  0.25s           2026-06-03T06:38:34
/opt/airflow/dags/dag_dq_checkpoint.py                              1           0  0.25s           2026-06-03T06:38:34
/opt/airflow/dags/dag_retrain_pipeline.py                           1           0  0.22s           2026-06-03T06:38:52
/opt/airflow/dags/dag_drift_monitoring.py                           1           0  0.22s           2026-06-03T06:38:52
================================================================================
[2026-06-03T06:39:32.944+0000] {manager.py:878} INFO - 
================================================================================
DAG File Processing Stats

File Path                                  PID    Runtime      # DAGs    # Errors  Last Runtime    Last Run
-----------------------------------------  -----  ---------  --------  ----------  --------------  -------------------
/opt/airflow/dags/dag_dq_checkpoint.py                              1           0  0.48s           2026-06-03T06:39:04
/opt/airflow/dags/dag_bronze_ingestion.py                           1           0  0.34s           2026-06-03T06:39:04
/opt/airflow/dags/dag_drift_monitoring.py                           1           0  0.30s           2026-06-03T06:39:23
/opt/airflow/dags/dag_retrain_pipeline.py                           1           0  0.28s           2026-06-03T06:39:23
================================================================================
[2026-06-03T06:40:03.746+0000] {manager.py:878} INFO - 
================================================================================
DAG File Processing Stats

File Path                                  PID    Runtime      # DAGs    # Errors  Last Runtime    Last Run
-----------------------------------------  -----  ---------  --------  ----------  --------------  -------------------
/opt/airflow/dags/dag_dq_checkpoint.py                              1           0  0.36s           2026-06-03T06:39:35
/opt/airflow/dags/dag_bronze_ingestion.py                           1           0  0.31s           2026-06-03T06:39:35
/opt/airflow/dags/dag_retrain_pipeline.py                           1           0  0.28s           2026-06-03T06:39:54
/opt/airflow/dags/dag_drift_monitoring.py                           1           0  0.25s           2026-06-03T06:39:54
================================================================================
[2026-06-03T06:40:33.769+0000] {manager.py:878} INFO - 
================================================================================
DAG File Processing Stats

File Path                                  PID    Runtime      # DAGs    # Errors  Last Runtime    Last Run
-----------------------------------------  -----  ---------  --------  ----------  --------------  -------------------
/opt/airflow/dags/dag_bronze_ingestion.py                           1           0  0.38s           2026-06-03T06:40:06
/opt/airflow/dags/dag_dq_checkpoint.py                              1           0  0.37s           2026-06-03T06:40:06
/opt/airflow/dags/dag_retrain_pipeline.py                           1           0  0.32s           2026-06-03T06:40:25
/opt/airflow/dags/dag_drift_monitoring.py                           1           0  0.30s           2026-06-03T06:40:25
================================================================================
[2026-06-03T06:41:04.648+0000] {manager.py:878} INFO - 
================================================================================
DAG File Processing Stats

File Path                                  PID    Runtime      # DAGs    # Errors  Last Runtime    Last Run
-----------------------------------------  -----  ---------  --------  ----------  --------------  -------------------
/opt/airflow/dags/dag_dq_checkpoint.py                              1           0  0.47s           2026-06-03T06:40:37
/opt/airflow/dags/dag_bronze_ingestion.py                           1           0  0.42s           2026-06-03T06:40:37
/opt/airflow/dags/dag_retrain_pipeline.py                           1           0  0.27s           2026-06-03T06:40:56
/opt/airflow/dags/dag_drift_monitoring.py                           1           0  0.24s           2026-06-03T06:40:56
================================================================================
[2026-06-03T06:41:35.294+0000] {manager.py:878} INFO - 
================================================================================
DAG File Processing Stats

File Path                                  PID    Runtime      # DAGs    # Errors  Last Runtime    Last Run
-----------------------------------------  -----  ---------  --------  ----------  --------------  -------------------
/opt/airflow/dags/dag_dq_checkpoint.py                              1           0  0.35s           2026-06-03T06:41:08
/opt/airflow/dags/dag_drift_monitoring.py                           1           0  0.33s           2026-06-03T06:41:27
/opt/airflow/dags/dag_retrain_pipeline.py                           1           0  0.30s           2026-06-03T06:41:27
/opt/airflow/dags/dag_bronze_ingestion.py                           1           0  0.26s           2026-06-03T06:41:08
================================================================================
[2026-06-03T06:42:05.312+0000] {manager.py:878} INFO - 
================================================================================
DAG File Processing Stats

File Path                                  PID    Runtime      # DAGs    # Errors  Last Runtime    Last Run
-----------------------------------------  -----  ---------  --------  ----------  --------------  -------------------
/opt/airflow/dags/dag_dq_checkpoint.py                              1           0  0.49s           2026-06-03T06:41:39
/opt/airflow/dags/dag_bronze_ingestion.py                           1           0  0.35s           2026-06-03T06:41:38
/opt/airflow/dags/dag_retrain_pipeline.py                           1           0  0.24s           2026-06-03T06:41:57
/opt/airflow/dags/dag_drift_monitoring.py                           1           0  0.22s           2026-06-03T06:41:57
================================================================================
[2026-06-03T06:42:35.810+0000] {manager.py:878} INFO - 
================================================================================
DAG File Processing Stats

File Path                                  PID    Runtime      # DAGs    # Errors  Last Runtime    Last Run
-----------------------------------------  -----  ---------  --------  ----------  --------------  -------------------
/opt/airflow/dags/dag_drift_monitoring.py                           1           0  0.34s           2026-06-03T06:42:28
/opt/airflow/dags/dag_dq_checkpoint.py                              1           0  0.30s           2026-06-03T06:42:09
/opt/airflow/dags/dag_retrain_pipeline.py                           1           0  0.25s           2026-06-03T06:42:28
/opt/airflow/dags/dag_bronze_ingestion.py                           1           0  0.23s           2026-06-03T06:42:09
================================================================================
[2026-06-03T06:43:00.510+0000] {manager.py:737} INFO - Searching for files in /opt/airflow/dags
[2026-06-03T06:43:05.869+0000] {manager.py:740} INFO - There are 4 files in /opt/airflow/dags
[2026-06-03T06:43:06.638+0000] {manager.py:878} INFO - 
================================================================================
DAG File Processing Stats

File Path                                  PID    Runtime      # DAGs    # Errors  Last Runtime    Last Run
-----------------------------------------  -----  ---------  --------  ----------  --------------  -------------------
/opt/airflow/dags/dag_retrain_pipeline.py                           1           0  6.79s           2026-06-03T06:43:06
/opt/airflow/dags/dag_drift_monitoring.py                           1           0  6.14s           2026-06-03T06:43:06
/opt/airflow/dags/dag_dq_checkpoint.py                              1           0  0.29s           2026-06-03T06:42:40
/opt/airflow/dags/dag_bronze_ingestion.py                           1           0  0.29s           2026-06-03T06:42:40
================================================================================
[2026-06-03T06:43:37.962+0000] {manager.py:878} INFO - 
================================================================================
DAG File Processing Stats

File Path                                  PID    Runtime      # DAGs    # Errors  Last Runtime    Last Run
-----------------------------------------  -----  ---------  --------  ----------  --------------  -------------------
/opt/airflow/dags/dag_dq_checkpoint.py                              1           0  1.31s           2026-06-03T06:43:12
/opt/airflow/dags/dag_bronze_ingestion.py                           1           0  0.88s           2026-06-03T06:43:12
/opt/airflow/dags/dag_retrain_pipeline.py                           1           0  0.23s           2026-06-03T06:43:36
/opt/airflow/dags/dag_drift_monitoring.py                           1           0  0.20s           2026-06-03T06:43:36
================================================================================
[2026-06-03T06:44:08.205+0000] {manager.py:878} INFO - 
================================================================================
DAG File Processing Stats

File Path                                  PID    Runtime      # DAGs    # Errors  Last Runtime    Last Run
-----------------------------------------  -----  ---------  --------  ----------  --------------  -------------------
/opt/airflow/dags/dag_dq_checkpoint.py                              1           0  0.28s           2026-06-03T06:43:43
/opt/airflow/dags/dag_bronze_ingestion.py                           1           0  0.27s           2026-06-03T06:43:43
/opt/airflow/dags/dag_drift_monitoring.py                           1           0  0.25s           2026-06-03T06:44:07
/opt/airflow/dags/dag_retrain_pipeline.py                           1           0  0.24s           2026-06-03T06:44:07
================================================================================
[2026-06-03T06:44:38.871+0000] {manager.py:878} INFO - 
================================================================================
DAG File Processing Stats

File Path                                  PID    Runtime      # DAGs    # Errors  Last Runtime    Last Run
-----------------------------------------  -----  ---------  --------  ----------  --------------  -------------------
/opt/airflow/dags/dag_dq_checkpoint.py                              1           0  0.32s           2026-06-03T06:44:14
/opt/airflow/dags/dag_drift_monitoring.py                           1           0  0.25s           2026-06-03T06:44:38
/opt/airflow/dags/dag_bronze_ingestion.py                           1           0  0.25s           2026-06-03T06:44:13
/opt/airflow/dags/dag_retrain_pipeline.py                           1           0  0.24s           2026-06-03T06:44:38
================================================================================
[2026-06-03T06:45:09.675+0000] {manager.py:878} INFO - 
================================================================================
DAG File Processing Stats

File Path                                  PID    Runtime      # DAGs    # Errors  Last Runtime    Last Run
-----------------------------------------  -----  ---------  --------  ----------  --------------  -------------------
/opt/airflow/dags/dag_drift_monitoring.py                           1           0  0.25s           2026-06-03T06:45:08
/opt/airflow/dags/dag_bronze_ingestion.py                           1           0  0.23s           2026-06-03T06:44:44
/opt/airflow/dags/dag_dq_checkpoint.py                              1           0  0.21s           2026-06-03T06:44:44
/opt/airflow/dags/dag_retrain_pipeline.py                           1           0  0.21s           2026-06-03T06:45:08
================================================================================
[2026-06-03T06:45:40.661+0000] {manager.py:878} INFO - 
================================================================================
DAG File Processing Stats

File Path                                  PID    Runtime      # DAGs    # Errors  Last Runtime    Last Run
-----------------------------------------  -----  ---------  --------  ----------  --------------  -------------------
/opt/airflow/dags/dag_dq_checkpoint.py                              1           0  0.44s           2026-06-03T06:45:15
/opt/airflow/dags/dag_bronze_ingestion.py                           1           0  0.33s           2026-06-03T06:45:15
/opt/airflow/dags/dag_retrain_pipeline.py                           1           0  0.24s           2026-06-03T06:45:39
/opt/airflow/dags/dag_drift_monitoring.py                           1           0  0.24s           2026-06-03T06:45:39
================================================================================
[2026-06-03T06:46:11.267+0000] {manager.py:878} INFO - 
================================================================================
DAG File Processing Stats

File Path                                  PID    Runtime      # DAGs    # Errors  Last Runtime    Last Run
-----------------------------------------  -----  ---------  --------  ----------  --------------  -------------------
/opt/airflow/dags/dag_drift_monitoring.py                           1           0  0.45s           2026-06-03T06:46:10
/opt/airflow/dags/dag_retrain_pipeline.py                           1           0  0.35s           2026-06-03T06:46:10
/opt/airflow/dags/dag_dq_checkpoint.py                              1           0  0.22s           2026-06-03T06:45:46
/opt/airflow/dags/dag_bronze_ingestion.py                           1           0  0.21s           2026-06-03T06:45:46
================================================================================
[2026-06-03T06:46:42.179+0000] {manager.py:878} INFO - 
================================================================================
DAG File Processing Stats

File Path                                  PID    Runtime      # DAGs    # Errors  Last Runtime    Last Run
-----------------------------------------  -----  ---------  --------  ----------  --------------  -------------------
/opt/airflow/dags/dag_dq_checkpoint.py                              1           0  0.30s           2026-06-03T06:46:16
/opt/airflow/dags/dag_bronze_ingestion.py                           1           0  0.21s           2026-06-03T06:46:16
/opt/airflow/dags/dag_retrain_pipeline.py                           1           0  0.18s           2026-06-03T06:46:41
/opt/airflow/dags/dag_drift_monitoring.py                           1           0  0.18s           2026-06-03T06:46:41
================================================================================
[2026-06-03T06:47:12.765+0000] {manager.py:878} INFO - 
================================================================================
DAG File Processing Stats

File Path                                  PID    Runtime      # DAGs    # Errors  Last Runtime    Last Run
-----------------------------------------  -----  ---------  --------  ----------  --------------  -------------------
/opt/airflow/dags/dag_retrain_pipeline.py                           1           0  0.45s           2026-06-03T06:47:12
/opt/airflow/dags/dag_drift_monitoring.py                           1           0  0.40s           2026-06-03T06:47:12
/opt/airflow/dags/dag_dq_checkpoint.py                              1           0  0.25s           2026-06-03T06:46:47
/opt/airflow/dags/dag_bronze_ingestion.py                           1           0  0.22s           2026-06-03T06:46:47
================================================================================
[2026-06-03T06:47:43.297+0000] {manager.py:878} INFO - 
================================================================================
DAG File Processing Stats

File Path                                  PID    Runtime      # DAGs    # Errors  Last Runtime    Last Run
-----------------------------------------  -----  ---------  --------  ----------  --------------  -------------------
/opt/airflow/dags/dag_bronze_ingestion.py                           1           0  0.57s           2026-06-03T06:47:18
/opt/airflow/dags/dag_dq_checkpoint.py                              1           0  0.54s           2026-06-03T06:47:18
/opt/airflow/dags/dag_retrain_pipeline.py                           1           0  0.48s           2026-06-03T06:47:42
/opt/airflow/dags/dag_drift_monitoring.py                           1           0  0.47s           2026-06-03T06:47:42
================================================================================
[2026-06-03T06:48:00.593+0000] {manager.py:737} INFO - Searching for files in /opt/airflow/dags
[2026-06-03T06:48:01.014+0000] {manager.py:740} INFO - There are 4 files in /opt/airflow/dags
[2026-06-03T06:48:14.190+0000] {manager.py:878} INFO - 
================================================================================
DAG File Processing Stats

File Path                                  PID    Runtime      # DAGs    # Errors  Last Runtime    Last Run
-----------------------------------------  -----  ---------  --------  ----------  --------------  -------------------
/opt/airflow/dags/dag_dq_checkpoint.py                              1           0  0.30s           2026-06-03T06:47:49
/opt/airflow/dags/dag_bronze_ingestion.py                           1           0  0.30s           2026-06-03T06:47:49
/opt/airflow/dags/dag_drift_monitoring.py                           1           0  0.25s           2026-06-03T06:48:13
/opt/airflow/dags/dag_retrain_pipeline.py                           1           0  0.22s           2026-06-03T06:48:13
================================================================================
[2026-06-03T06:48:44.687+0000] {manager.py:878} INFO - 
================================================================================
DAG File Processing Stats

File Path                                  PID    Runtime      # DAGs    # Errors  Last Runtime    Last Run
-----------------------------------------  -----  ---------  --------  ----------  --------------  -------------------
/opt/airflow/dags/dag_dq_checkpoint.py                              1           0  0.42s           2026-06-03T06:48:20
/opt/airflow/dags/dag_bronze_ingestion.py                           1           0  0.40s           2026-06-03T06:48:20
/opt/airflow/dags/dag_drift_monitoring.py                           1           0  0.38s           2026-06-03T06:48:44
/opt/airflow/dags/dag_retrain_pipeline.py                           1           0  0.33s           2026-06-03T06:48:43
================================================================================
[2026-06-03T06:49:14.760+0000] {manager.py:878} INFO - 
================================================================================
DAG File Processing Stats

File Path                                    PID  Runtime      # DAGs    # Errors  Last Runtime    Last Run
-----------------------------------------  -----  ---------  --------  ----------  --------------  -------------------
/opt/airflow/dags/dag_dq_checkpoint.py                              1           0  0.54s           2026-06-03T06:48:51
/opt/airflow/dags/dag_retrain_pipeline.py                           1           0  0.46s           2026-06-03T06:49:14
/opt/airflow/dags/dag_bronze_ingestion.py                           1           0  0.42s           2026-06-03T06:48:51
/opt/airflow/dags/dag_drift_monitoring.py   2155  0.34s             1           0  0.38s           2026-06-03T06:48:44
================================================================================
[2026-06-03T09:47:10.752+0000] {manager.py:470} INFO - Processing files using up to 2 processes at a time 
[2026-06-03T09:47:10.760+0000] {manager.py:471} INFO - Process each file at most once every 30 seconds
[2026-06-03T09:47:10.770+0000] {manager.py:472} INFO - Checking for new files in /opt/airflow/dags every 300 seconds
[2026-06-03T09:47:10.773+0000] {manager.py:737} INFO - Searching for files in /opt/airflow/dags
[2026-06-03T09:47:11.330+0000] {manager.py:740} INFO - There are 4 files in /opt/airflow/dags
[2026-06-03T09:47:11.501+0000] {manager.py:878} INFO - 
================================================================================
DAG File Processing Stats

File Path                                    PID  Runtime      # DAGs    # Errors  Last Runtime    Last Run
-----------------------------------------  -----  ---------  --------  ----------  --------------  ----------
/opt/airflow/dags/dag_bronze_ingestion.py                           0           0
/opt/airflow/dags/dag_dq_checkpoint.py                              0           0
/opt/airflow/dags/dag_drift_monitoring.py    175  0.03s             0           0
/opt/airflow/dags/dag_retrain_pipeline.py    172  0.06s             0           0
================================================================================
[2026-06-03T09:47:41.511+0000] {manager.py:878} INFO - 
================================================================================
DAG File Processing Stats

File Path                                  PID    Runtime      # DAGs    # Errors  Last Runtime    Last Run
-----------------------------------------  -----  ---------  --------  ----------  --------------  -------------------
/opt/airflow/dags/dag_bronze_ingestion.py                           1           0  0.48s           2026-06-03T09:47:12
/opt/airflow/dags/dag_dq_checkpoint.py                              1           0  0.46s           2026-06-03T09:47:12
/opt/airflow/dags/dag_drift_monitoring.py                           1           0  0.39s           2026-06-03T09:47:11
/opt/airflow/dags/dag_retrain_pipeline.py                           1           0  0.36s           2026-06-03T09:47:11
================================================================================
[2026-06-03T09:48:12.260+0000] {manager.py:878} INFO - 
================================================================================
DAG File Processing Stats

File Path                                  PID    Runtime      # DAGs    # Errors  Last Runtime    Last Run
-----------------------------------------  -----  ---------  --------  ----------  --------------  -------------------
/opt/airflow/dags/dag_bronze_ingestion.py                           1           0  0.26s           2026-06-03T09:47:43
/opt/airflow/dags/dag_drift_monitoring.py                           1           0  0.23s           2026-06-03T09:47:42
/opt/airflow/dags/dag_retrain_pipeline.py                           1           0  0.23s           2026-06-03T09:47:42
/opt/airflow/dags/dag_dq_checkpoint.py                              1           0  0.20s           2026-06-03T09:47:42
================================================================================
[2026-06-03T09:48:42.726+0000] {manager.py:878} INFO - 
================================================================================
DAG File Processing Stats

File Path                                  PID    Runtime      # DAGs    # Errors  Last Runtime    Last Run
-----------------------------------------  -----  ---------  --------  ----------  --------------  -------------------
/opt/airflow/dags/dag_drift_monitoring.py                           1           0  0.44s           2026-06-03T09:48:13
/opt/airflow/dags/dag_retrain_pipeline.py                           1           0  0.31s           2026-06-03T09:48:12
/opt/airflow/dags/dag_dq_checkpoint.py                              1           0  0.26s           2026-06-03T09:48:13
/opt/airflow/dags/dag_bronze_ingestion.py                           1           0  0.24s           2026-06-03T09:48:14
================================================================================
[2026-06-03T09:49:12.899+0000] {manager.py:878} INFO - 
================================================================================
DAG File Processing Stats

File Path                                  PID    Runtime      # DAGs    # Errors  Last Runtime    Last Run
-----------------------------------------  -----  ---------  --------  ----------  --------------  -------------------
/opt/airflow/dags/dag_retrain_pipeline.py                           1           0  1.12s           2026-06-03T09:48:44
/opt/airflow/dags/dag_drift_monitoring.py                           1           0  0.21s           2026-06-03T09:48:44
/opt/airflow/dags/dag_dq_checkpoint.py                              1           0  0.21s           2026-06-03T09:48:44
/opt/airflow/dags/dag_bronze_ingestion.py                           1           0  0.21s           2026-06-03T09:48:44
================================================================================
[2026-06-03T09:49:43.745+0000] {manager.py:878} INFO - 
================================================================================
DAG File Processing Stats

File Path                                  PID    Runtime      # DAGs    # Errors  Last Runtime    Last Run
-----------------------------------------  -----  ---------  --------  ----------  --------------  -------------------
/opt/airflow/dags/dag_dq_checkpoint.py                              1           0  0.44s           2026-06-03T09:49:15
/opt/airflow/dags/dag_drift_monitoring.py                           1           0  0.37s           2026-06-03T09:49:15
/opt/airflow/dags/dag_bronze_ingestion.py                           1           0  0.30s           2026-06-03T09:49:16
/opt/airflow/dags/dag_retrain_pipeline.py                           1           0  0.26s           2026-06-03T09:49:15
================================================================================
[2026-06-03T09:50:13.805+0000] {manager.py:878} INFO - 
================================================================================
DAG File Processing Stats

File Path                                  PID    Runtime      # DAGs    # Errors  Last Runtime    Last Run
-----------------------------------------  -----  ---------  --------  ----------  --------------  -------------------
/opt/airflow/dags/dag_drift_monitoring.py                           1           0  0.28s           2026-06-03T09:49:46
/opt/airflow/dags/dag_retrain_pipeline.py                           1           0  0.26s           2026-06-03T09:49:46
/opt/airflow/dags/dag_bronze_ingestion.py                           1           0  0.25s           2026-06-03T09:49:46
/opt/airflow/dags/dag_dq_checkpoint.py                              1           0  0.23s           2026-06-03T09:49:46
================================================================================
[2026-06-03T09:50:44.019+0000] {manager.py:878} INFO - 
================================================================================
DAG File Processing Stats

File Path                                  PID    Runtime      # DAGs    # Errors  Last Runtime    Last Run
-----------------------------------------  -----  ---------  --------  ----------  --------------  -------------------
/opt/airflow/dags/dag_drift_monitoring.py                           1           0  0.35s           2026-06-03T09:50:16
/opt/airflow/dags/dag_dq_checkpoint.py                              1           0  0.27s           2026-06-03T09:50:16
/opt/airflow/dags/dag_bronze_ingestion.py                           1           0  0.26s           2026-06-03T09:50:17
/opt/airflow/dags/dag_retrain_pipeline.py                           1           0  0.22s           2026-06-03T09:50:16
================================================================================
[2026-06-03T09:51:14.162+0000] {manager.py:878} INFO - 
================================================================================
DAG File Processing Stats

File Path                                  PID    Runtime      # DAGs    # Errors  Last Runtime    Last Run
-----------------------------------------  -----  ---------  --------  ----------  --------------  -------------------
/opt/airflow/dags/dag_dq_checkpoint.py                              1           0  0.26s           2026-06-03T09:50:47
/opt/airflow/dags/dag_drift_monitoring.py                           1           0  0.26s           2026-06-03T09:50:47
/opt/airflow/dags/dag_retrain_pipeline.py                           1           0  0.26s           2026-06-03T09:50:47
/opt/airflow/dags/dag_bronze_ingestion.py                           1           0  0.19s           2026-06-03T09:50:47
================================================================================
[2026-06-03T09:51:44.840+0000] {manager.py:878} INFO - 
================================================================================
DAG File Processing Stats

File Path                                  PID    Runtime      # DAGs    # Errors  Last Runtime    Last Run
-----------------------------------------  -----  ---------  --------  ----------  --------------  -------------------
/opt/airflow/dags/dag_dq_checkpoint.py                              1           0  0.41s           2026-06-03T09:51:18
/opt/airflow/dags/dag_drift_monitoring.py                           1           0  0.31s           2026-06-03T09:51:17
/opt/airflow/dags/dag_retrain_pipeline.py                           1           0  0.27s           2026-06-03T09:51:17
/opt/airflow/dags/dag_bronze_ingestion.py                           1           0  0.22s           2026-06-03T09:51:18
================================================================================
[2026-06-03T09:52:11.420+0000] {manager.py:737} INFO - Searching for files in /opt/airflow/dags
[2026-06-03T09:52:11.650+0000] {manager.py:740} INFO - There are 4 files in /opt/airflow/dags
[2026-06-03T09:52:15.807+0000] {manager.py:878} INFO - 
================================================================================
DAG File Processing Stats

File Path                                  PID    Runtime      # DAGs    # Errors  Last Runtime    Last Run
-----------------------------------------  -----  ---------  --------  ----------  --------------  -------------------
/opt/airflow/dags/dag_drift_monitoring.py                           1           0  0.46s           2026-06-03T09:51:48
/opt/airflow/dags/dag_retrain_pipeline.py                           1           0  0.39s           2026-06-03T09:51:48
/opt/airflow/dags/dag_bronze_ingestion.py                           1           0  0.36s           2026-06-03T09:51:48
/opt/airflow/dags/dag_dq_checkpoint.py                              1           0  0.31s           2026-06-03T09:51:48
================================================================================
[2026-06-03T09:52:46.447+0000] {manager.py:878} INFO - 
================================================================================
DAG File Processing Stats

File Path                                  PID    Runtime      # DAGs    # Errors  Last Runtime    Last Run
-----------------------------------------  -----  ---------  --------  ----------  --------------  -------------------
/opt/airflow/dags/dag_dq_checkpoint.py                              1           0  0.29s           2026-06-03T09:52:19
/opt/airflow/dags/dag_bronze_ingestion.py                           1           0  0.24s           2026-06-03T09:52:19
/opt/airflow/dags/dag_drift_monitoring.py                           1           0  0.22s           2026-06-03T09:52:19
/opt/airflow/dags/dag_retrain_pipeline.py                           1           0  0.18s           2026-06-03T09:52:19
================================================================================
[2026-06-03T09:53:16.802+0000] {manager.py:878} INFO - 
================================================================================
DAG File Processing Stats

File Path                                  PID    Runtime      # DAGs    # Errors  Last Runtime    Last Run
-----------------------------------------  -----  ---------  --------  ----------  --------------  -------------------
/opt/airflow/dags/dag_bronze_ingestion.py                           1           0  0.26s           2026-06-03T09:52:50
/opt/airflow/dags/dag_dq_checkpoint.py                              1           0  0.18s           2026-06-03T09:52:49
/opt/airflow/dags/dag_retrain_pipeline.py                           1           0  0.18s           2026-06-03T09:52:49
/opt/airflow/dags/dag_drift_monitoring.py                           1           0  0.16s           2026-06-03T09:52:49
================================================================================
[2026-06-03T09:53:46.892+0000] {manager.py:878} INFO - 
================================================================================
DAG File Processing Stats

File Path                                  PID    Runtime      # DAGs    # Errors  Last Runtime    Last Run
-----------------------------------------  -----  ---------  --------  ----------  --------------  -------------------
/opt/airflow/dags/dag_dq_checkpoint.py                              1           0  0.65s           2026-06-03T09:53:21
/opt/airflow/dags/dag_drift_monitoring.py                           1           0  0.51s           2026-06-03T09:53:20
/opt/airflow/dags/dag_retrain_pipeline.py                           1           0  0.39s           2026-06-03T09:53:20
/opt/airflow/dags/dag_bronze_ingestion.py                           1           0  0.39s           2026-06-03T09:53:21
================================================================================
[2026-06-03T09:54:17.652+0000] {manager.py:878} INFO - 
================================================================================
DAG File Processing Stats

File Path                                  PID    Runtime      # DAGs    # Errors  Last Runtime    Last Run
-----------------------------------------  -----  ---------  --------  ----------  --------------  -------------------
/opt/airflow/dags/dag_dq_checkpoint.py                              1           0  0.29s           2026-06-03T09:53:51
/opt/airflow/dags/dag_retrain_pipeline.py                           1           0  0.23s           2026-06-03T09:53:51
/opt/airflow/dags/dag_bronze_ingestion.py                           1           0  0.22s           2026-06-03T09:53:52
/opt/airflow/dags/dag_drift_monitoring.py                           1           0  0.21s           2026-06-03T09:53:51
================================================================================
[2026-06-03T09:54:48.086+0000] {manager.py:878} INFO - 
================================================================================
DAG File Processing Stats

File Path                                  PID    Runtime      # DAGs    # Errors  Last Runtime    Last Run
-----------------------------------------  -----  ---------  --------  ----------  --------------  -------------------
/opt/airflow/dags/dag_retrain_pipeline.py                           1           0  0.37s           2026-06-03T09:54:22
/opt/airflow/dags/dag_drift_monitoring.py                           1           0  0.34s           2026-06-03T09:54:22
/opt/airflow/dags/dag_dq_checkpoint.py                              1           0  0.24s           2026-06-03T09:54:22
/opt/airflow/dags/dag_bronze_ingestion.py                           1           0  0.22s           2026-06-03T09:54:22
================================================================================
[2026-06-03T09:55:18.699+0000] {manager.py:878} INFO - 
================================================================================
DAG File Processing Stats

File Path                                  PID    Runtime      # DAGs    # Errors  Last Runtime    Last Run
-----------------------------------------  -----  ---------  --------  ----------  --------------  -------------------
/opt/airflow/dags/dag_retrain_pipeline.py                           1           0  0.30s           2026-06-03T09:54:52
/opt/airflow/dags/dag_drift_monitoring.py                           1           0  0.29s           2026-06-03T09:54:52
/opt/airflow/dags/dag_dq_checkpoint.py                              1           0  0.24s           2026-06-03T09:54:53
/opt/airflow/dags/dag_bronze_ingestion.py                           1           0  0.21s           2026-06-03T09:54:53
================================================================================
[2026-06-03T09:55:49.631+0000] {manager.py:878} INFO - 
================================================================================
DAG File Processing Stats

File Path                                  PID    Runtime      # DAGs    # Errors  Last Runtime    Last Run
-----------------------------------------  -----  ---------  --------  ----------  --------------  -------------------
/opt/airflow/dags/dag_dq_checkpoint.py                              1           0  0.35s           2026-06-03T09:55:23
/opt/airflow/dags/dag_bronze_ingestion.py                           1           0  0.28s           2026-06-03T09:55:23
/opt/airflow/dags/dag_retrain_pipeline.py                           1           0  0.28s           2026-06-03T09:55:23
/opt/airflow/dags/dag_drift_monitoring.py                           1           0  0.27s           2026-06-03T09:55:23
================================================================================
[2026-06-03T09:56:20.272+0000] {manager.py:878} INFO - 
================================================================================
DAG File Processing Stats

File Path                                  PID    Runtime      # DAGs    # Errors  Last Runtime    Last Run
-----------------------------------------  -----  ---------  --------  ----------  --------------  -------------------
/opt/airflow/dags/dag_drift_monitoring.py                           1           0  0.37s           2026-06-03T09:55:54
/opt/airflow/dags/dag_retrain_pipeline.py                           1           0  0.37s           2026-06-03T09:55:54
/opt/airflow/dags/dag_bronze_ingestion.py                           1           0  0.25s           2026-06-03T09:55:54
/opt/airflow/dags/dag_dq_checkpoint.py                              1           0  0.16s           2026-06-03T09:55:54
================================================================================
[2026-06-03T09:56:51.043+0000] {manager.py:878} INFO - 
================================================================================
DAG File Processing Stats

File Path                                  PID    Runtime      # DAGs    # Errors  Last Runtime    Last Run
-----------------------------------------  -----  ---------  --------  ----------  --------------  -------------------
/opt/airflow/dags/dag_retrain_pipeline.py                           1           0  0.37s           2026-06-03T09:56:24
/opt/airflow/dags/dag_bronze_ingestion.py                           1           0  0.29s           2026-06-03T09:56:25
/opt/airflow/dags/dag_dq_checkpoint.py                              1           0  0.28s           2026-06-03T09:56:25
/opt/airflow/dags/dag_drift_monitoring.py                           1           0  0.27s           2026-06-03T09:56:24
================================================================================
[2026-06-03T09:57:12.042+0000] {manager.py:737} INFO - Searching for files in /opt/airflow/dags
[2026-06-03T09:57:12.260+0000] {manager.py:740} INFO - There are 4 files in /opt/airflow/dags
[2026-06-03T09:57:21.843+0000] {manager.py:878} INFO - 
================================================================================
DAG File Processing Stats

File Path                                  PID    Runtime      # DAGs    # Errors  Last Runtime    Last Run
-----------------------------------------  -----  ---------  --------  ----------  --------------  -------------------
/opt/airflow/dags/dag_retrain_pipeline.py                           1           0  0.31s           2026-06-03T09:56:55
/opt/airflow/dags/dag_dq_checkpoint.py                              1           0  0.24s           2026-06-03T09:56:55
/opt/airflow/dags/dag_drift_monitoring.py                           1           0  0.22s           2026-06-03T09:56:55
/opt/airflow/dags/dag_bronze_ingestion.py                           1           0  0.21s           2026-06-03T09:56:55
================================================================================
[2026-06-03T09:57:52.001+0000] {manager.py:878} INFO - 
================================================================================
DAG File Processing Stats

File Path                                  PID    Runtime      # DAGs    # Errors  Last Runtime    Last Run
-----------------------------------------  -----  ---------  --------  ----------  --------------  -------------------
/opt/airflow/dags/dag_retrain_pipeline.py                           1           0  0.48s           2026-06-03T09:57:26
/opt/airflow/dags/dag_drift_monitoring.py                           1           0  0.46s           2026-06-03T09:57:26
/opt/airflow/dags/dag_dq_checkpoint.py                              1           0  0.36s           2026-06-03T09:57:26
/opt/airflow/dags/dag_bronze_ingestion.py                           1           0  0.21s           2026-06-03T09:57:27
================================================================================
[2026-06-03T09:58:22.061+0000] {manager.py:878} INFO - 
================================================================================
DAG File Processing Stats

File Path                                  PID    Runtime      # DAGs    # Errors  Last Runtime    Last Run
-----------------------------------------  -----  ---------  --------  ----------  --------------  -------------------
/opt/airflow/dags/dag_retrain_pipeline.py                           1           0  0.30s           2026-06-03T09:57:57
/opt/airflow/dags/dag_drift_monitoring.py                           1           0  0.27s           2026-06-03T09:57:57
/opt/airflow/dags/dag_dq_checkpoint.py                              1           0  0.23s           2026-06-03T09:57:57
/opt/airflow/dags/dag_bronze_ingestion.py                           1           0  0.20s           2026-06-03T09:57:58
================================================================================
[2026-06-03T09:58:52.246+0000] {manager.py:878} INFO - 
================================================================================
DAG File Processing Stats

File Path                                  PID    Runtime      # DAGs    # Errors  Last Runtime    Last Run
-----------------------------------------  -----  ---------  --------  ----------  --------------  -------------------
/opt/airflow/dags/dag_dq_checkpoint.py                              1           0  0.37s           2026-06-03T09:58:29
/opt/airflow/dags/dag_drift_monitoring.py                           1           0  0.30s           2026-06-03T09:58:28
/opt/airflow/dags/dag_retrain_pipeline.py                           1           0  0.25s           2026-06-03T09:58:28
/opt/airflow/dags/dag_bronze_ingestion.py                           1           0  0.24s           2026-06-03T09:58:29
================================================================================
[2026-06-03T09:59:22.450+0000] {manager.py:878} INFO - 
================================================================================
DAG File Processing Stats

File Path                                  PID    Runtime      # DAGs    # Errors  Last Runtime    Last Run
-----------------------------------------  -----  ---------  --------  ----------  --------------  -------------------
/opt/airflow/dags/dag_retrain_pipeline.py                           1           0  0.26s           2026-06-03T09:58:59
/opt/airflow/dags/dag_drift_monitoring.py                           1           0  0.26s           2026-06-03T09:58:59
/opt/airflow/dags/dag_bronze_ingestion.py                           1           0  0.25s           2026-06-03T09:58:59
/opt/airflow/dags/dag_dq_checkpoint.py                              1           0  0.22s           2026-06-03T09:58:59
================================================================================
[2026-06-03T09:59:52.748+0000] {manager.py:878} INFO - 
================================================================================
DAG File Processing Stats

File Path                                  PID    Runtime      # DAGs    # Errors  Last Runtime    Last Run
-----------------------------------------  -----  ---------  --------  ----------  --------------  -------------------
/opt/airflow/dags/dag_drift_monitoring.py                           1           0  0.39s           2026-06-03T09:59:29
/opt/airflow/dags/dag_retrain_pipeline.py                           1           0  0.38s           2026-06-03T09:59:29
/opt/airflow/dags/dag_bronze_ingestion.py                           1           0  0.27s           2026-06-03T09:59:30
/opt/airflow/dags/dag_dq_checkpoint.py                              1           0  0.25s           2026-06-03T09:59:30
================================================================================
[2026-06-03T10:00:23.498+0000] {manager.py:878} INFO - 
================================================================================
DAG File Processing Stats

File Path                                  PID    Runtime      # DAGs    # Errors  Last Runtime    Last Run
-----------------------------------------  -----  ---------  --------  ----------  --------------  -------------------
/opt/airflow/dags/dag_retrain_pipeline.py                           1           0  0.44s           2026-06-03T10:00:00
/opt/airflow/dags/dag_dq_checkpoint.py                              1           0  0.31s           2026-06-03T10:00:00
/opt/airflow/dags/dag_drift_monitoring.py                           1           0  0.30s           2026-06-03T10:00:00
/opt/airflow/dags/dag_bronze_ingestion.py                           1           0  0.27s           2026-06-03T10:00:00
================================================================================
[2026-06-03T10:00:54.128+0000] {manager.py:878} INFO - 
================================================================================
DAG File Processing Stats

File Path                                  PID    Runtime      # DAGs    # Errors  Last Runtime    Last Run
-----------------------------------------  -----  ---------  --------  ----------  --------------  -------------------
/opt/airflow/dags/dag_retrain_pipeline.py                           1           0  0.35s           2026-06-03T10:00:31
/opt/airflow/dags/dag_bronze_ingestion.py                           1           0  0.34s           2026-06-03T10:00:31
/opt/airflow/dags/dag_dq_checkpoint.py                              1           0  0.33s           2026-06-03T10:00:31
/opt/airflow/dags/dag_drift_monitoring.py                           1           0  0.32s           2026-06-03T10:00:31
================================================================================
[2026-06-03T10:01:24.766+0000] {manager.py:878} INFO - 
================================================================================
DAG File Processing Stats

File Path                                  PID    Runtime      # DAGs    # Errors  Last Runtime    Last Run
-----------------------------------------  -----  ---------  --------  ----------  --------------  -------------------
/opt/airflow/dags/dag_dq_checkpoint.py                              1           0  0.40s           2026-06-03T10:01:02
/opt/airflow/dags/dag_drift_monitoring.py                           1           0  0.31s           2026-06-03T10:01:01
/opt/airflow/dags/dag_retrain_pipeline.py                           1           0  0.29s           2026-06-03T10:01:01
/opt/airflow/dags/dag_bronze_ingestion.py                           1           0  0.28s           2026-06-03T10:01:02
================================================================================
[2026-06-03T10:01:55.170+0000] {manager.py:878} INFO - 
================================================================================
DAG File Processing Stats

File Path                                  PID    Runtime      # DAGs    # Errors  Last Runtime    Last Run
-----------------------------------------  -----  ---------  --------  ----------  --------------  -------------------
/opt/airflow/dags/dag_bronze_ingestion.py                           1           0  0.41s           2026-06-03T10:01:33
/opt/airflow/dags/dag_dq_checkpoint.py                              1           0  0.41s           2026-06-03T10:01:33
/opt/airflow/dags/dag_retrain_pipeline.py                           1           0  0.18s           2026-06-03T10:01:32
/opt/airflow/dags/dag_drift_monitoring.py                           1           0  0.15s           2026-06-03T10:01:32
================================================================================
[2026-06-03T10:02:12.617+0000] {manager.py:737} INFO - Searching for files in /opt/airflow/dags
[2026-06-03T10:02:12.854+0000] {manager.py:740} INFO - There are 4 files in /opt/airflow/dags
[2026-06-03T10:02:25.252+0000] {manager.py:878} INFO - 
================================================================================
DAG File Processing Stats

File Path                                  PID    Runtime      # DAGs    # Errors  Last Runtime    Last Run
-----------------------------------------  -----  ---------  --------  ----------  --------------  -------------------
/opt/airflow/dags/dag_dq_checkpoint.py                              1           0  0.48s           2026-06-03T10:02:04
/opt/airflow/dags/dag_bronze_ingestion.py                           1           0  0.35s           2026-06-03T10:02:04
/opt/airflow/dags/dag_retrain_pipeline.py                           1           0  0.34s           2026-06-03T10:02:02
/opt/airflow/dags/dag_drift_monitoring.py                           1           0  0.26s           2026-06-03T10:02:02
================================================================================
[2026-06-03T10:02:55.512+0000] {manager.py:878} INFO - 
================================================================================
DAG File Processing Stats

File Path                                  PID    Runtime      # DAGs    # Errors  Last Runtime    Last Run
-----------------------------------------  -----  ---------  --------  ----------  --------------  -------------------
/opt/airflow/dags/dag_retrain_pipeline.py                           1           0  0.31s           2026-06-03T10:02:33
/opt/airflow/dags/dag_drift_monitoring.py                           1           0  0.30s           2026-06-03T10:02:33
/opt/airflow/dags/dag_dq_checkpoint.py                              1           0  0.21s           2026-06-03T10:02:35
/opt/airflow/dags/dag_bronze_ingestion.py                           1           0  0.19s           2026-06-03T10:02:35
================================================================================
[2026-06-03T10:03:26.072+0000] {manager.py:878} INFO - 
================================================================================
DAG File Processing Stats

File Path                                  PID    Runtime      # DAGs    # Errors  Last Runtime    Last Run
-----------------------------------------  -----  ---------  --------  ----------  --------------  -------------------
/opt/airflow/dags/dag_retrain_pipeline.py                           1           0  0.38s           2026-06-03T10:03:04
/opt/airflow/dags/dag_bronze_ingestion.py                           1           0  0.36s           2026-06-03T10:03:05
/opt/airflow/dags/dag_drift_monitoring.py                           1           0  0.35s           2026-06-03T10:03:04
/opt/airflow/dags/dag_dq_checkpoint.py                              1           0  0.34s           2026-06-03T10:03:05
================================================================================
[2026-06-03T10:03:56.455+0000] {manager.py:878} INFO - 
================================================================================
DAG File Processing Stats

File Path                                  PID    Runtime      # DAGs    # Errors  Last Runtime    Last Run
-----------------------------------------  -----  ---------  --------  ----------  --------------  -------------------
/opt/airflow/dags/dag_dq_checkpoint.py                              1           0  0.16s           2026-06-03T10:03:35
/opt/airflow/dags/dag_retrain_pipeline.py                           1           0  0.15s           2026-06-03T10:03:34
/opt/airflow/dags/dag_bronze_ingestion.py                           1           0  0.15s           2026-06-03T10:03:35
/opt/airflow/dags/dag_drift_monitoring.py                           1           0  0.15s           2026-06-03T10:03:34
================================================================================
[2026-06-03T10:04:27.074+0000] {manager.py:878} INFO - 
================================================================================
DAG File Processing Stats

File Path                                  PID    Runtime      # DAGs    # Errors  Last Runtime    Last Run
-----------------------------------------  -----  ---------  --------  ----------  --------------  -------------------
/opt/airflow/dags/dag_drift_monitoring.py                           1           0  0.31s           2026-06-03T10:04:05
/opt/airflow/dags/dag_retrain_pipeline.py                           1           0  0.29s           2026-06-03T10:04:05
/opt/airflow/dags/dag_dq_checkpoint.py                              1           0  0.20s           2026-06-03T10:04:06
/opt/airflow/dags/dag_bronze_ingestion.py                           1           0  0.16s           2026-06-03T10:04:06
================================================================================
[2026-06-03T10:04:57.573+0000] {manager.py:878} INFO - 
================================================================================
DAG File Processing Stats

File Path                                  PID    Runtime      # DAGs    # Errors  Last Runtime    Last Run
-----------------------------------------  -----  ---------  --------  ----------  --------------  -------------------
/opt/airflow/dags/dag_bronze_ingestion.py                           1           0  0.52s           2026-06-03T10:04:37
/opt/airflow/dags/dag_drift_monitoring.py                           1           0  0.24s           2026-06-03T10:04:35
/opt/airflow/dags/dag_retrain_pipeline.py                           1           0  0.23s           2026-06-03T10:04:35
/opt/airflow/dags/dag_dq_checkpoint.py                              1           0  0.18s           2026-06-03T10:04:36
================================================================================
[2026-06-03T10:05:28.164+0000] {manager.py:878} INFO - 
================================================================================
DAG File Processing Stats

File Path                                  PID    Runtime      # DAGs    # Errors  Last Runtime    Last Run
-----------------------------------------  -----  ---------  --------  ----------  --------------  -------------------
/opt/airflow/dags/dag_retrain_pipeline.py                           1           0  0.22s           2026-06-03T10:05:06
/opt/airflow/dags/dag_drift_monitoring.py                           1           0  0.20s           2026-06-03T10:05:06
/opt/airflow/dags/dag_dq_checkpoint.py                              1           0  0.20s           2026-06-03T10:05:07
/opt/airflow/dags/dag_bronze_ingestion.py                           1           0  0.17s           2026-06-03T10:05:07
================================================================================
[2026-06-03T10:05:59.430+0000] {manager.py:878} INFO - 
================================================================================
DAG File Processing Stats

File Path                                  PID    Runtime      # DAGs    # Errors  Last Runtime    Last Run
-----------------------------------------  -----  ---------  --------  ----------  --------------  -------------------
/opt/airflow/dags/dag_retrain_pipeline.py                           1           0  1.37s           2026-06-03T10:05:38
/opt/airflow/dags/dag_drift_monitoring.py                           1           0  1.25s           2026-06-03T10:05:38
/opt/airflow/dags/dag_dq_checkpoint.py                              1           0  0.78s           2026-06-03T10:05:39
/opt/airflow/dags/dag_bronze_ingestion.py                           1           0  0.49s           2026-06-03T10:05:39
================================================================================
[2026-06-03T10:06:29.608+0000] {manager.py:878} INFO - 
================================================================================
DAG File Processing Stats

File Path                                  PID    Runtime      # DAGs    # Errors  Last Runtime    Last Run
-----------------------------------------  -----  ---------  --------  ----------  --------------  -------------------
/opt/airflow/dags/dag_drift_monitoring.py                           1           0  0.52s           2026-06-03T10:06:10
/opt/airflow/dags/dag_dq_checkpoint.py                              1           0  0.43s           2026-06-03T10:06:10
/opt/airflow/dags/dag_retrain_pipeline.py                           1           0  0.37s           2026-06-03T10:06:09
/opt/airflow/dags/dag_bronze_ingestion.py                           1           0  0.30s           2026-06-03T10:06:10
================================================================================
[2026-06-03T10:07:00.298+0000] {manager.py:878} INFO - 
================================================================================
DAG File Processing Stats

File Path                                  PID    Runtime      # DAGs    # Errors  Last Runtime    Last Run
-----------------------------------------  -----  ---------  --------  ----------  --------------  -------------------
/opt/airflow/dags/dag_dq_checkpoint.py                              1           0  0.33s           2026-06-03T10:06:41
/opt/airflow/dags/dag_retrain_pipeline.py                           1           0  0.27s           2026-06-03T10:06:41
/opt/airflow/dags/dag_bronze_ingestion.py                           1           0  0.25s           2026-06-03T10:06:41
/opt/airflow/dags/dag_drift_monitoring.py                           1           0  0.24s           2026-06-03T10:06:41
================================================================================
[2026-06-03T10:07:13.162+0000] {manager.py:737} INFO - Searching for files in /opt/airflow/dags
[2026-06-03T10:07:13.415+0000] {manager.py:740} INFO - There are 4 files in /opt/airflow/dags
[2026-06-03T10:07:30.902+0000] {manager.py:878} INFO - 
================================================================================
DAG File Processing Stats

File Path                                  PID    Runtime      # DAGs    # Errors  Last Runtime    Last Run
-----------------------------------------  -----  ---------  --------  ----------  --------------  -------------------
/opt/airflow/dags/dag_drift_monitoring.py                           1           0  0.40s           2026-06-03T10:07:12
/opt/airflow/dags/dag_bronze_ingestion.py                           1           0  0.34s           2026-06-03T10:07:12
/opt/airflow/dags/dag_retrain_pipeline.py                           1           0  0.28s           2026-06-03T10:07:11
/opt/airflow/dags/dag_dq_checkpoint.py                              1           0  0.21s           2026-06-03T10:07:12
================================================================================
[2026-06-03T10:08:01.491+0000] {manager.py:878} INFO - 
================================================================================
DAG File Processing Stats

File Path                                  PID    Runtime      # DAGs    # Errors  Last Runtime    Last Run
-----------------------------------------  -----  ---------  --------  ----------  --------------  -------------------
/opt/airflow/dags/dag_retrain_pipeline.py                           1           0  0.35s           2026-06-03T10:07:42
/opt/airflow/dags/dag_dq_checkpoint.py                              1           0  0.19s           2026-06-03T10:07:42
/opt/airflow/dags/dag_bronze_ingestion.py                           1           0  0.19s           2026-06-03T10:07:42
/opt/airflow/dags/dag_drift_monitoring.py                           1           0  0.15s           2026-06-03T10:07:42
================================================================================
[2026-06-03T10:08:32.297+0000] {manager.py:878} INFO - 
================================================================================
DAG File Processing Stats

File Path                                  PID    Runtime      # DAGs    # Errors  Last Runtime    Last Run
-----------------------------------------  -----  ---------  --------  ----------  --------------  -------------------
/opt/airflow/dags/dag_bronze_ingestion.py                           1           0  0.44s           2026-06-03T10:08:13
/opt/airflow/dags/dag_dq_checkpoint.py                              1           0  0.33s           2026-06-03T10:08:13
/opt/airflow/dags/dag_drift_monitoring.py                           1           0  0.32s           2026-06-03T10:08:13
/opt/airflow/dags/dag_retrain_pipeline.py                           1           0  0.27s           2026-06-03T10:08:13
================================================================================
[2026-06-03T10:09:02.532+0000] {manager.py:878} INFO - 
================================================================================
DAG File Processing Stats

File Path                                  PID    Runtime      # DAGs    # Errors  Last Runtime    Last Run
-----------------------------------------  -----  ---------  --------  ----------  --------------  -------------------
/opt/airflow/dags/dag_bronze_ingestion.py                           1           0  0.45s           2026-06-03T10:08:45
/opt/airflow/dags/dag_drift_monitoring.py                           1           0  0.43s           2026-06-03T10:08:44
/opt/airflow/dags/dag_retrain_pipeline.py                           1           0  0.42s           2026-06-03T10:08:44
/opt/airflow/dags/dag_dq_checkpoint.py                              1           0  0.36s           2026-06-03T10:08:44
================================================================================
[2026-06-03T10:09:32.777+0000] {manager.py:878} INFO - 
================================================================================
DAG File Processing Stats

File Path                                  PID    Runtime      # DAGs    # Errors  Last Runtime    Last Run
-----------------------------------------  -----  ---------  --------  ----------  --------------  -------------------
/opt/airflow/dags/dag_bronze_ingestion.py                           1           0  0.32s           2026-06-03T10:09:15
/opt/airflow/dags/dag_retrain_pipeline.py                           1           0  0.27s           2026-06-03T10:09:15
/opt/airflow/dags/dag_dq_checkpoint.py                              1           0  0.25s           2026-06-03T10:09:15
/opt/airflow/dags/dag_drift_monitoring.py                           1           0  0.24s           2026-06-03T10:09:15
================================================================================
[2026-06-03T10:10:03.442+0000] {manager.py:878} INFO - 
================================================================================
DAG File Processing Stats

File Path                                  PID    Runtime      # DAGs    # Errors  Last Runtime    Last Run
-----------------------------------------  -----  ---------  --------  ----------  --------------  -------------------
/opt/airflow/dags/dag_retrain_pipeline.py                           1           0  0.39s           2026-06-03T10:09:45
/opt/airflow/dags/dag_drift_monitoring.py                           1           0  0.39s           2026-06-03T10:09:45
/opt/airflow/dags/dag_bronze_ingestion.py                           1           0  0.29s           2026-06-03T10:09:46
/opt/airflow/dags/dag_dq_checkpoint.py                              1           0  0.28s           2026-06-03T10:09:45
================================================================================
[2026-06-03T10:10:33.671+0000] {manager.py:878} INFO - 
================================================================================
DAG File Processing Stats

File Path                                  PID    Runtime      # DAGs    # Errors  Last Runtime    Last Run
-----------------------------------------  -----  ---------  --------  ----------  --------------  -------------------
/opt/airflow/dags/dag_bronze_ingestion.py                           1           0  0.40s           2026-06-03T10:10:17
/opt/airflow/dags/dag_dq_checkpoint.py                              1           0  0.38s           2026-06-03T10:10:16
/opt/airflow/dags/dag_drift_monitoring.py                           1           0  0.33s           2026-06-03T10:10:16
/opt/airflow/dags/dag_retrain_pipeline.py                           1           0  0.30s           2026-06-03T10:10:16
================================================================================
[2026-06-03T10:11:04.207+0000] {manager.py:878} INFO - 
================================================================================
DAG File Processing Stats

File Path                                  PID    Runtime      # DAGs    # Errors  Last Runtime    Last Run
-----------------------------------------  -----  ---------  --------  ----------  --------------  -------------------
/opt/airflow/dags/dag_drift_monitoring.py                           1           0  0.51s           2026-06-03T10:10:47
/opt/airflow/dags/dag_dq_checkpoint.py                              1           0  0.35s           2026-06-03T10:10:47
/opt/airflow/dags/dag_retrain_pipeline.py                           1           0  0.33s           2026-06-03T10:10:46
/opt/airflow/dags/dag_bronze_ingestion.py                           1           0  0.27s           2026-06-03T10:10:47
================================================================================
[2026-06-03T10:11:34.355+0000] {manager.py:878} INFO - 
================================================================================
DAG File Processing Stats

File Path                                  PID    Runtime      # DAGs    # Errors  Last Runtime    Last Run
-----------------------------------------  -----  ---------  --------  ----------  --------------  -------------------
/opt/airflow/dags/dag_dq_checkpoint.py                              1           0  0.45s           2026-06-03T10:11:18
/opt/airflow/dags/dag_drift_monitoring.py                           1           0  0.35s           2026-06-03T10:11:17
/opt/airflow/dags/dag_bronze_ingestion.py                           1           0  0.32s           2026-06-03T10:11:18
/opt/airflow/dags/dag_retrain_pipeline.py                           1           0  0.31s           2026-06-03T10:11:17
================================================================================
[2026-06-03T10:12:04.907+0000] {manager.py:878} INFO - 
================================================================================
DAG File Processing Stats

File Path                                  PID    Runtime      # DAGs    # Errors  Last Runtime    Last Run
-----------------------------------------  -----  ---------  --------  ----------  --------------  -------------------
/opt/airflow/dags/dag_dq_checkpoint.py                              1           0  0.43s           2026-06-03T10:11:49
/opt/airflow/dags/dag_bronze_ingestion.py                           1           0  0.37s           2026-06-03T10:11:49
/opt/airflow/dags/dag_drift_monitoring.py                           1           0  0.31s           2026-06-03T10:11:48
/opt/airflow/dags/dag_retrain_pipeline.py                           1           0  0.28s           2026-06-03T10:11:47
================================================================================
[2026-06-03T10:12:13.260+0000] {manager.py:737} INFO - Searching for files in /opt/airflow/dags
[2026-06-03T10:12:13.569+0000] {manager.py:740} INFO - There are 4 files in /opt/airflow/dags
[2026-06-03T10:12:35.209+0000] {manager.py:878} INFO - 
================================================================================
DAG File Processing Stats

File Path                                  PID    Runtime      # DAGs    # Errors  Last Runtime    Last Run
-----------------------------------------  -----  ---------  --------  ----------  --------------  -------------------
/opt/airflow/dags/dag_dq_checkpoint.py                              1           0  1.50s           2026-06-03T10:12:21
/opt/airflow/dags/dag_drift_monitoring.py                           1           0  0.93s           2026-06-03T10:12:19
/opt/airflow/dags/dag_bronze_ingestion.py                           1           0  0.31s           2026-06-03T10:12:21
/opt/airflow/dags/dag_retrain_pipeline.py                           1           0  0.27s           2026-06-03T10:12:18
================================================================================
[2026-06-03T10:13:05.497+0000] {manager.py:878} INFO - 
================================================================================
DAG File Processing Stats

File Path                                  PID    Runtime      # DAGs    # Errors  Last Runtime    Last Run
-----------------------------------------  -----  ---------  --------  ----------  --------------  -------------------
/opt/airflow/dags/dag_retrain_pipeline.py                           1           0  0.36s           2026-06-03T10:12:49
/opt/airflow/dags/dag_drift_monitoring.py                           1           0  0.32s           2026-06-03T10:12:50
/opt/airflow/dags/dag_bronze_ingestion.py                           1           0  0.21s           2026-06-03T10:12:52
/opt/airflow/dags/dag_dq_checkpoint.py                              1           0  0.19s           2026-06-03T10:12:52
================================================================================
[2026-06-03T10:13:35.525+0000] {manager.py:878} INFO - 
================================================================================
DAG File Processing Stats

File Path                                  PID    Runtime      # DAGs    # Errors  Last Runtime    Last Run
-----------------------------------------  -----  ---------  --------  ----------  --------------  -------------------
/opt/airflow/dags/dag_retrain_pipeline.py                           1           0  0.38s           2026-06-03T10:13:20
/opt/airflow/dags/dag_dq_checkpoint.py                              1           0  0.18s           2026-06-03T10:13:22
/opt/airflow/dags/dag_drift_monitoring.py                           1           0  0.17s           2026-06-03T10:13:20
/opt/airflow/dags/dag_bronze_ingestion.py                           1           0  0.16s           2026-06-03T10:13:22
================================================================================
[2026-06-03T10:14:05.799+0000] {manager.py:878} INFO - 
================================================================================
DAG File Processing Stats

File Path                                  PID    Runtime      # DAGs    # Errors  Last Runtime    Last Run
-----------------------------------------  -----  ---------  --------  ----------  --------------  -------------------
/opt/airflow/dags/dag_drift_monitoring.py                           1           0  0.38s           2026-06-03T10:13:51
/opt/airflow/dags/dag_dq_checkpoint.py                              1           0  0.34s           2026-06-03T10:13:53
/opt/airflow/dags/dag_retrain_pipeline.py                           1           0  0.30s           2026-06-03T10:13:51
/opt/airflow/dags/dag_bronze_ingestion.py                           1           0  0.30s           2026-06-03T10:13:53
================================================================================
[2026-06-03T10:14:36.149+0000] {manager.py:878} INFO - 
================================================================================
DAG File Processing Stats

File Path                                  PID    Runtime      # DAGs    # Errors  Last Runtime    Last Run
-----------------------------------------  -----  ---------  --------  ----------  --------------  -------------------
/opt/airflow/dags/dag_dq_checkpoint.py                              1           0  0.28s           2026-06-03T10:14:23
/opt/airflow/dags/dag_retrain_pipeline.py                           1           0  0.24s           2026-06-03T10:14:21
/opt/airflow/dags/dag_drift_monitoring.py                           1           0  0.22s           2026-06-03T10:14:21
/opt/airflow/dags/dag_bronze_ingestion.py                           1           0  0.21s           2026-06-03T10:14:23
================================================================================
[2026-06-03T10:15:06.622+0000] {manager.py:878} INFO - 
================================================================================
DAG File Processing Stats

File Path                                  PID    Runtime      # DAGs    # Errors  Last Runtime    Last Run
-----------------------------------------  -----  ---------  --------  ----------  --------------  -------------------
/opt/airflow/dags/dag_dq_checkpoint.py                              1           0  0.29s           2026-06-03T10:14:54
/opt/airflow/dags/dag_drift_monitoring.py                           1           0  0.23s           2026-06-03T10:14:52
/opt/airflow/dags/dag_bronze_ingestion.py                           1           0  0.21s           2026-06-03T10:14:54
/opt/airflow/dags/dag_retrain_pipeline.py                           1           0  0.18s           2026-06-03T10:14:52
================================================================================
[2026-06-03T10:15:37.122+0000] {manager.py:878} INFO - 
================================================================================
DAG File Processing Stats

File Path                                  PID    Runtime      # DAGs    # Errors  Last Runtime    Last Run
-----------------------------------------  -----  ---------  --------  ----------  --------------  -------------------
/opt/airflow/dags/dag_retrain_pipeline.py                           1           0  0.43s           2026-06-03T10:15:22
/opt/airflow/dags/dag_dq_checkpoint.py                              1           0  0.36s           2026-06-03T10:15:25
/opt/airflow/dags/dag_bronze_ingestion.py                           1           0  0.36s           2026-06-03T10:15:25
/opt/airflow/dags/dag_drift_monitoring.py                           1           0  0.28s           2026-06-03T10:15:22
================================================================================
[2026-06-03T10:16:07.213+0000] {manager.py:878} INFO - 
================================================================================
DAG File Processing Stats

File Path                                  PID    Runtime      # DAGs    # Errors  Last Runtime    Last Run
-----------------------------------------  -----  ---------  --------  ----------  --------------  -------------------
/opt/airflow/dags/dag_bronze_ingestion.py                           1           0  0.34s           2026-06-03T10:15:55
/opt/airflow/dags/dag_retrain_pipeline.py                           1           0  0.23s           2026-06-03T10:15:52
/opt/airflow/dags/dag_dq_checkpoint.py                              1           0  0.21s           2026-06-03T10:15:55
/opt/airflow/dags/dag_drift_monitoring.py                           1           0  0.19s           2026-06-03T10:15:53
================================================================================
[2026-06-03T10:16:37.357+0000] {manager.py:878} INFO - 
================================================================================
DAG File Processing Stats

File Path                                  PID    Runtime      # DAGs    # Errors  Last Runtime    Last Run
-----------------------------------------  -----  ---------  --------  ----------  --------------  -------------------
/opt/airflow/dags/dag_dq_checkpoint.py                              1           0  0.35s           2026-06-03T10:16:25
/opt/airflow/dags/dag_bronze_ingestion.py                           1           0  0.34s           2026-06-03T10:16:26
/opt/airflow/dags/dag_drift_monitoring.py                           1           0  0.33s           2026-06-03T10:16:23
/opt/airflow/dags/dag_retrain_pipeline.py                           1           0  0.31s           2026-06-03T10:16:23
================================================================================
[2026-06-03T10:17:07.424+0000] {manager.py:878} INFO - 
================================================================================
DAG File Processing Stats

File Path                                  PID    Runtime      # DAGs    # Errors  Last Runtime    Last Run
-----------------------------------------  -----  ---------  --------  ----------  --------------  -------------------
/opt/airflow/dags/dag_dq_checkpoint.py                              1           0  0.38s           2026-06-03T10:16:56
/opt/airflow/dags/dag_retrain_pipeline.py                           1           0  0.32s           2026-06-03T10:16:55
/opt/airflow/dags/dag_bronze_ingestion.py                           1           0  0.29s           2026-06-03T10:16:56
/opt/airflow/dags/dag_drift_monitoring.py                           1           0  0.28s           2026-06-03T10:16:55
================================================================================
[2026-06-03T10:17:13.582+0000] {manager.py:737} INFO - Searching for files in /opt/airflow/dags
[2026-06-03T10:17:13.810+0000] {manager.py:740} INFO - There are 4 files in /opt/airflow/dags
[2026-06-03T10:17:38.284+0000] {manager.py:878} INFO - 
================================================================================
DAG File Processing Stats

File Path                                  PID    Runtime      # DAGs    # Errors  Last Runtime    Last Run
-----------------------------------------  -----  ---------  --------  ----------  --------------  -------------------
/opt/airflow/dags/dag_bronze_ingestion.py                           1           0  1.03s           2026-06-03T10:17:27
/opt/airflow/dags/dag_drift_monitoring.py                           1           0  0.37s           2026-06-03T10:17:25
/opt/airflow/dags/dag_retrain_pipeline.py                           1           0  0.31s           2026-06-03T10:17:25
/opt/airflow/dags/dag_dq_checkpoint.py                              1           0  0.19s           2026-06-03T10:17:26
================================================================================
[2026-06-03T10:18:09.216+0000] {manager.py:878} INFO - 
================================================================================
DAG File Processing Stats

File Path                                  PID    Runtime      # DAGs    # Errors  Last Runtime    Last Run
-----------------------------------------  -----  ---------  --------  ----------  --------------  -------------------
/opt/airflow/dags/dag_dq_checkpoint.py                              1           0  0.48s           2026-06-03T10:17:57
/opt/airflow/dags/dag_retrain_pipeline.py                           1           0  0.23s           2026-06-03T10:17:56
/opt/airflow/dags/dag_drift_monitoring.py                           1           0  0.20s           2026-06-03T10:17:56
/opt/airflow/dags/dag_bronze_ingestion.py                           1           0  0.17s           2026-06-03T10:17:58
================================================================================
[2026-06-03T10:18:39.345+0000] {manager.py:878} INFO - 
================================================================================
DAG File Processing Stats

File Path                                  PID    Runtime      # DAGs    # Errors  Last Runtime    Last Run
-----------------------------------------  -----  ---------  --------  ----------  --------------  -------------------
/opt/airflow/dags/dag_dq_checkpoint.py                              1           0  0.37s           2026-06-03T10:18:29
/opt/airflow/dags/dag_bronze_ingestion.py                           1           0  0.31s           2026-06-03T10:18:29
/opt/airflow/dags/dag_retrain_pipeline.py                           1           0  0.17s           2026-06-03T10:18:26
/opt/airflow/dags/dag_drift_monitoring.py                           1           0  0.16s           2026-06-03T10:18:26
================================================================================
[2026-06-03T10:19:09.773+0000] {manager.py:878} INFO - 
================================================================================
DAG File Processing Stats

File Path                                  PID    Runtime      # DAGs    # Errors  Last Runtime    Last Run
-----------------------------------------  -----  ---------  --------  ----------  --------------  -------------------
/opt/airflow/dags/dag_dq_checkpoint.py                              1           0  0.34s           2026-06-03T10:18:59
/opt/airflow/dags/dag_bronze_ingestion.py                           1           0  0.31s           2026-06-03T10:18:59
/opt/airflow/dags/dag_drift_monitoring.py                           1           0  0.29s           2026-06-03T10:18:57
/opt/airflow/dags/dag_retrain_pipeline.py                           1           0  0.22s           2026-06-03T10:18:57
================================================================================
[2026-06-03T10:19:40.600+0000] {manager.py:878} INFO - 
================================================================================
DAG File Processing Stats

File Path                                  PID    Runtime      # DAGs    # Errors  Last Runtime    Last Run
-----------------------------------------  -----  ---------  --------  ----------  --------------  -------------------
/opt/airflow/dags/dag_dq_checkpoint.py                              1           0  0.38s           2026-06-03T10:19:30
/opt/airflow/dags/dag_bronze_ingestion.py                           1           0  0.35s           2026-06-03T10:19:30
/opt/airflow/dags/dag_retrain_pipeline.py                           1           0  0.31s           2026-06-03T10:19:27
/opt/airflow/dags/dag_drift_monitoring.py                           1           0  0.20s           2026-06-03T10:19:28
================================================================================
[2026-06-03T10:20:11.259+0000] {manager.py:878} INFO - 
================================================================================
DAG File Processing Stats

File Path                                  PID    Runtime      # DAGs    # Errors  Last Runtime    Last Run
-----------------------------------------  -----  ---------  --------  ----------  --------------  -------------------
/opt/airflow/dags/dag_retrain_pipeline.py                           1           0  0.32s           2026-06-03T10:19:58
/opt/airflow/dags/dag_drift_monitoring.py                           1           0  0.25s           2026-06-03T10:19:58
/opt/airflow/dags/dag_dq_checkpoint.py                              1           0  0.23s           2026-06-03T10:20:00
/opt/airflow/dags/dag_bronze_ingestion.py                           1           0  0.21s           2026-06-03T10:20:00
================================================================================
[2026-06-03T10:20:41.342+0000] {manager.py:878} INFO - 
================================================================================
DAG File Processing Stats

File Path                                  PID    Runtime      # DAGs    # Errors  Last Runtime    Last Run
-----------------------------------------  -----  ---------  --------  ----------  --------------  -------------------
/opt/airflow/dags/dag_drift_monitoring.py                           1           0  0.24s           2026-06-03T10:20:29
/opt/airflow/dags/dag_retrain_pipeline.py                           1           0  0.23s           2026-06-03T10:20:29
/opt/airflow/dags/dag_dq_checkpoint.py                              1           0  0.18s           2026-06-03T10:20:31
/opt/airflow/dags/dag_bronze_ingestion.py                           1           0  0.17s           2026-06-03T10:20:31
================================================================================
[2026-06-03T10:21:11.909+0000] {manager.py:878} INFO - 
================================================================================
DAG File Processing Stats

File Path                                  PID    Runtime      # DAGs    # Errors  Last Runtime    Last Run
-----------------------------------------  -----  ---------  --------  ----------  --------------  -------------------
/opt/airflow/dags/dag_dq_checkpoint.py                              1           0  0.33s           2026-06-03T10:21:01
/opt/airflow/dags/dag_retrain_pipeline.py                           1           0  0.32s           2026-06-03T10:21:00
/opt/airflow/dags/dag_drift_monitoring.py                           1           0  0.30s           2026-06-03T10:21:00
/opt/airflow/dags/dag_bronze_ingestion.py                           1           0  0.27s           2026-06-03T10:21:01
================================================================================
[2026-06-03T10:21:42.199+0000] {manager.py:878} INFO - 
================================================================================
DAG File Processing Stats

File Path                                  PID    Runtime      # DAGs    # Errors  Last Runtime    Last Run
-----------------------------------------  -----  ---------  --------  ----------  --------------  -------------------
/opt/airflow/dags/dag_bronze_ingestion.py                           1           0  0.40s           2026-06-03T10:21:32
/opt/airflow/dags/dag_dq_checkpoint.py                              1           0  0.36s           2026-06-03T10:21:32
/opt/airflow/dags/dag_drift_monitoring.py                           1           0  0.33s           2026-06-03T10:21:31
/opt/airflow/dags/dag_retrain_pipeline.py                           1           0  0.23s           2026-06-03T10:21:31
================================================================================
[2026-06-03T10:22:12.515+0000] {manager.py:878} INFO - 
================================================================================
DAG File Processing Stats

File Path                                  PID    Runtime      # DAGs    # Errors  Last Runtime    Last Run
-----------------------------------------  -----  ---------  --------  ----------  --------------  -------------------
/opt/airflow/dags/dag_retrain_pipeline.py                           1           0  0.29s           2026-06-03T10:22:02
/opt/airflow/dags/dag_bronze_ingestion.py                           1           0  0.24s           2026-06-03T10:22:03
/opt/airflow/dags/dag_drift_monitoring.py                           1           0  0.24s           2026-06-03T10:22:02
/opt/airflow/dags/dag_dq_checkpoint.py                              1           0  0.23s           2026-06-03T10:22:03
================================================================================
[2026-06-03T10:22:13.626+0000] {manager.py:737} INFO - Searching for files in /opt/airflow/dags
[2026-06-03T10:22:13.839+0000] {manager.py:740} INFO - There are 4 files in /opt/airflow/dags
[2026-06-03T10:22:43.472+0000] {manager.py:878} INFO - 
================================================================================
DAG File Processing Stats

File Path                                  PID    Runtime      # DAGs    # Errors  Last Runtime    Last Run
-----------------------------------------  -----  ---------  --------  ----------  --------------  -------------------
/opt/airflow/dags/dag_retrain_pipeline.py                           1           0  0.37s           2026-06-03T10:22:32
/opt/airflow/dags/dag_drift_monitoring.py                           1           0  0.37s           2026-06-03T10:22:32
/opt/airflow/dags/dag_bronze_ingestion.py                           1           0  0.36s           2026-06-03T10:22:34
/opt/airflow/dags/dag_dq_checkpoint.py                              1           0  0.35s           2026-06-03T10:22:34
================================================================================
[2026-06-03T10:23:13.822+0000] {manager.py:878} INFO - 
================================================================================
DAG File Processing Stats

File Path                                  PID    Runtime      # DAGs    # Errors  Last Runtime    Last Run
-----------------------------------------  -----  ---------  --------  ----------  --------------  -------------------
/opt/airflow/dags/dag_retrain_pipeline.py                           1           0  0.31s           2026-06-03T10:23:03
/opt/airflow/dags/dag_drift_monitoring.py                           1           0  0.22s           2026-06-03T10:23:03
/opt/airflow/dags/dag_dq_checkpoint.py                              1           0  0.19s           2026-06-03T10:23:04
/opt/airflow/dags/dag_bronze_ingestion.py                           1           0  0.16s           2026-06-03T10:23:04
================================================================================
[2026-06-03T10:23:43.860+0000] {manager.py:878} INFO - 
================================================================================
DAG File Processing Stats

File Path                                  PID    Runtime      # DAGs    # Errors  Last Runtime    Last Run
-----------------------------------------  -----  ---------  --------  ----------  --------------  -------------------
/opt/airflow/dags/dag_drift_monitoring.py                           1           0  0.33s           2026-06-03T10:23:34
/opt/airflow/dags/dag_retrain_pipeline.py                           1           0  0.30s           2026-06-03T10:23:34
/opt/airflow/dags/dag_dq_checkpoint.py                              1           0  0.27s           2026-06-03T10:23:35
/opt/airflow/dags/dag_bronze_ingestion.py                           1           0  0.20s           2026-06-03T10:23:35
================================================================================
[2026-06-03T10:24:14.129+0000] {manager.py:878} INFO - 
================================================================================
DAG File Processing Stats

File Path                                  PID    Runtime      # DAGs    # Errors  Last Runtime    Last Run
-----------------------------------------  -----  ---------  --------  ----------  --------------  -------------------
/opt/airflow/dags/dag_drift_monitoring.py                           1           0  0.31s           2026-06-03T10:24:04
/opt/airflow/dags/dag_retrain_pipeline.py                           1           0  0.30s           2026-06-03T10:24:04
/opt/airflow/dags/dag_dq_checkpoint.py                              1           0  0.26s           2026-06-03T10:24:06
/opt/airflow/dags/dag_bronze_ingestion.py                           1           0  0.17s           2026-06-03T10:24:06
================================================================================
[2026-06-03T10:24:44.984+0000] {manager.py:878} INFO - 
================================================================================
DAG File Processing Stats

File Path                                  PID    Runtime      # DAGs    # Errors  Last Runtime    Last Run
-----------------------------------------  -----  ---------  --------  ----------  --------------  -------------------
/opt/airflow/dags/dag_retrain_pipeline.py                           1           0  0.56s           2026-06-03T10:24:35
/opt/airflow/dags/dag_drift_monitoring.py                           1           0  0.54s           2026-06-03T10:24:35
/opt/airflow/dags/dag_dq_checkpoint.py                              1           0  0.28s           2026-06-03T10:24:36
/opt/airflow/dags/dag_bronze_ingestion.py                           1           0  0.21s           2026-06-03T10:24:36
================================================================================
[2026-06-03T10:25:15.127+0000] {manager.py:878} INFO - 
================================================================================
DAG File Processing Stats

File Path                                  PID    Runtime      # DAGs    # Errors  Last Runtime    Last Run
-----------------------------------------  -----  ---------  --------  ----------  --------------  -------------------
/opt/airflow/dags/dag_drift_monitoring.py                           1           0  0.32s           2026-06-03T10:25:05
/opt/airflow/dags/dag_retrain_pipeline.py                           1           0  0.29s           2026-06-03T10:25:05
/opt/airflow/dags/dag_bronze_ingestion.py                           1           0  0.28s           2026-06-03T10:25:07
/opt/airflow/dags/dag_dq_checkpoint.py                              1           0  0.25s           2026-06-03T10:25:07
================================================================================
[2026-06-03T10:25:45.137+0000] {manager.py:878} INFO - 
================================================================================
DAG File Processing Stats

File Path                                  PID    Runtime      # DAGs    # Errors  Last Runtime    Last Run
-----------------------------------------  -----  ---------  --------  ----------  --------------  -------------------
/opt/airflow/dags/dag_bronze_ingestion.py                           1           0  0.45s           2026-06-03T10:25:37
/opt/airflow/dags/dag_dq_checkpoint.py                              1           0  0.38s           2026-06-03T10:25:37
/opt/airflow/dags/dag_retrain_pipeline.py                           1           0  0.25s           2026-06-03T10:25:36
/opt/airflow/dags/dag_drift_monitoring.py                           1           0  0.22s           2026-06-03T10:25:36
================================================================================
[2026-06-03T10:26:15.404+0000] {manager.py:878} INFO - 
================================================================================
DAG File Processing Stats

File Path                                  PID    Runtime      # DAGs    # Errors  Last Runtime    Last Run
-----------------------------------------  -----  ---------  --------  ----------  --------------  -------------------
/opt/airflow/dags/dag_retrain_pipeline.py                           1           0  0.35s           2026-06-03T10:26:06
/opt/airflow/dags/dag_dq_checkpoint.py                              1           0  0.33s           2026-06-03T10:26:08
/opt/airflow/dags/dag_drift_monitoring.py                           1           0  0.31s           2026-06-03T10:26:06
/opt/airflow/dags/dag_bronze_ingestion.py                           1           0  0.27s           2026-06-03T10:26:08
================================================================================
[2026-06-03T10:26:45.659+0000] {manager.py:878} INFO - 
================================================================================
DAG File Processing Stats

File Path                                  PID    Runtime      # DAGs    # Errors  Last Runtime    Last Run
-----------------------------------------  -----  ---------  --------  ----------  --------------  -------------------
/opt/airflow/dags/dag_drift_monitoring.py                           1           0  0.29s           2026-06-03T10:26:37
/opt/airflow/dags/dag_retrain_pipeline.py                           1           0  0.28s           2026-06-03T10:26:37
/opt/airflow/dags/dag_dq_checkpoint.py                              1           0  0.22s           2026-06-03T10:26:38
/opt/airflow/dags/dag_bronze_ingestion.py                           1           0  0.17s           2026-06-03T10:26:38
================================================================================
[2026-06-03T10:27:14.122+0000] {manager.py:737} INFO - Searching for files in /opt/airflow/dags
[2026-06-03T10:27:14.276+0000] {manager.py:740} INFO - There are 4 files in /opt/airflow/dags
[2026-06-03T10:27:16.427+0000] {manager.py:878} INFO - 
================================================================================
DAG File Processing Stats

File Path                                  PID    Runtime      # DAGs    # Errors  Last Runtime    Last Run
-----------------------------------------  -----  ---------  --------  ----------  --------------  -------------------
/opt/airflow/dags/dag_drift_monitoring.py                           1           0  0.25s           2026-06-03T10:27:08
/opt/airflow/dags/dag_retrain_pipeline.py                           1           0  0.24s           2026-06-03T10:27:07
/opt/airflow/dags/dag_dq_checkpoint.py                              1           0  0.23s           2026-06-03T10:27:09
/opt/airflow/dags/dag_bronze_ingestion.py                           1           0  0.18s           2026-06-03T10:27:09
================================================================================
[2026-06-03T10:27:46.859+0000] {manager.py:878} INFO - 
================================================================================
DAG File Processing Stats

File Path                                  PID    Runtime      # DAGs    # Errors  Last Runtime    Last Run
-----------------------------------------  -----  ---------  --------  ----------  --------------  -------------------
/opt/airflow/dags/dag_dq_checkpoint.py                              1           0  0.54s           2026-06-03T10:27:39
/opt/airflow/dags/dag_bronze_ingestion.py                           1           0  0.40s           2026-06-03T10:27:39
/opt/airflow/dags/dag_retrain_pipeline.py                           1           0  0.17s           2026-06-03T10:27:38
/opt/airflow/dags/dag_drift_monitoring.py                           1           0  0.16s           2026-06-03T10:27:38
================================================================================
[2026-06-03T10:28:16.979+0000] {manager.py:878} INFO - 
================================================================================
DAG File Processing Stats

File Path                                  PID    Runtime      # DAGs    # Errors  Last Runtime    Last Run
-----------------------------------------  -----  ---------  --------  ----------  --------------  -------------------
/opt/airflow/dags/dag_retrain_pipeline.py                           1           0  0.34s           2026-06-03T10:28:08
/opt/airflow/dags/dag_dq_checkpoint.py                              1           0  0.33s           2026-06-03T10:28:11
/opt/airflow/dags/dag_bronze_ingestion.py                           1           0  0.31s           2026-06-03T10:28:11
/opt/airflow/dags/dag_drift_monitoring.py                           1           0  0.29s           2026-06-03T10:28:08
================================================================================
[2026-06-03T10:28:47.699+0000] {manager.py:878} INFO - 
================================================================================
DAG File Processing Stats

File Path                                  PID    Runtime      # DAGs    # Errors  Last Runtime    Last Run
-----------------------------------------  -----  ---------  --------  ----------  --------------  -------------------
/opt/airflow/dags/dag_drift_monitoring.py                           1           0  0.23s           2026-06-03T10:28:39
/opt/airflow/dags/dag_retrain_pipeline.py                           1           0  0.22s           2026-06-03T10:28:39
/opt/airflow/dags/dag_dq_checkpoint.py                              1           0  0.17s           2026-06-03T10:28:41
/opt/airflow/dags/dag_bronze_ingestion.py                           1           0  0.16s           2026-06-03T10:28:41
================================================================================
[2026-06-03T10:29:18.043+0000] {manager.py:878} INFO - 
================================================================================
DAG File Processing Stats

File Path                                  PID    Runtime      # DAGs    # Errors  Last Runtime    Last Run
-----------------------------------------  -----  ---------  --------  ----------  --------------  -------------------
/opt/airflow/dags/dag_dq_checkpoint.py                              1           0  0.30s           2026-06-03T10:29:12
/opt/airflow/dags/dag_retrain_pipeline.py                           1           0  0.25s           2026-06-03T10:29:09
/opt/airflow/dags/dag_drift_monitoring.py                           1           0  0.23s           2026-06-03T10:29:09
/opt/airflow/dags/dag_bronze_ingestion.py                           1           0  0.22s           2026-06-03T10:29:12
================================================================================
[2026-06-03T10:29:48.792+0000] {manager.py:878} INFO - 
================================================================================
DAG File Processing Stats

File Path                                  PID    Runtime      # DAGs    # Errors  Last Runtime    Last Run
-----------------------------------------  -----  ---------  --------  ----------  --------------  -------------------
/opt/airflow/dags/dag_drift_monitoring.py                           1           0  0.35s           2026-06-03T10:29:40
/opt/airflow/dags/dag_retrain_pipeline.py                           1           0  0.29s           2026-06-03T10:29:40
/opt/airflow/dags/dag_dq_checkpoint.py                              1           0  0.27s           2026-06-03T10:29:42
/opt/airflow/dags/dag_bronze_ingestion.py                           1           0  0.25s           2026-06-03T10:29:42
================================================================================
[2026-06-03T10:30:19.090+0000] {manager.py:878} INFO - 
================================================================================
DAG File Processing Stats

File Path                                  PID    Runtime      # DAGs    # Errors  Last Runtime    Last Run
-----------------------------------------  -----  ---------  --------  ----------  --------------  -------------------
/opt/airflow/dags/dag_dq_checkpoint.py                              1           0  0.47s           2026-06-03T10:30:13
/opt/airflow/dags/dag_bronze_ingestion.py                           1           0  0.37s           2026-06-03T10:30:13
/opt/airflow/dags/dag_drift_monitoring.py                           1           0  0.21s           2026-06-03T10:30:10
/opt/airflow/dags/dag_retrain_pipeline.py                           1           0  0.21s           2026-06-03T10:30:10
================================================================================
[2026-06-03T10:30:49.972+0000] {manager.py:878} INFO - 
================================================================================
DAG File Processing Stats

File Path                                  PID    Runtime      # DAGs    # Errors  Last Runtime    Last Run
-----------------------------------------  -----  ---------  --------  ----------  --------------  -------------------
/opt/airflow/dags/dag_bronze_ingestion.py                           1           0  0.36s           2026-06-03T10:30:43
/opt/airflow/dags/dag_dq_checkpoint.py                              1           0  0.34s           2026-06-03T10:30:43
/opt/airflow/dags/dag_retrain_pipeline.py                           1           0  0.20s           2026-06-03T10:30:41
/opt/airflow/dags/dag_drift_monitoring.py                           1           0  0.18s           2026-06-03T10:30:41
================================================================================
[2026-06-03T10:31:20.100+0000] {manager.py:878} INFO - 
================================================================================
DAG File Processing Stats

File Path                                  PID    Runtime      # DAGs    # Errors  Last Runtime    Last Run
-----------------------------------------  -----  ---------  --------  ----------  --------------  -------------------
/opt/airflow/dags/dag_dq_checkpoint.py                              1           0  0.24s           2026-06-03T10:31:14
/opt/airflow/dags/dag_bronze_ingestion.py                           1           0  0.21s           2026-06-03T10:31:14
/opt/airflow/dags/dag_retrain_pipeline.py                           1           0  0.18s           2026-06-03T10:31:11
/opt/airflow/dags/dag_drift_monitoring.py                           1           0  0.17s           2026-06-03T10:31:11
================================================================================
[2026-06-03T10:31:50.619+0000] {manager.py:878} INFO - 
================================================================================
DAG File Processing Stats

File Path                                  PID    Runtime      # DAGs    # Errors  Last Runtime    Last Run
-----------------------------------------  -----  ---------  --------  ----------  --------------  -------------------
/opt/airflow/dags/dag_drift_monitoring.py                           1           0  0.43s           2026-06-03T10:31:43
/opt/airflow/dags/dag_retrain_pipeline.py                           1           0  0.39s           2026-06-03T10:31:43
/opt/airflow/dags/dag_bronze_ingestion.py                           1           0  0.38s           2026-06-03T10:31:44
/opt/airflow/dags/dag_dq_checkpoint.py                              1           0  0.35s           2026-06-03T10:31:44
================================================================================
[2026-06-03T10:32:15.045+0000] {manager.py:737} INFO - Searching for files in /opt/airflow/dags
[2026-06-03T10:32:15.394+0000] {manager.py:740} INFO - There are 4 files in /opt/airflow/dags
[2026-06-03T10:32:20.746+0000] {manager.py:878} INFO - 
================================================================================
DAG File Processing Stats

File Path                                  PID    Runtime      # DAGs    # Errors  Last Runtime    Last Run
-----------------------------------------  -----  ---------  --------  ----------  --------------  -------------------
/opt/airflow/dags/dag_retrain_pipeline.py                           1           0  0.29s           2026-06-03T10:32:14
/opt/airflow/dags/dag_drift_monitoring.py                           1           0  0.28s           2026-06-03T10:32:14
/opt/airflow/dags/dag_dq_checkpoint.py                              1           0  0.23s           2026-06-03T10:32:15
/opt/airflow/dags/dag_bronze_ingestion.py                           1           0  0.18s           2026-06-03T10:32:15
================================================================================
[2026-06-03T10:32:50.979+0000] {manager.py:878} INFO - 
================================================================================
DAG File Processing Stats

File Path                                  PID    Runtime      # DAGs    # Errors  Last Runtime    Last Run
-----------------------------------------  -----  ---------  --------  ----------  --------------  -------------------
/opt/airflow/dags/dag_bronze_ingestion.py                           1           0  0.38s           2026-06-03T10:32:46
/opt/airflow/dags/dag_dq_checkpoint.py                              1           0  0.35s           2026-06-03T10:32:46
/opt/airflow/dags/dag_drift_monitoring.py                           1           0  0.30s           2026-06-03T10:32:44
/opt/airflow/dags/dag_retrain_pipeline.py                           1           0  0.30s           2026-06-03T10:32:44
================================================================================
[2026-06-03T10:33:21.214+0000] {manager.py:878} INFO - 
================================================================================
DAG File Processing Stats

File Path                                  PID    Runtime      # DAGs    # Errors  Last Runtime    Last Run
-----------------------------------------  -----  ---------  --------  ----------  --------------  -------------------
/opt/airflow/dags/dag_retrain_pipeline.py                           1           0  0.36s           2026-06-03T10:33:15
/opt/airflow/dags/dag_dq_checkpoint.py                              1           0  0.33s           2026-06-03T10:33:17
/opt/airflow/dags/dag_drift_monitoring.py                           1           0  0.32s           2026-06-03T10:33:15
/opt/airflow/dags/dag_bronze_ingestion.py                           1           0  0.31s           2026-06-03T10:33:17
================================================================================
[2026-06-03T10:33:51.464+0000] {manager.py:878} INFO - 
================================================================================
DAG File Processing Stats

File Path                                  PID    Runtime      # DAGs    # Errors  Last Runtime    Last Run
-----------------------------------------  -----  ---------  --------  ----------  --------------  -------------------
/opt/airflow/dags/dag_dq_checkpoint.py                              1           0  0.32s           2026-06-03T10:33:48
/opt/airflow/dags/dag_bronze_ingestion.py                           1           0  0.29s           2026-06-03T10:33:48
/opt/airflow/dags/dag_drift_monitoring.py                           1           0  0.17s           2026-06-03T10:33:45
/opt/airflow/dags/dag_retrain_pipeline.py                           1           0  0.15s           2026-06-03T10:33:45
================================================================================
[2026-06-03T10:34:21.834+0000] {manager.py:878} INFO - 
================================================================================
DAG File Processing Stats

File Path                                  PID    Runtime      # DAGs    # Errors  Last Runtime    Last Run
-----------------------------------------  -----  ---------  --------  ----------  --------------  -------------------
/opt/airflow/dags/dag_retrain_pipeline.py                           1           0  0.32s           2026-06-03T10:34:16
/opt/airflow/dags/dag_drift_monitoring.py                           1           0  0.28s           2026-06-03T10:34:16
/opt/airflow/dags/dag_dq_checkpoint.py                              1           0  0.23s           2026-06-03T10:34:18
/opt/airflow/dags/dag_bronze_ingestion.py                           1           0  0.23s           2026-06-03T10:34:18
================================================================================
[2026-06-03T10:34:52.269+0000] {manager.py:878} INFO - 
================================================================================
DAG File Processing Stats

File Path                                  PID    Runtime      # DAGs    # Errors  Last Runtime    Last Run
-----------------------------------------  -----  ---------  --------  ----------  --------------  -------------------
/opt/airflow/dags/dag_dq_checkpoint.py                              1           0  0.31s           2026-06-03T10:34:49
/opt/airflow/dags/dag_bronze_ingestion.py                           1           0  0.29s           2026-06-03T10:34:49
/opt/airflow/dags/dag_drift_monitoring.py                           1           0  0.25s           2026-06-03T10:34:47
/opt/airflow/dags/dag_retrain_pipeline.py                           1           0  0.23s           2026-06-03T10:34:47
================================================================================
[2026-06-03T10:35:23.103+0000] {manager.py:878} INFO - 
================================================================================
DAG File Processing Stats

File Path                                  PID    Runtime      # DAGs    # Errors  Last Runtime    Last Run
-----------------------------------------  -----  ---------  --------  ----------  --------------  -------------------
/opt/airflow/dags/dag_dq_checkpoint.py                              1           0  0.34s           2026-06-03T10:35:19
/opt/airflow/dags/dag_bronze_ingestion.py                           1           0  0.33s           2026-06-03T10:35:20
/opt/airflow/dags/dag_retrain_pipeline.py                           1           0  0.30s           2026-06-03T10:35:17
/opt/airflow/dags/dag_drift_monitoring.py                           1           0  0.28s           2026-06-03T10:35:17
================================================================================
[2026-06-03T10:35:53.600+0000] {manager.py:878} INFO - 
================================================================================
DAG File Processing Stats

File Path                                  PID    Runtime      # DAGs    # Errors  Last Runtime    Last Run
-----------------------------------------  -----  ---------  --------  ----------  --------------  -------------------
/opt/airflow/dags/dag_retrain_pipeline.py                           1           0  0.25s           2026-06-03T10:35:48
/opt/airflow/dags/dag_dq_checkpoint.py                              1           0  0.22s           2026-06-03T10:35:50
/opt/airflow/dags/dag_drift_monitoring.py                           1           0  0.20s           2026-06-03T10:35:48
/opt/airflow/dags/dag_bronze_ingestion.py                           1           0  0.19s           2026-06-03T10:35:50
================================================================================
[2026-06-03T10:36:23.628+0000] {manager.py:878} INFO - 
================================================================================
DAG File Processing Stats

File Path                                  PID    Runtime      # DAGs    # Errors  Last Runtime    Last Run
-----------------------------------------  -----  ---------  --------  ----------  --------------  -------------------
/opt/airflow/dags/dag_bronze_ingestion.py                           1           0  0.31s           2026-06-03T10:36:21
/opt/airflow/dags/dag_dq_checkpoint.py                              1           0  0.31s           2026-06-03T10:36:21
/opt/airflow/dags/dag_retrain_pipeline.py                           1           0  0.31s           2026-06-03T10:36:19
/opt/airflow/dags/dag_drift_monitoring.py                           1           0  0.28s           2026-06-03T10:36:19
================================================================================
[2026-06-03T10:36:53.770+0000] {manager.py:878} INFO - 
================================================================================
DAG File Processing Stats

File Path                                  PID    Runtime      # DAGs    # Errors  Last Runtime    Last Run
-----------------------------------------  -----  ---------  --------  ----------  --------------  -------------------
/opt/airflow/dags/dag_dq_checkpoint.py                              1           0  0.27s           2026-06-03T10:36:52
/opt/airflow/dags/dag_bronze_ingestion.py                           1           0  0.18s           2026-06-03T10:36:52
/opt/airflow/dags/dag_retrain_pipeline.py                           1           0  0.17s           2026-06-03T10:36:50
/opt/airflow/dags/dag_drift_monitoring.py                           1           0  0.16s           2026-06-03T10:36:50
================================================================================
[2026-06-03T10:37:15.084+0000] {manager.py:737} INFO - Searching for files in /opt/airflow/dags
[2026-06-03T10:37:15.259+0000] {manager.py:740} INFO - There are 4 files in /opt/airflow/dags
[2026-06-03T10:37:24.032+0000] {manager.py:878} INFO - 
================================================================================
DAG File Processing Stats

File Path                                  PID    Runtime      # DAGs    # Errors  Last Runtime    Last Run
-----------------------------------------  -----  ---------  --------  ----------  --------------  -------------------
/opt/airflow/dags/dag_dq_checkpoint.py                              1           0  0.35s           2026-06-03T10:37:23
/opt/airflow/dags/dag_retrain_pipeline.py                           1           0  0.33s           2026-06-03T10:37:20
/opt/airflow/dags/dag_drift_monitoring.py                           1           0  0.30s           2026-06-03T10:37:20
/opt/airflow/dags/dag_bronze_ingestion.py                           1           0  0.28s           2026-06-03T10:37:23
================================================================================
[2026-06-03T10:37:54.683+0000] {manager.py:878} INFO - 
================================================================================
DAG File Processing Stats

File Path                                  PID    Runtime      # DAGs    # Errors  Last Runtime    Last Run
-----------------------------------------  -----  ---------  --------  ----------  --------------  -------------------
/opt/airflow/dags/dag_drift_monitoring.py                           1           0  0.30s           2026-06-03T10:37:51
/opt/airflow/dags/dag_dq_checkpoint.py                              1           0  0.26s           2026-06-03T10:37:53
/opt/airflow/dags/dag_retrain_pipeline.py                           1           0  0.26s           2026-06-03T10:37:51
/opt/airflow/dags/dag_bronze_ingestion.py                           1           0  0.22s           2026-06-03T10:37:53
================================================================================
[2026-06-03T10:38:24.733+0000] {manager.py:878} INFO - 
================================================================================
DAG File Processing Stats

File Path                                    PID  Runtime      # DAGs    # Errors  Last Runtime    Last Run
-----------------------------------------  -----  ---------  --------  ----------  --------------  -------------------
/opt/airflow/dags/dag_retrain_pipeline.py                           1           0  0.49s           2026-06-03T10:38:22
/opt/airflow/dags/dag_drift_monitoring.py                           1           0  0.49s           2026-06-03T10:38:22
/opt/airflow/dags/dag_dq_checkpoint.py      2182  0.06s             1           0  0.26s           2026-06-03T10:37:53
/opt/airflow/dags/dag_bronze_ingestion.py   2185  0.01s             1           0  0.22s           2026-06-03T10:37:53
================================================================================
[2026-06-03T10:38:55.026+0000] {manager.py:878} INFO - 
================================================================================
DAG File Processing Stats

File Path                                    PID  Runtime      # DAGs    # Errors  Last Runtime    Last Run
-----------------------------------------  -----  ---------  --------  ----------  --------------  -------------------
/opt/airflow/dags/dag_drift_monitoring.py                           1           0  0.47s           2026-06-03T10:38:53
/opt/airflow/dags/dag_retrain_pipeline.py                           1           0  0.43s           2026-06-03T10:38:53
/opt/airflow/dags/dag_dq_checkpoint.py                              1           0  0.29s           2026-06-03T10:38:24
/opt/airflow/dags/dag_bronze_ingestion.py   2202  0.01s             1           0  0.21s           2026-06-03T10:38:24
================================================================================
[2026-06-03T10:39:25.533+0000] {manager.py:878} INFO - 
================================================================================
DAG File Processing Stats

File Path                                    PID  Runtime      # DAGs    # Errors  Last Runtime    Last Run
-----------------------------------------  -----  ---------  --------  ----------  --------------  -------------------
/opt/airflow/dags/dag_dq_checkpoint.py                              1           0  0.39s           2026-06-03T10:38:55
/opt/airflow/dags/dag_retrain_pipeline.py                           1           0  0.28s           2026-06-03T10:39:23
/opt/airflow/dags/dag_drift_monitoring.py                           1           0  0.27s           2026-06-03T10:39:23
/opt/airflow/dags/dag_bronze_ingestion.py   2222  0.01s             1           0  0.21s           2026-06-03T10:38:55
================================================================================
[2026-06-03T10:39:55.557+0000] {manager.py:878} INFO - 
================================================================================
DAG File Processing Stats

File Path                                  PID    Runtime      # DAGs    # Errors  Last Runtime    Last Run
-----------------------------------------  -----  ---------  --------  ----------  --------------  -------------------
/opt/airflow/dags/dag_dq_checkpoint.py                              1           0  0.63s           2026-06-03T10:39:26
/opt/airflow/dags/dag_bronze_ingestion.py                           1           0  0.36s           2026-06-03T10:39:25
/opt/airflow/dags/dag_drift_monitoring.py                           1           0  0.27s           2026-06-03T10:39:54
/opt/airflow/dags/dag_retrain_pipeline.py                           1           0  0.26s           2026-06-03T10:39:54
================================================================================
[2026-06-03T10:40:25.882+0000] {manager.py:878} INFO - 
================================================================================
DAG File Processing Stats

File Path                                  PID    Runtime      # DAGs    # Errors  Last Runtime    Last Run
-----------------------------------------  -----  ---------  --------  ----------  --------------  -------------------
/opt/airflow/dags/dag_drift_monitoring.py                           1           0  0.36s           2026-06-03T10:40:25
/opt/airflow/dags/dag_dq_checkpoint.py                              1           0  0.33s           2026-06-03T10:39:56
/opt/airflow/dags/dag_bronze_ingestion.py                           1           0  0.24s           2026-06-03T10:39:56
/opt/airflow/dags/dag_retrain_pipeline.py                           1           0  0.23s           2026-06-03T10:40:24
================================================================================
[2026-06-03T10:40:56.418+0000] {manager.py:878} INFO - 
================================================================================
DAG File Processing Stats

File Path                                  PID    Runtime      # DAGs    # Errors  Last Runtime    Last Run
-----------------------------------------  -----  ---------  --------  ----------  --------------  -------------------
/opt/airflow/dags/dag_drift_monitoring.py                           1           0  0.37s           2026-06-03T10:40:55
/opt/airflow/dags/dag_retrain_pipeline.py                           1           0  0.23s           2026-06-03T10:40:55
/opt/airflow/dags/dag_dq_checkpoint.py                              1           0  0.22s           2026-06-03T10:40:27
/opt/airflow/dags/dag_bronze_ingestion.py                           1           0  0.20s           2026-06-03T10:40:27
================================================================================
[2026-06-03T10:41:26.933+0000] {manager.py:878} INFO - 
================================================================================
DAG File Processing Stats

File Path                                  PID    Runtime      # DAGs    # Errors  Last Runtime    Last Run
-----------------------------------------  -----  ---------  --------  ----------  --------------  -------------------
/opt/airflow/dags/dag_dq_checkpoint.py                              1           0  0.35s           2026-06-03T10:40:57
/opt/airflow/dags/dag_bronze_ingestion.py                           1           0  0.34s           2026-06-03T10:40:57
/opt/airflow/dags/dag_drift_monitoring.py                           1           0  0.30s           2026-06-03T10:41:26
/opt/airflow/dags/dag_retrain_pipeline.py                           1           0  0.24s           2026-06-03T10:41:25
================================================================================
[2026-06-03T10:41:57.344+0000] {manager.py:878} INFO - 
================================================================================
DAG File Processing Stats

File Path                                  PID    Runtime      # DAGs    # Errors  Last Runtime    Last Run
-----------------------------------------  -----  ---------  --------  ----------  --------------  -------------------
/opt/airflow/dags/dag_dq_checkpoint.py                              1           0  0.29s           2026-06-03T10:41:28
/opt/airflow/dags/dag_bronze_ingestion.py                           1           0  0.28s           2026-06-03T10:41:28
/opt/airflow/dags/dag_drift_monitoring.py                           1           0  0.26s           2026-06-03T10:41:56
/opt/airflow/dags/dag_retrain_pipeline.py                           1           0  0.21s           2026-06-03T10:41:56
================================================================================
[2026-06-03T10:42:15.110+0000] {manager.py:737} INFO - Searching for files in /opt/airflow/dags
[2026-06-03T10:42:15.516+0000] {manager.py:740} INFO - There are 4 files in /opt/airflow/dags
[2026-06-03T10:42:27.816+0000] {manager.py:878} INFO - 
================================================================================
DAG File Processing Stats

File Path                                  PID    Runtime      # DAGs    # Errors  Last Runtime    Last Run
-----------------------------------------  -----  ---------  --------  ----------  --------------  -------------------
/opt/airflow/dags/dag_retrain_pipeline.py                           1           0  0.36s           2026-06-03T10:42:26
/opt/airflow/dags/dag_drift_monitoring.py                           1           0  0.31s           2026-06-03T10:42:27
/opt/airflow/dags/dag_bronze_ingestion.py                           1           0  0.22s           2026-06-03T10:41:58
/opt/airflow/dags/dag_dq_checkpoint.py                              1           0  0.21s           2026-06-03T10:41:58
================================================================================
[2026-06-03T10:42:57.878+0000] {manager.py:878} INFO - 
================================================================================
DAG File Processing Stats

File Path                                  PID    Runtime      # DAGs    # Errors  Last Runtime    Last Run
-----------------------------------------  -----  ---------  --------  ----------  --------------  -------------------
/opt/airflow/dags/dag_drift_monitoring.py                           1           0  0.29s           2026-06-03T10:42:57
/opt/airflow/dags/dag_retrain_pipeline.py                           1           0  0.24s           2026-06-03T10:42:57
/opt/airflow/dags/dag_dq_checkpoint.py                              1           0  0.18s           2026-06-03T10:42:29
/opt/airflow/dags/dag_bronze_ingestion.py                           1           0  0.16s           2026-06-03T10:42:29
================================================================================
[2026-06-03T10:43:28.002+0000] {manager.py:878} INFO - 
================================================================================
DAG File Processing Stats

File Path                                    PID  Runtime      # DAGs    # Errors  Last Runtime    Last Run
-----------------------------------------  -----  ---------  --------  ----------  --------------  -------------------
/opt/airflow/dags/dag_drift_monitoring.py   2375  0.00s             1           0  0.29s           2026-06-03T10:42:57
/opt/airflow/dags/dag_retrain_pipeline.py   2372  0.03s             1           0  0.24s           2026-06-03T10:42:57
/opt/airflow/dags/dag_dq_checkpoint.py                              1           0  0.18s           2026-06-03T10:42:59
/opt/airflow/dags/dag_bronze_ingestion.py                           1           0  0.18s           2026-06-03T10:42:59
================================================================================
[2026-06-03T10:43:58.716+0000] {manager.py:878} INFO - 
================================================================================
DAG File Processing Stats

File Path                                    PID  Runtime      # DAGs    # Errors  Last Runtime    Last Run
-----------------------------------------  -----  ---------  --------  ----------  --------------  -------------------
/opt/airflow/dags/dag_dq_checkpoint.py                              1           0  0.33s           2026-06-03T10:43:30
/opt/airflow/dags/dag_bronze_ingestion.py                           1           0  0.29s           2026-06-03T10:43:30
/opt/airflow/dags/dag_drift_monitoring.py   2395  0.00s             1           0  0.23s           2026-06-03T10:43:28
/opt/airflow/dags/dag_retrain_pipeline.py   2392  0.03s             1           0  0.22s           2026-06-03T10:43:28
================================================================================
[2026-06-03T10:44:28.742+0000] {manager.py:878} INFO - 
================================================================================
DAG File Processing Stats

File Path                                  PID    Runtime      # DAGs    # Errors  Last Runtime    Last Run
-----------------------------------------  -----  ---------  --------  ----------  --------------  -------------------
/opt/airflow/dags/dag_dq_checkpoint.py                              1           0  0.27s           2026-06-03T10:44:01
/opt/airflow/dags/dag_bronze_ingestion.py                           1           0  0.21s           2026-06-03T10:44:01
/opt/airflow/dags/dag_retrain_pipeline.py                           1           0  0.15s           2026-06-03T10:43:58
/opt/airflow/dags/dag_drift_monitoring.py                           1           0  0.14s           2026-06-03T10:43:58
================================================================================
[2026-06-03T10:45:00.003+0000] {manager.py:878} INFO - 
================================================================================
DAG File Processing Stats

File Path                                    PID  Runtime      # DAGs    # Errors  Last Runtime    Last Run
-----------------------------------------  -----  ---------  --------  ----------  --------------  -------------------
/opt/airflow/dags/dag_drift_monitoring.py   2435  0.00s             1           0  0.50s           2026-06-03T10:44:29
/opt/airflow/dags/dag_retrain_pipeline.py   2432  0.30s             1           0  0.47s           2026-06-03T10:44:29
/opt/airflow/dags/dag_dq_checkpoint.py                              1           0  0.27s           2026-06-03T10:44:31
/opt/airflow/dags/dag_bronze_ingestion.py                           1           0  0.19s           2026-06-03T10:44:31
================================================================================
[2026-06-03T10:45:30.305+0000] {manager.py:878} INFO - 
================================================================================
DAG File Processing Stats

File Path                                  PID    Runtime      # DAGs    # Errors  Last Runtime    Last Run
-----------------------------------------  -----  ---------  --------  ----------  --------------  -------------------
/opt/airflow/dags/dag_retrain_pipeline.py                           1           0  0.65s           2026-06-03T10:45:00
/opt/airflow/dags/dag_dq_checkpoint.py                              1           0  0.39s           2026-06-03T10:45:02
/opt/airflow/dags/dag_drift_monitoring.py                           1           0  0.37s           2026-06-03T10:45:00
/opt/airflow/dags/dag_bronze_ingestion.py                           1           0  0.32s           2026-06-03T10:45:02
================================================================================
[2026-06-03T10:46:00.315+0000] {manager.py:878} INFO - 
================================================================================
DAG File Processing Stats

File Path                                  PID    Runtime      # DAGs    # Errors  Last Runtime    Last Run
-----------------------------------------  -----  ---------  --------  ----------  --------------  -------------------
/opt/airflow/dags/dag_retrain_pipeline.py                           1           0  0.30s           2026-06-03T10:45:31
/opt/airflow/dags/dag_drift_monitoring.py                           1           0  0.28s           2026-06-03T10:45:31
/opt/airflow/dags/dag_bronze_ingestion.py                           1           0  0.25s           2026-06-03T10:45:33
/opt/airflow/dags/dag_dq_checkpoint.py                              1           0  0.22s           2026-06-03T10:45:33
================================================================================
[2026-06-03T10:46:30.697+0000] {manager.py:878} INFO - 
================================================================================
DAG File Processing Stats

File Path                                  PID    Runtime      # DAGs    # Errors  Last Runtime    Last Run
-----------------------------------------  -----  ---------  --------  ----------  --------------  -------------------
/opt/airflow/dags/dag_retrain_pipeline.py                           1           0  0.35s           2026-06-03T10:46:01
/opt/airflow/dags/dag_drift_monitoring.py                           1           0  0.34s           2026-06-03T10:46:01
/opt/airflow/dags/dag_dq_checkpoint.py                              1           0  0.21s           2026-06-03T10:46:04
/opt/airflow/dags/dag_bronze_ingestion.py                           1           0  0.20s           2026-06-03T10:46:04
================================================================================
[2026-06-03T10:47:01.074+0000] {manager.py:878} INFO - 
================================================================================
DAG File Processing Stats

File Path                                  PID    Runtime      # DAGs    # Errors  Last Runtime    Last Run
-----------------------------------------  -----  ---------  --------  ----------  --------------  -------------------
/opt/airflow/dags/dag_dq_checkpoint.py                              1           0  0.26s           2026-06-03T10:46:34
/opt/airflow/dags/dag_bronze_ingestion.py                           1           0  0.20s           2026-06-03T10:46:34
/opt/airflow/dags/dag_drift_monitoring.py                           1           0  0.18s           2026-06-03T10:46:32
/opt/airflow/dags/dag_retrain_pipeline.py                           1           0  0.17s           2026-06-03T10:46:32
================================================================================
[2026-06-03T10:47:15.289+0000] {manager.py:737} INFO - Searching for files in /opt/airflow/dags
[2026-06-03T10:47:15.398+0000] {manager.py:740} INFO - There are 4 files in /opt/airflow/dags
[2026-06-03T10:47:31.515+0000] {manager.py:878} INFO - 
================================================================================
DAG File Processing Stats

File Path                                  PID    Runtime      # DAGs    # Errors  Last Runtime    Last Run
-----------------------------------------  -----  ---------  --------  ----------  --------------  -------------------
/opt/airflow/dags/dag_drift_monitoring.py                           1           0  0.29s           2026-06-03T10:47:02
/opt/airflow/dags/dag_bronze_ingestion.py                           1           0  0.28s           2026-06-03T10:47:05
/opt/airflow/dags/dag_dq_checkpoint.py                              1           0  0.20s           2026-06-03T10:47:04
/opt/airflow/dags/dag_retrain_pipeline.py                           1           0  0.18s           2026-06-03T10:47:02
================================================================================
[2026-06-03T10:48:01.774+0000] {manager.py:878} INFO - 
================================================================================
DAG File Processing Stats

File Path                                  PID    Runtime      # DAGs    # Errors  Last Runtime    Last Run
-----------------------------------------  -----  ---------  --------  ----------  --------------  -------------------
/opt/airflow/dags/dag_dq_checkpoint.py                              1           0  0.33s           2026-06-03T10:47:35
/opt/airflow/dags/dag_bronze_ingestion.py                           1           0  0.32s           2026-06-03T10:47:35
/opt/airflow/dags/dag_retrain_pipeline.py                           1           0  0.22s           2026-06-03T10:47:32
/opt/airflow/dags/dag_drift_monitoring.py                           1           0  0.21s           2026-06-03T10:47:33
================================================================================
[2026-06-03T10:48:32.101+0000] {manager.py:878} INFO - 
================================================================================
DAG File Processing Stats

File Path                                  PID    Runtime      # DAGs    # Errors  Last Runtime    Last Run
-----------------------------------------  -----  ---------  --------  ----------  --------------  -------------------
/opt/airflow/dags/dag_drift_monitoring.py                           1           0  0.36s           2026-06-03T10:48:03
/opt/airflow/dags/dag_retrain_pipeline.py                           1           0  0.28s           2026-06-03T10:48:03
/opt/airflow/dags/dag_dq_checkpoint.py                              1           0  0.15s           2026-06-03T10:48:05
/opt/airflow/dags/dag_bronze_ingestion.py                           1           0  0.15s           2026-06-03T10:48:05
================================================================================
[2026-06-03T10:49:02.448+0000] {manager.py:878} INFO - 
================================================================================
DAG File Processing Stats

File Path                                  PID    Runtime      # DAGs    # Errors  Last Runtime    Last Run
-----------------------------------------  -----  ---------  --------  ----------  --------------  -------------------
/opt/airflow/dags/dag_drift_monitoring.py                           1           0  0.34s           2026-06-03T10:48:34
/opt/airflow/dags/dag_retrain_pipeline.py                           1           0  0.29s           2026-06-03T10:48:33
/opt/airflow/dags/dag_dq_checkpoint.py                              1           0  0.28s           2026-06-03T10:48:36
/opt/airflow/dags/dag_bronze_ingestion.py                           1           0  0.26s           2026-06-03T10:48:36
================================================================================
[2026-06-03T10:49:33.300+0000] {manager.py:878} INFO - 
================================================================================
DAG File Processing Stats

File Path                                  PID    Runtime      # DAGs    # Errors  Last Runtime    Last Run
-----------------------------------------  -----  ---------  --------  ----------  --------------  -------------------
/opt/airflow/dags/dag_retrain_pipeline.py                           1           0  0.22s           2026-06-03T10:49:04
/opt/airflow/dags/dag_drift_monitoring.py                           1           0  0.18s           2026-06-03T10:49:05
/opt/airflow/dags/dag_dq_checkpoint.py                              1           0  0.14s           2026-06-03T10:49:07
/opt/airflow/dags/dag_bronze_ingestion.py                           1           0  0.14s           2026-06-03T10:49:07
================================================================================
[2026-06-03T10:50:03.366+0000] {manager.py:878} INFO - 
================================================================================
DAG File Processing Stats

File Path                                  PID    Runtime      # DAGs    # Errors  Last Runtime    Last Run
-----------------------------------------  -----  ---------  --------  ----------  --------------  -------------------
/opt/airflow/dags/dag_drift_monitoring.py                           1           0  0.34s           2026-06-03T10:49:35
/opt/airflow/dags/dag_retrain_pipeline.py                           1           0  0.30s           2026-06-03T10:49:35
/opt/airflow/dags/dag_dq_checkpoint.py                              1           0  0.17s           2026-06-03T10:49:37
/opt/airflow/dags/dag_bronze_ingestion.py                           1           0  0.13s           2026-06-03T10:49:37
================================================================================
[2026-06-03T10:50:33.518+0000] {manager.py:878} INFO - 
================================================================================
DAG File Processing Stats

File Path                                  PID    Runtime      # DAGs    # Errors  Last Runtime    Last Run
-----------------------------------------  -----  ---------  --------  ----------  --------------  -------------------
/opt/airflow/dags/dag_retrain_pipeline.py                           1           0  0.26s           2026-06-03T10:50:06
/opt/airflow/dags/dag_dq_checkpoint.py                              1           0  0.23s           2026-06-03T10:50:08
/opt/airflow/dags/dag_bronze_ingestion.py                           1           0  0.21s           2026-06-03T10:50:08
/opt/airflow/dags/dag_drift_monitoring.py                           1           0  0.21s           2026-06-03T10:50:06
================================================================================
[2026-06-03T10:51:03.699+0000] {manager.py:878} INFO - 
================================================================================
DAG File Processing Stats

File Path                                  PID    Runtime      # DAGs    # Errors  Last Runtime    Last Run
-----------------------------------------  -----  ---------  --------  ----------  --------------  -------------------
/opt/airflow/dags/dag_retrain_pipeline.py                           1           0  0.23s           2026-06-03T10:50:36
/opt/airflow/dags/dag_dq_checkpoint.py                              1           0  0.21s           2026-06-03T10:50:39
/opt/airflow/dags/dag_bronze_ingestion.py                           1           0  0.20s           2026-06-03T10:50:39
/opt/airflow/dags/dag_drift_monitoring.py                           1           0  0.15s           2026-06-03T10:50:36
================================================================================
[2026-06-03T10:51:33.722+0000] {manager.py:878} INFO - 
================================================================================
DAG File Processing Stats

File Path                                  PID    Runtime      # DAGs    # Errors  Last Runtime    Last Run
-----------------------------------------  -----  ---------  --------  ----------  --------------  -------------------
/opt/airflow/dags/dag_dq_checkpoint.py                              1           0  0.33s           2026-06-03T10:51:10
/opt/airflow/dags/dag_bronze_ingestion.py                           1           0  0.31s           2026-06-03T10:51:10
/opt/airflow/dags/dag_retrain_pipeline.py                           1           0  0.18s           2026-06-03T10:51:08
/opt/airflow/dags/dag_drift_monitoring.py                           1           0  0.16s           2026-06-03T10:51:08
================================================================================
[2026-06-03T10:52:03.981+0000] {manager.py:878} INFO - 
================================================================================
DAG File Processing Stats

File Path                                  PID    Runtime      # DAGs    # Errors  Last Runtime    Last Run
-----------------------------------------  -----  ---------  --------  ----------  --------------  -------------------
/opt/airflow/dags/dag_dq_checkpoint.py                              1           0  0.33s           2026-06-03T10:51:41
/opt/airflow/dags/dag_retrain_pipeline.py                           1           0  0.27s           2026-06-03T10:51:38
/opt/airflow/dags/dag_drift_monitoring.py                           1           0  0.27s           2026-06-03T10:51:39
/opt/airflow/dags/dag_bronze_ingestion.py                           1           0  0.24s           2026-06-03T10:51:41
================================================================================
[2026-06-03T10:52:15.675+0000] {manager.py:737} INFO - Searching for files in /opt/airflow/dags
[2026-06-03T10:52:16.157+0000] {manager.py:740} INFO - There are 4 files in /opt/airflow/dags
[2026-06-03T10:52:34.791+0000] {manager.py:878} INFO - 
================================================================================
DAG File Processing Stats

File Path                                  PID    Runtime      # DAGs    # Errors  Last Runtime    Last Run
-----------------------------------------  -----  ---------  --------  ----------  --------------  -------------------
/opt/airflow/dags/dag_retrain_pipeline.py                           1           0  0.26s           2026-06-03T10:52:09
/opt/airflow/dags/dag_drift_monitoring.py                           1           0  0.24s           2026-06-03T10:52:09
/opt/airflow/dags/dag_bronze_ingestion.py                           1           0  0.21s           2026-06-03T10:52:11
/opt/airflow/dags/dag_dq_checkpoint.py                              1           0  0.20s           2026-06-03T10:52:11
================================================================================
[2026-06-03T10:53:05.079+0000] {manager.py:878} INFO - 
================================================================================
DAG File Processing Stats

File Path                                  PID    Runtime      # DAGs    # Errors  Last Runtime    Last Run
-----------------------------------------  -----  ---------  --------  ----------  --------------  -------------------
/opt/airflow/dags/dag_dq_checkpoint.py                              1           0  0.34s           2026-06-03T10:52:42
/opt/airflow/dags/dag_retrain_pipeline.py                           1           0  0.32s           2026-06-03T10:52:40
/opt/airflow/dags/dag_drift_monitoring.py                           1           0  0.28s           2026-06-03T10:52:40
/opt/airflow/dags/dag_bronze_ingestion.py                           1           0  0.23s           2026-06-03T10:52:42
================================================================================
[2026-06-03T10:53:35.683+0000] {manager.py:878} INFO - 
================================================================================
DAG File Processing Stats

File Path                                  PID    Runtime      # DAGs    # Errors  Last Runtime    Last Run
-----------------------------------------  -----  ---------  --------  ----------  --------------  -------------------
/opt/airflow/dags/dag_dq_checkpoint.py                              1           0  0.22s           2026-06-03T10:53:13
/opt/airflow/dags/dag_drift_monitoring.py                           1           0  0.18s           2026-06-03T10:53:10
/opt/airflow/dags/dag_retrain_pipeline.py                           1           0  0.18s           2026-06-03T10:53:10
/opt/airflow/dags/dag_bronze_ingestion.py                           1           0  0.17s           2026-06-03T10:53:13
================================================================================
[2026-06-03T10:54:06.459+0000] {manager.py:878} INFO - 
================================================================================
DAG File Processing Stats

File Path                                  PID    Runtime      # DAGs    # Errors  Last Runtime    Last Run
-----------------------------------------  -----  ---------  --------  ----------  --------------  -------------------
/opt/airflow/dags/dag_retrain_pipeline.py                           1           0  0.33s           2026-06-03T10:53:41
/opt/airflow/dags/dag_drift_monitoring.py                           1           0  0.29s           2026-06-03T10:53:41
/opt/airflow/dags/dag_dq_checkpoint.py                              1           0  0.26s           2026-06-03T10:53:44
/opt/airflow/dags/dag_bronze_ingestion.py                           1           0  0.24s           2026-06-03T10:53:44
================================================================================
[2026-06-03T10:54:36.753+0000] {manager.py:878} INFO - 
================================================================================
DAG File Processing Stats

File Path                                  PID    Runtime      # DAGs    # Errors  Last Runtime    Last Run
-----------------------------------------  -----  ---------  --------  ----------  --------------  -------------------
/opt/airflow/dags/dag_bronze_ingestion.py                           1           0  0.29s           2026-06-03T10:54:15
/opt/airflow/dags/dag_dq_checkpoint.py                              1           0  0.29s           2026-06-03T10:54:15
/opt/airflow/dags/dag_retrain_pipeline.py                           1           0  0.18s           2026-06-03T10:54:11
/opt/airflow/dags/dag_drift_monitoring.py                           1           0  0.18s           2026-06-03T10:54:11
================================================================================
[2026-06-03T10:55:07.279+0000] {manager.py:878} INFO - 
================================================================================
DAG File Processing Stats

File Path                                  PID    Runtime      # DAGs    # Errors  Last Runtime    Last Run
-----------------------------------------  -----  ---------  --------  ----------  --------------  -------------------
/opt/airflow/dags/dag_bronze_ingestion.py                           1           0  0.29s           2026-06-03T10:54:45
/opt/airflow/dags/dag_retrain_pipeline.py                           1           0  0.23s           2026-06-03T10:54:42
/opt/airflow/dags/dag_dq_checkpoint.py                              1           0  0.21s           2026-06-03T10:54:45
/opt/airflow/dags/dag_drift_monitoring.py                           1           0  0.20s           2026-06-03T10:54:42
================================================================================
[2026-06-03T10:55:37.485+0000] {manager.py:878} INFO - 
================================================================================
DAG File Processing Stats

File Path                                  PID    Runtime      # DAGs    # Errors  Last Runtime    Last Run
-----------------------------------------  -----  ---------  --------  ----------  --------------  -------------------
/opt/airflow/dags/dag_dq_checkpoint.py                              1           0  0.27s           2026-06-03T10:55:15
/opt/airflow/dags/dag_drift_monitoring.py                           1           0  0.21s           2026-06-03T10:55:12
/opt/airflow/dags/dag_retrain_pipeline.py                           1           0  0.19s           2026-06-03T10:55:12
/opt/airflow/dags/dag_bronze_ingestion.py                           1           0  0.17s           2026-06-03T10:55:16
================================================================================
[2026-06-03T10:56:08.041+0000] {manager.py:878} INFO - 
================================================================================
DAG File Processing Stats

File Path                                  PID    Runtime      # DAGs    # Errors  Last Runtime    Last Run
-----------------------------------------  -----  ---------  --------  ----------  --------------  -------------------
/opt/airflow/dags/dag_dq_checkpoint.py                              1           0  0.35s           2026-06-03T10:55:46
/opt/airflow/dags/dag_drift_monitoring.py                           1           0  0.24s           2026-06-03T10:55:43
/opt/airflow/dags/dag_bronze_ingestion.py                           1           0  0.19s           2026-06-03T10:55:46
/opt/airflow/dags/dag_retrain_pipeline.py                           1           0  0.16s           2026-06-03T10:55:42
================================================================================
[2026-06-03T10:56:38.706+0000] {manager.py:878} INFO - 
================================================================================
DAG File Processing Stats

File Path                                  PID    Runtime      # DAGs    # Errors  Last Runtime    Last Run
-----------------------------------------  -----  ---------  --------  ----------  --------------  -------------------
/opt/airflow/dags/dag_drift_monitoring.py                           1           0  0.23s           2026-06-03T10:56:13
/opt/airflow/dags/dag_dq_checkpoint.py                              1           0  0.21s           2026-06-03T10:56:16
/opt/airflow/dags/dag_retrain_pipeline.py                           1           0  0.20s           2026-06-03T10:56:13
/opt/airflow/dags/dag_bronze_ingestion.py                           1           0  0.20s           2026-06-03T10:56:16
================================================================================
[2026-06-03T10:57:08.880+0000] {manager.py:878} INFO - 
================================================================================
DAG File Processing Stats

File Path                                  PID    Runtime      # DAGs    # Errors  Last Runtime    Last Run
-----------------------------------------  -----  ---------  --------  ----------  --------------  -------------------
/opt/airflow/dags/dag_drift_monitoring.py                           1           0  1.10s           2026-06-03T10:56:45
/opt/airflow/dags/dag_dq_checkpoint.py                              1           0  0.38s           2026-06-03T10:56:47
/opt/airflow/dags/dag_bronze_ingestion.py                           1           0  0.34s           2026-06-03T10:56:47
/opt/airflow/dags/dag_retrain_pipeline.py                           1           0  0.27s           2026-06-03T10:56:44
================================================================================
[2026-06-03T10:57:16.024+0000] {manager.py:737} INFO - Searching for files in /opt/airflow/dags
[2026-06-03T10:57:16.201+0000] {manager.py:740} INFO - There are 4 files in /opt/airflow/dags
[2026-06-03T10:57:39.820+0000] {manager.py:878} INFO - 
================================================================================
DAG File Processing Stats

File Path                                  PID    Runtime      # DAGs    # Errors  Last Runtime    Last Run
-----------------------------------------  -----  ---------  --------  ----------  --------------  -------------------
/opt/airflow/dags/dag_dq_checkpoint.py                              1           0  0.28s           2026-06-03T10:57:18
/opt/airflow/dags/dag_retrain_pipeline.py                           1           0  0.24s           2026-06-03T10:57:15
/opt/airflow/dags/dag_bronze_ingestion.py                           1           0  0.23s           2026-06-03T10:57:18
/opt/airflow/dags/dag_drift_monitoring.py                           1           0  0.17s           2026-06-03T10:57:16
================================================================================
[2026-06-03T10:58:10.433+0000] {manager.py:878} INFO - 
================================================================================
DAG File Processing Stats

File Path                                  PID    Runtime      # DAGs    # Errors  Last Runtime    Last Run
-----------------------------------------  -----  ---------  --------  ----------  --------------  -------------------
/opt/airflow/dags/dag_bronze_ingestion.py                           1           0  0.30s           2026-06-03T10:57:49
/opt/airflow/dags/dag_drift_monitoring.py                           1           0  0.25s           2026-06-03T10:57:46
/opt/airflow/dags/dag_dq_checkpoint.py                              1           0  0.18s           2026-06-03T10:57:49
/opt/airflow/dags/dag_retrain_pipeline.py                           1           0  0.15s           2026-06-03T10:57:45
================================================================================
[2026-06-03T10:58:40.617+0000] {manager.py:878} INFO - 
================================================================================
DAG File Processing Stats

File Path                                  PID    Runtime      # DAGs    # Errors  Last Runtime    Last Run
-----------------------------------------  -----  ---------  --------  ----------  --------------  -------------------
/opt/airflow/dags/dag_dq_checkpoint.py                              1           0  0.29s           2026-06-03T10:58:20
/opt/airflow/dags/dag_retrain_pipeline.py                           1           0  0.28s           2026-06-03T10:58:16
/opt/airflow/dags/dag_drift_monitoring.py                           1           0  0.27s           2026-06-03T10:58:18
/opt/airflow/dags/dag_bronze_ingestion.py                           1           0  0.17s           2026-06-03T10:58:20
================================================================================
[2026-06-03T10:59:11.529+0000] {manager.py:878} INFO - 
================================================================================
DAG File Processing Stats

File Path                                  PID    Runtime      # DAGs    # Errors  Last Runtime    Last Run
-----------------------------------------  -----  ---------  --------  ----------  --------------  -------------------
/opt/airflow/dags/dag_bronze_ingestion.py                           1           0  0.30s           2026-06-03T10:58:50
/opt/airflow/dags/dag_drift_monitoring.py                           1           0  0.29s           2026-06-03T10:58:48
/opt/airflow/dags/dag_retrain_pipeline.py                           1           0  0.26s           2026-06-03T10:58:48
/opt/airflow/dags/dag_dq_checkpoint.py                              1           0  0.23s           2026-06-03T10:58:50
================================================================================
[2026-06-03T10:59:41.704+0000] {manager.py:878} INFO - 
================================================================================
DAG File Processing Stats

File Path                                  PID    Runtime      # DAGs    # Errors  Last Runtime    Last Run
-----------------------------------------  -----  ---------  --------  ----------  --------------  -------------------
/opt/airflow/dags/dag_dq_checkpoint.py                              1           0  0.35s           2026-06-03T10:59:21
/opt/airflow/dags/dag_bronze_ingestion.py                           1           0  0.33s           2026-06-03T10:59:21
/opt/airflow/dags/dag_drift_monitoring.py                           1           0  0.32s           2026-06-03T10:59:19
/opt/airflow/dags/dag_retrain_pipeline.py                           1           0  0.16s           2026-06-03T10:59:18
================================================================================
[2026-06-03T11:00:12.047+0000] {manager.py:878} INFO - 
================================================================================
DAG File Processing Stats

File Path                                  PID    Runtime      # DAGs    # Errors  Last Runtime    Last Run
-----------------------------------------  -----  ---------  --------  ----------  --------------  -------------------
/opt/airflow/dags/dag_drift_monitoring.py                           1           0  0.43s           2026-06-03T10:59:49
/opt/airflow/dags/dag_bronze_ingestion.py                           1           0  0.37s           2026-06-03T10:59:52
/opt/airflow/dags/dag_dq_checkpoint.py                              1           0  0.31s           2026-06-03T10:59:52
/opt/airflow/dags/dag_retrain_pipeline.py                           1           0  0.26s           2026-06-03T10:59:49
================================================================================
[2026-06-03T11:00:42.327+0000] {manager.py:878} INFO - 
================================================================================
DAG File Processing Stats

File Path                                  PID    Runtime      # DAGs    # Errors  Last Runtime    Last Run
-----------------------------------------  -----  ---------  --------  ----------  --------------  -------------------
/opt/airflow/dags/dag_dq_checkpoint.py                              1           0  0.24s           2026-06-03T11:00:23
/opt/airflow/dags/dag_drift_monitoring.py                           1           0  0.19s           2026-06-03T11:00:20
/opt/airflow/dags/dag_bronze_ingestion.py                           1           0  0.18s           2026-06-03T11:00:23
/opt/airflow/dags/dag_retrain_pipeline.py                           1           0  0.16s           2026-06-03T11:00:19
================================================================================
[2026-06-03T11:01:12.864+0000] {manager.py:878} INFO - 
================================================================================
DAG File Processing Stats

File Path                                  PID    Runtime      # DAGs    # Errors  Last Runtime    Last Run
-----------------------------------------  -----  ---------  --------  ----------  --------------  -------------------
/opt/airflow/dags/dag_drift_monitoring.py                           1           0  0.21s           2026-06-03T11:00:51
/opt/airflow/dags/dag_bronze_ingestion.py                           1           0  0.21s           2026-06-03T11:00:53
/opt/airflow/dags/dag_retrain_pipeline.py                           1           0  0.19s           2026-06-03T11:00:50
/opt/airflow/dags/dag_dq_checkpoint.py                              1           0  0.18s           2026-06-03T11:00:53
================================================================================
[2026-06-03T11:01:43.175+0000] {manager.py:878} INFO - 
================================================================================
DAG File Processing Stats

File Path                                  PID    Runtime      # DAGs    # Errors  Last Runtime    Last Run
-----------------------------------------  -----  ---------  --------  ----------  --------------  -------------------
/opt/airflow/dags/dag_dq_checkpoint.py                              1           0  0.34s           2026-06-03T11:01:24
/opt/airflow/dags/dag_bronze_ingestion.py                           1           0  0.30s           2026-06-03T11:01:24
/opt/airflow/dags/dag_drift_monitoring.py                           1           0  0.30s           2026-06-03T11:01:22
/opt/airflow/dags/dag_retrain_pipeline.py                           1           0  0.22s           2026-06-03T11:01:20
================================================================================
[2026-06-03T11:02:13.730+0000] {manager.py:878} INFO - 
================================================================================
DAG File Processing Stats

File Path                                  PID    Runtime      # DAGs    # Errors  Last Runtime    Last Run
-----------------------------------------  -----  ---------  --------  ----------  --------------  -------------------
/opt/airflow/dags/dag_dq_checkpoint.py                              1           0  0.30s           2026-06-03T11:01:55
/opt/airflow/dags/dag_drift_monitoring.py                           1           0  0.30s           2026-06-03T11:01:52
/opt/airflow/dags/dag_bronze_ingestion.py                           1           0  0.26s           2026-06-03T11:01:55
/opt/airflow/dags/dag_retrain_pipeline.py                           1           0  0.19s           2026-06-03T11:01:51
================================================================================
[2026-06-03T11:02:16.777+0000] {manager.py:737} INFO - Searching for files in /opt/airflow/dags
[2026-06-03T11:02:16.959+0000] {manager.py:740} INFO - There are 4 files in /opt/airflow/dags
[2026-06-03T11:02:43.750+0000] {manager.py:878} INFO - 
================================================================================
DAG File Processing Stats

File Path                                  PID    Runtime      # DAGs    # Errors  Last Runtime    Last Run
-----------------------------------------  -----  ---------  --------  ----------  --------------  -------------------
/opt/airflow/dags/dag_dq_checkpoint.py                              1           0  0.30s           2026-06-03T11:02:25
/opt/airflow/dags/dag_drift_monitoring.py                           1           0  0.24s           2026-06-03T11:02:23
/opt/airflow/dags/dag_bronze_ingestion.py                           1           0  0.21s           2026-06-03T11:02:25
/opt/airflow/dags/dag_retrain_pipeline.py                           1           0  0.18s           2026-06-03T11:02:22
================================================================================
[2026-06-03T11:03:13.815+0000] {manager.py:878} INFO - 
================================================================================
DAG File Processing Stats

File Path                                  PID    Runtime      # DAGs    # Errors  Last Runtime    Last Run
-----------------------------------------  -----  ---------  --------  ----------  --------------  -------------------
/opt/airflow/dags/dag_retrain_pipeline.py                           1           0  0.23s           2026-06-03T11:02:53
/opt/airflow/dags/dag_drift_monitoring.py                           1           0  0.21s           2026-06-03T11:02:54
/opt/airflow/dags/dag_bronze_ingestion.py                           1           0  0.17s           2026-06-03T11:02:56
/opt/airflow/dags/dag_dq_checkpoint.py                              1           0  0.17s           2026-06-03T11:02:56
================================================================================
[2026-06-03T11:03:44.113+0000] {manager.py:878} INFO - 
================================================================================
DAG File Processing Stats

File Path                                  PID    Runtime      # DAGs    # Errors  Last Runtime    Last Run
-----------------------------------------  -----  ---------  --------  ----------  --------------  -------------------
/opt/airflow/dags/dag_bronze_ingestion.py                           1           0  0.34s           2026-06-03T11:03:26
/opt/airflow/dags/dag_dq_checkpoint.py                              1           0  0.28s           2026-06-03T11:03:26
/opt/airflow/dags/dag_drift_monitoring.py                           1           0  0.22s           2026-06-03T11:03:24
/opt/airflow/dags/dag_retrain_pipeline.py                           1           0  0.18s           2026-06-03T11:03:23
================================================================================
[2026-06-03T11:04:14.654+0000] {manager.py:878} INFO - 
================================================================================
DAG File Processing Stats

File Path                                  PID    Runtime      # DAGs    # Errors  Last Runtime    Last Run
-----------------------------------------  -----  ---------  --------  ----------  --------------  -------------------
/opt/airflow/dags/dag_drift_monitoring.py                           1           0  0.34s           2026-06-03T11:03:55
/opt/airflow/dags/dag_bronze_ingestion.py                           1           0  0.29s           2026-06-03T11:03:57
/opt/airflow/dags/dag_retrain_pipeline.py                           1           0  0.29s           2026-06-03T11:03:53
/opt/airflow/dags/dag_dq_checkpoint.py                              1           0  0.28s           2026-06-03T11:03:57
================================================================================
[2026-06-03T11:04:45.580+0000] {manager.py:878} INFO - 
================================================================================
DAG File Processing Stats

File Path                                  PID    Runtime      # DAGs    # Errors  Last Runtime    Last Run
-----------------------------------------  -----  ---------  --------  ----------  --------------  -------------------
/opt/airflow/dags/dag_dq_checkpoint.py                              1           0  0.71s           2026-06-03T11:04:28
/opt/airflow/dags/dag_bronze_ingestion.py                           1           0  0.57s           2026-06-03T11:04:28
/opt/airflow/dags/dag_drift_monitoring.py                           1           0  0.25s           2026-06-03T11:04:25
/opt/airflow/dags/dag_retrain_pipeline.py                           1           0  0.20s           2026-06-03T11:04:24
================================================================================
[2026-06-03T11:05:15.813+0000] {manager.py:878} INFO - 
================================================================================
DAG File Processing Stats

File Path                                  PID    Runtime      # DAGs    # Errors  Last Runtime    Last Run
-----------------------------------------  -----  ---------  --------  ----------  --------------  -------------------
/opt/airflow/dags/dag_retrain_pipeline.py                           1           0  0.27s           2026-06-03T11:04:54
/opt/airflow/dags/dag_drift_monitoring.py                           1           0  0.24s           2026-06-03T11:04:55
/opt/airflow/dags/dag_dq_checkpoint.py                              1           0  0.23s           2026-06-03T11:04:59
/opt/airflow/dags/dag_bronze_ingestion.py                           1           0  0.21s           2026-06-03T11:04:59
================================================================================
[2026-06-03T11:05:46.260+0000] {manager.py:878} INFO - 
================================================================================
DAG File Processing Stats

File Path                                  PID    Runtime      # DAGs    # Errors  Last Runtime    Last Run
-----------------------------------------  -----  ---------  --------  ----------  --------------  -------------------
/opt/airflow/dags/dag_drift_monitoring.py                           1           0  1.09s           2026-06-03T11:05:27
/opt/airflow/dags/dag_dq_checkpoint.py                              1           0  0.23s           2026-06-03T11:05:29
/opt/airflow/dags/dag_bronze_ingestion.py                           1           0  0.23s           2026-06-03T11:05:29
/opt/airflow/dags/dag_retrain_pipeline.py                           1           0  0.19s           2026-06-03T11:05:25
================================================================================
[2026-06-03T11:06:16.648+0000] {manager.py:878} INFO - 
================================================================================
DAG File Processing Stats

File Path                                  PID    Runtime      # DAGs    # Errors  Last Runtime    Last Run
-----------------------------------------  -----  ---------  --------  ----------  --------------  -------------------
/opt/airflow/dags/dag_drift_monitoring.py                           1           0  0.26s           2026-06-03T11:05:57
/opt/airflow/dags/dag_retrain_pipeline.py                           1           0  0.25s           2026-06-03T11:05:55
/opt/airflow/dags/dag_dq_checkpoint.py                              1           0  0.21s           2026-06-03T11:06:00
/opt/airflow/dags/dag_bronze_ingestion.py                           1           0  0.18s           2026-06-03T11:06:00
================================================================================
[2026-06-03T11:06:46.676+0000] {manager.py:878} INFO - 
================================================================================
DAG File Processing Stats

File Path                                  PID    Runtime      # DAGs    # Errors  Last Runtime    Last Run
-----------------------------------------  -----  ---------  --------  ----------  --------------  -------------------
/opt/airflow/dags/dag_retrain_pipeline.py                           1           0  1.51s           2026-06-03T11:06:28
/opt/airflow/dags/dag_dq_checkpoint.py                              1           0  0.99s           2026-06-03T11:06:32
/opt/airflow/dags/dag_drift_monitoring.py                           1           0  0.90s           2026-06-03T11:06:29
/opt/airflow/dags/dag_bronze_ingestion.py                           1           0  0.61s           2026-06-03T11:06:31
================================================================================
[2026-06-03T11:07:17.292+0000] {manager.py:737} INFO - Searching for files in /opt/airflow/dags
[2026-06-03T11:07:17.539+0000] {manager.py:740} INFO - There are 4 files in /opt/airflow/dags
[2026-06-03T11:07:17.582+0000] {manager.py:878} INFO - 
================================================================================
DAG File Processing Stats

File Path                                  PID    Runtime      # DAGs    # Errors  Last Runtime    Last Run
-----------------------------------------  -----  ---------  --------  ----------  --------------  -------------------
/opt/airflow/dags/dag_bronze_ingestion.py                           1           0  1.29s           2026-06-03T11:07:03
/opt/airflow/dags/dag_retrain_pipeline.py                           1           0  0.88s           2026-06-03T11:07:00
/opt/airflow/dags/dag_dq_checkpoint.py                              1           0  0.87s           2026-06-03T11:07:03
/opt/airflow/dags/dag_drift_monitoring.py                           1           0  0.79s           2026-06-03T11:07:00
================================================================================
[2026-06-03T11:07:48.010+0000] {manager.py:878} INFO - 
================================================================================
DAG File Processing Stats

File Path                                  PID    Runtime      # DAGs    # Errors  Last Runtime    Last Run
-----------------------------------------  -----  ---------  --------  ----------  --------------  -------------------
/opt/airflow/dags/dag_dq_checkpoint.py                              1           0  0.60s           2026-06-03T11:07:34
/opt/airflow/dags/dag_retrain_pipeline.py                           1           0  0.40s           2026-06-03T11:07:30
/opt/airflow/dags/dag_drift_monitoring.py                           1           0  0.39s           2026-06-03T11:07:30
/opt/airflow/dags/dag_bronze_ingestion.py                           1           0  0.34s           2026-06-03T11:07:34
================================================================================
[2026-06-03T11:08:18.114+0000] {manager.py:878} INFO - 
================================================================================
DAG File Processing Stats

File Path                                  PID    Runtime      # DAGs    # Errors  Last Runtime    Last Run
-----------------------------------------  -----  ---------  --------  ----------  --------------  -------------------
/opt/airflow/dags/dag_dq_checkpoint.py                              1           0  1.13s           2026-06-03T11:08:05
/opt/airflow/dags/dag_retrain_pipeline.py                           1           0  0.35s           2026-06-03T11:08:01
/opt/airflow/dags/dag_drift_monitoring.py                           1           0  0.33s           2026-06-03T11:08:01
/opt/airflow/dags/dag_bronze_ingestion.py                           1           0  0.32s           2026-06-03T11:08:05
================================================================================
[2026-06-03T11:08:48.457+0000] {manager.py:878} INFO - 
================================================================================
DAG File Processing Stats

File Path                                  PID    Runtime      # DAGs    # Errors  Last Runtime    Last Run
-----------------------------------------  -----  ---------  --------  ----------  --------------  -------------------
/opt/airflow/dags/dag_dq_checkpoint.py                              1           0  0.55s           2026-06-03T11:08:36
/opt/airflow/dags/dag_drift_monitoring.py                           1           0  0.45s           2026-06-03T11:08:32
/opt/airflow/dags/dag_retrain_pipeline.py                           1           0  0.44s           2026-06-03T11:08:32
/opt/airflow/dags/dag_bronze_ingestion.py                           1           0  0.42s           2026-06-03T11:08:36
================================================================================
[2026-06-03T11:09:18.742+0000] {manager.py:878} INFO - 
================================================================================
DAG File Processing Stats

File Path                                  PID    Runtime      # DAGs    # Errors  Last Runtime    Last Run
-----------------------------------------  -----  ---------  --------  ----------  --------------  -------------------
/opt/airflow/dags/dag_dq_checkpoint.py                              1           0  0.44s           2026-06-03T11:09:07
/opt/airflow/dags/dag_drift_monitoring.py                           1           0  0.41s           2026-06-03T11:09:03
/opt/airflow/dags/dag_retrain_pipeline.py                           1           0  0.38s           2026-06-03T11:09:03
/opt/airflow/dags/dag_bronze_ingestion.py                           1           0  0.35s           2026-06-03T11:09:07
================================================================================
[2026-06-03T11:09:48.802+0000] {manager.py:878} INFO - 
================================================================================
DAG File Processing Stats

File Path                                  PID    Runtime      # DAGs    # Errors  Last Runtime    Last Run
-----------------------------------------  -----  ---------  --------  ----------  --------------  -------------------
/opt/airflow/dags/dag_bronze_ingestion.py                           1           0  0.47s           2026-06-03T11:09:38
/opt/airflow/dags/dag_dq_checkpoint.py                              1           0  0.42s           2026-06-03T11:09:38
/opt/airflow/dags/dag_drift_monitoring.py                           1           0  0.36s           2026-06-03T11:09:33
/opt/airflow/dags/dag_retrain_pipeline.py                           1           0  0.33s           2026-06-03T11:09:33
================================================================================
[2026-06-03T11:10:19.543+0000] {manager.py:878} INFO - 
================================================================================
DAG File Processing Stats

File Path                                  PID    Runtime      # DAGs    # Errors  Last Runtime    Last Run
-----------------------------------------  -----  ---------  --------  ----------  --------------  -------------------
/opt/airflow/dags/dag_retrain_pipeline.py                           1           0  0.49s           2026-06-03T11:10:04
/opt/airflow/dags/dag_drift_monitoring.py                           1           0  0.45s           2026-06-03T11:10:04
/opt/airflow/dags/dag_bronze_ingestion.py                           1           0  0.39s           2026-06-03T11:10:09
/opt/airflow/dags/dag_dq_checkpoint.py                              1           0  0.38s           2026-06-03T11:10:09
================================================================================
[2026-06-03T11:10:49.674+0000] {manager.py:878} INFO - 
================================================================================
DAG File Processing Stats

File Path                                  PID    Runtime      # DAGs    # Errors  Last Runtime    Last Run
-----------------------------------------  -----  ---------  --------  ----------  --------------  -------------------
/opt/airflow/dags/dag_drift_monitoring.py                           1           0  0.49s           2026-06-03T11:10:35
/opt/airflow/dags/dag_retrain_pipeline.py                           1           0  0.45s           2026-06-03T11:10:35
/opt/airflow/dags/dag_dq_checkpoint.py                              1           0  0.44s           2026-06-03T11:10:40
/opt/airflow/dags/dag_bronze_ingestion.py                           1           0  0.43s           2026-06-03T11:10:40
================================================================================
[2026-06-03T11:11:19.760+0000] {manager.py:878} INFO - 
================================================================================
DAG File Processing Stats

File Path                                  PID    Runtime      # DAGs    # Errors  Last Runtime    Last Run
-----------------------------------------  -----  ---------  --------  ----------  --------------  -------------------
/opt/airflow/dags/dag_retrain_pipeline.py                           1           0  0.56s           2026-06-03T11:11:06
/opt/airflow/dags/dag_dq_checkpoint.py                              1           0  0.55s           2026-06-03T11:11:11
/opt/airflow/dags/dag_bronze_ingestion.py                           1           0  0.50s           2026-06-03T11:11:11
/opt/airflow/dags/dag_drift_monitoring.py                           1           0  0.42s           2026-06-03T11:11:06
================================================================================
[2026-06-03T11:11:50.177+0000] {manager.py:878} INFO - 
================================================================================
DAG File Processing Stats

File Path                                  PID    Runtime      # DAGs    # Errors  Last Runtime    Last Run
-----------------------------------------  -----  ---------  --------  ----------  --------------  -------------------
/opt/airflow/dags/dag_dq_checkpoint.py                              1           0  0.69s           2026-06-03T11:11:43
/opt/airflow/dags/dag_retrain_pipeline.py                           1           0  0.66s           2026-06-03T11:11:37
/opt/airflow/dags/dag_drift_monitoring.py                           1           0  0.61s           2026-06-03T11:11:37
/opt/airflow/dags/dag_bronze_ingestion.py                           1           0  0.53s           2026-06-03T11:11:43
================================================================================
[2026-06-03T11:12:18.152+0000] {manager.py:737} INFO - Searching for files in /opt/airflow/dags
[2026-06-03T11:12:18.418+0000] {manager.py:740} INFO - There are 4 files in /opt/airflow/dags
[2026-06-03T11:12:20.535+0000] {manager.py:878} INFO - 
================================================================================
DAG File Processing Stats

File Path                                  PID    Runtime      # DAGs    # Errors  Last Runtime    Last Run
-----------------------------------------  -----  ---------  --------  ----------  --------------  -------------------
/opt/airflow/dags/dag_retrain_pipeline.py                           1           0  0.42s           2026-06-03T11:12:08
/opt/airflow/dags/dag_dq_checkpoint.py                              1           0  0.41s           2026-06-03T11:12:14
/opt/airflow/dags/dag_drift_monitoring.py                           1           0  0.41s           2026-06-03T11:12:08
/opt/airflow/dags/dag_bronze_ingestion.py                           1           0  0.41s           2026-06-03T11:12:14
================================================================================
[2026-06-03T11:12:50.692+0000] {manager.py:878} INFO - 
================================================================================
DAG File Processing Stats

File Path                                  PID    Runtime      # DAGs    # Errors  Last Runtime    Last Run
-----------------------------------------  -----  ---------  --------  ----------  --------------  -------------------
/opt/airflow/dags/dag_dq_checkpoint.py                              1           0  0.38s           2026-06-03T11:12:44
/opt/airflow/dags/dag_drift_monitoring.py                           1           0  0.34s           2026-06-03T11:12:38
/opt/airflow/dags/dag_bronze_ingestion.py                           1           0  0.33s           2026-06-03T11:12:44
/opt/airflow/dags/dag_retrain_pipeline.py                           1           0  0.32s           2026-06-03T11:12:38
================================================================================
[2026-06-03T11:13:20.912+0000] {manager.py:878} INFO - 
================================================================================
DAG File Processing Stats

File Path                                  PID    Runtime      # DAGs    # Errors  Last Runtime    Last Run
-----------------------------------------  -----  ---------  --------  ----------  --------------  -------------------
/opt/airflow/dags/dag_dq_checkpoint.py                              1           0  0.44s           2026-06-03T11:13:15
/opt/airflow/dags/dag_bronze_ingestion.py                           1           0  0.37s           2026-06-03T11:13:15
/opt/airflow/dags/dag_drift_monitoring.py                           1           0  0.20s           2026-06-03T11:13:09
/opt/airflow/dags/dag_retrain_pipeline.py                           1           0  0.19s           2026-06-03T11:13:09
================================================================================
[2026-06-03T11:13:51.343+0000] {manager.py:878} INFO - 
================================================================================
DAG File Processing Stats

File Path                                  PID    Runtime      # DAGs    # Errors  Last Runtime    Last Run
-----------------------------------------  -----  ---------  --------  ----------  --------------  -------------------
/opt/airflow/dags/dag_dq_checkpoint.py                              1           0  0.37s           2026-06-03T11:13:46
/opt/airflow/dags/dag_drift_monitoring.py                           1           0  0.32s           2026-06-03T11:13:40
/opt/airflow/dags/dag_retrain_pipeline.py                           1           0  0.29s           2026-06-03T11:13:40
/opt/airflow/dags/dag_bronze_ingestion.py                           1           0  0.27s           2026-06-03T11:13:46
================================================================================
[2026-06-03T11:14:21.668+0000] {manager.py:878} INFO - 
================================================================================
DAG File Processing Stats

File Path                                  PID    Runtime      # DAGs    # Errors  Last Runtime    Last Run
-----------------------------------------  -----  ---------  --------  ----------  --------------  -------------------
/opt/airflow/dags/dag_dq_checkpoint.py                              1           0  0.32s           2026-06-03T11:14:16
/opt/airflow/dags/dag_bronze_ingestion.py                           1           0  0.30s           2026-06-03T11:14:16
/opt/airflow/dags/dag_retrain_pipeline.py                           1           0  0.25s           2026-06-03T11:14:11
/opt/airflow/dags/dag_drift_monitoring.py                           1           0  0.23s           2026-06-03T11:14:11
================================================================================
[2026-06-03T11:14:52.101+0000] {manager.py:878} INFO - 
================================================================================
DAG File Processing Stats

File Path                                  PID    Runtime      # DAGs    # Errors  Last Runtime    Last Run
-----------------------------------------  -----  ---------  --------  ----------  --------------  -------------------
/opt/airflow/dags/dag_bronze_ingestion.py                           1           0  0.27s           2026-06-03T11:14:47
/opt/airflow/dags/dag_drift_monitoring.py                           1           0  0.26s           2026-06-03T11:14:41
/opt/airflow/dags/dag_dq_checkpoint.py                              1           0  0.24s           2026-06-03T11:14:47
/opt/airflow/dags/dag_retrain_pipeline.py                           1           0  0.23s           2026-06-03T11:14:41
================================================================================
[2026-06-03T11:15:22.730+0000] {manager.py:878} INFO - 
================================================================================
DAG File Processing Stats

File Path                                  PID    Runtime      # DAGs    # Errors  Last Runtime    Last Run
-----------------------------------------  -----  ---------  --------  ----------  --------------  -------------------
/opt/airflow/dags/dag_drift_monitoring.py                           1           0  0.39s           2026-06-03T11:15:12
/opt/airflow/dags/dag_retrain_pipeline.py                           1           0  0.35s           2026-06-03T11:15:12
/opt/airflow/dags/dag_dq_checkpoint.py                              1           0  0.31s           2026-06-03T11:15:17
/opt/airflow/dags/dag_bronze_ingestion.py                           1           0  0.30s           2026-06-03T11:15:17
================================================================================
[2026-06-03T11:15:53.369+0000] {manager.py:878} INFO - 
================================================================================
DAG File Processing Stats

File Path                                  PID    Runtime      # DAGs    # Errors  Last Runtime    Last Run
-----------------------------------------  -----  ---------  --------  ----------  --------------  -------------------
/opt/airflow/dags/dag_dq_checkpoint.py                              1           0  0.36s           2026-06-03T11:15:48
/opt/airflow/dags/dag_bronze_ingestion.py                           1           0  0.36s           2026-06-03T11:15:48
/opt/airflow/dags/dag_retrain_pipeline.py                           1           0  0.28s           2026-06-03T11:15:43
/opt/airflow/dags/dag_drift_monitoring.py                           1           0  0.27s           2026-06-03T11:15:43
================================================================================
[2026-06-03T11:16:23.516+0000] {manager.py:878} INFO - 
================================================================================
DAG File Processing Stats

File Path                                  PID    Runtime      # DAGs    # Errors  Last Runtime    Last Run
-----------------------------------------  -----  ---------  --------  ----------  --------------  -------------------
/opt/airflow/dags/dag_dq_checkpoint.py                              1           0  0.28s           2026-06-03T11:16:19
/opt/airflow/dags/dag_bronze_ingestion.py                           1           0  0.28s           2026-06-03T11:16:19
/opt/airflow/dags/dag_retrain_pipeline.py                           1           0  0.25s           2026-06-03T11:16:14
/opt/airflow/dags/dag_drift_monitoring.py                           1           0  0.24s           2026-06-03T11:16:14
================================================================================
[2026-06-03T11:16:54.370+0000] {manager.py:878} INFO - 
================================================================================
DAG File Processing Stats

File Path                                  PID    Runtime      # DAGs    # Errors  Last Runtime    Last Run
-----------------------------------------  -----  ---------  --------  ----------  --------------  -------------------
/opt/airflow/dags/dag_retrain_pipeline.py                           1           0  0.25s           2026-06-03T11:16:44
/opt/airflow/dags/dag_drift_monitoring.py                           1           0  0.21s           2026-06-03T11:16:44
/opt/airflow/dags/dag_bronze_ingestion.py                           1           0  0.16s           2026-06-03T11:16:50
/opt/airflow/dags/dag_dq_checkpoint.py                              1           0  0.15s           2026-06-03T11:16:50
================================================================================
[2026-06-03T11:17:18.350+0000] {manager.py:737} INFO - Searching for files in /opt/airflow/dags
[2026-06-03T11:17:18.564+0000] {manager.py:740} INFO - There are 4 files in /opt/airflow/dags
[2026-06-03T11:17:24.947+0000] {manager.py:878} INFO - 
================================================================================
DAG File Processing Stats

File Path                                  PID    Runtime      # DAGs    # Errors  Last Runtime    Last Run
-----------------------------------------  -----  ---------  --------  ----------  --------------  -------------------
/opt/airflow/dags/dag_retrain_pipeline.py                           1           0  0.24s           2026-06-03T11:17:15
/opt/airflow/dags/dag_drift_monitoring.py                           1           0  0.22s           2026-06-03T11:17:15
/opt/airflow/dags/dag_dq_checkpoint.py                              1           0  0.19s           2026-06-03T11:17:20
/opt/airflow/dags/dag_bronze_ingestion.py                           1           0  0.18s           2026-06-03T11:17:20
================================================================================
[2026-06-03T11:17:55.361+0000] {manager.py:878} INFO - 
================================================================================
DAG File Processing Stats

File Path                                  PID    Runtime      # DAGs    # Errors  Last Runtime    Last Run
-----------------------------------------  -----  ---------  --------  ----------  --------------  -------------------
/opt/airflow/dags/dag_dq_checkpoint.py                              1           0  0.18s           2026-06-03T11:17:51
/opt/airflow/dags/dag_bronze_ingestion.py                           1           0  0.18s           2026-06-03T11:17:51
/opt/airflow/dags/dag_drift_monitoring.py                           1           0  0.14s           2026-06-03T11:17:45
/opt/airflow/dags/dag_retrain_pipeline.py                           1           0  0.13s           2026-06-03T11:17:45
================================================================================
[2026-06-03T11:18:25.661+0000] {manager.py:878} INFO - 
================================================================================
DAG File Processing Stats

File Path                                  PID    Runtime      # DAGs    # Errors  Last Runtime    Last Run
-----------------------------------------  -----  ---------  --------  ----------  --------------  -------------------
/opt/airflow/dags/dag_retrain_pipeline.py                           1           0  0.23s           2026-06-03T11:18:16
/opt/airflow/dags/dag_drift_monitoring.py                           1           0  0.21s           2026-06-03T11:18:16
/opt/airflow/dags/dag_bronze_ingestion.py                           1           0  0.20s           2026-06-03T11:18:21
/opt/airflow/dags/dag_dq_checkpoint.py                              1           0  0.18s           2026-06-03T11:18:21
================================================================================
[2026-06-03T11:18:56.059+0000] {manager.py:878} INFO - 
================================================================================
DAG File Processing Stats

File Path                                  PID    Runtime      # DAGs    # Errors  Last Runtime    Last Run
-----------------------------------------  -----  ---------  --------  ----------  --------------  -------------------
/opt/airflow/dags/dag_drift_monitoring.py                           1           0  0.46s           2026-06-03T11:18:47
/opt/airflow/dags/dag_retrain_pipeline.py                           1           0  0.36s           2026-06-03T11:18:47
/opt/airflow/dags/dag_dq_checkpoint.py                              1           0  0.16s           2026-06-03T11:18:51
/opt/airflow/dags/dag_bronze_ingestion.py                           1           0  0.16s           2026-06-03T11:18:51
================================================================================
[2026-06-03T11:19:26.272+0000] {manager.py:878} INFO - 
================================================================================
DAG File Processing Stats

File Path                                  PID    Runtime      # DAGs    # Errors  Last Runtime    Last Run
-----------------------------------------  -----  ---------  --------  ----------  --------------  -------------------
/opt/airflow/dags/dag_bronze_ingestion.py                           1           0  0.19s           2026-06-03T11:19:22
/opt/airflow/dags/dag_dq_checkpoint.py                              1           0  0.18s           2026-06-03T11:19:22
/opt/airflow/dags/dag_retrain_pipeline.py                           1           0  0.18s           2026-06-03T11:19:17
/opt/airflow/dags/dag_drift_monitoring.py                           1           0  0.17s           2026-06-03T11:19:17
================================================================================
[2026-06-03T11:19:56.707+0000] {manager.py:878} INFO - 
================================================================================
DAG File Processing Stats

File Path                                  PID    Runtime      # DAGs    # Errors  Last Runtime    Last Run
-----------------------------------------  -----  ---------  --------  ----------  --------------  -------------------
/opt/airflow/dags/dag_dq_checkpoint.py                              1           0  0.21s           2026-06-03T11:19:52
/opt/airflow/dags/dag_retrain_pipeline.py                           1           0  0.18s           2026-06-03T11:19:48
/opt/airflow/dags/dag_bronze_ingestion.py                           1           0  0.17s           2026-06-03T11:19:52
/opt/airflow/dags/dag_drift_monitoring.py                           1           0  0.16s           2026-06-03T11:19:48
================================================================================
[2026-06-03T11:20:27.450+0000] {manager.py:878} INFO - 
================================================================================
DAG File Processing Stats

File Path                                  PID    Runtime      # DAGs    # Errors  Last Runtime    Last Run
-----------------------------------------  -----  ---------  --------  ----------  --------------  -------------------
/opt/airflow/dags/dag_dq_checkpoint.py                              1           0  0.21s           2026-06-03T11:20:23
/opt/airflow/dags/dag_retrain_pipeline.py                           1           0  0.17s           2026-06-03T11:20:19
/opt/airflow/dags/dag_drift_monitoring.py                           1           0  0.16s           2026-06-03T11:20:19
/opt/airflow/dags/dag_bronze_ingestion.py                           1           0  0.16s           2026-06-03T11:20:23
================================================================================
[2026-06-03T11:20:57.506+0000] {manager.py:878} INFO - 
================================================================================
DAG File Processing Stats

File Path                                  PID    Runtime      # DAGs    # Errors  Last Runtime    Last Run
-----------------------------------------  -----  ---------  --------  ----------  --------------  -------------------
/opt/airflow/dags/dag_bronze_ingestion.py                           1           0  0.23s           2026-06-03T11:20:54
/opt/airflow/dags/dag_dq_checkpoint.py                              1           0  0.21s           2026-06-03T11:20:54
/opt/airflow/dags/dag_retrain_pipeline.py                           1           0  0.15s           2026-06-03T11:20:50
/opt/airflow/dags/dag_drift_monitoring.py                           1           0  0.14s           2026-06-03T11:20:50
================================================================================
[2026-06-03T11:21:27.698+0000] {manager.py:878} INFO - 
================================================================================
DAG File Processing Stats

File Path                                  PID    Runtime      # DAGs    # Errors  Last Runtime    Last Run
-----------------------------------------  -----  ---------  --------  ----------  --------------  -------------------
/opt/airflow/dags/dag_dq_checkpoint.py                              1           0  0.16s           2026-06-03T11:21:25
/opt/airflow/dags/dag_bronze_ingestion.py                           1           0  0.15s           2026-06-03T11:21:25
/opt/airflow/dags/dag_drift_monitoring.py                           1           0  0.15s           2026-06-03T11:21:21
/opt/airflow/dags/dag_retrain_pipeline.py                           1           0  0.14s           2026-06-03T11:21:21
================================================================================
[2026-06-03T11:21:57.900+0000] {manager.py:878} INFO - 
================================================================================
DAG File Processing Stats

File Path                                  PID    Runtime      # DAGs    # Errors  Last Runtime    Last Run
-----------------------------------------  -----  ---------  --------  ----------  --------------  -------------------
/opt/airflow/dags/dag_bronze_ingestion.py                           1           0  0.32s           2026-06-03T11:21:56
/opt/airflow/dags/dag_dq_checkpoint.py                              1           0  0.30s           2026-06-03T11:21:56
/opt/airflow/dags/dag_drift_monitoring.py                           1           0  0.19s           2026-06-03T11:21:51
/opt/airflow/dags/dag_retrain_pipeline.py                           1           0  0.18s           2026-06-03T11:21:51
================================================================================
[2026-06-03T11:22:18.453+0000] {manager.py:737} INFO - Searching for files in /opt/airflow/dags
[2026-06-03T11:22:18.677+0000] {manager.py:740} INFO - There are 4 files in /opt/airflow/dags
[2026-06-03T11:22:28.485+0000] {manager.py:878} INFO - 
================================================================================
DAG File Processing Stats

File Path                                  PID    Runtime      # DAGs    # Errors  Last Runtime    Last Run
-----------------------------------------  -----  ---------  --------  ----------  --------------  -------------------
/opt/airflow/dags/dag_retrain_pipeline.py                           1           0  0.36s           2026-06-03T11:22:22
/opt/airflow/dags/dag_drift_monitoring.py                           1           0  0.35s           2026-06-03T11:22:22
/opt/airflow/dags/dag_dq_checkpoint.py                              1           0  0.26s           2026-06-03T11:22:26
/opt/airflow/dags/dag_bronze_ingestion.py                           1           0  0.21s           2026-06-03T11:22:26
================================================================================
[2026-06-03T11:22:58.935+0000] {manager.py:878} INFO - 
================================================================================
DAG File Processing Stats

File Path                                  PID    Runtime      # DAGs    # Errors  Last Runtime    Last Run
-----------------------------------------  -----  ---------  --------  ----------  --------------  -------------------
/opt/airflow/dags/dag_retrain_pipeline.py                           1           0  0.36s           2026-06-03T11:22:52
/opt/airflow/dags/dag_dq_checkpoint.py                              1           0  0.34s           2026-06-03T11:22:57
/opt/airflow/dags/dag_drift_monitoring.py                           1           0  0.26s           2026-06-03T11:22:52
/opt/airflow/dags/dag_bronze_ingestion.py                           1           0  0.25s           2026-06-03T11:22:57
================================================================================
[2026-06-03T11:23:29.157+0000] {manager.py:878} INFO - 
================================================================================
DAG File Processing Stats

File Path                                  PID    Runtime      # DAGs    # Errors  Last Runtime    Last Run
-----------------------------------------  -----  ---------  --------  ----------  --------------  -------------------
/opt/airflow/dags/dag_bronze_ingestion.py                           1           0  0.36s           2026-06-03T11:23:28
/opt/airflow/dags/dag_dq_checkpoint.py                              1           0  0.34s           2026-06-03T11:23:28
/opt/airflow/dags/dag_drift_monitoring.py                           1           0  0.24s           2026-06-03T11:23:23
/opt/airflow/dags/dag_retrain_pipeline.py                           1           0  0.23s           2026-06-03T11:23:23
================================================================================
[2026-06-03T11:23:59.411+0000] {manager.py:878} INFO - 
================================================================================
DAG File Processing Stats

File Path                                  PID    Runtime      # DAGs    # Errors  Last Runtime    Last Run
-----------------------------------------  -----  ---------  --------  ----------  --------------  -------------------
/opt/airflow/dags/dag_dq_checkpoint.py                              1           0  0.36s           2026-06-03T11:23:59
/opt/airflow/dags/dag_bronze_ingestion.py                           1           0  0.28s           2026-06-03T11:23:59
/opt/airflow/dags/dag_retrain_pipeline.py                           1           0  0.22s           2026-06-03T11:23:53
/opt/airflow/dags/dag_drift_monitoring.py                           1           0  0.19s           2026-06-03T11:23:53
================================================================================
[2026-06-03T11:24:30.056+0000] {manager.py:878} INFO - 
================================================================================
DAG File Processing Stats

File Path                                    PID  Runtime      # DAGs    # Errors  Last Runtime    Last Run
-----------------------------------------  -----  ---------  --------  ----------  --------------  -------------------
/opt/airflow/dags/dag_drift_monitoring.py                           1           0  0.49s           2026-06-03T11:24:24
/opt/airflow/dags/dag_retrain_pipeline.py                           1           0  0.49s           2026-06-03T11:24:24
/opt/airflow/dags/dag_dq_checkpoint.py      3982  0.06s             1           0  0.36s           2026-06-03T11:23:59
/opt/airflow/dags/dag_bronze_ingestion.py   3985  0.01s             1           0  0.28s           2026-06-03T11:23:59
================================================================================
[2026-06-03T11:25:00.784+0000] {manager.py:878} INFO - 
================================================================================
DAG File Processing Stats

File Path                                    PID  Runtime      # DAGs    # Errors  Last Runtime    Last Run
-----------------------------------------  -----  ---------  --------  ----------  --------------  -------------------
/opt/airflow/dags/dag_retrain_pipeline.py                           1           0  0.67s           2026-06-03T11:24:55
/opt/airflow/dags/dag_dq_checkpoint.py      4002  0.05s             1           0  0.38s           2026-06-03T11:24:30
/opt/airflow/dags/dag_drift_monitoring.py                           1           0  0.37s           2026-06-03T11:24:55
/opt/airflow/dags/dag_bronze_ingestion.py   4005  0.01s             1           0  0.36s           2026-06-03T11:24:30
================================================================================
[2026-06-03T11:25:31.187+0000] {manager.py:878} INFO - 
================================================================================
DAG File Processing Stats

File Path                                    PID  Runtime      # DAGs    # Errors  Last Runtime    Last Run
-----------------------------------------  -----  ---------  --------  ----------  --------------  -------------------
/opt/airflow/dags/dag_dq_checkpoint.py      4022  0.03s             1           0  0.33s           2026-06-03T11:25:01
/opt/airflow/dags/dag_bronze_ingestion.py   4025  0.00s             1           0  0.33s           2026-06-03T11:25:01
/opt/airflow/dags/dag_drift_monitoring.py                           1           0  0.27s           2026-06-03T11:25:26
/opt/airflow/dags/dag_retrain_pipeline.py                           1           0  0.26s           2026-06-03T11:25:25
================================================================================
[2026-06-03T11:26:01.294+0000] {manager.py:878} INFO - 
================================================================================
DAG File Processing Stats

File Path                                  PID    Runtime      # DAGs    # Errors  Last Runtime    Last Run
-----------------------------------------  -----  ---------  --------  ----------  --------------  -------------------
/opt/airflow/dags/dag_drift_monitoring.py                           1           0  0.19s           2026-06-03T11:25:57
/opt/airflow/dags/dag_dq_checkpoint.py                              1           0  0.18s           2026-06-03T11:25:31
/opt/airflow/dags/dag_retrain_pipeline.py                           1           0  0.17s           2026-06-03T11:25:57
/opt/airflow/dags/dag_bronze_ingestion.py                           1           0  0.17s           2026-06-03T11:25:31
================================================================================
[2026-06-03T11:26:31.336+0000] {manager.py:878} INFO - 
================================================================================
DAG File Processing Stats

File Path                                  PID    Runtime      # DAGs    # Errors  Last Runtime    Last Run
-----------------------------------------  -----  ---------  --------  ----------  --------------  -------------------
/opt/airflow/dags/dag_dq_checkpoint.py                              1           0  0.29s           2026-06-03T11:26:02
/opt/airflow/dags/dag_bronze_ingestion.py                           1           0  0.27s           2026-06-03T11:26:02
/opt/airflow/dags/dag_retrain_pipeline.py                           1           0  0.19s           2026-06-03T11:26:28
/opt/airflow/dags/dag_drift_monitoring.py                           1           0  0.18s           2026-06-03T11:26:28
================================================================================
[2026-06-03T11:27:01.816+0000] {manager.py:878} INFO - 
================================================================================
DAG File Processing Stats

File Path                                  PID    Runtime      # DAGs    # Errors  Last Runtime    Last Run
-----------------------------------------  -----  ---------  --------  ----------  --------------  -------------------
/opt/airflow/dags/dag_retrain_pipeline.py                           1           0  0.41s           2026-06-03T11:26:58
/opt/airflow/dags/dag_drift_monitoring.py                           1           0  0.35s           2026-06-03T11:26:58
/opt/airflow/dags/dag_dq_checkpoint.py                              1           0  0.25s           2026-06-03T11:26:33
/opt/airflow/dags/dag_bronze_ingestion.py                           1           0  0.22s           2026-06-03T11:26:33
================================================================================
[2026-06-03T11:27:18.742+0000] {manager.py:737} INFO - Searching for files in /opt/airflow/dags
[2026-06-03T11:27:18.917+0000] {manager.py:740} INFO - There are 4 files in /opt/airflow/dags
[2026-06-03T11:27:32.375+0000] {manager.py:878} INFO - 
================================================================================
DAG File Processing Stats

File Path                                  PID    Runtime      # DAGs    # Errors  Last Runtime    Last Run
-----------------------------------------  -----  ---------  --------  ----------  --------------  -------------------
/opt/airflow/dags/dag_dq_checkpoint.py                              1           0  0.29s           2026-06-03T11:27:04
/opt/airflow/dags/dag_bronze_ingestion.py                           1           0  0.28s           2026-06-03T11:27:04
/opt/airflow/dags/dag_drift_monitoring.py                           1           0  0.27s           2026-06-03T11:27:29
/opt/airflow/dags/dag_retrain_pipeline.py                           1           0  0.26s           2026-06-03T11:27:29
================================================================================
[2026-06-03T11:28:02.533+0000] {manager.py:878} INFO - 
================================================================================
DAG File Processing Stats

File Path                                  PID    Runtime      # DAGs    # Errors  Last Runtime    Last Run
-----------------------------------------  -----  ---------  --------  ----------  --------------  -------------------
/opt/airflow/dags/dag_bronze_ingestion.py                           1           0  0.27s           2026-06-03T11:27:34
/opt/airflow/dags/dag_dq_checkpoint.py                              1           0  0.26s           2026-06-03T11:27:34
/opt/airflow/dags/dag_retrain_pipeline.py                           1           0  0.15s           2026-06-03T11:28:00
/opt/airflow/dags/dag_drift_monitoring.py                           1           0  0.15s           2026-06-03T11:28:00
================================================================================
[2026-06-03T11:28:32.618+0000] {manager.py:878} INFO - 
================================================================================
DAG File Processing Stats

File Path                                  PID    Runtime      # DAGs    # Errors  Last Runtime    Last Run
-----------------------------------------  -----  ---------  --------  ----------  --------------  -------------------
/opt/airflow/dags/dag_dq_checkpoint.py                              1           0  0.32s           2026-06-03T11:28:05
/opt/airflow/dags/dag_bronze_ingestion.py                           1           0  0.23s           2026-06-03T11:28:05
/opt/airflow/dags/dag_retrain_pipeline.py                           1           0  0.14s           2026-06-03T11:28:31
/opt/airflow/dags/dag_drift_monitoring.py                           1           0  0.14s           2026-06-03T11:28:31
================================================================================
[2026-06-03T11:29:03.465+0000] {manager.py:878} INFO - 
================================================================================
DAG File Processing Stats

File Path                                  PID    Runtime      # DAGs    # Errors  Last Runtime    Last Run
-----------------------------------------  -----  ---------  --------  ----------  --------------  -------------------
/opt/airflow/dags/dag_drift_monitoring.py                           1           0  0.19s           2026-06-03T11:29:02
/opt/airflow/dags/dag_dq_checkpoint.py                              1           0  0.17s           2026-06-03T11:28:36
/opt/airflow/dags/dag_retrain_pipeline.py                           1           0  0.16s           2026-06-03T11:29:02
/opt/airflow/dags/dag_bronze_ingestion.py                           1           0  0.15s           2026-06-03T11:28:36
================================================================================
[2026-06-03T11:29:33.470+0000] {manager.py:878} INFO - 
================================================================================
DAG File Processing Stats

File Path                                    PID  Runtime      # DAGs    # Errors  Last Runtime    Last Run
-----------------------------------------  -----  ---------  --------  ----------  --------------  -------------------
/opt/airflow/dags/dag_bronze_ingestion.py                           1           0  0.22s           2026-06-03T11:29:07
/opt/airflow/dags/dag_drift_monitoring.py   4175  0.16s             1           0  0.19s           2026-06-03T11:29:02
/opt/airflow/dags/dag_retrain_pipeline.py                           1           0  0.18s           2026-06-03T11:29:33
/opt/airflow/dags/dag_dq_checkpoint.py                              1           0  0.17s           2026-06-03T11:29:07
================================================================================
[2026-06-03T11:30:04.340+0000] {manager.py:878} INFO - 
================================================================================
DAG File Processing Stats

File Path                                    PID  Runtime      # DAGs    # Errors  Last Runtime    Last Run
-----------------------------------------  -----  ---------  --------  ----------  --------------  -------------------
/opt/airflow/dags/dag_dq_checkpoint.py                              1           0  0.23s           2026-06-03T11:29:38
/opt/airflow/dags/dag_bronze_ingestion.py                           1           0  0.19s           2026-06-03T11:29:38
/opt/airflow/dags/dag_retrain_pipeline.py   4192  0.02s             1           0  0.18s           2026-06-03T11:29:33
/opt/airflow/dags/dag_drift_monitoring.py   4195  0.00s             1           0  0.17s           2026-06-03T11:29:33
================================================================================
[2026-06-03T11:30:35.262+0000] {manager.py:878} INFO - 
================================================================================
DAG File Processing Stats

File Path                                    PID  Runtime      # DAGs    # Errors  Last Runtime    Last Run
-----------------------------------------  -----  ---------  --------  ----------  --------------  -------------------
/opt/airflow/dags/dag_drift_monitoring.py   4215  0.00s             1           0  0.17s           2026-06-03T11:30:04
/opt/airflow/dags/dag_retrain_pipeline.py   4212  0.05s             1           0  0.17s           2026-06-03T11:30:04
/opt/airflow/dags/dag_dq_checkpoint.py                              1           0  0.15s           2026-06-03T11:30:09
/opt/airflow/dags/dag_bronze_ingestion.py                           1           0  0.14s           2026-06-03T11:30:09
================================================================================
[2026-06-03T11:31:05.312+0000] {manager.py:878} INFO - 
================================================================================
DAG File Processing Stats

File Path                                  PID    Runtime      # DAGs    # Errors  Last Runtime    Last Run
-----------------------------------------  -----  ---------  --------  ----------  --------------  -------------------
/opt/airflow/dags/dag_dq_checkpoint.py                              1           0  0.25s           2026-06-03T11:30:40
/opt/airflow/dags/dag_retrain_pipeline.py                           1           0  0.23s           2026-06-03T11:30:35
/opt/airflow/dags/dag_drift_monitoring.py                           1           0  0.20s           2026-06-03T11:30:35
/opt/airflow/dags/dag_bronze_ingestion.py                           1           0  0.18s           2026-06-03T11:30:40
================================================================================
[2026-06-03T11:31:35.692+0000] {manager.py:878} INFO - 
================================================================================
DAG File Processing Stats

File Path                                  PID    Runtime      # DAGs    # Errors  Last Runtime    Last Run
-----------------------------------------  -----  ---------  --------  ----------  --------------  -------------------
/opt/airflow/dags/dag_retrain_pipeline.py                           1           0  0.20s           2026-06-03T11:31:05
/opt/airflow/dags/dag_drift_monitoring.py                           1           0  0.19s           2026-06-03T11:31:06
/opt/airflow/dags/dag_dq_checkpoint.py                              1           0  0.14s           2026-06-03T11:31:11
/opt/airflow/dags/dag_bronze_ingestion.py                           1           0  0.13s           2026-06-03T11:31:11
================================================================================
[2026-06-03T11:32:05.818+0000] {manager.py:878} INFO - 
================================================================================
DAG File Processing Stats

File Path                                  PID    Runtime      # DAGs    # Errors  Last Runtime    Last Run
-----------------------------------------  -----  ---------  --------  ----------  --------------  -------------------
/opt/airflow/dags/dag_dq_checkpoint.py                              1           0  0.20s           2026-06-03T11:31:42
/opt/airflow/dags/dag_bronze_ingestion.py                           1           0  0.19s           2026-06-03T11:31:42
/opt/airflow/dags/dag_retrain_pipeline.py                           1           0  0.18s           2026-06-03T11:31:37
/opt/airflow/dags/dag_drift_monitoring.py                           1           0  0.16s           2026-06-03T11:31:37
================================================================================
[2026-06-03T11:32:18.763+0000] {manager.py:737} INFO - Searching for files in /opt/airflow/dags
[2026-06-03T11:32:18.997+0000] {manager.py:740} INFO - There are 4 files in /opt/airflow/dags
[2026-06-03T11:32:36.093+0000] {manager.py:878} INFO - 
================================================================================
DAG File Processing Stats

File Path                                  PID    Runtime      # DAGs    # Errors  Last Runtime    Last Run
-----------------------------------------  -----  ---------  --------  ----------  --------------  -------------------
/opt/airflow/dags/dag_retrain_pipeline.py                           1           0  0.21s           2026-06-03T11:32:08
/opt/airflow/dags/dag_drift_monitoring.py                           1           0  0.20s           2026-06-03T11:32:08
/opt/airflow/dags/dag_bronze_ingestion.py                           1           0  0.18s           2026-06-03T11:32:12
/opt/airflow/dags/dag_dq_checkpoint.py                              1           0  0.17s           2026-06-03T11:32:12
================================================================================
[2026-06-03T11:33:06.520+0000] {manager.py:878} INFO - 
================================================================================
DAG File Processing Stats

File Path                                  PID    Runtime      # DAGs    # Errors  Last Runtime    Last Run
-----------------------------------------  -----  ---------  --------  ----------  --------------  -------------------
/opt/airflow/dags/dag_drift_monitoring.py                           1           0  0.27s           2026-06-03T11:32:39
/opt/airflow/dags/dag_retrain_pipeline.py                           1           0  0.26s           2026-06-03T11:32:38
/opt/airflow/dags/dag_dq_checkpoint.py                              1           0  0.19s           2026-06-03T11:32:43
/opt/airflow/dags/dag_bronze_ingestion.py                           1           0  0.17s           2026-06-03T11:32:43
================================================================================
[2026-06-03T11:33:37.083+0000] {manager.py:878} INFO - 
================================================================================
DAG File Processing Stats

File Path                                  PID    Runtime      # DAGs    # Errors  Last Runtime    Last Run
-----------------------------------------  -----  ---------  --------  ----------  --------------  -------------------
/opt/airflow/dags/dag_bronze_ingestion.py                           1           0  0.35s           2026-06-03T11:33:13
/opt/airflow/dags/dag_dq_checkpoint.py                              1           0  0.34s           2026-06-03T11:33:13
/opt/airflow/dags/dag_retrain_pipeline.py                           1           0  0.23s           2026-06-03T11:33:10
/opt/airflow/dags/dag_drift_monitoring.py                           1           0  0.22s           2026-06-03T11:33:10
================================================================================
[2026-06-03T11:34:07.647+0000] {manager.py:878} INFO - 
================================================================================
DAG File Processing Stats

File Path                                  PID    Runtime      # DAGs    # Errors  Last Runtime    Last Run
-----------------------------------------  -----  ---------  --------  ----------  --------------  -------------------
/opt/airflow/dags/dag_dq_checkpoint.py                              1           0  0.23s           2026-06-03T11:33:43
/opt/airflow/dags/dag_bronze_ingestion.py                           1           0  0.22s           2026-06-03T11:33:43
/opt/airflow/dags/dag_retrain_pipeline.py                           1           0  0.21s           2026-06-03T11:33:40
/opt/airflow/dags/dag_drift_monitoring.py                           1           0  0.17s           2026-06-03T11:33:40
================================================================================
[2026-06-03T11:34:37.994+0000] {manager.py:878} INFO - 
================================================================================
DAG File Processing Stats

File Path                                  PID    Runtime      # DAGs    # Errors  Last Runtime    Last Run
-----------------------------------------  -----  ---------  --------  ----------  --------------  -------------------
/opt/airflow/dags/dag_bronze_ingestion.py                           1           0  0.39s           2026-06-03T11:34:14
/opt/airflow/dags/dag_dq_checkpoint.py                              1           0  0.33s           2026-06-03T11:34:14
/opt/airflow/dags/dag_retrain_pipeline.py                           1           0  0.24s           2026-06-03T11:34:11
/opt/airflow/dags/dag_drift_monitoring.py                           1           0  0.21s           2026-06-03T11:34:11
================================================================================
[2026-06-03T11:35:08.684+0000] {manager.py:878} INFO - 
================================================================================
DAG File Processing Stats

File Path                                  PID    Runtime      # DAGs    # Errors  Last Runtime    Last Run
-----------------------------------------  -----  ---------  --------  ----------  --------------  -------------------
/opt/airflow/dags/dag_bronze_ingestion.py                           1           0  0.26s           2026-06-03T11:34:45
/opt/airflow/dags/dag_dq_checkpoint.py                              1           0  0.25s           2026-06-03T11:34:45
/opt/airflow/dags/dag_drift_monitoring.py                           1           0  0.21s           2026-06-03T11:34:41
/opt/airflow/dags/dag_retrain_pipeline.py                           1           0  0.21s           2026-06-03T11:34:41
================================================================================
[2026-06-03T11:35:38.702+0000] {manager.py:878} INFO - 
================================================================================
DAG File Processing Stats

File Path                                  PID    Runtime      # DAGs    # Errors  Last Runtime    Last Run
-----------------------------------------  -----  ---------  --------  ----------  --------------  -------------------
/opt/airflow/dags/dag_drift_monitoring.py                           1           0  0.26s           2026-06-03T11:35:12
/opt/airflow/dags/dag_retrain_pipeline.py                           1           0  0.26s           2026-06-03T11:35:12
/opt/airflow/dags/dag_dq_checkpoint.py                              1           0  0.25s           2026-06-03T11:35:15
/opt/airflow/dags/dag_bronze_ingestion.py                           1           0  0.18s           2026-06-03T11:35:15
================================================================================
[2026-06-03T11:36:08.929+0000] {manager.py:878} INFO - 
================================================================================
DAG File Processing Stats

File Path                                  PID    Runtime      # DAGs    # Errors  Last Runtime    Last Run
-----------------------------------------  -----  ---------  --------  ----------  --------------  -------------------
/opt/airflow/dags/dag_dq_checkpoint.py                              1           0  0.30s           2026-06-03T11:35:46
/opt/airflow/dags/dag_bronze_ingestion.py                           1           0  0.28s           2026-06-03T11:35:46
/opt/airflow/dags/dag_retrain_pipeline.py                           1           0  0.23s           2026-06-03T11:35:42
/opt/airflow/dags/dag_drift_monitoring.py                           1           0  0.22s           2026-06-03T11:35:42
================================================================================
[2026-06-03T11:36:39.948+0000] {manager.py:878} INFO - 
================================================================================
DAG File Processing Stats

File Path                                  PID    Runtime      # DAGs    # Errors  Last Runtime    Last Run
-----------------------------------------  -----  ---------  --------  ----------  --------------  -------------------
/opt/airflow/dags/dag_drift_monitoring.py                           1           0  0.83s           2026-06-03T11:36:14
/opt/airflow/dags/dag_retrain_pipeline.py                           1           0  0.76s           2026-06-03T11:36:13
/opt/airflow/dags/dag_dq_checkpoint.py                              1           0  0.39s           2026-06-03T11:36:17
/opt/airflow/dags/dag_bronze_ingestion.py                           1           0  0.33s           2026-06-03T11:36:16
================================================================================
[2026-06-03T11:37:10.048+0000] {manager.py:878} INFO - 
================================================================================
DAG File Processing Stats

File Path                                  PID    Runtime      # DAGs    # Errors  Last Runtime    Last Run
-----------------------------------------  -----  ---------  --------  ----------  --------------  -------------------
/opt/airflow/dags/dag_retrain_pipeline.py                           1           0  0.26s           2026-06-03T11:36:44
/opt/airflow/dags/dag_drift_monitoring.py                           1           0  0.23s           2026-06-03T11:36:44
/opt/airflow/dags/dag_dq_checkpoint.py                              1           0  0.16s           2026-06-03T11:36:47
/opt/airflow/dags/dag_bronze_ingestion.py                           1           0  0.13s           2026-06-03T11:36:47
================================================================================
[2026-06-03T11:37:18.894+0000] {manager.py:737} INFO - Searching for files in /opt/airflow/dags
[2026-06-03T11:37:19.085+0000] {manager.py:740} INFO - There are 4 files in /opt/airflow/dags
[2026-06-03T11:37:40.882+0000] {manager.py:878} INFO - 
================================================================================
DAG File Processing Stats

File Path                                  PID    Runtime      # DAGs    # Errors  Last Runtime    Last Run
-----------------------------------------  -----  ---------  --------  ----------  --------------  -------------------
/opt/airflow/dags/dag_dq_checkpoint.py                              1           0  0.39s           2026-06-03T11:37:18
/opt/airflow/dags/dag_bronze_ingestion.py                           1           0  0.33s           2026-06-03T11:37:18
/opt/airflow/dags/dag_drift_monitoring.py                           1           0  0.30s           2026-06-03T11:37:14
/opt/airflow/dags/dag_retrain_pipeline.py                           1           0  0.28s           2026-06-03T11:37:14
================================================================================
[2026-06-03T12:00:46.271+0000] {manager.py:737} INFO - Searching for files in /opt/airflow/dags
[2026-06-03T12:00:46.408+0000] {manager.py:740} INFO - There are 4 files in /opt/airflow/dags
[2026-06-03T12:01:01.983+0000] {manager.py:878} INFO - 
================================================================================
DAG File Processing Stats

File Path                                  PID    Runtime      # DAGs    # Errors  Last Runtime    Last Run
-----------------------------------------  -----  ---------  --------  ----------  --------------  -------------------
/opt/airflow/dags/dag_retrain_pipeline.py                           1           0  0.19s           2026-06-03T12:00:46
/opt/airflow/dags/dag_drift_monitoring.py                           1           0  0.19s           2026-06-03T12:00:46
/opt/airflow/dags/dag_bronze_ingestion.py                           1           0  0.15s           2026-06-03T12:00:46
/opt/airflow/dags/dag_dq_checkpoint.py                              1           0  0.14s           2026-06-03T12:00:46
================================================================================
[2026-06-03T12:01:32.416+0000] {manager.py:878} INFO - 
================================================================================
DAG File Processing Stats

File Path                                  PID    Runtime      # DAGs    # Errors  Last Runtime    Last Run
-----------------------------------------  -----  ---------  --------  ----------  --------------  -------------------
/opt/airflow/dags/dag_drift_monitoring.py                           1           0  0.49s           2026-06-03T12:01:17
/opt/airflow/dags/dag_retrain_pipeline.py                           1           0  0.38s           2026-06-03T12:01:17
/opt/airflow/dags/dag_dq_checkpoint.py                              1           0  0.32s           2026-06-03T12:01:17
/opt/airflow/dags/dag_bronze_ingestion.py                           1           0  0.20s           2026-06-03T12:01:18
================================================================================
[2026-06-03T12:02:02.705+0000] {manager.py:878} INFO - 
================================================================================
DAG File Processing Stats

File Path                                  PID    Runtime      # DAGs    # Errors  Last Runtime    Last Run
-----------------------------------------  -----  ---------  --------  ----------  --------------  -------------------
/opt/airflow/dags/dag_dq_checkpoint.py                              1           0  0.24s           2026-06-03T12:01:48
/opt/airflow/dags/dag_bronze_ingestion.py                           1           0  0.20s           2026-06-03T12:01:48
/opt/airflow/dags/dag_drift_monitoring.py                           1           0  0.19s           2026-06-03T12:01:48
/opt/airflow/dags/dag_retrain_pipeline.py                           1           0  0.17s           2026-06-03T12:01:48
================================================================================
[2026-06-03T12:02:32.822+0000] {manager.py:878} INFO - 
================================================================================
DAG File Processing Stats

File Path                                  PID    Runtime      # DAGs    # Errors  Last Runtime    Last Run
-----------------------------------------  -----  ---------  --------  ----------  --------------  -------------------
/opt/airflow/dags/dag_retrain_pipeline.py                           1           0  0.27s           2026-06-03T12:02:18
/opt/airflow/dags/dag_drift_monitoring.py                           1           0  0.26s           2026-06-03T12:02:19
/opt/airflow/dags/dag_dq_checkpoint.py                              1           0  0.21s           2026-06-03T12:02:19
/opt/airflow/dags/dag_bronze_ingestion.py                           1           0  0.19s           2026-06-03T12:02:19
================================================================================
[2026-06-03T12:03:03.032+0000] {manager.py:878} INFO - 
================================================================================
DAG File Processing Stats

File Path                                  PID    Runtime      # DAGs    # Errors  Last Runtime    Last Run
-----------------------------------------  -----  ---------  --------  ----------  --------------  -------------------
/opt/airflow/dags/dag_dq_checkpoint.py                              1           0  0.17s           2026-06-03T12:02:49
/opt/airflow/dags/dag_drift_monitoring.py                           1           0  0.17s           2026-06-03T12:02:49
/opt/airflow/dags/dag_retrain_pipeline.py                           1           0  0.16s           2026-06-03T12:02:49
/opt/airflow/dags/dag_bronze_ingestion.py                           1           0  0.16s           2026-06-03T12:02:49
================================================================================
[2026-06-03T12:03:33.220+0000] {manager.py:878} INFO - 
================================================================================
DAG File Processing Stats

File Path                                  PID    Runtime      # DAGs    # Errors  Last Runtime    Last Run
-----------------------------------------  -----  ---------  --------  ----------  --------------  -------------------
/opt/airflow/dags/dag_bronze_ingestion.py                           1           0  0.35s           2026-06-03T12:03:20
/opt/airflow/dags/dag_dq_checkpoint.py                              1           0  0.27s           2026-06-03T12:03:20
/opt/airflow/dags/dag_retrain_pipeline.py                           1           0  0.23s           2026-06-03T12:03:19
/opt/airflow/dags/dag_drift_monitoring.py                           1           0  0.22s           2026-06-03T12:03:19
================================================================================
[2026-06-03T12:04:03.307+0000] {manager.py:878} INFO - 
================================================================================
DAG File Processing Stats

File Path                                  PID    Runtime      # DAGs    # Errors  Last Runtime    Last Run
-----------------------------------------  -----  ---------  --------  ----------  --------------  -------------------
/opt/airflow/dags/dag_bronze_ingestion.py                           1           0  0.37s           2026-06-03T12:03:51
/opt/airflow/dags/dag_dq_checkpoint.py                              1           0  0.34s           2026-06-03T12:03:51
/opt/airflow/dags/dag_retrain_pipeline.py                           1           0  0.32s           2026-06-03T12:03:51
/opt/airflow/dags/dag_drift_monitoring.py                           1           0  0.23s           2026-06-03T12:03:51
================================================================================
[2026-06-03T12:04:34.223+0000] {manager.py:878} INFO - 
================================================================================
DAG File Processing Stats

File Path                                  PID    Runtime      # DAGs    # Errors  Last Runtime    Last Run
-----------------------------------------  -----  ---------  --------  ----------  --------------  -------------------
/opt/airflow/dags/dag_dq_checkpoint.py                              1           0  0.30s           2026-06-03T12:04:21
/opt/airflow/dags/dag_bronze_ingestion.py                           1           0  0.29s           2026-06-03T12:04:22
/opt/airflow/dags/dag_drift_monitoring.py                           1           0  0.26s           2026-06-03T12:04:21
/opt/airflow/dags/dag_retrain_pipeline.py                           1           0  0.23s           2026-06-03T12:04:21
================================================================================
[2026-06-03T12:05:04.291+0000] {manager.py:878} INFO - 
================================================================================
DAG File Processing Stats

File Path                                  PID    Runtime      # DAGs    # Errors  Last Runtime    Last Run
-----------------------------------------  -----  ---------  --------  ----------  --------------  -------------------
/opt/airflow/dags/dag_bronze_ingestion.py                           1           0  0.42s           2026-06-03T12:04:53
/opt/airflow/dags/dag_drift_monitoring.py                           1           0  0.36s           2026-06-03T12:04:52
/opt/airflow/dags/dag_retrain_pipeline.py                           1           0  0.32s           2026-06-03T12:04:52
/opt/airflow/dags/dag_dq_checkpoint.py                              1           0  0.30s           2026-06-03T12:04:52
================================================================================
[2026-06-03T12:05:34.399+0000] {manager.py:878} INFO - 
================================================================================
DAG File Processing Stats

File Path                                  PID    Runtime      # DAGs    # Errors  Last Runtime    Last Run
-----------------------------------------  -----  ---------  --------  ----------  --------------  -------------------
/opt/airflow/dags/dag_bronze_ingestion.py                           1           0  0.18s           2026-06-03T12:05:23
/opt/airflow/dags/dag_drift_monitoring.py                           1           0  0.17s           2026-06-03T12:05:22
/opt/airflow/dags/dag_retrain_pipeline.py                           1           0  0.17s           2026-06-03T12:05:22
/opt/airflow/dags/dag_dq_checkpoint.py                              1           0  0.16s           2026-06-03T12:05:22
================================================================================
[2026-06-03T12:05:46.678+0000] {manager.py:737} INFO - Searching for files in /opt/airflow/dags
[2026-06-03T12:05:46.897+0000] {manager.py:740} INFO - There are 4 files in /opt/airflow/dags
[2026-06-03T12:06:04.985+0000] {manager.py:878} INFO - 
================================================================================
DAG File Processing Stats

File Path                                  PID    Runtime      # DAGs    # Errors  Last Runtime    Last Run
-----------------------------------------  -----  ---------  --------  ----------  --------------  -------------------
/opt/airflow/dags/dag_bronze_ingestion.py                           1           0  0.35s           2026-06-03T12:05:54
/opt/airflow/dags/dag_dq_checkpoint.py                              1           0  0.26s           2026-06-03T12:05:53
/opt/airflow/dags/dag_retrain_pipeline.py                           1           0  0.21s           2026-06-03T12:05:53
/opt/airflow/dags/dag_drift_monitoring.py                           1           0  0.20s           2026-06-03T12:05:53
================================================================================
[2026-06-03T12:06:35.418+0000] {manager.py:878} INFO - 
================================================================================
DAG File Processing Stats

File Path                                  PID    Runtime      # DAGs    # Errors  Last Runtime    Last Run
-----------------------------------------  -----  ---------  --------  ----------  --------------  -------------------
/opt/airflow/dags/dag_bronze_ingestion.py                           1           0  0.33s           2026-06-03T12:06:25
/opt/airflow/dags/dag_drift_monitoring.py                           1           0  0.25s           2026-06-03T12:06:23
/opt/airflow/dags/dag_retrain_pipeline.py                           1           0  0.24s           2026-06-03T12:06:23
/opt/airflow/dags/dag_dq_checkpoint.py                              1           0  0.18s           2026-06-03T12:06:24
================================================================================
[2026-06-03T12:07:05.765+0000] {manager.py:878} INFO - 
================================================================================
DAG File Processing Stats

File Path                                  PID    Runtime      # DAGs    # Errors  Last Runtime    Last Run
-----------------------------------------  -----  ---------  --------  ----------  --------------  -------------------
/opt/airflow/dags/dag_bronze_ingestion.py                           1           0  0.47s           2026-06-03T12:06:56
/opt/airflow/dags/dag_dq_checkpoint.py                              1           0  0.37s           2026-06-03T12:06:54
/opt/airflow/dags/dag_drift_monitoring.py                           1           0  0.23s           2026-06-03T12:06:54
/opt/airflow/dags/dag_retrain_pipeline.py                           1           0  0.22s           2026-06-03T12:06:54
================================================================================
[2026-06-03T12:07:36.289+0000] {manager.py:878} INFO - 
================================================================================
DAG File Processing Stats

File Path                                  PID    Runtime      # DAGs    # Errors  Last Runtime    Last Run
-----------------------------------------  -----  ---------  --------  ----------  --------------  -------------------
/opt/airflow/dags/dag_bronze_ingestion.py                           1           0  0.39s           2026-06-03T12:07:27
/opt/airflow/dags/dag_dq_checkpoint.py                              1           0  0.24s           2026-06-03T12:07:26
/opt/airflow/dags/dag_drift_monitoring.py                           1           0  0.17s           2026-06-03T12:07:24
/opt/airflow/dags/dag_retrain_pipeline.py                           1           0  0.17s           2026-06-03T12:07:24
================================================================================
[2026-06-03T12:08:06.915+0000] {manager.py:878} INFO - 
================================================================================
DAG File Processing Stats

File Path                                  PID    Runtime      # DAGs    # Errors  Last Runtime    Last Run
-----------------------------------------  -----  ---------  --------  ----------  --------------  -------------------
/opt/airflow/dags/dag_dq_checkpoint.py                              1           0  0.39s           2026-06-03T12:07:56
/opt/airflow/dags/dag_bronze_ingestion.py                           1           0  0.27s           2026-06-03T12:07:57
/opt/airflow/dags/dag_drift_monitoring.py                           1           0  0.24s           2026-06-03T12:07:55
/opt/airflow/dags/dag_retrain_pipeline.py                           1           0  0.21s           2026-06-03T12:07:55
================================================================================
[2026-06-03T12:08:37.581+0000] {manager.py:878} INFO - 
================================================================================
DAG File Processing Stats

File Path                                  PID    Runtime      # DAGs    # Errors  Last Runtime    Last Run
-----------------------------------------  -----  ---------  --------  ----------  --------------  -------------------
/opt/airflow/dags/dag_dq_checkpoint.py                              1           0  0.32s           2026-06-03T12:08:27
/opt/airflow/dags/dag_bronze_ingestion.py                           1           0  0.29s           2026-06-03T12:08:28
/opt/airflow/dags/dag_retrain_pipeline.py                           1           0  0.17s           2026-06-03T12:08:25
/opt/airflow/dags/dag_drift_monitoring.py                           1           0  0.16s           2026-06-03T12:08:25
================================================================================
[2026-06-03T12:09:08.130+0000] {manager.py:878} INFO - 
================================================================================
DAG File Processing Stats

File Path                                  PID    Runtime      # DAGs    # Errors  Last Runtime    Last Run
-----------------------------------------  -----  ---------  --------  ----------  --------------  -------------------
/opt/airflow/dags/dag_drift_monitoring.py                           1           0  0.43s           2026-06-03T12:08:56
/opt/airflow/dags/dag_bronze_ingestion.py                           1           0  0.41s           2026-06-03T12:08:59
/opt/airflow/dags/dag_dq_checkpoint.py                              1           0  0.40s           2026-06-03T12:08:57
/opt/airflow/dags/dag_retrain_pipeline.py                           1           0  0.38s           2026-06-03T12:08:56
================================================================================
[2026-06-03T12:09:38.426+0000] {manager.py:878} INFO - 
================================================================================
DAG File Processing Stats

File Path                                  PID    Runtime      # DAGs    # Errors  Last Runtime    Last Run
-----------------------------------------  -----  ---------  --------  ----------  --------------  -------------------
/opt/airflow/dags/dag_dq_checkpoint.py                              1           0  0.41s           2026-06-03T12:09:28
/opt/airflow/dags/dag_bronze_ingestion.py                           1           0  0.32s           2026-06-03T12:09:29
/opt/airflow/dags/dag_retrain_pipeline.py                           1           0  0.26s           2026-06-03T12:09:27
/opt/airflow/dags/dag_drift_monitoring.py                           1           0  0.15s           2026-06-03T12:09:27
================================================================================
[2026-06-03T12:10:08.509+0000] {manager.py:878} INFO - 
================================================================================
DAG File Processing Stats

File Path                                  PID    Runtime      # DAGs    # Errors  Last Runtime    Last Run
-----------------------------------------  -----  ---------  --------  ----------  --------------  -------------------
/opt/airflow/dags/dag_bronze_ingestion.py                           1           0  0.44s           2026-06-03T12:10:00
/opt/airflow/dags/dag_retrain_pipeline.py                           1           0  0.43s           2026-06-03T12:09:57
/opt/airflow/dags/dag_dq_checkpoint.py                              1           0  0.39s           2026-06-03T12:09:59
/opt/airflow/dags/dag_drift_monitoring.py                           1           0  0.32s           2026-06-03T12:09:57
================================================================================
[2026-06-03T12:10:39.383+0000] {manager.py:878} INFO - 
================================================================================
DAG File Processing Stats

File Path                                  PID    Runtime      # DAGs    # Errors  Last Runtime    Last Run
-----------------------------------------  -----  ---------  --------  ----------  --------------  -------------------
/opt/airflow/dags/dag_drift_monitoring.py                           1           0  0.90s           2026-06-03T12:10:28
/opt/airflow/dags/dag_bronze_ingestion.py                           1           0  0.41s           2026-06-03T12:10:30
/opt/airflow/dags/dag_retrain_pipeline.py                           1           0  0.41s           2026-06-03T12:10:28
/opt/airflow/dags/dag_dq_checkpoint.py                              1           0  0.36s           2026-06-03T12:10:29
================================================================================
[2026-06-03T12:10:47.551+0000] {manager.py:737} INFO - Searching for files in /opt/airflow/dags
[2026-06-03T12:10:47.925+0000] {manager.py:740} INFO - There are 4 files in /opt/airflow/dags
[2026-06-03T12:11:09.664+0000] {manager.py:878} INFO - 
================================================================================
DAG File Processing Stats

File Path                                  PID    Runtime      # DAGs    # Errors  Last Runtime    Last Run
-----------------------------------------  -----  ---------  --------  ----------  --------------  -------------------
/opt/airflow/dags/dag_dq_checkpoint.py                              1           0  0.53s           2026-06-03T12:11:01
/opt/airflow/dags/dag_retrain_pipeline.py                           1           0  0.34s           2026-06-03T12:10:59
/opt/airflow/dags/dag_drift_monitoring.py                           1           0  0.33s           2026-06-03T12:10:59
/opt/airflow/dags/dag_bronze_ingestion.py                           1           0  0.15s           2026-06-03T12:11:01
================================================================================
[2026-06-03T12:11:40.206+0000] {manager.py:878} INFO - 
================================================================================
DAG File Processing Stats

File Path                                  PID    Runtime      # DAGs    # Errors  Last Runtime    Last Run
-----------------------------------------  -----  ---------  --------  ----------  --------------  -------------------
/opt/airflow/dags/dag_drift_monitoring.py                           1           0  0.52s           2026-06-03T12:11:30
/opt/airflow/dags/dag_retrain_pipeline.py                           1           0  0.32s           2026-06-03T12:11:30
/opt/airflow/dags/dag_bronze_ingestion.py                           1           0  0.29s           2026-06-03T12:11:32
/opt/airflow/dags/dag_dq_checkpoint.py                              1           0  0.20s           2026-06-03T12:11:31
================================================================================
[2026-06-03T12:12:10.475+0000] {manager.py:878} INFO - 
================================================================================
DAG File Processing Stats

File Path                                  PID    Runtime      # DAGs    # Errors  Last Runtime    Last Run
-----------------------------------------  -----  ---------  --------  ----------  --------------  -------------------
/opt/airflow/dags/dag_drift_monitoring.py                           1           0  0.40s           2026-06-03T12:12:01
/opt/airflow/dags/dag_retrain_pipeline.py                           1           0  0.39s           2026-06-03T12:12:01
/opt/airflow/dags/dag_dq_checkpoint.py                              1           0  0.15s           2026-06-03T12:12:02
/opt/airflow/dags/dag_bronze_ingestion.py                           1           0  0.14s           2026-06-03T12:12:02
================================================================================
[2026-06-03T12:12:41.088+0000] {manager.py:878} INFO - 
================================================================================
DAG File Processing Stats

File Path                                  PID    Runtime      # DAGs    # Errors  Last Runtime    Last Run
-----------------------------------------  -----  ---------  --------  ----------  --------------  -------------------
/opt/airflow/dags/dag_retrain_pipeline.py                           1           0  0.37s           2026-06-03T12:12:31
/opt/airflow/dags/dag_bronze_ingestion.py                           1           0  0.33s           2026-06-03T12:12:33
/opt/airflow/dags/dag_drift_monitoring.py                           1           0  0.26s           2026-06-03T12:12:31
/opt/airflow/dags/dag_dq_checkpoint.py                              1           0  0.23s           2026-06-03T12:12:32
================================================================================
[2026-06-03T12:13:11.269+0000] {manager.py:878} INFO - 
================================================================================
DAG File Processing Stats

File Path                                  PID    Runtime      # DAGs    # Errors  Last Runtime    Last Run
-----------------------------------------  -----  ---------  --------  ----------  --------------  -------------------
/opt/airflow/dags/dag_dq_checkpoint.py                              1           0  0.60s           2026-06-03T12:13:03
/opt/airflow/dags/dag_bronze_ingestion.py                           1           0  0.60s           2026-06-03T12:13:03
/opt/airflow/dags/dag_drift_monitoring.py                           1           0  0.38s           2026-06-03T12:13:02
/opt/airflow/dags/dag_retrain_pipeline.py                           1           0  0.37s           2026-06-03T12:13:02
================================================================================
[2026-06-03T12:13:41.537+0000] {manager.py:878} INFO - 
================================================================================
DAG File Processing Stats

File Path                                  PID    Runtime      # DAGs    # Errors  Last Runtime    Last Run
-----------------------------------------  -----  ---------  --------  ----------  --------------  -------------------
/opt/airflow/dags/dag_bronze_ingestion.py                           1           0  0.34s           2026-06-03T12:13:34
/opt/airflow/dags/dag_retrain_pipeline.py                           1           0  0.32s           2026-06-03T12:13:33
/opt/airflow/dags/dag_dq_checkpoint.py                              1           0  0.26s           2026-06-03T12:13:34
/opt/airflow/dags/dag_drift_monitoring.py                           1           0  0.16s           2026-06-03T12:13:33
================================================================================
[2026-06-03T12:14:12.128+0000] {manager.py:878} INFO - 
================================================================================
DAG File Processing Stats

File Path                                  PID    Runtime      # DAGs    # Errors  Last Runtime    Last Run
-----------------------------------------  -----  ---------  --------  ----------  --------------  -------------------
/opt/airflow/dags/dag_bronze_ingestion.py                           1           0  0.37s           2026-06-03T12:14:05
/opt/airflow/dags/dag_dq_checkpoint.py                              1           0  0.29s           2026-06-03T12:14:04
/opt/airflow/dags/dag_retrain_pipeline.py                           1           0  0.28s           2026-06-03T12:14:03
/opt/airflow/dags/dag_drift_monitoring.py                           1           0  0.28s           2026-06-03T12:14:03
================================================================================
[2026-06-03T12:14:42.678+0000] {manager.py:878} INFO - 
================================================================================
DAG File Processing Stats

File Path                                  PID    Runtime      # DAGs    # Errors  Last Runtime    Last Run
-----------------------------------------  -----  ---------  --------  ----------  --------------  -------------------
/opt/airflow/dags/dag_dq_checkpoint.py                              1           0  0.37s           2026-06-03T12:14:35
/opt/airflow/dags/dag_bronze_ingestion.py                           1           0  0.33s           2026-06-03T12:14:35
/opt/airflow/dags/dag_retrain_pipeline.py                           1           0  0.29s           2026-06-03T12:14:34
/opt/airflow/dags/dag_drift_monitoring.py                           1           0  0.28s           2026-06-03T12:14:33
================================================================================
[2026-06-03T12:15:13.128+0000] {manager.py:878} INFO - 
================================================================================
DAG File Processing Stats

File Path                                  PID    Runtime      # DAGs    # Errors  Last Runtime    Last Run
-----------------------------------------  -----  ---------  --------  ----------  --------------  -------------------
/opt/airflow/dags/dag_dq_checkpoint.py                              1           0  0.50s           2026-06-03T12:15:06
/opt/airflow/dags/dag_bronze_ingestion.py                           1           0  0.42s           2026-06-03T12:15:06
/opt/airflow/dags/dag_drift_monitoring.py                           1           0  0.19s           2026-06-03T12:15:04
/opt/airflow/dags/dag_retrain_pipeline.py                           1           0  0.18s           2026-06-03T12:15:04
================================================================================
[2026-06-03T12:15:43.180+0000] {manager.py:878} INFO - 
================================================================================
DAG File Processing Stats

File Path                                  PID    Runtime      # DAGs    # Errors  Last Runtime    Last Run
-----------------------------------------  -----  ---------  --------  ----------  --------------  -------------------
/opt/airflow/dags/dag_retrain_pipeline.py                           1           0  0.42s           2026-06-03T12:15:35
/opt/airflow/dags/dag_drift_monitoring.py                           1           0  0.40s           2026-06-03T12:15:35
/opt/airflow/dags/dag_dq_checkpoint.py                              1           0  0.33s           2026-06-03T12:15:37
/opt/airflow/dags/dag_bronze_ingestion.py                           1           0  0.26s           2026-06-03T12:15:36
================================================================================
[2026-06-03T12:15:48.146+0000] {manager.py:737} INFO - Searching for files in /opt/airflow/dags
[2026-06-03T12:15:48.436+0000] {manager.py:740} INFO - There are 4 files in /opt/airflow/dags
[2026-06-03T12:16:13.494+0000] {manager.py:878} INFO - 
================================================================================
DAG File Processing Stats

File Path                                  PID    Runtime      # DAGs    # Errors  Last Runtime    Last Run
-----------------------------------------  -----  ---------  --------  ----------  --------------  -------------------
/opt/airflow/dags/dag_bronze_ingestion.py                           1           0  0.31s           2026-06-03T12:16:07
/opt/airflow/dags/dag_dq_checkpoint.py                              1           0  0.30s           2026-06-03T12:16:07
/opt/airflow/dags/dag_drift_monitoring.py                           1           0  0.15s           2026-06-03T12:16:06
/opt/airflow/dags/dag_retrain_pipeline.py                           1           0  0.15s           2026-06-03T12:16:06
================================================================================
[2026-06-03T12:16:43.640+0000] {manager.py:878} INFO - 
================================================================================
DAG File Processing Stats

File Path                                  PID    Runtime      # DAGs    # Errors  Last Runtime    Last Run
-----------------------------------------  -----  ---------  --------  ----------  --------------  -------------------
/opt/airflow/dags/dag_dq_checkpoint.py                              1           0  0.54s           2026-06-03T12:16:38
/opt/airflow/dags/dag_bronze_ingestion.py                           1           0  0.45s           2026-06-03T12:16:38
/opt/airflow/dags/dag_retrain_pipeline.py                           1           0  0.26s           2026-06-03T12:16:36
/opt/airflow/dags/dag_drift_monitoring.py                           1           0  0.25s           2026-06-03T12:16:36
================================================================================
[2026-06-03T12:17:14.233+0000] {manager.py:878} INFO - 
================================================================================
DAG File Processing Stats

File Path                                  PID    Runtime      # DAGs    # Errors  Last Runtime    Last Run
-----------------------------------------  -----  ---------  --------  ----------  --------------  -------------------
/opt/airflow/dags/dag_dq_checkpoint.py                              1           0  0.40s           2026-06-03T12:17:09
/opt/airflow/dags/dag_retrain_pipeline.py                           1           0  0.33s           2026-06-03T12:17:07
/opt/airflow/dags/dag_drift_monitoring.py                           1           0  0.30s           2026-06-03T12:17:07
/opt/airflow/dags/dag_bronze_ingestion.py                           1           0  0.28s           2026-06-03T12:17:09
================================================================================
[2026-06-03T12:17:44.774+0000] {manager.py:878} INFO - 
================================================================================
DAG File Processing Stats

File Path                                  PID    Runtime      # DAGs    # Errors  Last Runtime    Last Run
-----------------------------------------  -----  ---------  --------  ----------  --------------  -------------------
/opt/airflow/dags/dag_retrain_pipeline.py                           1           0  0.35s           2026-06-03T12:17:38
/opt/airflow/dags/dag_drift_monitoring.py                           1           0  0.32s           2026-06-03T12:17:38
/opt/airflow/dags/dag_dq_checkpoint.py                              1           0  0.25s           2026-06-03T12:17:39
/opt/airflow/dags/dag_bronze_ingestion.py                           1           0  0.21s           2026-06-03T12:17:39
================================================================================
[2026-06-03T12:18:15.166+0000] {manager.py:878} INFO - 
================================================================================
DAG File Processing Stats

File Path                                  PID    Runtime      # DAGs    # Errors  Last Runtime    Last Run
-----------------------------------------  -----  ---------  --------  ----------  --------------  -------------------
/opt/airflow/dags/dag_bronze_ingestion.py                           1           0  0.30s           2026-06-03T12:18:10
/opt/airflow/dags/dag_retrain_pipeline.py                           1           0  0.29s           2026-06-03T12:18:08
/opt/airflow/dags/dag_dq_checkpoint.py                              1           0  0.28s           2026-06-03T12:18:10
/opt/airflow/dags/dag_drift_monitoring.py                           1           0  0.28s           2026-06-03T12:18:08
================================================================================
[2026-06-03T12:18:45.798+0000] {manager.py:878} INFO - 
================================================================================
DAG File Processing Stats

File Path                                  PID    Runtime      # DAGs    # Errors  Last Runtime    Last Run
-----------------------------------------  -----  ---------  --------  ----------  --------------  -------------------
/opt/airflow/dags/dag_retrain_pipeline.py                           1           0  0.28s           2026-06-03T12:18:39
/opt/airflow/dags/dag_drift_monitoring.py                           1           0  0.26s           2026-06-03T12:18:39
/opt/airflow/dags/dag_dq_checkpoint.py                              1           0  0.25s           2026-06-03T12:18:40
/opt/airflow/dags/dag_bronze_ingestion.py                           1           0  0.21s           2026-06-03T12:18:40
================================================================================
[2026-06-03T12:19:16.191+0000] {manager.py:878} INFO - 
================================================================================
DAG File Processing Stats

File Path                                  PID    Runtime      # DAGs    # Errors  Last Runtime    Last Run
-----------------------------------------  -----  ---------  --------  ----------  --------------  -------------------
/opt/airflow/dags/dag_dq_checkpoint.py                              1           0  0.33s           2026-06-03T12:19:11
/opt/airflow/dags/dag_retrain_pipeline.py                           1           0  0.25s           2026-06-03T12:19:09
/opt/airflow/dags/dag_drift_monitoring.py                           1           0  0.23s           2026-06-03T12:19:09
/opt/airflow/dags/dag_bronze_ingestion.py                           1           0  0.22s           2026-06-03T12:19:11
================================================================================
[2026-06-03T12:19:46.626+0000] {manager.py:878} INFO - 
================================================================================
DAG File Processing Stats

File Path                                  PID    Runtime      # DAGs    # Errors  Last Runtime    Last Run
-----------------------------------------  -----  ---------  --------  ----------  --------------  -------------------
/opt/airflow/dags/dag_dq_checkpoint.py                              1           0  0.48s           2026-06-03T12:19:41
/opt/airflow/dags/dag_bronze_ingestion.py                           1           0  0.32s           2026-06-03T12:19:41
/opt/airflow/dags/dag_retrain_pipeline.py                           1           0  0.24s           2026-06-03T12:19:40
/opt/airflow/dags/dag_drift_monitoring.py                           1           0  0.22s           2026-06-03T12:19:40
================================================================================
[2026-06-03T12:20:16.724+0000] {manager.py:878} INFO - 
================================================================================
DAG File Processing Stats

File Path                                  PID    Runtime      # DAGs    # Errors  Last Runtime    Last Run
-----------------------------------------  -----  ---------  --------  ----------  --------------  -------------------
/opt/airflow/dags/dag_dq_checkpoint.py                              1           0  0.38s           2026-06-03T12:20:12
/opt/airflow/dags/dag_bronze_ingestion.py                           1           0  0.37s           2026-06-03T12:20:12
/opt/airflow/dags/dag_retrain_pipeline.py                           1           0  0.15s           2026-06-03T12:20:11
/opt/airflow/dags/dag_drift_monitoring.py                           1           0  0.14s           2026-06-03T12:20:11
================================================================================
[2026-06-03T12:20:47.246+0000] {manager.py:878} INFO - 
================================================================================
DAG File Processing Stats

File Path                                  PID    Runtime      # DAGs    # Errors  Last Runtime    Last Run
-----------------------------------------  -----  ---------  --------  ----------  --------------  -------------------
/opt/airflow/dags/dag_dq_checkpoint.py                              1           0  0.42s           2026-06-03T12:20:43
/opt/airflow/dags/dag_bronze_ingestion.py                           1           0  0.33s           2026-06-03T12:20:43
/opt/airflow/dags/dag_drift_monitoring.py                           1           0  0.19s           2026-06-03T12:20:41
/opt/airflow/dags/dag_retrain_pipeline.py                           1           0  0.17s           2026-06-03T12:20:41
================================================================================
[2026-06-03T12:20:48.256+0000] {manager.py:737} INFO - Searching for files in /opt/airflow/dags
[2026-06-03T12:20:48.468+0000] {manager.py:740} INFO - There are 4 files in /opt/airflow/dags
[2026-06-03T12:21:17.810+0000] {manager.py:878} INFO - 
================================================================================
DAG File Processing Stats

File Path                                  PID    Runtime      # DAGs    # Errors  Last Runtime    Last Run
-----------------------------------------  -----  ---------  --------  ----------  --------------  -------------------
/opt/airflow/dags/dag_retrain_pipeline.py                           1           0  0.33s           2026-06-03T12:21:12
/opt/airflow/dags/dag_drift_monitoring.py                           1           0  0.33s           2026-06-03T12:21:12
/opt/airflow/dags/dag_dq_checkpoint.py                              1           0  0.26s           2026-06-03T12:21:13
/opt/airflow/dags/dag_bronze_ingestion.py                           1           0  0.26s           2026-06-03T12:21:13
================================================================================
[2026-06-03T12:21:48.286+0000] {manager.py:878} INFO - 
================================================================================
DAG File Processing Stats

File Path                                  PID    Runtime      # DAGs    # Errors  Last Runtime    Last Run
-----------------------------------------  -----  ---------  --------  ----------  --------------  -------------------
/opt/airflow/dags/dag_retrain_pipeline.py                           1           0  0.32s           2026-06-03T12:21:42
/opt/airflow/dags/dag_drift_monitoring.py                           1           0  0.30s           2026-06-03T12:21:43
/opt/airflow/dags/dag_dq_checkpoint.py                              1           0  0.29s           2026-06-03T12:21:44
/opt/airflow/dags/dag_bronze_ingestion.py                           1           0  0.24s           2026-06-03T12:21:44
================================================================================
[2026-06-03T12:22:18.872+0000] {manager.py:878} INFO - 
================================================================================
DAG File Processing Stats

File Path                                  PID    Runtime      # DAGs    # Errors  Last Runtime    Last Run
-----------------------------------------  -----  ---------  --------  ----------  --------------  -------------------
/opt/airflow/dags/dag_dq_checkpoint.py                              1           0  0.38s           2026-06-03T12:22:15
/opt/airflow/dags/dag_drift_monitoring.py                           1           0  0.32s           2026-06-03T12:22:13
/opt/airflow/dags/dag_retrain_pipeline.py                           1           0  0.30s           2026-06-03T12:22:13
/opt/airflow/dags/dag_bronze_ingestion.py                           1           0  0.25s           2026-06-03T12:22:14
================================================================================
[2026-06-03T12:22:49.675+0000] {manager.py:878} INFO - 
================================================================================
DAG File Processing Stats

File Path                                  PID    Runtime      # DAGs    # Errors  Last Runtime    Last Run
-----------------------------------------  -----  ---------  --------  ----------  --------------  -------------------
/opt/airflow/dags/dag_dq_checkpoint.py                              1           0  0.41s           2026-06-03T12:22:45
/opt/airflow/dags/dag_bronze_ingestion.py                           1           0  0.33s           2026-06-03T12:22:45
/opt/airflow/dags/dag_retrain_pipeline.py                           1           0  0.25s           2026-06-03T12:22:44
/opt/airflow/dags/dag_drift_monitoring.py                           1           0  0.24s           2026-06-03T12:22:44
================================================================================
[2026-06-03T12:23:20.000+0000] {manager.py:878} INFO - 
================================================================================
DAG File Processing Stats

File Path                                  PID    Runtime      # DAGs    # Errors  Last Runtime    Last Run
-----------------------------------------  -----  ---------  --------  ----------  --------------  -------------------
/opt/airflow/dags/dag_bronze_ingestion.py                           1           0  0.50s           2026-06-03T12:23:16
/opt/airflow/dags/dag_dq_checkpoint.py                              1           0  0.47s           2026-06-03T12:23:16
/opt/airflow/dags/dag_retrain_pipeline.py                           1           0  0.17s           2026-06-03T12:23:14
/opt/airflow/dags/dag_drift_monitoring.py                           1           0  0.16s           2026-06-03T12:23:14
================================================================================
[2026-06-03T12:23:50.138+0000] {manager.py:878} INFO - 
================================================================================
DAG File Processing Stats

File Path                                  PID    Runtime      # DAGs    # Errors  Last Runtime    Last Run
-----------------------------------------  -----  ---------  --------  ----------  --------------  -------------------
/opt/airflow/dags/dag_dq_checkpoint.py                              1           0  0.36s           2026-06-03T12:23:47
/opt/airflow/dags/dag_bronze_ingestion.py                           1           0  0.29s           2026-06-03T12:23:47
/opt/airflow/dags/dag_retrain_pipeline.py                           1           0  0.26s           2026-06-03T12:23:45
/opt/airflow/dags/dag_drift_monitoring.py                           1           0  0.24s           2026-06-03T12:23:45
================================================================================
[2026-06-03T12:24:20.306+0000] {manager.py:878} INFO - 
================================================================================
DAG File Processing Stats

File Path                                  PID    Runtime      # DAGs    # Errors  Last Runtime    Last Run
-----------------------------------------  -----  ---------  --------  ----------  --------------  -------------------
/opt/airflow/dags/dag_dq_checkpoint.py                              1           0  0.30s           2026-06-03T12:24:17
/opt/airflow/dags/dag_retrain_pipeline.py                           1           0  0.28s           2026-06-03T12:24:16
/opt/airflow/dags/dag_drift_monitoring.py                           1           0  0.27s           2026-06-03T12:24:16
/opt/airflow/dags/dag_bronze_ingestion.py                           1           0  0.23s           2026-06-03T12:24:17
================================================================================
[2026-06-03T12:24:51.096+0000] {manager.py:878} INFO - 
================================================================================
DAG File Processing Stats

File Path                                  PID    Runtime      # DAGs    # Errors  Last Runtime    Last Run
-----------------------------------------  -----  ---------  --------  ----------  --------------  -------------------
/opt/airflow/dags/dag_retrain_pipeline.py                           1           0  0.37s           2026-06-03T12:24:46
/opt/airflow/dags/dag_drift_monitoring.py                           1           0  0.37s           2026-06-03T12:24:46
/opt/airflow/dags/dag_dq_checkpoint.py                              1           0  0.29s           2026-06-03T12:24:47
/opt/airflow/dags/dag_bronze_ingestion.py                           1           0  0.29s           2026-06-03T12:24:47
================================================================================
[2026-06-03T12:25:21.440+0000] {manager.py:878} INFO - 
================================================================================
DAG File Processing Stats

File Path                                  PID    Runtime      # DAGs    # Errors  Last Runtime    Last Run
-----------------------------------------  -----  ---------  --------  ----------  --------------  -------------------
/opt/airflow/dags/dag_bronze_ingestion.py                           1           0  0.17s           2026-06-03T12:25:18
/opt/airflow/dags/dag_dq_checkpoint.py                              1           0  0.17s           2026-06-03T12:25:18
/opt/airflow/dags/dag_drift_monitoring.py                           1           0  0.15s           2026-06-03T12:25:17
/opt/airflow/dags/dag_retrain_pipeline.py                           1           0  0.15s           2026-06-03T12:25:17
================================================================================
[2026-06-03T12:25:48.503+0000] {manager.py:737} INFO - Searching for files in /opt/airflow/dags
[2026-06-03T12:25:48.666+0000] {manager.py:740} INFO - There are 4 files in /opt/airflow/dags
[2026-06-03T12:25:52.053+0000] {manager.py:878} INFO - 
================================================================================
DAG File Processing Stats

File Path                                  PID    Runtime      # DAGs    # Errors  Last Runtime    Last Run
-----------------------------------------  -----  ---------  --------  ----------  --------------  -------------------
/opt/airflow/dags/dag_dq_checkpoint.py                              1           0  0.31s           2026-06-03T12:25:49
/opt/airflow/dags/dag_drift_monitoring.py                           1           0  0.25s           2026-06-03T12:25:47
/opt/airflow/dags/dag_retrain_pipeline.py                           1           0  0.24s           2026-06-03T12:25:47
/opt/airflow/dags/dag_bronze_ingestion.py                           1           0  0.16s           2026-06-03T12:25:48
================================================================================
[2026-06-03T12:26:22.549+0000] {manager.py:878} INFO - 
================================================================================
DAG File Processing Stats

File Path                                  PID    Runtime      # DAGs    # Errors  Last Runtime    Last Run
-----------------------------------------  -----  ---------  --------  ----------  --------------  -------------------
/opt/airflow/dags/dag_dq_checkpoint.py                              1           0  0.25s           2026-06-03T12:26:19
/opt/airflow/dags/dag_drift_monitoring.py                           1           0  0.17s           2026-06-03T12:26:18
/opt/airflow/dags/dag_bronze_ingestion.py                           1           0  0.16s           2026-06-03T12:26:19
/opt/airflow/dags/dag_retrain_pipeline.py                           1           0  0.15s           2026-06-03T12:26:18
================================================================================
[2026-06-03T12:26:52.722+0000] {manager.py:878} INFO - 
================================================================================
DAG File Processing Stats

File Path                                  PID    Runtime      # DAGs    # Errors  Last Runtime    Last Run
-----------------------------------------  -----  ---------  --------  ----------  --------------  -------------------
/opt/airflow/dags/dag_bronze_ingestion.py                           1           0  0.55s           2026-06-03T12:26:50
/opt/airflow/dags/dag_dq_checkpoint.py                              1           0  0.35s           2026-06-03T12:26:50
/opt/airflow/dags/dag_retrain_pipeline.py                           1           0  0.25s           2026-06-03T12:26:49
/opt/airflow/dags/dag_drift_monitoring.py                           1           0  0.24s           2026-06-03T12:26:49
================================================================================
[2026-06-03T12:27:23.174+0000] {manager.py:878} INFO - 
================================================================================
DAG File Processing Stats

File Path                                  PID    Runtime      # DAGs    # Errors  Last Runtime    Last Run
-----------------------------------------  -----  ---------  --------  ----------  --------------  -------------------
/opt/airflow/dags/dag_dq_checkpoint.py                              1           0  0.68s           2026-06-03T12:27:21
/opt/airflow/dags/dag_bronze_ingestion.py                           1           0  0.50s           2026-06-03T12:27:21
/opt/airflow/dags/dag_retrain_pipeline.py                           1           0  0.26s           2026-06-03T12:27:19
/opt/airflow/dags/dag_drift_monitoring.py                           1           0  0.20s           2026-06-03T12:27:19
================================================================================
[2026-06-03T12:27:53.371+0000] {manager.py:878} INFO - 
================================================================================
DAG File Processing Stats

File Path                                  PID    Runtime      # DAGs    # Errors  Last Runtime    Last Run
-----------------------------------------  -----  ---------  --------  ----------  --------------  -------------------
/opt/airflow/dags/dag_drift_monitoring.py                           1           0  0.38s           2026-06-03T12:27:51
/opt/airflow/dags/dag_bronze_ingestion.py                           1           0  0.37s           2026-06-03T12:27:52
/opt/airflow/dags/dag_dq_checkpoint.py                              1           0  0.36s           2026-06-03T12:27:52
/opt/airflow/dags/dag_retrain_pipeline.py                           1           0  0.33s           2026-06-03T12:27:50
================================================================================
[2026-06-03T12:28:23.594+0000] {manager.py:878} INFO - 
================================================================================
DAG File Processing Stats

File Path                                  PID    Runtime      # DAGs    # Errors  Last Runtime    Last Run
-----------------------------------------  -----  ---------  --------  ----------  --------------  -------------------
/opt/airflow/dags/dag_bronze_ingestion.py                           1           0  0.38s           2026-06-03T12:28:22
/opt/airflow/dags/dag_dq_checkpoint.py                              1           0  0.33s           2026-06-03T12:28:22
/opt/airflow/dags/dag_retrain_pipeline.py                           1           0  0.20s           2026-06-03T12:28:21
/opt/airflow/dags/dag_drift_monitoring.py                           1           0  0.15s           2026-06-03T12:28:21
================================================================================
[2026-06-03T12:28:53.799+0000] {manager.py:878} INFO - 
================================================================================
DAG File Processing Stats

File Path                                  PID    Runtime      # DAGs    # Errors  Last Runtime    Last Run
-----------------------------------------  -----  ---------  --------  ----------  --------------  -------------------
/opt/airflow/dags/dag_dq_checkpoint.py                              1           0  0.50s           2026-06-03T12:28:53
/opt/airflow/dags/dag_bronze_ingestion.py                           1           0  0.22s           2026-06-03T12:28:53
/opt/airflow/dags/dag_drift_monitoring.py                           1           0  0.17s           2026-06-03T12:28:51
/opt/airflow/dags/dag_retrain_pipeline.py                           1           0  0.16s           2026-06-03T12:28:51
================================================================================
[2026-06-03T12:29:24.191+0000] {manager.py:878} INFO - 
================================================================================
DAG File Processing Stats

File Path                                    PID  Runtime      # DAGs    # Errors  Last Runtime    Last Run
-----------------------------------------  -----  ---------  --------  ----------  --------------  -------------------
/opt/airflow/dags/dag_dq_checkpoint.py                              1           0  0.48s           2026-06-03T12:29:24
/opt/airflow/dags/dag_retrain_pipeline.py                           1           0  0.27s           2026-06-03T12:29:22
/opt/airflow/dags/dag_drift_monitoring.py                           1           0  0.24s           2026-06-03T12:29:22
/opt/airflow/dags/dag_bronze_ingestion.py   5671  0.01s             1           0  0.22s           2026-06-03T12:28:53
================================================================================
[2026-06-03T12:29:54.408+0000] {manager.py:878} INFO - 
================================================================================
DAG File Processing Stats

File Path                                    PID  Runtime      # DAGs    # Errors  Last Runtime    Last Run
-----------------------------------------  -----  ---------  --------  ----------  --------------  -------------------
/opt/airflow/dags/dag_dq_checkpoint.py      5686  0.01s             1           0  0.48s           2026-06-03T12:29:24
/opt/airflow/dags/dag_bronze_ingestion.py                           1           0  0.36s           2026-06-03T12:29:24
/opt/airflow/dags/dag_retrain_pipeline.py                           1           0  0.34s           2026-06-03T12:29:53
/opt/airflow/dags/dag_drift_monitoring.py                           1           0  0.32s           2026-06-03T12:29:53
================================================================================
[2026-06-03T12:30:24.972+0000] {manager.py:878} INFO - 
================================================================================
DAG File Processing Stats

File Path                                    PID  Runtime      # DAGs    # Errors  Last Runtime    Last Run
-----------------------------------------  -----  ---------  --------  ----------  --------------  -------------------
/opt/airflow/dags/dag_bronze_ingestion.py                           1           0  0.37s           2026-06-03T12:29:55
/opt/airflow/dags/dag_dq_checkpoint.py      5706  0.01s             1           0  0.35s           2026-06-03T12:29:54
/opt/airflow/dags/dag_retrain_pipeline.py                           1           0  0.24s           2026-06-03T12:30:23
/opt/airflow/dags/dag_drift_monitoring.py                           1           0  0.20s           2026-06-03T12:30:23
================================================================================
[2026-06-03T12:30:48.865+0000] {manager.py:737} INFO - Searching for files in /opt/airflow/dags
[2026-06-03T12:30:49.045+0000] {manager.py:740} INFO - There are 4 files in /opt/airflow/dags
[2026-06-03T12:30:55.543+0000] {manager.py:878} INFO - 
================================================================================
DAG File Processing Stats

File Path                                    PID  Runtime      # DAGs    # Errors  Last Runtime    Last Run
-----------------------------------------  -----  ---------  --------  ----------  --------------  -------------------
/opt/airflow/dags/dag_drift_monitoring.py                           1           0  0.32s           2026-06-03T12:30:54
/opt/airflow/dags/dag_retrain_pipeline.py                           1           0  0.29s           2026-06-03T12:30:54
/opt/airflow/dags/dag_dq_checkpoint.py      5726  0.04s             1           0  0.23s           2026-06-03T12:30:25
/opt/airflow/dags/dag_bronze_ingestion.py   5729  0.00s             1           0  0.19s           2026-06-03T12:30:25
================================================================================
[2026-06-03T12:31:26.270+0000] {manager.py:878} INFO - 
================================================================================
DAG File Processing Stats

File Path                                    PID  Runtime      # DAGs    # Errors  Last Runtime    Last Run
-----------------------------------------  -----  ---------  --------  ----------  --------------  -------------------
/opt/airflow/dags/dag_retrain_pipeline.py                           1           0  0.37s           2026-06-03T12:31:25
/opt/airflow/dags/dag_dq_checkpoint.py      5746  0.06s             1           0  0.33s           2026-06-03T12:30:55
/opt/airflow/dags/dag_bronze_ingestion.py   5749  0.00s             1           0  0.33s           2026-06-03T12:30:55
/opt/airflow/dags/dag_drift_monitoring.py                           1           0  0.25s           2026-06-03T12:31:25
================================================================================
[2026-06-03T12:31:56.731+0000] {manager.py:878} INFO - 
================================================================================
DAG File Processing Stats

File Path                                    PID  Runtime      # DAGs    # Errors  Last Runtime    Last Run
-----------------------------------------  -----  ---------  --------  ----------  --------------  -------------------
/opt/airflow/dags/dag_dq_checkpoint.py      5766  0.05s             1           0  0.24s           2026-06-03T12:31:26
/opt/airflow/dags/dag_retrain_pipeline.py                           1           0  0.23s           2026-06-03T12:31:55
/opt/airflow/dags/dag_drift_monitoring.py                           1           0  0.22s           2026-06-03T12:31:55
/opt/airflow/dags/dag_bronze_ingestion.py   5769  0.01s             1           0  0.20s           2026-06-03T12:31:26
================================================================================
[2026-06-03T12:32:27.247+0000] {manager.py:878} INFO - 
================================================================================
DAG File Processing Stats

File Path                                    PID  Runtime      # DAGs    # Errors  Last Runtime    Last Run
-----------------------------------------  -----  ---------  --------  ----------  --------------  -------------------
/opt/airflow/dags/dag_dq_checkpoint.py      5786  0.03s             1           0  0.39s           2026-06-03T12:31:57
/opt/airflow/dags/dag_drift_monitoring.py                           1           0  0.29s           2026-06-03T12:32:26
/opt/airflow/dags/dag_retrain_pipeline.py                           1           0  0.29s           2026-06-03T12:32:26
/opt/airflow/dags/dag_bronze_ingestion.py   5789  0.00s             1           0  0.26s           2026-06-03T12:31:56
================================================================================
[2026-06-03T12:32:58.018+0000] {manager.py:878} INFO - 
================================================================================
DAG File Processing Stats

File Path                                    PID  Runtime      # DAGs    # Errors  Last Runtime    Last Run
-----------------------------------------  -----  ---------  --------  ----------  --------------  -------------------
/opt/airflow/dags/dag_dq_checkpoint.py      5806  0.19s             1           0  0.36s           2026-06-03T12:32:27
/opt/airflow/dags/dag_bronze_ingestion.py   5809  0.00s             1           0  0.32s           2026-06-03T12:32:27
/opt/airflow/dags/dag_retrain_pipeline.py                           1           0  0.18s           2026-06-03T12:32:56
/opt/airflow/dags/dag_drift_monitoring.py                           1           0  0.17s           2026-06-03T12:32:56
================================================================================
[2026-06-03T12:33:28.773+0000] {manager.py:878} INFO - 
================================================================================
DAG File Processing Stats

File Path                                    PID  Runtime      # DAGs    # Errors  Last Runtime    Last Run
-----------------------------------------  -----  ---------  --------  ----------  --------------  -------------------
/opt/airflow/dags/dag_dq_checkpoint.py      5826  0.00s             1           0  0.57s           2026-06-03T12:32:58
/opt/airflow/dags/dag_bronze_ingestion.py                           1           0  0.43s           2026-06-03T12:32:58
/opt/airflow/dags/dag_retrain_pipeline.py                           1           0  0.29s           2026-06-03T12:33:27
/opt/airflow/dags/dag_drift_monitoring.py                           1           0  0.24s           2026-06-03T12:33:27
================================================================================
[2026-06-03T12:33:59.237+0000] {manager.py:878} INFO - 
================================================================================
DAG File Processing Stats

File Path                                    PID  Runtime      # DAGs    # Errors  Last Runtime    Last Run
-----------------------------------------  -----  ---------  --------  ----------  --------------  -------------------
/opt/airflow/dags/dag_dq_checkpoint.py      5846  0.03s             1           0  0.33s           2026-06-03T12:33:29
/opt/airflow/dags/dag_bronze_ingestion.py   5849  0.00s             1           0  0.21s           2026-06-03T12:33:29
/opt/airflow/dags/dag_retrain_pipeline.py                           1           0  0.20s           2026-06-03T12:33:58
/opt/airflow/dags/dag_drift_monitoring.py                           1           0  0.17s           2026-06-03T12:33:58
================================================================================
[2026-06-03T12:34:29.662+0000] {manager.py:878} INFO - 
================================================================================
DAG File Processing Stats

File Path                                    PID  Runtime      # DAGs    # Errors  Last Runtime    Last Run
-----------------------------------------  -----  ---------  --------  ----------  --------------  -------------------
/opt/airflow/dags/dag_bronze_ingestion.py   5869  0.00s             1           0  0.26s           2026-06-03T12:33:59
/opt/airflow/dags/dag_retrain_pipeline.py                           1           0  0.26s           2026-06-03T12:34:28
/opt/airflow/dags/dag_drift_monitoring.py                           1           0  0.25s           2026-06-03T12:34:28
/opt/airflow/dags/dag_dq_checkpoint.py      5866  0.03s             1           0  0.23s           2026-06-03T12:33:59
================================================================================
[2026-06-03T12:35:00.472+0000] {manager.py:878} INFO - 
================================================================================
DAG File Processing Stats

File Path                                    PID  Runtime      # DAGs    # Errors  Last Runtime    Last Run
-----------------------------------------  -----  ---------  --------  ----------  --------------  -------------------
/opt/airflow/dags/dag_retrain_pipeline.py                           1           0  0.35s           2026-06-03T12:34:59
/opt/airflow/dags/dag_drift_monitoring.py                           1           0  0.34s           2026-06-03T12:34:59
/opt/airflow/dags/dag_dq_checkpoint.py      5886  0.05s             1           0  0.23s           2026-06-03T12:34:29
/opt/airflow/dags/dag_bronze_ingestion.py   5889  0.01s             1           0  0.22s           2026-06-03T12:34:29
================================================================================
[2026-06-03T12:35:31.056+0000] {manager.py:878} INFO - 
================================================================================
DAG File Processing Stats

File Path                                    PID  Runtime      # DAGs    # Errors  Last Runtime    Last Run
-----------------------------------------  -----  ---------  --------  ----------  --------------  -------------------
/opt/airflow/dags/dag_dq_checkpoint.py      5906  0.03s             1           0  0.41s           2026-06-03T12:35:00
/opt/airflow/dags/dag_bronze_ingestion.py   5909  0.00s             1           0  0.32s           2026-06-03T12:35:00
/opt/airflow/dags/dag_retrain_pipeline.py                           1           0  0.25s           2026-06-03T12:35:29
/opt/airflow/dags/dag_drift_monitoring.py                           1           0  0.23s           2026-06-03T12:35:29
================================================================================
[2026-06-03T12:35:49.663+0000] {manager.py:737} INFO - Searching for files in /opt/airflow/dags
[2026-06-03T12:35:49.846+0000] {manager.py:740} INFO - There are 4 files in /opt/airflow/dags
[2026-06-03T12:36:01.640+0000] {manager.py:878} INFO - 
================================================================================
DAG File Processing Stats

File Path                                    PID  Runtime      # DAGs    # Errors  Last Runtime    Last Run
-----------------------------------------  -----  ---------  --------  ----------  --------------  -------------------
/opt/airflow/dags/dag_retrain_pipeline.py                           1           0  0.30s           2026-06-03T12:36:00
/opt/airflow/dags/dag_drift_monitoring.py                           1           0  0.28s           2026-06-03T12:36:00
/opt/airflow/dags/dag_dq_checkpoint.py      5926  0.04s             1           0  0.23s           2026-06-03T12:35:31
/opt/airflow/dags/dag_bronze_ingestion.py   5929  0.00s             1           0  0.22s           2026-06-03T12:35:31
================================================================================
[2026-06-03T12:36:32.222+0000] {manager.py:878} INFO - 
================================================================================
DAG File Processing Stats

File Path                                    PID  Runtime      # DAGs    # Errors  Last Runtime    Last Run
-----------------------------------------  -----  ---------  --------  ----------  --------------  -------------------
/opt/airflow/dags/dag_bronze_ingestion.py   5949  0.00s             1           0  0.41s           2026-06-03T12:36:02
/opt/airflow/dags/dag_dq_checkpoint.py      5946  0.03s             1           0  0.40s           2026-06-03T12:36:01
/opt/airflow/dags/dag_drift_monitoring.py                           1           0  0.21s           2026-06-03T12:36:31
/opt/airflow/dags/dag_retrain_pipeline.py                           1           0  0.20s           2026-06-03T12:36:31
================================================================================
[2026-06-03T12:37:02.267+0000] {manager.py:878} INFO - 
================================================================================
DAG File Processing Stats

File Path                                    PID  Runtime      # DAGs    # Errors  Last Runtime    Last Run
-----------------------------------------  -----  ---------  --------  ----------  --------------  -------------------
/opt/airflow/dags/dag_dq_checkpoint.py                              1           0  0.26s           2026-06-03T12:36:32
/opt/airflow/dags/dag_bronze_ingestion.py                           1           0  0.22s           2026-06-03T12:36:32
/opt/airflow/dags/dag_drift_monitoring.py   5959  0.06s             1           0  0.21s           2026-06-03T12:36:31
/opt/airflow/dags/dag_retrain_pipeline.py   5956  0.10s             1           0  0.20s           2026-06-03T12:36:31
================================================================================
[2026-06-03T12:37:32.448+0000] {manager.py:878} INFO - 
================================================================================
DAG File Processing Stats

File Path                                    PID  Runtime      # DAGs    # Errors  Last Runtime    Last Run
-----------------------------------------  -----  ---------  --------  ----------  --------------  -------------------
/opt/airflow/dags/dag_drift_monitoring.py                           1           0  0.21s           2026-06-03T12:37:02
/opt/airflow/dags/dag_dq_checkpoint.py                              1           0  0.20s           2026-06-03T12:37:03
/opt/airflow/dags/dag_retrain_pipeline.py   5976  0.01s             1           0  0.19s           2026-06-03T12:37:02
/opt/airflow/dags/dag_bronze_ingestion.py                           1           0  0.16s           2026-06-03T12:37:03
================================================================================
[2026-06-03T12:38:02.519+0000] {manager.py:878} INFO - 
================================================================================
DAG File Processing Stats

File Path                                  PID    Runtime      # DAGs    # Errors  Last Runtime    Last Run
-----------------------------------------  -----  ---------  --------  ----------  --------------  -------------------
/opt/airflow/dags/dag_bronze_ingestion.py                           1           0  0.41s           2026-06-03T12:37:34
/opt/airflow/dags/dag_dq_checkpoint.py                              1           0  0.33s           2026-06-03T12:37:34
/opt/airflow/dags/dag_retrain_pipeline.py                           1           0  0.22s           2026-06-03T12:37:32
/opt/airflow/dags/dag_drift_monitoring.py                           1           0  0.17s           2026-06-03T12:37:32
================================================================================
[2026-06-03T12:38:32.556+0000] {manager.py:878} INFO - 
================================================================================
DAG File Processing Stats

File Path                                  PID    Runtime      # DAGs    # Errors  Last Runtime    Last Run
-----------------------------------------  -----  ---------  --------  ----------  --------------  -------------------
/opt/airflow/dags/dag_dq_checkpoint.py                              1           0  0.29s           2026-06-03T12:38:04
/opt/airflow/dags/dag_bronze_ingestion.py                           1           0  0.28s           2026-06-03T12:38:04
/opt/airflow/dags/dag_retrain_pipeline.py                           1           0  0.17s           2026-06-03T12:38:03
/opt/airflow/dags/dag_drift_monitoring.py                           1           0  0.15s           2026-06-03T12:38:03
================================================================================
[2026-06-03T12:39:03.062+0000] {manager.py:878} INFO - 
================================================================================
DAG File Processing Stats

File Path                                  PID    Runtime      # DAGs    # Errors  Last Runtime    Last Run
-----------------------------------------  -----  ---------  --------  ----------  --------------  -------------------
/opt/airflow/dags/dag_drift_monitoring.py                           1           0  0.38s           2026-06-03T12:38:34
/opt/airflow/dags/dag_retrain_pipeline.py                           1           0  0.32s           2026-06-03T12:38:33
/opt/airflow/dags/dag_dq_checkpoint.py                              1           0  0.21s           2026-06-03T12:38:35
/opt/airflow/dags/dag_bronze_ingestion.py                           1           0  0.18s           2026-06-03T12:38:35
================================================================================
[2026-06-03T12:39:33.521+0000] {manager.py:878} INFO - 
================================================================================
DAG File Processing Stats

File Path                                  PID    Runtime      # DAGs    # Errors  Last Runtime    Last Run
-----------------------------------------  -----  ---------  --------  ----------  --------------  -------------------
/opt/airflow/dags/dag_dq_checkpoint.py                              1           0  0.29s           2026-06-03T12:39:05
/opt/airflow/dags/dag_bronze_ingestion.py                           1           0  0.21s           2026-06-03T12:39:05
/opt/airflow/dags/dag_retrain_pipeline.py                           1           0  0.19s           2026-06-03T12:39:04
/opt/airflow/dags/dag_drift_monitoring.py                           1           0  0.18s           2026-06-03T12:39:04
================================================================================
[2026-06-03T12:40:03.659+0000] {manager.py:878} INFO - 
================================================================================
DAG File Processing Stats

File Path                                  PID    Runtime      # DAGs    # Errors  Last Runtime    Last Run
-----------------------------------------  -----  ---------  --------  ----------  --------------  -------------------
/opt/airflow/dags/dag_bronze_ingestion.py                           1           0  0.45s           2026-06-03T12:39:36
/opt/airflow/dags/dag_dq_checkpoint.py                              1           0  0.44s           2026-06-03T12:39:36
/opt/airflow/dags/dag_retrain_pipeline.py                           1           0  0.20s           2026-06-03T12:39:34
/opt/airflow/dags/dag_drift_monitoring.py                           1           0  0.19s           2026-06-03T12:39:34
================================================================================
[2026-06-03T12:40:33.765+0000] {manager.py:878} INFO - 
================================================================================
DAG File Processing Stats

File Path                                  PID    Runtime      # DAGs    # Errors  Last Runtime    Last Run
-----------------------------------------  -----  ---------  --------  ----------  --------------  -------------------
/opt/airflow/dags/dag_drift_monitoring.py                           1           0  0.40s           2026-06-03T12:40:06
/opt/airflow/dags/dag_dq_checkpoint.py                              1           0  0.40s           2026-06-03T12:40:07
/opt/airflow/dags/dag_retrain_pipeline.py                           1           0  0.35s           2026-06-03T12:40:05
/opt/airflow/dags/dag_bronze_ingestion.py                           1           0  0.30s           2026-06-03T12:40:07
================================================================================
[2026-06-03T12:40:49.934+0000] {manager.py:737} INFO - Searching for files in /opt/airflow/dags
[2026-06-03T12:40:50.269+0000] {manager.py:740} INFO - There are 4 files in /opt/airflow/dags
[2026-06-03T12:41:04.663+0000] {manager.py:878} INFO - 
================================================================================
DAG File Processing Stats

File Path                                  PID    Runtime      # DAGs    # Errors  Last Runtime    Last Run
-----------------------------------------  -----  ---------  --------  ----------  --------------  -------------------
/opt/airflow/dags/dag_dq_checkpoint.py                              1           0  0.37s           2026-06-03T12:40:38
/opt/airflow/dags/dag_bronze_ingestion.py                           1           0  0.27s           2026-06-03T12:40:37
/opt/airflow/dags/dag_retrain_pipeline.py                           1           0  0.16s           2026-06-03T12:40:36
/opt/airflow/dags/dag_drift_monitoring.py                           1           0  0.13s           2026-06-03T12:40:36
================================================================================
[2026-06-03T12:41:34.805+0000] {manager.py:878} INFO - 
================================================================================
DAG File Processing Stats

File Path                                  PID    Runtime      # DAGs    # Errors  Last Runtime    Last Run
-----------------------------------------  -----  ---------  --------  ----------  --------------  -------------------
/opt/airflow/dags/dag_retrain_pipeline.py                           1           0  0.40s           2026-06-03T12:41:07
/opt/airflow/dags/dag_drift_monitoring.py                           1           0  0.36s           2026-06-03T12:41:07
/opt/airflow/dags/dag_dq_checkpoint.py                              1           0  0.21s           2026-06-03T12:41:08
/opt/airflow/dags/dag_bronze_ingestion.py                           1           0  0.17s           2026-06-03T12:41:08
================================================================================
[2026-06-03T12:42:05.311+0000] {manager.py:878} INFO - 
================================================================================
DAG File Processing Stats

File Path                                  PID    Runtime      # DAGs    # Errors  Last Runtime    Last Run
-----------------------------------------  -----  ---------  --------  ----------  --------------  -------------------
/opt/airflow/dags/dag_dq_checkpoint.py                              1           0  0.28s           2026-06-03T12:41:38
/opt/airflow/dags/dag_drift_monitoring.py                           1           0  0.26s           2026-06-03T12:41:37
/opt/airflow/dags/dag_bronze_ingestion.py                           1           0  0.25s           2026-06-03T12:41:38
/opt/airflow/dags/dag_retrain_pipeline.py                           1           0  0.22s           2026-06-03T12:41:37
================================================================================
[2026-06-03T12:42:35.534+0000] {manager.py:878} INFO - 
================================================================================
DAG File Processing Stats

File Path                                  PID    Runtime      # DAGs    # Errors  Last Runtime    Last Run
-----------------------------------------  -----  ---------  --------  ----------  --------------  -------------------
/opt/airflow/dags/dag_dq_checkpoint.py                              1           0  0.41s           2026-06-03T12:42:09
/opt/airflow/dags/dag_bronze_ingestion.py                           1           0  0.38s           2026-06-03T12:42:09
/opt/airflow/dags/dag_retrain_pipeline.py                           1           0  0.37s           2026-06-03T12:42:08
/opt/airflow/dags/dag_drift_monitoring.py                           1           0  0.28s           2026-06-03T12:42:08
================================================================================
[2026-06-03T12:43:05.748+0000] {manager.py:878} INFO - 
================================================================================
DAG File Processing Stats

File Path                                  PID    Runtime      # DAGs    # Errors  Last Runtime    Last Run
-----------------------------------------  -----  ---------  --------  ----------  --------------  -------------------
/opt/airflow/dags/dag_bronze_ingestion.py                           1           0  0.31s           2026-06-03T12:42:40
/opt/airflow/dags/dag_drift_monitoring.py                           1           0  0.27s           2026-06-03T12:42:38
/opt/airflow/dags/dag_dq_checkpoint.py                              1           0  0.25s           2026-06-03T12:42:40
/opt/airflow/dags/dag_retrain_pipeline.py                           1           0  0.24s           2026-06-03T12:42:38
================================================================================
[2026-06-03T12:43:36.480+0000] {manager.py:878} INFO - 
================================================================================
DAG File Processing Stats

File Path                                  PID    Runtime      # DAGs    # Errors  Last Runtime    Last Run
-----------------------------------------  -----  ---------  --------  ----------  --------------  -------------------
/opt/airflow/dags/dag_drift_monitoring.py                           1           0  0.27s           2026-06-03T12:43:09
/opt/airflow/dags/dag_bronze_ingestion.py                           1           0  0.19s           2026-06-03T12:43:10
/opt/airflow/dags/dag_dq_checkpoint.py                              1           0  0.19s           2026-06-03T12:43:10
/opt/airflow/dags/dag_retrain_pipeline.py                           1           0  0.16s           2026-06-03T12:43:09
================================================================================
[2026-06-03T12:44:06.617+0000] {manager.py:878} INFO - 
================================================================================
DAG File Processing Stats

File Path                                  PID    Runtime      # DAGs    # Errors  Last Runtime    Last Run
-----------------------------------------  -----  ---------  --------  ----------  --------------  -------------------
/opt/airflow/dags/dag_dq_checkpoint.py                              1           0  0.21s           2026-06-03T12:43:41
/opt/airflow/dags/dag_bronze_ingestion.py                           1           0  0.21s           2026-06-03T12:43:41
/opt/airflow/dags/dag_retrain_pipeline.py                           1           0  0.16s           2026-06-03T12:43:39
/opt/airflow/dags/dag_drift_monitoring.py                           1           0  0.14s           2026-06-03T12:43:39
================================================================================
[2026-06-03T12:44:37.113+0000] {manager.py:878} INFO - 
================================================================================
DAG File Processing Stats

File Path                                  PID    Runtime      # DAGs    # Errors  Last Runtime    Last Run
-----------------------------------------  -----  ---------  --------  ----------  --------------  -------------------
/opt/airflow/dags/dag_dq_checkpoint.py                              1           0  0.38s           2026-06-03T12:44:11
/opt/airflow/dags/dag_bronze_ingestion.py                           1           0  0.35s           2026-06-03T12:44:11
/opt/airflow/dags/dag_retrain_pipeline.py                           1           0  0.30s           2026-06-03T12:44:10
/opt/airflow/dags/dag_drift_monitoring.py                           1           0  0.21s           2026-06-03T12:44:10
================================================================================
[2026-06-03T12:45:07.555+0000] {manager.py:878} INFO - 
================================================================================
DAG File Processing Stats

File Path                                  PID    Runtime      # DAGs    # Errors  Last Runtime    Last Run
-----------------------------------------  -----  ---------  --------  ----------  --------------  -------------------
/opt/airflow/dags/dag_drift_monitoring.py                           1           0  0.24s           2026-06-03T12:44:40
/opt/airflow/dags/dag_retrain_pipeline.py                           1           0  0.21s           2026-06-03T12:44:40
/opt/airflow/dags/dag_dq_checkpoint.py                              1           0  0.19s           2026-06-03T12:44:42
/opt/airflow/dags/dag_bronze_ingestion.py                           1           0  0.18s           2026-06-03T12:44:42
================================================================================
[2026-06-03T12:45:38.302+0000] {manager.py:878} INFO - 
================================================================================
DAG File Processing Stats

File Path                                  PID    Runtime      # DAGs    # Errors  Last Runtime    Last Run
-----------------------------------------  -----  ---------  --------  ----------  --------------  -------------------
/opt/airflow/dags/dag_retrain_pipeline.py                           1           0  0.37s           2026-06-03T12:45:11
/opt/airflow/dags/dag_drift_monitoring.py                           1           0  0.27s           2026-06-03T12:45:11
/opt/airflow/dags/dag_dq_checkpoint.py                              1           0  0.19s           2026-06-03T12:45:12
/opt/airflow/dags/dag_bronze_ingestion.py                           1           0  0.18s           2026-06-03T12:45:12
================================================================================
[2026-06-03T12:45:50.114+0000] {manager.py:737} INFO - Searching for files in /opt/airflow/dags
[2026-06-03T12:45:50.345+0000] {manager.py:740} INFO - There are 4 files in /opt/airflow/dags
[2026-06-03T12:46:08.441+0000] {manager.py:878} INFO - 
================================================================================
DAG File Processing Stats

File Path                                  PID    Runtime      # DAGs    # Errors  Last Runtime    Last Run
-----------------------------------------  -----  ---------  --------  ----------  --------------  -------------------
/opt/airflow/dags/dag_dq_checkpoint.py                              1           0  0.36s           2026-06-03T12:45:43
/opt/airflow/dags/dag_bronze_ingestion.py                           1           0  0.19s           2026-06-03T12:45:43
/opt/airflow/dags/dag_retrain_pipeline.py                           1           0  0.18s           2026-06-03T12:45:41
/opt/airflow/dags/dag_drift_monitoring.py                           1           0  0.14s           2026-06-03T12:45:41
================================================================================
[2026-06-03T12:46:39.099+0000] {manager.py:878} INFO - 
================================================================================
DAG File Processing Stats

File Path                                  PID    Runtime      # DAGs    # Errors  Last Runtime    Last Run
-----------------------------------------  -----  ---------  --------  ----------  --------------  -------------------
/opt/airflow/dags/dag_dq_checkpoint.py                              1           0  0.23s           2026-06-03T12:46:13
/opt/airflow/dags/dag_retrain_pipeline.py                           1           0  0.22s           2026-06-03T12:46:12
/opt/airflow/dags/dag_drift_monitoring.py                           1           0  0.19s           2026-06-03T12:46:12
/opt/airflow/dags/dag_bronze_ingestion.py                           1           0  0.16s           2026-06-03T12:46:13
================================================================================
[2026-06-03T12:47:09.775+0000] {manager.py:878} INFO - 
================================================================================
DAG File Processing Stats

File Path                                  PID    Runtime      # DAGs    # Errors  Last Runtime    Last Run
-----------------------------------------  -----  ---------  --------  ----------  --------------  -------------------
/opt/airflow/dags/dag_dq_checkpoint.py                              1           0  0.44s           2026-06-03T12:46:44
/opt/airflow/dags/dag_bronze_ingestion.py                           1           0  0.39s           2026-06-03T12:46:44
/opt/airflow/dags/dag_drift_monitoring.py                           1           0  0.28s           2026-06-03T12:46:43
/opt/airflow/dags/dag_retrain_pipeline.py                           1           0  0.26s           2026-06-03T12:46:43
================================================================================
[2026-06-03T12:47:39.920+0000] {manager.py:878} INFO - 
================================================================================
DAG File Processing Stats

File Path                                  PID    Runtime      # DAGs    # Errors  Last Runtime    Last Run
-----------------------------------------  -----  ---------  --------  ----------  --------------  -------------------
/opt/airflow/dags/dag_retrain_pipeline.py                           1           0  0.83s           2026-06-03T12:47:15
/opt/airflow/dags/dag_drift_monitoring.py                           1           0  0.81s           2026-06-03T12:47:15
/opt/airflow/dags/dag_bronze_ingestion.py                           1           0  0.32s           2026-06-03T12:47:15
/opt/airflow/dags/dag_dq_checkpoint.py                              1           0  0.21s           2026-06-03T12:47:15
================================================================================
[2026-06-03T12:48:10.642+0000] {manager.py:878} INFO - 
================================================================================
DAG File Processing Stats

File Path                                  PID    Runtime      # DAGs    # Errors  Last Runtime    Last Run
-----------------------------------------  -----  ---------  --------  ----------  --------------  -------------------
/opt/airflow/dags/dag_bronze_ingestion.py                           1           0  0.28s           2026-06-03T12:47:46
/opt/airflow/dags/dag_drift_monitoring.py                           1           0  0.25s           2026-06-03T12:47:45
/opt/airflow/dags/dag_dq_checkpoint.py                              1           0  0.24s           2026-06-03T12:47:45
/opt/airflow/dags/dag_retrain_pipeline.py                           1           0  0.21s           2026-06-03T12:47:45
================================================================================
[2026-06-03T12:48:40.705+0000] {manager.py:878} INFO - 
================================================================================
DAG File Processing Stats

File Path                                  PID    Runtime      # DAGs    # Errors  Last Runtime    Last Run
-----------------------------------------  -----  ---------  --------  ----------  --------------  -------------------
/opt/airflow/dags/dag_drift_monitoring.py                           1           0  0.31s           2026-06-03T12:48:16
/opt/airflow/dags/dag_retrain_pipeline.py                           1           0  0.28s           2026-06-03T12:48:16
/opt/airflow/dags/dag_bronze_ingestion.py                           1           0  0.27s           2026-06-03T12:48:16
/opt/airflow/dags/dag_dq_checkpoint.py                              1           0  0.23s           2026-06-03T12:48:16
================================================================================
[2026-06-03T12:49:10.888+0000] {manager.py:878} INFO - 
================================================================================
DAG File Processing Stats

File Path                                  PID    Runtime      # DAGs    # Errors  Last Runtime    Last Run
-----------------------------------------  -----  ---------  --------  ----------  --------------  -------------------
/opt/airflow/dags/dag_drift_monitoring.py                           1           0  0.39s           2026-06-03T12:48:47
/opt/airflow/dags/dag_dq_checkpoint.py                              1           0  0.38s           2026-06-03T12:48:47
/opt/airflow/dags/dag_retrain_pipeline.py                           1           0  0.32s           2026-06-03T12:48:46
/opt/airflow/dags/dag_bronze_ingestion.py                           1           0  0.29s           2026-06-03T12:48:47
================================================================================
[2026-06-03T12:49:41.369+0000] {manager.py:878} INFO - 
================================================================================
DAG File Processing Stats

File Path                                  PID    Runtime      # DAGs    # Errors  Last Runtime    Last Run
-----------------------------------------  -----  ---------  --------  ----------  --------------  -------------------
/opt/airflow/dags/dag_retrain_pipeline.py                           1           0  0.30s           2026-06-03T12:49:17
/opt/airflow/dags/dag_drift_monitoring.py                           1           0  0.30s           2026-06-03T12:49:17
/opt/airflow/dags/dag_bronze_ingestion.py                           1           0  0.24s           2026-06-03T12:49:18
/opt/airflow/dags/dag_dq_checkpoint.py                              1           0  0.18s           2026-06-03T12:49:17
================================================================================
[2026-06-03T12:50:11.661+0000] {manager.py:878} INFO - 
================================================================================
DAG File Processing Stats

File Path                                  PID    Runtime      # DAGs    # Errors  Last Runtime    Last Run
-----------------------------------------  -----  ---------  --------  ----------  --------------  -------------------
/opt/airflow/dags/dag_bronze_ingestion.py                           1           0  0.29s           2026-06-03T12:49:49
/opt/airflow/dags/dag_drift_monitoring.py                           1           0  0.25s           2026-06-03T12:49:47
/opt/airflow/dags/dag_retrain_pipeline.py                           1           0  0.24s           2026-06-03T12:49:47
/opt/airflow/dags/dag_dq_checkpoint.py                              1           0  0.23s           2026-06-03T12:49:48
================================================================================
[2026-06-03T12:50:42.428+0000] {manager.py:878} INFO - 
================================================================================
DAG File Processing Stats

File Path                                  PID    Runtime      # DAGs    # Errors  Last Runtime    Last Run
-----------------------------------------  -----  ---------  --------  ----------  --------------  -------------------
/opt/airflow/dags/dag_retrain_pipeline.py                           1           0  0.33s           2026-06-03T12:50:18
/opt/airflow/dags/dag_dq_checkpoint.py                              1           0  0.29s           2026-06-03T12:50:18
/opt/airflow/dags/dag_drift_monitoring.py                           1           0  0.25s           2026-06-03T12:50:18
/opt/airflow/dags/dag_bronze_ingestion.py                           1           0  0.24s           2026-06-03T12:50:19
================================================================================
[2026-06-03T12:50:50.179+0000] {manager.py:737} INFO - Searching for files in /opt/airflow/dags
[2026-06-03T12:50:50.405+0000] {manager.py:740} INFO - There are 4 files in /opt/airflow/dags
[2026-06-03T12:51:12.628+0000] {manager.py:878} INFO - 
================================================================================
DAG File Processing Stats

File Path                                  PID    Runtime      # DAGs    # Errors  Last Runtime    Last Run
-----------------------------------------  -----  ---------  --------  ----------  --------------  -------------------
/opt/airflow/dags/dag_dq_checkpoint.py                              1           0  0.38s           2026-06-03T12:50:49
/opt/airflow/dags/dag_retrain_pipeline.py                           1           0  0.30s           2026-06-03T12:50:48
/opt/airflow/dags/dag_drift_monitoring.py                           1           0  0.29s           2026-06-03T12:50:48
/opt/airflow/dags/dag_bronze_ingestion.py                           1           0  0.16s           2026-06-03T12:50:50
================================================================================
[2026-06-03T12:51:43.198+0000] {manager.py:878} INFO - 
================================================================================
DAG File Processing Stats

File Path                                  PID    Runtime      # DAGs    # Errors  Last Runtime    Last Run
-----------------------------------------  -----  ---------  --------  ----------  --------------  -------------------
/opt/airflow/dags/dag_dq_checkpoint.py                              1           0  0.24s           2026-06-03T12:51:19
/opt/airflow/dags/dag_bronze_ingestion.py                           1           0  0.23s           2026-06-03T12:51:20
/opt/airflow/dags/dag_retrain_pipeline.py                           1           0  0.16s           2026-06-03T12:51:19
/opt/airflow/dags/dag_drift_monitoring.py                           1           0  0.16s           2026-06-03T12:51:19
================================================================================
[2026-06-03T12:52:13.382+0000] {manager.py:878} INFO - 
================================================================================
DAG File Processing Stats

File Path                                  PID    Runtime      # DAGs    # Errors  Last Runtime    Last Run
-----------------------------------------  -----  ---------  --------  ----------  --------------  -------------------
/opt/airflow/dags/dag_bronze_ingestion.py                           1           0  0.30s           2026-06-03T12:51:51
/opt/airflow/dags/dag_retrain_pipeline.py                           1           0  0.30s           2026-06-03T12:51:50
/opt/airflow/dags/dag_drift_monitoring.py                           1           0  0.22s           2026-06-03T12:51:50
/opt/airflow/dags/dag_dq_checkpoint.py                              1           0  0.19s           2026-06-03T12:51:50
================================================================================
[2026-06-03T12:52:44.161+0000] {manager.py:878} INFO - 
================================================================================
DAG File Processing Stats

File Path                                  PID    Runtime      # DAGs    # Errors  Last Runtime    Last Run
-----------------------------------------  -----  ---------  --------  ----------  --------------  -------------------
/opt/airflow/dags/dag_retrain_pipeline.py                           1           0  0.29s           2026-06-03T12:52:20
/opt/airflow/dags/dag_drift_monitoring.py                           1           0  0.28s           2026-06-03T12:52:20
/opt/airflow/dags/dag_bronze_ingestion.py                           1           0  0.25s           2026-06-03T12:52:22
/opt/airflow/dags/dag_dq_checkpoint.py                              1           0  0.25s           2026-06-03T12:52:21
================================================================================
[2026-06-03T12:53:14.191+0000] {manager.py:878} INFO - 
================================================================================
DAG File Processing Stats

File Path                                  PID    Runtime      # DAGs    # Errors  Last Runtime    Last Run
-----------------------------------------  -----  ---------  --------  ----------  --------------  -------------------
/opt/airflow/dags/dag_retrain_pipeline.py                           1           0  0.47s           2026-06-03T12:52:52
/opt/airflow/dags/dag_drift_monitoring.py                           1           0  0.38s           2026-06-03T12:52:52
/opt/airflow/dags/dag_bronze_ingestion.py                           1           0  0.35s           2026-06-03T12:52:52
/opt/airflow/dags/dag_dq_checkpoint.py                              1           0  0.29s           2026-06-03T12:52:52
================================================================================
[2026-06-03T12:53:44.627+0000] {manager.py:878} INFO - 
================================================================================
DAG File Processing Stats

File Path                                  PID    Runtime      # DAGs    # Errors  Last Runtime    Last Run
-----------------------------------------  -----  ---------  --------  ----------  --------------  -------------------
/opt/airflow/dags/dag_drift_monitoring.py                           1           0  0.51s           2026-06-03T12:53:23
/opt/airflow/dags/dag_retrain_pipeline.py                           1           0  0.47s           2026-06-03T12:53:23
/opt/airflow/dags/dag_dq_checkpoint.py                              1           0  0.38s           2026-06-03T12:53:23
/opt/airflow/dags/dag_bronze_ingestion.py                           1           0  0.22s           2026-06-03T12:53:23
================================================================================
[2026-06-03T12:54:14.915+0000] {manager.py:878} INFO - 
================================================================================
DAG File Processing Stats

File Path                                  PID    Runtime      # DAGs    # Errors  Last Runtime    Last Run
-----------------------------------------  -----  ---------  --------  ----------  --------------  -------------------
/opt/airflow/dags/dag_bronze_ingestion.py                           1           0  0.61s           2026-06-03T12:53:55
/opt/airflow/dags/dag_retrain_pipeline.py                           1           0  0.53s           2026-06-03T12:53:53
/opt/airflow/dags/dag_drift_monitoring.py                           1           0  0.42s           2026-06-03T12:53:54
/opt/airflow/dags/dag_dq_checkpoint.py                              1           0  0.35s           2026-06-03T12:53:54
================================================================================
[2026-06-03T12:54:45.159+0000] {manager.py:878} INFO - 
================================================================================
DAG File Processing Stats

File Path                                  PID    Runtime      # DAGs    # Errors  Last Runtime    Last Run
-----------------------------------------  -----  ---------  --------  ----------  --------------  -------------------
/opt/airflow/dags/dag_bronze_ingestion.py                           1           0  0.45s           2026-06-03T12:54:26
/opt/airflow/dags/dag_drift_monitoring.py                           1           0  0.31s           2026-06-03T12:54:24
/opt/airflow/dags/dag_dq_checkpoint.py                              1           0  0.30s           2026-06-03T12:54:25
/opt/airflow/dags/dag_retrain_pipeline.py                           1           0  0.25s           2026-06-03T12:54:24
================================================================================
[2026-06-03T12:55:15.580+0000] {manager.py:878} INFO - 
================================================================================
DAG File Processing Stats

File Path                                  PID    Runtime      # DAGs    # Errors  Last Runtime    Last Run
-----------------------------------------  -----  ---------  --------  ----------  --------------  -------------------
/opt/airflow/dags/dag_drift_monitoring.py                           1           0  0.78s           2026-06-03T12:54:56
/opt/airflow/dags/dag_retrain_pipeline.py                           1           0  0.64s           2026-06-03T12:54:55
/opt/airflow/dags/dag_bronze_ingestion.py                           1           0  0.24s           2026-06-03T12:54:57
/opt/airflow/dags/dag_dq_checkpoint.py                              1           0  0.17s           2026-06-03T12:54:55
================================================================================
[2026-06-03T12:55:45.843+0000] {manager.py:878} INFO - 
================================================================================
DAG File Processing Stats

File Path                                  PID    Runtime      # DAGs    # Errors  Last Runtime    Last Run
-----------------------------------------  -----  ---------  --------  ----------  --------------  -------------------
/opt/airflow/dags/dag_drift_monitoring.py                           1           0  0.30s           2026-06-03T12:55:26
/opt/airflow/dags/dag_bronze_ingestion.py                           1           0  0.27s           2026-06-03T12:55:27
/opt/airflow/dags/dag_dq_checkpoint.py                              1           0  0.18s           2026-06-03T12:55:26
/opt/airflow/dags/dag_retrain_pipeline.py                           1           0  0.16s           2026-06-03T12:55:26
================================================================================
[2026-06-03T12:55:50.225+0000] {manager.py:737} INFO - Searching for files in /opt/airflow/dags
[2026-06-03T12:55:50.500+0000] {manager.py:740} INFO - There are 4 files in /opt/airflow/dags
[2026-06-03T12:56:16.018+0000] {manager.py:878} INFO - 
================================================================================
DAG File Processing Stats

File Path                                  PID    Runtime      # DAGs    # Errors  Last Runtime    Last Run
-----------------------------------------  -----  ---------  --------  ----------  --------------  -------------------
/opt/airflow/dags/dag_bronze_ingestion.py                           1           0  0.51s           2026-06-03T12:55:58
/opt/airflow/dags/dag_drift_monitoring.py                           1           0  0.38s           2026-06-03T12:55:57
/opt/airflow/dags/dag_retrain_pipeline.py                           1           0  0.35s           2026-06-03T12:55:56
/opt/airflow/dags/dag_dq_checkpoint.py                              1           0  0.28s           2026-06-03T12:55:56
================================================================================
[2026-06-03T12:56:46.632+0000] {manager.py:878} INFO - 
================================================================================
DAG File Processing Stats

File Path                                  PID    Runtime      # DAGs    # Errors  Last Runtime    Last Run
-----------------------------------------  -----  ---------  --------  ----------  --------------  -------------------
/opt/airflow/dags/dag_bronze_ingestion.py                           1           0  0.59s           2026-06-03T12:56:30
/opt/airflow/dags/dag_retrain_pipeline.py                           1           0  0.46s           2026-06-03T12:56:27
/opt/airflow/dags/dag_dq_checkpoint.py                              1           0  0.27s           2026-06-03T12:56:28
/opt/airflow/dags/dag_drift_monitoring.py                           1           0  0.26s           2026-06-03T12:56:27
================================================================================
[2026-06-03T12:57:17.050+0000] {manager.py:878} INFO - 
================================================================================
DAG File Processing Stats

File Path                                  PID    Runtime      # DAGs    # Errors  Last Runtime    Last Run
-----------------------------------------  -----  ---------  --------  ----------  --------------  -------------------
/opt/airflow/dags/dag_bronze_ingestion.py                           1           0  0.41s           2026-06-03T12:57:01
/opt/airflow/dags/dag_retrain_pipeline.py                           1           0  0.36s           2026-06-03T12:56:58
/opt/airflow/dags/dag_drift_monitoring.py                           1           0  0.35s           2026-06-03T12:56:58
/opt/airflow/dags/dag_dq_checkpoint.py                              1           0  0.29s           2026-06-03T12:56:58
================================================================================
[2026-06-03T12:57:47.181+0000] {manager.py:878} INFO - 
================================================================================
DAG File Processing Stats

File Path                                  PID    Runtime      # DAGs    # Errors  Last Runtime    Last Run
-----------------------------------------  -----  ---------  --------  ----------  --------------  -------------------
/opt/airflow/dags/dag_dq_checkpoint.py                              1           0  0.46s           2026-06-03T12:57:29
/opt/airflow/dags/dag_bronze_ingestion.py                           1           0  0.36s           2026-06-03T12:57:32
/opt/airflow/dags/dag_retrain_pipeline.py                           1           0  0.36s           2026-06-03T12:57:29
/opt/airflow/dags/dag_drift_monitoring.py                           1           0  0.34s           2026-06-03T12:57:29
================================================================================
[2026-06-03T12:58:17.393+0000] {manager.py:878} INFO - 
================================================================================
DAG File Processing Stats

File Path                                  PID    Runtime      # DAGs    # Errors  Last Runtime    Last Run
-----------------------------------------  -----  ---------  --------  ----------  --------------  -------------------
/opt/airflow/dags/dag_retrain_pipeline.py                           1           0  0.41s           2026-06-03T12:58:00
/opt/airflow/dags/dag_dq_checkpoint.py                              1           0  0.30s           2026-06-03T12:58:00
/opt/airflow/dags/dag_bronze_ingestion.py                           1           0  0.25s           2026-06-03T12:58:02
/opt/airflow/dags/dag_drift_monitoring.py                           1           0  0.17s           2026-06-03T12:58:00
================================================================================
[2026-06-03T12:58:47.970+0000] {manager.py:878} INFO - 
================================================================================
DAG File Processing Stats

File Path                                  PID    Runtime      # DAGs    # Errors  Last Runtime    Last Run
-----------------------------------------  -----  ---------  --------  ----------  --------------  -------------------
/opt/airflow/dags/dag_dq_checkpoint.py                              1           0  0.37s           2026-06-03T12:58:31
/opt/airflow/dags/dag_retrain_pipeline.py                           1           0  0.23s           2026-06-03T12:58:31
/opt/airflow/dags/dag_bronze_ingestion.py                           1           0  0.23s           2026-06-03T12:58:33
/opt/airflow/dags/dag_drift_monitoring.py                           1           0  0.21s           2026-06-03T12:58:31
================================================================================
[2026-06-03T12:59:18.711+0000] {manager.py:878} INFO - 
================================================================================
DAG File Processing Stats

File Path                                  PID    Runtime      # DAGs    # Errors  Last Runtime    Last Run
-----------------------------------------  -----  ---------  --------  ----------  --------------  -------------------
/opt/airflow/dags/dag_drift_monitoring.py                           1           0  0.46s           2026-06-03T12:59:02
/opt/airflow/dags/dag_retrain_pipeline.py                           1           0  0.44s           2026-06-03T12:59:02
/opt/airflow/dags/dag_dq_checkpoint.py                              1           0  0.30s           2026-06-03T12:59:02
/opt/airflow/dags/dag_bronze_ingestion.py                           1           0  0.23s           2026-06-03T12:59:04
================================================================================
[2026-06-03T12:59:49.133+0000] {manager.py:878} INFO - 
================================================================================
DAG File Processing Stats

File Path                                  PID    Runtime      # DAGs    # Errors  Last Runtime    Last Run
-----------------------------------------  -----  ---------  --------  ----------  --------------  -------------------
/opt/airflow/dags/dag_retrain_pipeline.py                           1           0  0.27s           2026-06-03T12:59:33
/opt/airflow/dags/dag_bronze_ingestion.py                           1           0  0.27s           2026-06-03T12:59:34
/opt/airflow/dags/dag_drift_monitoring.py                           1           0  0.26s           2026-06-03T12:59:33
/opt/airflow/dags/dag_dq_checkpoint.py                              1           0  0.20s           2026-06-03T12:59:33
================================================================================
[2026-06-03T13:00:19.171+0000] {manager.py:878} INFO - 
================================================================================
DAG File Processing Stats

File Path                                  PID    Runtime      # DAGs    # Errors  Last Runtime    Last Run
-----------------------------------------  -----  ---------  --------  ----------  --------------  -------------------
/opt/airflow/dags/dag_drift_monitoring.py                           1           0  0.58s           2026-06-03T13:00:04
/opt/airflow/dags/dag_retrain_pipeline.py                           1           0  0.41s           2026-06-03T13:00:04
/opt/airflow/dags/dag_bronze_ingestion.py                           1           0  0.38s           2026-06-03T13:00:05
/opt/airflow/dags/dag_dq_checkpoint.py                              1           0  0.24s           2026-06-03T13:00:04
================================================================================
[2026-06-03T13:00:49.386+0000] {manager.py:878} INFO - 
================================================================================
DAG File Processing Stats

File Path                                  PID    Runtime      # DAGs    # Errors  Last Runtime    Last Run
-----------------------------------------  -----  ---------  --------  ----------  --------------  -------------------
/opt/airflow/dags/dag_dq_checkpoint.py                              1           0  0.42s           2026-06-03T13:00:35
/opt/airflow/dags/dag_bronze_ingestion.py                           1           0  0.31s           2026-06-03T13:00:36
/opt/airflow/dags/dag_retrain_pipeline.py                           1           0  0.22s           2026-06-03T13:00:35
/opt/airflow/dags/dag_drift_monitoring.py                           1           0  0.21s           2026-06-03T13:00:35
================================================================================
[2026-06-03T13:00:50.400+0000] {manager.py:737} INFO - Searching for files in /opt/airflow/dags
[2026-06-03T13:00:51.019+0000] {manager.py:740} INFO - There are 4 files in /opt/airflow/dags
[2026-06-03T13:01:19.609+0000] {manager.py:878} INFO - 
================================================================================
DAG File Processing Stats

File Path                                  PID    Runtime      # DAGs    # Errors  Last Runtime    Last Run
-----------------------------------------  -----  ---------  --------  ----------  --------------  -------------------
/opt/airflow/dags/dag_bronze_ingestion.py                           1           0  1.33s           2026-06-03T13:01:08
/opt/airflow/dags/dag_retrain_pipeline.py                           1           0  0.31s           2026-06-03T13:01:06
/opt/airflow/dags/dag_drift_monitoring.py                           1           0  0.29s           2026-06-03T13:01:06
/opt/airflow/dags/dag_dq_checkpoint.py                              1           0  0.28s           2026-06-03T13:01:06
================================================================================
[2026-06-03T13:01:50.019+0000] {manager.py:878} INFO - 
================================================================================
DAG File Processing Stats

File Path                                  PID    Runtime      # DAGs    # Errors  Last Runtime    Last Run
-----------------------------------------  -----  ---------  --------  ----------  --------------  -------------------
/opt/airflow/dags/dag_retrain_pipeline.py                           1           0  0.62s           2026-06-03T13:01:37
/opt/airflow/dags/dag_drift_monitoring.py                           1           0  0.52s           2026-06-03T13:01:37
/opt/airflow/dags/dag_bronze_ingestion.py                           1           0  0.42s           2026-06-03T13:01:40
/opt/airflow/dags/dag_dq_checkpoint.py                              1           0  0.26s           2026-06-03T13:01:37
================================================================================
[2026-06-03T13:02:20.629+0000] {manager.py:878} INFO - 
================================================================================
DAG File Processing Stats

File Path                                  PID    Runtime      # DAGs    # Errors  Last Runtime    Last Run
-----------------------------------------  -----  ---------  --------  ----------  --------------  -------------------
/opt/airflow/dags/dag_bronze_ingestion.py                           1           0  0.68s           2026-06-03T13:02:11
/opt/airflow/dags/dag_drift_monitoring.py                           1           0  0.61s           2026-06-03T13:02:09
/opt/airflow/dags/dag_retrain_pipeline.py                           1           0  0.57s           2026-06-03T13:02:08
/opt/airflow/dags/dag_dq_checkpoint.py                              1           0  0.50s           2026-06-03T13:02:09
================================================================================
[2026-06-03T13:02:50.799+0000] {manager.py:878} INFO - 
================================================================================
DAG File Processing Stats

File Path                                  PID    Runtime      # DAGs    # Errors  Last Runtime    Last Run
-----------------------------------------  -----  ---------  --------  ----------  --------------  -------------------
/opt/airflow/dags/dag_bronze_ingestion.py                           1           0  0.40s           2026-06-03T13:02:42
/opt/airflow/dags/dag_dq_checkpoint.py                              1           0  0.25s           2026-06-03T13:02:40
/opt/airflow/dags/dag_drift_monitoring.py                           1           0  0.23s           2026-06-03T13:02:39
/opt/airflow/dags/dag_retrain_pipeline.py                           1           0  0.22s           2026-06-03T13:02:39
================================================================================
[2026-06-03T13:03:21.130+0000] {manager.py:878} INFO - 
================================================================================
DAG File Processing Stats

File Path                                  PID    Runtime      # DAGs    # Errors  Last Runtime    Last Run
-----------------------------------------  -----  ---------  --------  ----------  --------------  -------------------
/opt/airflow/dags/dag_drift_monitoring.py                           1           0  0.55s           2026-06-03T13:03:11
/opt/airflow/dags/dag_retrain_pipeline.py                           1           0  0.49s           2026-06-03T13:03:10
/opt/airflow/dags/dag_dq_checkpoint.py                              1           0  0.46s           2026-06-03T13:03:11
/opt/airflow/dags/dag_bronze_ingestion.py                           1           0  0.24s           2026-06-03T13:03:12
================================================================================
[2026-06-03T13:03:51.640+0000] {manager.py:878} INFO - 
================================================================================
DAG File Processing Stats

File Path                                  PID    Runtime      # DAGs    # Errors  Last Runtime    Last Run
-----------------------------------------  -----  ---------  --------  ----------  --------------  -------------------
/opt/airflow/dags/dag_dq_checkpoint.py                              1           0  0.46s           2026-06-03T13:03:42
/opt/airflow/dags/dag_drift_monitoring.py                           1           0  0.43s           2026-06-03T13:03:41
/opt/airflow/dags/dag_bronze_ingestion.py                           1           0  0.39s           2026-06-03T13:03:43
/opt/airflow/dags/dag_retrain_pipeline.py                           1           0  0.34s           2026-06-03T13:03:41
================================================================================
[2026-06-03T13:04:22.044+0000] {manager.py:878} INFO - 
================================================================================
DAG File Processing Stats

File Path                                  PID    Runtime      # DAGs    # Errors  Last Runtime    Last Run
-----------------------------------------  -----  ---------  --------  ----------  --------------  -------------------
/opt/airflow/dags/dag_bronze_ingestion.py                           1           0  0.48s           2026-06-03T13:04:14
/opt/airflow/dags/dag_dq_checkpoint.py                              1           0  0.24s           2026-06-03T13:04:12
/opt/airflow/dags/dag_retrain_pipeline.py                           1           0  0.18s           2026-06-03T13:04:12
/opt/airflow/dags/dag_drift_monitoring.py                           1           0  0.18s           2026-06-03T13:04:12
================================================================================
[2026-06-03T13:04:52.459+0000] {manager.py:878} INFO - 
================================================================================
DAG File Processing Stats

File Path                                  PID    Runtime      # DAGs    # Errors  Last Runtime    Last Run
-----------------------------------------  -----  ---------  --------  ----------  --------------  -------------------
/opt/airflow/dags/dag_bronze_ingestion.py                           1           0  0.65s           2026-06-03T13:04:45
/opt/airflow/dags/dag_drift_monitoring.py                           1           0  0.30s           2026-06-03T13:04:43
/opt/airflow/dags/dag_retrain_pipeline.py                           1           0  0.28s           2026-06-03T13:04:43
/opt/airflow/dags/dag_dq_checkpoint.py                              1           0  0.24s           2026-06-03T13:04:43
================================================================================
[2026-06-03T13:05:23.098+0000] {manager.py:878} INFO - 
================================================================================
DAG File Processing Stats

File Path                                  PID    Runtime      # DAGs    # Errors  Last Runtime    Last Run
-----------------------------------------  -----  ---------  --------  ----------  --------------  -------------------
/opt/airflow/dags/dag_bronze_ingestion.py                           1           0  0.74s           2026-06-03T13:05:16
/opt/airflow/dags/dag_drift_monitoring.py                           1           0  0.45s           2026-06-03T13:05:14
/opt/airflow/dags/dag_dq_checkpoint.py                              1           0  0.43s           2026-06-03T13:05:14
/opt/airflow/dags/dag_retrain_pipeline.py                           1           0  0.40s           2026-06-03T13:05:14
================================================================================
[2026-06-03T13:05:50.484+0000] {manager.py:737} INFO - Searching for files in /opt/airflow/dags
[2026-06-03T13:05:50.898+0000] {manager.py:740} INFO - There are 4 files in /opt/airflow/dags
[2026-06-03T13:05:54.026+0000] {manager.py:878} INFO - 
================================================================================
DAG File Processing Stats

File Path                                  PID    Runtime      # DAGs    # Errors  Last Runtime    Last Run
-----------------------------------------  -----  ---------  --------  ----------  --------------  -------------------
/opt/airflow/dags/dag_bronze_ingestion.py                           1           0  0.79s           2026-06-03T13:05:47
/opt/airflow/dags/dag_dq_checkpoint.py                              1           0  0.46s           2026-06-03T13:05:45
/opt/airflow/dags/dag_retrain_pipeline.py                           1           0  0.37s           2026-06-03T13:05:44
/opt/airflow/dags/dag_drift_monitoring.py                           1           0  0.28s           2026-06-03T13:05:45
================================================================================
[2026-06-03T13:06:24.088+0000] {manager.py:878} INFO - 
================================================================================
DAG File Processing Stats

File Path                                  PID    Runtime      # DAGs    # Errors  Last Runtime    Last Run
-----------------------------------------  -----  ---------  --------  ----------  --------------  -------------------
/opt/airflow/dags/dag_retrain_pipeline.py                           1           0  0.81s           2026-06-03T13:06:15
/opt/airflow/dags/dag_drift_monitoring.py                           1           0  0.40s           2026-06-03T13:06:16
/opt/airflow/dags/dag_dq_checkpoint.py                              1           0  0.36s           2026-06-03T13:06:16
/opt/airflow/dags/dag_bronze_ingestion.py                           1           0  0.31s           2026-06-03T13:06:18
================================================================================
[2026-06-03T13:06:54.271+0000] {manager.py:878} INFO - 
================================================================================
DAG File Processing Stats

File Path                                  PID    Runtime      # DAGs    # Errors  Last Runtime    Last Run
-----------------------------------------  -----  ---------  --------  ----------  --------------  -------------------
/opt/airflow/dags/dag_drift_monitoring.py                           1           0  1.04s           2026-06-03T13:06:47
/opt/airflow/dags/dag_bronze_ingestion.py                           1           0  0.63s           2026-06-03T13:06:49
/opt/airflow/dags/dag_retrain_pipeline.py                           1           0  0.56s           2026-06-03T13:06:47
/opt/airflow/dags/dag_dq_checkpoint.py                              1           0  0.33s           2026-06-03T13:06:47
================================================================================
[2026-06-03T13:07:24.475+0000] {manager.py:878} INFO - 
================================================================================
DAG File Processing Stats

File Path                                  PID    Runtime      # DAGs    # Errors  Last Runtime    Last Run
-----------------------------------------  -----  ---------  --------  ----------  --------------  -------------------
/opt/airflow/dags/dag_retrain_pipeline.py                           1           0  0.32s           2026-06-03T13:07:17
/opt/airflow/dags/dag_bronze_ingestion.py                           1           0  0.32s           2026-06-03T13:07:20
/opt/airflow/dags/dag_dq_checkpoint.py                              1           0  0.24s           2026-06-03T13:07:18
/opt/airflow/dags/dag_drift_monitoring.py                           1           0  0.20s           2026-06-03T13:07:18
================================================================================
[2026-06-03T13:07:54.574+0000] {manager.py:878} INFO - 
================================================================================
DAG File Processing Stats

File Path                                  PID    Runtime      # DAGs    # Errors  Last Runtime    Last Run
-----------------------------------------  -----  ---------  --------  ----------  --------------  -------------------
/opt/airflow/dags/dag_bronze_ingestion.py                           1           0  0.29s           2026-06-03T13:07:51
/opt/airflow/dags/dag_retrain_pipeline.py                           1           0  0.26s           2026-06-03T13:07:48
/opt/airflow/dags/dag_drift_monitoring.py                           1           0  0.25s           2026-06-03T13:07:48
/opt/airflow/dags/dag_dq_checkpoint.py                              1           0  0.18s           2026-06-03T13:07:48
================================================================================
[2026-06-03T13:08:25.072+0000] {manager.py:878} INFO - 
================================================================================
DAG File Processing Stats

File Path                                  PID    Runtime      # DAGs    # Errors  Last Runtime    Last Run
-----------------------------------------  -----  ---------  --------  ----------  --------------  -------------------
/opt/airflow/dags/dag_retrain_pipeline.py                           1           0  1.28s           2026-06-03T13:08:20
/opt/airflow/dags/dag_drift_monitoring.py                           1           0  1.24s           2026-06-03T13:08:20
/opt/airflow/dags/dag_dq_checkpoint.py                              1           0  0.43s           2026-06-03T13:08:21
/opt/airflow/dags/dag_bronze_ingestion.py                           1           0  0.39s           2026-06-03T13:08:22
================================================================================
[2026-06-03T13:08:55.770+0000] {manager.py:878} INFO - 
================================================================================
DAG File Processing Stats

File Path                                  PID    Runtime      # DAGs    # Errors  Last Runtime    Last Run
-----------------------------------------  -----  ---------  --------  ----------  --------------  -------------------
/opt/airflow/dags/dag_drift_monitoring.py                           1           0  0.35s           2026-06-03T13:08:51
/opt/airflow/dags/dag_dq_checkpoint.py                              1           0  0.28s           2026-06-03T13:08:51
/opt/airflow/dags/dag_retrain_pipeline.py                           1           0  0.27s           2026-06-03T13:08:51
/opt/airflow/dags/dag_bronze_ingestion.py                           1           0  0.21s           2026-06-03T13:08:52
================================================================================
[2026-06-03T13:09:26.393+0000] {manager.py:878} INFO - 
================================================================================
DAG File Processing Stats

File Path                                  PID    Runtime      # DAGs    # Errors  Last Runtime    Last Run
-----------------------------------------  -----  ---------  --------  ----------  --------------  -------------------
/opt/airflow/dags/dag_dq_checkpoint.py                              1           0  0.31s           2026-06-03T13:09:22
/opt/airflow/dags/dag_bronze_ingestion.py                           1           0  0.29s           2026-06-03T13:09:23
/opt/airflow/dags/dag_retrain_pipeline.py                           1           0  0.25s           2026-06-03T13:09:22
/opt/airflow/dags/dag_drift_monitoring.py                           1           0  0.23s           2026-06-03T13:09:22
================================================================================
[2026-06-03T13:09:56.482+0000] {manager.py:878} INFO - 
================================================================================
DAG File Processing Stats

File Path                                  PID    Runtime      # DAGs    # Errors  Last Runtime    Last Run
-----------------------------------------  -----  ---------  --------  ----------  --------------  -------------------
/opt/airflow/dags/dag_bronze_ingestion.py                           1           0  0.90s           2026-06-03T13:09:54
/opt/airflow/dags/dag_retrain_pipeline.py                           1           0  0.52s           2026-06-03T13:09:53
/opt/airflow/dags/dag_drift_monitoring.py                           1           0  0.50s           2026-06-03T13:09:53
/opt/airflow/dags/dag_dq_checkpoint.py                              1           0  0.32s           2026-06-03T13:09:53
================================================================================
[2026-06-03T13:10:26.656+0000] {manager.py:878} INFO - 
================================================================================
DAG File Processing Stats

File Path                                  PID    Runtime      # DAGs    # Errors  Last Runtime    Last Run
-----------------------------------------  -----  ---------  --------  ----------  --------------  -------------------
/opt/airflow/dags/dag_bronze_ingestion.py                           1           0  0.63s           2026-06-03T13:10:26
/opt/airflow/dags/dag_dq_checkpoint.py                              1           0  0.47s           2026-06-03T13:10:24
/opt/airflow/dags/dag_drift_monitoring.py                           1           0  0.35s           2026-06-03T13:10:24
/opt/airflow/dags/dag_retrain_pipeline.py                           1           0  0.29s           2026-06-03T13:10:23
================================================================================
[2026-06-03T13:10:50.636+0000] {manager.py:737} INFO - Searching for files in /opt/airflow/dags
[2026-06-03T13:10:53.788+0000] {manager.py:740} INFO - There are 4 files in /opt/airflow/dags
[2026-06-03T13:10:57.272+0000] {manager.py:878} INFO - 
================================================================================
DAG File Processing Stats

File Path                                    PID  Runtime      # DAGs    # Errors  Last Runtime    Last Run
-----------------------------------------  -----  ---------  --------  ----------  --------------  -------------------
/opt/airflow/dags/dag_retrain_pipeline.py                           1           0  0.86s           2026-06-03T13:10:54
/opt/airflow/dags/dag_bronze_ingestion.py   7291  0.01s             1           0  0.63s           2026-06-03T13:10:26
/opt/airflow/dags/dag_dq_checkpoint.py                              1           0  0.37s           2026-06-03T13:10:55
/opt/airflow/dags/dag_drift_monitoring.py                           1           0  0.29s           2026-06-03T13:10:55
================================================================================
[2026-06-03T14:15:29.640+0000] {manager.py:470} INFO - Processing files using up to 2 processes at a time 
[2026-06-03T14:15:32.103+0000] {manager.py:471} INFO - Process each file at most once every 30 seconds
[2026-06-03T14:15:32.219+0000] {manager.py:472} INFO - Checking for new files in /opt/airflow/dags every 300 seconds
[2026-06-03T14:15:32.220+0000] {manager.py:737} INFO - Searching for files in /opt/airflow/dags
[2026-06-03T14:15:55.180+0000] {manager.py:740} INFO - There are 4 files in /opt/airflow/dags
[2026-06-03T14:16:01.427+0000] {manager.py:878} INFO - 
================================================================================
DAG File Processing Stats

File Path                                    PID  Runtime      # DAGs    # Errors  Last Runtime    Last Run
-----------------------------------------  -----  ---------  --------  ----------  --------------  ----------
/opt/airflow/dags/dag_bronze_ingestion.py                           0           0
/opt/airflow/dags/dag_dq_checkpoint.py                              0           0
/opt/airflow/dags/dag_drift_monitoring.py    175  0.16s             0           0
/opt/airflow/dags/dag_retrain_pipeline.py    172  1.92s             0           0
================================================================================
[2026-06-03T14:16:31.870+0000] {manager.py:878} INFO - 
================================================================================
DAG File Processing Stats

File Path                                  PID    Runtime      # DAGs    # Errors  Last Runtime    Last Run
-----------------------------------------  -----  ---------  --------  ----------  --------------  -------------------
/opt/airflow/dags/dag_dq_checkpoint.py                              1           0  9.85s           2026-06-03T14:16:17
/opt/airflow/dags/dag_bronze_ingestion.py                           1           0  7.52s           2026-06-03T14:16:16
/opt/airflow/dags/dag_retrain_pipeline.py                           1           0  6.80s           2026-06-03T14:16:06
/opt/airflow/dags/dag_drift_monitoring.py                           1           0  6.12s           2026-06-03T14:16:07
================================================================================
[2026-06-03T14:17:01.989+0000] {manager.py:878} INFO - 
================================================================================
DAG File Processing Stats

File Path                                  PID    Runtime      # DAGs    # Errors  Last Runtime    Last Run
-----------------------------------------  -----  ---------  --------  ----------  --------------  -------------------
/opt/airflow/dags/dag_retrain_pipeline.py                           1           0  13.15s          2026-06-03T14:16:53
/opt/airflow/dags/dag_drift_monitoring.py                           1           0  9.04s           2026-06-03T14:16:53
/opt/airflow/dags/dag_dq_checkpoint.py                              1           0  2.17s           2026-06-03T14:16:55
/opt/airflow/dags/dag_bronze_ingestion.py                           1           0  1.45s           2026-06-03T14:16:56
================================================================================
[2026-06-03T14:17:32.421+0000] {manager.py:878} INFO - 
================================================================================
DAG File Processing Stats

File Path                                  PID    Runtime      # DAGs    # Errors  Last Runtime    Last Run
-----------------------------------------  -----  ---------  --------  ----------  --------------  -------------------
/opt/airflow/dags/dag_bronze_ingestion.py                           1           0  0.84s           2026-06-03T14:17:27
/opt/airflow/dags/dag_drift_monitoring.py                           1           0  0.52s           2026-06-03T14:17:25
/opt/airflow/dags/dag_dq_checkpoint.py                              1           0  0.48s           2026-06-03T14:17:26
/opt/airflow/dags/dag_retrain_pipeline.py                           1           0  0.18s           2026-06-03T14:17:23
================================================================================
[2026-06-03T14:18:03.635+0000] {manager.py:878} INFO - 
================================================================================
DAG File Processing Stats

File Path                                  PID    Runtime      # DAGs    # Errors  Last Runtime    Last Run
-----------------------------------------  -----  ---------  --------  ----------  --------------  -------------------
/opt/airflow/dags/dag_bronze_ingestion.py                           1           0  0.29s           2026-06-03T14:17:58
/opt/airflow/dags/dag_dq_checkpoint.py                              1           0  0.23s           2026-06-03T14:17:57
/opt/airflow/dags/dag_retrain_pipeline.py                           1           0  0.22s           2026-06-03T14:17:53
/opt/airflow/dags/dag_drift_monitoring.py                           1           0  0.19s           2026-06-03T14:17:55
================================================================================
[2026-06-03T14:18:33.682+0000] {manager.py:878} INFO - 
================================================================================
DAG File Processing Stats

File Path                                  PID    Runtime      # DAGs    # Errors  Last Runtime    Last Run
-----------------------------------------  -----  ---------  --------  ----------  --------------  -------------------
/opt/airflow/dags/dag_dq_checkpoint.py                              1           0  2.19s           2026-06-03T14:18:30
/opt/airflow/dags/dag_bronze_ingestion.py                           1           0  2.02s           2026-06-03T14:18:30
/opt/airflow/dags/dag_drift_monitoring.py                           1           0  1.56s           2026-06-03T14:18:28
/opt/airflow/dags/dag_retrain_pipeline.py                           1           0  0.28s           2026-06-03T14:18:24
================================================================================
[2026-06-03T14:19:04.255+0000] {manager.py:878} INFO - 
================================================================================
DAG File Processing Stats

File Path                                  PID    Runtime      # DAGs    # Errors  Last Runtime    Last Run
-----------------------------------------  -----  ---------  --------  ----------  --------------  -------------------
/opt/airflow/dags/dag_retrain_pipeline.py                           1           0  0.41s           2026-06-03T14:18:55
/opt/airflow/dags/dag_bronze_ingestion.py                           1           0  0.33s           2026-06-03T14:19:01
/opt/airflow/dags/dag_dq_checkpoint.py                              1           0  0.29s           2026-06-03T14:19:01
/opt/airflow/dags/dag_drift_monitoring.py                           1           0  0.29s           2026-06-03T14:18:58
================================================================================
[2026-06-03T14:19:34.282+0000] {manager.py:878} INFO - 
================================================================================
DAG File Processing Stats

File Path                                  PID    Runtime      # DAGs    # Errors  Last Runtime    Last Run
-----------------------------------------  -----  ---------  --------  ----------  --------------  -------------------
/opt/airflow/dags/dag_bronze_ingestion.py                           1           0  0.34s           2026-06-03T14:19:32
/opt/airflow/dags/dag_drift_monitoring.py                           1           0  0.33s           2026-06-03T14:19:29
/opt/airflow/dags/dag_retrain_pipeline.py                           1           0  0.32s           2026-06-03T14:19:26
/opt/airflow/dags/dag_dq_checkpoint.py                              1           0  0.29s           2026-06-03T14:19:31
================================================================================
[2026-06-03T14:20:04.661+0000] {manager.py:878} INFO - 
================================================================================
DAG File Processing Stats

File Path                                  PID    Runtime      # DAGs    # Errors  Last Runtime    Last Run
-----------------------------------------  -----  ---------  --------  ----------  --------------  -------------------
/opt/airflow/dags/dag_dq_checkpoint.py                              1           0  0.41s           2026-06-03T14:20:02
/opt/airflow/dags/dag_drift_monitoring.py                           1           0  0.36s           2026-06-03T14:20:00
/opt/airflow/dags/dag_bronze_ingestion.py                           1           0  0.26s           2026-06-03T14:20:02
/opt/airflow/dags/dag_retrain_pipeline.py                           1           0  0.17s           2026-06-03T14:19:56
================================================================================
[2026-06-03T14:20:32.267+0000] {manager.py:737} INFO - Searching for files in /opt/airflow/dags
[2026-06-03T14:20:32.599+0000] {manager.py:740} INFO - There are 4 files in /opt/airflow/dags
[2026-06-03T14:20:35.057+0000] {manager.py:878} INFO - 
================================================================================
DAG File Processing Stats

File Path                                  PID    Runtime      # DAGs    # Errors  Last Runtime    Last Run
-----------------------------------------  -----  ---------  --------  ----------  --------------  -------------------
/opt/airflow/dags/dag_drift_monitoring.py                           1           0  0.45s           2026-06-03T14:20:31
/opt/airflow/dags/dag_retrain_pipeline.py                           1           0  0.38s           2026-06-03T14:20:27
/opt/airflow/dags/dag_dq_checkpoint.py                              1           0  0.29s           2026-06-03T14:20:32
/opt/airflow/dags/dag_bronze_ingestion.py                           1           0  0.26s           2026-06-03T14:20:33
================================================================================
[2026-06-03T14:21:05.824+0000] {manager.py:878} INFO - 
================================================================================
DAG File Processing Stats

File Path                                  PID    Runtime      # DAGs    # Errors  Last Runtime    Last Run
-----------------------------------------  -----  ---------  --------  ----------  --------------  -------------------
/opt/airflow/dags/dag_drift_monitoring.py                           1           0  0.38s           2026-06-03T14:21:01
/opt/airflow/dags/dag_retrain_pipeline.py                           1           0  0.27s           2026-06-03T14:20:58
/opt/airflow/dags/dag_dq_checkpoint.py                              1           0  0.25s           2026-06-03T14:21:03
/opt/airflow/dags/dag_bronze_ingestion.py                           1           0  0.25s           2026-06-03T14:21:03
================================================================================
[2026-06-03T14:21:36.503+0000] {manager.py:878} INFO - 
================================================================================
DAG File Processing Stats

File Path                                  PID    Runtime      # DAGs    # Errors  Last Runtime    Last Run
-----------------------------------------  -----  ---------  --------  ----------  --------------  -------------------
/opt/airflow/dags/dag_bronze_ingestion.py                           1           0  0.38s           2026-06-03T14:21:34
/opt/airflow/dags/dag_dq_checkpoint.py                              1           0  0.37s           2026-06-03T14:21:34
/opt/airflow/dags/dag_retrain_pipeline.py                           1           0  0.29s           2026-06-03T14:21:29
/opt/airflow/dags/dag_drift_monitoring.py                           1           0  0.29s           2026-06-03T14:21:32
================================================================================
[2026-06-03T14:22:07.118+0000] {manager.py:878} INFO - 
================================================================================
DAG File Processing Stats

File Path                                  PID    Runtime      # DAGs    # Errors  Last Runtime    Last Run
-----------------------------------------  -----  ---------  --------  ----------  --------------  -------------------
/opt/airflow/dags/dag_dq_checkpoint.py                              1           0  0.35s           2026-06-03T14:22:06
/opt/airflow/dags/dag_bronze_ingestion.py                           1           0  0.34s           2026-06-03T14:22:06
/opt/airflow/dags/dag_drift_monitoring.py                           1           0  0.13s           2026-06-03T14:22:02
/opt/airflow/dags/dag_retrain_pipeline.py                           1           0  0.13s           2026-06-03T14:21:59
================================================================================
[2026-06-03T14:22:37.475+0000] {manager.py:878} INFO - 
================================================================================
DAG File Processing Stats

File Path                                  PID    Runtime      # DAGs    # Errors  Last Runtime    Last Run
-----------------------------------------  -----  ---------  --------  ----------  --------------  -------------------
/opt/airflow/dags/dag_drift_monitoring.py                           1           0  0.34s           2026-06-03T14:22:33
/opt/airflow/dags/dag_dq_checkpoint.py                              1           0  0.23s           2026-06-03T14:22:36
/opt/airflow/dags/dag_bronze_ingestion.py                           1           0  0.23s           2026-06-03T14:22:36
/opt/airflow/dags/dag_retrain_pipeline.py                           1           0  0.13s           2026-06-03T14:22:29
================================================================================
[2026-06-03T14:23:07.819+0000] {manager.py:878} INFO - 
================================================================================
DAG File Processing Stats

File Path                                  PID    Runtime      # DAGs    # Errors  Last Runtime    Last Run
-----------------------------------------  -----  ---------  --------  ----------  --------------  -------------------
/opt/airflow/dags/dag_drift_monitoring.py                           1           0  0.32s           2026-06-03T14:23:03
/opt/airflow/dags/dag_bronze_ingestion.py                           1           0  0.20s           2026-06-03T14:23:06
/opt/airflow/dags/dag_dq_checkpoint.py                              1           0  0.19s           2026-06-03T14:23:06
/opt/airflow/dags/dag_retrain_pipeline.py                           1           0  0.13s           2026-06-03T14:23:00
================================================================================
[2026-06-03T14:23:38.329+0000] {manager.py:878} INFO - 
================================================================================
DAG File Processing Stats

File Path                                  PID    Runtime      # DAGs    # Errors  Last Runtime    Last Run
-----------------------------------------  -----  ---------  --------  ----------  --------------  -------------------
/opt/airflow/dags/dag_drift_monitoring.py                           1           0  0.33s           2026-06-03T14:23:34
/opt/airflow/dags/dag_bronze_ingestion.py                           1           0  0.14s           2026-06-03T14:23:37
/opt/airflow/dags/dag_dq_checkpoint.py                              1           0  0.13s           2026-06-03T14:23:37
/opt/airflow/dags/dag_retrain_pipeline.py                           1           0  0.11s           2026-06-03T14:23:30
================================================================================
[2026-06-03T14:24:08.559+0000] {manager.py:878} INFO - 
================================================================================
DAG File Processing Stats

File Path                                  PID    Runtime      # DAGs    # Errors  Last Runtime    Last Run
-----------------------------------------  -----  ---------  --------  ----------  --------------  -------------------
/opt/airflow/dags/dag_dq_checkpoint.py                              1           0  0.24s           2026-06-03T14:24:07
/opt/airflow/dags/dag_bronze_ingestion.py                           1           0  0.23s           2026-06-03T14:24:07
/opt/airflow/dags/dag_retrain_pipeline.py                           1           0  0.18s           2026-06-03T14:24:01
/opt/airflow/dags/dag_drift_monitoring.py                           1           0  0.13s           2026-06-03T14:24:04
================================================================================
[2026-06-03T14:24:38.611+0000] {manager.py:878} INFO - 
================================================================================
DAG File Processing Stats

File Path                                    PID  Runtime      # DAGs    # Errors  Last Runtime    Last Run
-----------------------------------------  -----  ---------  --------  ----------  --------------  -------------------
/opt/airflow/dags/dag_dq_checkpoint.py       502  0.03s             1           0  0.24s           2026-06-03T14:24:07
/opt/airflow/dags/dag_bronze_ingestion.py    505  0.00s             1           0  0.23s           2026-06-03T14:24:07
/opt/airflow/dags/dag_drift_monitoring.py                           1           0  0.17s           2026-06-03T14:24:35
/opt/airflow/dags/dag_retrain_pipeline.py                           1           0  0.14s           2026-06-03T14:24:32
================================================================================
[2026-06-03T14:25:09.126+0000] {manager.py:878} INFO - 
================================================================================
DAG File Processing Stats

File Path                                    PID  Runtime      # DAGs    # Errors  Last Runtime    Last Run
-----------------------------------------  -----  ---------  --------  ----------  --------------  -------------------
/opt/airflow/dags/dag_drift_monitoring.py                           1           0  0.30s           2026-06-03T14:25:06
/opt/airflow/dags/dag_dq_checkpoint.py       522  0.08s             1           0  0.21s           2026-06-03T14:24:38
/opt/airflow/dags/dag_bronze_ingestion.py    525  0.01s             1           0  0.20s           2026-06-03T14:24:38
/opt/airflow/dags/dag_retrain_pipeline.py                           1           0  0.10s           2026-06-03T14:25:02
================================================================================
[2026-06-03T14:25:32.767+0000] {manager.py:737} INFO - Searching for files in /opt/airflow/dags
[2026-06-03T14:25:32.873+0000] {manager.py:740} INFO - There are 4 files in /opt/airflow/dags
[2026-06-03T14:25:39.216+0000] {manager.py:878} INFO - 
================================================================================
DAG File Processing Stats

File Path                                  PID    Runtime      # DAGs    # Errors  Last Runtime    Last Run
-----------------------------------------  -----  ---------  --------  ----------  --------------  -------------------
/opt/airflow/dags/dag_drift_monitoring.py                           1           0  0.33s           2026-06-03T14:25:37
/opt/airflow/dags/dag_dq_checkpoint.py                              1           0  0.21s           2026-06-03T14:25:09
/opt/airflow/dags/dag_bronze_ingestion.py                           1           0  0.15s           2026-06-03T14:25:09
/opt/airflow/dags/dag_retrain_pipeline.py                           1           0  0.10s           2026-06-03T14:25:32
================================================================================
[2026-06-03T14:26:09.787+0000] {manager.py:878} INFO - 
================================================================================
DAG File Processing Stats

File Path                                  PID    Runtime      # DAGs    # Errors  Last Runtime    Last Run
-----------------------------------------  -----  ---------  --------  ----------  --------------  -------------------
/opt/airflow/dags/dag_drift_monitoring.py                           1           0  0.26s           2026-06-03T14:26:07
/opt/airflow/dags/dag_retrain_pipeline.py                           1           0  0.18s           2026-06-03T14:26:03
/opt/airflow/dags/dag_bronze_ingestion.py                           1           0  0.18s           2026-06-03T14:25:39
/opt/airflow/dags/dag_dq_checkpoint.py                              1           0  0.17s           2026-06-03T14:25:39
================================================================================
[2026-06-03T14:26:40.166+0000] {manager.py:878} INFO - 
================================================================================
DAG File Processing Stats

File Path                                  PID    Runtime      # DAGs    # Errors  Last Runtime    Last Run
-----------------------------------------  -----  ---------  --------  ----------  --------------  -------------------
/opt/airflow/dags/dag_drift_monitoring.py                           1           0  0.33s           2026-06-03T14:26:38
/opt/airflow/dags/dag_dq_checkpoint.py                              1           0  0.20s           2026-06-03T14:26:10
/opt/airflow/dags/dag_bronze_ingestion.py                           1           0  0.14s           2026-06-03T14:26:10
/opt/airflow/dags/dag_retrain_pipeline.py                           1           0  0.09s           2026-06-03T14:26:34
================================================================================
[2026-06-03T14:27:10.608+0000] {manager.py:878} INFO - 
================================================================================
DAG File Processing Stats

File Path                                  PID    Runtime      # DAGs    # Errors  Last Runtime    Last Run
-----------------------------------------  -----  ---------  --------  ----------  --------------  -------------------
/opt/airflow/dags/dag_drift_monitoring.py                           1           0  0.33s           2026-06-03T14:27:08
/opt/airflow/dags/dag_dq_checkpoint.py                              1           0  0.22s           2026-06-03T14:26:40
/opt/airflow/dags/dag_bronze_ingestion.py                           1           0  0.17s           2026-06-03T14:26:40
/opt/airflow/dags/dag_retrain_pipeline.py                           1           0  0.10s           2026-06-03T14:27:04
================================================================================
[2026-06-03T14:27:41.008+0000] {manager.py:878} INFO - 
================================================================================
DAG File Processing Stats

File Path                                  PID    Runtime      # DAGs    # Errors  Last Runtime    Last Run
-----------------------------------------  -----  ---------  --------  ----------  --------------  -------------------
/opt/airflow/dags/dag_drift_monitoring.py                           1           0  0.34s           2026-06-03T14:27:39
/opt/airflow/dags/dag_dq_checkpoint.py                              1           0  0.17s           2026-06-03T14:27:11
/opt/airflow/dags/dag_bronze_ingestion.py                           1           0  0.15s           2026-06-03T14:27:11
/opt/airflow/dags/dag_retrain_pipeline.py                           1           0  0.09s           2026-06-03T14:27:34
================================================================================
[2026-06-03T14:28:11.302+0000] {manager.py:878} INFO - 
================================================================================
DAG File Processing Stats

File Path                                  PID    Runtime      # DAGs    # Errors  Last Runtime    Last Run
-----------------------------------------  -----  ---------  --------  ----------  --------------  -------------------
/opt/airflow/dags/dag_drift_monitoring.py                           1           0  0.26s           2026-06-03T14:28:10
/opt/airflow/dags/dag_bronze_ingestion.py                           1           0  0.19s           2026-06-03T14:27:41
/opt/airflow/dags/dag_dq_checkpoint.py                              1           0  0.19s           2026-06-03T14:27:41
/opt/airflow/dags/dag_retrain_pipeline.py                           1           0  0.11s           2026-06-03T14:28:05
================================================================================
[2026-06-03T14:28:41.447+0000] {manager.py:878} INFO - 
================================================================================
DAG File Processing Stats

File Path                                    PID  Runtime      # DAGs    # Errors  Last Runtime    Last Run
-----------------------------------------  -----  ---------  --------  ----------  --------------  -------------------
/opt/airflow/dags/dag_dq_checkpoint.py                              1           0  0.30s           2026-06-03T14:28:12
/opt/airflow/dags/dag_bronze_ingestion.py                           1           0  0.27s           2026-06-03T14:28:12
/opt/airflow/dags/dag_drift_monitoring.py    657  0.00s             1           0  0.26s           2026-06-03T14:28:10
/opt/airflow/dags/dag_retrain_pipeline.py                           1           0  0.09s           2026-06-03T14:28:35
================================================================================
[2026-06-03T14:29:11.831+0000] {manager.py:878} INFO - 
================================================================================
DAG File Processing Stats

File Path                                    PID  Runtime      # DAGs    # Errors  Last Runtime    Last Run
-----------------------------------------  -----  ---------  --------  ----------  --------------  -------------------
/opt/airflow/dags/dag_drift_monitoring.py    677  0.00s             1           0  0.13s           2026-06-03T14:28:41
/opt/airflow/dags/dag_bronze_ingestion.py                           1           0  0.13s           2026-06-03T14:28:43
/opt/airflow/dags/dag_dq_checkpoint.py                              1           0  0.11s           2026-06-03T14:28:43
/opt/airflow/dags/dag_retrain_pipeline.py                           1           0  0.09s           2026-06-03T14:29:05
================================================================================
[2026-06-03T14:29:42.007+0000] {manager.py:878} INFO - 
================================================================================
DAG File Processing Stats

File Path                                  PID    Runtime      # DAGs    # Errors  Last Runtime    Last Run
-----------------------------------------  -----  ---------  --------  ----------  --------------  -------------------
/opt/airflow/dags/dag_drift_monitoring.py                           1           0  0.27s           2026-06-03T14:29:12
/opt/airflow/dags/dag_dq_checkpoint.py                              1           0  0.17s           2026-06-03T14:29:14
/opt/airflow/dags/dag_bronze_ingestion.py                           1           0  0.15s           2026-06-03T14:29:14
/opt/airflow/dags/dag_retrain_pipeline.py                           1           0  0.13s           2026-06-03T14:29:35
================================================================================
[2026-06-03T14:30:12.820+0000] {manager.py:878} INFO - 
================================================================================
DAG File Processing Stats

File Path                                    PID  Runtime      # DAGs    # Errors  Last Runtime    Last Run
-----------------------------------------  -----  ---------  --------  ----------  --------------  -------------------
/opt/airflow/dags/dag_bronze_ingestion.py                           1           0  0.15s           2026-06-03T14:29:44
/opt/airflow/dags/dag_dq_checkpoint.py                              1           0  0.15s           2026-06-03T14:29:44
/opt/airflow/dags/dag_drift_monitoring.py    717  0.01s             1           0  0.14s           2026-06-03T14:29:42
/opt/airflow/dags/dag_retrain_pipeline.py                           1           0  0.10s           2026-06-03T14:30:06
================================================================================
[2026-06-03T14:30:33.355+0000] {manager.py:737} INFO - Searching for files in /opt/airflow/dags
[2026-06-03T14:30:33.510+0000] {manager.py:740} INFO - There are 4 files in /opt/airflow/dags
[2026-06-03T14:30:43.099+0000] {manager.py:878} INFO - 
================================================================================
DAG File Processing Stats

File Path                                  PID    Runtime      # DAGs    # Errors  Last Runtime    Last Run
-----------------------------------------  -----  ---------  --------  ----------  --------------  -------------------
/opt/airflow/dags/dag_retrain_pipeline.py                           1           0  0.57s           2026-06-03T14:30:37
/opt/airflow/dags/dag_drift_monitoring.py                           1           0  0.57s           2026-06-03T14:30:13
/opt/airflow/dags/dag_dq_checkpoint.py                              1           0  0.32s           2026-06-03T14:30:14
/opt/airflow/dags/dag_bronze_ingestion.py                           1           0  0.24s           2026-06-03T14:30:15
================================================================================
[2026-06-03T14:31:13.855+0000] {manager.py:878} INFO - 
================================================================================
DAG File Processing Stats

File Path                                  PID    Runtime      # DAGs    # Errors  Last Runtime    Last Run
-----------------------------------------  -----  ---------  --------  ----------  --------------  -------------------
/opt/airflow/dags/dag_dq_checkpoint.py                              1           0  0.84s           2026-06-03T14:30:46
/opt/airflow/dags/dag_bronze_ingestion.py                           1           0  0.57s           2026-06-03T14:30:46
/opt/airflow/dags/dag_drift_monitoring.py                           1           0  0.48s           2026-06-03T14:30:44
/opt/airflow/dags/dag_retrain_pipeline.py                           1           0  0.15s           2026-06-03T14:31:07
================================================================================
[2026-06-03T14:31:44.287+0000] {manager.py:878} INFO - 
================================================================================
DAG File Processing Stats

File Path                                  PID    Runtime      # DAGs    # Errors  Last Runtime    Last Run
-----------------------------------------  -----  ---------  --------  ----------  --------------  -------------------
/opt/airflow/dags/dag_drift_monitoring.py                           1           0  0.25s           2026-06-03T14:31:15
/opt/airflow/dags/dag_bronze_ingestion.py                           1           0  0.25s           2026-06-03T14:31:16
/opt/airflow/dags/dag_dq_checkpoint.py                              1           0  0.16s           2026-06-03T14:31:16
/opt/airflow/dags/dag_retrain_pipeline.py                           1           0  0.14s           2026-06-03T14:31:38
================================================================================
[2026-06-03T14:32:14.797+0000] {manager.py:878} INFO - 
================================================================================
DAG File Processing Stats

File Path                                  PID    Runtime      # DAGs    # Errors  Last Runtime    Last Run
-----------------------------------------  -----  ---------  --------  ----------  --------------  -------------------
/opt/airflow/dags/dag_drift_monitoring.py                           1           0  0.63s           2026-06-03T14:31:46
/opt/airflow/dags/dag_bronze_ingestion.py                           1           0  0.22s           2026-06-03T14:31:46
/opt/airflow/dags/dag_dq_checkpoint.py                              1           0  0.17s           2026-06-03T14:31:47
/opt/airflow/dags/dag_retrain_pipeline.py                           1           0  0.14s           2026-06-03T14:32:08
================================================================================
[2026-06-03T14:32:44.994+0000] {manager.py:878} INFO - 
================================================================================
DAG File Processing Stats

File Path                                  PID    Runtime      # DAGs    # Errors  Last Runtime    Last Run
-----------------------------------------  -----  ---------  --------  ----------  --------------  -------------------
/opt/airflow/dags/dag_dq_checkpoint.py                              1           0  0.29s           2026-06-03T14:32:18
/opt/airflow/dags/dag_retrain_pipeline.py                           1           0  0.25s           2026-06-03T14:32:39
/opt/airflow/dags/dag_drift_monitoring.py                           1           0  0.13s           2026-06-03T14:32:16
/opt/airflow/dags/dag_bronze_ingestion.py                           1           0  0.12s           2026-06-03T14:32:17
================================================================================
[2026-06-03T14:33:15.088+0000] {manager.py:878} INFO - 
================================================================================
DAG File Processing Stats

File Path                                  PID    Runtime      # DAGs    # Errors  Last Runtime    Last Run
-----------------------------------------  -----  ---------  --------  ----------  --------------  -------------------
/opt/airflow/dags/dag_bronze_ingestion.py                           1           0  0.21s           2026-06-03T14:32:47
/opt/airflow/dags/dag_drift_monitoring.py                           1           0  0.20s           2026-06-03T14:32:47
/opt/airflow/dags/dag_dq_checkpoint.py                              1           0  0.14s           2026-06-03T14:32:48
/opt/airflow/dags/dag_retrain_pipeline.py                           1           0  0.11s           2026-06-03T14:33:09
================================================================================
[2026-06-03T14:33:45.271+0000] {manager.py:878} INFO - 
================================================================================
DAG File Processing Stats

File Path                                  PID    Runtime      # DAGs    # Errors  Last Runtime    Last Run
-----------------------------------------  -----  ---------  --------  ----------  --------------  -------------------
/opt/airflow/dags/dag_dq_checkpoint.py                              1           0  0.38s           2026-06-03T14:33:19
/opt/airflow/dags/dag_retrain_pipeline.py                           1           0  0.11s           2026-06-03T14:33:40
/opt/airflow/dags/dag_drift_monitoring.py                           1           0  0.11s           2026-06-03T14:33:18
/opt/airflow/dags/dag_bronze_ingestion.py                           1           0  0.10s           2026-06-03T14:33:18
================================================================================
[2026-06-03T14:34:15.320+0000] {manager.py:878} INFO - 
================================================================================
DAG File Processing Stats

File Path                                  PID    Runtime      # DAGs    # Errors  Last Runtime    Last Run
-----------------------------------------  -----  ---------  --------  ----------  --------------  -------------------
/opt/airflow/dags/dag_retrain_pipeline.py                           1           0  0.15s           2026-06-03T14:34:11
/opt/airflow/dags/dag_dq_checkpoint.py                              1           0  0.13s           2026-06-03T14:33:50
/opt/airflow/dags/dag_drift_monitoring.py                           1           0  0.11s           2026-06-03T14:33:48
/opt/airflow/dags/dag_bronze_ingestion.py                           1           0  0.10s           2026-06-03T14:33:48
================================================================================
[2026-06-03T14:34:45.713+0000] {manager.py:878} INFO - 
================================================================================
DAG File Processing Stats

File Path                                  PID    Runtime      # DAGs    # Errors  Last Runtime    Last Run
-----------------------------------------  -----  ---------  --------  ----------  --------------  -------------------
/opt/airflow/dags/dag_dq_checkpoint.py                              1           0  0.75s           2026-06-03T14:34:22
/opt/airflow/dags/dag_drift_monitoring.py                           1           0  0.65s           2026-06-03T14:34:20
/opt/airflow/dags/dag_bronze_ingestion.py                           1           0  0.62s           2026-06-03T14:34:20
/opt/airflow/dags/dag_retrain_pipeline.py                           1           0  0.12s           2026-06-03T14:34:41
================================================================================
[2026-06-03T14:35:15.767+0000] {manager.py:878} INFO - 
================================================================================
DAG File Processing Stats

File Path                                  PID    Runtime      # DAGs    # Errors  Last Runtime    Last Run
-----------------------------------------  -----  ---------  --------  ----------  --------------  -------------------
/opt/airflow/dags/dag_dq_checkpoint.py                              1           0  0.14s           2026-06-03T14:34:52
/opt/airflow/dags/dag_drift_monitoring.py                           1           0  0.13s           2026-06-03T14:34:51
/opt/airflow/dags/dag_bronze_ingestion.py                           1           0  0.12s           2026-06-03T14:34:51
/opt/airflow/dags/dag_retrain_pipeline.py                           1           0  0.09s           2026-06-03T14:35:12
================================================================================
[2026-06-03T14:35:33.865+0000] {manager.py:737} INFO - Searching for files in /opt/airflow/dags
[2026-06-03T14:35:33.995+0000] {manager.py:740} INFO - There are 4 files in /opt/airflow/dags
[2026-06-03T14:35:46.477+0000] {manager.py:878} INFO - 
================================================================================
DAG File Processing Stats

File Path                                  PID    Runtime      # DAGs    # Errors  Last Runtime    Last Run
-----------------------------------------  -----  ---------  --------  ----------  --------------  -------------------
/opt/airflow/dags/dag_bronze_ingestion.py                           1           0  0.43s           2026-06-03T14:35:22
/opt/airflow/dags/dag_drift_monitoring.py                           1           0  0.29s           2026-06-03T14:35:22
/opt/airflow/dags/dag_retrain_pipeline.py                           1           0  0.20s           2026-06-03T14:35:43
/opt/airflow/dags/dag_dq_checkpoint.py                              1           0  0.17s           2026-06-03T14:35:22
================================================================================
[2026-06-03T14:36:16.763+0000] {manager.py:878} INFO - 
================================================================================
DAG File Processing Stats

File Path                                  PID    Runtime      # DAGs    # Errors  Last Runtime    Last Run
-----------------------------------------  -----  ---------  --------  ----------  --------------  -------------------
/opt/airflow/dags/dag_dq_checkpoint.py                              1           0  0.21s           2026-06-03T14:35:52
/opt/airflow/dags/dag_bronze_ingestion.py                           1           0  0.20s           2026-06-03T14:35:53
/opt/airflow/dags/dag_drift_monitoring.py                           1           0  0.20s           2026-06-03T14:35:52
/opt/airflow/dags/dag_retrain_pipeline.py                           1           0  0.14s           2026-06-03T14:36:13
================================================================================
[2026-06-03T14:36:47.280+0000] {manager.py:878} INFO - 
================================================================================
DAG File Processing Stats

File Path                                  PID    Runtime      # DAGs    # Errors  Last Runtime    Last Run
-----------------------------------------  -----  ---------  --------  ----------  --------------  -------------------
/opt/airflow/dags/dag_dq_checkpoint.py                              1           0  0.36s           2026-06-03T14:36:23
/opt/airflow/dags/dag_drift_monitoring.py                           1           0  0.32s           2026-06-03T14:36:23
/opt/airflow/dags/dag_bronze_ingestion.py                           1           0  0.29s           2026-06-03T14:36:23
/opt/airflow/dags/dag_retrain_pipeline.py                           1           0  0.12s           2026-06-03T14:36:44
================================================================================
[2026-06-03T14:37:17.587+0000] {manager.py:878} INFO - 
================================================================================
DAG File Processing Stats

File Path                                  PID    Runtime      # DAGs    # Errors  Last Runtime    Last Run
-----------------------------------------  -----  ---------  --------  ----------  --------------  -------------------
/opt/airflow/dags/dag_dq_checkpoint.py                              1           0  0.34s           2026-06-03T14:36:54
/opt/airflow/dags/dag_drift_monitoring.py                           1           0  0.30s           2026-06-03T14:36:54
/opt/airflow/dags/dag_bronze_ingestion.py                           1           0  0.27s           2026-06-03T14:36:54
/opt/airflow/dags/dag_retrain_pipeline.py                           1           0  0.09s           2026-06-03T14:37:14
================================================================================
[2026-06-03T14:37:48.466+0000] {manager.py:878} INFO - 
================================================================================
DAG File Processing Stats

File Path                                  PID    Runtime      # DAGs    # Errors  Last Runtime    Last Run
-----------------------------------------  -----  ---------  --------  ----------  --------------  -------------------
/opt/airflow/dags/dag_drift_monitoring.py                           1           0  0.40s           2026-06-03T14:37:25
/opt/airflow/dags/dag_retrain_pipeline.py                           1           0  0.38s           2026-06-03T14:37:45
/opt/airflow/dags/dag_dq_checkpoint.py                              1           0  0.31s           2026-06-03T14:37:25
/opt/airflow/dags/dag_bronze_ingestion.py                           1           0  0.24s           2026-06-03T14:37:25
================================================================================
[2026-06-03T14:38:18.706+0000] {manager.py:878} INFO - 
================================================================================
DAG File Processing Stats

File Path                                  PID    Runtime      # DAGs    # Errors  Last Runtime    Last Run
-----------------------------------------  -----  ---------  --------  ----------  --------------  -------------------
/opt/airflow/dags/dag_drift_monitoring.py                           1           0  0.14s           2026-06-03T14:37:55
/opt/airflow/dags/dag_bronze_ingestion.py                           1           0  0.13s           2026-06-03T14:37:55
/opt/airflow/dags/dag_dq_checkpoint.py                              1           0  0.12s           2026-06-03T14:37:55
/opt/airflow/dags/dag_retrain_pipeline.py                           1           0  0.10s           2026-06-03T14:38:15
================================================================================
[2026-06-03T14:38:49.053+0000] {manager.py:878} INFO - 
================================================================================
DAG File Processing Stats

File Path                                  PID    Runtime      # DAGs    # Errors  Last Runtime    Last Run
-----------------------------------------  -----  ---------  --------  ----------  --------------  -------------------
/opt/airflow/dags/dag_dq_checkpoint.py                              1           0  0.28s           2026-06-03T14:38:26
/opt/airflow/dags/dag_bronze_ingestion.py                           1           0  0.25s           2026-06-03T14:38:26
/opt/airflow/dags/dag_drift_monitoring.py                           1           0  0.22s           2026-06-03T14:38:26
/opt/airflow/dags/dag_retrain_pipeline.py                           1           0  0.16s           2026-06-03T14:38:46
================================================================================
[2026-06-03T14:39:19.398+0000] {manager.py:878} INFO - 
================================================================================
DAG File Processing Stats

File Path                                  PID    Runtime      # DAGs    # Errors  Last Runtime    Last Run
-----------------------------------------  -----  ---------  --------  ----------  --------------  -------------------
/opt/airflow/dags/dag_retrain_pipeline.py                           1           0  0.26s           2026-06-03T14:39:16
/opt/airflow/dags/dag_bronze_ingestion.py                           1           0  0.11s           2026-06-03T14:38:56
/opt/airflow/dags/dag_drift_monitoring.py                           1           0  0.10s           2026-06-03T14:38:56
/opt/airflow/dags/dag_dq_checkpoint.py                              1           0  0.10s           2026-06-03T14:38:56
================================================================================
[2026-06-03T14:39:49.592+0000] {manager.py:878} INFO - 
================================================================================
DAG File Processing Stats

File Path                                  PID    Runtime      # DAGs    # Errors  Last Runtime    Last Run
-----------------------------------------  -----  ---------  --------  ----------  --------------  -------------------
/opt/airflow/dags/dag_drift_monitoring.py                           1           0  0.18s           2026-06-03T14:39:26
/opt/airflow/dags/dag_dq_checkpoint.py                              1           0  0.15s           2026-06-03T14:39:26
/opt/airflow/dags/dag_bronze_ingestion.py                           1           0  0.14s           2026-06-03T14:39:27
/opt/airflow/dags/dag_retrain_pipeline.py                           1           0  0.09s           2026-06-03T14:39:47
================================================================================
[2026-06-03T14:40:19.700+0000] {manager.py:878} INFO - 
================================================================================
DAG File Processing Stats

File Path                                  PID    Runtime      # DAGs    # Errors  Last Runtime    Last Run
-----------------------------------------  -----  ---------  --------  ----------  --------------  -------------------
/opt/airflow/dags/dag_dq_checkpoint.py                              1           0  0.22s           2026-06-03T14:39:58
/opt/airflow/dags/dag_drift_monitoring.py                           1           0  0.18s           2026-06-03T14:39:58
/opt/airflow/dags/dag_bronze_ingestion.py                           1           0  0.13s           2026-06-03T14:39:58
/opt/airflow/dags/dag_retrain_pipeline.py                           1           0  0.09s           2026-06-03T14:40:17
================================================================================
[2026-06-03T14:40:34.513+0000] {manager.py:737} INFO - Searching for files in /opt/airflow/dags
[2026-06-03T14:40:34.865+0000] {manager.py:740} INFO - There are 4 files in /opt/airflow/dags
[2026-06-03T14:40:50.481+0000] {manager.py:878} INFO - 
================================================================================
DAG File Processing Stats

File Path                                  PID    Runtime      # DAGs    # Errors  Last Runtime    Last Run
-----------------------------------------  -----  ---------  --------  ----------  --------------  -------------------
/opt/airflow/dags/dag_dq_checkpoint.py                              1           0  0.15s           2026-06-03T14:40:29
/opt/airflow/dags/dag_bronze_ingestion.py                           1           0  0.12s           2026-06-03T14:40:29
/opt/airflow/dags/dag_drift_monitoring.py                           1           0  0.10s           2026-06-03T14:40:29
/opt/airflow/dags/dag_retrain_pipeline.py                           1           0  0.10s           2026-06-03T14:40:48
================================================================================
[2026-06-03T14:41:20.615+0000] {manager.py:878} INFO - 
================================================================================
DAG File Processing Stats

File Path                                  PID    Runtime      # DAGs    # Errors  Last Runtime    Last Run
-----------------------------------------  -----  ---------  --------  ----------  --------------  -------------------
/opt/airflow/dags/dag_bronze_ingestion.py                           1           0  0.24s           2026-06-03T14:41:00
/opt/airflow/dags/dag_drift_monitoring.py                           1           0  0.22s           2026-06-03T14:40:59
/opt/airflow/dags/dag_dq_checkpoint.py                              1           0  0.21s           2026-06-03T14:41:00
/opt/airflow/dags/dag_retrain_pipeline.py                           1           0  0.17s           2026-06-03T14:41:18
================================================================================
[2026-06-03T14:41:50.957+0000] {manager.py:878} INFO - 
================================================================================
DAG File Processing Stats

File Path                                  PID    Runtime      # DAGs    # Errors  Last Runtime    Last Run
-----------------------------------------  -----  ---------  --------  ----------  --------------  -------------------
/opt/airflow/dags/dag_bronze_ingestion.py                           1           0  0.28s           2026-06-03T14:41:30
/opt/airflow/dags/dag_dq_checkpoint.py                              1           0  0.27s           2026-06-03T14:41:30
/opt/airflow/dags/dag_drift_monitoring.py                           1           0  0.23s           2026-06-03T14:41:30
/opt/airflow/dags/dag_retrain_pipeline.py                           1           0  0.16s           2026-06-03T14:41:49
================================================================================
[2026-06-03T14:42:21.321+0000] {manager.py:878} INFO - 
================================================================================
DAG File Processing Stats

File Path                                  PID    Runtime      # DAGs    # Errors  Last Runtime    Last Run
-----------------------------------------  -----  ---------  --------  ----------  --------------  -------------------
/opt/airflow/dags/dag_retrain_pipeline.py                           1           0  0.22s           2026-06-03T14:42:19
/opt/airflow/dags/dag_bronze_ingestion.py                           1           0  0.21s           2026-06-03T14:42:01
/opt/airflow/dags/dag_dq_checkpoint.py                              1           0  0.18s           2026-06-03T14:42:01
/opt/airflow/dags/dag_drift_monitoring.py                           1           0  0.18s           2026-06-03T14:42:01
================================================================================
[2026-06-03T14:42:51.792+0000] {manager.py:878} INFO - 
================================================================================
DAG File Processing Stats

File Path                                  PID    Runtime      # DAGs    # Errors  Last Runtime    Last Run
-----------------------------------------  -----  ---------  --------  ----------  --------------  -------------------
/opt/airflow/dags/dag_retrain_pipeline.py                           1           0  0.34s           2026-06-03T14:42:50
/opt/airflow/dags/dag_drift_monitoring.py                           1           0  0.26s           2026-06-03T14:42:31
/opt/airflow/dags/dag_dq_checkpoint.py                              1           0  0.20s           2026-06-03T14:42:31
/opt/airflow/dags/dag_bronze_ingestion.py                           1           0  0.19s           2026-06-03T14:42:33
================================================================================
[2026-06-03T14:43:21.803+0000] {manager.py:878} INFO - 
================================================================================
DAG File Processing Stats

File Path                                  PID    Runtime      # DAGs    # Errors  Last Runtime    Last Run
-----------------------------------------  -----  ---------  --------  ----------  --------------  -------------------
/opt/airflow/dags/dag_bronze_ingestion.py                           1           0  0.14s           2026-06-03T14:43:03
/opt/airflow/dags/dag_dq_checkpoint.py                              1           0  0.12s           2026-06-03T14:43:02
/opt/airflow/dags/dag_drift_monitoring.py                           1           0  0.10s           2026-06-03T14:43:02
/opt/airflow/dags/dag_retrain_pipeline.py                           1           0  0.09s           2026-06-03T14:43:20
================================================================================
[2026-06-03T14:43:52.058+0000] {manager.py:878} INFO - 
================================================================================
DAG File Processing Stats

File Path                                  PID    Runtime      # DAGs    # Errors  Last Runtime    Last Run
-----------------------------------------  -----  ---------  --------  ----------  --------------  -------------------
/opt/airflow/dags/dag_dq_checkpoint.py                              1           0  0.20s           2026-06-03T14:43:32
/opt/airflow/dags/dag_retrain_pipeline.py                           1           0  0.14s           2026-06-03T14:43:51
/opt/airflow/dags/dag_drift_monitoring.py                           1           0  0.14s           2026-06-03T14:43:32
/opt/airflow/dags/dag_bronze_ingestion.py                           1           0  0.10s           2026-06-03T14:43:33
================================================================================
[2026-06-03T14:44:22.279+0000] {manager.py:878} INFO - 
================================================================================
DAG File Processing Stats

File Path                                  PID    Runtime      # DAGs    # Errors  Last Runtime    Last Run
-----------------------------------------  -----  ---------  --------  ----------  --------------  -------------------
/opt/airflow/dags/dag_drift_monitoring.py                           1           0  0.13s           2026-06-03T14:44:02
/opt/airflow/dags/dag_dq_checkpoint.py                              1           0  0.12s           2026-06-03T14:44:02
/opt/airflow/dags/dag_retrain_pipeline.py                           1           0  0.11s           2026-06-03T14:44:21
/opt/airflow/dags/dag_bronze_ingestion.py                           1           0  0.11s           2026-06-03T14:44:03
================================================================================
[2026-06-03T14:44:52.367+0000] {manager.py:878} INFO - 
================================================================================
DAG File Processing Stats

File Path                                  PID    Runtime      # DAGs    # Errors  Last Runtime    Last Run
-----------------------------------------  -----  ---------  --------  ----------  --------------  -------------------
/opt/airflow/dags/dag_drift_monitoring.py                           1           0  0.11s           2026-06-03T14:44:32
/opt/airflow/dags/dag_dq_checkpoint.py                              1           0  0.10s           2026-06-03T14:44:32
/opt/airflow/dags/dag_bronze_ingestion.py                           1           0  0.09s           2026-06-03T14:44:33
/opt/airflow/dags/dag_retrain_pipeline.py                           1           0  0.09s           2026-06-03T14:44:52
================================================================================
[2026-06-03T14:45:22.547+0000] {manager.py:878} INFO - 
================================================================================
DAG File Processing Stats

File Path                                    PID  Runtime      # DAGs    # Errors  Last Runtime    Last Run
-----------------------------------------  -----  ---------  --------  ----------  --------------  -------------------
/opt/airflow/dags/dag_dq_checkpoint.py                              1           0  0.27s           2026-06-03T14:45:04
/opt/airflow/dags/dag_drift_monitoring.py                           1           0  0.22s           2026-06-03T14:45:04
/opt/airflow/dags/dag_bronze_ingestion.py                           1           0  0.11s           2026-06-03T14:45:04
/opt/airflow/dags/dag_retrain_pipeline.py   1312  0.00s             1           0  0.09s           2026-06-03T14:44:52
================================================================================
[2026-06-03T14:45:34.946+0000] {manager.py:737} INFO - Searching for files in /opt/airflow/dags
[2026-06-03T14:45:35.037+0000] {manager.py:740} INFO - There are 4 files in /opt/airflow/dags
[2026-06-03T14:45:52.704+0000] {manager.py:878} INFO - 
================================================================================
DAG File Processing Stats

File Path                                    PID  Runtime      # DAGs    # Errors  Last Runtime    Last Run
-----------------------------------------  -----  ---------  --------  ----------  --------------  -------------------
/opt/airflow/dags/dag_dq_checkpoint.py                              1           0  0.13s           2026-06-03T14:45:35
/opt/airflow/dags/dag_retrain_pipeline.py   1332  0.00s             1           0  0.10s           2026-06-03T14:45:22
/opt/airflow/dags/dag_drift_monitoring.py                           1           0  0.10s           2026-06-03T14:45:35
/opt/airflow/dags/dag_bronze_ingestion.py                           1           0  0.10s           2026-06-03T14:45:35
================================================================================
[2026-06-03T14:46:22.799+0000] {manager.py:878} INFO - 
================================================================================
DAG File Processing Stats

File Path                                  PID    Runtime      # DAGs    # Errors  Last Runtime    Last Run
-----------------------------------------  -----  ---------  --------  ----------  --------------  -------------------
/opt/airflow/dags/dag_bronze_ingestion.py                           1           0  0.17s           2026-06-03T14:46:06
/opt/airflow/dags/dag_drift_monitoring.py                           1           0  0.17s           2026-06-03T14:46:06
/opt/airflow/dags/dag_dq_checkpoint.py                              1           0  0.13s           2026-06-03T14:46:06
/opt/airflow/dags/dag_retrain_pipeline.py                           1           0  0.11s           2026-06-03T14:45:52
================================================================================
[2026-06-03T14:46:52.953+0000] {manager.py:878} INFO - 
================================================================================
DAG File Processing Stats

File Path                                  PID    Runtime      # DAGs    # Errors  Last Runtime    Last Run
-----------------------------------------  -----  ---------  --------  ----------  --------------  -------------------
/opt/airflow/dags/dag_drift_monitoring.py                           1           0  0.22s           2026-06-03T14:46:36
/opt/airflow/dags/dag_bronze_ingestion.py                           1           0  0.20s           2026-06-03T14:46:36
/opt/airflow/dags/dag_dq_checkpoint.py                              1           0  0.14s           2026-06-03T14:46:36
/opt/airflow/dags/dag_retrain_pipeline.py                           1           0  0.09s           2026-06-03T14:46:22
================================================================================
[2026-06-03T14:47:23.539+0000] {manager.py:878} INFO - 
================================================================================
DAG File Processing Stats

File Path                                    PID  Runtime      # DAGs    # Errors  Last Runtime    Last Run
-----------------------------------------  -----  ---------  --------  ----------  --------------  -------------------
/opt/airflow/dags/dag_bronze_ingestion.py                           1           0  0.20s           2026-06-03T14:47:07
/opt/airflow/dags/dag_drift_monitoring.py                           1           0  0.11s           2026-06-03T14:47:06
/opt/airflow/dags/dag_dq_checkpoint.py                              1           0  0.10s           2026-06-03T14:47:06
/opt/airflow/dags/dag_retrain_pipeline.py   1392  0.00s             1           0  0.10s           2026-06-03T14:46:53
================================================================================
[2026-06-03T14:47:53.755+0000] {manager.py:878} INFO - 
================================================================================
DAG File Processing Stats

File Path                                    PID  Runtime      # DAGs    # Errors  Last Runtime    Last Run
-----------------------------------------  -----  ---------  --------  ----------  --------------  -------------------
/opt/airflow/dags/dag_drift_monitoring.py                           1           0  0.21s           2026-06-03T14:47:37
/opt/airflow/dags/dag_dq_checkpoint.py                              1           0  0.15s           2026-06-03T14:47:37
/opt/airflow/dags/dag_bronze_ingestion.py                           1           0  0.14s           2026-06-03T14:47:37
/opt/airflow/dags/dag_retrain_pipeline.py   1412  0.00s             1           0  0.12s           2026-06-03T14:47:23
================================================================================
[2026-06-03T14:48:23.995+0000] {manager.py:878} INFO - 
================================================================================
DAG File Processing Stats

File Path                                    PID  Runtime      # DAGs    # Errors  Last Runtime    Last Run
-----------------------------------------  -----  ---------  --------  ----------  --------------  -------------------
/opt/airflow/dags/dag_bronze_ingestion.py                           1           0  0.17s           2026-06-03T14:48:08
/opt/airflow/dags/dag_retrain_pipeline.py   1432  0.00s             1           0  0.11s           2026-06-03T14:47:53
/opt/airflow/dags/dag_drift_monitoring.py                           1           0  0.10s           2026-06-03T14:48:07
/opt/airflow/dags/dag_dq_checkpoint.py                              1           0  0.10s           2026-06-03T14:48:07
================================================================================
[2026-06-03T14:48:54.418+0000] {manager.py:878} INFO - 
================================================================================
DAG File Processing Stats

File Path                                    PID  Runtime      # DAGs    # Errors  Last Runtime    Last Run
-----------------------------------------  -----  ---------  --------  ----------  --------------  -------------------
/opt/airflow/dags/dag_dq_checkpoint.py                              1           0  0.18s           2026-06-03T14:48:37
/opt/airflow/dags/dag_drift_monitoring.py                           1           0  0.16s           2026-06-03T14:48:37
/opt/airflow/dags/dag_bronze_ingestion.py                           1           0  0.14s           2026-06-03T14:48:38
/opt/airflow/dags/dag_retrain_pipeline.py   1452  0.00s             1           0  0.11s           2026-06-03T14:48:24
================================================================================
[2026-06-03T14:49:24.543+0000] {manager.py:878} INFO - 
================================================================================
DAG File Processing Stats

File Path                                  PID    Runtime      # DAGs    # Errors  Last Runtime    Last Run
-----------------------------------------  -----  ---------  --------  ----------  --------------  -------------------
/opt/airflow/dags/dag_bronze_ingestion.py                           1           0  0.16s           2026-06-03T14:49:09
/opt/airflow/dags/dag_dq_checkpoint.py                              1           0  0.13s           2026-06-03T14:49:08
/opt/airflow/dags/dag_drift_monitoring.py                           1           0  0.11s           2026-06-03T14:49:08
/opt/airflow/dags/dag_retrain_pipeline.py                           1           0  0.11s           2026-06-03T14:48:54
================================================================================
[2026-06-03T14:49:54.700+0000] {manager.py:878} INFO - 
================================================================================
DAG File Processing Stats

File Path                                  PID    Runtime      # DAGs    # Errors  Last Runtime    Last Run
-----------------------------------------  -----  ---------  --------  ----------  --------------  -------------------
/opt/airflow/dags/dag_bronze_ingestion.py                           1           0  0.13s           2026-06-03T14:49:39
/opt/airflow/dags/dag_dq_checkpoint.py                              1           0  0.11s           2026-06-03T14:49:38
/opt/airflow/dags/dag_retrain_pipeline.py                           1           0  0.11s           2026-06-03T14:49:24
/opt/airflow/dags/dag_drift_monitoring.py                           1           0  0.10s           2026-06-03T14:49:38
================================================================================
[2026-06-03T14:50:24.850+0000] {manager.py:878} INFO - 
================================================================================
DAG File Processing Stats

File Path                                  PID    Runtime      # DAGs    # Errors  Last Runtime    Last Run
-----------------------------------------  -----  ---------  --------  ----------  --------------  -------------------
/opt/airflow/dags/dag_retrain_pipeline.py                           1           0  0.14s           2026-06-03T14:49:55
/opt/airflow/dags/dag_dq_checkpoint.py                              1           0  0.14s           2026-06-03T14:50:09
/opt/airflow/dags/dag_bronze_ingestion.py                           1           0  0.12s           2026-06-03T14:50:09
/opt/airflow/dags/dag_drift_monitoring.py                           1           0  0.10s           2026-06-03T14:50:09
================================================================================
[2026-06-03T14:50:35.139+0000] {manager.py:737} INFO - Searching for files in /opt/airflow/dags
[2026-06-03T14:50:35.187+0000] {manager.py:740} INFO - There are 4 files in /opt/airflow/dags
[2026-06-03T14:50:55.496+0000] {manager.py:878} INFO - 
================================================================================
DAG File Processing Stats

File Path                                  PID    Runtime      # DAGs    # Errors  Last Runtime    Last Run
-----------------------------------------  -----  ---------  --------  ----------  --------------  -------------------
/opt/airflow/dags/dag_drift_monitoring.py                           1           0  0.39s           2026-06-03T14:50:39
/opt/airflow/dags/dag_dq_checkpoint.py                              1           0  0.39s           2026-06-03T14:50:39
/opt/airflow/dags/dag_bronze_ingestion.py                           1           0  0.23s           2026-06-03T14:50:40
/opt/airflow/dags/dag_retrain_pipeline.py                           1           0  0.09s           2026-06-03T14:50:26
================================================================================
[2026-06-03T14:51:25.665+0000] {manager.py:878} INFO - 
================================================================================
DAG File Processing Stats

File Path                                  PID    Runtime      # DAGs    # Errors  Last Runtime    Last Run
-----------------------------------------  -----  ---------  --------  ----------  --------------  -------------------
/opt/airflow/dags/dag_retrain_pipeline.py                           1           0  0.14s           2026-06-03T14:50:56
/opt/airflow/dags/dag_dq_checkpoint.py                              1           0  0.13s           2026-06-03T14:51:10
/opt/airflow/dags/dag_bronze_ingestion.py                           1           0  0.12s           2026-06-03T14:51:11
/opt/airflow/dags/dag_drift_monitoring.py                           1           0  0.10s           2026-06-03T14:51:10
================================================================================
[2026-06-03T14:51:55.961+0000] {manager.py:878} INFO - 
================================================================================
DAG File Processing Stats

File Path                                  PID    Runtime      # DAGs    # Errors  Last Runtime    Last Run
-----------------------------------------  -----  ---------  --------  ----------  --------------  -------------------
/opt/airflow/dags/dag_drift_monitoring.py                           1           0  0.19s           2026-06-03T14:51:40
/opt/airflow/dags/dag_bronze_ingestion.py                           1           0  0.18s           2026-06-03T14:51:41
/opt/airflow/dags/dag_dq_checkpoint.py                              1           0  0.13s           2026-06-03T14:51:40
/opt/airflow/dags/dag_retrain_pipeline.py                           1           0  0.09s           2026-06-03T14:51:26
================================================================================
[2026-06-03T14:52:26.186+0000] {manager.py:878} INFO - 
================================================================================
DAG File Processing Stats

File Path                                  PID    Runtime      # DAGs    # Errors  Last Runtime    Last Run
-----------------------------------------  -----  ---------  --------  ----------  --------------  -------------------
/opt/airflow/dags/dag_dq_checkpoint.py                              1           0  0.17s           2026-06-03T14:52:10
/opt/airflow/dags/dag_bronze_ingestion.py                           1           0  0.15s           2026-06-03T14:52:11
/opt/airflow/dags/dag_drift_monitoring.py                           1           0  0.13s           2026-06-03T14:52:10
/opt/airflow/dags/dag_retrain_pipeline.py                           1           0  0.09s           2026-06-03T14:51:57
================================================================================
[2026-06-03T14:52:56.648+0000] {manager.py:878} INFO - 
================================================================================
DAG File Processing Stats

File Path                                  PID    Runtime      # DAGs    # Errors  Last Runtime    Last Run
-----------------------------------------  -----  ---------  --------  ----------  --------------  -------------------
/opt/airflow/dags/dag_drift_monitoring.py                           1           0  0.32s           2026-06-03T14:52:41
/opt/airflow/dags/dag_dq_checkpoint.py                              1           0  0.18s           2026-06-03T14:52:41
/opt/airflow/dags/dag_retrain_pipeline.py                           1           0  0.10s           2026-06-03T14:52:27
/opt/airflow/dags/dag_bronze_ingestion.py                           1           0  0.09s           2026-06-03T14:52:42
================================================================================
[2026-06-03T14:53:27.176+0000] {manager.py:878} INFO - 
================================================================================
DAG File Processing Stats

File Path                                  PID    Runtime      # DAGs    # Errors  Last Runtime    Last Run
-----------------------------------------  -----  ---------  --------  ----------  --------------  -------------------
/opt/airflow/dags/dag_dq_checkpoint.py                              1           0  0.34s           2026-06-03T14:53:11
/opt/airflow/dags/dag_drift_monitoring.py                           1           0  0.23s           2026-06-03T14:53:11
/opt/airflow/dags/dag_retrain_pipeline.py                           1           0  0.14s           2026-06-03T14:52:57
/opt/airflow/dags/dag_bronze_ingestion.py                           1           0  0.09s           2026-06-03T14:53:12
================================================================================
[2026-06-03T14:53:57.346+0000] {manager.py:878} INFO - 
================================================================================
DAG File Processing Stats

File Path                                  PID    Runtime      # DAGs    # Errors  Last Runtime    Last Run
-----------------------------------------  -----  ---------  --------  ----------  --------------  -------------------
/opt/airflow/dags/dag_drift_monitoring.py                           1           0  0.24s           2026-06-03T14:53:41
/opt/airflow/dags/dag_bronze_ingestion.py                           1           0  0.09s           2026-06-03T14:53:42
/opt/airflow/dags/dag_dq_checkpoint.py                              1           0  0.09s           2026-06-03T14:53:41
/opt/airflow/dags/dag_retrain_pipeline.py                           1           0  0.09s           2026-06-03T14:53:28
================================================================================
[2026-06-03T14:54:27.545+0000] {manager.py:878} INFO - 
================================================================================
DAG File Processing Stats

File Path                                  PID    Runtime      # DAGs    # Errors  Last Runtime    Last Run
-----------------------------------------  -----  ---------  --------  ----------  --------------  -------------------
/opt/airflow/dags/dag_dq_checkpoint.py                              1           0  0.16s           2026-06-03T14:54:12
/opt/airflow/dags/dag_drift_monitoring.py                           1           0  0.13s           2026-06-03T14:54:12
/opt/airflow/dags/dag_retrain_pipeline.py                           1           0  0.10s           2026-06-03T14:53:58
/opt/airflow/dags/dag_bronze_ingestion.py                           1           0  0.10s           2026-06-03T14:54:13
================================================================================
[2026-06-03T14:54:57.868+0000] {manager.py:878} INFO - 
================================================================================
DAG File Processing Stats

File Path                                  PID    Runtime      # DAGs    # Errors  Last Runtime    Last Run
-----------------------------------------  -----  ---------  --------  ----------  --------------  -------------------
/opt/airflow/dags/dag_retrain_pipeline.py                           1           0  0.17s           2026-06-03T14:54:28
/opt/airflow/dags/dag_bronze_ingestion.py                           1           0  0.14s           2026-06-03T14:54:43
/opt/airflow/dags/dag_dq_checkpoint.py                              1           0  0.13s           2026-06-03T14:54:42
/opt/airflow/dags/dag_drift_monitoring.py                           1           0  0.11s           2026-06-03T14:54:42
================================================================================
[2026-06-03T14:55:27.975+0000] {manager.py:878} INFO - 
================================================================================
DAG File Processing Stats

File Path                                  PID    Runtime      # DAGs    # Errors  Last Runtime    Last Run
-----------------------------------------  -----  ---------  --------  ----------  --------------  -------------------
/opt/airflow/dags/dag_drift_monitoring.py                           1           0  0.13s           2026-06-03T14:55:13
/opt/airflow/dags/dag_bronze_ingestion.py                           1           0  0.12s           2026-06-03T14:55:14
/opt/airflow/dags/dag_dq_checkpoint.py                              1           0  0.10s           2026-06-03T14:55:13
/opt/airflow/dags/dag_retrain_pipeline.py                           1           0  0.09s           2026-06-03T14:54:58
================================================================================
[2026-06-03T14:55:35.304+0000] {manager.py:737} INFO - Searching for files in /opt/airflow/dags
[2026-06-03T14:55:35.392+0000] {manager.py:740} INFO - There are 4 files in /opt/airflow/dags
[2026-06-03T14:55:58.446+0000] {manager.py:878} INFO - 
================================================================================
DAG File Processing Stats

File Path                                  PID    Runtime      # DAGs    # Errors  Last Runtime    Last Run
-----------------------------------------  -----  ---------  --------  ----------  --------------  -------------------
/opt/airflow/dags/dag_drift_monitoring.py                           1           0  0.47s           2026-06-03T14:55:44
/opt/airflow/dags/dag_dq_checkpoint.py                              1           0  0.30s           2026-06-03T14:55:44
/opt/airflow/dags/dag_bronze_ingestion.py                           1           0  0.11s           2026-06-03T14:55:45
/opt/airflow/dags/dag_retrain_pipeline.py                           1           0  0.10s           2026-06-03T14:55:29
================================================================================
[2026-06-03T14:56:28.777+0000] {manager.py:878} INFO - 
================================================================================
DAG File Processing Stats

File Path                                  PID    Runtime      # DAGs    # Errors  Last Runtime    Last Run
-----------------------------------------  -----  ---------  --------  ----------  --------------  -------------------
/opt/airflow/dags/dag_retrain_pipeline.py                           1           0  0.12s           2026-06-03T14:55:59
/opt/airflow/dags/dag_bronze_ingestion.py                           1           0  0.11s           2026-06-03T14:56:15
/opt/airflow/dags/dag_drift_monitoring.py                           1           0  0.10s           2026-06-03T14:56:15
/opt/airflow/dags/dag_dq_checkpoint.py                              1           0  0.09s           2026-06-03T14:56:15
================================================================================
[2026-06-03T14:56:58.982+0000] {manager.py:878} INFO - 
================================================================================
DAG File Processing Stats

File Path                                  PID    Runtime      # DAGs    # Errors  Last Runtime    Last Run
-----------------------------------------  -----  ---------  --------  ----------  --------------  -------------------
/opt/airflow/dags/dag_retrain_pipeline.py                           1           0  0.17s           2026-06-03T14:56:29
/opt/airflow/dags/dag_dq_checkpoint.py                              1           0  0.13s           2026-06-03T14:56:45
/opt/airflow/dags/dag_drift_monitoring.py                           1           0  0.10s           2026-06-03T14:56:45
/opt/airflow/dags/dag_bronze_ingestion.py                           1           0  0.10s           2026-06-03T14:56:45
================================================================================
[2026-06-03T14:57:29.303+0000] {manager.py:878} INFO - 
================================================================================
DAG File Processing Stats

File Path                                  PID    Runtime      # DAGs    # Errors  Last Runtime    Last Run
-----------------------------------------  -----  ---------  --------  ----------  --------------  -------------------
/opt/airflow/dags/dag_retrain_pipeline.py                           1           0  0.16s           2026-06-03T14:57:00
/opt/airflow/dags/dag_dq_checkpoint.py                              1           0  0.15s           2026-06-03T14:57:16
/opt/airflow/dags/dag_drift_monitoring.py                           1           0  0.13s           2026-06-03T14:57:16
/opt/airflow/dags/dag_bronze_ingestion.py                           1           0  0.13s           2026-06-03T14:57:16
================================================================================
[2026-06-03T14:57:59.557+0000] {manager.py:878} INFO - 
================================================================================
DAG File Processing Stats

File Path                                  PID    Runtime      # DAGs    # Errors  Last Runtime    Last Run
-----------------------------------------  -----  ---------  --------  ----------  --------------  -------------------
/opt/airflow/dags/dag_dq_checkpoint.py                              1           0  0.25s           2026-06-03T14:57:47
/opt/airflow/dags/dag_drift_monitoring.py                           1           0  0.21s           2026-06-03T14:57:47
/opt/airflow/dags/dag_retrain_pipeline.py                           1           0  0.15s           2026-06-03T14:57:30
/opt/airflow/dags/dag_bronze_ingestion.py                           1           0  0.13s           2026-06-03T14:57:47
================================================================================
[2026-06-03T14:58:29.859+0000] {manager.py:878} INFO - 
================================================================================
DAG File Processing Stats

File Path                                  PID    Runtime      # DAGs    # Errors  Last Runtime    Last Run
-----------------------------------------  -----  ---------  --------  ----------  --------------  -------------------
/opt/airflow/dags/dag_dq_checkpoint.py                              1           0  0.14s           2026-06-03T14:58:17
/opt/airflow/dags/dag_bronze_ingestion.py                           1           0  0.12s           2026-06-03T14:58:17
/opt/airflow/dags/dag_drift_monitoring.py                           1           0  0.11s           2026-06-03T14:58:17
/opt/airflow/dags/dag_retrain_pipeline.py                           1           0  0.09s           2026-06-03T14:58:00
================================================================================
[2026-06-03T14:59:00.158+0000] {manager.py:878} INFO - 
================================================================================
DAG File Processing Stats

File Path                                  PID    Runtime      # DAGs    # Errors  Last Runtime    Last Run
-----------------------------------------  -----  ---------  --------  ----------  --------------  -------------------
/opt/airflow/dags/dag_dq_checkpoint.py                              1           0  0.18s           2026-06-03T14:58:47
/opt/airflow/dags/dag_drift_monitoring.py                           1           0  0.15s           2026-06-03T14:58:47
/opt/airflow/dags/dag_bronze_ingestion.py                           1           0  0.09s           2026-06-03T14:58:47
/opt/airflow/dags/dag_retrain_pipeline.py                           1           0  0.09s           2026-06-03T14:58:30
================================================================================
[2026-06-03T14:59:30.282+0000] {manager.py:878} INFO - 
================================================================================
DAG File Processing Stats

File Path                                  PID    Runtime      # DAGs    # Errors  Last Runtime    Last Run
-----------------------------------------  -----  ---------  --------  ----------  --------------  -------------------
/opt/airflow/dags/dag_dq_checkpoint.py                              1           0  0.14s           2026-06-03T14:59:17
/opt/airflow/dags/dag_bronze_ingestion.py                           1           0  0.13s           2026-06-03T14:59:18
/opt/airflow/dags/dag_drift_monitoring.py                           1           0  0.13s           2026-06-03T14:59:17
/opt/airflow/dags/dag_retrain_pipeline.py                           1           0  0.09s           2026-06-03T14:59:01
================================================================================
[2026-06-03T15:00:00.713+0000] {manager.py:878} INFO - 
================================================================================
DAG File Processing Stats

File Path                                  PID    Runtime      # DAGs    # Errors  Last Runtime    Last Run
-----------------------------------------  -----  ---------  --------  ----------  --------------  -------------------
/opt/airflow/dags/dag_dq_checkpoint.py                              1           0  0.18s           2026-06-03T14:59:48
/opt/airflow/dags/dag_drift_monitoring.py                           1           0  0.16s           2026-06-03T14:59:48
/opt/airflow/dags/dag_bronze_ingestion.py                           1           0  0.13s           2026-06-03T14:59:48
/opt/airflow/dags/dag_retrain_pipeline.py                           1           0  0.10s           2026-06-03T14:59:31
================================================================================
[2026-06-03T15:00:31.014+0000] {manager.py:878} INFO - 
================================================================================
DAG File Processing Stats

File Path                                  PID    Runtime      # DAGs    # Errors  Last Runtime    Last Run
-----------------------------------------  -----  ---------  --------  ----------  --------------  -------------------
/opt/airflow/dags/dag_dq_checkpoint.py                              1           0  0.13s           2026-06-03T15:00:18
/opt/airflow/dags/dag_retrain_pipeline.py                           1           0  0.12s           2026-06-03T15:00:01
/opt/airflow/dags/dag_drift_monitoring.py                           1           0  0.11s           2026-06-03T15:00:18
/opt/airflow/dags/dag_bronze_ingestion.py                           1           0  0.11s           2026-06-03T15:00:18
================================================================================
[2026-06-03T15:00:36.140+0000] {manager.py:737} INFO - Searching for files in /opt/airflow/dags
[2026-06-03T15:00:36.416+0000] {manager.py:740} INFO - There are 4 files in /opt/airflow/dags
[2026-06-03T15:01:01.472+0000] {manager.py:878} INFO - 
================================================================================
DAG File Processing Stats

File Path                                  PID    Runtime      # DAGs    # Errors  Last Runtime    Last Run
-----------------------------------------  -----  ---------  --------  ----------  --------------  -------------------
/opt/airflow/dags/dag_drift_monitoring.py                           1           0  0.19s           2026-06-03T15:00:49
/opt/airflow/dags/dag_dq_checkpoint.py                              1           0  0.18s           2026-06-03T15:00:49
/opt/airflow/dags/dag_bronze_ingestion.py                           1           0  0.10s           2026-06-03T15:00:49
/opt/airflow/dags/dag_retrain_pipeline.py                           1           0  0.09s           2026-06-03T15:00:32
================================================================================
[2026-06-03T15:01:32.335+0000] {manager.py:878} INFO - 
================================================================================
DAG File Processing Stats

File Path                                  PID    Runtime      # DAGs    # Errors  Last Runtime    Last Run
-----------------------------------------  -----  ---------  --------  ----------  --------------  -------------------
/opt/airflow/dags/dag_drift_monitoring.py                           1           0  0.11s           2026-06-03T15:01:20
/opt/airflow/dags/dag_dq_checkpoint.py                              1           0  0.11s           2026-06-03T15:01:20
/opt/airflow/dags/dag_retrain_pipeline.py                           1           0  0.10s           2026-06-03T15:01:02
/opt/airflow/dags/dag_bronze_ingestion.py                           1           0  0.10s           2026-06-03T15:01:20
================================================================================
[2026-06-03T15:02:02.520+0000] {manager.py:878} INFO - 
================================================================================
DAG File Processing Stats

File Path                                  PID    Runtime      # DAGs    # Errors  Last Runtime    Last Run
-----------------------------------------  -----  ---------  --------  ----------  --------------  -------------------
/opt/airflow/dags/dag_drift_monitoring.py                           1           0  0.14s           2026-06-03T15:01:51
/opt/airflow/dags/dag_retrain_pipeline.py                           1           0  0.14s           2026-06-03T15:01:33
/opt/airflow/dags/dag_dq_checkpoint.py                              1           0  0.12s           2026-06-03T15:01:51
/opt/airflow/dags/dag_bronze_ingestion.py                           1           0  0.11s           2026-06-03T15:01:51
================================================================================
[2026-06-03T15:02:32.581+0000] {manager.py:878} INFO - 
================================================================================
DAG File Processing Stats

File Path                                  PID    Runtime      # DAGs    # Errors  Last Runtime    Last Run
-----------------------------------------  -----  ---------  --------  ----------  --------------  -------------------
/opt/airflow/dags/dag_dq_checkpoint.py                              1           0  0.13s           2026-06-03T15:02:22
/opt/airflow/dags/dag_drift_monitoring.py                           1           0  0.12s           2026-06-03T15:02:22
/opt/airflow/dags/dag_bronze_ingestion.py                           1           0  0.10s           2026-06-03T15:02:22
/opt/airflow/dags/dag_retrain_pipeline.py                           1           0  0.09s           2026-06-03T15:02:03
================================================================================
[2026-06-03T15:03:02.749+0000] {manager.py:878} INFO - 
================================================================================
DAG File Processing Stats

File Path                                  PID    Runtime      # DAGs    # Errors  Last Runtime    Last Run
-----------------------------------------  -----  ---------  --------  ----------  --------------  -------------------
/opt/airflow/dags/dag_bronze_ingestion.py                           1           0  0.12s           2026-06-03T15:02:52
/opt/airflow/dags/dag_dq_checkpoint.py                              1           0  0.12s           2026-06-03T15:02:52
/opt/airflow/dags/dag_drift_monitoring.py                           1           0  0.10s           2026-06-03T15:02:52
/opt/airflow/dags/dag_retrain_pipeline.py                           1           0  0.10s           2026-06-03T15:02:33
================================================================================
[2026-06-03T15:03:33.178+0000] {manager.py:878} INFO - 
================================================================================
DAG File Processing Stats

File Path                                  PID    Runtime      # DAGs    # Errors  Last Runtime    Last Run
-----------------------------------------  -----  ---------  --------  ----------  --------------  -------------------
/opt/airflow/dags/dag_drift_monitoring.py                           1           0  0.13s           2026-06-03T15:03:22
/opt/airflow/dags/dag_bronze_ingestion.py                           1           0  0.12s           2026-06-03T15:03:22
/opt/airflow/dags/dag_retrain_pipeline.py                           1           0  0.10s           2026-06-03T15:03:04
/opt/airflow/dags/dag_dq_checkpoint.py                              1           0  0.09s           2026-06-03T15:03:22
================================================================================
[2026-06-03T15:04:03.363+0000] {manager.py:878} INFO - 
================================================================================
DAG File Processing Stats

File Path                                  PID    Runtime      # DAGs    # Errors  Last Runtime    Last Run
-----------------------------------------  -----  ---------  --------  ----------  --------------  -------------------
/opt/airflow/dags/dag_dq_checkpoint.py                              1           0  0.15s           2026-06-03T15:03:53
/opt/airflow/dags/dag_bronze_ingestion.py                           1           0  0.11s           2026-06-03T15:03:53
/opt/airflow/dags/dag_drift_monitoring.py                           1           0  0.10s           2026-06-03T15:03:53
/opt/airflow/dags/dag_retrain_pipeline.py                           1           0  0.10s           2026-06-03T15:03:34
================================================================================
[2026-06-03T15:04:33.619+0000] {manager.py:878} INFO - 
================================================================================
DAG File Processing Stats

File Path                                  PID    Runtime      # DAGs    # Errors  Last Runtime    Last Run
-----------------------------------------  -----  ---------  --------  ----------  --------------  -------------------
/opt/airflow/dags/dag_dq_checkpoint.py                              1           0  0.17s           2026-06-03T15:04:24
/opt/airflow/dags/dag_drift_monitoring.py                           1           0  0.15s           2026-06-03T15:04:24
/opt/airflow/dags/dag_bronze_ingestion.py                           1           0  0.13s           2026-06-03T15:04:24
/opt/airflow/dags/dag_retrain_pipeline.py                           1           0  0.11s           2026-06-03T15:04:04
================================================================================
[2026-06-03T15:05:04.222+0000] {manager.py:878} INFO - 
================================================================================
DAG File Processing Stats

File Path                                  PID    Runtime      # DAGs    # Errors  Last Runtime    Last Run
-----------------------------------------  -----  ---------  --------  ----------  --------------  -------------------
/opt/airflow/dags/dag_dq_checkpoint.py                              1           0  0.17s           2026-06-03T15:04:54
/opt/airflow/dags/dag_drift_monitoring.py                           1           0  0.17s           2026-06-03T15:04:54
/opt/airflow/dags/dag_retrain_pipeline.py                           1           0  0.16s           2026-06-03T15:04:34
/opt/airflow/dags/dag_bronze_ingestion.py                           1           0  0.14s           2026-06-03T15:04:54
================================================================================
[2026-06-03T15:05:34.571+0000] {manager.py:878} INFO - 
================================================================================
DAG File Processing Stats

File Path                                  PID    Runtime      # DAGs    # Errors  Last Runtime    Last Run
-----------------------------------------  -----  ---------  --------  ----------  --------------  -------------------
/opt/airflow/dags/dag_bronze_ingestion.py                           1           0  0.33s           2026-06-03T15:05:25
/opt/airflow/dags/dag_retrain_pipeline.py                           1           0  0.32s           2026-06-03T15:05:05
/opt/airflow/dags/dag_dq_checkpoint.py                              1           0  0.14s           2026-06-03T15:05:25
/opt/airflow/dags/dag_drift_monitoring.py                           1           0  0.13s           2026-06-03T15:05:25
================================================================================
[2026-06-03T15:05:36.292+0000] {manager.py:737} INFO - Searching for files in /opt/airflow/dags
[2026-06-03T15:05:36.516+0000] {manager.py:740} INFO - There are 4 files in /opt/airflow/dags
[2026-06-03T15:06:05.332+0000] {manager.py:878} INFO - 
================================================================================
DAG File Processing Stats

File Path                                  PID    Runtime      # DAGs    # Errors  Last Runtime    Last Run
-----------------------------------------  -----  ---------  --------  ----------  --------------  -------------------
/opt/airflow/dags/dag_retrain_pipeline.py                           1           0  0.20s           2026-06-03T15:05:36
/opt/airflow/dags/dag_bronze_ingestion.py                           1           0  0.15s           2026-06-03T15:05:56
/opt/airflow/dags/dag_dq_checkpoint.py                              1           0  0.14s           2026-06-03T15:05:56
/opt/airflow/dags/dag_drift_monitoring.py                           1           0  0.11s           2026-06-03T15:05:55
================================================================================
[2026-06-03T15:06:35.659+0000] {manager.py:878} INFO - 
================================================================================
DAG File Processing Stats

File Path                                  PID    Runtime      # DAGs    # Errors  Last Runtime    Last Run
-----------------------------------------  -----  ---------  --------  ----------  --------------  -------------------
/opt/airflow/dags/dag_dq_checkpoint.py                              1           0  0.18s           2026-06-03T15:06:26
/opt/airflow/dags/dag_drift_monitoring.py                           1           0  0.15s           2026-06-03T15:06:26
/opt/airflow/dags/dag_bronze_ingestion.py                           1           0  0.14s           2026-06-03T15:06:26
/opt/airflow/dags/dag_retrain_pipeline.py                           1           0  0.13s           2026-06-03T15:06:06
================================================================================
[2026-06-03T15:07:05.923+0000] {manager.py:878} INFO - 
================================================================================
DAG File Processing Stats

File Path                                  PID    Runtime      # DAGs    # Errors  Last Runtime    Last Run
-----------------------------------------  -----  ---------  --------  ----------  --------------  -------------------
/opt/airflow/dags/dag_drift_monitoring.py                           1           0  0.19s           2026-06-03T15:06:56
/opt/airflow/dags/dag_retrain_pipeline.py                           1           0  0.13s           2026-06-03T15:06:36
/opt/airflow/dags/dag_bronze_ingestion.py                           1           0  0.13s           2026-06-03T15:06:56
/opt/airflow/dags/dag_dq_checkpoint.py                              1           0  0.10s           2026-06-03T15:06:56
================================================================================
[2026-06-03T15:07:36.228+0000] {manager.py:878} INFO - 
================================================================================
DAG File Processing Stats

File Path                                  PID    Runtime      # DAGs    # Errors  Last Runtime    Last Run
-----------------------------------------  -----  ---------  --------  ----------  --------------  -------------------
/opt/airflow/dags/dag_dq_checkpoint.py                              1           0  0.16s           2026-06-03T15:07:26
/opt/airflow/dags/dag_bronze_ingestion.py                           1           0  0.11s           2026-06-03T15:07:26
/opt/airflow/dags/dag_drift_monitoring.py                           1           0  0.10s           2026-06-03T15:07:26
/opt/airflow/dags/dag_retrain_pipeline.py                           1           0  0.09s           2026-06-03T15:07:07
================================================================================
[2026-06-03T15:08:06.325+0000] {manager.py:878} INFO - 
================================================================================
DAG File Processing Stats

File Path                                  PID    Runtime      # DAGs    # Errors  Last Runtime    Last Run
-----------------------------------------  -----  ---------  --------  ----------  --------------  -------------------
/opt/airflow/dags/dag_dq_checkpoint.py                              1           0  0.14s           2026-06-03T15:07:57
/opt/airflow/dags/dag_retrain_pipeline.py                           1           0  0.14s           2026-06-03T15:07:37
/opt/airflow/dags/dag_bronze_ingestion.py                           1           0  0.13s           2026-06-03T15:07:57
/opt/airflow/dags/dag_drift_monitoring.py                           1           0  0.10s           2026-06-03T15:07:56
================================================================================
[2026-06-03T15:08:36.683+0000] {manager.py:878} INFO - 
================================================================================
DAG File Processing Stats

File Path                                  PID    Runtime      # DAGs    # Errors  Last Runtime    Last Run
-----------------------------------------  -----  ---------  --------  ----------  --------------  -------------------
/opt/airflow/dags/dag_dq_checkpoint.py                              1           0  0.17s           2026-06-03T15:08:27
/opt/airflow/dags/dag_retrain_pipeline.py                           1           0  0.16s           2026-06-03T15:08:08
/opt/airflow/dags/dag_drift_monitoring.py                           1           0  0.14s           2026-06-03T15:08:27
/opt/airflow/dags/dag_bronze_ingestion.py                           1           0  0.13s           2026-06-03T15:08:27
================================================================================
[2026-06-03T15:09:06.975+0000] {manager.py:878} INFO - 
================================================================================
DAG File Processing Stats

File Path                                  PID    Runtime      # DAGs    # Errors  Last Runtime    Last Run
-----------------------------------------  -----  ---------  --------  ----------  --------------  -------------------
/opt/airflow/dags/dag_retrain_pipeline.py                           1           0  0.14s           2026-06-03T15:08:38
/opt/airflow/dags/dag_bronze_ingestion.py                           1           0  0.12s           2026-06-03T15:08:57
/opt/airflow/dags/dag_drift_monitoring.py                           1           0  0.11s           2026-06-03T15:08:57
/opt/airflow/dags/dag_dq_checkpoint.py                              1           0  0.10s           2026-06-03T15:08:57
================================================================================
[2026-06-03T15:09:37.235+0000] {manager.py:878} INFO - 
================================================================================
DAG File Processing Stats

File Path                                  PID    Runtime      # DAGs    # Errors  Last Runtime    Last Run
-----------------------------------------  -----  ---------  --------  ----------  --------------  -------------------
/opt/airflow/dags/dag_drift_monitoring.py                           1           0  0.14s           2026-06-03T15:09:27
/opt/airflow/dags/dag_bronze_ingestion.py                           1           0  0.10s           2026-06-03T15:09:28
/opt/airflow/dags/dag_retrain_pipeline.py                           1           0  0.10s           2026-06-03T15:09:09
/opt/airflow/dags/dag_dq_checkpoint.py                              1           0  0.09s           2026-06-03T15:09:27
================================================================================
[2026-06-03T15:10:07.479+0000] {manager.py:878} INFO - 
================================================================================
DAG File Processing Stats

File Path                                  PID    Runtime      # DAGs    # Errors  Last Runtime    Last Run
-----------------------------------------  -----  ---------  --------  ----------  --------------  -------------------
/opt/airflow/dags/dag_drift_monitoring.py                           1           0  0.19s           2026-06-03T15:09:59
/opt/airflow/dags/dag_dq_checkpoint.py                              1           0  0.16s           2026-06-03T15:09:59
/opt/airflow/dags/dag_retrain_pipeline.py                           1           0  0.11s           2026-06-03T15:09:39
/opt/airflow/dags/dag_bronze_ingestion.py                           1           0  0.11s           2026-06-03T15:09:59
================================================================================
[2026-06-03T15:10:36.897+0000] {manager.py:737} INFO - Searching for files in /opt/airflow/dags
[2026-06-03T15:10:37.355+0000] {manager.py:740} INFO - There are 4 files in /opt/airflow/dags
[2026-06-03T15:10:38.383+0000] {manager.py:878} INFO - 
================================================================================
DAG File Processing Stats

File Path                                  PID    Runtime      # DAGs    # Errors  Last Runtime    Last Run
-----------------------------------------  -----  ---------  --------  ----------  --------------  -------------------
/opt/airflow/dags/dag_retrain_pipeline.py                           1           0  0.18s           2026-06-03T15:10:09
/opt/airflow/dags/dag_dq_checkpoint.py                              1           0  0.18s           2026-06-03T15:10:29
/opt/airflow/dags/dag_drift_monitoring.py                           1           0  0.15s           2026-06-03T15:10:29
/opt/airflow/dags/dag_bronze_ingestion.py                           1           0  0.15s           2026-06-03T15:10:29
================================================================================
[2026-06-03T15:11:09.089+0000] {manager.py:878} INFO - 
================================================================================
DAG File Processing Stats

File Path                                  PID    Runtime      # DAGs    # Errors  Last Runtime    Last Run
-----------------------------------------  -----  ---------  --------  ----------  --------------  -------------------
/opt/airflow/dags/dag_retrain_pipeline.py                           1           0  0.36s           2026-06-03T15:10:40
/opt/airflow/dags/dag_bronze_ingestion.py                           1           0  0.11s           2026-06-03T15:11:00
/opt/airflow/dags/dag_drift_monitoring.py                           1           0  0.11s           2026-06-03T15:10:59
/opt/airflow/dags/dag_dq_checkpoint.py                              1           0  0.10s           2026-06-03T15:10:59
================================================================================
[2026-06-03T15:11:39.403+0000] {manager.py:878} INFO - 
================================================================================
DAG File Processing Stats

File Path                                  PID    Runtime      # DAGs    # Errors  Last Runtime    Last Run
-----------------------------------------  -----  ---------  --------  ----------  --------------  -------------------
/opt/airflow/dags/dag_retrain_pipeline.py                           1           0  0.27s           2026-06-03T15:11:11
/opt/airflow/dags/dag_drift_monitoring.py                           1           0  0.16s           2026-06-03T15:11:30
/opt/airflow/dags/dag_bronze_ingestion.py                           1           0  0.11s           2026-06-03T15:11:30
/opt/airflow/dags/dag_dq_checkpoint.py                              1           0  0.10s           2026-06-03T15:11:30
================================================================================
[2026-06-03T15:12:09.685+0000] {manager.py:878} INFO - 
================================================================================
DAG File Processing Stats

File Path                                  PID    Runtime      # DAGs    # Errors  Last Runtime    Last Run
-----------------------------------------  -----  ---------  --------  ----------  --------------  -------------------
/opt/airflow/dags/dag_retrain_pipeline.py                           1           0  0.13s           2026-06-03T15:11:41
/opt/airflow/dags/dag_dq_checkpoint.py                              1           0  0.11s           2026-06-03T15:12:00
/opt/airflow/dags/dag_bronze_ingestion.py                           1           0  0.10s           2026-06-03T15:12:00
/opt/airflow/dags/dag_drift_monitoring.py                           1           0  0.10s           2026-06-03T15:12:00
================================================================================
[2026-06-03T15:12:39.831+0000] {manager.py:878} INFO - 
================================================================================
DAG File Processing Stats

File Path                                  PID    Runtime      # DAGs    # Errors  Last Runtime    Last Run
-----------------------------------------  -----  ---------  --------  ----------  --------------  -------------------
/opt/airflow/dags/dag_retrain_pipeline.py                           1           0  0.23s           2026-06-03T15:12:11
/opt/airflow/dags/dag_bronze_ingestion.py                           1           0  0.11s           2026-06-03T15:12:30
/opt/airflow/dags/dag_dq_checkpoint.py                              1           0  0.11s           2026-06-03T15:12:30
/opt/airflow/dags/dag_drift_monitoring.py                           1           0  0.10s           2026-06-03T15:12:30
================================================================================
[2026-06-03T15:13:10.208+0000] {manager.py:878} INFO - 
================================================================================
DAG File Processing Stats

File Path                                  PID    Runtime      # DAGs    # Errors  Last Runtime    Last Run
-----------------------------------------  -----  ---------  --------  ----------  --------------  -------------------
/opt/airflow/dags/dag_retrain_pipeline.py                           1           0  0.16s           2026-06-03T15:12:43
/opt/airflow/dags/dag_drift_monitoring.py                           1           0  0.16s           2026-06-03T15:13:00
/opt/airflow/dags/dag_bronze_ingestion.py                           1           0  0.10s           2026-06-03T15:13:00
/opt/airflow/dags/dag_dq_checkpoint.py                              1           0  0.10s           2026-06-03T15:13:00
================================================================================
[2026-06-03T15:13:40.403+0000] {manager.py:878} INFO - 
================================================================================
DAG File Processing Stats

File Path                                  PID    Runtime      # DAGs    # Errors  Last Runtime    Last Run
-----------------------------------------  -----  ---------  --------  ----------  --------------  -------------------
/opt/airflow/dags/dag_retrain_pipeline.py                           1           0  0.35s           2026-06-03T15:13:13
/opt/airflow/dags/dag_bronze_ingestion.py                           1           0  0.22s           2026-06-03T15:13:31
/opt/airflow/dags/dag_dq_checkpoint.py                              1           0  0.15s           2026-06-03T15:13:31
/opt/airflow/dags/dag_drift_monitoring.py                           1           0  0.15s           2026-06-03T15:13:31
================================================================================
[2026-06-03T15:14:11.149+0000] {manager.py:878} INFO - 
================================================================================
DAG File Processing Stats

File Path                                  PID    Runtime      # DAGs    # Errors  Last Runtime    Last Run
-----------------------------------------  -----  ---------  --------  ----------  --------------  -------------------
/opt/airflow/dags/dag_dq_checkpoint.py                              1           0  0.43s           2026-06-03T15:14:01
/opt/airflow/dags/dag_drift_monitoring.py                           1           0  0.25s           2026-06-03T15:14:01
/opt/airflow/dags/dag_bronze_ingestion.py                           1           0  0.22s           2026-06-03T15:14:01
/opt/airflow/dags/dag_retrain_pipeline.py                           1           0  0.19s           2026-06-03T15:13:44
================================================================================
[2026-06-03T15:14:41.483+0000] {manager.py:878} INFO - 
================================================================================
DAG File Processing Stats

File Path                                  PID    Runtime      # DAGs    # Errors  Last Runtime    Last Run
-----------------------------------------  -----  ---------  --------  ----------  --------------  -------------------
/opt/airflow/dags/dag_bronze_ingestion.py                           1           0  0.14s           2026-06-03T15:14:32
/opt/airflow/dags/dag_retrain_pipeline.py                           1           0  0.13s           2026-06-03T15:14:14
/opt/airflow/dags/dag_drift_monitoring.py                           1           0  0.11s           2026-06-03T15:14:32
/opt/airflow/dags/dag_dq_checkpoint.py                              1           0  0.10s           2026-06-03T15:14:32
================================================================================
[2026-06-03T15:15:11.658+0000] {manager.py:878} INFO - 
================================================================================
DAG File Processing Stats

File Path                                  PID    Runtime      # DAGs    # Errors  Last Runtime    Last Run
-----------------------------------------  -----  ---------  --------  ----------  --------------  -------------------
/opt/airflow/dags/dag_bronze_ingestion.py                           1           0  0.22s           2026-06-03T15:15:03
/opt/airflow/dags/dag_dq_checkpoint.py                              1           0  0.13s           2026-06-03T15:15:02
/opt/airflow/dags/dag_drift_monitoring.py                           1           0  0.10s           2026-06-03T15:15:02
/opt/airflow/dags/dag_retrain_pipeline.py                           1           0  0.09s           2026-06-03T15:14:44
================================================================================
[2026-06-05T14:09:44.332+0000] {manager.py:470} INFO - Processing files using up to 2 processes at a time 
[2026-06-05T14:09:44.345+0000] {manager.py:471} INFO - Process each file at most once every 30 seconds
[2026-06-05T14:09:44.356+0000] {manager.py:472} INFO - Checking for new files in /opt/airflow/dags every 300 seconds
[2026-06-05T14:09:44.360+0000] {manager.py:737} INFO - Searching for files in /opt/airflow/dags
[2026-06-05T14:09:44.678+0000] {manager.py:740} INFO - There are 4 files in /opt/airflow/dags
[2026-06-05T14:09:44.842+0000] {manager.py:878} INFO - 
================================================================================
DAG File Processing Stats

File Path                                    PID  Runtime      # DAGs    # Errors  Last Runtime    Last Run
-----------------------------------------  -----  ---------  --------  ----------  --------------  ----------
/opt/airflow/dags/dag_bronze_ingestion.py                           0           0
/opt/airflow/dags/dag_dq_checkpoint.py                              0           0
/opt/airflow/dags/dag_drift_monitoring.py    175  0.03s             0           0
/opt/airflow/dags/dag_retrain_pipeline.py    172  0.07s             0           0
================================================================================
[2026-06-05T14:10:15.289+0000] {manager.py:878} INFO - 
================================================================================
DAG File Processing Stats

File Path                                    PID  Runtime      # DAGs    # Errors  Last Runtime    Last Run
-----------------------------------------  -----  ---------  --------  ----------  --------------  -------------------
/opt/airflow/dags/dag_retrain_pipeline.py    192  0.03s             1           0  0.29s           2026-06-05T14:09:45
/opt/airflow/dags/dag_drift_monitoring.py    195  0.00s             1           0  0.26s           2026-06-05T14:09:45
/opt/airflow/dags/dag_dq_checkpoint.py                              1           0  0.21s           2026-06-05T14:09:45
/opt/airflow/dags/dag_bronze_ingestion.py                           1           0  0.21s           2026-06-05T14:09:45
================================================================================
[2026-06-05T14:10:45.779+0000] {manager.py:878} INFO - 
================================================================================
DAG File Processing Stats

File Path                                    PID  Runtime      # DAGs    # Errors  Last Runtime    Last Run
-----------------------------------------  -----  ---------  --------  ----------  --------------  -------------------
/opt/airflow/dags/dag_dq_checkpoint.py                              1           0  0.21s           2026-06-05T14:10:15
/opt/airflow/dags/dag_retrain_pipeline.py    212  0.08s             1           0  0.19s           2026-06-05T14:10:15
/opt/airflow/dags/dag_drift_monitoring.py    215  0.01s             1           0  0.18s           2026-06-05T14:10:15
/opt/airflow/dags/dag_bronze_ingestion.py                           1           0  0.16s           2026-06-05T14:10:15
================================================================================
[2026-06-05T14:11:16.525+0000] {manager.py:878} INFO - 
================================================================================
DAG File Processing Stats

File Path                                    PID  Runtime      # DAGs    # Errors  Last Runtime    Last Run
-----------------------------------------  -----  ---------  --------  ----------  --------------  -------------------
/opt/airflow/dags/dag_dq_checkpoint.py                              1           0  0.41s           2026-06-05T14:10:46
/opt/airflow/dags/dag_drift_monitoring.py    235  0.01s             1           0  0.34s           2026-06-05T14:10:46
/opt/airflow/dags/dag_retrain_pipeline.py    232  0.08s             1           0  0.30s           2026-06-05T14:10:45
/opt/airflow/dags/dag_bronze_ingestion.py                           1           0  0.19s           2026-06-05T14:10:46
================================================================================
[2026-06-05T14:11:47.007+0000] {manager.py:878} INFO - 
================================================================================
DAG File Processing Stats

File Path                                    PID  Runtime      # DAGs    # Errors  Last Runtime    Last Run
-----------------------------------------  -----  ---------  --------  ----------  --------------  -------------------
/opt/airflow/dags/dag_dq_checkpoint.py                              1           0  0.39s           2026-06-05T14:11:17
/opt/airflow/dags/dag_bronze_ingestion.py                           1           0  0.36s           2026-06-05T14:11:17
/opt/airflow/dags/dag_retrain_pipeline.py    252  0.09s             1           0  0.29s           2026-06-05T14:11:16
/opt/airflow/dags/dag_drift_monitoring.py    255  0.01s             1           0  0.26s           2026-06-05T14:11:16
================================================================================
[2026-06-05T14:12:17.341+0000] {manager.py:878} INFO - 
================================================================================
DAG File Processing Stats

File Path                                  PID    Runtime      # DAGs    # Errors  Last Runtime    Last Run
-----------------------------------------  -----  ---------  --------  ----------  --------------  -------------------
/opt/airflow/dags/dag_retrain_pipeline.py                           1           0  0.40s           2026-06-05T14:11:47
/opt/airflow/dags/dag_drift_monitoring.py                           1           0  0.37s           2026-06-05T14:11:47
/opt/airflow/dags/dag_bronze_ingestion.py                           1           0  0.28s           2026-06-05T14:11:48
/opt/airflow/dags/dag_dq_checkpoint.py                              1           0  0.14s           2026-06-05T14:11:47
================================================================================
[2026-06-05T14:12:48.085+0000] {manager.py:878} INFO - 
================================================================================
DAG File Processing Stats

File Path                                    PID  Runtime      # DAGs    # Errors  Last Runtime    Last Run
-----------------------------------------  -----  ---------  --------  ----------  --------------  -------------------
/opt/airflow/dags/dag_retrain_pipeline.py    292  0.03s             1           0  0.25s           2026-06-05T14:12:17
/opt/airflow/dags/dag_drift_monitoring.py    295  0.00s             1           0  0.24s           2026-06-05T14:12:17
/opt/airflow/dags/dag_bronze_ingestion.py                           1           0  0.23s           2026-06-05T14:12:19
/opt/airflow/dags/dag_dq_checkpoint.py                              1           0  0.19s           2026-06-05T14:12:18
================================================================================
[2026-06-05T14:13:18.761+0000] {manager.py:878} INFO - 
================================================================================
DAG File Processing Stats

File Path                                    PID  Runtime      # DAGs    # Errors  Last Runtime    Last Run
-----------------------------------------  -----  ---------  --------  ----------  --------------  -------------------
/opt/airflow/dags/dag_dq_checkpoint.py                              1           0  0.41s           2026-06-05T14:12:48
/opt/airflow/dags/dag_bronze_ingestion.py                           1           0  0.29s           2026-06-05T14:12:50
/opt/airflow/dags/dag_drift_monitoring.py    315  0.01s             1           0  0.15s           2026-06-05T14:12:48
/opt/airflow/dags/dag_retrain_pipeline.py    312  0.07s             1           0  0.15s           2026-06-05T14:12:48
================================================================================
[2026-06-05T14:13:49.569+0000] {manager.py:878} INFO - 
================================================================================
DAG File Processing Stats

File Path                                    PID  Runtime      # DAGs    # Errors  Last Runtime    Last Run
-----------------------------------------  -----  ---------  --------  ----------  --------------  -------------------
/opt/airflow/dags/dag_bronze_ingestion.py                           1           0  0.68s           2026-06-05T14:13:20
/opt/airflow/dags/dag_retrain_pipeline.py    332  0.07s             1           0  0.28s           2026-06-05T14:13:18
/opt/airflow/dags/dag_drift_monitoring.py    335  0.00s             1           0  0.26s           2026-06-05T14:13:19
/opt/airflow/dags/dag_dq_checkpoint.py                              1           0  0.14s           2026-06-05T14:13:19
================================================================================
[2026-06-05T14:14:20.352+0000] {manager.py:878} INFO - 
================================================================================
DAG File Processing Stats

File Path                                    PID  Runtime      # DAGs    # Errors  Last Runtime    Last Run
-----------------------------------------  -----  ---------  --------  ----------  --------------  -------------------
/opt/airflow/dags/dag_dq_checkpoint.py                              1           0  0.23s           2026-06-05T14:13:50
/opt/airflow/dags/dag_drift_monitoring.py                           1           0  0.23s           2026-06-05T14:13:49
/opt/airflow/dags/dag_retrain_pipeline.py    352  0.01s             1           0  0.20s           2026-06-05T14:13:49
/opt/airflow/dags/dag_bronze_ingestion.py                           1           0  0.15s           2026-06-05T14:13:50
================================================================================
[2026-06-05T14:14:45.292+0000] {manager.py:737} INFO - Searching for files in /opt/airflow/dags
[2026-06-05T14:14:45.436+0000] {manager.py:740} INFO - There are 4 files in /opt/airflow/dags
[2026-06-05T14:14:50.434+0000] {manager.py:878} INFO - 
================================================================================
DAG File Processing Stats

File Path                                  PID    Runtime      # DAGs    # Errors  Last Runtime    Last Run
-----------------------------------------  -----  ---------  --------  ----------  --------------  -------------------
/opt/airflow/dags/dag_dq_checkpoint.py                              1           0  0.25s           2026-06-05T14:14:20
/opt/airflow/dags/dag_retrain_pipeline.py                           1           0  0.23s           2026-06-05T14:14:20
/opt/airflow/dags/dag_drift_monitoring.py                           1           0  0.19s           2026-06-05T14:14:20
/opt/airflow/dags/dag_bronze_ingestion.py                           1           0  0.19s           2026-06-05T14:14:21
================================================================================
[2026-06-05T14:15:20.723+0000] {manager.py:878} INFO - 
================================================================================
DAG File Processing Stats

File Path                                  PID    Runtime      # DAGs    # Errors  Last Runtime    Last Run
-----------------------------------------  -----  ---------  --------  ----------  --------------  -------------------
/opt/airflow/dags/dag_bronze_ingestion.py                           1           0  2.80s           2026-06-05T14:14:57
/opt/airflow/dags/dag_dq_checkpoint.py                              1           0  2.27s           2026-06-05T14:14:56
/opt/airflow/dags/dag_retrain_pipeline.py                           1           0  1.85s           2026-06-05T14:14:53
/opt/airflow/dags/dag_drift_monitoring.py                           1           0  1.68s           2026-06-05T14:14:54
================================================================================
[2026-06-05T14:15:51.474+0000] {manager.py:878} INFO - 
================================================================================
DAG File Processing Stats

File Path                                  PID    Runtime      # DAGs    # Errors  Last Runtime    Last Run
-----------------------------------------  -----  ---------  --------  ----------  --------------  -------------------
/opt/airflow/dags/dag_dq_checkpoint.py                              1           0  0.35s           2026-06-05T14:15:26
/opt/airflow/dags/dag_bronze_ingestion.py                           1           0  0.25s           2026-06-05T14:15:28
/opt/airflow/dags/dag_drift_monitoring.py                           1           0  0.24s           2026-06-05T14:15:24
/opt/airflow/dags/dag_retrain_pipeline.py                           1           0  0.20s           2026-06-05T14:15:24
================================================================================
[2026-06-05T14:16:22.283+0000] {manager.py:878} INFO - 
================================================================================
DAG File Processing Stats

File Path                                  PID    Runtime      # DAGs    # Errors  Last Runtime    Last Run
-----------------------------------------  -----  ---------  --------  ----------  --------------  -------------------
/opt/airflow/dags/dag_bronze_ingestion.py                           1           0  0.25s           2026-06-05T14:15:59
/opt/airflow/dags/dag_drift_monitoring.py                           1           0  0.20s           2026-06-05T14:15:55
/opt/airflow/dags/dag_dq_checkpoint.py                              1           0  0.20s           2026-06-05T14:15:57
/opt/airflow/dags/dag_retrain_pipeline.py                           1           0  0.13s           2026-06-05T14:15:54
================================================================================
[2026-06-05T14:16:52.711+0000] {manager.py:878} INFO - 
================================================================================
DAG File Processing Stats

File Path                                  PID    Runtime      # DAGs    # Errors  Last Runtime    Last Run
-----------------------------------------  -----  ---------  --------  ----------  --------------  -------------------
/opt/airflow/dags/dag_bronze_ingestion.py                           1           0  0.35s           2026-06-05T14:16:30
/opt/airflow/dags/dag_drift_monitoring.py                           1           0  0.25s           2026-06-05T14:16:25
/opt/airflow/dags/dag_dq_checkpoint.py                              1           0  0.25s           2026-06-05T14:16:28
/opt/airflow/dags/dag_retrain_pipeline.py                           1           0  0.25s           2026-06-05T14:16:25
================================================================================
[2026-06-05T14:17:23.051+0000] {manager.py:878} INFO - 
================================================================================
DAG File Processing Stats

File Path                                  PID    Runtime      # DAGs    # Errors  Last Runtime    Last Run
-----------------------------------------  -----  ---------  --------  ----------  --------------  -------------------
/opt/airflow/dags/dag_dq_checkpoint.py                              1           0  0.27s           2026-06-05T14:16:58
/opt/airflow/dags/dag_bronze_ingestion.py                           1           0  0.17s           2026-06-05T14:17:00
/opt/airflow/dags/dag_drift_monitoring.py                           1           0  0.16s           2026-06-05T14:16:55
/opt/airflow/dags/dag_retrain_pipeline.py                           1           0  0.13s           2026-06-05T14:16:55
================================================================================
[2026-06-05T14:17:53.542+0000] {manager.py:878} INFO - 
================================================================================
DAG File Processing Stats

File Path                                  PID    Runtime      # DAGs    # Errors  Last Runtime    Last Run
-----------------------------------------  -----  ---------  --------  ----------  --------------  -------------------
/opt/airflow/dags/dag_bronze_ingestion.py                           1           0  0.44s           2026-06-05T14:17:31
/opt/airflow/dags/dag_dq_checkpoint.py                              1           0  0.41s           2026-06-05T14:17:28
/opt/airflow/dags/dag_drift_monitoring.py                           1           0  0.24s           2026-06-05T14:17:26
/opt/airflow/dags/dag_retrain_pipeline.py                           1           0  0.23s           2026-06-05T14:17:26
================================================================================
[2026-06-05T14:18:23.905+0000] {manager.py:878} INFO - 
================================================================================
DAG File Processing Stats

File Path                                  PID    Runtime      # DAGs    # Errors  Last Runtime    Last Run
-----------------------------------------  -----  ---------  --------  ----------  --------------  -------------------
/opt/airflow/dags/dag_bronze_ingestion.py                           1           0  0.28s           2026-06-05T14:18:02
/opt/airflow/dags/dag_dq_checkpoint.py                              1           0  0.17s           2026-06-05T14:18:00
/opt/airflow/dags/dag_retrain_pipeline.py                           1           0  0.15s           2026-06-05T14:17:56
/opt/airflow/dags/dag_drift_monitoring.py                           1           0  0.14s           2026-06-05T14:17:56
================================================================================
[2026-06-05T14:18:54.009+0000] {manager.py:878} INFO - 
================================================================================
DAG File Processing Stats

File Path                                  PID    Runtime      # DAGs    # Errors  Last Runtime    Last Run
-----------------------------------------  -----  ---------  --------  ----------  --------------  -------------------
/opt/airflow/dags/dag_dq_checkpoint.py                              1           0  0.43s           2026-06-05T14:18:30
/opt/airflow/dags/dag_retrain_pipeline.py                           1           0  0.25s           2026-06-05T14:18:27
/opt/airflow/dags/dag_drift_monitoring.py                           1           0  0.24s           2026-06-05T14:18:27
/opt/airflow/dags/dag_bronze_ingestion.py                           1           0  0.16s           2026-06-05T14:18:32
================================================================================
[2026-06-05T14:19:24.646+0000] {manager.py:878} INFO - 
================================================================================
DAG File Processing Stats

File Path                                  PID    Runtime      # DAGs    # Errors  Last Runtime    Last Run
-----------------------------------------  -----  ---------  --------  ----------  --------------  -------------------
/opt/airflow/dags/dag_dq_checkpoint.py                              1           0  0.28s           2026-06-05T14:19:01
/opt/airflow/dags/dag_bronze_ingestion.py                           1           0  0.27s           2026-06-05T14:19:03
/opt/airflow/dags/dag_drift_monitoring.py                           1           0  0.17s           2026-06-05T14:18:58
/opt/airflow/dags/dag_retrain_pipeline.py                           1           0  0.16s           2026-06-05T14:18:58
================================================================================
[2026-06-05T14:19:45.673+0000] {manager.py:737} INFO - Searching for files in /opt/airflow/dags
[2026-06-05T14:19:45.903+0000] {manager.py:740} INFO - There are 4 files in /opt/airflow/dags
[2026-06-05T14:19:55.461+0000] {manager.py:878} INFO - 
================================================================================
DAG File Processing Stats

File Path                                  PID    Runtime      # DAGs    # Errors  Last Runtime    Last Run
-----------------------------------------  -----  ---------  --------  ----------  --------------  -------------------
/opt/airflow/dags/dag_retrain_pipeline.py                           1           0  0.47s           2026-06-05T14:19:29
/opt/airflow/dags/dag_drift_monitoring.py                           1           0  0.43s           2026-06-05T14:19:29
/opt/airflow/dags/dag_bronze_ingestion.py                           1           0  0.30s           2026-06-05T14:19:33
/opt/airflow/dags/dag_dq_checkpoint.py                              1           0  0.21s           2026-06-05T14:19:32
================================================================================
[2026-06-05T14:20:25.841+0000] {manager.py:878} INFO - 
================================================================================
DAG File Processing Stats

File Path                                  PID    Runtime      # DAGs    # Errors  Last Runtime    Last Run
-----------------------------------------  -----  ---------  --------  ----------  --------------  -------------------
/opt/airflow/dags/dag_dq_checkpoint.py                              1           0  0.43s           2026-06-05T14:20:03
/opt/airflow/dags/dag_bronze_ingestion.py                           1           0  0.36s           2026-06-05T14:20:04
/opt/airflow/dags/dag_retrain_pipeline.py                           1           0  0.29s           2026-06-05T14:19:59
/opt/airflow/dags/dag_drift_monitoring.py                           1           0  0.24s           2026-06-05T14:20:00
================================================================================
[2026-06-05T14:20:56.676+0000] {manager.py:878} INFO - 
================================================================================
DAG File Processing Stats

File Path                                  PID    Runtime      # DAGs    # Errors  Last Runtime    Last Run
-----------------------------------------  -----  ---------  --------  ----------  --------------  -------------------
/opt/airflow/dags/dag_dq_checkpoint.py                              1           0  0.37s           2026-06-05T14:20:34
/opt/airflow/dags/dag_bronze_ingestion.py                           1           0  0.22s           2026-06-05T14:20:35
/opt/airflow/dags/dag_retrain_pipeline.py                           1           0  0.19s           2026-06-05T14:20:30
/opt/airflow/dags/dag_drift_monitoring.py                           1           0  0.17s           2026-06-05T14:20:30
================================================================================
[2026-06-05T14:21:26.830+0000] {manager.py:878} INFO - 
================================================================================
DAG File Processing Stats

File Path                                  PID    Runtime      # DAGs    # Errors  Last Runtime    Last Run
-----------------------------------------  -----  ---------  --------  ----------  --------------  -------------------
/opt/airflow/dags/dag_bronze_ingestion.py                           1           0  0.32s           2026-06-05T14:21:05
/opt/airflow/dags/dag_dq_checkpoint.py                              1           0  0.20s           2026-06-05T14:21:05
/opt/airflow/dags/dag_drift_monitoring.py                           1           0  0.16s           2026-06-05T14:21:01
/opt/airflow/dags/dag_retrain_pipeline.py                           1           0  0.15s           2026-06-05T14:21:00
================================================================================
[2026-06-05T14:21:56.994+0000] {manager.py:878} INFO - 
================================================================================
DAG File Processing Stats

File Path                                  PID    Runtime      # DAGs    # Errors  Last Runtime    Last Run
-----------------------------------------  -----  ---------  --------  ----------  --------------  -------------------
/opt/airflow/dags/dag_dq_checkpoint.py                              1           0  0.39s           2026-06-05T14:21:35
/opt/airflow/dags/dag_bronze_ingestion.py                           1           0  0.32s           2026-06-05T14:21:36
/opt/airflow/dags/dag_drift_monitoring.py                           1           0  0.20s           2026-06-05T14:21:31
/opt/airflow/dags/dag_retrain_pipeline.py                           1           0  0.20s           2026-06-05T14:21:31
================================================================================
[2026-06-05T14:22:27.084+0000] {manager.py:878} INFO - 
================================================================================
DAG File Processing Stats

File Path                                  PID    Runtime      # DAGs    # Errors  Last Runtime    Last Run
-----------------------------------------  -----  ---------  --------  ----------  --------------  -------------------
/opt/airflow/dags/dag_retrain_pipeline.py                           1           0  0.25s           2026-06-05T14:22:01
/opt/airflow/dags/dag_bronze_ingestion.py                           1           0  0.21s           2026-06-05T14:22:06
/opt/airflow/dags/dag_dq_checkpoint.py                              1           0  0.20s           2026-06-05T14:22:06
/opt/airflow/dags/dag_drift_monitoring.py                           1           0  0.18s           2026-06-05T14:22:01
================================================================================
[2026-06-05T14:22:57.104+0000] {manager.py:878} INFO - 
================================================================================
DAG File Processing Stats

File Path                                  PID    Runtime      # DAGs    # Errors  Last Runtime    Last Run
-----------------------------------------  -----  ---------  --------  ----------  --------------  -------------------
/opt/airflow/dags/dag_dq_checkpoint.py                              1           0  0.24s           2026-06-05T14:22:36
/opt/airflow/dags/dag_bronze_ingestion.py                           1           0  0.17s           2026-06-05T14:22:37
/opt/airflow/dags/dag_retrain_pipeline.py                           1           0  0.16s           2026-06-05T14:22:32
/opt/airflow/dags/dag_drift_monitoring.py                           1           0  0.15s           2026-06-05T14:22:32
================================================================================
[2026-06-05T14:23:27.321+0000] {manager.py:878} INFO - 
================================================================================
DAG File Processing Stats

File Path                                  PID    Runtime      # DAGs    # Errors  Last Runtime    Last Run
-----------------------------------------  -----  ---------  --------  ----------  --------------  -------------------
/opt/airflow/dags/dag_drift_monitoring.py                           1           0  0.27s           2026-06-05T14:23:03
/opt/airflow/dags/dag_retrain_pipeline.py                           1           0  0.26s           2026-06-05T14:23:03
/opt/airflow/dags/dag_dq_checkpoint.py                              1           0  0.17s           2026-06-05T14:23:07
/opt/airflow/dags/dag_bronze_ingestion.py                           1           0  0.16s           2026-06-05T14:23:07
================================================================================
[2026-06-05T14:23:57.802+0000] {manager.py:878} INFO - 
================================================================================
DAG File Processing Stats

File Path                                  PID    Runtime      # DAGs    # Errors  Last Runtime    Last Run
-----------------------------------------  -----  ---------  --------  ----------  --------------  -------------------
/opt/airflow/dags/dag_drift_monitoring.py                           1           0  0.32s           2026-06-05T14:23:34
/opt/airflow/dags/dag_bronze_ingestion.py                           1           0  0.31s           2026-06-05T14:23:38
/opt/airflow/dags/dag_dq_checkpoint.py                              1           0  0.30s           2026-06-05T14:23:38
/opt/airflow/dags/dag_retrain_pipeline.py                           1           0  0.28s           2026-06-05T14:23:34
================================================================================
[2026-06-05T14:24:28.291+0000] {manager.py:878} INFO - 
================================================================================
DAG File Processing Stats

File Path                                  PID    Runtime      # DAGs    # Errors  Last Runtime    Last Run
-----------------------------------------  -----  ---------  --------  ----------  --------------  -------------------
/opt/airflow/dags/dag_bronze_ingestion.py                           1           0  0.44s           2026-06-05T14:24:09
/opt/airflow/dags/dag_dq_checkpoint.py                              1           0  0.43s           2026-06-05T14:24:09
/opt/airflow/dags/dag_drift_monitoring.py                           1           0  0.27s           2026-06-05T14:24:05
/opt/airflow/dags/dag_retrain_pipeline.py                           1           0  0.26s           2026-06-05T14:24:05
================================================================================
[2026-06-05T14:24:46.149+0000] {manager.py:737} INFO - Searching for files in /opt/airflow/dags
[2026-06-05T14:24:46.307+0000] {manager.py:740} INFO - There are 4 files in /opt/airflow/dags
[2026-06-05T14:24:58.608+0000] {manager.py:878} INFO - 
================================================================================
DAG File Processing Stats

File Path                                  PID    Runtime      # DAGs    # Errors  Last Runtime    Last Run
-----------------------------------------  -----  ---------  --------  ----------  --------------  -------------------
/opt/airflow/dags/dag_drift_monitoring.py                           1           0  0.22s           2026-06-05T14:24:35
/opt/airflow/dags/dag_retrain_pipeline.py                           1           0  0.21s           2026-06-05T14:24:35
/opt/airflow/dags/dag_dq_checkpoint.py                              1           0  0.18s           2026-06-05T14:24:40
/opt/airflow/dags/dag_bronze_ingestion.py                           1           0  0.17s           2026-06-05T14:24:40
================================================================================
[2026-06-05T14:25:28.630+0000] {manager.py:878} INFO - 
================================================================================
DAG File Processing Stats

File Path                                  PID    Runtime      # DAGs    # Errors  Last Runtime    Last Run
-----------------------------------------  -----  ---------  --------  ----------  --------------  -------------------
/opt/airflow/dags/dag_dq_checkpoint.py                              1           0  0.25s           2026-06-05T14:25:11
/opt/airflow/dags/dag_bronze_ingestion.py                           1           0  0.24s           2026-06-05T14:25:11
/opt/airflow/dags/dag_drift_monitoring.py                           1           0  0.17s           2026-06-05T14:25:07
/opt/airflow/dags/dag_retrain_pipeline.py                           1           0  0.16s           2026-06-05T14:25:06
================================================================================
[2026-06-05T14:25:58.904+0000] {manager.py:878} INFO - 
================================================================================
DAG File Processing Stats

File Path                                  PID    Runtime      # DAGs    # Errors  Last Runtime    Last Run
-----------------------------------------  -----  ---------  --------  ----------  --------------  -------------------
/opt/airflow/dags/dag_bronze_ingestion.py                           1           0  0.22s           2026-06-05T14:25:42
/opt/airflow/dags/dag_drift_monitoring.py                           1           0  0.22s           2026-06-05T14:25:38
/opt/airflow/dags/dag_retrain_pipeline.py                           1           0  0.20s           2026-06-05T14:25:38
/opt/airflow/dags/dag_dq_checkpoint.py                              1           0  0.18s           2026-06-05T14:25:42
================================================================================
[2026-06-05T14:26:28.912+0000] {manager.py:878} INFO - 
================================================================================
DAG File Processing Stats

File Path                                  PID    Runtime      # DAGs    # Errors  Last Runtime    Last Run
-----------------------------------------  -----  ---------  --------  ----------  --------------  -------------------
/opt/airflow/dags/dag_bronze_ingestion.py                           1           0  0.36s           2026-06-05T14:26:13
/opt/airflow/dags/dag_dq_checkpoint.py                              1           0  0.36s           2026-06-05T14:26:13
/opt/airflow/dags/dag_retrain_pipeline.py                           1           0  0.23s           2026-06-05T14:26:08
/opt/airflow/dags/dag_drift_monitoring.py                           1           0  0.22s           2026-06-05T14:26:08
================================================================================
[2026-06-05T14:26:59.204+0000] {manager.py:878} INFO - 
================================================================================
DAG File Processing Stats

File Path                                  PID    Runtime      # DAGs    # Errors  Last Runtime    Last Run
-----------------------------------------  -----  ---------  --------  ----------  --------------  -------------------
/opt/airflow/dags/dag_bronze_ingestion.py                           1           0  0.32s           2026-06-05T14:26:44
/opt/airflow/dags/dag_drift_monitoring.py                           1           0  0.24s           2026-06-05T14:26:39
/opt/airflow/dags/dag_dq_checkpoint.py                              1           0  0.24s           2026-06-05T14:26:44
/opt/airflow/dags/dag_retrain_pipeline.py                           1           0  0.23s           2026-06-05T14:26:39
================================================================================
[2026-06-05T14:27:30.192+0000] {manager.py:878} INFO - 
================================================================================
DAG File Processing Stats

File Path                                  PID    Runtime      # DAGs    # Errors  Last Runtime    Last Run
-----------------------------------------  -----  ---------  --------  ----------  --------------  -------------------
/opt/airflow/dags/dag_bronze_ingestion.py                           1           0  0.23s           2026-06-05T14:27:15
/opt/airflow/dags/dag_dq_checkpoint.py                              1           0  0.21s           2026-06-05T14:27:15
/opt/airflow/dags/dag_retrain_pipeline.py                           1           0  0.18s           2026-06-05T14:27:09
/opt/airflow/dags/dag_drift_monitoring.py                           1           0  0.17s           2026-06-05T14:27:09
================================================================================
[2026-06-05T14:28:00.496+0000] {manager.py:878} INFO - 
================================================================================
DAG File Processing Stats

File Path                                  PID    Runtime      # DAGs    # Errors  Last Runtime    Last Run
-----------------------------------------  -----  ---------  --------  ----------  --------------  -------------------
/opt/airflow/dags/dag_bronze_ingestion.py                           1           0  0.23s           2026-06-05T14:27:46
/opt/airflow/dags/dag_dq_checkpoint.py                              1           0  0.23s           2026-06-05T14:27:46
/opt/airflow/dags/dag_drift_monitoring.py                           1           0  0.18s           2026-06-05T14:27:40
/opt/airflow/dags/dag_retrain_pipeline.py                           1           0  0.17s           2026-06-05T14:27:40
================================================================================
[2026-06-05T14:28:30.977+0000] {manager.py:878} INFO - 
================================================================================
DAG File Processing Stats

File Path                                  PID    Runtime      # DAGs    # Errors  Last Runtime    Last Run
-----------------------------------------  -----  ---------  --------  ----------  --------------  -------------------
/opt/airflow/dags/dag_dq_checkpoint.py                              1           0  0.28s           2026-06-05T14:28:16
/opt/airflow/dags/dag_bronze_ingestion.py                           1           0  0.25s           2026-06-05T14:28:16
/opt/airflow/dags/dag_drift_monitoring.py                           1           0  0.19s           2026-06-05T14:28:11
/opt/airflow/dags/dag_retrain_pipeline.py                           1           0  0.17s           2026-06-05T14:28:10
================================================================================
[2026-06-05T14:29:01.638+0000] {manager.py:878} INFO - 
================================================================================
DAG File Processing Stats

File Path                                  PID    Runtime      # DAGs    # Errors  Last Runtime    Last Run
-----------------------------------------  -----  ---------  --------  ----------  --------------  -------------------
/opt/airflow/dags/dag_drift_monitoring.py                           1           0  0.99s           2026-06-05T14:28:42
/opt/airflow/dags/dag_bronze_ingestion.py                           1           0  0.36s           2026-06-05T14:28:47
/opt/airflow/dags/dag_dq_checkpoint.py                              1           0  0.34s           2026-06-05T14:28:46
/opt/airflow/dags/dag_retrain_pipeline.py                           1           0  0.21s           2026-06-05T14:28:41
================================================================================
[2026-06-05T14:29:32.472+0000] {manager.py:878} INFO - 
================================================================================
DAG File Processing Stats

File Path                                  PID    Runtime      # DAGs    # Errors  Last Runtime    Last Run
-----------------------------------------  -----  ---------  --------  ----------  --------------  -------------------
/opt/airflow/dags/dag_retrain_pipeline.py                           1           0  0.20s           2026-06-05T14:29:11
/opt/airflow/dags/dag_dq_checkpoint.py                              1           0  0.19s           2026-06-05T14:29:17
/opt/airflow/dags/dag_drift_monitoring.py                           1           0  0.17s           2026-06-05T14:29:12
/opt/airflow/dags/dag_bronze_ingestion.py                           1           0  0.15s           2026-06-05T14:29:18
================================================================================
[2026-06-05T14:29:46.325+0000] {manager.py:737} INFO - Searching for files in /opt/airflow/dags
[2026-06-05T14:29:46.621+0000] {manager.py:740} INFO - There are 4 files in /opt/airflow/dags
[2026-06-05T14:30:02.686+0000] {manager.py:878} INFO - 
================================================================================
DAG File Processing Stats

File Path                                  PID    Runtime      # DAGs    # Errors  Last Runtime    Last Run
-----------------------------------------  -----  ---------  --------  ----------  --------------  -------------------
/opt/airflow/dags/dag_bronze_ingestion.py                           1           0  0.51s           2026-06-05T14:29:49
/opt/airflow/dags/dag_dq_checkpoint.py                              1           0  0.43s           2026-06-05T14:29:48
/opt/airflow/dags/dag_drift_monitoring.py                           1           0  0.37s           2026-06-05T14:29:43
/opt/airflow/dags/dag_retrain_pipeline.py                           1           0  0.29s           2026-06-05T14:29:43
================================================================================
[2026-06-05T14:30:33.260+0000] {manager.py:878} INFO - 
================================================================================
DAG File Processing Stats

File Path                                  PID    Runtime      # DAGs    # Errors  Last Runtime    Last Run
-----------------------------------------  -----  ---------  --------  ----------  --------------  -------------------
/opt/airflow/dags/dag_dq_checkpoint.py                              1           0  0.52s           2026-06-05T14:30:18
/opt/airflow/dags/dag_bronze_ingestion.py                           1           0  0.42s           2026-06-05T14:30:20
/opt/airflow/dags/dag_retrain_pipeline.py                           1           0  0.35s           2026-06-05T14:30:13
/opt/airflow/dags/dag_drift_monitoring.py                           1           0  0.31s           2026-06-05T14:30:14
================================================================================
[2026-06-05T14:31:04.242+0000] {manager.py:878} INFO - 
================================================================================
DAG File Processing Stats

File Path                                  PID    Runtime      # DAGs    # Errors  Last Runtime    Last Run
-----------------------------------------  -----  ---------  --------  ----------  --------------  -------------------
/opt/airflow/dags/dag_retrain_pipeline.py                           1           0  0.48s           2026-06-05T14:30:45
/opt/airflow/dags/dag_bronze_ingestion.py                           1           0  0.34s           2026-06-05T14:30:50
/opt/airflow/dags/dag_drift_monitoring.py                           1           0  0.32s           2026-06-05T14:30:45
/opt/airflow/dags/dag_dq_checkpoint.py                              1           0  0.27s           2026-06-05T14:30:49
================================================================================
[2026-06-05T14:31:34.652+0000] {manager.py:878} INFO - 
================================================================================
DAG File Processing Stats

File Path                                  PID    Runtime      # DAGs    # Errors  Last Runtime    Last Run
-----------------------------------------  -----  ---------  --------  ----------  --------------  -------------------
/opt/airflow/dags/dag_retrain_pipeline.py                           1           0  0.34s           2026-06-05T14:31:15
/opt/airflow/dags/dag_drift_monitoring.py                           1           0  0.32s           2026-06-05T14:31:15
/opt/airflow/dags/dag_bronze_ingestion.py                           1           0  0.26s           2026-06-05T14:31:21
/opt/airflow/dags/dag_dq_checkpoint.py                              1           0  0.17s           2026-06-05T14:31:20
================================================================================
[2026-06-05T14:32:05.094+0000] {manager.py:878} INFO - 
================================================================================
DAG File Processing Stats

File Path                                  PID    Runtime      # DAGs    # Errors  Last Runtime    Last Run
-----------------------------------------  -----  ---------  --------  ----------  --------------  -------------------
/opt/airflow/dags/dag_dq_checkpoint.py                              1           0  0.34s           2026-06-05T14:31:51
/opt/airflow/dags/dag_retrain_pipeline.py                           1           0  0.25s           2026-06-05T14:31:46
/opt/airflow/dags/dag_drift_monitoring.py                           1           0  0.25s           2026-06-05T14:31:46
/opt/airflow/dags/dag_bronze_ingestion.py                           1           0  0.24s           2026-06-05T14:31:52
================================================================================
[2026-06-05T14:32:35.397+0000] {manager.py:878} INFO - 
================================================================================
DAG File Processing Stats

File Path                                  PID    Runtime      # DAGs    # Errors  Last Runtime    Last Run
-----------------------------------------  -----  ---------  --------  ----------  --------------  -------------------
/opt/airflow/dags/dag_retrain_pipeline.py                           1           0  0.30s           2026-06-05T14:32:17
/opt/airflow/dags/dag_drift_monitoring.py                           1           0  0.29s           2026-06-05T14:32:17
/opt/airflow/dags/dag_bronze_ingestion.py                           1           0  0.23s           2026-06-05T14:32:22
/opt/airflow/dags/dag_dq_checkpoint.py                              1           0  0.18s           2026-06-05T14:32:22
================================================================================
[2026-06-05T14:33:05.977+0000] {manager.py:878} INFO - 
================================================================================
DAG File Processing Stats

File Path                                  PID    Runtime      # DAGs    # Errors  Last Runtime    Last Run
-----------------------------------------  -----  ---------  --------  ----------  --------------  -------------------
/opt/airflow/dags/dag_bronze_ingestion.py                           1           0  0.28s           2026-06-05T14:32:52
/opt/airflow/dags/dag_dq_checkpoint.py                              1           0  0.22s           2026-06-05T14:32:52
/opt/airflow/dags/dag_retrain_pipeline.py                           1           0  0.15s           2026-06-05T14:32:47
/opt/airflow/dags/dag_drift_monitoring.py                           1           0  0.14s           2026-06-05T14:32:47
================================================================================
[2026-06-05T14:33:36.538+0000] {manager.py:878} INFO - 
================================================================================
DAG File Processing Stats

File Path                                  PID    Runtime      # DAGs    # Errors  Last Runtime    Last Run
-----------------------------------------  -----  ---------  --------  ----------  --------------  -------------------
/opt/airflow/dags/dag_dq_checkpoint.py                              1           0  0.21s           2026-06-05T14:33:22
/opt/airflow/dags/dag_bronze_ingestion.py                           1           0  0.20s           2026-06-05T14:33:23
/opt/airflow/dags/dag_drift_monitoring.py                           1           0  0.16s           2026-06-05T14:33:18
/opt/airflow/dags/dag_retrain_pipeline.py                           1           0  0.15s           2026-06-05T14:33:18
================================================================================
[2026-06-05T14:34:06.796+0000] {manager.py:878} INFO - 
================================================================================
DAG File Processing Stats

File Path                                  PID    Runtime      # DAGs    # Errors  Last Runtime    Last Run
-----------------------------------------  -----  ---------  --------  ----------  --------------  -------------------
/opt/airflow/dags/dag_retrain_pipeline.py                           1           0  0.28s           2026-06-05T14:33:49
/opt/airflow/dags/dag_drift_monitoring.py                           1           0  0.21s           2026-06-05T14:33:49
/opt/airflow/dags/dag_dq_checkpoint.py                              1           0  0.20s           2026-06-05T14:33:53
/opt/airflow/dags/dag_bronze_ingestion.py                           1           0  0.18s           2026-06-05T14:33:53
================================================================================
[2026-06-05T14:34:37.158+0000] {manager.py:878} INFO - 
================================================================================
DAG File Processing Stats

File Path                                  PID    Runtime      # DAGs    # Errors  Last Runtime    Last Run
-----------------------------------------  -----  ---------  --------  ----------  --------------  -------------------
/opt/airflow/dags/dag_retrain_pipeline.py                           1           0  0.24s           2026-06-05T14:34:19
/opt/airflow/dags/dag_dq_checkpoint.py                              1           0  0.23s           2026-06-05T14:34:23
/opt/airflow/dags/dag_bronze_ingestion.py                           1           0  0.22s           2026-06-05T14:34:23
/opt/airflow/dags/dag_drift_monitoring.py                           1           0  0.21s           2026-06-05T14:34:19
================================================================================
[2026-06-05T14:34:46.429+0000] {manager.py:737} INFO - Searching for files in /opt/airflow/dags
[2026-06-05T14:34:46.759+0000] {manager.py:740} INFO - There are 4 files in /opt/airflow/dags
[2026-06-05T14:35:07.632+0000] {manager.py:878} INFO - 
================================================================================
DAG File Processing Stats

File Path                                  PID    Runtime      # DAGs    # Errors  Last Runtime    Last Run
-----------------------------------------  -----  ---------  --------  ----------  --------------  -------------------
/opt/airflow/dags/dag_drift_monitoring.py                           1           0  0.26s           2026-06-05T14:34:50
/opt/airflow/dags/dag_retrain_pipeline.py                           1           0  0.20s           2026-06-05T14:34:50
/opt/airflow/dags/dag_dq_checkpoint.py                              1           0  0.14s           2026-06-05T14:34:54
/opt/airflow/dags/dag_bronze_ingestion.py                           1           0  0.13s           2026-06-05T14:34:54
================================================================================
[2026-06-05T14:35:37.850+0000] {manager.py:878} INFO - 
================================================================================
DAG File Processing Stats

File Path                                  PID    Runtime      # DAGs    # Errors  Last Runtime    Last Run
-----------------------------------------  -----  ---------  --------  ----------  --------------  -------------------
/opt/airflow/dags/dag_dq_checkpoint.py                              1           0  0.19s           2026-06-05T14:35:25
/opt/airflow/dags/dag_retrain_pipeline.py                           1           0  0.18s           2026-06-05T14:35:21
/opt/airflow/dags/dag_bronze_ingestion.py                           1           0  0.16s           2026-06-05T14:35:25
/opt/airflow/dags/dag_drift_monitoring.py                           1           0  0.16s           2026-06-05T14:35:21
================================================================================
[2026-06-05T14:36:08.244+0000] {manager.py:878} INFO - 
================================================================================
DAG File Processing Stats

File Path                                  PID    Runtime      # DAGs    # Errors  Last Runtime    Last Run
-----------------------------------------  -----  ---------  --------  ----------  --------------  -------------------
/opt/airflow/dags/dag_retrain_pipeline.py                           1           0  0.22s           2026-06-05T14:35:51
/opt/airflow/dags/dag_dq_checkpoint.py                              1           0  0.22s           2026-06-05T14:35:55
/opt/airflow/dags/dag_drift_monitoring.py                           1           0  0.20s           2026-06-05T14:35:51
/opt/airflow/dags/dag_bronze_ingestion.py                           1           0  0.19s           2026-06-05T14:35:55
================================================================================
[2026-06-05T14:36:38.672+0000] {manager.py:878} INFO - 
================================================================================
DAG File Processing Stats

File Path                                  PID    Runtime      # DAGs    # Errors  Last Runtime    Last Run
-----------------------------------------  -----  ---------  --------  ----------  --------------  -------------------
/opt/airflow/dags/dag_dq_checkpoint.py                              1           0  0.25s           2026-06-05T14:36:27
/opt/airflow/dags/dag_bronze_ingestion.py                           1           0  0.23s           2026-06-05T14:36:27
/opt/airflow/dags/dag_drift_monitoring.py                           1           0  0.14s           2026-06-05T14:36:22
/opt/airflow/dags/dag_retrain_pipeline.py                           1           0  0.14s           2026-06-05T14:36:22
================================================================================
[2026-06-05T14:37:08.886+0000] {manager.py:878} INFO - 
================================================================================
DAG File Processing Stats

File Path                                  PID    Runtime      # DAGs    # Errors  Last Runtime    Last Run
-----------------------------------------  -----  ---------  --------  ----------  --------------  -------------------
/opt/airflow/dags/dag_bronze_ingestion.py                           1           0  0.23s           2026-06-05T14:36:57
/opt/airflow/dags/dag_drift_monitoring.py                           1           0  0.23s           2026-06-05T14:36:53
/opt/airflow/dags/dag_dq_checkpoint.py                              1           0  0.22s           2026-06-05T14:36:57
/opt/airflow/dags/dag_retrain_pipeline.py                           1           0  0.22s           2026-06-05T14:36:53
================================================================================
[2026-06-05T14:37:39.325+0000] {manager.py:878} INFO - 
================================================================================
DAG File Processing Stats

File Path                                  PID    Runtime      # DAGs    # Errors  Last Runtime    Last Run
-----------------------------------------  -----  ---------  --------  ----------  --------------  -------------------
/opt/airflow/dags/dag_retrain_pipeline.py                           1           0  0.25s           2026-06-05T14:37:23
/opt/airflow/dags/dag_drift_monitoring.py                           1           0  0.24s           2026-06-05T14:37:23
/opt/airflow/dags/dag_dq_checkpoint.py                              1           0  0.21s           2026-06-05T14:37:28
/opt/airflow/dags/dag_bronze_ingestion.py                           1           0  0.19s           2026-06-05T14:37:28
================================================================================
[2026-06-05T14:38:09.708+0000] {manager.py:878} INFO - 
================================================================================
DAG File Processing Stats

File Path                                  PID    Runtime      # DAGs    # Errors  Last Runtime    Last Run
-----------------------------------------  -----  ---------  --------  ----------  --------------  -------------------
/opt/airflow/dags/dag_dq_checkpoint.py                              1           0  0.24s           2026-06-05T14:37:58
/opt/airflow/dags/dag_drift_monitoring.py                           1           0  0.19s           2026-06-05T14:37:54
/opt/airflow/dags/dag_bronze_ingestion.py                           1           0  0.19s           2026-06-05T14:37:58
/opt/airflow/dags/dag_retrain_pipeline.py                           1           0  0.16s           2026-06-05T14:37:54
================================================================================
[2026-06-05T14:38:40.656+0000] {manager.py:878} INFO - 
================================================================================
DAG File Processing Stats

File Path                                  PID    Runtime      # DAGs    # Errors  Last Runtime    Last Run
-----------------------------------------  -----  ---------  --------  ----------  --------------  -------------------
/opt/airflow/dags/dag_drift_monitoring.py                           1           0  0.34s           2026-06-05T14:38:24
/opt/airflow/dags/dag_retrain_pipeline.py                           1           0  0.34s           2026-06-05T14:38:24
/opt/airflow/dags/dag_bronze_ingestion.py                           1           0  0.30s           2026-06-05T14:38:29
/opt/airflow/dags/dag_dq_checkpoint.py                              1           0  0.29s           2026-06-05T14:38:29
================================================================================
